run_key,experiment_name,run_timestamp,experiment_protocol,dataset,model,adapter,checkpoint,parameters_total_m,parameters_active_m,H,H_source,origin_policy,origin_horizon,origin_distance,L,L_source,available_context_min,available_context_max,effective_context_min,effective_context_max,requested_batch_size,effective_batch_size,effective_samples_per_batch,batch_recovery_events,instance_shard_index,instance_shard_count,instance_count,valid_target_count,sum_absolute_label,per_core_batch_size,num_samples,seed,torch_dtype,output_strategy,model_call_horizon,native_output_block,native_rollout_mechanism,eval_metrics/MSE[mean],eval_metrics/MSE[0.5],eval_metrics/MAE[0.5],eval_metrics/MASE[0.5],eval_metrics/MAPE[0.5],eval_metrics/sMAPE[0.5],eval_metrics/MSIS,eval_metrics/RMSE[mean],eval_metrics/NRMSE[mean],eval_metrics/ND[0.5],eval_metrics/mean_weighted_sum_quantile_loss,raw_mase,seasonal_naive_mase,rel_mase,log_rel_mase,raw_crps,seasonal_naive_crps,rel_crps,log_rel_crps,domain,num_variates
bitbrains_fast_storage/5T/short|H=48|L=128|Hsrc=controlled|Lsrc=controlled|origins=shared_origin_v1:Hmax=720,joint-scaling,release,standard_hl_shared_origin_v1,bitbrains_fast_storage/5T/short,chronos-2,chronos2,chronos-2,119.477664,119.477664,48,controlled,shared_origin_v1:Hmax=720,720,720,128,controlled,7200,7920,128,128,100,100,100,[],merged,2,1250,233280,93999895.05028507,,100,,float32,native_horizon,48,1024,direct_quantiles,2258254.029080933,2258254.029080933,200.65935999657066,0.586638996139487,0.6527830309884065,0.7222180694873114,9.563069755437589,1502.7488243485445,3.7293791185245087,0.497977316623164,0.37787167614927064,0.586638996139487,0.9937511465312888,0.5903278684881662,-0.5270771871296299,0.37787167614927064,1.078099624364623,0.3504979202380939,-1.0484005062252568,Web/CloudOps,2
bitbrains_fast_storage/5T/short|H=48|L=256|Hsrc=controlled|Lsrc=controlled|origins=shared_origin_v1:Hmax=720,joint-scaling,release,standard_hl_shared_origin_v1,bitbrains_fast_storage/5T/short,chronos-2,chronos2,chronos-2,119.477664,119.477664,48,controlled,shared_origin_v1:Hmax=720,720,720,256,controlled,7200,7920,256,256,100,100,100,[],merged,2,1250,233280,93999895.05028507,,100,,float32,native_horizon,48,1024,direct_quantiles,2291519.473251029,2291519.473251029,214.6639778377915,0.5829102104878928,0.8355865710054055,0.7358251542874978,9.171801532323263,1513.7765598829403,3.7567467038190205,0.5327326453206305,0.4163446153323327,0.5829102104878928,0.9937511465312888,0.5865756356835957,-0.5334536581060244,0.4163446153323327,1.078099624364623,0.38618380520975043,-0.9514418435548195,Web/CloudOps,2
bitbrains_fast_storage/5T/short|H=48|L=512|Hsrc=controlled|Lsrc=controlled|origins=shared_origin_v1:Hmax=720,joint-scaling,release,standard_hl_shared_origin_v1,bitbrains_fast_storage/5T/short,chronos-2,chronos2,chronos-2,119.477664,119.477664,48,controlled,shared_origin_v1:Hmax=720,720,720,512,controlled,7200,7920,512,512,100,100,100,[],merged,2,1250,233280,93999895.05028507,,100,,float32,native_horizon,48,1024,direct_quantiles,1821940.1788751716,1821940.1788751716,198.94632630315502,0.5201395244947303,1.231283872865117,0.7261430528428819,7.485898007868519,1349.7926429178563,3.34978701381989,0.493726072515006,0.37837779842824054,0.5201395244947303,0.9937511465312888,0.52341023837838,-0.6473897277889511,0.37837779842824054,1.078099624364623,0.35096737803914657,-1.0470619998948776,Web/CloudOps,2
bitbrains_fast_storage/5T/short|H=48|L=1024|Hsrc=controlled|Lsrc=controlled|origins=shared_origin_v1:Hmax=720,joint-scaling,release,standard_hl_shared_origin_v1,bitbrains_fast_storage/5T/short,chronos-2,chronos2,chronos-2,119.477664,119.477664,48,controlled,shared_origin_v1:Hmax=720,720,720,1024,controlled,7200,7920,1024,1024,100,100,100,[],merged,2,1250,233280,93999895.05028507,,100,,float32,native_horizon,48,1024,direct_quantiles,2915145.1390946503,2915145.1390946503,247.50406807270232,0.47511218108966774,1.2826566472176069,0.7436450722776813,5.4749388453917245,1707.3796118891223,4.237212346337471,0.6142320581221212,0.4376066105301109,0.47511218108966774,0.9937511465312888,0.478099756410906,-0.7379358728442355,0.4376066105301109,1.078099624364623,0.40590554030478765,-0.9016348057976029,Web/CloudOps,2
bitbrains_fast_storage/5T/short|H=48|L=2048|Hsrc=controlled|Lsrc=controlled|origins=shared_origin_v1:Hmax=720,joint-scaling,release,standard_hl_shared_origin_v1,bitbrains_fast_storage/5T/short,chronos-2,chronos2,chronos-2,119.477664,119.477664,48,controlled,shared_origin_v1:Hmax=720,720,720,2048,controlled,7200,7920,2048,2048,100,100,100,[],merged,2,1250,233280,93999895.05028507,,100,,float32,native_horizon,48,1024,direct_quantiles,3335093.75473251,3335093.75473251,256.8156935871056,0.4710189486012864,0.8950426008549066,0.7429608523567437,5.159226387827016,1826.223905968956,4.532148813108128,0.6373407647737401,0.44037296471378906,0.4710189486012864,0.9937511465312888,0.4739807850741998,-0.746588495926884,0.44037296471378906,1.078099624364623,0.40847149443477676,-0.8953331481823092,Web/CloudOps,2
bitbrains_fast_storage/5T/short|H=48|L=4096|Hsrc=controlled|Lsrc=controlled|origins=shared_origin_v1:Hmax=720,joint-scaling,release,standard_hl_shared_origin_v1,bitbrains_fast_storage/5T/short,chronos-2,chronos2,chronos-2,119.477664,119.477664,48,controlled,shared_origin_v1:Hmax=720,720,720,4096,controlled,7200,7920,4096,4096,100,100,100,[],merged,2,1250,233280,93999895.05028507,,100,,float32,native_horizon,48,1024,direct_quantiles,3310894.6875171466,3310894.6875171466,254.05962148491085,0.4729090782336016,0.7895848222627936,0.743691966366866,5.088659945269007,1819.5864056200098,4.51567649597869,0.6305010071372442,0.4352185461539489,0.4729090782336016,0.9937511465312888,0.4758828001198304,-0.7425836733030536,0.4352185461539489,1.078099624364623,0.4036904719361576,-0.9071068532443322,Web/CloudOps,2
bitbrains_fast_storage/5T/short|H=48|L=6144|Hsrc=controlled|Lsrc=controlled|origins=shared_origin_v1:Hmax=720,joint-scaling-l6144,release,standard_hl_shared_origin_v1,bitbrains_fast_storage/5T/short,chronos-2,chronos2,chronos-2,119.477664,119.477664,48,controlled,shared_origin_v1:Hmax=720,720,720,6144,controlled,7200,7920,6144,6144,100,100,100,[],merged,6,1250,233280,93999895.05028507,,100,,float32,native_horizon,48,1024,direct_quantiles,3352323.6257887515,3352323.6257887515,257.31310656721536,0.474678532051836,0.8557433861472544,0.7478231840827011,5.063041638786332,1830.9351779319636,4.54384079981665,0.6385751970030307,0.43897504907916357,0.474678532051836,0.9937511465312888,0.47766338052410034,-0.7388490194184532,0.43897504907916357,1.078099624364623,0.4071748465155742,-0.8985125874721159,Web/CloudOps,2
bitbrains_fast_storage/5T/short|H=48|L=8192|Hsrc=controlled|Lsrc=controlled|origins=shared_origin_v1:Hmax=720,joint-scaling,release,standard_hl_shared_origin_v1,bitbrains_fast_storage/5T/short,chronos-2,chronos2,chronos-2,119.477664,119.477664,48,controlled,shared_origin_v1:Hmax=720,720,720,8192,controlled,7200,7920,7200,7920,100,100,100,[],merged,2,1250,233280,93999895.05028507,,100,,float32,native_horizon,48,1024,direct_quantiles,3399056.64526749,3399056.64526749,257.82552940672156,0.4772045487850925,0.7833801281289916,0.7520153699751908,5.078474377626379,1843.6530707450058,4.575402856708728,0.6398468792739105,0.4374345585765979,0.4772045487850925,0.9937511465312888,0.48020528122235223,-0.7335415972913792,0.4374345585765979,1.078099624364623,0.4057459521279395,-0.9020280489084518,Web/CloudOps,2
bitbrains_fast_storage/5T/short|H=96|L=128|Hsrc=controlled|Lsrc=controlled|origins=shared_origin_v1:Hmax=720,joint-scaling,release,standard_hl_shared_origin_v1,bitbrains_fast_storage/5T/short,chronos-2,chronos2,chronos-2,119.477664,119.477664,96,controlled,shared_origin_v1:Hmax=720,720,720,128,controlled,7200,7920,128,128,100,100,100,[],merged,2,1250,466604,216676457.21785885,,100,,float32,native_horizon,96,1024,direct_quantiles,3699021.3216517647,3699021.3216517647,268.9673802624924,0.6193100903089659,0.9088333171888021,0.746730531939289,9.847436243790778,1923.283994019543,4.141714408054889,0.5792103909739206,0.4549517867805147,0.6193100903089659,0.892038671048877,0.6942637246665199,-0.36490338393550925,0.4549517867805147,0.9134181472559556,0.49807614195892397,-0.6970023181449625,Web/CloudOps,2
bitbrains_fast_storage/5T/short|H=96|L=256|Hsrc=controlled|Lsrc=controlled|origins=shared_origin_v1:Hmax=720,joint-scaling,release,standard_hl_shared_origin_v1,bitbrains_fast_storage/5T/short,chronos-2,chronos2,chronos-2,119.477664,119.477664,96,controlled,shared_origin_v1:Hmax=720,720,720,256,controlled,7200,7920,256,256,100,100,100,[],merged,2,1250,466604,216676457.21785885,,100,,float32,native_horizon,96,1024,direct_quantiles,3665073.8487968384,3665073.8487968384,277.5212557114813,0.6101427708095711,1.0887652878486513,0.7591153981748978,9.366009291607263,1914.4382593327052,4.1226654756474925,0.5976308162995339,0.49057406183187885,0.6101427708095711,0.892038671048877,0.6839869061866488,-0.3798165045447916,0.49057406183187885,0.9134181472559556,0.5370750113796584,-0.6216175082328131,Web/CloudOps,2
bitbrains_fast_storage/5T/short|H=96|L=512|Hsrc=controlled|Lsrc=controlled|origins=shared_origin_v1:Hmax=720,joint-scaling,release,standard_hl_shared_origin_v1,bitbrains_fast_storage/5T/short,chronos-2,chronos2,chronos-2,119.477664,119.477664,96,controlled,shared_origin_v1:Hmax=720,720,720,512,controlled,7200,7920,512,512,100,100,100,[],merged,2,1250,466604,216676457.21785885,,100,,float32,native_horizon,96,1024,direct_quantiles,2496688.1458024364,2496688.1458024364,233.79711489828634,0.5502036226636988,1.4204543160986884,0.7469703799956708,8.246212476734014,1580.0911827494122,3.402662549047987,0.5034726448859833,0.3951463699961022,0.5502036226636988,0.892038671048877,0.6167934648133117,-0.4832210520983055,0.3951463699961022,0.9134181472559556,0.432601838690397,-0.837937515147669,Web/CloudOps,2
bitbrains_fast_storage/5T/short|H=96|L=1024|Hsrc=controlled|Lsrc=controlled|origins=shared_origin_v1:Hmax=720,joint-scaling,release,standard_hl_shared_origin_v1,bitbrains_fast_storage/5T/short,chronos-2,chronos2,chronos-2,119.477664,119.477664,96,controlled,shared_origin_v1:Hmax=720,720,720,1024,controlled,7200,7920,1024,1024,100,100,100,[],merged,2,1250,466604,216676457.21785885,,100,,float32,native_horizon,96,1024,direct_quantiles,4133653.592476704,4133653.592476704,313.5628498684109,0.530893354020297,1.6251330330140956,0.766698217499475,6.263635158688735,2033.1388522372752,4.37828240866738,0.6752449337534253,0.4634205538210533,0.530893354020297,0.892038671048877,0.5951461200623308,-0.5189483236496335,0.4634205538210533,0.9134181472559556,0.5073476536603064,-0.6785588029640899,Web/CloudOps,2
bitbrains_fast_storage/5T/short|H=96|L=2048|Hsrc=controlled|Lsrc=controlled|origins=shared_origin_v1:Hmax=720,joint-scaling,release,standard_hl_shared_origin_v1,bitbrains_fast_storage/5T/short,chronos-2,chronos2,chronos-2,119.477664,119.477664,96,controlled,shared_origin_v1:Hmax=720,720,720,2048,controlled,7200,7920,2048,2048,100,100,100,[],merged,2,1250,466604,216676457.21785885,,100,,float32,native_horizon,96,1024,direct_quantiles,4452569.930613539,4452569.930613539,323.30598216046155,0.5303266859404938,1.4143668306974064,0.7672114714109823,5.909914082546299,2110.111355026919,4.544039584840642,0.6962263756616665,0.47081243932848515,0.5303266859404938,0.892038671048877,0.5945108694861009,-0.5200162796103646,0.47081243932848515,0.9134181472559556,0.5154402074700135,-0.6627339716413284,Web/CloudOps,2
bitbrains_fast_storage/5T/short|H=96|L=4096|Hsrc=controlled|Lsrc=controlled|origins=shared_origin_v1:Hmax=720,joint-scaling,release,standard_hl_shared_origin_v1,bitbrains_fast_storage/5T/short,chronos-2,chronos2,chronos-2,119.477664,119.477664,96,controlled,shared_origin_v1:Hmax=720,720,720,4096,controlled,7200,7920,4096,4096,100,100,100,[],merged,2,1250,466604,216676457.21785885,,100,,float32,native_horizon,96,1024,direct_quantiles,4373772.221618332,4373772.221618332,311.90672283135166,0.5287228452542703,1.0307372000876192,0.7679682276084216,5.8228374513744905,2091.3565505715023,4.503651870870793,0.6716785310628782,0.46551283170395347,0.5287228452542703,0.892038671048877,0.5927129197578254,-0.5230451122855032,0.46551283170395347,0.9134181472559556,0.5096382561507273,-0.6740541066024476,Web/CloudOps,2
bitbrains_fast_storage/5T/short|H=96|L=6144|Hsrc=controlled|Lsrc=controlled|origins=shared_origin_v1:Hmax=720,joint-scaling-l6144,release,standard_hl_shared_origin_v1,bitbrains_fast_storage/5T/short,chronos-2,chronos2,chronos-2,119.477664,119.477664,96,controlled,shared_origin_v1:Hmax=720,720,720,6144,controlled,7200,7920,6144,6144,100,100,100,[],merged,6,1250,466604,216676457.21785882,,100,,float32,native_horizon,96,1024,direct_quantiles,4280660.853451749,4280660.853451749,310.3758047509237,0.5298741780668259,1.1921342247976352,0.7710129082289264,5.821875521917794,2068.9757981793186,4.455455824455365,0.6683817608037921,0.4705299866282725,0.5298741780668259,0.892038671048877,0.594003595655544,-0.5208699063456517,0.4705299866282725,0.9134181472559556,0.5151309814040971,-0.6633340778320211,Web/CloudOps,2
bitbrains_fast_storage/5T/short|H=96|L=8192|Hsrc=controlled|Lsrc=controlled|origins=shared_origin_v1:Hmax=720,joint-scaling,release,standard_hl_shared_origin_v1,bitbrains_fast_storage/5T/short,chronos-2,chronos2,chronos-2,119.477664,119.477664,96,controlled,shared_origin_v1:Hmax=720,720,720,8192,controlled,7200,7920,7200,7920,100,100,100,[],merged,2,1250,466604,216676457.21785885,,100,,float32,native_horizon,96,1024,direct_quantiles,4328419.830365792,4328419.830365792,310.18332783259467,0.5312774958419638,1.1177232513946276,0.7747986481845419,5.826165035153833,2080.4854794892926,4.480241458330481,0.6679672695334751,0.4702349567099612,0.5312774958419638,0.892038671048877,0.5955767536594316,-0.5182250090558189,0.4702349567099612,0.9134181472559556,0.5148079859400836,-0.6639612906763611,Web/CloudOps,2
bitbrains_fast_storage/5T/short|H=192|L=128|Hsrc=controlled|Lsrc=controlled|origins=shared_origin_v1:Hmax=720,joint-scaling,release,standard_hl_shared_origin_v1,bitbrains_fast_storage/5T/short,chronos-2,chronos2,chronos-2,119.477664,119.477664,192,controlled,shared_origin_v1:Hmax=720,720,720,128,controlled,7200,7920,128,128,100,100,100,[],merged,2,1250,926464,387266142.77553153,,100,,float32,native_horizon,192,1024,direct_quantiles,4215524.111633047,4215524.111633047,301.3487852739016,0.8617194814814941,2.093469613925582,0.7948426844567085,18.40324689319221,2053.174155212618,4.911846739045964,0.7209223068122026,0.6063107755380357,0.8617194814814941,1.036139598574382,0.83166349656661,-0.18432737121544754,0.6063107755380357,1.049700674173019,0.5776034925534393,-0.5488676447572598,Web/CloudOps,2
bitbrains_fast_storage/5T/short|H=192|L=256|Hsrc=controlled|Lsrc=controlled|origins=shared_origin_v1:Hmax=720,joint-scaling,release,standard_hl_shared_origin_v1,bitbrains_fast_storage/5T/short,chronos-2,chronos2,chronos-2,119.477664,119.477664,192,controlled,shared_origin_v1:Hmax=720,720,720,256,controlled,7200,7920,256,256,100,100,100,[],merged,2,1250,926464,387266142.77553153,,100,,float32,native_horizon,192,1024,direct_quantiles,4466118.861563968,4466118.861563968,324.28920281845814,0.8497140721660061,2.8529608640553046,0.8044696016251036,17.180308456169346,2113.3193941200575,5.055733313327361,0.77580309460242,0.6659593678117746,0.8497140721660061,1.036139598574382,0.8200768249134792,-0.19835725419349381,0.6659593678117746,1.049700674173019,0.6344278747238439,-0.4550316709069718,Web/CloudOps,2
bitbrains_fast_storage/5T/short|H=192|L=512|Hsrc=controlled|Lsrc=controlled|origins=shared_origin_v1:Hmax=720,joint-scaling,release,standard_hl_shared_origin_v1,bitbrains_fast_storage/5T/short,chronos-2,chronos2,chronos-2,119.477664,119.477664,192,controlled,shared_origin_v1:Hmax=720,720,720,512,controlled,7200,7920,512,512,100,100,100,[],merged,2,1250,926464,387266142.77553153,,100,,float32,native_horizon,192,1024,direct_quantiles,3782349.6877590492,3782349.6877590492,287.01487699468083,0.7673894489767628,2.3970670762123745,0.7883356900200655,16.100667682938276,1944.8263901333326,4.652644364402544,0.686631031296033,0.5745271368130243,0.7673894489767628,1.036139598574382,0.7406236090509514,-0.3002627327350694,0.5745271368130243,1.049700674173019,0.5473247288000948,-0.6027129985895319,Web/CloudOps,2
bitbrains_fast_storage/5T/short|H=192|L=1024|Hsrc=controlled|Lsrc=controlled|origins=shared_origin_v1:Hmax=720,joint-scaling,release,standard_hl_shared_origin_v1,bitbrains_fast_storage/5T/short,chronos-2,chronos2,chronos-2,119.477664,119.477664,192,controlled,shared_origin_v1:Hmax=720,720,720,1024,controlled,7200,7920,1024,1024,100,100,100,[],merged,2,1250,926464,387266142.77553153,,100,,float32,native_horizon,192,1024,direct_quantiles,3833987.8905775077,3833987.8905775077,306.33693915791656,0.7477686179578734,2.2668300002714354,0.7961230271427169,12.972923089998863,1958.0571724486258,4.684296611147132,0.7328555601735186,0.5422566987085528,0.7477686179578734,1.036139598574382,0.7216871346165359,-0.326163565560606,0.5422566987085528,1.049700674173019,0.5165822143876934,-0.6605208271211656,Web/CloudOps,2
bitbrains_fast_storage/5T/short|H=192|L=2048|Hsrc=controlled|Lsrc=controlled|origins=shared_origin_v1:Hmax=720,joint-scaling,release,standard_hl_shared_origin_v1,bitbrains_fast_storage/5T/short,chronos-2,chronos2,chronos-2,119.477664,119.477664,192,controlled,shared_origin_v1:Hmax=720,720,720,2048,controlled,7200,7920,2048,2048,100,100,100,[],merged,2,1250,926464,387266142.77553153,,100,,float32,native_horizon,192,1024,direct_quantiles,4037317.9950262504,4037317.9950262504,324.76989823673665,0.753601338704765,2.0036917500210913,0.7976260832180203,12.308621510021124,2009.3078397861912,4.806904536342781,0.7769530711968319,0.5650130451044882,0.753601338704765,1.036139598574382,0.7273164154151046,-0.3183936617269678,0.5650130451044882,1.049700674173019,0.538261105290439,-0.619411510734177,Web/CloudOps,2
bitbrains_fast_storage/5T/short|H=192|L=4096|Hsrc=controlled|Lsrc=controlled|origins=shared_origin_v1:Hmax=720,joint-scaling,release,standard_hl_shared_origin_v1,bitbrains_fast_storage/5T/short,chronos-2,chronos2,chronos-2,119.477664,119.477664,192,controlled,shared_origin_v1:Hmax=720,720,720,4096,controlled,7200,7920,4096,4096,100,100,100,[],merged,2,1250,926464,387266142.77553153,,100,,float32,native_horizon,192,1024,direct_quantiles,3839942.5078751035,3839942.5078751035,301.3873814848715,0.7419744204065257,1.6000340797918993,0.7996721860617358,12.308667728293976,1959.5771247580697,4.687932821341817,0.7210146412459429,0.5506968003087835,0.7419744204065257,1.036139598574382,0.7160950333597941,-0.33394239267295683,0.5506968003087835,1.049700674173019,0.52462269850654,-0.6450759442685933,Web/CloudOps,2
bitbrains_fast_storage/5T/short|H=192|L=6144|Hsrc=controlled|Lsrc=controlled|origins=shared_origin_v1:Hmax=720,joint-scaling-l6144,release,standard_hl_shared_origin_v1,bitbrains_fast_storage/5T/short,chronos-2,chronos2,chronos-2,119.477664,119.477664,192,controlled,shared_origin_v1:Hmax=720,720,720,6144,controlled,7200,7920,6144,6144,100,100,100,[],merged,6,1250,926464,387266142.77553177,,100,,float32,native_horizon,192,1024,direct_quantiles,3952791.4318872616,3952791.4318872616,308.7594520672147,0.7440503122764673,1.8756988145888867,0.8033089765562936,12.33846292416627,1988.162828313431,4.756318931908842,0.7386509828869902,0.5631171451645546,0.7440503122764673,1.036139598574382,0.7180985200258745,-0.3311485048262476,0.5631171451645546,1.049700674173019,0.5364549714214413,-0.6227726506826688,Web/CloudOps,2
bitbrains_fast_storage/5T/short|H=192|L=8192|Hsrc=controlled|Lsrc=controlled|origins=shared_origin_v1:Hmax=720,joint-scaling,release,standard_hl_shared_origin_v1,bitbrains_fast_storage/5T/short,chronos-2,chronos2,chronos-2,119.477664,119.477664,192,controlled,shared_origin_v1:Hmax=720,720,720,8192,controlled,7200,7920,7200,7920,100,100,100,[],merged,2,1250,926464,387266142.77553153,,100,,float32,native_horizon,192,1024,direct_quantiles,3999109.3937551808,3999109.3937551808,309.5459553744128,0.7454890745298294,1.7862842447146532,0.8061620328069952,12.331876462903306,1999.7773360439858,4.784104534887099,0.7405325493848457,0.5664483548727514,0.7454890745298294,1.036139598574382,0.7194870995718561,-0.329216682527954,0.5664483548727514,1.049700674173019,0.5396284567684153,-0.6168744192554998,Web/CloudOps,2
bitbrains_fast_storage/5T/short|H=336|L=128|Hsrc=controlled|Lsrc=controlled|origins=shared_origin_v1:Hmax=720,joint-scaling,release,standard_hl_shared_origin_v1,bitbrains_fast_storage/5T/short,chronos-2,chronos2,chronos-2,119.477664,119.477664,336,controlled,shared_origin_v1:Hmax=720,720,720,128,controlled,7200,7920,128,128,100,100,100,[],merged,2,1250,1626788,602772443.3393704,,100,,float32,native_horizon,336,1024,direct_quantiles,4227619.500355301,4227619.500355301,311.7456878216461,0.8370106179645171,3.1008015464878187,0.8172847545285556,17.490526326363298,2056.11757940914,5.549137890646111,0.8413525694545891,0.7212786131124479,0.8370106179645171,1.028563515064899,0.8137665838863675,-0.20608170608315723,0.7212786131124479,1.1477310845581272,0.6284386846507148,-0.4645168139437017,Web/CloudOps,2
bitbrains_fast_storage/5T/short|H=336|L=256|Hsrc=controlled|Lsrc=controlled|origins=shared_origin_v1:Hmax=720,joint-scaling,release,standard_hl_shared_origin_v1,bitbrains_fast_storage/5T/short,chronos-2,chronos2,chronos-2,119.477664,119.477664,336,controlled,shared_origin_v1:Hmax=720,720,720,256,controlled,7200,7920,256,256,100,100,100,[],merged,2,1250,1626788,602772443.3393704,,100,,float32,native_horizon,336,1024,direct_quantiles,4523883.885251183,4523883.885251183,331.2108424699469,0.8216016467858934,3.6952664667846986,0.8240058688501514,16.72535291382606,2126.942379391408,5.740282884062283,0.8938859597080844,0.7803283374673845,0.8216016467858934,1.028563515064899,0.7987855244253468,-0.2246627992554687,0.7803283374673845,1.1477310845581272,0.6798877785625266,-0.3858275259568815,Web/CloudOps,2
bitbrains_fast_storage/5T/short|H=336|L=512|Hsrc=controlled|Lsrc=controlled|origins=shared_origin_v1:Hmax=720,joint-scaling,release,standard_hl_shared_origin_v1,bitbrains_fast_storage/5T/short,chronos-2,chronos2,chronos-2,119.477664,119.477664,336,controlled,shared_origin_v1:Hmax=720,720,720,512,controlled,7200,7920,512,512,100,100,100,[],merged,2,1250,1626788,602772443.3393704,,100,,float32,native_horizon,336,1024,direct_quantiles,4241227.364765415,4241227.364765415,312.14023339242726,0.7431669294814671,3.6260906213648583,0.8112650175145747,16.35024094511621,2059.4240371437386,5.558061499919542,0.8424173858825666,0.7093469518055276,0.7431669294814671,1.028563515064899,0.7225289625741543,-0.32499777319117035,0.7093469518055276,1.1477310845581272,0.6180428162565833,-0.4811975419557496,Web/CloudOps,2
bitbrains_fast_storage/5T/short|H=336|L=1024|Hsrc=controlled|Lsrc=controlled|origins=shared_origin_v1:Hmax=720,joint-scaling,release,standard_hl_shared_origin_v1,bitbrains_fast_storage/5T/short,chronos-2,chronos2,chronos-2,119.477664,119.477664,336,controlled,shared_origin_v1:Hmax=720,720,720,1024,controlled,7200,7920,1024,1024,100,100,100,[],merged,2,1250,1626788,602772443.3393704,,100,,float32,native_horizon,336,1024,direct_quantiles,3548413.5948285824,3548413.5948285824,308.5033390951986,0.7182530892186747,3.309600379918863,0.8137108551867238,11.500438472916699,1883.723332877889,5.083872939295003,0.8326019803089099,0.6445898934098405,0.7182530892186747,1.028563515064899,0.6983069870734772,-0.3590964633467855,0.6445898934098405,1.1477310845581272,0.5616210121711617,-0.5769280121357636,Web/CloudOps,2
bitbrains_fast_storage/5T/short|H=336|L=2048|Hsrc=controlled|Lsrc=controlled|origins=shared_origin_v1:Hmax=720,joint-scaling,release,standard_hl_shared_origin_v1,bitbrains_fast_storage/5T/short,chronos-2,chronos2,chronos-2,119.477664,119.477664,336,controlled,shared_origin_v1:Hmax=720,720,720,2048,controlled,7200,7920,2048,2048,100,100,100,[],merged,2,1250,1626788,602772443.3393704,,100,,float32,native_horizon,336,1024,direct_quantiles,3763158.6393605066,3763158.6393605066,332.0372132078673,0.7230899031762342,3.0034385467889932,0.8152591227698385,10.69761782893586,1939.8862439226962,5.235447800990064,0.8961162043300057,0.6801159242840097,0.7230899031762342,1.028563515064899,0.7030094812672891,-0.3523849003957205,0.6801159242840097,1.1477310845581272,0.5925742828041048,-0.5232790420099668,Web/CloudOps,2
bitbrains_fast_storage/5T/short|H=336|L=4096|Hsrc=controlled|Lsrc=controlled|origins=shared_origin_v1:Hmax=720,joint-scaling,release,standard_hl_shared_origin_v1,bitbrains_fast_storage/5T/short,chronos-2,chronos2,chronos-2,119.477664,119.477664,336,controlled,shared_origin_v1:Hmax=720,720,720,4096,controlled,7200,7920,4096,4096,100,100,100,[],merged,2,1250,1626788,602772443.3393704,,100,,float32,native_horizon,336,1024,direct_quantiles,3297312.782341645,3297312.782341645,294.4563790733642,0.7078691769394404,2.549572558560236,0.8177443388904101,10.70794749982682,1815.8504295072448,4.9006946504587985,0.794691444994119,0.6477931217213388,0.7078691769394404,1.028563515064899,0.6882114391300144,-0.37365916394635673,0.6477931217213388,1.1477310845581272,0.5644119345000899,-0.5719709137626713,Web/CloudOps,2
bitbrains_fast_storage/5T/short|H=336|L=6144|Hsrc=controlled|Lsrc=controlled|origins=shared_origin_v1:Hmax=720,joint-scaling-l6144,release,standard_hl_shared_origin_v1,bitbrains_fast_storage/5T/short,chronos-2,chronos2,chronos-2,119.477664,119.477664,336,controlled,shared_origin_v1:Hmax=720,720,720,6144,controlled,7200,7920,6144,6144,100,100,100,[],merged,6,1250,1626788,602772443.3393705,,100,,float32,native_horizon,336,1024,direct_quantiles,3541855.89779123,3541855.89779123,305.69620257833225,0.7093918045740089,2.7328151541419556,0.8224129964998512,10.750934562157742,1881.9819068713784,5.0791731044542034,0.8250259604518956,0.6600556173645882,0.7093918045740089,1.028563515064899,0.6896917829418133,-0.3715104725758266,0.6600556173645882,1.1477310845581272,0.5750960536358632,-0.5532182023345498,Web/CloudOps,2
bitbrains_fast_storage/5T/short|H=336|L=8192|Hsrc=controlled|Lsrc=controlled|origins=shared_origin_v1:Hmax=720,joint-scaling,release,standard_hl_shared_origin_v1,bitbrains_fast_storage/5T/short,chronos-2,chronos2,chronos-2,119.477664,119.477664,336,controlled,shared_origin_v1:Hmax=720,720,720,8192,controlled,7200,7920,7200,7920,100,100,100,[],merged,2,1250,1626788,602772443.3393704,,100,,float32,native_horizon,336,1024,direct_quantiles,3601016.4625163204,3601016.4625163204,307.67594425333846,0.7112886029372754,2.681008103138059,0.8248580946011405,10.792917911412662,1897.634438588297,5.121416825195045,0.830368971791561,0.6657984761814043,0.7112886029372754,1.028563515064899,0.6915359066497662,-0.3688402034846145,0.6657984761814043,1.1477310845581272,0.5800997159868111,-0.5445552661037375,Web/CloudOps,2
bitbrains_fast_storage/5T/short|H=720|L=128|Hsrc=controlled|Lsrc=controlled|origins=shared_origin_v1:Hmax=720,joint-scaling,release,standard_hl_shared_origin_v1,bitbrains_fast_storage/5T/short,chronos-2,chronos2,chronos-2,119.477664,119.477664,720,controlled,shared_origin_v1:Hmax=720,720,720,128,controlled,7200,7920,128,128,100,100,100,[],merged,2,1250,3493116,1321797441.1704721,,100,,float32,native_horizon,720,1024,direct_quantiles,4345234.474627239,4345234.474627239,317.6352242525012,0.9867095286345279,3.232229524359671,0.830812996726991,25.749411119615008,2084.522601131309,5.508770877877877,0.8394150642457653,0.7379995392071977,0.9867095286345279,1.1366422321001453,0.868091560183726,-0.14145808580220787,0.7379995392071977,1.1773076884933498,0.6268535799266264,-0.46704229045830353,Web/CloudOps,2
bitbrains_fast_storage/5T/short|H=720|L=256|Hsrc=controlled|Lsrc=controlled|origins=shared_origin_v1:Hmax=720,joint-scaling,release,standard_hl_shared_origin_v1,bitbrains_fast_storage/5T/short,chronos-2,chronos2,chronos-2,119.477664,119.477664,720,controlled,shared_origin_v1:Hmax=720,720,720,256,controlled,7200,7920,256,256,100,100,100,[],merged,2,1250,3493116,1321797441.1704721,,100,,float32,native_horizon,720,1024,direct_quantiles,4670554.881745696,4670554.881745696,333.4921977970385,0.9716981585604887,3.9463930512280143,0.8361578977766556,25.801644621002094,2161.1466590089844,5.711265385902057,0.8813203110519258,0.7689224818418322,0.9716981585604887,1.1366422321001453,0.8548847923458787,-0.1567885649187009,0.7689224818418322,1.1773076884933498,0.6531193921156284,-0.4259953301002677,Web/CloudOps,2
bitbrains_fast_storage/5T/short|H=720|L=512|Hsrc=controlled|Lsrc=controlled|origins=shared_origin_v1:Hmax=720,joint-scaling,release,standard_hl_shared_origin_v1,bitbrains_fast_storage/5T/short,chronos-2,chronos2,chronos-2,119.477664,119.477664,720,controlled,shared_origin_v1:Hmax=720,720,720,512,controlled,7200,7920,512,512,100,100,100,[],merged,2,1250,3493116,1321797441.1704721,,100,,float32,native_horizon,720,1024,direct_quantiles,4353082.66126175,4353082.66126175,321.0719861579175,0.8972777013403848,3.961322384473691,0.8269035038056132,26.45181526576669,2086.4042420541973,5.513743493052693,0.8484973998791051,0.7133727520426629,0.8972777013403848,1.1366422321001453,0.789410841864029,-0.23646838153806612,0.7133727520426629,1.1773076884933498,0.6059356946488611,-0.5009814129841814,Web/CloudOps,2
bitbrains_fast_storage/5T/short|H=720|L=1024|Hsrc=controlled|Lsrc=controlled|origins=shared_origin_v1:Hmax=720,joint-scaling,release,standard_hl_shared_origin_v1,bitbrains_fast_storage/5T/short,chronos-2,chronos2,chronos-2,119.477664,119.477664,720,controlled,shared_origin_v1:Hmax=720,720,720,1024,controlled,7200,7920,1024,1024,100,100,100,[],merged,2,1250,3493116,1321797441.1704721,,100,,float32,native_horizon,720,1024,direct_quantiles,3842640.6467761165,3842640.6467761165,333.31272479929095,0.8820805625305903,3.9624972550353186,0.8287030252860197,16.729382188415492,1960.2654531404967,5.180396334062207,0.8808460175024959,0.6744902552314874,0.8820805625305903,1.1366422321001453,0.7760406376074838,-0.25355039211919567,0.6744902552314874,1.1773076884933498,0.572909071964578,-0.5570282625305117,Web/CloudOps,2
bitbrains_fast_storage/5T/short|H=720|L=2048|Hsrc=controlled|Lsrc=controlled|origins=shared_origin_v1:Hmax=720,joint-scaling,release,standard_hl_shared_origin_v1,bitbrains_fast_storage/5T/short,chronos-2,chronos2,chronos-2,119.477664,119.477664,720,controlled,shared_origin_v1:Hmax=720,720,720,2048,controlled,7200,7920,2048,2048,100,100,100,[],merged,2,1250,3493116,1321797441.1704721,,100,,float32,native_horizon,720,1024,direct_quantiles,4440087.33927187,4440087.33927187,376.04106934897095,0.8836697470033024,4.022728216962842,0.8282203616189495,15.604983042487001,2107.1514751606896,5.568572235840878,0.9937642751349455,0.7208477216752723,0.8836697470033024,1.1366422321001453,0.7774387771696358,-0.25175038121933463,0.7208477216752723,1.1773076884933498,0.6122849011525369,-0.49055758003379774,Web/CloudOps,2
bitbrains_fast_storage/5T/short|H=720|L=4096|Hsrc=controlled|Lsrc=controlled|origins=shared_origin_v1:Hmax=720,joint-scaling,release,standard_hl_shared_origin_v1,bitbrains_fast_storage/5T/short,chronos-2,chronos2,chronos-2,119.477664,119.477664,720,controlled,shared_origin_v1:Hmax=720,720,720,4096,controlled,7200,7920,4096,4096,100,100,100,[],merged,2,1250,3493116,1321797441.1704721,,100,,float32,native_horizon,720,1024,direct_quantiles,4159474.4331101514,4159474.4331101514,361.04088842168426,0.8696046219827218,4.1083519957783095,0.8288679613629356,15.279470507664627,2039.4789611835056,5.38973398576483,0.9541232754114165,0.7029369257025817,0.8696046219827218,1.1366422321001453,0.7650645008816672,-0.2677951338319044,0.7029369257025817,1.1773076884933498,0.597071549411318,-0.5157183245105997,Web/CloudOps,2
bitbrains_fast_storage/5T/short|H=720|L=6144|Hsrc=controlled|Lsrc=controlled|origins=shared_origin_v1:Hmax=720,joint-scaling-l6144,release,standard_hl_shared_origin_v1,bitbrains_fast_storage/5T/short,chronos-2,chronos2,chronos-2,119.477664,119.477664,720,controlled,shared_origin_v1:Hmax=720,720,720,6144,controlled,7200,7920,6144,6144,100,100,100,[],merged,6,1250,3493116,1321797441.1704721,,100,,float32,native_horizon,720,1024,direct_quantiles,4220677.471021289,4220677.471021289,361.94851817116864,0.8686859216318312,3.9901668019555756,0.8335559405741785,15.282333026149617,2054.428745666612,5.429241802732798,0.9565218698565627,0.7056457020762678,0.8686859216318312,1.1366422321001453,0.7642562427288858,-0.26885214980636585,0.7056457020762678,1.1773076884933498,0.5993723722124946,-0.5118722175667756,Web/CloudOps,2
bitbrains_fast_storage/5T/short|H=720|L=8192|Hsrc=controlled|Lsrc=controlled|origins=shared_origin_v1:Hmax=720,joint-scaling,release,standard_hl_shared_origin_v1,bitbrains_fast_storage/5T/short,chronos-2,chronos2,chronos-2,119.477664,119.477664,720,controlled,shared_origin_v1:Hmax=720,720,720,8192,controlled,7200,7920,7200,7920,100,100,100,[],merged,2,1250,3493116,1321797441.1704721,,100,,float32,native_horizon,720,1024,direct_quantiles,4116597.6578848227,4116597.6578848227,356.95139583111467,0.8690388224282319,3.8052637947780217,0.835999159398863,15.347883514599712,2028.940033092359,5.361882745331625,0.9433159674570674,0.7034500869359591,0.8690388224282319,1.1366422321001453,0.7645667193119604,-0.2684459855936981,0.7034500869359591,1.1773076884933498,0.5975074263179185,-0.5149885662697464,Web/CloudOps,2
bitbrains_rnd/5T/short|H=48|L=128|Hsrc=controlled|Lsrc=controlled|origins=shared_origin_v1:Hmax=720,joint-scaling,release,standard_hl_shared_origin_v1,bitbrains_rnd/5T/short,chronos-2,chronos2,chronos-2,119.477664,119.477664,48,controlled,shared_origin_v1:Hmax=720,720,720,128,controlled,7200,7920,128,128,100,100,100,[],merged,2,500,92736,41168952.07374331,,100,,float32,native_horizon,48,1024,direct_quantiles,3153412.4389233952,3153412.4389233952,186.9832966701173,0.5842827426476072,0.34148318854009546,0.5967959449404762,11.799800910916405,1775.7850204693684,4.000082376720885,0.42119320814724204,0.390303470261758,0.5842827426476072,0.7074620825156427,0.8258855945607347,-0.19129902042832728,0.390303470261758,0.8671435291452065,0.4501024999246695,-0.7982799445447762,Web/CloudOps,2
bitbrains_rnd/5T/short|H=48|L=256|Hsrc=controlled|Lsrc=controlled|origins=shared_origin_v1:Hmax=720,joint-scaling,release,standard_hl_shared_origin_v1,bitbrains_rnd/5T/short,chronos-2,chronos2,chronos-2,119.477664,119.477664,48,controlled,shared_origin_v1:Hmax=720,720,720,256,controlled,7200,7920,256,256,100,100,100,[],merged,2,500,92736,41168952.07374331,,100,,float32,native_horizon,48,1024,direct_quantiles,3028651.7046238785,3028651.7046238785,182.7364669599724,0.5430627060572567,0.40181381932501237,0.6004132256991621,9.25112977739744,1740.3021877317394,3.9201547659606537,0.4116269214150816,0.3771842719915562,0.5430627060572567,0.7074620825156427,0.7676209361301692,-0.264459240428764,0.3771842719915562,0.8671435291452065,0.4349732879438869,-0.832470656804489,Web/CloudOps,2
bitbrains_rnd/5T/short|H=48|L=512|Hsrc=controlled|Lsrc=controlled|origins=shared_origin_v1:Hmax=720,joint-scaling,release,standard_hl_shared_origin_v1,bitbrains_rnd/5T/short,chronos-2,chronos2,chronos-2,119.477664,119.477664,48,controlled,shared_origin_v1:Hmax=720,720,720,512,controlled,7200,7920,512,512,100,100,100,[],merged,2,500,92736,41168952.07374331,,100,,float32,native_horizon,48,1024,direct_quantiles,3027229.924085576,3027229.924085576,176.61408056202552,0.4880083950945453,0.32174868740672247,0.5925097626764417,7.165200672780592,1739.8936530965266,3.9192345125652497,0.39783580951155295,0.3617056509674544,0.4880083950945453,0.7074620825156427,0.6898014849916072,-0.3713514256959683,0.3617056509674544,0.8671435291452065,0.417123162210538,-0.8743737477685803,Web/CloudOps,2
bitbrains_rnd/5T/short|H=48|L=1024|Hsrc=controlled|Lsrc=controlled|origins=shared_origin_v1:Hmax=720,joint-scaling,release,standard_hl_shared_origin_v1,bitbrains_rnd/5T/short,chronos-2,chronos2,chronos-2,119.477664,119.477664,48,controlled,shared_origin_v1:Hmax=720,720,720,1024,controlled,7200,7920,1024,1024,100,100,100,[],merged,2,500,92736,41168952.07374331,,100,,float32,native_horizon,48,1024,direct_quantiles,3020362.9758454105,3020362.9758454105,173.91401127933057,0.4100568826232682,0.32320171400233294,0.5882665240575397,5.151944057168855,1737.919151124531,3.914786806086178,0.3917537109302851,0.3503975871901009,0.4100568826232682,0.7074620825156427,0.5796167635799782,-0.5453881462830924,0.3503975871901009,0.8671435291452065,0.40408257158478483,-0.9061360367939247,Web/CloudOps,2
bitbrains_rnd/5T/short|H=48|L=2048|Hsrc=controlled|Lsrc=controlled|origins=shared_origin_v1:Hmax=720,joint-scaling,release,standard_hl_shared_origin_v1,bitbrains_rnd/5T/short,chronos-2,chronos2,chronos-2,119.477664,119.477664,48,controlled,shared_origin_v1:Hmax=720,720,720,2048,controlled,7200,7920,2048,2048,100,100,100,[],merged,2,500,92736,41168952.07374331,,100,,float32,native_horizon,48,1024,direct_quantiles,3037090.8046928914,3037090.8046928914,174.14048481711527,0.41141932263719067,0.3021907915140399,0.5871165968616556,4.966859033404481,1742.7251087572279,3.925612568331169,0.39226385872230035,0.35193291008621225,0.41141932263719067,0.7074620825156427,0.5815425770583171,-0.5420710903430039,0.35193291008621225,0.8671435291452065,0.40585312379962385,-0.9017639488731363,Web/CloudOps,2
bitbrains_rnd/5T/short|H=48|L=4096|Hsrc=controlled|Lsrc=controlled|origins=shared_origin_v1:Hmax=720,joint-scaling,release,standard_hl_shared_origin_v1,bitbrains_rnd/5T/short,chronos-2,chronos2,chronos-2,119.477664,119.477664,48,controlled,shared_origin_v1:Hmax=720,720,720,4096,controlled,7200,7920,4096,4096,100,100,100,[],merged,2,500,92736,41168952.07374331,,100,,float32,native_horizon,48,1024,direct_quantiles,3032091.5169082126,3032091.5169082126,175.74246921368186,0.41816513754217133,0.3220663920886869,0.593038839336261,4.9896269288841815,1741.2901874495856,3.9223803057720645,0.39587244280124145,0.3582154414534816,0.41816513754217133,0.7074620825156427,0.5910778087996331,-0.5258076140666004,0.3582154414534816,0.8671435291452065,0.41309821201871305,-0.8840699127933043,Web/CloudOps,2
bitbrains_rnd/5T/short|H=48|L=6144|Hsrc=controlled|Lsrc=controlled|origins=shared_origin_v1:Hmax=720,joint-scaling-l6144,release,standard_hl_shared_origin_v1,bitbrains_rnd/5T/short,chronos-2,chronos2,chronos-2,119.477664,119.477664,48,controlled,shared_origin_v1:Hmax=720,720,720,6144,controlled,7200,7920,6144,6144,100,100,100,[],merged,6,500,92736,41168952.07374331,,100,,float32,native_horizon,48,1024,direct_quantiles,3026572.9634230505,3026572.9634230505,175.7820324631211,0.4197065494285605,0.3217217018085194,0.5940151491026947,4.968948941539815,1739.7048495141498,3.918809219033757,0.3959615618415665,0.35696469445488205,0.4197065494285605,0.7074620825156427,0.5932565996132809,-0.5221282592219785,0.35696469445488205,0.8671435291452065,0.4116558360376197,-0.8875676281546199,Web/CloudOps,2
bitbrains_rnd/5T/short|H=48|L=8192|Hsrc=controlled|Lsrc=controlled|origins=shared_origin_v1:Hmax=720,joint-scaling,release,standard_hl_shared_origin_v1,bitbrains_rnd/5T/short,chronos-2,chronos2,chronos-2,119.477664,119.477664,48,controlled,shared_origin_v1:Hmax=720,720,720,8192,controlled,7200,7920,7200,7920,100,100,100,[],merged,2,500,92736,41168952.07374331,,100,,float32,native_horizon,48,1024,direct_quantiles,3032582.271911663,3032582.271911663,176.106590213078,0.42072136398095616,0.3249370662862191,0.5966253392526905,5.184592916693915,1741.431098812601,3.9226977186646055,0.39669265131516024,0.3594631708004424,0.42072136398095616,0.7074620825156427,0.5946910433488195,-0.5197132631719403,0.3594631708004424,0.8671435291452065,0.41453710800885063,-0.8805927836639474,Web/CloudOps,2
bitbrains_rnd/5T/short|H=96|L=128|Hsrc=controlled|Lsrc=controlled|origins=shared_origin_v1:Hmax=720,joint-scaling,release,standard_hl_shared_origin_v1,bitbrains_rnd/5T/short,chronos-2,chronos2,chronos-2,119.477664,119.477664,96,controlled,shared_origin_v1:Hmax=720,720,720,128,controlled,7200,7920,128,128,100,100,100,[],merged,2,500,185472,78410919.91535383,,100,,float32,native_horizon,96,1024,direct_quantiles,2801278.939958592,2801278.939958592,176.2723106452726,0.7816267956234967,0.5544850666387803,0.609188377322453,14.033119995125315,1673.7021658462988,3.9589497029107,0.41695184848351957,0.39523160539874685,0.7816267956234967,0.7043199277369718,1.1097610117818435,0.10414468744181629,0.39523160539874685,0.8704516141640497,0.4540535039139574,-0.7895402378538152,Web/CloudOps,2
bitbrains_rnd/5T/short|H=96|L=256|Hsrc=controlled|Lsrc=controlled|origins=shared_origin_v1:Hmax=720,joint-scaling,release,standard_hl_shared_origin_v1,bitbrains_rnd/5T/short,chronos-2,chronos2,chronos-2,119.477664,119.477664,96,controlled,shared_origin_v1:Hmax=720,720,720,256,controlled,7200,7920,256,256,100,100,100,[],merged,2,500,185472,78410919.91535383,,100,,float32,native_horizon,96,1024,direct_quantiles,2769889.3913043477,2769889.3913043477,173.2050147731194,0.5984084073748006,0.5229455951252326,0.6116334271480331,10.975534504418604,1664.2984682154663,3.9367063392456827,0.4096965133769536,0.3891147053368613,0.5984084073748006,0.7043199277369718,0.8496258359429468,-0.16295921941945649,0.3891147053368613,0.8704516141640497,0.44702623213646747,-0.805138001221403,Web/CloudOps,2
bitbrains_rnd/5T/short|H=96|L=512|Hsrc=controlled|Lsrc=controlled|origins=shared_origin_v1:Hmax=720,joint-scaling,release,standard_hl_shared_origin_v1,bitbrains_rnd/5T/short,chronos-2,chronos2,chronos-2,119.477664,119.477664,96,controlled,shared_origin_v1:Hmax=720,720,720,512,controlled,7200,7920,512,512,100,100,100,[],merged,2,500,185472,78410919.91535383,,100,,float32,native_horizon,96,1024,direct_quantiles,2695517.9903381644,2695517.9903381644,164.78733447636301,0.5088592855312378,0.5011074856987461,0.5991433974872218,7.822644184725215,1641.8032739455007,3.8834965481076233,0.38978546015011484,0.3747422915726118,0.5088592855312378,0.7043199277369718,0.7224831578544676,-0.32506117019532627,0.3747422915726118,0.8704516141640497,0.43051478735265575,-0.8427736064530407,Web/CloudOps,2
bitbrains_rnd/5T/short|H=96|L=1024|Hsrc=controlled|Lsrc=controlled|origins=shared_origin_v1:Hmax=720,joint-scaling,release,standard_hl_shared_origin_v1,bitbrains_rnd/5T/short,chronos-2,chronos2,chronos-2,119.477664,119.477664,96,controlled,shared_origin_v1:Hmax=720,720,720,1024,controlled,7200,7920,1024,1024,100,100,100,[],merged,2,500,185472,78410919.91535383,,100,,float32,native_horizon,96,1024,direct_quantiles,2674946.0317460317,2674946.0317460317,161.96984046109387,0.4362124814672637,0.4592967853686701,0.5953145787335824,5.646738271269409,1635.526224719748,3.8686489111298195,0.3831210025648178,0.3456760293080048,0.4362124814672637,0.7043199277369718,0.6193385481351412,-0.4791032282874635,0.3456760293080048,0.8704516141640497,0.3971226242597982,-0.9235101687589864,Web/CloudOps,2
bitbrains_rnd/5T/short|H=96|L=2048|Hsrc=controlled|Lsrc=controlled|origins=shared_origin_v1:Hmax=720,joint-scaling,release,standard_hl_shared_origin_v1,bitbrains_rnd/5T/short,chronos-2,chronos2,chronos-2,119.477664,119.477664,96,controlled,shared_origin_v1:Hmax=720,720,720,2048,controlled,7200,7920,2048,2048,100,100,100,[],merged,2,500,185472,78410919.91535383,,100,,float32,native_horizon,96,1024,direct_quantiles,2693262.84057971,2693262.84057971,162.86726702682884,0.43467085169850717,0.35698392645077187,0.5937915325493875,5.409922144652926,1641.116339745513,3.881871684375918,0.3852437617440199,0.35038494285623634,0.43467085169850717,0.7043199277369718,0.6171497278163552,-0.48264361382550536,0.35038494285623634,0.8704516141640497,0.40253236039171847,-0.9099797868665628,Web/CloudOps,2
bitbrains_rnd/5T/short|H=96|L=4096|Hsrc=controlled|Lsrc=controlled|origins=shared_origin_v1:Hmax=720,joint-scaling,release,standard_hl_shared_origin_v1,bitbrains_rnd/5T/short,chronos-2,chronos2,chronos-2,119.477664,119.477664,96,controlled,shared_origin_v1:Hmax=720,720,720,4096,controlled,7200,7920,4096,4096,100,100,100,[],merged,2,500,185472,78410919.91535383,,100,,float32,native_horizon,96,1024,direct_quantiles,2688280.601794341,2688280.601794341,163.47662989561766,0.44085485965366983,0.42952420602976055,0.6006644533945825,5.326608694088862,1639.5976951052173,3.8782795053907844,0.3866851394261337,0.3589434447396412,0.44085485965366983,0.7043199277369718,0.6259298399665713,-0.4685169908938215,0.3589434447396412,0.8704516141640497,0.4123646149870806,-0.8858473331707342,Web/CloudOps,2
bitbrains_rnd/5T/short|H=96|L=6144|Hsrc=controlled|Lsrc=controlled|origins=shared_origin_v1:Hmax=720,joint-scaling-l6144,release,standard_hl_shared_origin_v1,bitbrains_rnd/5T/short,chronos-2,chronos2,chronos-2,119.477664,119.477664,96,controlled,shared_origin_v1:Hmax=720,720,720,6144,controlled,7200,7920,6144,6144,100,100,100,[],merged,6,500,185472,78410919.91535383,,100,,float32,native_horizon,96,1024,direct_quantiles,2684234.545203589,2684234.545203589,163.621631567029,0.4424553544170847,0.4043958961557995,0.6026050680830529,5.307778551367111,1638.363373981361,3.8753598609365296,0.38702812417913796,0.3588772980457689,0.4424553544170847,0.7043199277369718,0.6282022373535903,-0.46489313035322594,0.3588772980457689,0.8704516141640497,0.41228862375127157,-0.886031631812768,Web/CloudOps,2
bitbrains_rnd/5T/short|H=96|L=8192|Hsrc=controlled|Lsrc=controlled|origins=shared_origin_v1:Hmax=720,joint-scaling,release,standard_hl_shared_origin_v1,bitbrains_rnd/5T/short,chronos-2,chronos2,chronos-2,119.477664,119.477664,96,controlled,shared_origin_v1:Hmax=720,720,720,8192,controlled,7200,7920,7200,7920,100,100,100,[],merged,2,500,185472,78410919.91535383,,100,,float32,native_horizon,96,1024,direct_quantiles,2687148.8309178744,2687148.8309178744,164.24873565821255,0.444581415028659,0.3922796616862635,0.6049048066386031,5.4885161051291735,1639.2525220105274,3.877463038190968,0.38851146667946257,0.361870760825602,0.444581415028659,0.7043199277369718,0.6312208380318438,-0.4600994966369671,0.361870760825602,0.8704516141640497,0.4157276004056005,-0.8777250399177324,Web/CloudOps,2
bitbrains_rnd/5T/short|H=192|L=128|Hsrc=controlled|Lsrc=controlled|origins=shared_origin_v1:Hmax=720,joint-scaling,release,standard_hl_shared_origin_v1,bitbrains_rnd/5T/short,chronos-2,chronos2,chronos-2,119.477664,119.477664,192,controlled,shared_origin_v1:Hmax=720,720,720,128,controlled,7200,7920,128,128,100,100,100,[],merged,2,500,371492,142552570.1272524,,100,,float32,native_horizon,192,1024,direct_quantiles,4103480.173742638,4103480.173742638,250.1921252678389,1.5978250018539704,1.6242498471355973,0.6388566346146081,43.574895577207585,2025.7048584980582,5.278986893195941,0.6520006823940905,0.5777539279575141,1.5978250018539704,1.4781188921497603,1.0809854405758326,0.07787307008887978,0.5777539279575141,0.882401511928171,0.6547517429962703,-0.42349913351879037,Web/CloudOps,2
bitbrains_rnd/5T/short|H=192|L=256|Hsrc=controlled|Lsrc=controlled|origins=shared_origin_v1:Hmax=720,joint-scaling,release,standard_hl_shared_origin_v1,bitbrains_rnd/5T/short,chronos-2,chronos2,chronos-2,119.477664,119.477664,192,controlled,shared_origin_v1:Hmax=720,720,720,256,controlled,7200,7920,256,256,100,100,100,[],merged,2,500,371492,142552570.1272524,,100,,float32,native_horizon,192,1024,direct_quantiles,4122139.459778407,4122139.459778407,247.69519666641543,1.4925818828879684,1.5621408636083176,0.6419994512836077,41.270437222172376,2030.3052627076568,5.290975546638713,0.6454936864193986,0.5706553492202012,1.4925818828879684,1.4781188921497603,1.0097847276122514,0.009737167157432766,0.5706553492202012,0.882401511928171,0.6467071299246069,-0.43586174550206075,Web/CloudOps,2
bitbrains_rnd/5T/short|H=192|L=512|Hsrc=controlled|Lsrc=controlled|origins=shared_origin_v1:Hmax=720,joint-scaling,release,standard_hl_shared_origin_v1,bitbrains_rnd/5T/short,chronos-2,chronos2,chronos-2,119.477664,119.477664,192,controlled,shared_origin_v1:Hmax=720,720,720,512,controlled,7200,7920,512,512,100,100,100,[],merged,2,500,371492,142552570.1272524,,100,,float32,native_horizon,192,1024,direct_quantiles,4146183.5306278467,4146183.5306278467,244.87120314838543,1.2904814685978034,1.6173960953008915,0.6247972701969357,37.766120430272835,2036.2179477226514,5.306384003881046,0.6381343592668717,0.5948858881467142,1.2904814685978034,1.4781188921497603,0.8730566096215312,-0.1357548803175782,0.5948858881467142,0.882401511928171,0.6741668958009888,-0.39427757883980047,Web/CloudOps,2
bitbrains_rnd/5T/short|H=192|L=1024|Hsrc=controlled|Lsrc=controlled|origins=shared_origin_v1:Hmax=720,joint-scaling,release,standard_hl_shared_origin_v1,bitbrains_rnd/5T/short,chronos-2,chronos2,chronos-2,119.477664,119.477664,192,controlled,shared_origin_v1:Hmax=720,720,720,1024,controlled,7200,7920,1024,1024,100,100,100,[],merged,2,500,371492,142552570.1272524,,100,,float32,native_horizon,192,1024,direct_quantiles,4097581.8508285508,4097581.8508285508,241.34629547877208,1.2506426920811322,1.506963549483814,0.626174118907675,36.226064502924196,2024.248465685117,5.275191533502445,0.6289484498242635,0.5469414002717513,1.2506426920811322,1.4781188921497603,0.8461042604375423,-0.1671126876813759,0.5469414002717513,0.882401511928171,0.6198328004635981,-0.47830551398390814,Web/CloudOps,2
bitbrains_rnd/5T/short|H=192|L=2048|Hsrc=controlled|Lsrc=controlled|origins=shared_origin_v1:Hmax=720,joint-scaling,release,standard_hl_shared_origin_v1,bitbrains_rnd/5T/short,chronos-2,chronos2,chronos-2,119.477664,119.477664,192,controlled,shared_origin_v1:Hmax=720,720,720,2048,controlled,7200,7920,2048,2048,100,100,100,[],merged,2,500,371492,142552570.1272524,,100,,float32,native_horizon,192,1024,direct_quantiles,4026383.0833073123,4026383.0833073123,236.8036350715493,1.239762405485408,1.11963921626282,0.6263379220649435,36.24560864317938,2006.5849304994076,5.229160360529892,0.6171102767313927,0.5410967179372511,1.239762405485408,1.4781188921497603,0.8387433595969475,-0.17585050775059877,0.5410967179372511,0.882401511928171,0.6132091917599721,-0.48904914227299495,Web/CloudOps,2
bitbrains_rnd/5T/short|H=192|L=4096|Hsrc=controlled|Lsrc=controlled|origins=shared_origin_v1:Hmax=720,joint-scaling,release,standard_hl_shared_origin_v1,bitbrains_rnd/5T/short,chronos-2,chronos2,chronos-2,119.477664,119.477664,192,controlled,shared_origin_v1:Hmax=720,720,720,4096,controlled,7200,7920,4096,4096,100,100,100,[],merged,2,500,371492,142552570.1272524,,100,,float32,native_horizon,192,1024,direct_quantiles,3497417.49391104,3497417.49391104,214.56217361342908,1.2362690210234686,0.9591710784332508,0.628876050830166,36.142906036431796,1870.1383622371475,4.873580601486368,0.5591490278207327,0.523956007142729,1.2362690210234686,1.4781188921497603,0.8363799607658435,-0.17867227062686877,0.523956007142729,0.882401511928171,0.5937841221484443,-0.5212394564029685,Web/CloudOps,2
bitbrains_rnd/5T/short|H=192|L=6144|Hsrc=controlled|Lsrc=controlled|origins=shared_origin_v1:Hmax=720,joint-scaling-l6144,release,standard_hl_shared_origin_v1,bitbrains_rnd/5T/short,chronos-2,chronos2,chronos-2,119.477664,119.477664,192,controlled,shared_origin_v1:Hmax=720,720,720,6144,controlled,7200,7920,6144,6144,100,100,100,[],merged,6,500,371492,142552570.1272524,,100,,float32,native_horizon,192,1024,direct_quantiles,3517598.9811462965,3517598.9811462965,214.2603043941727,1.236186716661354,0.8506433625849302,0.6313658419965975,35.98158096921768,1875.5263211019717,4.88762162237308,0.5583623566305893,0.5250113155054363,1.236186716661354,1.4781188921497603,0.8363242789377093,-0.1787388476424978,0.5250113155054363,0.882401511928171,0.5949800724595463,-0.5192273656619937,Web/CloudOps,2
bitbrains_rnd/5T/short|H=192|L=8192|Hsrc=controlled|Lsrc=controlled|origins=shared_origin_v1:Hmax=720,joint-scaling,release,standard_hl_shared_origin_v1,bitbrains_rnd/5T/short,chronos-2,chronos2,chronos-2,119.477664,119.477664,192,controlled,shared_origin_v1:Hmax=720,720,720,8192,controlled,7200,7920,7200,7920,100,100,100,[],merged,2,500,371492,142552570.1272524,,100,,float32,native_horizon,192,1024,direct_quantiles,3428075.1198733756,3428075.1198733756,211.24930819506207,1.2390402451567628,0.7738273617170932,0.6325020437014794,36.16970495254166,1851.5061760289582,4.825025123933954,0.5505157004882167,0.5207225007313201,1.2390402451567628,1.4781188921497603,0.8382547924509076,-0.17643317644258955,0.5207225007313201,0.882401511928171,0.5901196832646721,-0.5274299096632882,Web/CloudOps,2
bitbrains_rnd/5T/short|H=336|L=128|Hsrc=controlled|Lsrc=controlled|origins=shared_origin_v1:Hmax=720,joint-scaling,release,standard_hl_shared_origin_v1,bitbrains_rnd/5T/short,chronos-2,chronos2,chronos-2,119.477664,119.477664,336,controlled,shared_origin_v1:Hmax=720,720,720,128,controlled,7200,7920,128,128,100,100,100,[],merged,2,500,651232,199613313.81588575,,100,,float32,native_horizon,336,1024,direct_quantiles,4263422.415016461,4263422.415016461,256.8812496928898,1.327457860640763,3.5120646564910705,0.665474991055415,33.286775257409545,2064.805660350741,6.736361889376748,0.8380667942535139,0.7818865767603294,1.327457860640763,1.2395395786277248,1.0709281765011256,0.0685257271263969,0.7818865767603294,1.0477434277744575,0.7462576772456188,-0.2926843265619206,Web/CloudOps,2
bitbrains_rnd/5T/short|H=336|L=256|Hsrc=controlled|Lsrc=controlled|origins=shared_origin_v1:Hmax=720,joint-scaling,release,standard_hl_shared_origin_v1,bitbrains_rnd/5T/short,chronos-2,chronos2,chronos-2,119.477664,119.477664,336,controlled,shared_origin_v1:Hmax=720,720,720,256,controlled,7200,7920,256,256,100,100,100,[],merged,2,500,651232,199613313.81588575,,100,,float32,native_horizon,336,1024,direct_quantiles,4236436.787184905,4236436.787184905,254.3546785170262,1.29741519184327,3.4119088260562735,0.6671911493331102,31.741174990776713,2058.260621783574,6.715008912089348,0.8298239372589266,0.7574055066186579,1.29741519184327,1.2395395786277248,1.0466912184277475,0.04563396807351295,0.7574055066186579,1.0477434277744575,0.7228921571261823,-0.3244952282169458,Web/CloudOps,2
bitbrains_rnd/5T/short|H=336|L=512|Hsrc=controlled|Lsrc=controlled|origins=shared_origin_v1:Hmax=720,joint-scaling,release,standard_hl_shared_origin_v1,bitbrains_rnd/5T/short,chronos-2,chronos2,chronos-2,119.477664,119.477664,336,controlled,shared_origin_v1:Hmax=720,720,720,512,controlled,7200,7920,512,512,100,100,100,[],merged,2,500,651232,199613313.81588575,,100,,float32,native_horizon,336,1024,direct_quantiles,3809992.538155373,3809992.538155373,237.4083859515503,1.0623787863448455,2.9668336557947135,0.6529289629118348,27.366113260388133,1951.9202181839742,6.368076774181704,0.7745372041796939,0.7344074005516258,1.0623787863448455,1.2395395786277248,0.8570753243079086,-0.15422947123866004,0.7344074005516258,1.0477434277744575,0.7009420255792986,-0.3553300978222217,Web/CloudOps,2
bitbrains_rnd/5T/short|H=336|L=1024|Hsrc=controlled|Lsrc=controlled|origins=shared_origin_v1:Hmax=720,joint-scaling,release,standard_hl_shared_origin_v1,bitbrains_rnd/5T/short,chronos-2,chronos2,chronos-2,119.477664,119.477664,336,controlled,shared_origin_v1:Hmax=720,720,720,1024,controlled,7200,7920,1024,1024,100,100,100,[],merged,2,500,651232,199613313.81588575,,100,,float32,native_horizon,336,1024,direct_quantiles,3158919.390300231,3158919.390300231,204.20174070070266,1.0172465346347996,1.727003137026318,0.6547398454966894,25.841537284937797,1777.3349122493012,5.798497842891997,0.666201594762648,0.6487054149452196,1.0172465346347996,1.2395395786277248,0.8206648276297701,-0.19764050181440654,0.6487054149452196,1.0477434277744575,0.6191452962135527,-0.4794153065176944,Web/CloudOps,2
bitbrains_rnd/5T/short|H=336|L=2048|Hsrc=controlled|Lsrc=controlled|origins=shared_origin_v1:Hmax=720,joint-scaling,release,standard_hl_shared_origin_v1,bitbrains_rnd/5T/short,chronos-2,chronos2,chronos-2,119.477664,119.477664,336,controlled,shared_origin_v1:Hmax=720,720,720,2048,controlled,7200,7920,2048,2048,100,100,100,[],merged,2,500,651232,199613313.81588575,,100,,float32,native_horizon,336,1024,direct_quantiles,3639954.6990319886,3639954.6990319886,227.04664697066482,1.001876008132185,2.468782684132985,0.6543622918752456,25.712853434269658,1907.8665307174892,6.22435303928777,0.7407323648580845,0.678501986620552,1.001876008132185,1.2395395786277248,0.808264637456229,-0.21286575248029022,0.678501986620552,1.0477434277744575,0.6475841018270836,-0.4345066068513943,Web/CloudOps,2
bitbrains_rnd/5T/short|H=336|L=4096|Hsrc=controlled|Lsrc=controlled|origins=shared_origin_v1:Hmax=720,joint-scaling,release,standard_hl_shared_origin_v1,bitbrains_rnd/5T/short,chronos-2,chronos2,chronos-2,119.477664,119.477664,336,controlled,shared_origin_v1:Hmax=720,720,720,4096,controlled,7200,7920,4096,4096,100,100,100,[],merged,2,500,651232,199613313.81588575,,100,,float32,native_horizon,336,1024,direct_quantiles,2584498.411282001,2584498.411282001,178.4038714313793,0.9896414338270184,1.304217666193559,0.6550187519578277,25.599833612050233,1607.6375248425875,5.2448655881938935,0.5820368780970255,0.6383571453827928,0.9896414338270184,1.2395395786277248,0.7983943803735861,-0.2251525926198918,0.6383571453827928,1.0477434277744575,0.6092685751689666,-0.49549609835896,Web/CloudOps,2
bitbrains_rnd/5T/short|H=336|L=6144|Hsrc=controlled|Lsrc=controlled|origins=shared_origin_v1:Hmax=720,joint-scaling-l6144,release,standard_hl_shared_origin_v1,bitbrains_rnd/5T/short,chronos-2,chronos2,chronos-2,119.477664,119.477664,336,controlled,shared_origin_v1:Hmax=720,720,720,6144,controlled,7200,7920,6144,6144,100,100,100,[],merged,6,500,651232,199613313.8158857,,100,,float32,native_horizon,336,1024,direct_quantiles,2650247.943786546,2650247.943786546,182.7167583902511,0.9911626891397335,1.3455148371004877,0.659607368466614,25.524091267812544,1627.9582131573727,5.311161178601357,0.596107532735777,0.6536175300160297,0.9911626891397335,1.2395395786277248,0.7996216548704597,-0.22361659459346714,0.6536175300160297,1.0477434277744575,0.623833576703409,-0.4718716501854935,Web/CloudOps,2
bitbrains_rnd/5T/short|H=336|L=8192|Hsrc=controlled|Lsrc=controlled|origins=shared_origin_v1:Hmax=720,joint-scaling,release,standard_hl_shared_origin_v1,bitbrains_rnd/5T/short,chronos-2,chronos2,chronos-2,119.477664,119.477664,336,controlled,shared_origin_v1:Hmax=720,720,720,8192,controlled,7200,7920,7200,7920,100,100,100,[],merged,2,500,651232,199613313.81588575,,100,,float32,native_horizon,336,1024,direct_quantiles,2559036.833177731,2559036.833177731,174.94721389612303,0.9923309871791741,1.0846704444490467,0.659037721004189,25.668980903073987,1599.6989820518518,5.218966348309199,0.57075964434459,0.6332559557871746,0.9923309871791741,1.2395395786277248,0.8005641806756736,-0.22243857402451236,0.6332559557871746,1.0477434277744575,0.6043998358761287,-0.5035193201320198,Web/CloudOps,2
bitbrains_rnd/5T/short|H=720|L=128|Hsrc=controlled|Lsrc=controlled|origins=shared_origin_v1:Hmax=720,joint-scaling,release,standard_hl_shared_origin_v1,bitbrains_rnd/5T/short,chronos-2,chronos2,chronos-2,119.477664,119.477664,720,controlled,shared_origin_v1:Hmax=720,720,720,128,controlled,7200,7920,128,128,100,100,100,[],merged,2,500,1403896,366478349.16954803,,100,,float32,native_horizon,720,1024,direct_quantiles,4714112.721375372,4714112.721375372,279.00479237778296,3.590530380127326,5.22231007888002,0.7155506555506961,122.85471920496947,2171.200755659267,8.317380993922853,1.0688045088818774,1.1741013997208845,3.590530380127326,3.5012579045235244,1.0254972578536599,0.02517762456637203,1.1741013997208845,1.1752204699604023,0.9990477784652989,-0.0009526751856336548,Web/CloudOps,2
bitbrains_rnd/5T/short|H=720|L=256|Hsrc=controlled|Lsrc=controlled|origins=shared_origin_v1:Hmax=720,joint-scaling,release,standard_hl_shared_origin_v1,bitbrains_rnd/5T/short,chronos-2,chronos2,chronos-2,119.477664,119.477664,720,controlled,shared_origin_v1:Hmax=720,720,720,256,controlled,7200,7920,256,256,100,100,100,[],merged,2,500,1403896,366478349.16954803,,100,,float32,native_horizon,720,1024,direct_quantiles,4524979.506493359,4524979.506493359,269.4407990335466,3.6482619435048953,4.883683313815885,0.7152398797702963,45.50576808742897,2127.1999216090053,8.148823710635028,1.0321670048371618,1.1092424850339326,3.6482619435048953,3.5012579045235244,1.041986064148958,0.04112856910446421,1.1092424850339326,1.1752204699604023,0.943859057416952,-0.057778427567263264,Web/CloudOps,2
bitbrains_rnd/5T/short|H=720|L=512|Hsrc=controlled|Lsrc=controlled|origins=shared_origin_v1:Hmax=720,joint-scaling,release,standard_hl_shared_origin_v1,bitbrains_rnd/5T/short,chronos-2,chronos2,chronos-2,119.477664,119.477664,720,controlled,shared_origin_v1:Hmax=720,720,720,512,controlled,7200,7920,512,512,100,100,100,[],merged,2,500,1403896,366478349.16954803,,100,,float32,native_horizon,720,1024,direct_quantiles,3738899.205069321,3738899.205069321,244.4000581239636,3.356675858206106,4.057359598141211,0.7023785616064153,117.8984181500751,1933.6233358824882,7.407275417233972,0.9362415672781316,1.0329794731607036,3.356675858206106,3.5012579045235244,0.9587056851394401,-0.04217114886624197,1.0329794731607036,1.1752204699604023,0.8789665425037301,-0.12900844515706777,Web/CloudOps,2
bitbrains_rnd/5T/short|H=720|L=1024|Hsrc=controlled|Lsrc=controlled|origins=shared_origin_v1:Hmax=720,joint-scaling,release,standard_hl_shared_origin_v1,bitbrains_rnd/5T/short,chronos-2,chronos2,chronos-2,119.477664,119.477664,720,controlled,shared_origin_v1:Hmax=720,720,720,1024,controlled,7200,7920,1024,1024,100,100,100,[],merged,2,500,1403896,366478349.16954803,,100,,float32,native_horizon,720,1024,direct_quantiles,2584487.1183848376,2584487.1183848376,179.06901650834536,3.3134133963128023,1.6594606879540832,0.7020285909391949,115.76113750504915,1607.634012574018,6.158483754445354,0.685973063810366,0.8751218941058222,3.3134133963128023,3.5012579045235244,0.9463494225980804,-0.0551434096330949,0.8751218941058222,1.1752204699604023,0.7446448700262245,-0.29484785878132347,Web/CloudOps,2
bitbrains_rnd/5T/short|H=720|L=2048|Hsrc=controlled|Lsrc=controlled|origins=shared_origin_v1:Hmax=720,joint-scaling,release,standard_hl_shared_origin_v1,bitbrains_rnd/5T/short,chronos-2,chronos2,chronos-2,119.477664,119.477664,720,controlled,shared_origin_v1:Hmax=720,720,720,2048,controlled,7200,7920,2048,2048,100,100,100,[],merged,2,500,1403896,366478349.16954803,,100,,float32,native_horizon,720,1024,direct_quantiles,3100510.318553511,3100510.318553511,214.57370916364175,3.310698703353016,2.8687632577173354,0.7081992273644202,115.1992778284201,1760.8266009330705,6.745330051134552,0.8219835433187741,0.9445643197499931,3.310698703353016,3.5012579045235244,0.9455740746991785,-0.05596304947943825,0.9445643197499931,1.1752204699604023,0.8037337196669312,-0.21848725910427857,Web/CloudOps,2
bitbrains_rnd/5T/short|H=720|L=4096|Hsrc=controlled|Lsrc=controlled|origins=shared_origin_v1:Hmax=720,joint-scaling,release,standard_hl_shared_origin_v1,bitbrains_rnd/5T/short,chronos-2,chronos2,chronos-2,119.477664,119.477664,720,controlled,shared_origin_v1:Hmax=720,720,720,4096,controlled,7200,7920,4096,4096,100,100,100,[],merged,2,500,1403896,366478349.16954803,,100,,float32,native_horizon,720,1024,direct_quantiles,2284475.955848581,2284475.955848581,163.93891427855056,3.2736862690359647,1.34519882042366,0.7040234668748188,115.19859959686816,1511.4482974447326,5.790017947302486,0.628013050488616,0.8802141062879345,3.2736862690359647,3.5012579045235244,0.935002892762186,-0.06720565583493555,0.8802141062879345,1.1752204699604023,0.7489778546127539,-0.28904586250715325,Web/CloudOps,2
bitbrains_rnd/5T/short|H=720|L=6144|Hsrc=controlled|Lsrc=controlled|origins=shared_origin_v1:Hmax=720,joint-scaling-l6144,release,standard_hl_shared_origin_v1,bitbrains_rnd/5T/short,chronos-2,chronos2,chronos-2,119.477664,119.477664,720,controlled,shared_origin_v1:Hmax=720,720,720,6144,controlled,7200,7920,6144,6144,100,100,100,[],merged,6,500,1403896,366478349.169548,,100,,float32,native_horizon,720,1024,direct_quantiles,2328302.4462894686,2328302.4462894686,170.6870950554742,3.2710102660673797,1.4694634700472138,0.7101702489892414,114.98161171189317,1525.8775987245729,5.8452933500526525,0.6538638108990682,0.9064697477852723,3.2710102660673797,3.5012579045235244,0.934238595174988,-0.0680234181569501,0.9064697477852723,1.1752204699604023,0.7713188894810646,-0.2596533858959856,Web/CloudOps,2
bitbrains_rnd/5T/short|H=720|L=8192|Hsrc=controlled|Lsrc=controlled|origins=shared_origin_v1:Hmax=720,joint-scaling,release,standard_hl_shared_origin_v1,bitbrains_rnd/5T/short,chronos-2,chronos2,chronos-2,119.477664,119.477664,720,controlled,shared_origin_v1:Hmax=720,720,720,8192,controlled,7200,7920,7200,7920,100,100,100,[],merged,2,500,1403896,366478349.16954803,,100,,float32,native_horizon,720,1024,direct_quantiles,2328017.8173881825,2328017.8173881825,165.63818829884835,3.27695974833574,1.292878123203749,0.7093250762236339,115.26759165889064,1525.7843285956842,5.84493605319961,0.634522586469134,0.8777774681707584,3.27695974833574,3.5012579045235244,0.9359378365421189,-0.06620621866077672,0.8777774681707584,1.1752204699604023,0.7469045090750794,-0.2918179345840796,Web/CloudOps,2
bizitobs_l2c/5T/short|H=48|L=128|Hsrc=controlled|Lsrc=controlled|origins=shared_origin_v1:Hmax=720,joint-scaling,release,standard_hl_shared_origin_v1,bizitobs_l2c/5T/short,chronos-2,chronos2,chronos-2,119.477664,119.477664,48,controlled,shared_origin_v1:Hmax=720,720,720,128,controlled,28368,31248,128,128,100,100,100,[],merged,2,1,1680,27004.650024414062,,100,,float32,native_horizon,48,1024,direct_quantiles,8.565315755208333,8.565315755208333,1.6318446568080358,0.1593949318575511,0.17993067988642938,0.8737249465215774,2.293803069961275,2.9266560705365317,0.18207168743369248,0.10151951685946665,0.08411164410976481,0.1593949318575511,0.6625521029117435,0.24057720314681968,-1.424714229943843,0.08411164410976481,0.3954327593876954,0.21270782987228168,-1.5478357456420981,Web/CloudOps,7
bizitobs_l2c/5T/short|H=48|L=256|Hsrc=controlled|Lsrc=controlled|origins=shared_origin_v1:Hmax=720,joint-scaling,release,standard_hl_shared_origin_v1,bizitobs_l2c/5T/short,chronos-2,chronos2,chronos-2,119.477664,119.477664,48,controlled,shared_origin_v1:Hmax=720,720,720,256,controlled,28368,31248,256,256,100,100,100,[],merged,2,1,1680,27004.650024414062,,100,,float32,native_horizon,48,1024,direct_quantiles,8.356782459077381,8.356782459077381,1.5385653541201636,0.14737312717146003,0.16787948608398437,0.8671770368303572,2.048418448259663,2.8908100005149735,0.17984164936314634,0.09571647077762709,0.08100891029346864,0.14737312717146003,0.6625521029117435,0.22243250987174235,-1.5031315498077407,0.08100891029346864,0.3954327593876954,0.20486140404478936,-1.5854216063177007,Web/CloudOps,7
bizitobs_l2c/5T/short|H=48|L=512|Hsrc=controlled|Lsrc=controlled|origins=shared_origin_v1:Hmax=720,joint-scaling,release,standard_hl_shared_origin_v1,bizitobs_l2c/5T/short,chronos-2,chronos2,chronos-2,119.477664,119.477664,48,controlled,shared_origin_v1:Hmax=720,720,720,512,controlled,28368,31248,512,512,100,100,100,[],merged,2,1,1680,27004.650024414062,,100,,float32,native_horizon,48,1024,direct_quantiles,9.102269345238096,9.102269345238096,1.6120588030133929,0.15304041132637003,0.16729843704788774,0.8671338762555804,1.6295744429853254,3.016996742662825,0.18769191687695352,0.10028860905858983,0.08327461111367306,0.15304041132637003,0.6625521029117435,0.2309862283340395,-1.4653971878391039,0.08327461111367306,0.3954327593876954,0.21059107809534786,-1.5578370443992717,Web/CloudOps,7
bizitobs_l2c/5T/short|H=48|L=1024|Hsrc=controlled|Lsrc=controlled|origins=shared_origin_v1:Hmax=720,joint-scaling,release,standard_hl_shared_origin_v1,bizitobs_l2c/5T/short,chronos-2,chronos2,chronos-2,119.477664,119.477664,48,controlled,shared_origin_v1:Hmax=720,720,720,1024,controlled,28368,31248,1024,1024,100,100,100,[],merged,2,1,1680,27004.650024414062,,100,,float32,native_horizon,48,1024,direct_quantiles,9.923084077380953,9.923084077380953,1.7596820649646578,0.1624740562113225,0.16128251817491318,0.8599573044549851,1.7562935277895144,3.1500927093311004,0.1959720176670231,0.10947247479482079,0.08976081450037088,0.1624740562113225,0.6625521029117435,0.2452245725238686,-1.4055808657329159,0.08976081450037088,0.3954327593876954,0.2269938753667255,-1.4828322426280456,Web/CloudOps,7
bizitobs_l2c/5T/short|H=48|L=2048|Hsrc=controlled|Lsrc=controlled|origins=shared_origin_v1:Hmax=720,joint-scaling,release,standard_hl_shared_origin_v1,bizitobs_l2c/5T/short,chronos-2,chronos2,chronos-2,119.477664,119.477664,48,controlled,shared_origin_v1:Hmax=720,720,720,2048,controlled,28368,31248,2048,2048,100,100,100,[],merged,2,1,1680,27004.650024414062,,100,,float32,native_horizon,48,1024,direct_quantiles,19.364114815848215,19.364114815848215,2.1760875883556547,0.21172196626237536,0.18222797535083912,0.8495656331380208,1.7337576167732176,4.400467567866875,0.2737597231340811,0.13537769032860564,0.10265488247873694,0.21172196626237536,0.6625521029117435,0.3195551947264413,-1.1408252666373155,0.10265488247873694,0.3954327593876954,0.259601360893043,-1.348608051896902,Web/CloudOps,7
bizitobs_l2c/5T/short|H=48|L=4096|Hsrc=controlled|Lsrc=controlled|origins=shared_origin_v1:Hmax=720,joint-scaling,release,standard_hl_shared_origin_v1,bizitobs_l2c/5T/short,chronos-2,chronos2,chronos-2,119.477664,119.477664,48,controlled,shared_origin_v1:Hmax=720,720,720,4096,controlled,28368,31248,4096,4096,100,100,100,[],merged,2,1,1680,27004.650024414062,,100,,float32,native_horizon,48,1024,direct_quantiles,24.717396763392856,24.717396763392856,2.311601039341518,0.22164261441216546,0.18634442929868344,0.8476640973772321,2.2797151932286948,4.971659357135488,0.3092944256798916,0.1438081864635464,0.11390626007514859,0.22164261441216546,0.6625521029117435,0.33452858037594935,-1.0950329609832545,0.11390626007514859,0.3954327593876954,0.2880546878602719,-1.2446049284689902,Web/CloudOps,7
bizitobs_l2c/5T/short|H=48|L=6144|Hsrc=controlled|Lsrc=controlled|origins=shared_origin_v1:Hmax=720,joint-scaling-l6144,release,standard_hl_shared_origin_v1,bizitobs_l2c/5T/short,chronos-2,chronos2,chronos-2,119.477664,119.477664,48,controlled,shared_origin_v1:Hmax=720,720,720,6144,controlled,28368,31248,6144,6144,100,100,100,[],merged,6,1,1680,27004.650024414062,,100,,float32,native_horizon,48,1024,direct_quantiles,17.787330264136905,17.787330264136905,2.1393923804873514,0.21041949773854143,0.17921758581090858,0.8451790219261532,2.2084212040103854,4.217502846962513,0.26237721194280716,0.13309482611214607,0.10568862251723075,0.21041949773854143,0.6625521029117435,0.31758935910670677,-1.1469960542425124,0.10568862251723075,0.3954327593876954,0.2672733100840796,-1.3194835108634653,Web/CloudOps,7
bizitobs_l2c/5T/short|H=48|L=8192|Hsrc=controlled|Lsrc=controlled|origins=shared_origin_v1:Hmax=720,joint-scaling,release,standard_hl_shared_origin_v1,bizitobs_l2c/5T/short,chronos-2,chronos2,chronos-2,119.477664,119.477664,48,controlled,shared_origin_v1:Hmax=720,720,720,8192,controlled,28368,31248,8192,8192,100,100,100,[],merged,2,1,1680,27004.650024414062,,100,,float32,native_horizon,48,1024,direct_quantiles,12.084034365699404,12.084034365699404,1.9134297688802084,0.19406314485602705,0.16978174845377605,0.8417890276227679,2.0707990424652674,3.4762097700943486,0.21626025178918126,0.11903735130107462,0.09709360042039275,0.19406314485602705,0.6625521029117435,0.29290246609009346,-1.2279156056205838,0.09709360042039275,0.3954327593876954,0.24553757400053688,-1.4043052925399748,Web/CloudOps,7
bizitobs_l2c/5T/short|H=96|L=128|Hsrc=controlled|Lsrc=controlled|origins=shared_origin_v1:Hmax=720,joint-scaling,release,standard_hl_shared_origin_v1,bizitobs_l2c/5T/short,chronos-2,chronos2,chronos-2,119.477664,119.477664,96,controlled,shared_origin_v1:Hmax=720,720,720,128,controlled,28368,31248,128,128,100,100,100,[],merged,2,1,3360,51878.349986076355,,100,,float32,native_horizon,96,1024,direct_quantiles,28.69047154017857,28.69047154017857,3.060203334263393,0.31522789562229264,0.35305118230799903,0.9381043933686756,4.999875409966563,5.356348713459438,0.346914111224702,0.19819988889169884,0.16790951010001282,0.31522789562229264,0.6910206422486538,0.4561772490565664,-0.7848738409221901,0.16790951010001282,0.4076755597141003,0.4118704349551061,-0.887046457355575,Web/CloudOps,7
bizitobs_l2c/5T/short|H=96|L=256|Hsrc=controlled|Lsrc=controlled|origins=shared_origin_v1:Hmax=720,joint-scaling,release,standard_hl_shared_origin_v1,bizitobs_l2c/5T/short,chronos-2,chronos2,chronos-2,119.477664,119.477664,96,controlled,shared_origin_v1:Hmax=720,720,720,256,controlled,28368,31248,256,256,100,100,100,[],merged,2,1,3360,51878.349986076355,,100,,float32,native_horizon,96,1024,direct_quantiles,29.537625558035714,29.537625558035714,3.070533970424107,0.3126013727870489,0.3434305158040928,0.9354486374627976,4.346491493844425,5.434852855233131,0.35199858126722267,0.19886897218963173,0.16913876259583924,0.3126013727870489,0.6910206422486538,0.45237631653059046,-0.7932408868386567,0.16913876259583924,0.4076755597141003,0.4148857064535704,-0.879752202818648,Web/CloudOps,7
bizitobs_l2c/5T/short|H=96|L=512|Hsrc=controlled|Lsrc=controlled|origins=shared_origin_v1:Hmax=720,joint-scaling,release,standard_hl_shared_origin_v1,bizitobs_l2c/5T/short,chronos-2,chronos2,chronos-2,119.477664,119.477664,96,controlled,shared_origin_v1:Hmax=720,720,720,512,controlled,28368,31248,512,512,100,100,100,[],merged,2,1,3360,51878.349986076355,,100,,float32,native_horizon,96,1024,direct_quantiles,29.398218936011904,29.398218936011904,3.015496535528274,0.30330747796862106,0.32682430702922255,0.9248335338774182,3.2747567119660044,5.422012443365646,0.35116694757250555,0.19530436804744847,0.16119023840203925,0.30330747796862106,0.6910206422486538,0.43892679816572,-0.8234226265858802,0.16119023840203925,0.4076755597141003,0.3953885254124155,-0.9278863888679907,Web/CloudOps,7
bizitobs_l2c/5T/short|H=96|L=1024|Hsrc=controlled|Lsrc=controlled|origins=shared_origin_v1:Hmax=720,joint-scaling,release,standard_hl_shared_origin_v1,bizitobs_l2c/5T/short,chronos-2,chronos2,chronos-2,119.477664,119.477664,96,controlled,shared_origin_v1:Hmax=720,720,720,1024,controlled,28368,31248,1024,1024,100,100,100,[],merged,2,1,3360,51878.349986076355,,100,,float32,native_horizon,96,1024,direct_quantiles,29.488341703869047,29.488341703869047,3.2651843843005954,0.3181645603283955,0.32117992783912735,0.9130834670293899,3.569460505252326,5.43031690639405,0.3517048019141129,0.21147587643389806,0.1715718433888448,0.3181645603283955,0.6910206422486538,0.46042699866830983,-0.7756009620894138,0.1715718433888448,0.4076755597141003,0.42085388564663234,-0.8654695705131117,Web/CloudOps,7
bizitobs_l2c/5T/short|H=96|L=2048|Hsrc=controlled|Lsrc=controlled|origins=shared_origin_v1:Hmax=720,joint-scaling,release,standard_hl_shared_origin_v1,bizitobs_l2c/5T/short,chronos-2,chronos2,chronos-2,119.477664,119.477664,96,controlled,shared_origin_v1:Hmax=720,720,720,2048,controlled,28368,31248,2048,2048,100,100,100,[],merged,2,1,3360,51878.349986076355,,100,,float32,native_horizon,96,1024,direct_quantiles,49.62371651785714,49.62371651785714,3.825026157924107,0.37470159389312047,0.35229104117951177,0.9104462396530878,3.265935535878985,7.044410303059947,0.4562446304601825,0.24773509361948434,0.187872625707563,0.37470159389312047,0.6910206422486538,0.5422437058809156,-0.6120397367543858,0.187872625707563,0.4076755597141003,0.46083857918614646,-0.7747074509128046,Web/CloudOps,7
bizitobs_l2c/5T/short|H=96|L=4096|Hsrc=controlled|Lsrc=controlled|origins=shared_origin_v1:Hmax=720,joint-scaling,release,standard_hl_shared_origin_v1,bizitobs_l2c/5T/short,chronos-2,chronos2,chronos-2,119.477664,119.477664,96,controlled,shared_origin_v1:Hmax=720,720,720,4096,controlled,28368,31248,4096,4096,100,100,100,[],merged,2,1,3360,51878.349986076355,,100,,float32,native_horizon,96,1024,direct_quantiles,56.21529947916667,56.21529947916667,3.7464989071800594,0.3598597203793285,0.31568444063919227,0.8636925106956845,3.4270459586947433,7.497686275056237,0.4856019108346797,0.2426491268805496,0.1868463811622919,0.3598597203793285,0.6910206422486538,0.5207655146281986,-0.6524554064318561,0.1868463811622919,0.4076755597141003,0.4583212721737006,-0.7801848731532081,Web/CloudOps,7
bizitobs_l2c/5T/short|H=96|L=6144|Hsrc=controlled|Lsrc=controlled|origins=shared_origin_v1:Hmax=720,joint-scaling-l6144,release,standard_hl_shared_origin_v1,bizitobs_l2c/5T/short,chronos-2,chronos2,chronos-2,119.477664,119.477664,96,controlled,shared_origin_v1:Hmax=720,720,720,6144,controlled,28368,31248,6144,6144,100,100,100,[],merged,6,1,3360,51878.349986076355,,100,,float32,native_horizon,96,1024,direct_quantiles,41.812034970238095,41.812034970238095,3.4914126441592264,0.3465608230651529,0.30624083416684683,0.8562867664155506,3.298526729297594,6.466222619910182,0.4187972055535574,0.22612797992849668,0.17327700521535935,0.3465608230651529,0.6910206422486538,0.5015202178872799,-0.6901113575626983,0.17327700521535935,0.4076755597141003,0.42503652987409196,-0.8555801611065149,Web/CloudOps,7
bizitobs_l2c/5T/short|H=96|L=8192|Hsrc=controlled|Lsrc=controlled|origins=shared_origin_v1:Hmax=720,joint-scaling,release,standard_hl_shared_origin_v1,bizitobs_l2c/5T/short,chronos-2,chronos2,chronos-2,119.477664,119.477664,96,controlled,shared_origin_v1:Hmax=720,720,720,8192,controlled,28368,31248,8192,8192,100,100,100,[],merged,2,1,3360,51878.349986076355,,100,,float32,native_horizon,96,1024,direct_quantiles,26.80385974702381,26.80385974702381,3.1023681640625,0.3207212135739764,0.29205528180079476,0.8547434488932292,3.0819272802233004,5.177244416388298,0.33531408080121045,0.2009307742834475,0.1566625540718243,0.3207212135739764,0.6910206422486538,0.4641268204815357,-0.7675974440976796,0.1566625540718243,0.4076755597141003,0.3842824283645812,-0.9563775062022614,Web/CloudOps,7
bizitobs_l2c/5T/short|H=192|L=128|Hsrc=controlled|Lsrc=controlled|origins=shared_origin_v1:Hmax=720,joint-scaling,release,standard_hl_shared_origin_v1,bizitobs_l2c/5T/short,chronos-2,chronos2,chronos-2,119.477664,119.477664,192,controlled,shared_origin_v1:Hmax=720,720,720,128,controlled,28368,31248,128,128,100,100,100,[],merged,2,1,6720,96848.35990285873,,100,,float32,native_horizon,192,1024,direct_quantiles,96.08319382440476,96.08319382440476,5.810445149739583,0.5751809811954495,0.7958072675688874,1.063237072172619,10.504268498369363,9.802203518821916,0.6801437599206976,0.4031683287710219,0.3517631917841962,0.5751809811954495,0.7391127356907388,0.7782046681389049,-0.25076571981320056,0.3517631917841962,0.4569876225288572,0.7697433681849524,-0.261698107758711,Web/CloudOps,7
bizitobs_l2c/5T/short|H=192|L=256|Hsrc=controlled|Lsrc=controlled|origins=shared_origin_v1:Hmax=720,joint-scaling,release,standard_hl_shared_origin_v1,bizitobs_l2c/5T/short,chronos-2,chronos2,chronos-2,119.477664,119.477664,192,controlled,shared_origin_v1:Hmax=720,720,720,256,controlled,28368,31248,256,256,100,100,100,[],merged,2,1,6720,96848.35990285873,,100,,float32,native_horizon,192,1024,direct_quantiles,105.97571614583333,105.97571614583333,6.057806687127976,0.5891673143449137,0.8156626326984371,1.0674748011997768,8.726479469744998,10.294450745223532,0.714299231058637,0.4203319599664009,0.3631677428167087,0.5891673143449137,0.7391127356907388,0.7971278072949272,-0.2267402525778648,0.3631677428167087,0.4569876225288572,0.7946992979963607,-0.2297914773931813,Web/CloudOps,7
bizitobs_l2c/5T/short|H=192|L=512|Hsrc=controlled|Lsrc=controlled|origins=shared_origin_v1:Hmax=720,joint-scaling,release,standard_hl_shared_origin_v1,bizitobs_l2c/5T/short,chronos-2,chronos2,chronos-2,119.477664,119.477664,192,controlled,shared_origin_v1:Hmax=720,720,720,512,controlled,28368,31248,512,512,100,100,100,[],merged,2,1,6720,96848.35990285873,,100,,float32,native_horizon,192,1024,direct_quantiles,97.08645833333334,97.08645833333334,5.838460867745535,0.5618841994638702,0.7514979279926228,1.0599504016694568,7.387141021481008,9.853246081030015,0.6836854411467139,0.4051122504356617,0.3412489687205308,0.5618841994638702,0.7391127356907388,0.7602144738295716,-0.27415468310603874,0.3412489687205308,0.4569876225288572,0.7467356923851522,-0.2920439819152655,Web/CloudOps,7
bizitobs_l2c/5T/short|H=192|L=1024|Hsrc=controlled|Lsrc=controlled|origins=shared_origin_v1:Hmax=720,joint-scaling,release,standard_hl_shared_origin_v1,bizitobs_l2c/5T/short,chronos-2,chronos2,chronos-2,119.477664,119.477664,192,controlled,shared_origin_v1:Hmax=720,720,720,1024,controlled,28368,31248,1024,1024,100,100,100,[],merged,2,1,6720,96848.35990285873,,100,,float32,native_horizon,192,1024,direct_quantiles,114.14104352678571,114.14104352678571,6.260662551153274,0.5838969982483312,0.7445567133199671,1.044913591657366,6.653200730131251,10.683681178638087,0.7413066942223845,0.4344074838845892,0.35903610044237,0.5838969982483312,0.7391127356907388,0.7899972088867465,-0.23572586658206238,0.35903610044237,0.4569876225288572,0.7856582601855876,-0.24123336457756905,Web/CloudOps,7
bizitobs_l2c/5T/short|H=192|L=2048|Hsrc=controlled|Lsrc=controlled|origins=shared_origin_v1:Hmax=720,joint-scaling,release,standard_hl_shared_origin_v1,bizitobs_l2c/5T/short,chronos-2,chronos2,chronos-2,119.477664,119.477664,192,controlled,shared_origin_v1:Hmax=720,720,720,2048,controlled,28368,31248,2048,2048,100,100,100,[],merged,2,1,6720,96848.35990285873,,100,,float32,native_horizon,192,1024,direct_quantiles,125.88853236607143,125.88853236607143,6.449360584077381,0.6038950594956265,0.7474378036320173,1.0271404448009673,4.745522969819373,11.220005898664734,0.7785205626058457,0.4475006408830338,0.3485336278694411,0.6038950594956265,0.7391127356907388,0.8170540572964902,-0.2020500207094019,0.3485336278694411,0.4569876225288572,0.7626762973157601,-0.2709215876309498,Web/CloudOps,7
bizitobs_l2c/5T/short|H=192|L=4096|Hsrc=controlled|Lsrc=controlled|origins=shared_origin_v1:Hmax=720,joint-scaling,release,standard_hl_shared_origin_v1,bizitobs_l2c/5T/short,chronos-2,chronos2,chronos-2,119.477664,119.477664,192,controlled,shared_origin_v1:Hmax=720,720,720,4096,controlled,28368,31248,4096,4096,100,100,100,[],merged,2,1,6720,96848.35990285873,,100,,float32,native_horizon,192,1024,direct_quantiles,85.64921875,85.64921875,5.290070452008929,0.4998541070788055,0.581478657801897,0.9150740123930432,3.9477535577741025,9.254686312890351,0.6421532804995639,0.36706118176040137,0.2836048552028277,0.4998541070788055,0.7391127356907388,0.6762893980059297,-0.3911341909902892,0.2836048552028277,0.4569876225288572,0.6205963602108698,-0.4770743919369255,Web/CloudOps,7
bizitobs_l2c/5T/short|H=192|L=6144|Hsrc=controlled|Lsrc=controlled|origins=shared_origin_v1:Hmax=720,joint-scaling-l6144,release,standard_hl_shared_origin_v1,bizitobs_l2c/5T/short,chronos-2,chronos2,chronos-2,119.477664,119.477664,192,controlled,shared_origin_v1:Hmax=720,720,720,6144,controlled,28368,31248,6144,6144,100,100,100,[],merged,6,1,6720,96848.35990285873,,100,,float32,native_horizon,192,1024,direct_quantiles,71.05303199404761,71.05303199404761,5.047392926897321,0.48895956344345826,0.5686012564582048,0.8982679821196057,3.8680298016763572,8.429296055664887,0.5848820728702502,0.35022255929549106,0.2674583915439344,0.48895956344345826,0.7391127356907388,0.6615493683605661,-0.413170667281315,0.2674583915439344,0.4569876225288572,0.585263972936259,-0.5356922977380565,Web/CloudOps,7
bizitobs_l2c/5T/short|H=192|L=8192|Hsrc=controlled|Lsrc=controlled|origins=shared_origin_v1:Hmax=720,joint-scaling,release,standard_hl_shared_origin_v1,bizitobs_l2c/5T/short,chronos-2,chronos2,chronos-2,119.477664,119.477664,192,controlled,shared_origin_v1:Hmax=720,720,720,8192,controlled,28368,31248,8192,8192,100,100,100,[],merged,2,1,6720,96848.35990285873,,100,,float32,native_horizon,192,1024,direct_quantiles,56.66351841517857,56.66351841517857,4.735384114583334,0.4687312248204819,0.5471240605882428,0.9077867780412946,3.642789684049421,7.527517413807727,0.5223105179223049,0.3285732590817028,0.2506634442791371,0.4687312248204819,0.7391127356907388,0.63418096074671,-0.4554209382261768,0.2506634442791371,0.4569876225288572,0.5485125459022877,-0.6005451264157893,Web/CloudOps,7
bizitobs_l2c/5T/short|H=336|L=128|Hsrc=controlled|Lsrc=controlled|origins=shared_origin_v1:Hmax=720,joint-scaling,release,standard_hl_shared_origin_v1,bizitobs_l2c/5T/short,chronos-2,chronos2,chronos-2,119.477664,119.477664,336,controlled,shared_origin_v1:Hmax=720,720,720,128,controlled,28368,31248,128,128,100,100,100,[],merged,2,1,11760,177970.49996738136,,100,,float32,native_horizon,336,1024,direct_quantiles,193.07602040816326,193.07602040816326,8.575199298469387,0.8008974330757602,1.306859913939435,1.1417496246545493,18.921598797168972,13.895179754438704,0.9181707864064474,0.5666351657633308,0.5192282428756221,0.8008974330757602,0.9677479555394671,0.8275888659762688,-0.18923878658903212,0.5192282428756221,0.5559218172835492,0.9339950812018384,-0.06828410714634987,Web/CloudOps,7
bizitobs_l2c/5T/short|H=336|L=256|Hsrc=controlled|Lsrc=controlled|origins=shared_origin_v1:Hmax=720,joint-scaling,release,standard_hl_shared_origin_v1,bizitobs_l2c/5T/short,chronos-2,chronos2,chronos-2,119.477664,119.477664,336,controlled,shared_origin_v1:Hmax=720,720,720,256,controlled,28368,31248,256,256,100,100,100,[],merged,2,1,11760,177970.49996738136,,100,,float32,native_horizon,336,1024,direct_quantiles,201.89755527210883,201.89755527210883,8.851304740646258,0.8290760434635127,1.3275707835415536,1.1452032180059524,15.72866701954138,14.209065953542085,0.9389118738458394,0.5848797624835463,0.5197516528771817,0.8290760434635127,0.9677479555394671,0.8567065822436666,-0.15465979678769592,0.5197516528771817,0.5559218172835492,0.9349365984894981,-0.06727656109473226,Web/CloudOps,7
bizitobs_l2c/5T/short|H=336|L=512|Hsrc=controlled|Lsrc=controlled|origins=shared_origin_v1:Hmax=720,joint-scaling,release,standard_hl_shared_origin_v1,bizitobs_l2c/5T/short,chronos-2,chronos2,chronos-2,119.477664,119.477664,336,controlled,shared_origin_v1:Hmax=720,720,720,512,controlled,28368,31248,512,512,100,100,100,[],merged,2,1,11760,177970.49996738136,,100,,float32,native_horizon,336,1024,direct_quantiles,193.6419642857143,193.6419642857143,8.78579400510204,0.8347032455672718,1.2922011856667572,1.1254468437765732,12.289716008523841,13.915529608524222,0.9195154715317325,0.5805509200622394,0.49388842970790137,0.8347032455672718,0.9677479555394671,0.8625213215789952,-0.14789540971087423,0.49388842970790137,0.5559218172835492,0.8884134681405973,-0.1183180270806064,Web/CloudOps,7
bizitobs_l2c/5T/short|H=336|L=1024|Hsrc=controlled|Lsrc=controlled|origins=shared_origin_v1:Hmax=720,joint-scaling,release,standard_hl_shared_origin_v1,bizitobs_l2c/5T/short,chronos-2,chronos2,chronos-2,119.477664,119.477664,336,controlled,shared_origin_v1:Hmax=720,720,720,1024,controlled,28368,31248,1024,1024,100,100,100,[],merged,2,1,11760,177970.49996738136,,100,,float32,native_horizon,336,1024,direct_quantiles,212.6250850340136,212.6250850340136,9.021919509991497,0.8417215473513868,1.290117463335144,1.1216057809842688,10.05951842421491,14.581669487202541,0.9635329068633904,0.59615370781644,0.4974990794188162,0.8417215473513868,0.9677479555394671,0.8697735216419782,-0.13952242117437696,0.4974990794188162,0.5559218172835492,0.8949083557284921,-0.11103396178417999,Web/CloudOps,7
bizitobs_l2c/5T/short|H=336|L=2048|Hsrc=controlled|Lsrc=controlled|origins=shared_origin_v1:Hmax=720,joint-scaling,release,standard_hl_shared_origin_v1,bizitobs_l2c/5T/short,chronos-2,chronos2,chronos-2,119.477664,119.477664,336,controlled,shared_origin_v1:Hmax=720,720,720,2048,controlled,28368,31248,2048,2048,100,100,100,[],merged,2,1,11760,177970.49996738136,,100,,float32,native_horizon,336,1024,direct_quantiles,212.49438775510205,212.49438775510205,8.50506218112245,0.7787725446882199,1.0719253929589896,1.0786563795440052,5.742705425478722,14.577187237430342,0.9632367271182601,0.562000619587694,0.4406080097735046,0.7787725446882199,0.9677479555394671,0.8047266235288467,-0.2172526573408785,0.4406080097735046,0.5559218172835492,0.7925718978371585,-0.2324720545228548,Web/CloudOps,7
bizitobs_l2c/5T/short|H=336|L=4096|Hsrc=controlled|Lsrc=controlled|origins=shared_origin_v1:Hmax=720,joint-scaling,release,standard_hl_shared_origin_v1,bizitobs_l2c/5T/short,chronos-2,chronos2,chronos-2,119.477664,119.477664,336,controlled,shared_origin_v1:Hmax=720,720,720,4096,controlled,28368,31248,4096,4096,100,100,100,[],merged,2,1,11760,177970.49996738136,,100,,float32,native_horizon,336,1024,direct_quantiles,117.64179421768708,117.64179421768708,6.4773018973214285,0.6274339465834406,0.9315702870382944,0.9040493296928146,4.22235227350166,10.846280201879678,0.7167044830322045,0.428009531503598,0.32853075997963044,0.6274339465834406,0.9677479555394671,0.6483443782980458,-0.4333332758075208,0.32853075997963044,0.5559218172835492,0.5909657613096746,-0.5259971967404162,Web/CloudOps,7
bizitobs_l2c/5T/short|H=336|L=6144|Hsrc=controlled|Lsrc=controlled|origins=shared_origin_v1:Hmax=720,joint-scaling-l6144,release,standard_hl_shared_origin_v1,bizitobs_l2c/5T/short,chronos-2,chronos2,chronos-2,119.477664,119.477664,336,controlled,shared_origin_v1:Hmax=720,720,720,6144,controlled,28368,31248,6144,6144,100,100,100,[],merged,6,1,11760,177970.49996738136,,100,,float32,native_horizon,336,1024,direct_quantiles,99.06956845238095,99.06956845238095,6.2967574139030615,0.6199710826861494,0.8317936074144486,0.9013590494791667,4.040194698722665,9.953369703390955,0.6577024154752107,0.41607944688064563,0.3175433065659797,0.6199710826861494,0.9677479555394671,0.6406328002424444,-0.4452988407412849,0.3175433065659797,0.5559218172835492,0.5712013752538444,-0.5600134603023702,Web/CloudOps,7
bizitobs_l2c/5T/short|H=336|L=8192|Hsrc=controlled|Lsrc=controlled|origins=shared_origin_v1:Hmax=720,joint-scaling,release,standard_hl_shared_origin_v1,bizitobs_l2c/5T/short,chronos-2,chronos2,chronos-2,119.477664,119.477664,336,controlled,shared_origin_v1:Hmax=720,720,720,8192,controlled,28368,31248,8192,8192,100,100,100,[],merged,2,1,11760,177970.49996738136,,100,,float32,native_horizon,336,1024,direct_quantiles,94.32856079931973,94.32856079931973,6.179524739583333,0.60906967562928,0.78510728926195,0.9184699856505102,4.486567197294725,9.712289163699758,0.6417722071132176,0.4083329032104718,0.3126861111182573,0.60906967562928,0.9677479555394671,0.6293680830250441,-0.4630390057980344,0.3126861111182573,0.5559218172835492,0.5624641836259703,-0.5754278204846393,Web/CloudOps,7
bizitobs_l2c/5T/short|H=720|L=128|Hsrc=controlled|Lsrc=controlled|origins=shared_origin_v1:Hmax=720,joint-scaling,release,standard_hl_shared_origin_v1,bizitobs_l2c/5T/short,chronos-2,chronos2,chronos-2,119.477664,119.477664,720,controlled,shared_origin_v1:Hmax=720,720,720,128,controlled,28368,31248,128,128,100,100,100,[],merged,2,1,25200,448809.8099897355,,100,,float32,native_horizon,720,1024,direct_quantiles,356.6257142857143,356.6257142857143,13.321980406746032,1.2395621402469745,0.9875903392794243,1.2637768167162697,34.463643539577134,18.88453637995157,1.0603384912323184,0.7480092876260391,0.7052311071138253,1.2395621402469745,1.4542830442928587,0.8523527418623713,-0.15975482156352044,0.7052311071138253,0.648492126471023,1.087493707828907,0.08387569805951044,Web/CloudOps,7
bizitobs_l2c/5T/short|H=720|L=256|Hsrc=controlled|Lsrc=controlled|origins=shared_origin_v1:Hmax=720,joint-scaling,release,standard_hl_shared_origin_v1,bizitobs_l2c/5T/short,chronos-2,chronos2,chronos-2,119.477664,119.477664,720,controlled,shared_origin_v1:Hmax=720,720,720,256,controlled,28368,31248,256,256,100,100,100,[],merged,2,1,25200,448809.8099897355,,100,,float32,native_horizon,720,1024,direct_quantiles,364.6875,364.6875,13.594273313492064,1.2772478474948548,0.9997451591040608,1.2636050657242064,28.309230203062523,19.09679292446771,1.0722563789494541,0.7632981273467149,0.692483800795514,1.2772478474948548,1.4542830442928587,0.8782663405911558,-0.12980538215542364,0.692483800795514,0.648492126471023,1.0678368672938032,0.0656349828915629,Web/CloudOps,7
bizitobs_l2c/5T/short|H=720|L=512|Hsrc=controlled|Lsrc=controlled|origins=shared_origin_v1:Hmax=720,joint-scaling,release,standard_hl_shared_origin_v1,bizitobs_l2c/5T/short,chronos-2,chronos2,chronos-2,119.477664,119.477664,720,controlled,shared_origin_v1:Hmax=720,720,720,512,controlled,28368,31248,512,512,100,100,100,[],merged,2,1,25200,448809.8099897355,,100,,float32,native_horizon,720,1024,direct_quantiles,345.26924603174604,345.26924603174604,13.152271825396825,1.2707301613900683,0.9695090189893323,1.2186519562251985,22.068857763094744,18.581422066993312,1.0433190756212318,0.7384804044447695,0.6340914742304731,1.2707301613900683,1.4542830442928587,0.8737846228606464,-0.1349213606276062,0.6340914742304731,0.648492126471023,0.9777936359552805,-0.02245663739295077,Web/CloudOps,7
bizitobs_l2c/5T/short|H=720|L=1024|Hsrc=controlled|Lsrc=controlled|origins=shared_origin_v1:Hmax=720,joint-scaling,release,standard_hl_shared_origin_v1,bizitobs_l2c/5T/short,chronos-2,chronos2,chronos-2,119.477664,119.477664,720,controlled,shared_origin_v1:Hmax=720,720,720,1024,controlled,28368,31248,1024,1024,100,100,100,[],merged,2,1,25200,448809.8099897355,,100,,float32,native_horizon,720,1024,direct_quantiles,355.10357142857146,355.10357142857146,13.453396577380952,1.2860902117680861,0.969973098708046,1.2356914992559525,13.268008252704242,18.844191981312743,1.0580732135510624,0.7553881091809328,0.6115060639064737,1.2860902117680861,1.4542830442928587,0.8843465629439722,-0.12290625364253069,0.6115060639064737,0.648492126471023,0.9429660576361647,-0.058724991019635096,Web/CloudOps,7
bizitobs_l2c/5T/short|H=720|L=2048|Hsrc=controlled|Lsrc=controlled|origins=shared_origin_v1:Hmax=720,joint-scaling,release,standard_hl_shared_origin_v1,bizitobs_l2c/5T/short,chronos-2,chronos2,chronos-2,119.477664,119.477664,720,controlled,shared_origin_v1:Hmax=720,720,720,2048,controlled,28368,31248,2048,2048,100,100,100,[],merged,2,1,25200,448809.8099897355,,100,,float32,native_horizon,720,1024,direct_quantiles,298.4816666666667,298.4816666666667,11.753660714285715,1.1106353711556511,0.7947069850582449,1.1277921937003967,7.089574495290779,17.276621969200654,0.9700565004000551,0.6599504810440174,0.5047906418039717,1.1106353711556511,1.4542830442928587,0.7636995944594092,-0.2695807681087473,0.5047906418039717,0.648492126471023,0.7784067395713056,-0.25050608991130613,Web/CloudOps,7
bizitobs_l2c/5T/short|H=720|L=4096|Hsrc=controlled|Lsrc=controlled|origins=shared_origin_v1:Hmax=720,joint-scaling,release,standard_hl_shared_origin_v1,bizitobs_l2c/5T/short,chronos-2,chronos2,chronos-2,119.477664,119.477664,720,controlled,shared_origin_v1:Hmax=720,720,720,4096,controlled,28368,31248,4096,4096,100,100,100,[],merged,2,1,25200,448809.8099897355,,100,,float32,native_horizon,720,1024,direct_quantiles,123.63034722222223,123.63034722222223,7.25070808531746,0.7049168096316982,0.6139836595191969,0.7974465215773809,5.616696829352185,11.118918437609938,0.6243106509507417,0.40711642143958227,0.3267765118439716,0.7049168096316982,1.4542830442928587,0.484717753121066,-0.7241885097723336,0.3267765118439716,0.648492126471023,0.5039020498556095,-0.6853733753228914,Web/CloudOps,7
bizitobs_l2c/5T/short|H=720|L=6144|Hsrc=controlled|Lsrc=controlled|origins=shared_origin_v1:Hmax=720,joint-scaling-l6144,release,standard_hl_shared_origin_v1,bizitobs_l2c/5T/short,chronos-2,chronos2,chronos-2,119.477664,119.477664,720,controlled,shared_origin_v1:Hmax=720,720,720,6144,controlled,28368,31248,6144,6144,100,100,100,[],merged,6,1,25200,448809.8099897355,,100,,float32,native_horizon,720,1024,direct_quantiles,95.90186507936508,95.90186507936508,6.568842385912698,0.6497508544055431,0.5691149541777789,0.7930069599454365,5.264476726590817,9.79294976395596,0.5498594918353817,0.3688306815949185,0.30129603705459873,0.6497508544055431,1.4542830442928587,0.4467843154435475,-0.8056793166030176,0.30129603705459873,0.648492126471023,0.4646101698939621,-0.7665565693159608,Web/CloudOps,7
bizitobs_l2c/5T/short|H=720|L=8192|Hsrc=controlled|Lsrc=controlled|origins=shared_origin_v1:Hmax=720,joint-scaling,release,standard_hl_shared_origin_v1,bizitobs_l2c/5T/short,chronos-2,chronos2,chronos-2,119.477664,119.477664,720,controlled,shared_origin_v1:Hmax=720,720,720,8192,controlled,28368,31248,8192,8192,100,100,100,[],merged,2,1,25200,448809.8099897355,,100,,float32,native_horizon,720,1024,direct_quantiles,96.63753968253968,96.63753968253968,6.570952380952381,0.647151154059465,0.5504999716952649,0.811466548859127,5.148688570966715,9.830439445037017,0.5519644813926827,0.3689491546626111,0.29779544237697053,0.647151154059465,1.4542830442928587,0.4449966989570043,-0.8096884149175586,0.29779544237697053,0.648492126471023,0.45921211718871524,-0.7782430467188399,Web/CloudOps,7
bizitobs_l2c/H/short|H=48|L=128|Hsrc=controlled|Lsrc=controlled|origins=shared_origin_v1:Hmax=720,joint-scaling,release,standard_hl_shared_origin_v1,bizitobs_l2c/H/short,chronos-2,chronos2,chronos-2,119.477664,119.477664,48,controlled,shared_origin_v1:Hmax=720,720,720,128,controlled,1944,1944,128,128,100,100,100,[],merged,2,1,336,6586.944159589708,,100,,float32,native_horizon,48,1024,direct_quantiles,152.40164620535714,152.40164620535714,8.269011724562873,0.8655040124623331,0.9579290076147151,0.6540723528180804,8.926924848062681,12.345106164199526,0.629723824989798,0.4218022609783574,0.34003981464444677,0.8655040124623331,1.0508646017568088,0.8236113491837154,-0.19405652395293155,0.34003981464444677,0.38759898490519035,0.8772980009935348,-0.13090854843977723,Web/CloudOps,7
bizitobs_l2c/H/short|H=48|L=256|Hsrc=controlled|Lsrc=controlled|origins=shared_origin_v1:Hmax=720,joint-scaling,release,standard_hl_shared_origin_v1,bizitobs_l2c/H/short,chronos-2,chronos2,chronos-2,119.477664,119.477664,48,controlled,shared_origin_v1:Hmax=720,720,720,256,controlled,1944,1944,256,256,100,100,100,[],merged,2,1,336,6586.944159589708,,100,,float32,native_horizon,48,1024,direct_quantiles,106.63337053571429,106.63337053571429,7.1938287644159224,0.7706999355967258,0.9975920085665547,0.5222148895263672,4.270313592056981,10.326343522065994,0.5267467492285974,0.36695718170386155,0.2880034709729301,0.7706999355967258,1.0508646017568088,0.7333960381844522,-0.31006942534415965,0.2880034709729301,0.38759898490519035,0.7430449567440893,-0.29699872903686236,Web/CloudOps,7
bizitobs_l2c/H/short|H=48|L=512|Hsrc=controlled|Lsrc=controlled|origins=shared_origin_v1:Hmax=720,joint-scaling,release,standard_hl_shared_origin_v1,bizitobs_l2c/H/short,chronos-2,chronos2,chronos-2,119.477664,119.477664,48,controlled,shared_origin_v1:Hmax=720,720,720,512,controlled,1944,1944,512,512,100,100,100,[],merged,2,1,336,6586.944159589708,,100,,float32,native_horizon,48,1024,direct_quantiles,82.54868861607143,82.54868861607143,6.505055745442708,0.7220326050310598,1.1426185897634,0.46397290910993305,4.475830375716655,9.085630887069506,0.4634580017823481,0.3318228722626509,0.25964160493646327,0.7220326050310598,1.0508646017568088,0.6870843340083813,-0.3752982373674834,0.25964160493646327,0.38759898490519035,0.6698717361191583,-0.40066902355196043,Web/CloudOps,7
bizitobs_l2c/H/short|H=48|L=1024|Hsrc=controlled|Lsrc=controlled|origins=shared_origin_v1:Hmax=720,joint-scaling,release,standard_hl_shared_origin_v1,bizitobs_l2c/H/short,chronos-2,chronos2,chronos-2,119.477664,119.477664,48,controlled,shared_origin_v1:Hmax=720,720,720,1024,controlled,1944,1944,1024,1024,100,100,100,[],merged,2,1,336,6586.944159589708,,100,,float32,native_horizon,48,1024,direct_quantiles,80.95606631324405,80.95606631324405,6.297360374813988,0.719941265847169,1.2948759054835839,0.4497619356427874,3.7229507869147462,8.99755890857315,0.4589654504477974,0.32122833208734797,0.2543960034892244,0.719941265847169,1.0508646017568088,0.685094221123815,-0.37819890109305854,0.2543960034892244,0.38759898490519035,0.6563381572102198,-0.4210791393018889,Web/CloudOps,7
bizitobs_l2c/H/short|H=48|L=2048|Hsrc=controlled|Lsrc=controlled|origins=shared_origin_v1:Hmax=720,joint-scaling,release,standard_hl_shared_origin_v1,bizitobs_l2c/H/short,chronos-2,chronos2,chronos-2,119.477664,119.477664,48,controlled,shared_origin_v1:Hmax=720,720,720,2048,controlled,1944,1944,1944,1944,100,100,100,[],merged,2,1,336,6586.944159589708,,100,,float32,native_horizon,48,1024,direct_quantiles,75.6690673828125,75.6690673828125,6.06802731468564,0.6927791209427526,1.2537053748022151,0.4430898938860212,4.604028032969487,8.698796892835958,0.44372560100387115,0.3095300534415602,0.24841533843619967,0.6927791209427526,1.0508646017568088,0.6592467952432521,-0.4166573149767082,0.24841533843619967,0.38759898490519035,0.6409081244032772,-0.44486916399858584,Web/CloudOps,7
bizitobs_l2c/H/short|H=48|L=4096|Hsrc=controlled|Lsrc=controlled|origins=shared_origin_v1:Hmax=720,joint-scaling,release,standard_hl_shared_origin_v1,bizitobs_l2c/H/short,chronos-2,chronos2,chronos-2,119.477664,119.477664,48,controlled,shared_origin_v1:Hmax=720,720,720,4096,controlled,1944,1944,1944,1944,100,100,100,[],merged,2,1,336,6586.944159589708,,100,,float32,native_horizon,48,1024,direct_quantiles,75.6690673828125,75.6690673828125,6.06802731468564,0.6927791209427526,1.2537053748022151,0.4430898938860212,4.604028032969487,8.698796892835958,0.44372560100387115,0.3095300534415602,0.24841533843619967,0.6927791209427526,1.0508646017568088,0.6592467952432521,-0.4166573149767082,0.24841533843619967,0.38759898490519035,0.6409081244032772,-0.44486916399858584,Web/CloudOps,7
bizitobs_l2c/H/short|H=48|L=6144|Hsrc=controlled|Lsrc=controlled|origins=shared_origin_v1:Hmax=720,joint-scaling-l6144,release,standard_hl_shared_origin_v1,bizitobs_l2c/H/short,chronos-2,chronos2,chronos-2,119.477664,119.477664,48,controlled,shared_origin_v1:Hmax=720,720,720,6144,controlled,1944,1944,1944,1944,100,100,100,[],merged,6,1,336,6586.944159589708,,100,,float32,native_horizon,48,1024,direct_quantiles,75.6690673828125,75.6690673828125,6.06802731468564,0.6927791209427526,1.2537053748022151,0.4430898938860212,4.604028032969487,8.698796892835958,0.44372560100387115,0.3095300534415602,0.24841533843619967,0.6927791209427526,1.0508646017568088,0.6592467952432521,-0.4166573149767082,0.24841533843619967,0.38759898490519035,0.6409081244032772,-0.44486916399858584,Web/CloudOps,7
bizitobs_l2c/H/short|H=48|L=8192|Hsrc=controlled|Lsrc=controlled|origins=shared_origin_v1:Hmax=720,joint-scaling,release,standard_hl_shared_origin_v1,bizitobs_l2c/H/short,chronos-2,chronos2,chronos-2,119.477664,119.477664,48,controlled,shared_origin_v1:Hmax=720,720,720,8192,controlled,1944,1944,1944,1944,100,100,100,[],merged,2,1,336,6586.944159589708,,100,,float32,native_horizon,48,1024,direct_quantiles,75.6690673828125,75.6690673828125,6.06802731468564,0.6927791209427526,1.2537053748022151,0.4430898938860212,4.604028032969487,8.698796892835958,0.44372560100387115,0.3095300534415602,0.24841533843619967,0.6927791209427526,1.0508646017568088,0.6592467952432521,-0.4166573149767082,0.24841533843619967,0.38759898490519035,0.6409081244032772,-0.44486916399858584,Web/CloudOps,7
bizitobs_l2c/H/short|H=96|L=128|Hsrc=controlled|Lsrc=controlled|origins=shared_origin_v1:Hmax=720,joint-scaling,release,standard_hl_shared_origin_v1,bizitobs_l2c/H/short,chronos-2,chronos2,chronos-2,119.477664,119.477664,96,controlled,shared_origin_v1:Hmax=720,720,720,128,controlled,1944,1944,128,128,100,100,100,[],merged,2,1,672,8627.715840272605,,100,,float32,native_horizon,96,1024,direct_quantiles,141.60602678571428,141.60602678571428,7.937949044363839,0.8317779694982965,0.9987255696975471,1.1305897122337705,8.310560322807936,11.899833057052282,0.9268603605385393,0.618275086542947,0.4926942285071353,0.8317779694982965,1.5614972218267393,0.5326797626480754,-0.6298348559289871,0.4926942285071353,0.856660679125936,0.5751334694267032,-0.5531531443785455,Web/CloudOps,7
bizitobs_l2c/H/short|H=96|L=256|Hsrc=controlled|Lsrc=controlled|origins=shared_origin_v1:Hmax=720,joint-scaling,release,standard_hl_shared_origin_v1,bizitobs_l2c/H/short,chronos-2,chronos2,chronos-2,119.477664,119.477664,96,controlled,shared_origin_v1:Hmax=720,720,720,256,controlled,1944,1944,256,256,100,100,100,[],merged,2,1,672,8627.715840272605,,100,,float32,native_horizon,96,1024,direct_quantiles,115.25353422619048,115.25353422619048,6.486995152064732,0.6717105166607841,0.885600629244041,1.0435630253383092,4.592341165036231,10.735619880854133,0.8361815216790948,0.5052624382735539,0.41391834135015454,0.6717105166607841,1.5614972218267393,0.4301708048349738,-0.8435729286192741,0.41391834135015454,0.856660679125936,0.48317653819769313,-0.7273731885948097,Web/CloudOps,7
bizitobs_l2c/H/short|H=96|L=512|Hsrc=controlled|Lsrc=controlled|origins=shared_origin_v1:Hmax=720,joint-scaling,release,standard_hl_shared_origin_v1,bizitobs_l2c/H/short,chronos-2,chronos2,chronos-2,119.477664,119.477664,96,controlled,shared_origin_v1:Hmax=720,720,720,512,controlled,1944,1944,512,512,100,100,100,[],merged,2,1,672,8627.715840272605,,100,,float32,native_horizon,96,1024,direct_quantiles,71.28599911644345,71.28599911644345,4.955822899228051,0.5429842950208613,1.0061898580411586,1.0208136240641277,4.248778316212114,8.443103642408012,0.6576208295148155,0.38600170079037094,0.3106038195524468,0.5429842950208613,1.5614972218267393,0.3477331162879967,-1.0563200006498417,0.3106038195524468,0.856660679125936,0.36257508616989476,-1.0145236918749683,Web/CloudOps,7
bizitobs_l2c/H/short|H=96|L=1024|Hsrc=controlled|Lsrc=controlled|origins=shared_origin_v1:Hmax=720,joint-scaling,release,standard_hl_shared_origin_v1,bizitobs_l2c/H/short,chronos-2,chronos2,chronos-2,119.477664,119.477664,96,controlled,shared_origin_v1:Hmax=720,720,720,1024,controlled,1944,1944,1024,1024,100,100,100,[],merged,2,1,672,8627.715840272605,,100,,float32,native_horizon,96,1024,direct_quantiles,66.53495861235119,66.53495861235119,4.696687244233631,0.5252830968927901,1.1054999442428284,1.020458493913923,4.685085937194008,8.1568963835733,0.6353285703007187,0.36581800867763353,0.300744905512629,0.5252830968927901,1.5614972218267393,0.33639707426330245,-1.0894630481170553,0.300744905512629,0.856660679125936,0.35106654576405166,-1.0467794844146359,Web/CloudOps,7
bizitobs_l2c/H/short|H=96|L=2048|Hsrc=controlled|Lsrc=controlled|origins=shared_origin_v1:Hmax=720,joint-scaling,release,standard_hl_shared_origin_v1,bizitobs_l2c/H/short,chronos-2,chronos2,chronos-2,119.477664,119.477664,96,controlled,shared_origin_v1:Hmax=720,720,720,2048,controlled,1944,1944,1944,1944,100,100,100,[],merged,2,1,672,8627.715840272605,,100,,float32,native_horizon,96,1024,direct_quantiles,62.52712867373512,62.52712867373512,4.5342425391787575,0.5062339314357392,1.0760166481170317,1.0144661494663783,5.321096901817569,7.907409732253358,0.6158964247837768,0.3531654313538275,0.29402882300561023,0.5062339314357392,1.5614972218267393,0.3241977791311818,-1.126401520008831,0.29402882300561023,0.856660679125936,0.3432267059410411,-1.069364099882199,Web/CloudOps,7
bizitobs_l2c/H/short|H=96|L=4096|Hsrc=controlled|Lsrc=controlled|origins=shared_origin_v1:Hmax=720,joint-scaling,release,standard_hl_shared_origin_v1,bizitobs_l2c/H/short,chronos-2,chronos2,chronos-2,119.477664,119.477664,96,controlled,shared_origin_v1:Hmax=720,720,720,4096,controlled,1944,1944,1944,1944,100,100,100,[],merged,2,1,672,8627.715840272605,,100,,float32,native_horizon,96,1024,direct_quantiles,62.52712867373512,62.52712867373512,4.5342425391787575,0.5062339314357392,1.0760166481170317,1.0144661494663783,5.321096901817569,7.907409732253358,0.6158964247837768,0.3531654313538275,0.29402882300561023,0.5062339314357392,1.5614972218267393,0.3241977791311818,-1.126401520008831,0.29402882300561023,0.856660679125936,0.3432267059410411,-1.069364099882199,Web/CloudOps,7
bizitobs_l2c/H/short|H=96|L=6144|Hsrc=controlled|Lsrc=controlled|origins=shared_origin_v1:Hmax=720,joint-scaling-l6144,release,standard_hl_shared_origin_v1,bizitobs_l2c/H/short,chronos-2,chronos2,chronos-2,119.477664,119.477664,96,controlled,shared_origin_v1:Hmax=720,720,720,6144,controlled,1944,1944,1944,1944,100,100,100,[],merged,6,1,672,8627.715840272605,,100,,float32,native_horizon,96,1024,direct_quantiles,62.52712867373512,62.52712867373512,4.5342425391787575,0.5062339314357392,1.0760166481170317,1.0144661494663783,5.321096901817569,7.907409732253358,0.6158964247837768,0.3531654313538275,0.29402882300561023,0.5062339314357392,1.5614972218267393,0.3241977791311818,-1.126401520008831,0.29402882300561023,0.856660679125936,0.3432267059410411,-1.069364099882199,Web/CloudOps,7
bizitobs_l2c/H/short|H=96|L=8192|Hsrc=controlled|Lsrc=controlled|origins=shared_origin_v1:Hmax=720,joint-scaling,release,standard_hl_shared_origin_v1,bizitobs_l2c/H/short,chronos-2,chronos2,chronos-2,119.477664,119.477664,96,controlled,shared_origin_v1:Hmax=720,720,720,8192,controlled,1944,1944,1944,1944,100,100,100,[],merged,2,1,672,8627.715840272605,,100,,float32,native_horizon,96,1024,direct_quantiles,62.52712867373512,62.52712867373512,4.5342425391787575,0.5062339314357392,1.0760166481170317,1.0144661494663783,5.321096901817569,7.907409732253358,0.6158964247837768,0.3531654313538275,0.29402882300561023,0.5062339314357392,1.5614972218267393,0.3241977791311818,-1.126401520008831,0.29402882300561023,0.856660679125936,0.3432267059410411,-1.069364099882199,Web/CloudOps,7
bizitobs_l2c/H/short|H=192|L=128|Hsrc=controlled|Lsrc=controlled|origins=shared_origin_v1:Hmax=720,joint-scaling,release,standard_hl_shared_origin_v1,bizitobs_l2c/H/short,chronos-2,chronos2,chronos-2,119.477664,119.477664,192,controlled,shared_origin_v1:Hmax=720,720,720,128,controlled,1944,1944,128,128,100,100,100,[],merged,2,1,1344,22188.21000327915,,100,,float32,native_horizon,192,1024,direct_quantiles,248.91171409970238,248.91171409970238,10.480801536923362,1.1232056254022043,1.2531327941607981,1.0064497448149181,12.589683675875103,15.776936144248742,0.9556517706807618,0.6348505473647144,0.5023117912429138,1.1232056254022043,1.4056832067668206,0.7990460581695812,-0.22433669010932178,0.5023117912429138,0.6716249132023688,0.7479052390237363,-0.29047899483012724,Web/CloudOps,7
bizitobs_l2c/H/short|H=192|L=256|Hsrc=controlled|Lsrc=controlled|origins=shared_origin_v1:Hmax=720,joint-scaling,release,standard_hl_shared_origin_v1,bizitobs_l2c/H/short,chronos-2,chronos2,chronos-2,119.477664,119.477664,192,controlled,shared_origin_v1:Hmax=720,720,720,256,controlled,1944,1944,256,256,100,100,100,[],merged,2,1,1344,22188.21000327915,,100,,float32,native_horizon,192,1024,direct_quantiles,147.50864955357142,147.50864955357142,7.404073079427083,0.7955600436882575,0.7591814068001761,0.828651609874907,5.8530920032762115,12.14531389275598,0.735674570839723,0.44848476813944665,0.3687992059951765,0.7955600436882575,1.4056832067668206,0.5659596983577165,-0.5692324076290901,0.3687992059951765,0.6716249132023688,0.5491148388714592,-0.5994476810750918,Web/CloudOps,7
bizitobs_l2c/H/short|H=192|L=512|Hsrc=controlled|Lsrc=controlled|origins=shared_origin_v1:Hmax=720,joint-scaling,release,standard_hl_shared_origin_v1,bizitobs_l2c/H/short,chronos-2,chronos2,chronos-2,119.477664,119.477664,192,controlled,shared_origin_v1:Hmax=720,720,720,512,controlled,1944,1944,512,512,100,100,100,[],merged,2,1,1344,22188.21000327915,,100,,float32,native_horizon,192,1024,direct_quantiles,102.07246326264881,102.07246326264881,6.082021804082961,0.6734713486080962,0.801324892715669,0.8256688799176898,5.979581079437455,10.103091767506065,0.6119716432069737,0.3684045402256174,0.3001442701584458,0.6734713486080962,1.4056832067668206,0.4791060641302901,-0.7358332778358856,0.3001442701584458,0.6716249132023688,0.44689269897289924,-0.8054367602249645,Web/CloudOps,7
bizitobs_l2c/H/short|H=192|L=1024|Hsrc=controlled|Lsrc=controlled|origins=shared_origin_v1:Hmax=720,joint-scaling,release,standard_hl_shared_origin_v1,bizitobs_l2c/H/short,chronos-2,chronos2,chronos-2,119.477664,119.477664,192,controlled,shared_origin_v1:Hmax=720,720,720,1024,controlled,1944,1944,1024,1024,100,100,100,[],merged,2,1,1344,22188.21000327915,,100,,float32,native_horizon,192,1024,direct_quantiles,105.51070731026786,105.51070731026786,6.0500539143880205,0.6672030839670189,0.8281423076217723,0.7986553737095424,6.587655682527257,10.271840502571477,0.622193211323302,0.36646815852814607,0.29997124521948504,0.6672030839670189,1.4056832067668206,0.47464683419078274,-0.7451842584526545,0.29997124521948504,0.6716249132023688,0.44663507758995236,-0.8060133990197346,Web/CloudOps,7
bizitobs_l2c/H/short|H=192|L=2048|Hsrc=controlled|Lsrc=controlled|origins=shared_origin_v1:Hmax=720,joint-scaling,release,standard_hl_shared_origin_v1,bizitobs_l2c/H/short,chronos-2,chronos2,chronos-2,119.477664,119.477664,192,controlled,shared_origin_v1:Hmax=720,720,720,2048,controlled,1944,1944,1944,1944,100,100,100,[],merged,2,1,1344,22188.21000327915,,100,,float32,native_horizon,192,1024,direct_quantiles,103.96235584077381,103.96235584077381,6.031988961356027,0.6688233665020127,0.826649210038879,0.7968439374651227,7.424842087013161,10.196193203385949,0.617611049441369,0.36537391537507463,0.30283321397764557,0.6688233665020127,1.4056832067668206,0.4757994996898041,-0.7427587326274852,0.30283321397764557,0.6716249132023688,0.45089633815653024,-0.7965178147756332,Web/CloudOps,7
bizitobs_l2c/H/short|H=192|L=4096|Hsrc=controlled|Lsrc=controlled|origins=shared_origin_v1:Hmax=720,joint-scaling,release,standard_hl_shared_origin_v1,bizitobs_l2c/H/short,chronos-2,chronos2,chronos-2,119.477664,119.477664,192,controlled,shared_origin_v1:Hmax=720,720,720,4096,controlled,1944,1944,1944,1944,100,100,100,[],merged,2,1,1344,22188.21000327915,,100,,float32,native_horizon,192,1024,direct_quantiles,103.96235584077381,103.96235584077381,6.031988961356027,0.6688233665020127,0.826649210038879,0.7968439374651227,7.424842087013161,10.196193203385949,0.617611049441369,0.36537391537507463,0.30283321397764557,0.6688233665020127,1.4056832067668206,0.4757994996898041,-0.7427587326274852,0.30283321397764557,0.6716249132023688,0.45089633815653024,-0.7965178147756332,Web/CloudOps,7
bizitobs_l2c/H/short|H=192|L=6144|Hsrc=controlled|Lsrc=controlled|origins=shared_origin_v1:Hmax=720,joint-scaling-l6144,release,standard_hl_shared_origin_v1,bizitobs_l2c/H/short,chronos-2,chronos2,chronos-2,119.477664,119.477664,192,controlled,shared_origin_v1:Hmax=720,720,720,6144,controlled,1944,1944,1944,1944,100,100,100,[],merged,6,1,1344,22188.21000327915,,100,,float32,native_horizon,192,1024,direct_quantiles,103.96235584077381,103.96235584077381,6.031988961356027,0.6688233665020127,0.826649210038879,0.7968439374651227,7.424842087013161,10.196193203385949,0.617611049441369,0.36537391537507463,0.30283321397764557,0.6688233665020127,1.4056832067668206,0.4757994996898041,-0.7427587326274852,0.30283321397764557,0.6716249132023688,0.45089633815653024,-0.7965178147756332,Web/CloudOps,7
bizitobs_l2c/H/short|H=192|L=8192|Hsrc=controlled|Lsrc=controlled|origins=shared_origin_v1:Hmax=720,joint-scaling,release,standard_hl_shared_origin_v1,bizitobs_l2c/H/short,chronos-2,chronos2,chronos-2,119.477664,119.477664,192,controlled,shared_origin_v1:Hmax=720,720,720,8192,controlled,1944,1944,1944,1944,100,100,100,[],merged,2,1,1344,22188.21000327915,,100,,float32,native_horizon,192,1024,direct_quantiles,103.96235584077381,103.96235584077381,6.031988961356027,0.6688233665020127,0.826649210038879,0.7968439374651227,7.424842087013161,10.196193203385949,0.617611049441369,0.36537391537507463,0.30283321397764557,0.6688233665020127,1.4056832067668206,0.4757994996898041,-0.7427587326274852,0.30283321397764557,0.6716249132023688,0.45089633815653024,-0.7965178147756332,Web/CloudOps,7
bizitobs_l2c/H/short|H=336|L=128|Hsrc=controlled|Lsrc=controlled|origins=shared_origin_v1:Hmax=720,joint-scaling,release,standard_hl_shared_origin_v1,bizitobs_l2c/H/short,chronos-2,chronos2,chronos-2,119.477664,119.477664,336,controlled,shared_origin_v1:Hmax=720,720,720,128,controlled,1944,1944,128,128,100,100,100,[],merged,2,1,2352,34637.90584325045,,100,,float32,native_horizon,336,1024,direct_quantiles,270.22411777210885,270.22411777210885,11.621848592952807,1.1835937814142412,1.581459075945183,1.1441907817814625,10.366093541611571,16.438494997173823,1.116214715991174,0.7891524393629421,0.6065534339645117,1.1835937814142412,1.4724422034928037,0.8038303837030882,-0.2183669976029538,0.6065534339645117,0.8512860008308335,0.7125142823593139,-0.3389553216236572,Web/CloudOps,7
bizitobs_l2c/H/short|H=336|L=256|Hsrc=controlled|Lsrc=controlled|origins=shared_origin_v1:Hmax=720,joint-scaling,release,standard_hl_shared_origin_v1,bizitobs_l2c/H/short,chronos-2,chronos2,chronos-2,119.477664,119.477664,336,controlled,shared_origin_v1:Hmax=720,720,720,256,controlled,1944,1944,256,256,100,100,100,[],merged,2,1,2352,34637.90584325045,,100,,float32,native_horizon,336,1024,direct_quantiles,125.10602678571429,125.10602678571429,6.802413006218112,0.6986521988384152,0.7640121922348485,0.9217896753427933,5.547646871008951,11.185080544444652,0.759494802012116,0.4619007703014072,0.38245524658298985,0.6986521988384152,1.4724422034928037,0.47448531234783353,-0.7455246153673318,0.38245524658298985,0.8512860008308335,0.44926763298083516,-0.800136504270503,Web/CloudOps,7
bizitobs_l2c/H/short|H=336|L=512|Hsrc=controlled|Lsrc=controlled|origins=shared_origin_v1:Hmax=720,joint-scaling,release,standard_hl_shared_origin_v1,bizitobs_l2c/H/short,chronos-2,chronos2,chronos-2,119.477664,119.477664,336,controlled,shared_origin_v1:Hmax=720,720,720,512,controlled,1944,1944,512,512,100,100,100,[],merged,2,1,2352,34637.90584325045,,100,,float32,native_horizon,336,1024,direct_quantiles,83.15755208333333,83.15755208333333,5.406824228714924,0.5903871178656347,0.8458152845152587,0.8824841765319409,4.925432172307852,9.119076273578006,0.6192079709586382,0.3671368195146101,0.3012837214393333,0.5903871178656347,1.4724422034928037,0.40095775336048367,-0.9138992104413591,0.3012837214393333,0.8512860008308335,0.35391598257846135,-1.0386957313663077,Web/CloudOps,7
bizitobs_l2c/H/short|H=336|L=1024|Hsrc=controlled|Lsrc=controlled|origins=shared_origin_v1:Hmax=720,joint-scaling,release,standard_hl_shared_origin_v1,bizitobs_l2c/H/short,chronos-2,chronos2,chronos-2,119.477664,119.477664,336,controlled,shared_origin_v1:Hmax=720,720,720,1024,controlled,1944,1944,1024,1024,100,100,100,[],merged,2,1,2352,34637.90584325045,,100,,float32,native_horizon,336,1024,direct_quantiles,87.24211442389456,87.24211442389456,5.433493685560162,0.5872689675244926,0.8590341942047242,0.8695076663477891,5.238136877982985,9.340348731385491,0.6342329214599288,0.3689477419988925,0.3004069595602226,0.5872689675244926,1.4724422034928037,0.3988400808747688,-0.919194742246596,0.3004069595602226,0.8512860008308335,0.352886056233784,-1.0416100610288694,Web/CloudOps,7
bizitobs_l2c/H/short|H=336|L=2048|Hsrc=controlled|Lsrc=controlled|origins=shared_origin_v1:Hmax=720,joint-scaling,release,standard_hl_shared_origin_v1,bizitobs_l2c/H/short,chronos-2,chronos2,chronos-2,119.477664,119.477664,336,controlled,shared_origin_v1:Hmax=720,720,720,2048,controlled,1944,1944,1944,1944,100,100,100,[],merged,2,1,2352,34637.90584325045,,100,,float32,native_horizon,336,1024,direct_quantiles,84.36403858418367,84.36403858418367,5.39902875212585,0.5867905327551652,0.8620217412181961,0.8586670233278858,5.7079152561471735,9.184989852154638,0.6236836669638702,0.36660748725588543,0.30013152687590766,0.5867905327551652,1.4724422034928037,0.3985151548653183,-0.9200097517000291,0.30013152687590766,0.8512860008308335,0.35256250729248095,-1.0425273467977205,Web/CloudOps,7
bizitobs_l2c/H/short|H=336|L=4096|Hsrc=controlled|Lsrc=controlled|origins=shared_origin_v1:Hmax=720,joint-scaling,release,standard_hl_shared_origin_v1,bizitobs_l2c/H/short,chronos-2,chronos2,chronos-2,119.477664,119.477664,336,controlled,shared_origin_v1:Hmax=720,720,720,4096,controlled,1944,1944,1944,1944,100,100,100,[],merged,2,1,2352,34637.90584325045,,100,,float32,native_horizon,336,1024,direct_quantiles,84.36403858418367,84.36403858418367,5.39902875212585,0.5867905327551652,0.8620217412181961,0.8586670233278858,5.7079152561471735,9.184989852154638,0.6236836669638702,0.36660748725588543,0.30013152687590766,0.5867905327551652,1.4724422034928037,0.3985151548653183,-0.9200097517000291,0.30013152687590766,0.8512860008308335,0.35256250729248095,-1.0425273467977205,Web/CloudOps,7
bizitobs_l2c/H/short|H=336|L=6144|Hsrc=controlled|Lsrc=controlled|origins=shared_origin_v1:Hmax=720,joint-scaling-l6144,release,standard_hl_shared_origin_v1,bizitobs_l2c/H/short,chronos-2,chronos2,chronos-2,119.477664,119.477664,336,controlled,shared_origin_v1:Hmax=720,720,720,6144,controlled,1944,1944,1944,1944,100,100,100,[],merged,6,1,2352,34637.90584325045,,100,,float32,native_horizon,336,1024,direct_quantiles,84.36403858418367,84.36403858418367,5.39902875212585,0.5867905327551652,0.8620217412181961,0.8586670233278858,5.7079152561471735,9.184989852154638,0.6236836669638702,0.36660748725588543,0.30013152687590766,0.5867905327551652,1.4724422034928037,0.3985151548653183,-0.9200097517000291,0.30013152687590766,0.8512860008308335,0.35256250729248095,-1.0425273467977205,Web/CloudOps,7
bizitobs_l2c/H/short|H=336|L=8192|Hsrc=controlled|Lsrc=controlled|origins=shared_origin_v1:Hmax=720,joint-scaling,release,standard_hl_shared_origin_v1,bizitobs_l2c/H/short,chronos-2,chronos2,chronos-2,119.477664,119.477664,336,controlled,shared_origin_v1:Hmax=720,720,720,8192,controlled,1944,1944,1944,1944,100,100,100,[],merged,2,1,2352,34637.90584325045,,100,,float32,native_horizon,336,1024,direct_quantiles,84.36403858418367,84.36403858418367,5.39902875212585,0.5867905327551652,0.8620217412181961,0.8586670233278858,5.7079152561471735,9.184989852154638,0.6236836669638702,0.36660748725588543,0.30013152687590766,0.5867905327551652,1.4724422034928037,0.3985151548653183,-0.9200097517000291,0.30013152687590766,0.8512860008308335,0.35256250729248095,-1.0425273467977205,Web/CloudOps,7
bizitobs_l2c/H/short|H=720|L=128|Hsrc=controlled|Lsrc=controlled|origins=shared_origin_v1:Hmax=720,joint-scaling,release,standard_hl_shared_origin_v1,bizitobs_l2c/H/short,chronos-2,chronos2,chronos-2,119.477664,119.477664,720,controlled,shared_origin_v1:Hmax=720,720,720,128,controlled,1944,1944,128,128,100,100,100,[],merged,2,1,5040,82510.83089736104,,100,,float32,native_horizon,720,1024,direct_quantiles,362.5938988095238,362.5938988095238,14.29769035218254,1.4295134668018445,1.5965939907127535,1.2383684430803572,10.70093310204561,19.04189850853963,1.1631341902546422,0.8733442457347103,0.661540673234467,1.4295134668018445,1.4260541522843406,1.002425794638978,0.002422857148702531,0.661540673234467,0.9410651274656231,0.7029701281313635,-0.3524408800638079,Web/CloudOps,7
bizitobs_l2c/H/short|H=720|L=256|Hsrc=controlled|Lsrc=controlled|origins=shared_origin_v1:Hmax=720,joint-scaling,release,standard_hl_shared_origin_v1,bizitobs_l2c/H/short,chronos-2,chronos2,chronos-2,119.477664,119.477664,720,controlled,shared_origin_v1:Hmax=720,720,720,256,controlled,1944,1944,256,256,100,100,100,[],merged,2,1,5040,82510.83089736104,,100,,float32,native_horizon,720,1024,direct_quantiles,129.19224950396824,129.19224950396824,7.111160714285714,0.7402629734255208,0.6945202808112324,0.9021445622519841,5.780373788462832,11.366276853216634,0.6942850376997479,0.4343702470356081,0.35589606768219706,0.7402629734255208,1.4260541522843406,0.5190987819359612,-0.655661082643787,0.35589606768219706,0.9410651274656231,0.3781843118984322,-0.9723736045847381,Web/CloudOps,7
bizitobs_l2c/H/short|H=720|L=512|Hsrc=controlled|Lsrc=controlled|origins=shared_origin_v1:Hmax=720,joint-scaling,release,standard_hl_shared_origin_v1,bizitobs_l2c/H/short,chronos-2,chronos2,chronos-2,119.477664,119.477664,720,controlled,shared_origin_v1:Hmax=720,720,720,512,controlled,1944,1944,512,512,100,100,100,[],merged,2,1,5040,82510.83089736104,,100,,float32,native_horizon,720,1024,direct_quantiles,94.11933903769841,94.11933903769841,5.618207465277778,0.5913946249526569,0.6471297035475169,0.8144932338169643,5.055586425996955,9.701512203656625,0.592596401886352,0.34317634808723796,0.2816295374233358,0.5913946249526569,1.4260541522843406,0.41470698991712546,-0.8801830565134586,0.2816295374233358,0.9410651274656231,0.2992667873920593,-1.206419837898422,Web/CloudOps,7
bizitobs_l2c/H/short|H=720|L=1024|Hsrc=controlled|Lsrc=controlled|origins=shared_origin_v1:Hmax=720,joint-scaling,release,standard_hl_shared_origin_v1,bizitobs_l2c/H/short,chronos-2,chronos2,chronos-2,119.477664,119.477664,720,controlled,shared_origin_v1:Hmax=720,720,720,1024,controlled,1944,1944,1024,1024,100,100,100,[],merged,2,1,5040,82510.83089736104,,100,,float32,native_horizon,720,1024,direct_quantiles,90.38401537698412,90.38401537698412,5.417869156125992,0.5698796889187331,0.6213717884652886,0.7920920720176091,4.866406057643091,9.50705082436105,0.5807181388632966,0.330939105204773,0.2701363389884302,0.5698796889187331,1.4260541522843406,0.39961994991975935,-0.9172413087298137,0.2701363389884302,0.9410651274656231,0.2870538192355855,-1.248085557333905,Web/CloudOps,7
bizitobs_l2c/H/short|H=720|L=2048|Hsrc=controlled|Lsrc=controlled|origins=shared_origin_v1:Hmax=720,joint-scaling,release,standard_hl_shared_origin_v1,bizitobs_l2c/H/short,chronos-2,chronos2,chronos-2,119.477664,119.477664,720,controlled,shared_origin_v1:Hmax=720,720,720,2048,controlled,1944,1944,1944,1944,100,100,100,[],merged,2,1,5040,82510.83089736104,,100,,float32,native_horizon,720,1024,direct_quantiles,85.68464161706349,85.68464161706349,5.357755533854166,0.5712635478108645,0.6297144659223869,0.7843813457186259,5.135881238926695,9.256599895051286,0.5654198723206726,0.32726719143351446,0.2672670437998707,0.5712635478108645,1.4260541522843406,0.4005903610993872,-0.9148159171996858,0.2672670437998707,0.9410651274656231,0.2840048323962933,-1.2587640254857866,Web/CloudOps,7
bizitobs_l2c/H/short|H=720|L=4096|Hsrc=controlled|Lsrc=controlled|origins=shared_origin_v1:Hmax=720,joint-scaling,release,standard_hl_shared_origin_v1,bizitobs_l2c/H/short,chronos-2,chronos2,chronos-2,119.477664,119.477664,720,controlled,shared_origin_v1:Hmax=720,720,720,4096,controlled,1944,1944,1944,1944,100,100,100,[],merged,2,1,5040,82510.83089736104,,100,,float32,native_horizon,720,1024,direct_quantiles,85.68464161706349,85.68464161706349,5.357755533854166,0.5712635478108645,0.6297144659223869,0.7843813457186259,5.135881238926695,9.256599895051286,0.5654198723206726,0.32726719143351446,0.2672670437998707,0.5712635478108645,1.4260541522843406,0.4005903610993872,-0.9148159171996858,0.2672670437998707,0.9410651274656231,0.2840048323962933,-1.2587640254857866,Web/CloudOps,7
bizitobs_l2c/H/short|H=720|L=6144|Hsrc=controlled|Lsrc=controlled|origins=shared_origin_v1:Hmax=720,joint-scaling-l6144,release,standard_hl_shared_origin_v1,bizitobs_l2c/H/short,chronos-2,chronos2,chronos-2,119.477664,119.477664,720,controlled,shared_origin_v1:Hmax=720,720,720,6144,controlled,1944,1944,1944,1944,100,100,100,[],merged,6,1,5040,82510.83089736104,,100,,float32,native_horizon,720,1024,direct_quantiles,85.68464161706349,85.68464161706349,5.357755533854166,0.5712635478108645,0.6297144659223869,0.7843813457186259,5.135881238926695,9.256599895051286,0.5654198723206726,0.32726719143351446,0.2672670437998707,0.5712635478108645,1.4260541522843406,0.4005903610993872,-0.9148159171996858,0.2672670437998707,0.9410651274656231,0.2840048323962933,-1.2587640254857866,Web/CloudOps,7
bizitobs_l2c/H/short|H=720|L=8192|Hsrc=controlled|Lsrc=controlled|origins=shared_origin_v1:Hmax=720,joint-scaling,release,standard_hl_shared_origin_v1,bizitobs_l2c/H/short,chronos-2,chronos2,chronos-2,119.477664,119.477664,720,controlled,shared_origin_v1:Hmax=720,720,720,8192,controlled,1944,1944,1944,1944,100,100,100,[],merged,2,1,5040,82510.83089736104,,100,,float32,native_horizon,720,1024,direct_quantiles,85.68464161706349,85.68464161706349,5.357755533854166,0.5712635478108645,0.6297144659223869,0.7843813457186259,5.135881238926695,9.256599895051286,0.5654198723206726,0.32726719143351446,0.2672670437998707,0.5712635478108645,1.4260541522843406,0.4005903610993872,-0.9148159171996858,0.2672670437998707,0.9410651274656231,0.2840048323962933,-1.2587640254857866,Web/CloudOps,7
electricity/15T/short|H=48|L=128|Hsrc=controlled|Lsrc=controlled|origins=shared_origin_v1:Hmax=720,joint-scaling,release,standard_hl_shared_origin_v1,electricity/15T/short,chronos-2,chronos2,chronos-2,119.477664,119.477664,48,controlled,shared_origin_v1:Hmax=720,720,720,128,controlled,125856,139536,128,128,100,100,100,[],merged,2,370,355200,225501006.4677921,,100,,float32,native_horizon,48,1024,direct_quantiles,234110.05298423424,234110.05298423424,56.76312576981278,0.9303472371781948,0.1402807550132388,0.1471163000502028,8.613880825909455,483.8492047985966,0.7621395586498566,0.08941096356621911,0.07179698662520276,0.9303472371781948,1.0560089751972532,0.8810031534101441,-0.1266940736991919,0.07179698662520276,0.09051464705745935,0.7932084912138642,-0.23166917738387988,Energy,1
electricity/15T/short|H=48|L=256|Hsrc=controlled|Lsrc=controlled|origins=shared_origin_v1:Hmax=720,joint-scaling,release,standard_hl_shared_origin_v1,electricity/15T/short,chronos-2,chronos2,chronos-2,119.477664,119.477664,48,controlled,shared_origin_v1:Hmax=720,720,720,256,controlled,125856,139536,256,256,100,100,100,[],merged,2,370,355200,225501006.4677921,,100,,float32,native_horizon,48,1024,direct_quantiles,218288.6569432714,218288.6569432714,52.398875853392454,0.8463052553957554,0.12774208273105483,0.13594306447484472,7.777882830891468,467.21371656156606,0.7359360151963279,0.08253657486794114,0.06637014337905882,0.8463052553957554,1.0560089751972532,0.8014186197969321,-0.22137184696348639,0.06637014337905882,0.09051464705745935,0.7332530760124002,-0.3102643760943029,Energy,1
electricity/15T/short|H=48|L=512|Hsrc=controlled|Lsrc=controlled|origins=shared_origin_v1:Hmax=720,joint-scaling,release,standard_hl_shared_origin_v1,electricity/15T/short,chronos-2,chronos2,chronos-2,119.477664,119.477664,48,controlled,shared_origin_v1:Hmax=720,720,720,512,controlled,125856,139536,512,512,100,100,100,[],merged,2,370,355200,225501006.4677921,,100,,float32,native_horizon,48,1024,direct_quantiles,195674.2053631757,195674.2053631757,48.43258225999437,0.7688416257752622,0.11593458980312776,0.12273350036896027,7.147042197446669,442.3507718577822,0.6967729174473811,0.07628903075963481,0.061222034926073046,0.7688416257752622,1.0560089751972532,0.7280635333915124,-0.31736696345116827,0.061222034926073046,0.09051464705745935,0.6763771048812559,-0.3910045110207447,Energy,1
electricity/15T/short|H=48|L=1024|Hsrc=controlled|Lsrc=controlled|origins=shared_origin_v1:Hmax=720,joint-scaling,release,standard_hl_shared_origin_v1,electricity/15T/short,chronos-2,chronos2,chronos-2,119.477664,119.477664,48,controlled,shared_origin_v1:Hmax=720,720,720,1024,controlled,125856,139536,1024,1024,100,100,100,[],merged,2,370,355200,225501006.4677921,,100,,float32,native_horizon,48,1024,direct_quantiles,179804.6690776323,179804.6690776323,44.727452909452424,0.7061395667744087,0.09594025705136357,0.11267002500929274,6.575826319821604,424.0338065268291,0.6679207797675264,0.07045286192860803,0.056422444789307705,0.7061395667744087,1.0560089751972532,0.6686870882347453,-0.4024390588647963,0.056422444789307705,0.09051464705745935,0.6233515416956809,-0.4726446469517621,Energy,1
electricity/15T/short|H=48|L=2048|Hsrc=controlled|Lsrc=controlled|origins=shared_origin_v1:Hmax=720,joint-scaling,release,standard_hl_shared_origin_v1,electricity/15T/short,chronos-2,chronos2,chronos-2,119.477664,119.477664,48,controlled,shared_origin_v1:Hmax=720,720,720,2048,controlled,125856,139536,2048,2048,100,100,100,[],merged,2,370,355200,225501006.4677921,,100,,float32,native_horizon,48,1024,direct_quantiles,162250.9546982334,162250.9546982334,42.97866301115569,0.6886890810667645,0.09471462578919969,0.11025567338273332,6.3963919399216325,402.803866290076,0.6344802426709801,0.06769823931470088,0.05401031358221876,0.6886890810667645,1.0560089751972532,0.6521621475216377,-0.427462055456493,0.05401031358221876,0.09051464705745935,0.5967024712357617,-0.5163366629581324,Energy,1
electricity/15T/short|H=48|L=4096|Hsrc=controlled|Lsrc=controlled|origins=shared_origin_v1:Hmax=720,joint-scaling,release,standard_hl_shared_origin_v1,electricity/15T/short,chronos-2,chronos2,chronos-2,119.477664,119.477664,48,controlled,shared_origin_v1:Hmax=720,720,720,4096,controlled,125856,139536,4096,4096,100,100,100,[],merged,2,370,355200,225501006.4677921,,100,,float32,native_horizon,48,1024,direct_quantiles,158170.39006756758,158170.39006756758,42.838331133868245,0.6860278895709374,0.09329457256901762,0.10967033025380728,6.377721012802522,397.7064119015025,0.6264509401539651,0.06747719425777064,0.05378381265391435,0.6860278895709374,1.0560089751972532,0.6496421012357337,-0.431333681219212,0.05378381265391435,0.09051464705745935,0.5942001035453632,-0.5205391416935251,Energy,1
electricity/15T/short|H=48|L=6144|Hsrc=controlled|Lsrc=controlled|origins=shared_origin_v1:Hmax=720,joint-scaling-l6144,release,standard_hl_shared_origin_v1,electricity/15T/short,chronos-2,chronos2,chronos-2,119.477664,119.477664,48,controlled,shared_origin_v1:Hmax=720,720,720,6144,controlled,125856,139536,6144,6144,100,100,100,[],merged,6,370,355200,225501006.4677921,,100,,float32,native_horizon,48,1024,direct_quantiles,165555.02211447776,165555.02211447776,43.37877469999296,0.6889134117114982,0.09369671455846222,0.11001052237845756,6.386992867300962,406.88453167265743,0.6409079405628738,0.06832847894910933,0.05449636659009795,0.6889134117114982,1.0560089751972532,0.6523745800387873,-0.4271363727608059,0.05449636659009795,0.09051464705745935,0.602072353610386,-0.5073776521738302,Energy,1
electricity/15T/short|H=48|L=8192|Hsrc=controlled|Lsrc=controlled|origins=shared_origin_v1:Hmax=720,joint-scaling,release,standard_hl_shared_origin_v1,electricity/15T/short,chronos-2,chronos2,chronos-2,119.477664,119.477664,48,controlled,shared_origin_v1:Hmax=720,720,720,8192,controlled,125856,139536,8192,8192,100,100,100,[],merged,2,370,355200,225501006.4677921,,100,,float32,native_horizon,48,1024,direct_quantiles,160496.05448902026,160496.05448902026,43.13401635522241,0.6879887960262113,0.09348314585272567,0.1099701975916957,6.393772708786445,400.619588249277,0.6310396568738493,0.06794294557422872,0.05410481263727884,0.6879887960262113,1.0560089751972532,0.6514990044452047,-0.4284794105147905,0.05410481263727884,0.09051464705745935,0.5977464907191509,-0.5145885434779152,Energy,1
electricity/15T/short|H=96|L=128|Hsrc=controlled|Lsrc=controlled|origins=shared_origin_v1:Hmax=720,joint-scaling,release,standard_hl_shared_origin_v1,electricity/15T/short,chronos-2,chronos2,chronos-2,119.477664,119.477664,96,controlled,shared_origin_v1:Hmax=720,720,720,128,controlled,125856,139536,128,128,100,100,100,[],merged,2,370,710400,449541917.5210018,,100,,float32,native_horizon,96,1024,direct_quantiles,257732.5297635135,257732.5297635135,61.7048353260487,1.0052971186840973,0.1594067302255534,0.16095612517348282,10.313395231065526,507.673644936896,0.8022641344593231,0.09751062872479983,0.07916518090525763,1.0052971186840973,1.0749568648612153,0.9351976358734063,-0.06699739676437877,0.07916518090525763,0.09292762757833782,0.8519014524342777,-0.16028442499961815,Energy,1
electricity/15T/short|H=96|L=256|Hsrc=controlled|Lsrc=controlled|origins=shared_origin_v1:Hmax=720,joint-scaling,release,standard_hl_shared_origin_v1,electricity/15T/short,chronos-2,chronos2,chronos-2,119.477664,119.477664,96,controlled,shared_origin_v1:Hmax=720,720,720,256,controlled,125856,139536,256,256,100,100,100,[],merged,2,370,710400,449541917.5210018,,100,,float32,native_horizon,96,1024,direct_quantiles,240638.02668003942,240638.02668003942,58.07807324658643,0.9368167512671419,0.14988104238880925,0.15132231617833042,9.40696367533311,490.54869960080356,0.7752020058955463,0.09177934609946016,0.07441610374507261,0.9368167512671419,1.0749568648612153,0.871492412291438,-0.13754812055286272,0.07441610374507261,0.09292762757833782,0.8007963367227897,-0.22214862551358025,Energy,1
electricity/15T/short|H=96|L=512|Hsrc=controlled|Lsrc=controlled|origins=shared_origin_v1:Hmax=720,joint-scaling,release,standard_hl_shared_origin_v1,electricity/15T/short,chronos-2,chronos2,chronos-2,119.477664,119.477664,96,controlled,shared_origin_v1:Hmax=720,720,720,512,controlled,125856,139536,512,512,100,100,100,[],merged,2,370,710400,449541917.5210018,,100,,float32,native_horizon,96,1024,direct_quantiles,226746.37160261825,226746.37160261825,54.03006875527872,0.85322687546316,0.1386811929805753,0.13653188842910904,8.603912078414377,476.17892813796186,0.752493810620907,0.08538238448466114,0.06918594364561058,0.85322687546316,1.0749568648612153,0.7937312680665728,-0.2310103283399107,0.06918594364561058,0.09292762757833782,0.7445142574772713,-0.2950232766354343,Energy,1
electricity/15T/short|H=96|L=1024|Hsrc=controlled|Lsrc=controlled|origins=shared_origin_v1:Hmax=720,joint-scaling,release,standard_hl_shared_origin_v1,electricity/15T/short,chronos-2,chronos2,chronos-2,119.477664,119.477664,96,controlled,shared_origin_v1:Hmax=720,720,720,1024,controlled,125856,139536,1024,1024,100,100,100,[],merged,2,370,710400,449541917.5210018,,100,,float32,native_horizon,96,1024,direct_quantiles,220390.8811475929,220390.8811475929,50.69732263513514,0.7852050387573524,0.11155603677746365,0.12415263425122511,8.235536688714465,469.45807176742943,0.7418730071328692,0.0801157280251122,0.0647647397453963,0.7852050387573524,1.0749568648612153,0.7304526017969363,-0.31409093450026315,0.0647647397453963,0.09292762757833782,0.696937406378956,-0.3610596765886168,Energy,1
electricity/15T/short|H=96|L=2048|Hsrc=controlled|Lsrc=controlled|origins=shared_origin_v1:Hmax=720,joint-scaling,release,standard_hl_shared_origin_v1,electricity/15T/short,chronos-2,chronos2,chronos-2,119.477664,119.477664,96,controlled,shared_origin_v1:Hmax=720,720,720,2048,controlled,125856,139536,2048,2048,100,100,100,[],merged,2,370,710400,449541917.5210018,,100,,float32,native_horizon,96,1024,direct_quantiles,202646.7941747607,202646.7941747607,48.78418608794341,0.7652340357457851,0.1067534667740139,0.12124755825008358,8.078190700842717,450.1630750903062,0.7113815999799691,0.07709244554542774,0.06230358910679877,0.7652340357457851,1.0749568648612153,0.7118741791044633,-0.33985409792697324,0.06230358910679877,0.09292762757833782,0.6704528107561657,-0.3998019579225701,Energy,1
electricity/15T/short|H=96|L=4096|Hsrc=controlled|Lsrc=controlled|origins=shared_origin_v1:Hmax=720,joint-scaling,release,standard_hl_shared_origin_v1,electricity/15T/short,chronos-2,chronos2,chronos-2,119.477664,119.477664,96,controlled,shared_origin_v1:Hmax=720,720,720,4096,controlled,125856,139536,4096,4096,100,100,100,[],merged,2,370,710400,449541917.5210018,,100,,float32,native_horizon,96,1024,direct_quantiles,200808.72604518585,200808.72604518585,48.74310617257883,0.7633475422461251,0.10587814691020994,0.12080976572122659,8.05448743894716,448.1168665038015,0.7081480270400551,0.07702752796880678,0.0622310684579631,0.7633475422461251,1.0749568648612153,0.7101192310118218,-0.3423223920430424,0.0622310684579631,0.09292762757833782,0.6696724115280186,-0.4009666241841769,Energy,1
electricity/15T/short|H=96|L=6144|Hsrc=controlled|Lsrc=controlled|origins=shared_origin_v1:Hmax=720,joint-scaling-l6144,release,standard_hl_shared_origin_v1,electricity/15T/short,chronos-2,chronos2,chronos-2,119.477664,119.477664,96,controlled,shared_origin_v1:Hmax=720,720,720,6144,controlled,125856,139536,6144,6144,100,100,100,[],merged,6,370,710400,449541917.5210018,,100,,float32,native_horizon,96,1024,direct_quantiles,203305.23328336148,203305.23328336148,49.04079022381757,0.7669045016456447,0.10646390349088294,0.12124645009771123,8.065393971324232,450.89381597374063,0.7125363717673354,0.07749795072975015,0.0626187250857483,0.7669045016456447,1.0749568648612153,0.7134281632264915,-0.33767352936741085,0.0626187250857483,0.09292762757833782,0.6738440086933332,-0.39475663596427063,Energy,1
electricity/15T/short|H=96|L=8192|Hsrc=controlled|Lsrc=controlled|origins=shared_origin_v1:Hmax=720,joint-scaling,release,standard_hl_shared_origin_v1,electricity/15T/short,chronos-2,chronos2,chronos-2,119.477664,119.477664,96,controlled,shared_origin_v1:Hmax=720,720,720,8192,controlled,125856,139536,8192,8192,100,100,100,[],merged,2,370,710400,449541917.5210018,,100,,float32,native_horizon,96,1024,direct_quantiles,200261.6539203266,200261.6539203266,48.84864216022663,0.7648589448739225,0.10600025239947114,0.12105766949352917,8.067839612804468,447.50603785907356,0.7071827496047324,0.07719430388603034,0.06236247017628761,0.7648589448739225,1.0749568648612153,0.7115252433619011,-0.3403443830065432,0.06236247017628761,0.09292762757833782,0.671086433619713,-0.3988573371620233,Energy,1
electricity/15T/short|H=192|L=128|Hsrc=controlled|Lsrc=controlled|origins=shared_origin_v1:Hmax=720,joint-scaling,release,standard_hl_shared_origin_v1,electricity/15T/short,chronos-2,chronos2,chronos-2,119.477664,119.477664,192,controlled,shared_origin_v1:Hmax=720,720,720,128,controlled,125856,139536,128,128,100,100,100,[],merged,2,370,1420800,899544419.732925,,100,,float32,native_horizon,192,1024,direct_quantiles,282257.1633509291,282257.1633509291,67.25380412883587,1.0898962991949064,0.18046556081107945,0.1725677541784338,11.330466498115573,531.2788000202239,0.839136903648234,0.10622510996690977,0.08691110592103982,1.0898962991949064,1.1437313288387232,0.9529303532338511,-0.0482134595999407,0.08691110592103982,0.10019956699000873,0.8673800549428127,-0.1422780419162411,Energy,1
electricity/15T/short|H=192|L=256|Hsrc=controlled|Lsrc=controlled|origins=shared_origin_v1:Hmax=720,joint-scaling,release,standard_hl_shared_origin_v1,electricity/15T/short,chronos-2,chronos2,chronos-2,119.477664,119.477664,192,controlled,shared_origin_v1:Hmax=720,720,720,256,controlled,125856,139536,256,256,100,100,100,[],merged,2,370,1420800,899544419.732925,,100,,float32,native_horizon,192,1024,direct_quantiles,268337.6484283502,268337.6484283502,63.56366875175957,1.0166841437470735,0.17341596562280467,0.1630351057997695,10.308648652542086,518.013173991116,0.8181842958073089,0.10039666589151143,0.08169008159872351,1.0166841437470735,1.1437313288387232,0.8889186805605422,-0.11774952058740963,0.08169008159872351,0.10019956699000873,0.8152737986070252,-0.20423127294850124,Energy,1
electricity/15T/short|H=192|L=512|Hsrc=controlled|Lsrc=controlled|origins=shared_origin_v1:Hmax=720,joint-scaling,release,standard_hl_shared_origin_v1,electricity/15T/short,chronos-2,chronos2,chronos-2,119.477664,119.477664,192,controlled,shared_origin_v1:Hmax=720,720,720,512,controlled,125856,139536,512,512,100,100,100,[],merged,2,370,1420800,899544419.732925,,100,,float32,native_horizon,192,1024,direct_quantiles,255484.69699535472,255484.69699535472,58.41063267613316,0.90134432165779,0.1529745347538789,0.1423276325603863,9.03323101635654,505.45494061820654,0.7983489907519707,0.09225761961915088,0.07453669510359937,0.90134432165779,1.1437313288387232,0.7880734740150569,-0.23816395233508345,0.07453669510359937,0.10019956699000873,0.7438824073065275,-0.29587231133653236,Energy,1
electricity/15T/short|H=192|L=1024|Hsrc=controlled|Lsrc=controlled|origins=shared_origin_v1:Hmax=720,joint-scaling,release,standard_hl_shared_origin_v1,electricity/15T/short,chronos-2,chronos2,chronos-2,119.477664,119.477664,192,controlled,shared_origin_v1:Hmax=720,720,720,1024,controlled,125856,139536,1024,1024,100,100,100,[],merged,2,370,1420800,899544419.732925,,100,,float32,native_horizon,192,1024,direct_quantiles,246543.7139942286,246543.7139942286,54.66942138671875,0.8304139696840017,0.12049341877275312,0.12872742386551592,8.684816855965252,496.5316847837896,0.7842550098307132,0.08634850286694183,0.069749474816532,0.8304139696840017,1.1437313288387232,0.7260568533408582,-0.32012695683658215,0.069749474816532,0.10019956699000873,0.696105551269368,-0.36225397602338616,Energy,1
electricity/15T/short|H=192|L=2048|Hsrc=controlled|Lsrc=controlled|origins=shared_origin_v1:Hmax=720,joint-scaling,release,standard_hl_shared_origin_v1,electricity/15T/short,chronos-2,chronos2,chronos-2,119.477664,119.477664,192,controlled,shared_origin_v1:Hmax=720,720,720,2048,controlled,125856,139536,2048,2048,100,100,100,[],merged,2,370,1420800,899544419.732925,,100,,float32,native_horizon,192,1024,direct_quantiles,232714.53485465935,232714.53485465935,53.06505428279842,0.8081280458835688,0.11225158136185753,0.12537971994898342,8.466949825112238,482.4049490362421,0.7619423083011159,0.08381445926526312,0.06742674690159979,0.8081280458835688,1.1437313288387232,0.7065715745533472,-0.347330773350079,0.06742674690159979,0.10019956699000873,0.672924533778905,-0.39612208968299334,Energy,1
electricity/15T/short|H=192|L=4096|Hsrc=controlled|Lsrc=controlled|origins=shared_origin_v1:Hmax=720,joint-scaling,release,standard_hl_shared_origin_v1,electricity/15T/short,chronos-2,chronos2,chronos-2,119.477664,119.477664,192,controlled,shared_origin_v1:Hmax=720,720,720,4096,controlled,125856,139536,4096,4096,100,100,100,[],merged,2,370,1420800,899544419.732925,,100,,float32,native_horizon,192,1024,direct_quantiles,233571.26711958053,233571.26711958053,52.97009219057925,0.8069984974779165,0.11118962879357444,0.12489318418073224,8.469079544620493,483.29211365340996,0.7633435548214893,0.08366446985099378,0.06738991768429141,0.8069984974779165,1.1437313288387232,0.7055839751257796,-0.3487294855369953,0.06738991768429141,0.10019956699000873,0.6725569751315503,-0.3966684497095918,Energy,1
electricity/15T/short|H=192|L=6144|Hsrc=controlled|Lsrc=controlled|origins=shared_origin_v1:Hmax=720,joint-scaling-l6144,release,standard_hl_shared_origin_v1,electricity/15T/short,chronos-2,chronos2,chronos-2,119.477664,119.477664,192,controlled,shared_origin_v1:Hmax=720,720,720,6144,controlled,125856,139536,6144,6144,100,100,100,[],merged,6,370,1420800,899544419.7329249,,100,,float32,native_horizon,192,1024,direct_quantiles,235782.27262141046,235782.27262141046,53.24143084001971,0.8116833023005929,0.11198172664714796,0.12542980829874675,8.49636363461106,485.57416799229594,0.7669479825001714,0.08409304007461817,0.06782214833246837,0.8116833023005929,1.1437313288387232,0.7096800462086913,-0.34294104965779765,0.06782214833246837,0.10019956699000873,0.6768706728965322,-0.3902750540132885,Energy,1
electricity/15T/short|H=192|L=8192|Hsrc=controlled|Lsrc=controlled|origins=shared_origin_v1:Hmax=720,joint-scaling,release,standard_hl_shared_origin_v1,electricity/15T/short,chronos-2,chronos2,chronos-2,119.477664,119.477664,192,controlled,shared_origin_v1:Hmax=720,720,720,8192,controlled,125856,139536,8192,8192,100,100,100,[],merged,2,370,1420800,899544419.732925,,100,,float32,native_horizon,192,1024,direct_quantiles,233488.19123733108,233488.19123733108,53.08315969656179,0.8093933754993737,0.1113649582329172,0.12517718306532852,8.51111924952428,483.206158111971,0.7632077909496922,0.08384305615421124,0.06763208527633043,0.8093933754993737,1.1437313288387232,0.7076778917310795,-0.34576624399401745,0.06763208527633043,0.10019956699000873,0.6749738278117935,-0.39308136247348097,Energy,1
electricity/15T/short|H=336|L=128|Hsrc=controlled|Lsrc=controlled|origins=shared_origin_v1:Hmax=720,joint-scaling,release,standard_hl_shared_origin_v1,electricity/15T/short,chronos-2,chronos2,chronos-2,119.477664,119.477664,336,controlled,shared_origin_v1:Hmax=720,720,720,128,controlled,125856,139536,128,128,100,100,100,[],merged,2,370,2486400,1571221544.6917512,,100,,float32,native_horizon,336,1024,direct_quantiles,329394.35450209136,329394.35450209136,69.72592309664576,1.1309179290063516,0.19045565030755243,0.17776949338777953,11.437056144067071,573.9288758218141,0.9082212254945351,0.11033869524842327,0.09097582233675264,1.1309179290063516,1.1622606248712446,0.9730329883038367,-0.02733729366700921,0.09097582233675264,0.10413680885837828,0.8736183039800649,-0.13511172185286113,Energy,1
electricity/15T/short|H=336|L=256|Hsrc=controlled|Lsrc=controlled|origins=shared_origin_v1:Hmax=720,joint-scaling,release,standard_hl_shared_origin_v1,electricity/15T/short,chronos-2,chronos2,chronos-2,119.477664,119.477664,336,controlled,shared_origin_v1:Hmax=720,720,720,256,controlled,125856,139536,256,256,100,100,100,[],merged,2,370,2486400,1571221544.6917512,,100,,float32,native_horizon,336,1024,direct_quantiles,305750.3937057593,305750.3937057593,65.16656471203346,1.0328161301765244,0.18019815128568628,0.16557974718405627,9.888730036525635,552.9470080448572,0.8750181955228066,0.10312367918286644,0.08381942533468306,1.0328161301765244,1.1622606248712446,0.8886269637594751,-0.11807774484946239,0.08381942533468306,0.10413680885837828,0.8048971948878708,-0.21704071793278704,Energy,1
electricity/15T/short|H=336|L=512|Hsrc=controlled|Lsrc=controlled|origins=shared_origin_v1:Hmax=720,joint-scaling,release,standard_hl_shared_origin_v1,electricity/15T/short,chronos-2,chronos2,chronos-2,119.477664,119.477664,336,controlled,shared_origin_v1:Hmax=720,720,720,512,controlled,125856,139536,512,512,100,100,100,[],merged,2,370,2486400,1571221544.6917512,,100,,float32,native_horizon,336,1024,direct_quantiles,296799.83648005145,296799.83648005145,59.145329567849096,0.8869758641886047,0.14133889512049483,0.13883307693854569,8.133709946881423,544.7933887998747,0.8621153945402108,0.09359529719683843,0.07518024589131053,0.8869758641886047,1.1622606248712446,0.7631471334468239,-0.27030443084004524,0.07518024589131053,0.10413680885837828,0.7219372930233778,-0.32581699562931876,Energy,1
electricity/15T/short|H=336|L=1024|Hsrc=controlled|Lsrc=controlled|origins=shared_origin_v1:Hmax=720,joint-scaling,release,standard_hl_shared_origin_v1,electricity/15T/short,chronos-2,chronos2,chronos-2,119.477664,119.477664,336,controlled,shared_origin_v1:Hmax=720,720,720,1024,controlled,125856,139536,1024,1024,100,100,100,[],merged,2,370,2486400,1571221544.6917512,,100,,float32,native_horizon,336,1024,direct_quantiles,287828.8162717181,287828.8162717181,55.82439635366393,0.8297722309036716,0.11839154220250472,0.12772491867477828,7.7141546971429955,536.4967998709014,0.8489863493188724,0.08834004317384835,0.07086148763751511,0.8297722309036716,1.1622606248712446,0.7139295723758979,-0.33697095963660734,0.07086148763751511,0.10413680885837828,0.6804653264714859,-0.3849784112064201,Energy,1
electricity/15T/short|H=336|L=2048|Hsrc=controlled|Lsrc=controlled|origins=shared_origin_v1:Hmax=720,joint-scaling,release,standard_hl_shared_origin_v1,electricity/15T/short,chronos-2,chronos2,chronos-2,119.477664,119.477664,336,controlled,shared_origin_v1:Hmax=720,720,720,2048,controlled,125856,139536,2048,2048,100,100,100,[],merged,2,370,2486400,1571221544.6917512,,100,,float32,native_horizon,336,1024,direct_quantiles,270607.94730212353,270607.94730212353,53.83736884903877,0.8069229765231178,0.11114500639802473,0.12438316983452481,7.391005288423591,520.1999109016874,0.8231971250876051,0.0851956456162975,0.06813145754670615,0.8069229765231178,1.1622606248712446,0.6942702516593547,-0.3648939826634537,0.06813145754670615,0.10413680885837828,0.6542495232340189,-0.42426646629355524,Energy,1
electricity/15T/short|H=336|L=4096|Hsrc=controlled|Lsrc=controlled|origins=shared_origin_v1:Hmax=720,joint-scaling,release,standard_hl_shared_origin_v1,electricity/15T/short,chronos-2,chronos2,chronos-2,119.477664,119.477664,336,controlled,shared_origin_v1:Hmax=720,720,720,4096,controlled,125856,139536,4096,4096,100,100,100,[],merged,2,370,2486400,1571221544.6917512,,100,,float32,native_horizon,336,1024,direct_quantiles,271832.5516570142,271832.5516570142,53.539263505972485,0.8074409145685477,0.11128845205670547,0.12399818685524253,7.410611312473446,521.3756339310595,0.8250576633103064,0.0847239049330666,0.06798902773915523,0.8074409145685477,1.1622606248712446,0.6947158815244181,-0.3642523205622895,0.06798902773915523,0.10413680885837828,0.6528818050456825,-0.4263591690815539,Energy,1
electricity/15T/short|H=336|L=6144|Hsrc=controlled|Lsrc=controlled|origins=shared_origin_v1:Hmax=720,joint-scaling-l6144,release,standard_hl_shared_origin_v1,electricity/15T/short,chronos-2,chronos2,chronos-2,119.477664,119.477664,336,controlled,shared_origin_v1:Hmax=720,720,720,6144,controlled,125856,139536,6144,6144,100,100,100,[],merged,6,370,2486400,1571221544.6917512,,100,,float32,native_horizon,336,1024,direct_quantiles,275570.7919311052,275570.7919311052,54.00301216115669,0.8125624651186532,0.11195760485719507,0.12466455093835464,7.464278984177641,524.9483707290701,0.8307113871944938,0.08545777003321467,0.06864764862233913,0.8125624651186532,1.1622606248712446,0.6991224237753636,-0.35792941077424234,0.06864764862233913,0.10413680885837828,0.6592063783680665,-0.4167186245112556,Energy,1
electricity/15T/short|H=336|L=8192|Hsrc=controlled|Lsrc=controlled|origins=shared_origin_v1:Hmax=720,joint-scaling,release,standard_hl_shared_origin_v1,electricity/15T/short,chronos-2,chronos2,chronos-2,119.477664,119.477664,336,controlled,shared_origin_v1:Hmax=720,720,720,8192,controlled,125856,139536,8192,8192,100,100,100,[],merged,2,370,2486400,1571221544.6917512,,100,,float32,native_horizon,336,1024,direct_quantiles,275991.78176801803,275991.78176801803,53.89713706312339,0.8105538861159776,0.11099866942248007,0.12436380550821469,7.478658183594786,525.3491998357074,0.831345684435459,0.08529022660521154,0.06861904902306053,0.8105538861159776,1.1622606248712446,0.6973942580269127,-0.36040437817437665,0.06861904902306053,0.10413680885837828,0.6589317434950361,-0.41713532572404827,Energy,1
electricity/15T/short|H=720|L=128|Hsrc=controlled|Lsrc=controlled|origins=shared_origin_v1:Hmax=720,joint-scaling,release,standard_hl_shared_origin_v1,electricity/15T/short,chronos-2,chronos2,chronos-2,119.477664,119.477664,720,controlled,shared_origin_v1:Hmax=720,720,720,128,controlled,125856,139536,128,128,100,100,100,[],merged,2,370,5328000,3377233537.273105,,100,,float32,native_horizon,720,1024,direct_quantiles,362821.0374181682,362821.0374181682,72.16266774587088,1.1566456419807913,0.18781821520471007,0.17576217733847127,12.286802383022959,602.3462770019984,0.950275107849944,0.11384545649764116,0.09687172933125905,1.1566456419807913,1.1635317074801095,0.9940817551811876,-0.005935827034572747,0.09687172933125905,0.11255332059997462,0.8606741126328075,-0.150039344887425,Energy,1
electricity/15T/short|H=720|L=256|Hsrc=controlled|Lsrc=controlled|origins=shared_origin_v1:Hmax=720,joint-scaling,release,standard_hl_shared_origin_v1,electricity/15T/short,chronos-2,chronos2,chronos-2,119.477664,119.477664,720,controlled,shared_origin_v1:Hmax=720,720,720,256,controlled,125856,139536,256,256,100,100,100,[],merged,2,370,5328000,3377233537.273105,,100,,float32,native_horizon,720,1024,direct_quantiles,327609.99476201204,327609.99476201204,66.26249521396396,1.0265349047364563,0.16601457598374145,0.15975606099263326,9.799872609582788,572.3722519147937,0.9029874080500729,0.10453721088683195,0.08631738171337183,1.0265349047364563,1.1635317074801095,0.8822577830385467,-0.12527099465943914,0.08631738171337183,0.11255332059997462,0.7669021336132067,-0.26539608208818005,Energy,1
electricity/15T/short|H=720|L=512|Hsrc=controlled|Lsrc=controlled|origins=shared_origin_v1:Hmax=720,joint-scaling,release,standard_hl_shared_origin_v1,electricity/15T/short,chronos-2,chronos2,chronos-2,119.477664,119.477664,720,controlled,shared_origin_v1:Hmax=720,720,720,512,controlled,125856,139536,512,512,100,100,100,[],merged,2,370,5328000,3377233537.273105,,100,,float32,native_horizon,720,1024,direct_quantiles,344413.64140202705,344413.64140202705,62.34854047015766,0.9215266697747855,0.1418398274319307,0.14062786901892127,8.345141398079445,586.8676523731965,0.925855679607251,0.09836246737417635,0.0797191857952048,0.9215266697747855,1.1635317074801095,0.7920082141728303,-0.23318351579115282,0.0797191857952048,0.11255332059997462,0.7082792881654242,-0.3449167882632286,Energy,1
electricity/15T/short|H=720|L=1024|Hsrc=controlled|Lsrc=controlled|origins=shared_origin_v1:Hmax=720,joint-scaling,release,standard_hl_shared_origin_v1,electricity/15T/short,chronos-2,chronos2,chronos-2,119.477664,119.477664,720,controlled,shared_origin_v1:Hmax=720,720,720,1024,controlled,125856,139536,1024,1024,100,100,100,[],merged,2,370,5328000,3377233537.273105,,100,,float32,native_horizon,720,1024,direct_quantiles,317871.8639166667,317871.8639166667,57.95347414602102,0.8703090920565589,0.12505336007200185,0.13120472914320572,7.600750912057935,563.8012627838525,0.8894656217756992,0.09142871135269978,0.07350364423894545,0.8703090920565589,1.1635317074801095,0.7479891492956472,-0.2903668074021188,0.07350364423894545,0.11255332059997462,0.6530562034698604,-0.42609208377723257,Energy,1
electricity/15T/short|H=720|L=2048|Hsrc=controlled|Lsrc=controlled|origins=shared_origin_v1:Hmax=720,joint-scaling,release,standard_hl_shared_origin_v1,electricity/15T/short,chronos-2,chronos2,chronos-2,119.477664,119.477664,720,controlled,shared_origin_v1:Hmax=720,720,720,2048,controlled,125856,139536,2048,2048,100,100,100,[],merged,2,370,5328000,3377233537.273105,,100,,float32,native_horizon,720,1024,direct_quantiles,309302.12978040543,309302.12978040543,56.428529678115616,0.8502273233002821,0.1209778354561585,0.12858159848558173,7.17027873451124,556.1493772183921,0.8773938340705199,0.08902292447556237,0.07104373351388776,0.8502273233002821,1.1635317074801095,0.7307298269865299,-0.31371148127463033,0.07104373351388776,0.11255332059997462,0.6312006890172885,-0.4601314178520688,Energy,1
electricity/15T/short|H=720|L=4096|Hsrc=controlled|Lsrc=controlled|origins=shared_origin_v1:Hmax=720,joint-scaling,release,standard_hl_shared_origin_v1,electricity/15T/short,chronos-2,chronos2,chronos-2,119.477664,119.477664,720,controlled,shared_origin_v1:Hmax=720,720,720,4096,controlled,125856,139536,4096,4096,100,100,100,[],merged,2,370,5328000,3377233537.273105,,100,,float32,native_horizon,720,1024,direct_quantiles,306838.20829804806,306838.20829804806,55.94019687265391,0.851386646972978,0.12126075136712072,0.12835162610119885,7.1651068866154715,553.929786433306,0.8738921574549052,0.08825251959867583,0.07061618875495705,0.851386646972978,1.1635317074801095,0.7317262103813638,-0.3123488645209745,0.07061618875495705,0.11255332059997462,0.6274020915467595,-0.466167649557607,Energy,1
electricity/15T/short|H=720|L=6144|Hsrc=controlled|Lsrc=controlled|origins=shared_origin_v1:Hmax=720,joint-scaling-l6144,release,standard_hl_shared_origin_v1,electricity/15T/short,chronos-2,chronos2,chronos-2,119.477664,119.477664,720,controlled,shared_origin_v1:Hmax=720,720,720,6144,controlled,125856,139536,6144,6144,100,100,100,[],merged,6,370,5328000,3377233537.273105,,100,,float32,native_horizon,720,1024,direct_quantiles,313004.74636336335,313004.74636336335,56.67577662819069,0.8580796890354108,0.12182942036386672,0.12906439685535145,7.248671375863473,559.468271096193,0.8826297961044635,0.08941298685515832,0.07170941239715146,0.8580796890354108,1.1635317074801095,0.7374785607637423,-0.30451826134156507,0.07170941239715146,0.11255332059997462,0.6371150314792902,-0.4508050565431514,Energy,1
electricity/15T/short|H=720|L=8192|Hsrc=controlled|Lsrc=controlled|origins=shared_origin_v1:Hmax=720,joint-scaling,release,standard_hl_shared_origin_v1,electricity/15T/short,chronos-2,chronos2,chronos-2,119.477664,119.477664,720,controlled,shared_origin_v1:Hmax=720,720,720,8192,controlled,125856,139536,8192,8192,100,100,100,[],merged,2,370,5328000,3377233537.273105,,100,,float32,native_horizon,720,1024,direct_quantiles,313033.52651088586,313033.52651088586,56.53957821884384,0.8564455108981469,0.12138422562458938,0.12878776444901932,7.26917973252782,559.4939914877423,0.8826703731758037,0.08919811716462873,0.07176675200147681,0.8564455108981469,1.1635317074801095,0.7360740626080341,-0.30642453677244846,0.07176675200147681,0.11255332059997462,0.6376244753945801,-0.4500057654885241,Energy,1
electricity/H/short|H=48|L=128|Hsrc=controlled|Lsrc=controlled|origins=shared_origin_v1:Hmax=720,joint-scaling,release,standard_hl_shared_origin_v1,electricity/H/short,chronos-2,chronos2,chronos-2,119.477664,119.477664,48,controlled,shared_origin_v1:Hmax=720,720,720,128,controlled,31464,34344,128,128,100,100,100,[],merged,2,370,88800,233807888.7616248,,100,,float32,native_horizon,48,1024,direct_quantiles,2847391.499459459,2847391.499459459,199.0757129786036,0.8933147143047763,0.143119343748577,0.12356652062218468,7.670154864209147,1687.4215535720346,0.6408810017097704,0.07560875471795245,0.0600365805018759,0.8933147143047763,1.094084047932727,0.8164955114670536,-0.20273386387141376,0.0600365805018759,0.08020420811235865,0.748546515386951,-0.2896219322478166,Energy,1
electricity/H/short|H=48|L=256|Hsrc=controlled|Lsrc=controlled|origins=shared_origin_v1:Hmax=720,joint-scaling,release,standard_hl_shared_origin_v1,electricity/H/short,chronos-2,chronos2,chronos-2,119.477664,119.477664,48,controlled,shared_origin_v1:Hmax=720,720,720,256,controlled,31464,34344,256,256,100,100,100,[],merged,2,370,88800,233807888.7616248,,100,,float32,native_horizon,48,1024,direct_quantiles,2723233.3893693695,2723233.3893693695,182.40837626689188,0.7882177290859919,0.10158025870254303,0.10484900740889816,6.973271978801827,1650.2222242381083,0.6267527340009743,0.06927851706926055,0.05501492968336035,0.7882177290859919,1.094084047932727,0.7204361772528629,-0.3278984486557476,0.05501492968336035,0.08020420811235865,0.6859357006092441,-0.3769713865395809,Energy,1
electricity/H/short|H=48|L=512|Hsrc=controlled|Lsrc=controlled|origins=shared_origin_v1:Hmax=720,joint-scaling,release,standard_hl_shared_origin_v1,electricity/H/short,chronos-2,chronos2,chronos-2,119.477664,119.477664,48,controlled,shared_origin_v1:Hmax=720,720,720,512,controlled,31464,34344,512,512,100,100,100,[],merged,2,370,88800,233807888.7616248,,100,,float32,native_horizon,48,1024,direct_quantiles,2541068.0138738737,2541068.0138738737,171.1684156813063,0.7470880526689815,0.08705934429572698,0.10028173223272101,6.559155509366558,1594.0727755889545,0.605427230116337,0.06500959139148925,0.051667172232377954,0.7470880526689815,1.094084047932727,0.6828433830843299,-0.381489753049883,0.051667172232377954,0.08020420811235865,0.6441952791304546,-0.4397533703788036,Energy,1
electricity/H/short|H=48|L=1024|Hsrc=controlled|Lsrc=controlled|origins=shared_origin_v1:Hmax=720,joint-scaling,release,standard_hl_shared_origin_v1,electricity/H/short,chronos-2,chronos2,chronos-2,119.477664,119.477664,48,controlled,shared_origin_v1:Hmax=720,720,720,1024,controlled,31464,34344,1024,1024,100,100,100,[],merged,2,370,88800,233807888.7616248,,100,,float32,native_horizon,48,1024,direct_quantiles,2517924.2585585588,2517924.2585585588,168.62140695382882,0.7368104201900519,0.08553590665828442,0.09918284510706996,6.46376349124681,1586.7968548489623,0.6026638427681452,0.06404224004933418,0.0507219913453548,0.7368104201900519,1.094084047932727,0.6734495595491553,-0.3953421789591243,0.0507219913453548,0.08020420811235865,0.6324105996321041,-0.458216412825702,Energy,1
electricity/H/short|H=48|L=2048|Hsrc=controlled|Lsrc=controlled|origins=shared_origin_v1:Hmax=720,joint-scaling,release,standard_hl_shared_origin_v1,electricity/H/short,chronos-2,chronos2,chronos-2,119.477664,119.477664,48,controlled,shared_origin_v1:Hmax=720,720,720,2048,controlled,31464,34344,2048,2048,100,100,100,[],merged,2,370,88800,233807888.7616248,,100,,float32,native_horizon,48,1024,direct_quantiles,2461932.3936936934,2461932.3936936934,168.98326330236486,0.7320733688461527,0.08413809344027207,0.09883625133617505,6.3951281297138705,1569.054617817268,0.5959253590635996,0.06417967272502444,0.05080577899248769,0.7320733688461527,1.094084047932727,0.6691198635327936,-0.40179206669216166,0.05080577899248769,0.08020420811235865,0.6334552785723352,-0.45656587591593284,Energy,1
electricity/H/short|H=48|L=4096|Hsrc=controlled|Lsrc=controlled|origins=shared_origin_v1:Hmax=720,joint-scaling,release,standard_hl_shared_origin_v1,electricity/H/short,chronos-2,chronos2,chronos-2,119.477664,119.477664,48,controlled,shared_origin_v1:Hmax=720,720,720,4096,controlled,31464,34344,4096,4096,100,100,100,[],merged,2,370,88800,233807888.7616248,,100,,float32,native_horizon,48,1024,direct_quantiles,2487174.181081081,2487174.181081081,168.1523532516892,0.7327676209123944,0.08528103286401237,0.09926366307713964,6.394548648057985,1577.0777346348787,0.5989725307273845,0.06386409392701721,0.05071258252684905,0.7327676209123944,1.094084047932727,0.6697544144775346,-0.40084417934728644,0.05071258252684905,0.08020420811235865,0.6322932888484533,-0.4584019278463417,Energy,1
electricity/H/short|H=48|L=6144|Hsrc=controlled|Lsrc=controlled|origins=shared_origin_v1:Hmax=720,joint-scaling-l6144,release,standard_hl_shared_origin_v1,electricity/H/short,chronos-2,chronos2,chronos-2,119.477664,119.477664,48,controlled,shared_origin_v1:Hmax=720,720,720,6144,controlled,31464,34344,6144,6144,100,100,100,[],merged,6,370,88800,233807888.7616248,,100,,float32,native_horizon,48,1024,direct_quantiles,2572181.4791666665,2572181.4791666665,168.3013304124437,0.7352208039403368,0.0862261253388022,0.09962492693651905,6.419473231084393,1603.802194526079,0.6091224536017067,0.06392067530220122,0.0509706343422756,0.7352208039403368,1.094084047932727,0.6719966398646771,-0.397501938672862,0.0509706343422756,0.08020420811235865,0.6355107237125323,-0.4533263140456969,Energy,1
electricity/H/short|H=48|L=8192|Hsrc=controlled|Lsrc=controlled|origins=shared_origin_v1:Hmax=720,joint-scaling,release,standard_hl_shared_origin_v1,electricity/H/short,chronos-2,chronos2,chronos-2,119.477664,119.477664,48,controlled,shared_origin_v1:Hmax=720,720,720,8192,controlled,31464,34344,8192,8192,100,100,100,[],merged,2,370,88800,233807888.7616248,,100,,float32,native_horizon,48,1024,direct_quantiles,2532945.1497297296,2532945.1497297296,167.38242117117116,0.7344697064090387,0.08568858739352433,0.09955732946997291,6.415062658561851,1591.5229026720694,0.6044587909579379,0.06357167450048663,0.050611271550409107,0.7344697064090387,1.094084047932727,0.6713101317918126,-0.3985240553585173,0.050611271550409107,0.08020420811235865,0.6310301259942298,-0.4604016743250821,Energy,1
electricity/H/short|H=96|L=128|Hsrc=controlled|Lsrc=controlled|origins=shared_origin_v1:Hmax=720,joint-scaling,release,standard_hl_shared_origin_v1,electricity/H/short,chronos-2,chronos2,chronos-2,119.477664,119.477664,96,controlled,shared_origin_v1:Hmax=720,720,720,128,controlled,31464,34344,128,128,100,100,100,[],merged,2,370,177600,461364305.2107418,,100,,float32,native_horizon,96,1024,direct_quantiles,5928380.624504505,5928380.624504505,243.45785332207208,0.9858083523898453,0.1582438887136011,0.12774151707554723,8.2700482824099,2434.8266107681065,0.9372749499441503,0.09371794536694751,0.0745642316612205,0.9858083523898453,1.2416698443439862,0.793937580815357,-0.23075043440788473,0.0745642316612205,0.09885782226113703,0.7542572753044873,-0.28202175524273504,Energy,1
electricity/H/short|H=96|L=256|Hsrc=controlled|Lsrc=controlled|origins=shared_origin_v1:Hmax=720,joint-scaling,release,standard_hl_shared_origin_v1,electricity/H/short,chronos-2,chronos2,chronos-2,119.477664,119.477664,96,controlled,shared_origin_v1:Hmax=720,720,720,256,controlled,31464,34344,256,256,100,100,100,[],merged,2,370,177600,461364305.2107418,,100,,float32,native_horizon,96,1024,direct_quantiles,5267484.559279279,5267484.559279279,224.31780123873875,0.8931830285456978,0.14351165094019835,0.11258469040329391,7.596821891358287,2295.100119663471,0.8834879002311299,0.08635007314187956,0.06884199867078343,0.8931830285456978,1.2416698443439862,0.7193401954749049,-0.3294208822925364,0.06884199867078343,0.09885782226113703,0.6963738133835726,-0.36186867463317096,Energy,1
electricity/H/short|H=96|L=512|Hsrc=controlled|Lsrc=controlled|origins=shared_origin_v1:Hmax=720,joint-scaling,release,standard_hl_shared_origin_v1,electricity/H/short,chronos-2,chronos2,chronos-2,119.477664,119.477664,96,controlled,shared_origin_v1:Hmax=720,720,720,512,controlled,31464,34344,512,512,100,100,100,[],merged,2,370,177600,461364305.2107418,,100,,float32,native_horizon,96,1024,direct_quantiles,5344645.053333333,5344645.053333333,218.64290822072073,0.8617984485980036,0.11810046619424576,0.10877742732967342,6.985449631404505,2311.8488387724083,0.8899352401751868,0.08416555000340306,0.06651302233732577,0.8617984485980036,1.2416698443439862,0.6940640883916442,-0.365190976353343,0.06651302233732577,0.09885782226113703,0.67281496614025,-0.3962849260103861,Energy,1
electricity/H/short|H=96|L=1024|Hsrc=controlled|Lsrc=controlled|origins=shared_origin_v1:Hmax=720,joint-scaling,release,standard_hl_shared_origin_v1,electricity/H/short,chronos-2,chronos2,chronos-2,119.477664,119.477664,96,controlled,shared_origin_v1:Hmax=720,720,720,1024,controlled,31464,34344,1024,1024,100,100,100,[],merged,2,370,177600,461364305.2107418,,100,,float32,native_horizon,96,1024,direct_quantiles,5405084.117297297,5405084.117297297,218.56154138513514,0.8586683139321765,0.10287887271526147,0.10827489766988668,6.932782486466188,2324.8836782293643,0.8949529397705162,0.0841342282261507,0.06608494296043854,0.8586683139321765,1.2416698443439862,0.6915431810183312,-0.3688296843919176,0.06608494296043854,0.09885782226113703,0.668484713186099,-0.402741750037279,Energy,1
electricity/H/short|H=96|L=2048|Hsrc=controlled|Lsrc=controlled|origins=shared_origin_v1:Hmax=720,joint-scaling,release,standard_hl_shared_origin_v1,electricity/H/short,chronos-2,chronos2,chronos-2,119.477664,119.477664,96,controlled,shared_origin_v1:Hmax=720,720,720,2048,controlled,31464,34344,2048,2048,100,100,100,[],merged,2,370,177600,461364305.2107418,,100,,float32,native_horizon,96,1024,direct_quantiles,5324738.585405405,5324738.585405405,218.66817708333335,0.854101807530964,0.10171886668847638,0.10766281402862823,6.8702106312566515,2307.53950895871,0.8882763841122687,0.08417527713215861,0.06609718590033603,0.854101807530964,1.2416698443439862,0.6878654671542042,-0.3741620020966375,0.06609718590033603,0.09885782226113703,0.6686085571027205,-0.4025565065397198,Energy,1
electricity/H/short|H=96|L=4096|Hsrc=controlled|Lsrc=controlled|origins=shared_origin_v1:Hmax=720,joint-scaling,release,standard_hl_shared_origin_v1,electricity/H/short,chronos-2,chronos2,chronos-2,119.477664,119.477664,96,controlled,shared_origin_v1:Hmax=720,720,720,4096,controlled,31464,34344,4096,4096,100,100,100,[],merged,2,370,177600,461364305.2107418,,100,,float32,native_horizon,96,1024,direct_quantiles,5352952.478198199,5352952.478198199,217.70414555180182,0.8528355849047035,0.10259815368099581,0.10805952811026358,6.85540607242468,2313.644847032102,0.8906266050322402,0.08380417776867015,0.06607076233700815,0.8528355849047035,1.2416698443439862,0.6868456931522596,-0.37564562166479687,0.06607076233700815,0.09885782226113703,0.6683412685591991,-0.4029563548241537,Energy,1
electricity/H/short|H=96|L=6144|Hsrc=controlled|Lsrc=controlled|origins=shared_origin_v1:Hmax=720,joint-scaling-l6144,release,standard_hl_shared_origin_v1,electricity/H/short,chronos-2,chronos2,chronos-2,119.477664,119.477664,96,controlled,shared_origin_v1:Hmax=720,720,720,6144,controlled,31464,34344,6144,6144,100,100,100,[],merged,6,370,177600,461364305.2107418,,100,,float32,native_horizon,96,1024,direct_quantiles,5551825.514234235,5551825.514234235,219.04890537021396,0.8569101225026838,0.10403937984753894,0.10865386430207674,6.8895320776616895,2356.231209842157,0.9070200233128569,0.08432183667954082,0.06670401386434732,0.8569101225026838,1.2416698443439862,0.6901271915445581,-0.3708793628067225,0.06670401386434732,0.09885782226113703,0.6747469480780783,-0.39341755013526225,Energy,1
electricity/H/short|H=96|L=8192|Hsrc=controlled|Lsrc=controlled|origins=shared_origin_v1:Hmax=720,joint-scaling,release,standard_hl_shared_origin_v1,electricity/H/short,chronos-2,chronos2,chronos-2,119.477664,119.477664,96,controlled,shared_origin_v1:Hmax=720,720,720,8192,controlled,31464,34344,8192,8192,100,100,100,[],merged,2,370,177600,461364305.2107418,,100,,float32,native_horizon,96,1024,direct_quantiles,5610834.305945946,5610834.305945946,218.57442426801802,0.8549101665592631,0.10327235272174624,0.10840616655779314,6.867150421434256,2368.7199720410063,0.9118275130589535,0.08413918743078391,0.06633272572431434,0.8549101665592631,1.2416698443439862,0.6885164928934385,-0.3732160062805306,0.06633272572431434,0.09885782226113703,0.6709911690052579,-0.39899930304302567,Energy,1
electricity/H/short|H=192|L=128|Hsrc=controlled|Lsrc=controlled|origins=shared_origin_v1:Hmax=720,joint-scaling,release,standard_hl_shared_origin_v1,electricity/H/short,chronos-2,chronos2,chronos-2,119.477664,119.477664,192,controlled,shared_origin_v1:Hmax=720,720,720,128,controlled,31464,34344,128,128,100,100,100,[],merged,2,370,355200,922876130.8595798,,100,,float32,native_horizon,192,1024,direct_quantiles,6540650.156396396,6540650.156396396,256.85149493243244,1.077328741655631,0.1998652737078011,0.13435945069748798,9.134911540527106,2557.469482984381,0.9843283729853792,0.0988579593179246,0.07964503175746868,1.077328741655631,1.3024259480127716,0.827170821726493,-0.18974404939157197,0.07964503175746868,0.10708945156262589,0.7437243406825393,-0.29608482264006974,Energy,1
electricity/H/short|H=192|L=256|Hsrc=controlled|Lsrc=controlled|origins=shared_origin_v1:Hmax=720,joint-scaling,release,standard_hl_shared_origin_v1,electricity/H/short,chronos-2,chronos2,chronos-2,119.477664,119.477664,192,controlled,shared_origin_v1:Hmax=720,720,720,256,controlled,31464,34344,256,256,100,100,100,[],merged,2,370,355200,922876130.8595798,,100,,float32,native_horizon,192,1024,direct_quantiles,5413914.706666667,5413914.706666667,234.18374155405405,0.9933501694188922,0.2072157279558249,0.12203792537654842,8.431780112933986,2326.78204967003,0.8955405350802671,0.09013351003294783,0.07246409880024718,0.9933501694188922,1.3024259480127716,0.7626922443725387,-0.27090067851116234,0.07246409880024718,0.10708945156262589,0.6766688758123874,-0.3905732308723724,Energy,1
electricity/H/short|H=192|L=512|Hsrc=controlled|Lsrc=controlled|origins=shared_origin_v1:Hmax=720,joint-scaling,release,standard_hl_shared_origin_v1,electricity/H/short,chronos-2,chronos2,chronos-2,119.477664,119.477664,192,controlled,shared_origin_v1:Hmax=720,720,720,512,controlled,31464,34344,512,512,100,100,100,[],merged,2,370,355200,922876130.8595798,,100,,float32,native_horizon,192,1024,direct_quantiles,6017308.945945946,6017308.945945946,234.55475717905406,0.9733779686212927,0.18109889975361843,0.11943259574271538,7.842922225678384,2453.0203721016965,0.9441276104507866,0.09027630790754151,0.07147903300294628,0.9733779686212927,1.3024259480127716,0.7473576291277543,-0.2912114545629655,0.07147903300294628,0.10708945156262589,0.6674703433432503,-0.4042603191430638,Energy,1
electricity/H/short|H=192|L=1024|Hsrc=controlled|Lsrc=controlled|origins=shared_origin_v1:Hmax=720,joint-scaling,release,standard_hl_shared_origin_v1,electricity/H/short,chronos-2,chronos2,chronos-2,119.477664,119.477664,192,controlled,shared_origin_v1:Hmax=720,720,720,1024,controlled,31464,34344,1024,1024,100,100,100,[],merged,2,370,355200,922876130.8595798,,100,,float32,native_horizon,192,1024,direct_quantiles,5802851.731171171,5802851.731171171,231.82397804054054,0.9608908791563823,0.17678780159083113,0.11787394274462451,7.760162119834342,2408.9109014596556,0.9271505932237187,0.08922527546931326,0.07013969552701077,0.9608908791563823,1.3024259480127716,0.7377700671754122,-0.30412306502015446,0.07013969552701077,0.10708945156262589,0.6549636262353355,-0.4231755773540061,Energy,1
electricity/H/short|H=192|L=2048|Hsrc=controlled|Lsrc=controlled|origins=shared_origin_v1:Hmax=720,joint-scaling,release,standard_hl_shared_origin_v1,electricity/H/short,chronos-2,chronos2,chronos-2,119.477664,119.477664,192,controlled,shared_origin_v1:Hmax=720,720,720,2048,controlled,31464,34344,2048,2048,100,100,100,[],merged,2,370,355200,922876130.8595798,,100,,float32,native_horizon,192,1024,direct_quantiles,5491620.258018018,5491620.258018018,230.5089013231982,0.9556965336351064,0.17335911233328485,0.11706632115819433,7.684023852927195,2343.4206319007303,0.901944454534593,0.08871912384789803,0.06950943269703724,0.9556965336351064,1.3024259480127716,0.7337818592245483,-0.3095434890556279,0.06950943269703724,0.10708945156262589,0.6490782395723461,-0.4322020155035065,Energy,1
electricity/H/short|H=192|L=4096|Hsrc=controlled|Lsrc=controlled|origins=shared_origin_v1:Hmax=720,joint-scaling,release,standard_hl_shared_origin_v1,electricity/H/short,chronos-2,chronos2,chronos-2,119.477664,119.477664,192,controlled,shared_origin_v1:Hmax=720,720,720,4096,controlled,31464,34344,4096,4096,100,100,100,[],merged,2,370,355200,922876130.8595798,,100,,float32,native_horizon,192,1024,direct_quantiles,5577528.574414413,5577528.574414413,229.61636331644144,0.9533171581132649,0.17577759075633229,0.1174035239004874,7.646216487409214,2361.6791853286113,0.9089718745324888,0.08837560049801496,0.06963268233285295,0.9533171581132649,1.3024259480127716,0.7319549795271099,-0.312036270290501,0.06963268233285295,0.10708945156262589,0.6502291431769242,-0.4304304502513387,Energy,1
electricity/H/short|H=192|L=6144|Hsrc=controlled|Lsrc=controlled|origins=shared_origin_v1:Hmax=720,joint-scaling-l6144,release,standard_hl_shared_origin_v1,electricity/H/short,chronos-2,chronos2,chronos-2,119.477664,119.477664,192,controlled,shared_origin_v1:Hmax=720,720,720,6144,controlled,31464,34344,6144,6144,100,100,100,[],merged,6,370,355200,922876130.8595798,,100,,float32,native_horizon,192,1024,direct_quantiles,5926284.806981982,5926284.806981982,232.19621692004503,0.9581740891794325,0.1777846672502674,0.11812643463547165,7.663782155231096,2434.3961894034383,0.9369594656985113,0.08936854415465335,0.07052208450767616,0.9581740891794325,1.3024259480127716,0.7356841213440234,-0.3069544353351159,0.07052208450767616,0.10708945156262589,0.6585343698994934,-0.4177385649323329,Energy,1
electricity/H/short|H=192|L=8192|Hsrc=controlled|Lsrc=controlled|origins=shared_origin_v1:Hmax=720,joint-scaling,release,standard_hl_shared_origin_v1,electricity/H/short,chronos-2,chronos2,chronos-2,119.477664,119.477664,192,controlled,shared_origin_v1:Hmax=720,720,720,8192,controlled,31464,34344,8192,8192,100,100,100,[],merged,2,370,355200,922876130.8595798,,100,,float32,native_horizon,192,1024,direct_quantiles,5964230.958198198,5964230.958198198,231.31130701013512,0.9530530302416761,0.17601169336613878,0.11753251977868982,7.620761315300286,2442.1775034174316,0.9399543667966641,0.08902795673507491,0.06999361411175586,0.9530530302416761,1.3024259480127716,0.7317521826832726,-0.31231337058811615,0.06999361411175586,0.10708945156262589,0.6535995197512391,-0.4252604702113399,Energy,1
electricity/H/short|H=336|L=128|Hsrc=controlled|Lsrc=controlled|origins=shared_origin_v1:Hmax=720,joint-scaling,release,standard_hl_shared_origin_v1,electricity/H/short,chronos-2,chronos2,chronos-2,119.477664,119.477664,336,controlled,shared_origin_v1:Hmax=720,720,720,128,controlled,31464,34344,128,128,100,100,100,[],merged,2,370,621600,1596780052.5079927,,100,,float32,native_horizon,336,1024,direct_quantiles,8339477.573848134,8339477.573848134,280.8487202380952,1.1629203265293326,0.21962281352650284,0.14059234501312137,9.845924056561726,2887.8153635314247,1.124178641354958,0.10932975034714502,0.08845372774386195,1.1629203265293326,1.3838015311650305,0.8403808641187608,-0.17390008023868844,0.08845372774386195,0.12359715633134309,0.7156615117157911,-0.33454797280282284,Energy,1
electricity/H/short|H=336|L=256|Hsrc=controlled|Lsrc=controlled|origins=shared_origin_v1:Hmax=720,joint-scaling,release,standard_hl_shared_origin_v1,electricity/H/short,chronos-2,chronos2,chronos-2,119.477664,119.477664,336,controlled,shared_origin_v1:Hmax=720,720,720,256,controlled,31464,34344,256,256,100,100,100,[],merged,2,370,621600,1596780052.5079927,,100,,float32,native_horizon,336,1024,direct_quantiles,6770580.2604890615,6770580.2604890615,255.30883687258688,1.0855202621231297,0.24738250905447387,0.1304756618190456,9.004162173033274,2602.0338699734602,1.0129286441392382,0.09938749720146922,0.08006940289318791,1.0855202621231297,1.3838015311650305,0.7844479411792701,-0.24277506824703335,0.08006940289318791,0.12359715633134309,0.6478256075611916,-0.4341337429842244,Energy,1
electricity/H/short|H=336|L=512|Hsrc=controlled|Lsrc=controlled|origins=shared_origin_v1:Hmax=720,joint-scaling,release,standard_hl_shared_origin_v1,electricity/H/short,chronos-2,chronos2,chronos-2,119.477664,119.477664,336,controlled,shared_origin_v1:Hmax=720,720,720,512,controlled,31464,34344,512,512,100,100,100,[],merged,2,370,621600,1596780052.5079927,,100,,float32,native_horizon,336,1024,direct_quantiles,7740288.511917632,7740288.511917632,260.09595801158304,1.0761773423106584,0.23167994594368052,0.12891123964366152,8.444297559033643,2782.1373998991553,1.0830399622421751,0.10125104409092733,0.0795439129883203,1.0761773423106584,1.3838015311650305,0.7776963083749578,-0.25141918014224496,0.0795439129883203,0.12359715633134309,0.6435739732965741,-0.44071830393490075,Energy,1
electricity/H/short|H=336|L=1024|Hsrc=controlled|Lsrc=controlled|origins=shared_origin_v1:Hmax=720,joint-scaling,release,standard_hl_shared_origin_v1,electricity/H/short,chronos-2,chronos2,chronos-2,119.477664,119.477664,336,controlled,shared_origin_v1:Hmax=720,720,720,1024,controlled,31464,34344,1024,1024,100,100,100,[],merged,2,370,621600,1596780052.5079927,,100,,float32,native_horizon,336,1024,direct_quantiles,7435969.472329472,7435969.472329472,254.80419321106822,1.053492021614729,0.21677122414032537,0.12611297489593387,8.355381105041104,2726.897407738229,1.0615359491670493,0.09919104779097758,0.07791184604645916,1.053492021614729,1.3838015311650305,0.7613028298413487,-0.2727240635596467,0.07791184604645916,0.12359715633134309,0.6303692443990432,-0.46144952906667946,Energy,1
electricity/H/short|H=336|L=2048|Hsrc=controlled|Lsrc=controlled|origins=shared_origin_v1:Hmax=720,joint-scaling,release,standard_hl_shared_origin_v1,electricity/H/short,chronos-2,chronos2,chronos-2,119.477664,119.477664,336,controlled,shared_origin_v1:Hmax=720,720,720,2048,controlled,31464,34344,2048,2048,100,100,100,[],merged,2,370,621600,1596780052.5079927,,100,,float32,native_horizon,336,1024,direct_quantiles,7076739.269189189,7076739.269189189,252.55708172458174,1.046472664519083,0.20953824433887275,0.12503516002051157,8.242757003234898,2660.214139724317,1.035577258530638,0.09831628454615492,0.07721618732157641,1.046472664519083,1.3838015311650305,0.7562303126215301,-0.2794093028730979,0.07721618732157641,0.12359715633134309,0.6247408080698301,-0.47041842234877335,Energy,1
electricity/H/short|H=336|L=4096|Hsrc=controlled|Lsrc=controlled|origins=shared_origin_v1:Hmax=720,joint-scaling,release,standard_hl_shared_origin_v1,electricity/H/short,chronos-2,chronos2,chronos-2,119.477664,119.477664,336,controlled,shared_origin_v1:Hmax=720,720,720,4096,controlled,31464,34344,4096,4096,100,100,100,[],merged,2,370,621600,1596780052.5079927,,100,,float32,native_horizon,336,1024,direct_quantiles,6909957.556962678,6909957.556962678,250.9910312097812,1.045327648570168,0.21593367956730128,0.12584293007083536,8.132236625187904,2628.6798125604187,1.0233014678014818,0.09770664704569201,0.07684833332072258,1.045327648570168,1.3838015311650305,0.7554028703018565,-0.28050406899977826,0.07684833332072258,0.12359715633134309,0.6217645745400904,-0.4751937554151956,Energy,1
electricity/H/short|H=336|L=6144|Hsrc=controlled|Lsrc=controlled|origins=shared_origin_v1:Hmax=720,joint-scaling-l6144,release,standard_hl_shared_origin_v1,electricity/H/short,chronos-2,chronos2,chronos-2,119.477664,119.477664,336,controlled,shared_origin_v1:Hmax=720,720,720,6144,controlled,31464,34344,6144,6144,100,100,100,[],merged,6,370,621600,1596780052.5079927,,100,,float32,native_horizon,336,1024,direct_quantiles,7449419.490913771,7449419.490913771,254.64414414414415,1.0502397256863152,0.21871788154361546,0.126554509657537,8.116629369878114,2729.3624696829424,1.0624955569116648,0.09912874334282035,0.07782578415717331,1.0502397256863152,1.3838015311650305,0.7589525680045406,-0.2758159962869011,0.07782578415717331,0.12359715633134309,0.6296729347763919,-0.46255474555075893,Energy,1
electricity/H/short|H=336|L=8192|Hsrc=controlled|Lsrc=controlled|origins=shared_origin_v1:Hmax=720,joint-scaling,release,standard_hl_shared_origin_v1,electricity/H/short,chronos-2,chronos2,chronos-2,119.477664,119.477664,336,controlled,shared_origin_v1:Hmax=720,720,720,8192,controlled,31464,34344,8192,8192,100,100,100,[],merged,2,370,621600,1596780052.5079927,,100,,float32,native_horizon,336,1024,direct_quantiles,7562587.762162162,7562587.762162162,253.4255670849421,1.0415478949321113,0.21640933672059467,0.12558197374969837,8.066285844753207,2750.015956710463,1.070535616978887,0.09865437149754942,0.07731899140519624,1.0415478949321113,1.3838015311650305,0.7526714427431123,-0.28412647742076486,0.07731899140519624,0.12359715633134309,0.6255725754556771,-0.4690879278991302,Energy,1
electricity/H/short|H=720|L=128|Hsrc=controlled|Lsrc=controlled|origins=shared_origin_v1:Hmax=720,joint-scaling,release,standard_hl_shared_origin_v1,electricity/H/short,chronos-2,chronos2,chronos-2,119.477664,119.477664,720,controlled,shared_origin_v1:Hmax=720,720,720,128,controlled,31464,34344,128,128,100,100,100,[],merged,2,370,1332000,3377284407.603507,,100,,float32,native_horizon,720,1024,direct_quantiles,10210266.485621622,10210266.485621622,312.8996388888889,1.3246208275251283,0.2923829899918853,0.15695215430274023,12.376304389164943,3195.3507609684452,1.2602454220401706,0.12340752767568819,0.10319714982061987,1.3246208275251283,1.5240786163583666,0.8691289368590298,-0.14026379089217883,0.10319714982061987,0.1534183911456428,0.6726517534827554,-0.39652753722612977,Energy,1
electricity/H/short|H=720|L=256|Hsrc=controlled|Lsrc=controlled|origins=shared_origin_v1:Hmax=720,joint-scaling,release,standard_hl_shared_origin_v1,electricity/H/short,chronos-2,chronos2,chronos-2,119.477664,119.477664,720,controlled,shared_origin_v1:Hmax=720,720,720,256,controlled,31464,34344,256,256,100,100,100,[],merged,2,370,1332000,3377284407.603507,,100,,float32,native_horizon,720,1024,direct_quantiles,8412153.859075075,8412153.859075075,283.2381231231231,1.2460406425649546,0.31268662861820806,0.14724481512762763,11.130381926074996,2900.3713312393425,1.143905619708281,0.11170903437999465,0.09250496915629446,1.2460406425649546,1.5240786163583666,0.8175697954100584,-0.20141900320671777,0.09250496915629446,0.1534183911456428,0.6029588008681297,-0.5059064081908902,Energy,1
electricity/H/short|H=720|L=512|Hsrc=controlled|Lsrc=controlled|origins=shared_origin_v1:Hmax=720,joint-scaling,release,standard_hl_shared_origin_v1,electricity/H/short,chronos-2,chronos2,chronos-2,119.477664,119.477664,720,controlled,shared_origin_v1:Hmax=720,720,720,512,controlled,31464,34344,512,512,100,100,100,[],merged,2,370,1332000,3377284407.603507,,100,,float32,native_horizon,720,1024,direct_quantiles,10080861.095591592,10080861.095591592,293.90251276276274,1.2481476425560836,0.301179199982026,0.1465184520457958,10.704048234690685,3175.0371801904294,1.252233751617804,0.11591506658978407,0.0928724092888592,1.2481476425560836,1.5240786163583666,0.8189522700203009,-0.1997294751908084,0.0928724092888592,0.1534183911456428,0.6053538209815653,-0.5019421638278817,Energy,1
electricity/H/short|H=720|L=1024|Hsrc=controlled|Lsrc=controlled|origins=shared_origin_v1:Hmax=720,joint-scaling,release,standard_hl_shared_origin_v1,electricity/H/short,chronos-2,chronos2,chronos-2,119.477664,119.477664,720,controlled,shared_origin_v1:Hmax=720,720,720,1024,controlled,31464,34344,1024,1024,100,100,100,[],merged,2,370,1332000,3377284407.603507,,100,,float32,native_horizon,720,1024,direct_quantiles,8995924.669117117,8995924.669117117,279.83448048048047,1.2064549047743998,0.2898654732525704,0.14288610949817004,10.295486208332429,2999.320701278394,1.1829312228216242,0.11036663869966844,0.08817812867117489,1.2064549047743998,1.5240786163583666,0.7915962417064174,-0.23370381298301426,0.08817812867117489,0.1534183911456428,0.5747559208039525,-0.5538098138626285,Energy,1
electricity/H/short|H=720|L=2048|Hsrc=controlled|Lsrc=controlled|origins=shared_origin_v1:Hmax=720,joint-scaling,release,standard_hl_shared_origin_v1,electricity/H/short,chronos-2,chronos2,chronos-2,119.477664,119.477664,720,controlled,shared_origin_v1:Hmax=720,720,720,2048,controlled,31464,34344,2048,2048,100,100,100,[],merged,2,370,1332000,3377284407.603507,,100,,float32,native_horizon,720,1024,direct_quantiles,8943845.573573574,8943845.573573574,280.2703566066066,1.195249718752255,0.2857189028840587,0.1408642629445852,10.137922997453392,2990.626284505233,1.1795021473443628,0.11053854811857695,0.08780960093011606,1.195249718752255,1.5240786163583666,0.7842441367022028,-0.24303490825143903,0.08780960093011606,0.1534183911456428,0.5723538115241793,-0.5579979272108411,Energy,1
electricity/H/short|H=720|L=4096|Hsrc=controlled|Lsrc=controlled|origins=shared_origin_v1:Hmax=720,joint-scaling,release,standard_hl_shared_origin_v1,electricity/H/short,chronos-2,chronos2,chronos-2,119.477664,119.477664,720,controlled,shared_origin_v1:Hmax=720,720,720,4096,controlled,31464,34344,4096,4096,100,100,100,[],merged,2,370,1332000,3377284407.603507,,100,,float32,native_horizon,720,1024,direct_quantiles,8708707.261885885,8708707.261885885,281.40984234234236,1.20086091152004,0.2898300844595864,0.14213498850412912,9.976228491208778,2951.0518907477526,1.1638940178168977,0.11098796096535496,0.08771899266364791,1.20086091152004,1.5240786163583666,0.7879258317982158,-0.23835131563750162,0.08771899266364791,0.1534183911456428,0.5717632156654199,-0.5590303319337527,Energy,1
electricity/H/short|H=720|L=6144|Hsrc=controlled|Lsrc=controlled|origins=shared_origin_v1:Hmax=720,joint-scaling-l6144,release,standard_hl_shared_origin_v1,electricity/H/short,chronos-2,chronos2,chronos-2,119.477664,119.477664,720,controlled,shared_origin_v1:Hmax=720,720,720,6144,controlled,31464,34344,6144,6144,100,100,100,[],merged,6,370,1332000,3377284407.6035066,,100,,float32,native_horizon,720,1024,direct_quantiles,8840910.952504504,8840910.952504504,282.5471753003003,1.199378309151872,0.2928749977879316,0.14281715663417324,9.949875899041114,2973.3669387589052,1.1726950663409534,0.11143652475719594,0.08800545250482567,1.199378309151872,1.5240786163583666,0.7869530457803197,-0.23958669463135912,0.08800545250482567,0.1534183911456428,0.5736303962494336,-0.555769999034101,Energy,1
electricity/H/short|H=720|L=8192|Hsrc=controlled|Lsrc=controlled|origins=shared_origin_v1:Hmax=720,joint-scaling,release,standard_hl_shared_origin_v1,electricity/H/short,chronos-2,chronos2,chronos-2,119.477664,119.477664,720,controlled,shared_origin_v1:Hmax=720,720,720,8192,controlled,31464,34344,8192,8192,100,100,100,[],merged,2,370,1332000,3377284407.603507,,100,,float32,native_horizon,720,1024,direct_quantiles,9127224.283483483,9127224.283483483,282.4165885885886,1.194473671976678,0.29108403862541293,0.14198658399610548,9.91005941596723,3021.1296369873776,1.1915326607991201,0.1113850213956169,0.087752225178735,1.194473671976678,1.5240786163583666,0.7837349459247406,-0.243684394971005,0.087752225178735,0.1534183911456428,0.5719798292984982,-0.5586515516882736,Energy,1
ett1/15T/short|H=48|L=128|Hsrc=controlled|Lsrc=controlled|origins=shared_origin_v1:Hmax=720,joint-scaling,release,standard_hl_shared_origin_v1,ett1/15T/short,chronos-2,chronos2,chronos-2,119.477664,119.477664,48,controlled,shared_origin_v1:Hmax=720,720,720,128,controlled,62480,68960,128,128,100,100,100,[],merged,2,1,3360,16478.703990906477,,100,,float32,native_horizon,48,1024,direct_quantiles,6.639825730096726,6.639825730096726,1.4546058291480655,1.080068620398169,0.7403171888996716,0.40757904052734373,7.675516947144571,2.57678593020389,0.5254054402738745,0.2965934450084533,0.23111401190220635,1.080068620398169,0.9939964905165176,1.0865919856889286,0.08304617952270815,0.23111401190220635,0.274987154404103,0.8404538473916364,-0.1738132385374531,Energy,7
ett1/15T/short|H=48|L=256|Hsrc=controlled|Lsrc=controlled|origins=shared_origin_v1:Hmax=720,joint-scaling,release,standard_hl_shared_origin_v1,ett1/15T/short,chronos-2,chronos2,chronos-2,119.477664,119.477664,48,controlled,shared_origin_v1:Hmax=720,720,720,256,controlled,62480,68960,256,256,100,100,100,[],merged,2,1,3360,16478.703990906477,,100,,float32,native_horizon,48,1024,direct_quantiles,5.117281668526786,5.117281668526786,1.1081040155319941,0.7885972995886058,0.5725156704893252,0.30403611319405693,8.993107294050013,2.262140947979764,0.46124947625774393,0.22594188804180887,0.19406694301102756,0.7885972995886058,0.9939964905165176,0.7933602453453545,-0.23147787885585988,0.19406694301102756,0.274987154404103,0.7057309401654435,-0.34852121870922675,Energy,7
ett1/15T/short|H=48|L=512|Hsrc=controlled|Lsrc=controlled|origins=shared_origin_v1:Hmax=720,joint-scaling,release,standard_hl_shared_origin_v1,ett1/15T/short,chronos-2,chronos2,chronos-2,119.477664,119.477664,48,controlled,shared_origin_v1:Hmax=720,720,720,512,controlled,62480,68960,512,512,100,100,100,[],merged,2,1,3360,16478.703990906477,,100,,float32,native_horizon,48,1024,direct_quantiles,5.673101515997024,5.673101515997024,1.1638065883091517,0.7949282808966568,0.6297845438936996,0.29847949800037205,8.492931364333401,2.381827348066401,0.485653476991844,0.23729961645507072,0.1919573122769221,0.7949282808966568,0.9939964905165176,0.7997294643199218,-0.22348177810654093,0.1919573122769221,0.274987154404103,0.6980591973210294,-0.35945136990040727,Energy,7
ett1/15T/short|H=48|L=1024|Hsrc=controlled|Lsrc=controlled|origins=shared_origin_v1:Hmax=720,joint-scaling,release,standard_hl_shared_origin_v1,ett1/15T/short,chronos-2,chronos2,chronos-2,119.477664,119.477664,48,controlled,shared_origin_v1:Hmax=720,720,720,1024,controlled,62480,68960,1024,1024,100,100,100,[],merged,2,1,3360,16478.703990906477,,100,,float32,native_horizon,48,1024,direct_quantiles,5.08967052641369,5.08967052641369,1.1341581798735119,0.8039813151913288,0.6141452555800239,0.3033445630754743,7.608669039870297,2.256029815054245,0.46000341912600134,0.23125431990755563,0.18642722124383812,0.8039813151913288,0.9939964905165176,0.8088371768531598,-0.2121576468857163,0.18642722124383812,0.274987154404103,0.6779488360022701,-0.3886834570127217,Energy,7
ett1/15T/short|H=48|L=2048|Hsrc=controlled|Lsrc=controlled|origins=shared_origin_v1:Hmax=720,joint-scaling,release,standard_hl_shared_origin_v1,ett1/15T/short,chronos-2,chronos2,chronos-2,119.477664,119.477664,48,controlled,shared_origin_v1:Hmax=720,720,720,2048,controlled,62480,68960,2048,2048,100,100,100,[],merged,2,1,3360,16478.703990906477,,100,,float32,native_horizon,48,1024,direct_quantiles,4.60067138671875,4.60067138671875,1.0045604887462798,0.7000711689917098,0.4393614173540609,0.2755306062244234,6.995582484454361,2.144917571077907,0.43734768479358566,0.2048294115878361,0.16655191409044762,0.7000711689917098,0.9939964905165176,0.7042994373430099,-0.35055167611933524,0.16655191409044762,0.274987154404103,0.6056716156482492,-0.5014173281566128,Energy,7
ett1/15T/short|H=48|L=4096|Hsrc=controlled|Lsrc=controlled|origins=shared_origin_v1:Hmax=720,joint-scaling,release,standard_hl_shared_origin_v1,ett1/15T/short,chronos-2,chronos2,chronos-2,119.477664,119.477664,48,controlled,shared_origin_v1:Hmax=720,720,720,4096,controlled,62480,68960,4096,4096,100,100,100,[],merged,2,1,3360,16478.703990906477,,100,,float32,native_horizon,48,1024,direct_quantiles,4.54207763671875,4.54207763671875,1.0129342215401786,0.7090762377404481,0.472129988079464,0.2795710609072731,7.347029041966874,2.131215061113906,0.4345537494510702,0.20653681176949035,0.17203085907917548,0.7090762377404481,0.9939964905165176,0.7133588946294828,-0.33777062668362456,0.17203085907917548,0.274987154404103,0.6255959826631402,-0.4690505113459185,Energy,7
ett1/15T/short|H=48|L=6144|Hsrc=controlled|Lsrc=controlled|origins=shared_origin_v1:Hmax=720,joint-scaling-l6144,release,standard_hl_shared_origin_v1,ett1/15T/short,chronos-2,chronos2,chronos-2,119.477664,119.477664,48,controlled,shared_origin_v1:Hmax=720,720,720,6144,controlled,62480,68960,6144,6144,100,100,100,[],merged,6,1,3360,16478.703990906477,,100,,float32,native_horizon,48,1024,direct_quantiles,4.500548735119048,4.500548735119048,1.0125632149832589,0.7078001241147048,0.4897041036036876,0.2775610605875651,7.320612793353366,2.121449677724892,0.43256259236704264,0.20646116370687942,0.17228807104109245,0.7078001241147048,0.9939964905165176,0.7120750735718449,-0.3395719327187161,0.17228807104109245,0.274987154404103,0.6265313425801311,-0.46755647783651205,Energy,7
ett1/15T/short|H=48|L=8192|Hsrc=controlled|Lsrc=controlled|origins=shared_origin_v1:Hmax=720,joint-scaling,release,standard_hl_shared_origin_v1,ett1/15T/short,chronos-2,chronos2,chronos-2,119.477664,119.477664,48,controlled,shared_origin_v1:Hmax=720,720,720,8192,controlled,62480,68960,8192,8192,100,100,100,[],merged,2,1,3360,16478.703990906477,,100,,float32,native_horizon,48,1024,direct_quantiles,4.54090576171875,4.54090576171875,1.012324451264881,0.704882508278793,0.4887419752164825,0.2807665870303199,7.187706757386222,2.1309401121849367,0.43449768749365864,0.2064124798969031,0.17196375130319855,0.704882508278793,0.9939964905165176,0.7091398360093905,-0.34370254198275807,0.17196375130319855,0.274987154404103,0.6253519429874603,-0.46944067895205416,Energy,7
ett1/15T/short|H=96|L=128|Hsrc=controlled|Lsrc=controlled|origins=shared_origin_v1:Hmax=720,joint-scaling,release,standard_hl_shared_origin_v1,ett1/15T/short,chronos-2,chronos2,chronos-2,119.477664,119.477664,96,controlled,shared_origin_v1:Hmax=720,720,720,128,controlled,62480,68960,128,128,100,100,100,[],merged,2,1,6720,34135.138978496194,,100,,float32,native_horizon,96,1024,direct_quantiles,6.761178734188988,6.761178734188988,1.4133172898065476,1.0287759982170004,0.6775144081559424,0.38616718110584075,7.67447319696996,2.600226669771116,0.5118925466180038,0.27823212301795663,0.22054990566931082,1.0287759982170004,0.9821805215765067,1.0474408478043353,0.04634990134314272,0.22054990566931082,0.25028356996012957,0.8812000951738248,-0.12647055604916044,Energy,7
ett1/15T/short|H=96|L=256|Hsrc=controlled|Lsrc=controlled|origins=shared_origin_v1:Hmax=720,joint-scaling,release,standard_hl_shared_origin_v1,ett1/15T/short,chronos-2,chronos2,chronos-2,119.477664,119.477664,96,controlled,shared_origin_v1:Hmax=720,720,720,256,controlled,62480,68960,256,256,100,100,100,[],merged,2,1,6720,34135.138978496194,,100,,float32,native_horizon,96,1024,direct_quantiles,4.462128266834077,4.462128266834077,1.155692400251116,0.8206687184339619,0.6072502193115307,0.31266646612258187,7.990932006218279,2.1123750298737383,0.41585183554383415,0.2275149058153809,0.1861614550639693,0.8206687184339619,0.9821805215765067,0.8355579248473582,-0.17965560378989756,0.1861614550639693,0.25028356996012957,0.7438021404825935,-0.2959802197289818,Energy,7
ett1/15T/short|H=96|L=512|Hsrc=controlled|Lsrc=controlled|origins=shared_origin_v1:Hmax=720,joint-scaling,release,standard_hl_shared_origin_v1,ett1/15T/short,chronos-2,chronos2,chronos-2,119.477664,119.477664,96,controlled,shared_origin_v1:Hmax=720,720,720,512,controlled,62480,68960,512,512,100,100,100,[],merged,2,1,6720,34135.138978496194,,100,,float32,native_horizon,96,1024,direct_quantiles,6.090408179873512,6.090408179873512,1.191378130231585,0.8192726663561485,0.6055970457892186,0.30730848766508556,7.522727422517806,2.4678752358807587,0.4858372363905139,0.23454016227090088,0.1924884555051669,0.8192726663561485,0.9821805215765067,0.8341365445133514,-0.18135816758637477,0.1924884555051669,0.25028356996012957,0.769081468415328,-0.26255837436567203,Energy,7
ett1/15T/short|H=96|L=1024|Hsrc=controlled|Lsrc=controlled|origins=shared_origin_v1:Hmax=720,joint-scaling,release,standard_hl_shared_origin_v1,ett1/15T/short,chronos-2,chronos2,chronos-2,119.477664,119.477664,96,controlled,shared_origin_v1:Hmax=720,720,720,1024,controlled,62480,68960,1024,1024,100,100,100,[],merged,2,1,6720,34135.138978496194,,100,,float32,native_horizon,96,1024,direct_quantiles,6.637273879278274,6.637273879278274,1.2352379208519346,0.847081310455181,0.7327270325781017,0.3240680876232329,7.641815790788433,2.5762907210325223,0.5071804059812048,0.24317460178949848,0.19804780157382298,0.847081310455181,0.9821805215765067,0.8624497145346797,-0.14797843376502642,0.19804780157382298,0.25028356996012957,0.7912936578512613,-0.23408613124649721,Energy,7
ett1/15T/short|H=96|L=2048|Hsrc=controlled|Lsrc=controlled|origins=shared_origin_v1:Hmax=720,joint-scaling,release,standard_hl_shared_origin_v1,ett1/15T/short,chronos-2,chronos2,chronos-2,119.477664,119.477664,96,controlled,shared_origin_v1:Hmax=720,720,720,2048,controlled,62480,68960,2048,2048,100,100,100,[],merged,2,1,6720,34135.138978496194,,100,,float32,native_horizon,96,1024,direct_quantiles,6.02520751953125,6.02520751953125,1.1603422619047619,0.7823540665280881,0.6475293085250149,0.3033313932872954,6.7641053464383045,2.4546298131350173,0.4832296817264636,0.22843029890436717,0.1816723680246768,0.7823540665280881,0.9821805215765067,0.7965481389025356,-0.22746771341372415,0.1816723680246768,0.25028356996012957,0.7258661367728508,-0.3203896657686714,Energy,7
ett1/15T/short|H=96|L=4096|Hsrc=controlled|Lsrc=controlled|origins=shared_origin_v1:Hmax=720,joint-scaling,release,standard_hl_shared_origin_v1,ett1/15T/short,chronos-2,chronos2,chronos-2,119.477664,119.477664,96,controlled,shared_origin_v1:Hmax=720,720,720,4096,controlled,62480,68960,4096,4096,100,100,100,[],merged,2,1,6720,34135.138978496194,,100,,float32,native_horizon,96,1024,direct_quantiles,5.624987211681548,5.624987211681548,1.1397879464285714,0.776659730388911,0.6188798102911571,0.3032196044921875,6.906243487567047,2.371705549110502,0.466904830827342,0.22438388209947255,0.18138733033503393,0.776659730388911,0.9821805215765067,0.7907504917143822,-0.2347727949636513,0.18138733033503393,0.25028356996012957,0.7247272777990545,-0.3219598634496286,Energy,7
ett1/15T/short|H=96|L=6144|Hsrc=controlled|Lsrc=controlled|origins=shared_origin_v1:Hmax=720,joint-scaling-l6144,release,standard_hl_shared_origin_v1,ett1/15T/short,chronos-2,chronos2,chronos-2,119.477664,119.477664,96,controlled,shared_origin_v1:Hmax=720,720,720,6144,controlled,62480,68960,6144,6144,100,100,100,[],merged,6,1,6720,34135.138978496194,,100,,float32,native_horizon,96,1024,direct_quantiles,5.417046828497024,5.417046828497024,1.1286927722749256,0.7715994735145305,0.6080373234440241,0.302035649617513,6.739839337217607,2.3274550110575767,0.4581934669772348,0.22219963523410988,0.1799803001370093,0.7715994735145305,0.9821805215765067,0.7855984277473038,-0.24130952328387364,0.1799803001370093,0.25028356996012957,0.7191055336380264,-0.3297471536758925,Energy,7
ett1/15T/short|H=96|L=8192|Hsrc=controlled|Lsrc=controlled|origins=shared_origin_v1:Hmax=720,joint-scaling,release,standard_hl_shared_origin_v1,ett1/15T/short,chronos-2,chronos2,chronos-2,119.477664,119.477664,96,controlled,shared_origin_v1:Hmax=720,720,720,8192,controlled,62480,68960,8192,8192,100,100,100,[],merged,2,1,6720,34135.138978496194,,100,,float32,native_horizon,96,1024,direct_quantiles,5.38492431640625,5.38492431640625,1.1273457845052084,0.7690422705014184,0.5996079915607292,0.3037494114467076,6.658920069456653,2.3205439699359824,0.4568329277286215,0.22193446104459794,0.17937926719543115,0.7690422705014184,0.9821805215765067,0.782994829979953,-0.2446291858484419,0.17937926719543115,0.25028356996012957,0.7167041257402811,-0.33309217941967656,Energy,7
ett1/15T/short|H=192|L=128|Hsrc=controlled|Lsrc=controlled|origins=shared_origin_v1:Hmax=720,joint-scaling,release,standard_hl_shared_origin_v1,ett1/15T/short,chronos-2,chronos2,chronos-2,119.477664,119.477664,192,controlled,shared_origin_v1:Hmax=720,720,720,128,controlled,62480,68960,128,128,100,100,100,[],merged,2,1,13440,67466.7129554376,,100,,float32,native_horizon,192,1024,direct_quantiles,7.230564081101191,7.230564081101191,1.5147928873697916,1.063920769735645,0.8122603929730032,0.4015792483375186,8.475597399368525,2.688970821913319,0.5356681282277035,0.3017609057031901,0.23987809247843372,1.063920769735645,1.032985484626417,1.029947453831276,0.029507785242409202,0.23987809247843372,0.2812593957645288,0.852871392354339,-0.15914651383721762,Energy,7
ett1/15T/short|H=192|L=256|Hsrc=controlled|Lsrc=controlled|origins=shared_origin_v1:Hmax=720,joint-scaling,release,standard_hl_shared_origin_v1,ett1/15T/short,chronos-2,chronos2,chronos-2,119.477664,119.477664,192,controlled,shared_origin_v1:Hmax=720,720,720,256,controlled,62480,68960,256,256,100,100,100,[],merged,2,1,13440,67466.7129554376,,100,,float32,native_horizon,192,1024,direct_quantiles,6.3078386579241075,6.3078386579241075,1.3325978597005208,0.8906051937055357,0.7902202607623611,0.34402545747302826,8.4719306325005,2.511541092222882,0.5003224671960987,0.26546595276110163,0.21267417694152485,0.8906051937055357,1.032985484626417,0.8621662230109907,-0.1483071927890742,0.21267417694152485,0.2812593957645288,0.7561495905351951,-0.2795160512982034,Energy,7
ett1/15T/short|H=192|L=512|Hsrc=controlled|Lsrc=controlled|origins=shared_origin_v1:Hmax=720,joint-scaling,release,standard_hl_shared_origin_v1,ett1/15T/short,chronos-2,chronos2,chronos-2,119.477664,119.477664,192,controlled,shared_origin_v1:Hmax=720,720,720,512,controlled,62480,68960,512,512,100,100,100,[],merged,2,1,13440,67466.7129554376,,100,,float32,native_horizon,192,1024,direct_quantiles,7.6700369698660715,7.6700369698660715,1.3505272274925595,0.8817791941119281,0.7831391084113282,0.3387969970703125,7.697284514057073,2.769483159339676,0.5517069385922304,0.269037650455699,0.21620543459835112,0.8817791941119281,1.032985484626417,0.8536220568780081,-0.1582667394994669,0.21620543459835112,0.2812593957645288,0.7687047538826364,-0.26304831833156916,Energy,7
ett1/15T/short|H=192|L=1024|Hsrc=controlled|Lsrc=controlled|origins=shared_origin_v1:Hmax=720,joint-scaling,release,standard_hl_shared_origin_v1,ett1/15T/short,chronos-2,chronos2,chronos-2,119.477664,119.477664,192,controlled,shared_origin_v1:Hmax=720,720,720,1024,controlled,62480,68960,1024,1024,100,100,100,[],merged,2,1,13440,67466.7129554376,,100,,float32,native_horizon,192,1024,direct_quantiles,9.156451706659226,9.156451706659226,1.4418196905226934,0.9273750142931116,0.8891504335940413,0.3590874444870722,7.102276729318801,3.025962938745157,0.602800108604626,0.2872239626291619,0.2256217214791628,0.9273750142931116,1.032985484626417,0.8977619028485189,-0.10785038743026128,0.2256217214791628,0.2812593957645288,0.8021837665755848,-0.22041756198209617,Energy,7
ett1/15T/short|H=192|L=2048|Hsrc=controlled|Lsrc=controlled|origins=shared_origin_v1:Hmax=720,joint-scaling,release,standard_hl_shared_origin_v1,ett1/15T/short,chronos-2,chronos2,chronos-2,119.477664,119.477664,192,controlled,shared_origin_v1:Hmax=720,720,720,2048,controlled,62480,68960,2048,2048,100,100,100,[],merged,2,1,13440,67466.7129554376,,100,,float32,native_horizon,192,1024,direct_quantiles,7.414456612723214,7.414456612723214,1.3225832984561012,0.8489310138602691,0.8153623207826832,0.33452500842866445,6.700532848058244,2.7229499835147934,0.5424370949065078,0.2634709585301851,0.20151830280480332,0.8489310138602691,1.032985484626417,0.8218227908277802,-0.1962304901018723,0.20151830280480332,0.2812593957645288,0.7164855853331742,-0.3333971500835212,Energy,7
ett1/15T/short|H=192|L=4096|Hsrc=controlled|Lsrc=controlled|origins=shared_origin_v1:Hmax=720,joint-scaling,release,standard_hl_shared_origin_v1,ett1/15T/short,chronos-2,chronos2,chronos-2,119.477664,119.477664,192,controlled,shared_origin_v1:Hmax=720,720,720,4096,controlled,62480,68960,4096,4096,100,100,100,[],merged,2,1,13440,67466.7129554376,,100,,float32,native_horizon,192,1024,direct_quantiles,7.243637230282738,7.243637230282738,1.3103721981956846,0.8460270195198988,0.7900417571686926,0.3352866763160342,6.6496940343435655,2.6914006075429833,0.5361521642423861,0.261038393190765,0.20073149008342198,0.8460270195198988,1.032985484626417,0.8190115273748184,-0.19965712028939042,0.20073149008342198,0.2812593957645288,0.7136881224457831,-0.3373092153661249,Energy,7
ett1/15T/short|H=192|L=6144|Hsrc=controlled|Lsrc=controlled|origins=shared_origin_v1:Hmax=720,joint-scaling-l6144,release,standard_hl_shared_origin_v1,ett1/15T/short,chronos-2,chronos2,chronos-2,119.477664,119.477664,192,controlled,shared_origin_v1:Hmax=720,720,720,6144,controlled,62480,68960,6144,6144,100,100,100,[],merged,6,1,13440,67466.7129554376,,100,,float32,native_horizon,192,1024,direct_quantiles,7.007232375372023,7.007232375372023,1.2952380952380953,0.8389848390957639,0.7754835546554553,0.3330550057547433,6.597038891313272,2.647117748679122,0.5273306047346121,0.2580235383854872,0.19910116232552066,0.8389848390957639,1.032985484626417,0.8121942191658055,-0.20801578125612427,0.19910116232552066,0.2812593957645288,0.7078915951743306,-0.345464311172137,Energy,7
ett1/15T/short|H=192|L=8192|Hsrc=controlled|Lsrc=controlled|origins=shared_origin_v1:Hmax=720,joint-scaling,release,standard_hl_shared_origin_v1,ett1/15T/short,chronos-2,chronos2,chronos-2,119.477664,119.477664,192,controlled,shared_origin_v1:Hmax=720,720,720,8192,controlled,62480,68960,8192,8192,100,100,100,[],merged,2,1,13440,67466.7129554376,,100,,float32,native_horizon,192,1024,direct_quantiles,6.800983537946428,6.800983537946428,1.2853628976004465,0.8345814460337273,0.7671823728465955,0.33440944126674105,6.581084857008346,2.6078695400549523,0.5195119946259907,0.2560563066880179,0.19825285972279932,0.8345814460337273,1.032985484626417,0.8079314360700399,-0.21327808041050583,0.19825285972279932,0.2812593957645288,0.7048755089013176,-0.34973407488120145,Energy,7
ett1/15T/short|H=336|L=128|Hsrc=controlled|Lsrc=controlled|origins=shared_origin_v1:Hmax=720,joint-scaling,release,standard_hl_shared_origin_v1,ett1/15T/short,chronos-2,chronos2,chronos-2,119.477664,119.477664,336,controlled,shared_origin_v1:Hmax=720,720,720,128,controlled,62480,68960,128,128,100,100,100,[],merged,2,1,23520,120869.03296483308,,100,,float32,native_horizon,336,1024,direct_quantiles,11.299420705782312,11.299420705782312,1.7936779203869047,1.1934257577667262,0.8399151540329797,0.43254809736394556,10.501269342274504,3.3614610968717624,0.6541093533976305,0.349033194464081,0.2807372635072987,1.1934257577667262,1.1243643896038518,1.0614225857750679,0.0596100704155838,0.2807372635072987,0.3120969403608288,0.8995194351560326,-0.10589461920347633,Energy,7
ett1/15T/short|H=336|L=256|Hsrc=controlled|Lsrc=controlled|origins=shared_origin_v1:Hmax=720,joint-scaling,release,standard_hl_shared_origin_v1,ett1/15T/short,chronos-2,chronos2,chronos-2,119.477664,119.477664,336,controlled,shared_origin_v1:Hmax=720,720,720,256,controlled,62480,68960,256,256,100,100,100,[],merged,2,1,23520,120869.03296483308,,100,,float32,native_horizon,336,1024,direct_quantiles,9.533171237244899,9.533171237244899,1.5616795546343538,1.0030067623471355,0.8241828815405429,0.37628173828125,9.788114120187377,3.087583397617771,0.6008152769212508,0.30388845036666107,0.2466238838837381,1.0030067623471355,1.1243643896038518,0.8920655719988835,-0.1142156378944336,0.2466238838837381,0.3120969403608288,0.7902156413279975,-0.23544940706255837,Energy,7
ett1/15T/short|H=336|L=512|Hsrc=controlled|Lsrc=controlled|origins=shared_origin_v1:Hmax=720,joint-scaling,release,standard_hl_shared_origin_v1,ett1/15T/short,chronos-2,chronos2,chronos-2,119.477664,119.477664,336,controlled,shared_origin_v1:Hmax=720,720,720,512,controlled,62480,68960,512,512,100,100,100,[],merged,2,1,23520,120869.03296483308,,100,,float32,native_horizon,336,1024,direct_quantiles,10.648166454081633,10.648166454081633,1.6451904296875,1.033435258212148,0.8262540146043718,0.38917140830941754,8.353638545695025,3.2631528395221747,0.6349794724335375,0.3201388970945792,0.2531872699313902,1.033435258212148,1.1243643896038518,0.9191284140333358,-0.0843294340340954,0.2531872699313902,0.3120969403608288,0.8112456009298566,-0.20918443356115077,Energy,7
ett1/15T/short|H=336|L=1024|Hsrc=controlled|Lsrc=controlled|origins=shared_origin_v1:Hmax=720,joint-scaling,release,standard_hl_shared_origin_v1,ett1/15T/short,chronos-2,chronos2,chronos-2,119.477664,119.477664,336,controlled,shared_origin_v1:Hmax=720,720,720,1024,controlled,62480,68960,1024,1024,100,100,100,[],merged,2,1,23520,120869.03296483308,,100,,float32,native_horizon,336,1024,direct_quantiles,10.637602306547619,10.637602306547619,1.6297778486394559,1.03073126114133,0.8640287453662276,0.38895653964710886,7.392393286667056,3.2615337353073044,0.6346644096734604,0.3171397508504335,0.2478002613420886,1.03073126114133,1.1243643896038518,0.9167235023376081,-0.08694937636159046,0.2478002613420886,0.3120969403608288,0.7939849107639312,-0.23069082199123447,Energy,7
ett1/15T/short|H=336|L=2048|Hsrc=controlled|Lsrc=controlled|origins=shared_origin_v1:Hmax=720,joint-scaling,release,standard_hl_shared_origin_v1,ett1/15T/short,chronos-2,chronos2,chronos-2,119.477664,119.477664,336,controlled,shared_origin_v1:Hmax=720,720,720,2048,controlled,62480,68960,2048,2048,100,100,100,[],merged,2,1,23520,120869.03296483308,,100,,float32,native_horizon,336,1024,direct_quantiles,9.178090454931972,9.178090454931972,1.5018504862882653,0.9474183062345568,0.8161178043376368,0.3674313915019133,7.100054925209853,3.0295363432267934,0.589519855043647,0.2922462649947518,0.22504261738535225,0.9474183062345568,1.1243643896038518,0.8426256781116676,-0.1712324550479411,0.22504261738535225,0.3120969403608288,0.7210664004753482,-0.3270240509649259,Energy,7
ett1/15T/short|H=336|L=4096|Hsrc=controlled|Lsrc=controlled|origins=shared_origin_v1:Hmax=720,joint-scaling,release,standard_hl_shared_origin_v1,ett1/15T/short,chronos-2,chronos2,chronos-2,119.477664,119.477664,336,controlled,shared_origin_v1:Hmax=720,720,720,4096,controlled,62480,68960,4096,4096,100,100,100,[],merged,2,1,23520,120869.03296483308,,100,,float32,native_horizon,336,1024,direct_quantiles,9.251919244260204,9.251919244260204,1.5052156409438775,0.9458485520286714,0.805583712157527,0.3660901128029337,7.029874426318783,3.0416967705969977,0.5918861621508646,0.292901093080644,0.22530861765498653,0.9458485520286714,1.1243643896038518,0.8412295522467791,-0.172890704711735,0.22530861765498653,0.3120969403608288,0.7219187006271112,-0.32584274943904695,Energy,7
ett1/15T/short|H=336|L=6144|Hsrc=controlled|Lsrc=controlled|origins=shared_origin_v1:Hmax=720,joint-scaling-l6144,release,standard_hl_shared_origin_v1,ett1/15T/short,chronos-2,chronos2,chronos-2,119.477664,119.477664,336,controlled,shared_origin_v1:Hmax=720,720,720,6144,controlled,62480,68960,6144,6144,100,100,100,[],merged,6,1,23520,120869.03296483308,,100,,float32,native_horizon,336,1024,direct_quantiles,9.050027901785715,9.050027901785715,1.493948966305272,0.9410962850509322,0.7946271045048788,0.3647725838382228,7.004552131887508,3.008326428728391,0.5853926011328163,0.29070870201901367,0.22385241343624024,0.9410962850509322,1.1243643896038518,0.8370029269448043,-0.17792771155157858,0.22385241343624024,0.3120969403608288,0.7172528291287789,-0.3323268797174572,Energy,7
ett1/15T/short|H=336|L=8192|Hsrc=controlled|Lsrc=controlled|origins=shared_origin_v1:Hmax=720,joint-scaling,release,standard_hl_shared_origin_v1,ett1/15T/short,chronos-2,chronos2,chronos-2,119.477664,119.477664,336,controlled,shared_origin_v1:Hmax=720,720,720,8192,controlled,62480,68960,8192,8192,100,100,100,[],merged,2,1,23520,120869.03296483308,,100,,float32,native_horizon,336,1024,direct_quantiles,8.834367028061225,8.834367028061225,1.4824972762542517,0.936382716517397,0.7883267388629682,0.3653840564546131,7.035379678225497,2.972266311766364,0.5783756346680178,0.28848030866305485,0.22300079387543967,0.936382716517397,1.1243643896038518,0.8328107197056583,-0.18294888987942365,0.22300079387543967,0.3120969403608288,0.7145241270792939,-0.3361385144016564,Energy,7
ett1/15T/short|H=720|L=128|Hsrc=controlled|Lsrc=controlled|origins=shared_origin_v1:Hmax=720,joint-scaling,release,standard_hl_shared_origin_v1,ett1/15T/short,chronos-2,chronos2,chronos-2,119.477664,119.477664,720,controlled,shared_origin_v1:Hmax=720,720,720,128,controlled,62480,68960,128,128,100,100,100,[],merged,2,1,50400,264426.7650203854,,100,,float32,native_horizon,720,1024,direct_quantiles,11.535890376984128,11.535890376984128,1.8971374317956349,1.2581885025277126,0.8513824050925466,0.4492477756076389,10.981424621041858,3.396452616625783,0.6473671901735917,0.3615962497409395,0.289114320761024,1.2581885025277126,1.1908857060716118,1.056514908284619,0.05497566898683238,0.289114320761024,0.34017934522818005,0.8498879335754396,-0.16265078104223182,Energy,7
ett1/15T/short|H=720|L=256|Hsrc=controlled|Lsrc=controlled|origins=shared_origin_v1:Hmax=720,joint-scaling,release,standard_hl_shared_origin_v1,ett1/15T/short,chronos-2,chronos2,chronos-2,119.477664,119.477664,720,controlled,shared_origin_v1:Hmax=720,720,720,256,controlled,62480,68960,256,256,100,100,100,[],merged,2,1,50400,264426.7650203854,,100,,float32,native_horizon,720,1024,direct_quantiles,9.72801525297619,9.72801525297619,1.685916728670635,1.0944758782557413,0.8371189505507067,0.40512257409474206,9.827500713262664,3.1189766355290627,0.5944799968284076,0.32133737716924915,0.25995514107128503,1.0944758782557413,1.1908857060716118,0.9190435930800624,-0.08442172240863847,0.25995514107128503,0.34017934522818005,0.7641708549262933,-0.2689638827150696,Energy,7
ett1/15T/short|H=720|L=512|Hsrc=controlled|Lsrc=controlled|origins=shared_origin_v1:Hmax=720,joint-scaling,release,standard_hl_shared_origin_v1,ett1/15T/short,chronos-2,chronos2,chronos-2,119.477664,119.477664,720,controlled,shared_origin_v1:Hmax=720,720,720,512,controlled,62480,68960,512,512,100,100,100,[],merged,2,1,50400,264426.7650203854,,100,,float32,native_horizon,720,1024,direct_quantiles,10.833645833333334,10.833645833333334,1.7589136904761904,1.1164380792864899,0.8211823762649357,0.41953365265376985,8.969050675806544,3.2914504148374064,0.6273536678294137,0.33525066947427123,0.2654225281356156,1.1164380792864899,1.1908857060716118,0.9374854980578252,-0.0645539899955331,0.2654225281356156,0.34017934522818005,0.7802429273228795,-0.2481499625017722,Energy,7
ett1/15T/short|H=720|L=1024|Hsrc=controlled|Lsrc=controlled|origins=shared_origin_v1:Hmax=720,joint-scaling,release,standard_hl_shared_origin_v1,ett1/15T/short,chronos-2,chronos2,chronos-2,119.477664,119.477664,720,controlled,shared_origin_v1:Hmax=720,720,720,1024,controlled,62480,68960,1024,1024,100,100,100,[],merged,2,1,50400,264426.7650203854,,100,,float32,native_horizon,720,1024,direct_quantiles,9.446553819444444,9.446553819444444,1.6359689670138888,1.0602815610709169,0.8131313029334579,0.4011578078497024,8.080657725509127,3.0735246573672454,0.5858168053425571,0.3118172849527675,0.24655728653456727,1.0602815610709169,1.1908857060716118,0.8903302438388313,-0.11616282458880221,0.24655728653456727,0.34017934522818005,0.7247861752722979,-0.32187859828696175,Energy,7
ett1/15T/short|H=720|L=2048|Hsrc=controlled|Lsrc=controlled|origins=shared_origin_v1:Hmax=720,joint-scaling,release,standard_hl_shared_origin_v1,ett1/15T/short,chronos-2,chronos2,chronos-2,119.477664,119.477664,720,controlled,shared_origin_v1:Hmax=720,720,720,2048,controlled,62480,68960,2048,2048,100,100,100,[],merged,2,1,50400,264426.7650203854,,100,,float32,native_horizon,720,1024,direct_quantiles,8.704168526785715,8.704168526785715,1.5638312251984128,1.0054794725109584,0.7954800604882801,0.3837340339781746,7.94514260139396,2.950282787596083,0.5623267844440004,0.2980677608180994,0.2355095550555684,1.0054794725109584,1.1908857060716118,0.8443123192969919,-0.1692328062761054,0.2355095550555684,0.34017934522818005,0.6923099781310857,-0.36772147838586644,Energy,7
ett1/15T/short|H=720|L=4096|Hsrc=controlled|Lsrc=controlled|origins=shared_origin_v1:Hmax=720,joint-scaling,release,standard_hl_shared_origin_v1,ett1/15T/short,chronos-2,chronos2,chronos-2,119.477664,119.477664,720,controlled,shared_origin_v1:Hmax=720,720,720,4096,controlled,62480,68960,4096,4096,100,100,100,[],merged,2,1,50400,264426.7650203854,,100,,float32,native_horizon,720,1024,direct_quantiles,9.013309151785714,9.013309151785714,1.6000770399305555,1.0214657427349794,0.7921320348068551,0.38790166945684523,8.144558266286417,3.0022173725074794,0.5722255671157643,0.30497624855140115,0.24077142177512537,1.0214657427349794,1.1908857060716118,0.8577361685736409,-0.15345872261563026,0.24077142177512537,0.34017934522818005,0.7077778976075828,-0.3456249384478846,Energy,7
ett1/15T/short|H=720|L=6144|Hsrc=controlled|Lsrc=controlled|origins=shared_origin_v1:Hmax=720,joint-scaling-l6144,release,standard_hl_shared_origin_v1,ett1/15T/short,chronos-2,chronos2,chronos-2,119.477664,119.477664,720,controlled,shared_origin_v1:Hmax=720,720,720,6144,controlled,62480,68960,6144,6144,100,100,100,[],merged,6,1,50400,264426.7650203854,,100,,float32,native_horizon,720,1024,direct_quantiles,8.877077132936508,8.877077132936508,1.5865128968253968,1.0147960583777678,0.7865977082049345,0.3858042302207341,8.232752680675112,2.979442419805509,0.5678846388587824,0.3023909096109679,0.2404087008345296,1.0147960583777678,1.1908857060716118,0.8521355602841914,-0.1600096564944282,0.2404087008345296,0.34017934522818005,0.7067116337509325,-0.34713256934224695,Energy,7
ett1/15T/short|H=720|L=8192|Hsrc=controlled|Lsrc=controlled|origins=shared_origin_v1:Hmax=720,joint-scaling,release,standard_hl_shared_origin_v1,ett1/15T/short,chronos-2,chronos2,chronos-2,119.477664,119.477664,720,controlled,shared_origin_v1:Hmax=720,720,720,8192,controlled,62480,68960,8192,8192,100,100,100,[],merged,2,1,50400,264426.7650203854,,100,,float32,native_horizon,720,1024,direct_quantiles,8.84159660218254,8.84159660218254,1.5811059957837301,1.0133727227453653,0.7827073009652279,0.38617210751488096,8.330647252967125,2.973482235054136,0.5667486218166118,0.3013603489849322,0.2411348521479742,1.0133727227453653,1.1908857060716118,0.8509403694903597,-0.16141322396801763,0.2411348521479742,0.34017934522818005,0.7088462469296295,-0.34411663502286416,Energy,7
ett1/H/short|H=48|L=128|Hsrc=controlled|Lsrc=controlled|origins=shared_origin_v1:Hmax=720,joint-scaling,release,standard_hl_shared_origin_v1,ett1/H/short,chronos-2,chronos2,chronos-2,119.477664,119.477664,48,controlled,shared_origin_v1:Hmax=720,720,720,128,controlled,15260,16700,128,128,100,100,100,[],merged,2,1,1008,20577.4390123263,,100,,float32,native_horizon,48,1024,direct_quantiles,84.12186879960318,84.12186879960318,4.64848158094618,0.8435096001109733,60028.96031746032,0.308189694843595,8.081645457857853,9.171797468304845,0.449286805929214,0.2277090667496057,0.19102392393012696,0.8435096001109733,1.0359567809514858,0.8142324232254581,-0.20550942151815502,0.19102392393012696,0.24896323633412581,0.7672776380274865,-0.264906563938196,Energy,7
ett1/H/short|H=48|L=256|Hsrc=controlled|Lsrc=controlled|origins=shared_origin_v1:Hmax=720,joint-scaling,release,standard_hl_shared_origin_v1,ett1/H/short,chronos-2,chronos2,chronos-2,119.477664,119.477664,48,controlled,shared_origin_v1:Hmax=720,720,720,256,controlled,15260,16700,256,256,100,100,100,[],merged,2,1,1008,20577.4390123263,,100,,float32,native_horizon,48,1024,direct_quantiles,55.1834464905754,55.1834464905754,4.117452954489087,0.7602790278763291,102513.65873015873,0.2953886001829117,6.453688042931307,7.428556151135656,0.3638929312758156,0.2016962643232149,0.15401889238010624,0.7602790278763291,1.0359567809514858,0.7338906814027922,-0.30939519687814143,0.15401889238010624,0.24896323633412581,0.6186411080124388,-0.4802299676373791,Energy,7
ett1/H/short|H=48|L=512|Hsrc=controlled|Lsrc=controlled|origins=shared_origin_v1:Hmax=720,joint-scaling,release,standard_hl_shared_origin_v1,ett1/H/short,chronos-2,chronos2,chronos-2,119.477664,119.477664,48,controlled,shared_origin_v1:Hmax=720,720,720,512,controlled,15260,16700,512,512,100,100,100,[],merged,2,1,1008,20577.4390123263,,100,,float32,native_horizon,48,1024,direct_quantiles,90.69486297123017,90.69486297123017,4.720772879464286,0.8666313663511803,187134.60317460317,0.3135812547471788,6.137599223066874,9.523385058435375,0.4665095657993456,0.23125030571829366,0.172811863251656,0.8666313663511803,1.0359567809514858,0.8365516615038837,-0.1784670013422699,0.172811863251656,0.24896323633412581,0.6941260316030379,-0.3651017332294473,Energy,7
ett1/H/short|H=48|L=1024|Hsrc=controlled|Lsrc=controlled|origins=shared_origin_v1:Hmax=720,joint-scaling,release,standard_hl_shared_origin_v1,ett1/H/short,chronos-2,chronos2,chronos-2,119.477664,119.477664,48,controlled,shared_origin_v1:Hmax=720,720,720,1024,controlled,15260,16700,1024,1024,100,100,100,[],merged,2,1,1008,20577.4390123263,,100,,float32,native_horizon,48,1024,direct_quantiles,66.6822994171627,66.6822994171627,4.547218928261409,0.8573036157068814,156619.52380952382,0.3165665278359065,6.364690428539412,8.165923059713624,0.4000133563394671,0.22274864607504527,0.1647097433618506,0.8573036157068814,1.0359567809514858,0.8275476655690999,-0.18928857149365141,0.1647097433618506,0.24896323633412581,0.6615825926234297,-0.4131204466474701,Energy,7
ett1/H/short|H=48|L=2048|Hsrc=controlled|Lsrc=controlled|origins=shared_origin_v1:Hmax=720,joint-scaling,release,standard_hl_shared_origin_v1,ett1/H/short,chronos-2,chronos2,chronos-2,119.477664,119.477664,48,controlled,shared_origin_v1:Hmax=720,720,720,2048,controlled,15260,16700,2048,2048,100,100,100,[],merged,2,1,1008,20577.4390123263,,100,,float32,native_horizon,48,1024,direct_quantiles,77.25567336309524,77.25567336309524,4.644330705915179,0.8580138529076544,147948.77777777778,0.31290447901165674,5.768320142492647,8.789520656048044,0.4305607134099247,0.22750573328188198,0.17029124294823494,0.8580138529076544,1.0359567809514858,0.8282332513134402,-0.18846045978330442,0.17029124294823494,0.24896323633412581,0.6840015636673856,-0.3797950752987704,Energy,7
ett1/H/short|H=48|L=4096|Hsrc=controlled|Lsrc=controlled|origins=shared_origin_v1:Hmax=720,joint-scaling,release,standard_hl_shared_origin_v1,ett1/H/short,chronos-2,chronos2,chronos-2,119.477664,119.477664,48,controlled,shared_origin_v1:Hmax=720,720,720,4096,controlled,15260,16700,4096,4096,100,100,100,[],merged,2,1,1008,20577.4390123263,,100,,float32,native_horizon,48,1024,direct_quantiles,82.08046564980158,82.08046564980158,4.752011253720238,0.8661224414166435,135304.04761904763,0.31611866421169704,5.626323144130675,9.05982702096467,0.443801856570293,0.23278053896214573,0.17438422565702108,0.8661224414166435,1.0359567809514858,0.8360604007255437,-0.1790544188356143,0.17438422565702108,0.24896323633412581,0.7004416725326684,-0.35604418214982714,Energy,7
ett1/H/short|H=48|L=6144|Hsrc=controlled|Lsrc=controlled|origins=shared_origin_v1:Hmax=720,joint-scaling-l6144,release,standard_hl_shared_origin_v1,ett1/H/short,chronos-2,chronos2,chronos-2,119.477664,119.477664,48,controlled,shared_origin_v1:Hmax=720,720,720,6144,controlled,15260,16700,6144,6144,100,100,100,[],merged,6,1,1008,20577.4390123263,,100,,float32,native_horizon,48,1024,direct_quantiles,84.9847392733135,84.9847392733135,4.749574207124256,0.8672061087814874,143609.04761904763,0.3156088571699839,5.578737693404567,9.218716791035154,0.45158518121701446,0.2326611585588177,0.17583734691080977,0.8672061087814874,1.0359567809514858,0.8371064553339691,-0.17780402980127874,0.17583734691080977,0.24896323633412581,0.706278362620672,-0.34774583786495755,Energy,7
ett1/H/short|H=48|L=8192|Hsrc=controlled|Lsrc=controlled|origins=shared_origin_v1:Hmax=720,joint-scaling,release,standard_hl_shared_origin_v1,ett1/H/short,chronos-2,chronos2,chronos-2,119.477664,119.477664,48,controlled,shared_origin_v1:Hmax=720,720,720,8192,controlled,15260,16700,8192,8192,100,100,100,[],merged,2,1,1008,20577.4390123263,,100,,float32,native_horizon,48,1024,direct_quantiles,87.25357297867063,87.25357297867063,4.754658048115079,0.8684763095827958,145784.07936507938,0.3164931403266059,5.609856035700692,9.340962101340024,0.4575734518037233,0.232910194005633,0.17673239138363805,0.8684763095827958,1.0359567809514858,0.8383325690335597,-0.17634039680641359,0.17673239138363805,0.24896323633412581,0.7098734495339344,-0.3426685649264793,Energy,7
ett1/H/short|H=96|L=128|Hsrc=controlled|Lsrc=controlled|origins=shared_origin_v1:Hmax=720,joint-scaling,release,standard_hl_shared_origin_v1,ett1/H/short,chronos-2,chronos2,chronos-2,119.477664,119.477664,96,controlled,shared_origin_v1:Hmax=720,720,720,128,controlled,15260,16700,128,128,100,100,100,[],merged,2,1,2016,44362.64408172667,,100,,float32,native_horizon,96,1024,direct_quantiles,194.09649367559524,194.09649367559524,6.423392644004216,1.09139683761463,32764.200396825396,0.3603151714991009,11.271497826725954,13.931851767643641,0.6331140477521421,0.29190233896916273,0.24469972502828286,1.09139683761463,1.2881323512107834,0.8472707300525203,-0.16573500133779887,0.24469972502828286,0.2992979528082596,0.8175790135960127,-0.20140772816446637,Energy,7
ett1/H/short|H=96|L=256|Hsrc=controlled|Lsrc=controlled|origins=shared_origin_v1:Hmax=720,joint-scaling,release,standard_hl_shared_origin_v1,ett1/H/short,chronos-2,chronos2,chronos-2,119.477664,119.477664,96,controlled,shared_origin_v1:Hmax=720,720,720,256,controlled,15260,16700,256,256,100,100,100,[],merged,2,1,2016,44362.64408172667,,100,,float32,native_horizon,96,1024,direct_quantiles,166.39141555059524,166.39141555059524,6.512785412016369,1.0967514590621539,56272.74603174603,0.3778870900472005,8.455430214006155,12.899279652391263,0.5861902129033024,0.29596467168270657,0.23111479407978883,1.0967514590621539,1.2881323512107834,0.8514276176910388,-0.1608407881402139,0.23111479407978883,0.2992979528082596,0.7721896922824888,-0.25852504374861873,Energy,7
ett1/H/short|H=96|L=512|Hsrc=controlled|Lsrc=controlled|origins=shared_origin_v1:Hmax=720,joint-scaling,release,standard_hl_shared_origin_v1,ett1/H/short,chronos-2,chronos2,chronos-2,119.477664,119.477664,96,controlled,shared_origin_v1:Hmax=720,720,720,512,controlled,15260,16700,512,512,100,100,100,[],merged,2,1,2016,44362.64408172667,,100,,float32,native_horizon,96,1024,direct_quantiles,190.5794890873016,190.5794890873016,6.555272662450397,1.139258049261569,89547.13492063493,0.37341871715727304,7.933365049745093,13.805053027326682,0.6273518515221774,0.2978954469700678,0.23005048613773948,1.139258049261569,1.2881323512107834,0.8844262378712252,-0.1228161630132874,0.23005048613773948,0.2992979528082596,0.7686336775083711,-0.26314078512074796,Energy,7
ett1/H/short|H=96|L=1024|Hsrc=controlled|Lsrc=controlled|origins=shared_origin_v1:Hmax=720,joint-scaling,release,standard_hl_shared_origin_v1,ett1/H/short,chronos-2,chronos2,chronos-2,119.477664,119.477664,96,controlled,shared_origin_v1:Hmax=720,720,720,1024,controlled,15260,16700,1024,1024,100,100,100,[],merged,2,1,2016,44362.64408172667,,100,,float32,native_horizon,96,1024,direct_quantiles,163.79813058035714,163.79813058035714,6.410028366815476,1.1444761383133504,76204.58730158731,0.38049534388950895,8.304687073072548,12.798364371292026,0.5816042552601722,0.29129501757590076,0.22206938817178867,1.1444761383133504,1.2881323512107834,0.8884771329883897,-0.11824636836646925,0.22206938817178867,0.2992979528082596,0.7419676148404992,-0.2984496825347821,Energy,7
ett1/H/short|H=96|L=2048|Hsrc=controlled|Lsrc=controlled|origins=shared_origin_v1:Hmax=720,joint-scaling,release,standard_hl_shared_origin_v1,ett1/H/short,chronos-2,chronos2,chronos-2,119.477664,119.477664,96,controlled,shared_origin_v1:Hmax=720,720,720,2048,controlled,15260,16700,2048,2048,100,100,100,[],merged,2,1,2016,44362.64408172667,,100,,float32,native_horizon,96,1024,direct_quantiles,160.8367900545635,160.8367900545635,6.129850357297867,1.104933192816773,72160.28571428571,0.36351776123046875,7.9149642620146405,12.682144536889789,0.576322803015728,0.27856270914660763,0.2200123461591692,1.104933192816773,1.2881323512107834,0.8577792427759369,-0.15340850540158477,0.2200123461591692,0.2992979528082596,0.7350947244871954,-0.30775591121988155,Energy,7
ett1/H/short|H=96|L=4096|Hsrc=controlled|Lsrc=controlled|origins=shared_origin_v1:Hmax=720,joint-scaling,release,standard_hl_shared_origin_v1,ett1/H/short,chronos-2,chronos2,chronos-2,119.477664,119.477664,96,controlled,shared_origin_v1:Hmax=720,720,720,4096,controlled,15260,16700,4096,4096,100,100,100,[],merged,2,1,2016,44362.64408172667,,100,,float32,native_horizon,96,1024,direct_quantiles,169.4158451140873,169.4158451140873,6.192581418960813,1.0994511904264979,67092.23015873016,0.3619215829031808,7.589775447069359,13.015984216112406,0.5914936930121163,0.2814134368913182,0.22476851303999723,1.0994511904264979,1.2881323512107834,0.8535234670513987,-0.15838224204489965,0.22476851303999723,0.2992979528082596,0.7509858017104165,-0.2863685332417047,Energy,7
ett1/H/short|H=96|L=6144|Hsrc=controlled|Lsrc=controlled|origins=shared_origin_v1:Hmax=720,joint-scaling-l6144,release,standard_hl_shared_origin_v1,ett1/H/short,chronos-2,chronos2,chronos-2,119.477664,119.477664,96,controlled,shared_origin_v1:Hmax=720,720,720,6144,controlled,15260,16700,6144,6144,100,100,100,[],merged,6,1,2016,44362.64408172667,,100,,float32,native_horizon,96,1024,direct_quantiles,171.99646577380952,171.99646577380952,6.123649476066468,1.092294864961058,69501.64285714286,0.3580873882959759,7.55140431364603,13.114742306801515,0.5959816200721549,0.2782809185360329,0.22458906223372235,1.092294864961058,1.2881323512107834,0.8479678846155463,-0.16491251582302247,0.22458906223372235,0.2992979528082596,0.7503862292623221,-0.28716723265477323,Energy,7
ett1/H/short|H=96|L=8192|Hsrc=controlled|Lsrc=controlled|origins=shared_origin_v1:Hmax=720,joint-scaling,release,standard_hl_shared_origin_v1,ett1/H/short,chronos-2,chronos2,chronos-2,119.477664,119.477664,96,controlled,shared_origin_v1:Hmax=720,720,720,8192,controlled,15260,16700,8192,8192,100,100,100,[],merged,2,1,2016,44362.64408172667,,100,,float32,native_horizon,96,1024,direct_quantiles,176.91449652777777,176.91449652777777,6.105507986886161,1.0911001686283892,69688.38888888889,0.3581756107390873,7.603684786033763,13.300920890215751,0.6044422524788176,0.2774565032437405,0.2246980784084069,1.0911001686283892,1.2881323512107834,0.8470404206546064,-0.16600686332635545,0.2246980784084069,0.2992979528082596,0.7507504688892946,-0.2866819475577274,Energy,7
ett1/H/short|H=192|L=128|Hsrc=controlled|Lsrc=controlled|origins=shared_origin_v1:Hmax=720,joint-scaling,release,standard_hl_shared_origin_v1,ett1/H/short,chronos-2,chronos2,chronos-2,119.477664,119.477664,192,controlled,shared_origin_v1:Hmax=720,720,720,128,controlled,15260,16700,128,128,100,100,100,[],merged,2,1,4032,87160.2070671916,,100,,float32,native_horizon,192,1024,direct_quantiles,180.60038442460316,180.60038442460316,6.489454481336805,1.0986338056772476,38689.555555555555,0.37928553989955355,10.628941193628137,13.438764244699106,0.6216724266482712,0.30019984290054624,0.24865484727041945,1.0986338056772476,1.242096558684659,0.8844995165598607,-0.12273331195128681,0.24865484727041945,0.3251852194564498,0.7646560556659014,-0.2683291466929121,Energy,7
ett1/H/short|H=192|L=256|Hsrc=controlled|Lsrc=controlled|origins=shared_origin_v1:Hmax=720,joint-scaling,release,standard_hl_shared_origin_v1,ett1/H/short,chronos-2,chronos2,chronos-2,119.477664,119.477664,192,controlled,shared_origin_v1:Hmax=720,720,720,256,controlled,15260,16700,256,256,100,100,100,[],merged,2,1,4032,87160.2070671916,,100,,float32,native_horizon,192,1024,direct_quantiles,164.05750868055554,164.05750868055554,6.6439092726934526,1.106432540374672,61296.25396825397,0.39514571901351686,8.160628965119919,12.80849361480715,0.5925163327697271,0.30734486629717395,0.23687159800007182,1.106432540374672,1.242096558684659,0.890778202901028,-0.11565981302601733,0.23687159800007182,0.3251852194564498,0.7284205548948534,-0.316876712286239,Energy,7
ett1/H/short|H=192|L=512|Hsrc=controlled|Lsrc=controlled|origins=shared_origin_v1:Hmax=720,joint-scaling,release,standard_hl_shared_origin_v1,ett1/H/short,chronos-2,chronos2,chronos-2,119.477664,119.477664,192,controlled,shared_origin_v1:Hmax=720,720,720,512,controlled,15260,16700,512,512,100,100,100,[],merged,2,1,4032,87160.2070671916,,100,,float32,native_horizon,192,1024,direct_quantiles,172.0893787202381,172.0893787202381,6.775899251302083,1.2054245616969004,93401.75396825396,0.41627799140082467,8.150921743208281,13.118284137806976,0.6068471315455078,0.31345067549218586,0.23945463093027108,1.2054245616969004,1.242096558684659,0.9704757277271638,-0.029968886755727276,0.23945463093027108,0.3251852194564498,0.7363638216107171,-0.30603095954989945,Energy,7
ett1/H/short|H=192|L=1024|Hsrc=controlled|Lsrc=controlled|origins=shared_origin_v1:Hmax=720,joint-scaling,release,standard_hl_shared_origin_v1,ett1/H/short,chronos-2,chronos2,chronos-2,119.477664,119.477664,192,controlled,shared_origin_v1:Hmax=720,720,720,1024,controlled,15260,16700,1024,1024,100,100,100,[],merged,2,1,4032,87160.2070671916,,100,,float32,native_horizon,192,1024,direct_quantiles,152.91598462301587,152.91598462301587,6.467935229104663,1.136771591680565,95694.09523809524,0.4001285008021763,8.313429380222557,12.365920290177188,0.5720430490895683,0.29920436999014904,0.22988434269013472,1.136771591680565,1.242096558684659,0.9152038814795285,-0.08860841723849,0.22988434269013472,0.3251852194564498,0.7069335533588783,-0.346818601436025,Energy,7
ett1/H/short|H=192|L=2048|Hsrc=controlled|Lsrc=controlled|origins=shared_origin_v1:Hmax=720,joint-scaling,release,standard_hl_shared_origin_v1,ett1/H/short,chronos-2,chronos2,chronos-2,119.477664,119.477664,192,controlled,shared_origin_v1:Hmax=720,720,720,2048,controlled,15260,16700,2048,2048,100,100,100,[],merged,2,1,4032,87160.2070671916,,100,,float32,native_horizon,192,1024,direct_quantiles,144.68157862103175,144.68157862103175,6.068581717354911,1.0847932360776507,87309.84126984127,0.37571913098532056,7.969064210399259,12.028365583944966,0.5564278891292539,0.2807304193932476,0.22125709411825706,1.0847932360776507,1.242096558684659,0.8733566070148462,-0.1354113219965486,0.22125709411825706,0.3251852194564498,0.6804032928928639,-0.3850695788294842,Energy,7
ett1/H/short|H=192|L=4096|Hsrc=controlled|Lsrc=controlled|origins=shared_origin_v1:Hmax=720,joint-scaling,release,standard_hl_shared_origin_v1,ett1/H/short,chronos-2,chronos2,chronos-2,119.477664,119.477664,192,controlled,shared_origin_v1:Hmax=720,720,720,4096,controlled,15260,16700,4096,4096,100,100,100,[],merged,2,1,4032,87160.2070671916,,100,,float32,native_horizon,192,1024,direct_quantiles,149.43953062996033,149.43953062996033,6.042648557632688,1.0692003412883835,86159.22222222222,0.3712778848315042,7.819884959231611,12.224546234112754,0.5655031358283208,0.27953076070130123,0.2228561791690536,1.0692003412883835,1.242096558684659,0.8608029173034927,-0.149889700519611,0.2228561791690536,0.3251852194564498,0.6853207520980192,-0.3778682990773276,Energy,7
ett1/H/short|H=192|L=6144|Hsrc=controlled|Lsrc=controlled|origins=shared_origin_v1:Hmax=720,joint-scaling-l6144,release,standard_hl_shared_origin_v1,ett1/H/short,chronos-2,chronos2,chronos-2,119.477664,119.477664,192,controlled,shared_origin_v1:Hmax=720,720,720,6144,controlled,15260,16700,6144,6144,100,100,100,[],merged,6,1,4032,87160.2070671916,,100,,float32,native_horizon,192,1024,direct_quantiles,151.2476593501984,151.2476593501984,5.9873540969122026,1.0630669231494807,78054.43650793651,0.36820133148677764,7.95323162548347,12.29827871493399,0.5689139740155459,0.27697285872829275,0.22286235007413205,1.0630669231494807,1.242096558684659,0.8558649613160791,-0.1556426707569684,0.22286235007413205,0.3251852194564498,0.6853397286833903,-0.37784060938226693,Energy,7
ett1/H/short|H=192|L=8192|Hsrc=controlled|Lsrc=controlled|origins=shared_origin_v1:Hmax=720,joint-scaling,release,standard_hl_shared_origin_v1,ett1/H/short,chronos-2,chronos2,chronos-2,119.477664,119.477664,192,controlled,shared_origin_v1:Hmax=720,720,720,8192,controlled,15260,16700,8192,8192,100,100,100,[],merged,2,1,4032,87160.2070671916,,100,,float32,native_horizon,192,1024,direct_quantiles,153.177005828373,153.177005828373,5.95025634765625,1.0575726236602854,77658.22222222222,0.3663465711805556,8.034980249359057,12.376469845168815,0.5725310677296966,0.2752567301183103,0.22257900147324955,1.0575726236602854,1.242096558684659,0.8514415536101487,-0.16082442056559912,0.22257900147324955,0.3251852194564498,0.6844683834194324,-0.3791128246272844,Energy,7
ett1/H/short|H=336|L=128|Hsrc=controlled|Lsrc=controlled|origins=shared_origin_v1:Hmax=720,joint-scaling,release,standard_hl_shared_origin_v1,ett1/H/short,chronos-2,chronos2,chronos-2,119.477664,119.477664,336,controlled,shared_origin_v1:Hmax=720,720,720,128,controlled,15260,16700,128,128,100,100,100,[],merged,2,1,7056,148002.10103227943,,100,,float32,native_horizon,336,1024,direct_quantiles,169.17752621882087,169.17752621882087,6.904511674461451,1.212206672702706,6052573096395.755,0.42244549186862246,11.233020773152324,13.00682613933241,0.620100421541401,0.32917258630250457,0.27080804885697224,1.212206672702706,1.3360087461222394,0.9073343840159218,-0.09724422644987855,0.27080804885697224,0.3747062738871697,0.7227208822730229,-0.3247321863091777,Energy,7
ett1/H/short|H=336|L=256|Hsrc=controlled|Lsrc=controlled|origins=shared_origin_v1:Hmax=720,joint-scaling,release,standard_hl_shared_origin_v1,ett1/H/short,chronos-2,chronos2,chronos-2,119.477664,119.477664,336,controlled,shared_origin_v1:Hmax=720,720,720,256,controlled,15260,16700,256,256,100,100,100,[],merged,2,1,7056,148002.10103227943,,100,,float32,native_horizon,336,1024,direct_quantiles,159.55261479591837,159.55261479591837,6.980756625566894,1.214867318270295,7303597973819.791,0.4315280698053961,9.712628303982557,12.631413808276506,0.6022026390811862,0.33280756426057195,0.2637664786720569,1.214867318270295,1.3360087461222394,0.9093258721519922,-0.09505175383200162,0.2637664786720569,0.3747062738871697,0.7039286423890553,-0.3510782882042104,Energy,7
ett1/H/short|H=336|L=512|Hsrc=controlled|Lsrc=controlled|origins=shared_origin_v1:Hmax=720,joint-scaling,release,standard_hl_shared_origin_v1,ett1/H/short,chronos-2,chronos2,chronos-2,119.477664,119.477664,336,controlled,shared_origin_v1:Hmax=720,720,720,512,controlled,15260,16700,512,512,100,100,100,[],merged,2,1,7056,148002.10103227943,,100,,float32,native_horizon,336,1024,direct_quantiles,163.40357497165533,163.40357497165533,7.1243583696499435,1.313302080662868,6819621629292.554,0.458247005263694,9.895620942535343,12.782940779478537,0.6094266872625587,0.33965377724797413,0.2686110134684439,1.313302080662868,1.3360087461222394,0.9830041041832417,-0.01714198368270814,0.2686110134684439,0.3747062738871697,0.7168575286500998,-0.3328781629385097,Energy,7
ett1/H/short|H=336|L=1024|Hsrc=controlled|Lsrc=controlled|origins=shared_origin_v1:Hmax=720,joint-scaling,release,standard_hl_shared_origin_v1,ett1/H/short,chronos-2,chronos2,chronos-2,119.477664,119.477664,336,controlled,shared_origin_v1:Hmax=720,720,720,1024,controlled,15260,16700,1024,1024,100,100,100,[],merged,2,1,7056,148002.10103227943,,100,,float32,native_horizon,336,1024,direct_quantiles,153.77582908163265,153.77582908163265,6.855231252657313,1.2353890508713945,7434376562757.66,0.43611425283003824,9.70629452907556,12.400638252994588,0.5912004147430732,0.3268231422485032,0.25916060928020374,1.2353890508713945,1.3360087461222394,0.9246863498888812,-0.07830068017195058,0.25916060928020374,0.3747062738871697,0.6916366961025086,-0.3686944668603924,Energy,7
ett1/H/short|H=336|L=2048|Hsrc=controlled|Lsrc=controlled|origins=shared_origin_v1:Hmax=720,joint-scaling,release,standard_hl_shared_origin_v1,ett1/H/short,chronos-2,chronos2,chronos-2,119.477664,119.477664,336,controlled,shared_origin_v1:Hmax=720,720,720,2048,controlled,15260,16700,2048,2048,100,100,100,[],merged,2,1,7056,148002.10103227943,,100,,float32,native_horizon,336,1024,direct_quantiles,146.03217120181407,146.03217120181407,6.568473418013038,1.196885111677695,7733500095741.098,0.4186503784456491,9.402868671805834,12.08437715407021,0.5761226672080993,0.31315196280484986,0.25031749985533397,1.196885111677695,1.3360087461222394,0.895866224792053,-0.10996417984140315,0.25031749985533397,0.3747062738871697,0.6680365857196956,-0.40341233790380004,Energy,7
ett1/H/short|H=336|L=4096|Hsrc=controlled|Lsrc=controlled|origins=shared_origin_v1:Hmax=720,joint-scaling,release,standard_hl_shared_origin_v1,ett1/H/short,chronos-2,chronos2,chronos-2,119.477664,119.477664,336,controlled,shared_origin_v1:Hmax=720,720,720,4096,controlled,15260,16700,4096,4096,100,100,100,[],merged,2,1,7056,148002.10103227943,,100,,float32,native_horizon,336,1024,direct_quantiles,150.7890802154195,150.7890802154195,6.588743179563492,1.1924903029585046,7283286966346.304,0.4161661714653309,9.395409208836844,12.279620524080517,0.5854308946534128,0.3141183236639353,0.25260601010218786,1.1924903029585046,1.3360087461222394,0.8925767188423753,-0.11364280953539266,0.25260601010218786,0.3747062738871697,0.6741440635132032,-0.39431144682497116,Energy,7
ett1/H/short|H=336|L=6144|Hsrc=controlled|Lsrc=controlled|origins=shared_origin_v1:Hmax=720,joint-scaling-l6144,release,standard_hl_shared_origin_v1,ett1/H/short,chronos-2,chronos2,chronos-2,119.477664,119.477664,336,controlled,shared_origin_v1:Hmax=720,720,720,6144,controlled,15260,16700,6144,6144,100,100,100,[],merged,6,1,7056,148002.10103227943,,100,,float32,native_horizon,336,1024,direct_quantiles,153.38155470521542,153.38155470521542,6.612716571003402,1.1957434686182988,7468863518836.1,0.41621561547796204,9.421819204183766,12.384730707819829,0.5904420225447853,0.31526125507382863,0.2544416886606425,1.1957434686182988,1.3360087461222394,0.8950117071381006,-0.11091848019160225,0.2544416886606425,0.3747062738871697,0.6790430435580567,-0.38707076085820774,Energy,7
ett1/H/short|H=336|L=8192|Hsrc=controlled|Lsrc=controlled|origins=shared_origin_v1:Hmax=720,joint-scaling,release,standard_hl_shared_origin_v1,ett1/H/short,chronos-2,chronos2,chronos-2,119.477664,119.477664,336,controlled,shared_origin_v1:Hmax=720,720,720,8192,controlled,15260,16700,8192,8192,100,100,100,[],merged,2,1,7056,148002.10103227943,,100,,float32,native_horizon,336,1024,direct_quantiles,156.40502763605443,156.40502763605443,6.6659453169288545,1.2018317732263086,7247916181963.755,0.41660206766625923,9.588239497052179,12.506199568056413,0.5962330503197383,0.3177989354758662,0.2568113183445966,1.2018317732263086,1.3360087461222394,0.899568791532706,-0.10583975099195278,0.2568113183445966,0.3747062738871697,0.6853670094190276,-0.37780080402509963,Energy,7
ett1/H/short|H=720|L=128|Hsrc=controlled|Lsrc=controlled|origins=shared_origin_v1:Hmax=720,joint-scaling,release,standard_hl_shared_origin_v1,ett1/H/short,chronos-2,chronos2,chronos-2,119.477664,119.477664,720,controlled,shared_origin_v1:Hmax=720,720,720,128,controlled,15260,16700,128,128,100,100,100,[],merged,2,1,15120,315737.81191634387,,100,,float32,native_horizon,720,1024,direct_quantiles,160.79388227513226,160.79388227513226,7.409550161210317,1.3797885107169139,2653489826767.438,0.4779291062127976,11.526679964542945,12.680452763018057,0.6072394199894953,0.35482730990478734,0.28885799304914267,1.3797885107169139,1.478701287480662,0.9331083447338638,-0.06923395976011115,0.28885799304914267,0.4710624864152012,0.6132052570081734,-0.48905555894853675,Energy,7
ett1/H/short|H=720|L=256|Hsrc=controlled|Lsrc=controlled|origins=shared_origin_v1:Hmax=720,joint-scaling,release,standard_hl_shared_origin_v1,ett1/H/short,chronos-2,chronos2,chronos-2,119.477664,119.477664,720,controlled,shared_origin_v1:Hmax=720,720,720,256,controlled,15260,16700,256,256,100,100,100,[],merged,2,1,15120,315737.81191634387,,100,,float32,native_horizon,720,1024,direct_quantiles,150.00648148148147,150.00648148148147,7.236370494378307,1.3634555159368618,3207134661244.2495,0.4824095710875496,10.548868917748935,12.247713316431009,0.5865164651027054,0.34653411072598966,0.27395356570362417,1.3634555159368618,1.478701287480662,0.9220628449305335,-0.08114189621857197,0.27395356570362417,0.4710624864152012,0.5815652351950555,-0.5420321289732968,Energy,7
ett1/H/short|H=720|L=512|Hsrc=controlled|Lsrc=controlled|origins=shared_origin_v1:Hmax=720,joint-scaling,release,standard_hl_shared_origin_v1,ett1/H/short,chronos-2,chronos2,chronos-2,119.477664,119.477664,720,controlled,shared_origin_v1:Hmax=720,720,720,512,controlled,15260,16700,512,512,100,100,100,[],merged,2,1,15120,315737.81191634387,,100,,float32,native_horizon,720,1024,direct_quantiles,147.92619047619047,147.92619047619047,7.353877314814815,1.4454144019156927,2945754695372.3735,0.5030545673673115,10.625051536977102,12.162491129542108,0.5824353591434939,0.35216125786499225,0.27948461269799396,1.4454144019156927,1.478701287480662,0.9774891076062551,-0.022768130298506724,0.27948461269799396,0.4710624864152012,0.5933068770236402,-0.5220435146442474,Energy,7
ett1/H/short|H=720|L=1024|Hsrc=controlled|Lsrc=controlled|origins=shared_origin_v1:Hmax=720,joint-scaling,release,standard_hl_shared_origin_v1,ett1/H/short,chronos-2,chronos2,chronos-2,119.477664,119.477664,720,controlled,shared_origin_v1:Hmax=720,720,720,1024,controlled,15260,16700,1024,1024,100,100,100,[],merged,2,1,15120,315737.81191634387,,100,,float32,native_horizon,720,1024,direct_quantiles,143.00672949735448,143.00672949735448,7.0529854910714285,1.3168289650427512,3365243091563.7236,0.46890520368303573,10.202503155469643,11.958542114210848,0.5726686825041255,0.33775220008573137,0.26663258372572535,1.3168289650427512,1.478701287480662,0.890530748969793,-0.11593764684318525,0.26663258372572535,0.4710624864152012,0.5660238108850628,-0.5691191329622927,Energy,7
ett1/H/short|H=720|L=2048|Hsrc=controlled|Lsrc=controlled|origins=shared_origin_v1:Hmax=720,joint-scaling,release,standard_hl_shared_origin_v1,ett1/H/short,chronos-2,chronos2,chronos-2,119.477664,119.477664,720,controlled,shared_origin_v1:Hmax=720,720,720,2048,controlled,15260,16700,2048,2048,100,100,100,[],merged,2,1,15120,315737.81191634387,,100,,float32,native_horizon,720,1024,direct_quantiles,137.287144510582,137.287144510582,6.930913111772487,1.322201038509884,3656279893258.1084,0.4604407900855655,9.986902892473758,11.716959695696747,0.5610998236912919,0.33190641822071665,0.2614904448380327,1.322201038509884,1.478701287480662,0.89416371629904,-0.11186639272320585,0.2614904448380327,0.4710624864152012,0.5551077667593154,-0.5885930097439911,Energy,7
ett1/H/short|H=720|L=4096|Hsrc=controlled|Lsrc=controlled|origins=shared_origin_v1:Hmax=720,joint-scaling,release,standard_hl_shared_origin_v1,ett1/H/short,chronos-2,chronos2,chronos-2,119.477664,119.477664,720,controlled,shared_origin_v1:Hmax=720,720,720,4096,controlled,15260,16700,4096,4096,100,100,100,[],merged,2,1,15120,315737.81191634387,,100,,float32,native_horizon,720,1024,direct_quantiles,140.67767857142857,140.67767857142857,7.011194299768518,1.333006906821923,3472441714086.157,0.45892514829282405,10.132114022308794,11.860762141255028,0.567986211367334,0.3357509104439719,0.26524893111319514,1.333006906821923,1.478701287480662,0.9014713912185971,-0.10372697148613864,0.26524893111319514,0.4710624864152012,0.5630865092479492,-0.5743220050125589,Energy,7
ett1/H/short|H=720|L=6144|Hsrc=controlled|Lsrc=controlled|origins=shared_origin_v1:Hmax=720,joint-scaling-l6144,release,standard_hl_shared_origin_v1,ett1/H/short,chronos-2,chronos2,chronos-2,119.477664,119.477664,720,controlled,shared_origin_v1:Hmax=720,720,720,6144,controlled,15260,16700,6144,6144,100,100,100,[],merged,6,1,15120,315737.81191634387,,100,,float32,native_horizon,720,1024,direct_quantiles,143.51607142857142,143.51607142857142,7.141930183531746,1.3553142426199258,3510804388109.1562,0.4643165870949074,10.185155750533804,11.979819340397894,0.5736876027848341,0.34201156877470024,0.2695895861437831,1.3553142426199258,1.478701287480662,0.9165571532902653,-0.08713085326452803,0.2695895861437831,0.4710624864152012,0.5723011148592354,-0.5580900015360661,Energy,7
ett1/H/short|H=720|L=8192|Hsrc=controlled|Lsrc=controlled|origins=shared_origin_v1:Hmax=720,joint-scaling,release,standard_hl_shared_origin_v1,ett1/H/short,chronos-2,chronos2,chronos-2,119.477664,119.477664,720,controlled,shared_origin_v1:Hmax=720,720,720,8192,controlled,15260,16700,8192,8192,100,100,100,[],merged,2,1,15120,315737.81191634387,,100,,float32,native_horizon,720,1024,direct_quantiles,149.0723544973545,149.0723544973545,7.340656001984127,1.3804665177748023,3420948127084.587,0.46889803447420636,10.575395362891694,12.209519011711906,0.5846874225694473,0.35152811782773574,0.27517856190618245,1.3804665177748023,1.478701287480662,0.9335668599618067,-0.06874269568159236,0.27517856190618245,0.4710624864152012,0.5841657313879929,-0.5375705497904417,Energy,7
ett2/15T/short|H=48|L=128|Hsrc=controlled|Lsrc=controlled|origins=shared_origin_v1:Hmax=720,joint-scaling,release,standard_hl_shared_origin_v1,ett2/15T/short,chronos-2,chronos2,chronos-2,119.477664,119.477664,48,controlled,shared_origin_v1:Hmax=720,720,720,128,controlled,62480,68960,128,128,100,100,100,[],merged,2,1,3360,61217.23699820042,,100,,float32,native_horizon,48,1024,direct_quantiles,7.2027564639136905,7.2027564639136905,1.7497786748976933,0.8081689354747854,0.13221523803934374,0.18372308640252977,7.301004181009481,2.6837951605727457,0.1473041284073228,0.09603923071257006,0.07719439816366751,0.8081689354747854,0.819992309386593,0.9855811160952812,-0.014523846192357248,0.07719439816366751,0.08888418323744869,0.8684829555945558,-0.14100731860056928,Energy,7
ett2/15T/short|H=48|L=256|Hsrc=controlled|Lsrc=controlled|origins=shared_origin_v1:Hmax=720,joint-scaling,release,standard_hl_shared_origin_v1,ett2/15T/short,chronos-2,chronos2,chronos-2,119.477664,119.477664,48,controlled,shared_origin_v1:Hmax=720,720,720,256,controlled,62480,68960,256,256,100,100,100,[],merged,2,1,3360,61217.23699820042,,100,,float32,native_horizon,48,1024,direct_quantiles,7.16611328125,7.16611328125,1.6644263857886905,0.7488838663240452,0.11982876938825122,0.16380397251674106,5.954703894810628,2.67695970855932,0.14692895435682155,0.0913545421269895,0.07277886258744597,0.7488838663240452,0.819992309386593,0.913281573194581,-0.09071104155879672,0.07277886258744597,0.08888418323744869,0.8188055505108447,-0.19990864638206685,Energy,7
ett2/15T/short|H=48|L=512|Hsrc=controlled|Lsrc=controlled|origins=shared_origin_v1:Hmax=720,joint-scaling,release,standard_hl_shared_origin_v1,ett2/15T/short,chronos-2,chronos2,chronos-2,119.477664,119.477664,48,controlled,shared_origin_v1:Hmax=720,720,720,512,controlled,62480,68960,512,512,100,100,100,[],merged,2,1,3360,61217.23699820042,,100,,float32,native_horizon,48,1024,direct_quantiles,6.463952055431547,6.463952055431547,1.5630782354445685,0.6951170584925651,0.10958271131346763,0.15301546369280133,4.999722528001258,2.5424303442634466,0.13954510813639473,0.08579189667198046,0.06823469925763466,0.6951170584925651,0.819992309386593,0.8477116803846092,-0.1652147005496358,0.06823469925763466,0.08888418323744869,0.7676810065897754,-0.26438098812155925,Energy,7
ett2/15T/short|H=48|L=1024|Hsrc=controlled|Lsrc=controlled|origins=shared_origin_v1:Hmax=720,joint-scaling,release,standard_hl_shared_origin_v1,ett2/15T/short,chronos-2,chronos2,chronos-2,119.477664,119.477664,48,controlled,shared_origin_v1:Hmax=720,720,720,1024,controlled,62480,68960,1024,1024,100,100,100,[],merged,2,1,3360,61217.23699820042,,100,,float32,native_horizon,48,1024,direct_quantiles,5.676085263206845,5.676085263206845,1.450921340215774,0.6340098269984502,0.09686673102108279,0.14282459077380952,4.73643102291278,2.38245362246715,0.1307645454780154,0.07963599701940667,0.06344083642060341,0.6340098269984502,0.819992309386593,0.7731899674433903,-0.25723050710282197,0.06344083642060341,0.08888418323744869,0.7137471944938176,-0.3372264486762899,Energy,7
ett2/15T/short|H=48|L=2048|Hsrc=controlled|Lsrc=controlled|origins=shared_origin_v1:Hmax=720,joint-scaling,release,standard_hl_shared_origin_v1,ett2/15T/short,chronos-2,chronos2,chronos-2,119.477664,119.477664,48,controlled,shared_origin_v1:Hmax=720,720,720,2048,controlled,62480,68960,2048,2048,100,100,100,[],merged,2,1,3360,61217.23699820042,,100,,float32,native_horizon,48,1024,direct_quantiles,5.309966750372023,5.309966750372023,1.4165047781808036,0.6220652956349236,0.09473198081313873,0.14001566569010418,4.691689693090357,2.304336509794527,0.12647697041826989,0.07774699231896749,0.062153463915765324,0.6220652956349236,0.819992309386593,0.7586233291630119,-0.27624989728296817,0.062153463915765324,0.08888418323744869,0.6992634870675036,-0.3577276591811739,Energy,7
ett2/15T/short|H=48|L=4096|Hsrc=controlled|Lsrc=controlled|origins=shared_origin_v1:Hmax=720,joint-scaling,release,standard_hl_shared_origin_v1,ett2/15T/short,chronos-2,chronos2,chronos-2,119.477664,119.477664,48,controlled,shared_origin_v1:Hmax=720,720,720,4096,controlled,62480,68960,4096,4096,100,100,100,[],merged,2,1,3360,61217.23699820042,,100,,float32,native_horizon,48,1024,direct_quantiles,5.144139462425596,5.144139462425596,1.389846656436012,0.6108667196624413,0.09251309779448215,0.13748443240211122,4.821468385895649,2.268069545323863,0.12448640360087149,0.07628382126691342,0.06121269547074305,0.6108667196624413,0.819992309386593,0.7449664011110165,-0.29441616079941973,0.06121269547074305,0.08888418323744869,0.6886792817482168,-0.37297960001421193,Energy,7
ett2/15T/short|H=48|L=6144|Hsrc=controlled|Lsrc=controlled|origins=shared_origin_v1:Hmax=720,joint-scaling-l6144,release,standard_hl_shared_origin_v1,ett2/15T/short,chronos-2,chronos2,chronos-2,119.477664,119.477664,48,controlled,shared_origin_v1:Hmax=720,720,720,6144,controlled,62480,68960,6144,6144,100,100,100,[],merged,6,1,3360,61217.23699820042,,100,,float32,native_horizon,48,1024,direct_quantiles,5.050626046316964,5.050626046316964,1.38031005859375,0.6070204532184111,0.09201036770944554,0.13709114619663784,4.807882666645303,2.247359794584962,0.12334971782583802,0.07576039077051676,0.060581949180976716,0.6070204532184111,0.819992309386593,0.7402757882845286,-0.30073247534343894,0.060581949180976716,0.08888418323744869,0.6815830103218221,-0.3833372299487289,Energy,7
ett2/15T/short|H=48|L=8192|Hsrc=controlled|Lsrc=controlled|origins=shared_origin_v1:Hmax=720,joint-scaling,release,standard_hl_shared_origin_v1,ett2/15T/short,chronos-2,chronos2,chronos-2,119.477664,119.477664,48,controlled,shared_origin_v1:Hmax=720,720,720,8192,controlled,62480,68960,8192,8192,100,100,100,[],merged,2,1,3360,61217.23699820042,,100,,float32,native_horizon,48,1024,direct_quantiles,5.0182111467633925,5.0182111467633925,1.3798018682570685,0.6074729320208945,0.09248054136656784,0.13784186045328775,4.814190433387269,2.2401364125346013,0.12295325165259459,0.07573249798059388,0.060373553104949934,0.6074729320208945,0.819992309386593,0.7408275968774919,-0.29998734353964623,0.060373553104949934,0.08888418323744869,0.6792384303477893,-0.3867830638015462,Energy,7
ett2/15T/short|H=96|L=128|Hsrc=controlled|Lsrc=controlled|origins=shared_origin_v1:Hmax=720,joint-scaling,release,standard_hl_shared_origin_v1,ett2/15T/short,chronos-2,chronos2,chronos-2,119.477664,119.477664,96,controlled,shared_origin_v1:Hmax=720,720,720,128,controlled,62480,68960,128,128,100,100,100,[],merged,2,1,6720,124424.0499805212,,100,,float32,native_horizon,96,1024,direct_quantiles,8.09489513578869,8.09489513578869,1.8323394775390625,0.817381583206032,0.13017186543748577,0.1713481903076172,6.873778191676673,2.8451529195789615,0.1536634406496477,0.09896255017410358,0.07988085523902212,0.817381583206032,0.8129763547178831,1.0054186428210174,0.005404014794913066,0.07988085523902212,0.08579978868907917,0.9310145917549278,-0.07148032862174104,Energy,7
ett2/15T/short|H=96|L=256|Hsrc=controlled|Lsrc=controlled|origins=shared_origin_v1:Hmax=720,joint-scaling,release,standard_hl_shared_origin_v1,ett2/15T/short,chronos-2,chronos2,chronos-2,119.477664,119.477664,96,controlled,shared_origin_v1:Hmax=720,720,720,256,controlled,62480,68960,256,256,100,100,100,[],merged,2,1,6720,124424.0499805212,,100,,float32,native_horizon,96,1024,direct_quantiles,7.231087239583333,7.231087239583333,1.6915065220424108,0.7496036356749948,0.12094210260859459,0.15674418494814918,5.679158612204821,2.6890680987255293,0.1452334787869751,0.091356324037873,0.07304370469919465,0.7496036356749948,0.8129763547178831,0.92204850894479,-0.08115744407116089,0.07304370469919465,0.08579978868907917,0.8513273262698822,-0.1609585871477908,Energy,7
ett2/15T/short|H=96|L=512|Hsrc=controlled|Lsrc=controlled|origins=shared_origin_v1:Hmax=720,joint-scaling,release,standard_hl_shared_origin_v1,ett2/15T/short,chronos-2,chronos2,chronos-2,119.477664,119.477664,96,controlled,shared_origin_v1:Hmax=720,720,720,512,controlled,62480,68960,512,512,100,100,100,[],merged,2,1,6720,124424.0499805212,,100,,float32,native_horizon,96,1024,direct_quantiles,6.169725399925595,6.169725399925595,1.569017101469494,0.698086234003877,0.1127501134899945,0.14747831253778368,5.173859535228016,2.4838931941461566,0.13415221789738638,0.08474081114965835,0.06781360616540734,0.698086234003877,0.8129763547178831,0.8586796281991806,-0.15235938558746823,0.06781360616540734,0.08579978868907917,0.7903703167749041,-0.23525368794129525,Energy,7
ett2/15T/short|H=96|L=1024|Hsrc=controlled|Lsrc=controlled|origins=shared_origin_v1:Hmax=720,joint-scaling,release,standard_hl_shared_origin_v1,ett2/15T/short,chronos-2,chronos2,chronos-2,119.477664,119.477664,96,controlled,shared_origin_v1:Hmax=720,720,720,1024,controlled,62480,68960,1024,1024,100,100,100,[],merged,2,1,6720,124424.0499805212,,100,,float32,native_horizon,96,1024,direct_quantiles,6.8007178896949405,6.8007178896949405,1.6367021833147322,0.7060596637665407,0.11123592827847464,0.14751543317522323,5.175082944411363,2.6078186075137473,0.14084528710676014,0.08839640466289962,0.06975310662630065,0.7060596637665407,0.8129763547178831,0.8684873301285074,-0.14100228163017595,0.06975310662630065,0.08579978868907917,0.8129752729237084,-0.20705458450484476,Energy,7
ett2/15T/short|H=96|L=2048|Hsrc=controlled|Lsrc=controlled|origins=shared_origin_v1:Hmax=720,joint-scaling,release,standard_hl_shared_origin_v1,ett2/15T/short,chronos-2,chronos2,chronos-2,119.477664,119.477664,96,controlled,shared_origin_v1:Hmax=720,720,720,2048,controlled,62480,68960,2048,2048,100,100,100,[],merged,2,1,6720,124424.0499805212,,100,,float32,native_horizon,96,1024,direct_quantiles,6.170334588913691,6.170334588913691,1.5786074683779763,0.6853257634444117,0.10804227090884506,0.14421390351795016,4.899943770432224,2.4840158189741244,0.13415884072347242,0.08525877584888725,0.0677259933005146,0.6853257634444117,0.8129763547178831,0.8429836359536331,-0.1708077328488412,0.0677259933005146,0.08579978868907917,0.7893491852985758,-0.23654648912176948,Energy,7
ett2/15T/short|H=96|L=4096|Hsrc=controlled|Lsrc=controlled|origins=shared_origin_v1:Hmax=720,joint-scaling,release,standard_hl_shared_origin_v1,ett2/15T/short,chronos-2,chronos2,chronos-2,119.477664,119.477664,96,controlled,shared_origin_v1:Hmax=720,720,720,4096,controlled,62480,68960,4096,4096,100,100,100,[],merged,2,1,6720,124424.0499805212,,100,,float32,native_horizon,96,1024,direct_quantiles,5.819371977306548,5.819371977306548,1.533599853515625,0.6684499819097532,0.10529464181935061,0.14075184776669458,4.786696459963706,2.4123374509604885,0.13028757441179842,0.08282796627531727,0.0657058184310667,0.6684499819097532,0.8129763547178831,0.8222256133657381,-0.195740452770865,0.0657058184310667,0.08579978868907917,0.7658039656620962,-0.2668290614957094,Energy,7
ett2/15T/short|H=96|L=6144|Hsrc=controlled|Lsrc=controlled|origins=shared_origin_v1:Hmax=720,joint-scaling-l6144,release,standard_hl_shared_origin_v1,ett2/15T/short,chronos-2,chronos2,chronos-2,119.477664,119.477664,96,controlled,shared_origin_v1:Hmax=720,720,720,6144,controlled,62480,68960,6144,6144,100,100,100,[],merged,6,1,6720,124424.0499805212,,100,,float32,native_horizon,96,1024,direct_quantiles,5.817315383184524,5.817315383184524,1.5281095958891369,0.6661284709978982,0.10510418841088508,0.1407422383626302,4.795372849717324,2.4119111474481234,0.13026455024883682,0.08253144376816711,0.06552150399974775,0.6661284709978982,0.8129763547178831,0.8193700433379225,-0.19921947380308322,0.06552150399974775,0.08579978868907917,0.7636557735262524,-0.2696381495591777,Energy,7
ett2/15T/short|H=96|L=8192|Hsrc=controlled|Lsrc=controlled|origins=shared_origin_v1:Hmax=720,joint-scaling,release,standard_hl_shared_origin_v1,ett2/15T/short,chronos-2,chronos2,chronos-2,119.477664,119.477664,96,controlled,shared_origin_v1:Hmax=720,720,720,8192,controlled,62480,68960,8192,8192,100,100,100,[],merged,2,1,6720,124424.0499805212,,100,,float32,native_horizon,96,1024,direct_quantiles,5.826431710379464,5.826431710379464,1.5281866164434523,0.6655803326826695,0.10537955546317557,0.1413750239780971,4.772435875112909,2.4138002631492657,0.1303665792176227,0.0825356035598238,0.06557509827643943,0.6655803326826695,0.8129763547178831,0.8186958068585369,-0.20004268431977992,0.06557509827643943,0.08579978868907917,0.7642804169841272,-0.2688205192202235,Energy,7
ett2/15T/short|H=192|L=128|Hsrc=controlled|Lsrc=controlled|origins=shared_origin_v1:Hmax=720,joint-scaling,release,standard_hl_shared_origin_v1,ett2/15T/short,chronos-2,chronos2,chronos-2,119.477664,119.477664,192,controlled,shared_origin_v1:Hmax=720,720,720,128,controlled,62480,68960,128,128,100,100,100,[],merged,2,1,13440,246436.99194276333,,100,,float32,native_horizon,192,1024,direct_quantiles,11.383587937127976,11.383587937127976,2.1438877650669643,0.9305816937243008,0.1496766050321499,0.1929703848702567,7.465562825534891,3.37395731110042,0.18400641033518844,0.1169217792156472,0.09349295685719168,0.9305816937243008,0.9157795009384372,1.0161634899784229,0.01603425154390005,0.09349295685719168,0.10088154910380433,0.9267597265084621,-0.07606094171803815,Energy,7
ett2/15T/short|H=192|L=256|Hsrc=controlled|Lsrc=controlled|origins=shared_origin_v1:Hmax=720,joint-scaling,release,standard_hl_shared_origin_v1,ett2/15T/short,chronos-2,chronos2,chronos-2,119.477664,119.477664,192,controlled,shared_origin_v1:Hmax=720,720,720,256,controlled,62480,68960,256,256,100,100,100,[],merged,2,1,13440,246436.99194276333,,100,,float32,native_horizon,192,1024,direct_quantiles,11.204668898809524,11.204668898809524,2.0921441941034224,0.8885328915547788,0.14400441193144042,0.1797891889299665,6.506893970030696,3.3473375836341224,0.1825546431539443,0.11409982627640858,0.09096791487120395,0.8885328915547788,0.9157795009384372,0.9702476312739718,-0.030203950092481956,0.09096791487120395,0.10088154910380433,0.9017299563629865,-0.10344018693320083,Energy,7
ett2/15T/short|H=192|L=512|Hsrc=controlled|Lsrc=controlled|origins=shared_origin_v1:Hmax=720,joint-scaling,release,standard_hl_shared_origin_v1,ett2/15T/short,chronos-2,chronos2,chronos-2,119.477664,119.477664,192,controlled,shared_origin_v1:Hmax=720,720,720,512,controlled,62480,68960,512,512,100,100,100,[],merged,2,1,13440,246436.99194276333,,100,,float32,native_horizon,192,1024,direct_quantiles,9.309132021949404,9.309132021949404,1.9402881440662203,0.8286174160501522,0.13213976374622463,0.167355709984189,6.3011091827056305,3.0510870230049822,0.1663979472639847,0.10581801234737791,0.08548783773981906,0.8286174160501522,0.9157795009384372,0.9048219742864233,-0.1000170681285132,0.08548783773981906,0.10088154910380433,0.8474080592463389,-0.1655729302775055,Energy,7
ett2/15T/short|H=192|L=1024|Hsrc=controlled|Lsrc=controlled|origins=shared_origin_v1:Hmax=720,joint-scaling,release,standard_hl_shared_origin_v1,ett2/15T/short,chronos-2,chronos2,chronos-2,119.477664,119.477664,192,controlled,shared_origin_v1:Hmax=720,720,720,1024,controlled,62480,68960,1024,1024,100,100,100,[],merged,2,1,13440,246436.99194276333,,100,,float32,native_horizon,192,1024,direct_quantiles,9.951362537202382,9.951362537202382,1.984312511625744,0.830296572749021,0.13127847287024638,0.16666328793480284,5.929002637577464,3.1545780283902287,0.17204206384491086,0.10821898103042946,0.08622331998546191,0.830296572749021,0.9157795009384372,0.9066555561662842,-0.09799266266365038,0.08622331998546191,0.10088154910380433,0.8546986119011762,-0.15700637288873143,Energy,7
ett2/15T/short|H=192|L=2048|Hsrc=controlled|Lsrc=controlled|origins=shared_origin_v1:Hmax=720,joint-scaling,release,standard_hl_shared_origin_v1,ett2/15T/short,chronos-2,chronos2,chronos-2,119.477664,119.477664,192,controlled,shared_origin_v1:Hmax=720,720,720,2048,controlled,62480,68960,2048,2048,100,100,100,[],merged,2,1,13440,246436.99194276333,,100,,float32,native_horizon,192,1024,direct_quantiles,8.84733421688988,8.84733421688988,1.8948986235119047,0.7978723384197817,0.1251474193106052,0.16047624860491072,5.51147147031407,2.9744468757888214,0.16221820310112608,0.1033425919511101,0.08236011150160844,0.7978723384197817,0.9157795009384372,0.8712493974828753,-0.13782700846244847,0.08236011150160844,0.10088154910380433,0.8164041118843463,-0.20284581145410127,Energy,7
ett2/15T/short|H=192|L=4096|Hsrc=controlled|Lsrc=controlled|origins=shared_origin_v1:Hmax=720,joint-scaling,release,standard_hl_shared_origin_v1,ett2/15T/short,chronos-2,chronos2,chronos-2,119.477664,119.477664,192,controlled,shared_origin_v1:Hmax=720,720,720,4096,controlled,62480,68960,4096,4096,100,100,100,[],merged,2,1,13440,246436.99194276333,,100,,float32,native_horizon,192,1024,direct_quantiles,8.55016857328869,8.55016857328869,1.8444875081380208,0.778553482711391,0.12233083304840058,0.15711511884416854,5.3174121462147905,2.924067128724765,0.1594706293898783,0.10059330749797751,0.08025062651088079,0.778553482711391,0.9157795009384372,0.8501538655468648,-0.1623379275891796,0.08025062651088079,0.10088154910380433,0.7954935984211058,-0.22879247847601375,Energy,7
ett2/15T/short|H=192|L=6144|Hsrc=controlled|Lsrc=controlled|origins=shared_origin_v1:Hmax=720,joint-scaling-l6144,release,standard_hl_shared_origin_v1,ett2/15T/short,chronos-2,chronos2,chronos-2,119.477664,119.477664,192,controlled,shared_origin_v1:Hmax=720,720,720,6144,controlled,62480,68960,6144,6144,100,100,100,[],merged,6,1,13440,246436.99194276333,,100,,float32,native_horizon,192,1024,direct_quantiles,8.522226097470238,8.522226097470238,1.838684808640253,0.7773912093510624,0.12251731003592527,0.1573579334077381,5.234175450856176,2.9192852031739274,0.1592098362398865,0.1002768441268124,0.07993937062316607,0.7773912093510624,0.9157795009384372,0.848884702654337,-0.1638319055980868,0.07993937062316607,0.10088154910380433,0.7924082385066338,-0.23267856730790953,Energy,7
ett2/15T/short|H=192|L=8192|Hsrc=controlled|Lsrc=controlled|origins=shared_origin_v1:Hmax=720,joint-scaling,release,standard_hl_shared_origin_v1,ett2/15T/short,chronos-2,chronos2,chronos-2,119.477664,119.477664,192,controlled,shared_origin_v1:Hmax=720,720,720,8192,controlled,62480,68960,8192,8192,100,100,100,[],merged,2,1,13440,246436.99194276333,,100,,float32,native_horizon,192,1024,direct_quantiles,8.464221772693453,8.464221772693453,1.8379339308965774,0.7763106895431675,0.1226140499006297,0.15826788402739025,5.276679522264677,2.9093335616070997,0.1586671009078093,0.1002358933069073,0.07977394007258398,0.7763106895431675,0.9157795009384372,0.8477048118544364,-0.16522280301909312,0.07977394007258398,0.10088154910380433,0.7907683890787482,-0.2347501618296632,Energy,7
ett2/15T/short|H=336|L=128|Hsrc=controlled|Lsrc=controlled|origins=shared_origin_v1:Hmax=720,joint-scaling,release,standard_hl_shared_origin_v1,ett2/15T/short,chronos-2,chronos2,chronos-2,119.477664,119.477664,336,controlled,shared_origin_v1:Hmax=720,720,720,128,controlled,62480,68960,128,128,100,100,100,[],merged,2,1,23520,432522.33897304535,,100,,float32,native_horizon,336,1024,direct_quantiles,15.11804049744898,15.11804049744898,2.4507131563562927,1.0524917376180198,0.16935403968593715,0.2132212528566114,8.996432804934763,3.888192446040831,0.21143482796290786,0.13326658126920968,0.10616941578615507,1.0524917376180198,1.002767734501598,1.0495867601295887,0.048396524922324366,0.10616941578615507,0.11585109762181237,0.9164299515981933,-0.0872696449580833,Energy,7
ett2/15T/short|H=336|L=256|Hsrc=controlled|Lsrc=controlled|origins=shared_origin_v1:Hmax=720,joint-scaling,release,standard_hl_shared_origin_v1,ett2/15T/short,chronos-2,chronos2,chronos-2,119.477664,119.477664,336,controlled,shared_origin_v1:Hmax=720,720,720,256,controlled,62480,68960,256,256,100,100,100,[],merged,2,1,23520,432522.33897304535,,100,,float32,native_horizon,336,1024,direct_quantiles,15.39069674744898,15.39069674744898,2.3781381204825682,0.9912412421347679,0.15877744737307023,0.19457148337850766,7.427629654490443,3.923097850863394,0.21333293829722247,0.12932004558783214,0.1031360984499498,0.9912412421347679,1.002767734501598,0.9885053218504692,-0.01156125262220546,0.1031360984499498,0.11585109762181237,0.8902470547722406,-0.1162562651450938,Energy,7
ett2/15T/short|H=336|L=512|Hsrc=controlled|Lsrc=controlled|origins=shared_origin_v1:Hmax=720,joint-scaling,release,standard_hl_shared_origin_v1,ett2/15T/short,chronos-2,chronos2,chronos-2,119.477664,119.477664,336,controlled,shared_origin_v1:Hmax=720,720,720,512,controlled,62480,68960,512,512,100,100,100,[],merged,2,1,23520,432522.33897304535,,100,,float32,native_horizon,336,1024,direct_quantiles,16.342875744047618,16.342875744047618,2.4836155067495747,1.0127271934953952,0.16140088410863776,0.1971101929541348,7.200008254006257,4.04263227910326,0.21983306441527914,0.1350557681192748,0.10605223034089323,1.0127271934953952,1.002767734501598,1.0099319699379312,0.00988297208751956,0.10605223034089323,0.11585109762181237,0.9154184338165976,-0.08837401352095768,Energy,7
ett2/15T/short|H=336|L=1024|Hsrc=controlled|Lsrc=controlled|origins=shared_origin_v1:Hmax=720,joint-scaling,release,standard_hl_shared_origin_v1,ett2/15T/short,chronos-2,chronos2,chronos-2,119.477664,119.477664,336,controlled,shared_origin_v1:Hmax=720,720,720,1024,controlled,62480,68960,1024,1024,100,100,100,[],merged,2,1,23520,432522.33897304535,,100,,float32,native_horizon,336,1024,direct_quantiles,14.375758662840136,14.375758662840136,2.375155120642007,0.9678131673656488,0.15286828870746358,0.18769610138977466,6.684418063443185,3.791537770198279,0.20617887290353576,0.1291578339517428,0.10223395855316206,0.9678131673656488,1.002767734501598,0.965141910800189,-0.035480130631062944,0.10223395855316206,0.11585109762181237,0.8824599909005395,-0.12504182729243704,Energy,7
ett2/15T/short|H=336|L=2048|Hsrc=controlled|Lsrc=controlled|origins=shared_origin_v1:Hmax=720,joint-scaling,release,standard_hl_shared_origin_v1,ett2/15T/short,chronos-2,chronos2,chronos-2,119.477664,119.477664,336,controlled,shared_origin_v1:Hmax=720,720,720,2048,controlled,62480,68960,2048,2048,100,100,100,[],merged,2,1,23520,432522.33897304535,,100,,float32,native_horizon,336,1024,direct_quantiles,12.60000531462585,12.60000531462585,2.2363417437287416,0.9188281637404102,0.14469575162399434,0.1792283869114052,6.384609705844344,3.549648618472799,0.19302525669473727,0.12160934377953121,0.09655807153491495,0.9188281637404102,1.002767734501598,0.916292110452768,-0.08742006727092534,0.09655807153491495,0.11585109762181237,0.8334670410298733,-0.18216112042870855,Energy,7
ett2/15T/short|H=336|L=4096|Hsrc=controlled|Lsrc=controlled|origins=shared_origin_v1:Hmax=720,joint-scaling,release,standard_hl_shared_origin_v1,ett2/15T/short,chronos-2,chronos2,chronos-2,119.477664,119.477664,336,controlled,shared_origin_v1:Hmax=720,720,720,4096,controlled,62480,68960,4096,4096,100,100,100,[],merged,2,1,23520,432522.33897304535,,100,,float32,native_horizon,336,1024,direct_quantiles,12.62335512329932,12.62335512329932,2.1870017538265305,0.9014078371964499,0.14224553316617744,0.17643777237457484,6.226304507012067,3.5529361271066104,0.19320402712137194,0.11892629955745619,0.09486923961661359,0.9014078371964499,1.002767734501598,0.8989198656700631,-0.10656138566916358,0.09486923961661359,0.11585109762181237,0.8188894327640075,-0.19980620697290605,Energy,7
ett2/15T/short|H=336|L=6144|Hsrc=controlled|Lsrc=controlled|origins=shared_origin_v1:Hmax=720,joint-scaling-l6144,release,standard_hl_shared_origin_v1,ett2/15T/short,chronos-2,chronos2,chronos-2,119.477664,119.477664,336,controlled,shared_origin_v1:Hmax=720,720,720,6144,controlled,62480,68960,6144,6144,100,100,100,[],merged,6,1,23520,432522.33897304535,,100,,float32,native_horizon,336,1024,direct_quantiles,12.490093537414966,12.490093537414966,2.176544563137755,0.8996178958804376,0.14242889079147641,0.17673186217846515,6.135080182106627,3.5341326428722177,0.19218151820254248,0.11835765118293759,0.09449878126490466,0.8996178958804376,1.002767734501598,0.8971348647626476,-0.10854907731894398,0.09449878126490466,0.11585109762181237,0.8156917215699516,-0.2037187875931664,Energy,7
ett2/15T/short|H=336|L=8192|Hsrc=controlled|Lsrc=controlled|origins=shared_origin_v1:Hmax=720,joint-scaling,release,standard_hl_shared_origin_v1,ett2/15T/short,chronos-2,chronos2,chronos-2,119.477664,119.477664,336,controlled,shared_origin_v1:Hmax=720,720,720,8192,controlled,62480,68960,8192,8192,100,100,100,[],merged,2,1,23520,432522.33897304535,,100,,float32,native_horizon,336,1024,direct_quantiles,12.604154708758504,12.604154708758504,2.1885024713010206,0.9030682846950921,0.14300193911040443,0.17796458549240007,6.231787338188064,3.550233049922005,0.19305703731378682,0.11900790661406237,0.09491783333065859,0.9030682846950921,1.002767734501598,0.900575730175384,-0.10472101998390816,0.09491783333065859,0.11585109762181237,0.8193088825149597,-0.1992941203028048,Energy,7
ett2/15T/short|H=720|L=128|Hsrc=controlled|Lsrc=controlled|origins=shared_origin_v1:Hmax=720,joint-scaling,release,standard_hl_shared_origin_v1,ett2/15T/short,chronos-2,chronos2,chronos-2,119.477664,119.477664,720,controlled,shared_origin_v1:Hmax=720,720,720,128,controlled,62480,68960,128,128,100,100,100,[],merged,2,1,50400,945736.3714669943,,100,,float32,native_horizon,720,1024,direct_quantiles,15.859632936507937,15.859632936507937,2.5227842881944444,1.1072598221684558,0.18195473728561642,0.21162107437375993,12.123296082779834,3.982415465079948,0.2122301155962618,0.13444373290600192,0.10847858016714738,1.1072598221684558,1.0126577750962622,1.0934195632509718,0.08930999944506858,0.10847858016714738,0.13282444685997616,0.8167064326757992,-0.20247557222453602,Energy,7
ett2/15T/short|H=720|L=256|Hsrc=controlled|Lsrc=controlled|origins=shared_origin_v1:Hmax=720,joint-scaling,release,standard_hl_shared_origin_v1,ett2/15T/short,chronos-2,chronos2,chronos-2,119.477664,119.477664,720,controlled,shared_origin_v1:Hmax=720,720,720,256,controlled,62480,68960,256,256,100,100,100,[],merged,2,1,50400,945736.3714669943,,100,,float32,native_horizon,720,1024,direct_quantiles,16.30494171626984,16.30494171626984,2.4258964223710318,1.0058862746851591,0.15707326547038433,0.19088113451760913,8.723422524309253,4.037937804903617,0.2151890014037012,0.12928040347845182,0.10246287641620858,1.0058862746851591,1.0126577750962622,0.9933131403543913,-0.006709316859714016,0.10246287641620858,0.13282444685997616,0.7714157961013395,-0.25952775623158775,Energy,7
ett2/15T/short|H=720|L=512|Hsrc=controlled|Lsrc=controlled|origins=shared_origin_v1:Hmax=720,joint-scaling,release,standard_hl_shared_origin_v1,ett2/15T/short,chronos-2,chronos2,chronos-2,119.477664,119.477664,720,controlled,shared_origin_v1:Hmax=720,720,720,512,controlled,62480,68960,512,512,100,100,100,[],merged,2,1,50400,945736.3714669943,,100,,float32,native_horizon,720,1024,direct_quantiles,16.212901785714287,16.212901785714287,2.47971199156746,1.009257862856345,0.15442040418299946,0.1858063034784226,7.940006940762371,4.026524777735049,0.2145807805647336,0.13214833239535784,0.10397293171197136,1.009257862856345,1.0126577750962622,0.9966425851620069,-0.0033630636022306923,0.10397293171197136,0.13282444685997616,0.7827846015544101,-0.24489771463681675,Energy,7
ett2/15T/short|H=720|L=1024|Hsrc=controlled|Lsrc=controlled|origins=shared_origin_v1:Hmax=720,joint-scaling,release,standard_hl_shared_origin_v1,ett2/15T/short,chronos-2,chronos2,chronos-2,119.477664,119.477664,720,controlled,shared_origin_v1:Hmax=720,720,720,1024,controlled,62480,68960,1024,1024,100,100,100,[],merged,2,1,50400,945736.3714669943,,100,,float32,native_horizon,720,1024,direct_quantiles,13.612305307539682,13.612305307539682,2.342616257440476,0.9586985387240493,0.14845684664014794,0.18027545262896824,7.046256728151683,3.689485778199949,0.19661936331457566,0.12484225301799182,0.09830357428060618,0.9586985387240493,1.0126577750962622,0.946715230259222,-0.05475693824117224,0.09830357428060618,0.13282444685997616,0.7401015144767592,-0.3009679204671238,Energy,7
ett2/15T/short|H=720|L=2048|Hsrc=controlled|Lsrc=controlled|origins=shared_origin_v1:Hmax=720,joint-scaling,release,standard_hl_shared_origin_v1,ett2/15T/short,chronos-2,chronos2,chronos-2,119.477664,119.477664,720,controlled,shared_origin_v1:Hmax=720,720,720,2048,controlled,62480,68960,2048,2048,100,100,100,[],merged,2,1,50400,945736.3714669943,,100,,float32,native_horizon,720,1024,direct_quantiles,11.45319568452381,11.45319568452381,2.1724810887896826,0.8977072056178089,0.13728166243966525,0.16657683841765872,6.986716116216537,3.3842570358239352,0.18035317214346877,0.1157754424789205,0.09367037138764236,0.8977072056178089,1.0126577750962622,0.8864862618888931,-0.12048965061119979,0.09367037138764236,0.13282444685997616,0.7052193598546651,-0.34924637583657425,Energy,7
ett2/15T/short|H=720|L=4096|Hsrc=controlled|Lsrc=controlled|origins=shared_origin_v1:Hmax=720,joint-scaling,release,standard_hl_shared_origin_v1,ett2/15T/short,chronos-2,chronos2,chronos-2,119.477664,119.477664,720,controlled,shared_origin_v1:Hmax=720,720,720,4096,controlled,62480,68960,4096,4096,100,100,100,[],merged,2,1,50400,945736.3714669943,,100,,float32,native_horizon,720,1024,direct_quantiles,11.740846974206349,11.740846974206349,2.125670882936508,0.8812021372279798,0.1342176604476108,0.16183331201946924,6.89232520021361,3.4264919340641016,0.18260394618106077,0.11328084203192657,0.09230801521530681,0.8812021372279798,1.0126577750962622,0.8701874995668835,-0.13904657381036062,0.09230801521530681,0.13282444685997616,0.6949625418927445,-0.36389733142701863,Energy,7
ett2/15T/short|H=720|L=6144|Hsrc=controlled|Lsrc=controlled|origins=shared_origin_v1:Hmax=720,joint-scaling-l6144,release,standard_hl_shared_origin_v1,ett2/15T/short,chronos-2,chronos2,chronos-2,119.477664,119.477664,720,controlled,shared_origin_v1:Hmax=720,720,720,6144,controlled,62480,68960,6144,6144,100,100,100,[],merged,6,1,50400,945736.3714669943,,100,,float32,native_horizon,720,1024,direct_quantiles,11.724000496031746,11.724000496031746,2.124905598958333,0.8828848137010974,0.13529959620432697,0.1634850105406746,6.942026532845581,3.42403278255798,0.1824728935540837,0.11324005866600803,0.09237324256484458,0.8828848137010974,1.0126577750962622,0.8718491433269954,-0.1371388708113114,0.09237324256484458,0.13282444685997616,0.6954536212917541,-0.363190953822339,Energy,7
ett2/15T/short|H=720|L=8192|Hsrc=controlled|Lsrc=controlled|origins=shared_origin_v1:Hmax=720,joint-scaling,release,standard_hl_shared_origin_v1,ett2/15T/short,chronos-2,chronos2,chronos-2,119.477664,119.477664,720,controlled,shared_origin_v1:Hmax=720,720,720,8192,controlled,62480,68960,8192,8192,100,100,100,[],merged,2,1,50400,945736.3714669943,,100,,float32,native_horizon,720,1024,direct_quantiles,11.688670634920635,11.688670634920635,2.136253410218254,0.8903269859391667,0.13698161238638426,0.16666164822048612,7.191900726799675,3.4188697891146185,0.18219774830494648,0.11384480403137115,0.09289448064225574,0.8903269859391667,1.0126577750962622,0.8791982916978376,-0.12874481891345116,0.09289448064225574,0.13282444685997616,0.6993778844054612,-0.35756407566284537,Energy,7
ett2/H/short|H=48|L=128|Hsrc=controlled|Lsrc=controlled|origins=shared_origin_v1:Hmax=720,joint-scaling,release,standard_hl_shared_origin_v1,ett2/H/short,chronos-2,chronos2,chronos-2,119.477664,119.477664,48,controlled,shared_origin_v1:Hmax=720,720,720,128,controlled,15260,16700,128,128,100,100,100,[],merged,2,1,1008,72264.01940023899,,100,,float32,native_horizon,48,1024,direct_quantiles,77.70948815724206,77.70948815724206,5.699614994109623,0.6814554353554769,0.13686300799280346,0.12601620810372488,4.84427735523431,8.815298529105073,0.12296328091194617,0.07950307721249587,0.06356569719018308,0.6814554353554769,0.6947240034491291,0.9809009505533463,-0.019283792349897803,0.06356569719018308,0.08145786369717765,0.780350653762425,-0.24801190421289768,Energy,7
ett2/H/short|H=48|L=256|Hsrc=controlled|Lsrc=controlled|origins=shared_origin_v1:Hmax=720,joint-scaling,release,standard_hl_shared_origin_v1,ett2/H/short,chronos-2,chronos2,chronos-2,119.477664,119.477664,48,controlled,shared_origin_v1:Hmax=720,720,720,256,controlled,15260,16700,256,256,100,100,100,[],merged,2,1,1008,72264.01940023899,,100,,float32,native_horizon,48,1024,direct_quantiles,89.0275142609127,89.0275142609127,5.930599152095734,0.6855346948327893,0.13250814654869947,0.1295587146092975,4.530215274966066,9.435439272281535,0.13161353140050128,0.08272504069006614,0.0635758402142158,0.6855346948327893,0.6947240034491291,0.9867727204318302,-0.013315539184294,0.0635758402142158,0.08145786369717765,0.7804751724224088,-0.24785234936935388,Energy,7
ett2/H/short|H=48|L=512|Hsrc=controlled|Lsrc=controlled|origins=shared_origin_v1:Hmax=720,joint-scaling,release,standard_hl_shared_origin_v1,ett2/H/short,chronos-2,chronos2,chronos-2,119.477664,119.477664,48,controlled,shared_origin_v1:Hmax=720,720,720,512,controlled,15260,16700,512,512,100,100,100,[],merged,2,1,1008,72264.01940023899,,100,,float32,native_horizon,48,1024,direct_quantiles,115.1678447420635,115.1678447420635,6.361219133649554,0.6980746577219934,0.12976054421917882,0.12284030611552889,4.515684715069266,10.731628242818678,0.14969387751389668,0.08873169441634385,0.06671859553643342,0.6980746577219934,0.6947240034491291,1.0048230005818557,0.004811407176273621,0.06671859553643342,0.08145786369717765,0.8190565343631161,-0.19960216898503344,Energy,7
ett2/H/short|H=48|L=1024|Hsrc=controlled|Lsrc=controlled|origins=shared_origin_v1:Hmax=720,joint-scaling,release,standard_hl_shared_origin_v1,ett2/H/short,chronos-2,chronos2,chronos-2,119.477664,119.477664,48,controlled,shared_origin_v1:Hmax=720,720,720,1024,controlled,15260,16700,1024,1024,100,100,100,[],merged,2,1,1008,72264.01940023899,,100,,float32,native_horizon,48,1024,direct_quantiles,57.43216765873016,57.43216765873016,4.833254859561012,0.5881440028487599,0.1214739481608073,0.11353215717134021,4.741039011014337,7.578401392030522,0.10570998771681255,0.06741834925419866,0.05397554520788375,0.5881440028487599,0.6947240034491291,0.8465865580126404,-0.1665428286345933,0.05397554520788375,0.08145786369717765,0.6626192089758167,-0.4115547992319693,Energy,7
ett2/H/short|H=48|L=2048|Hsrc=controlled|Lsrc=controlled|origins=shared_origin_v1:Hmax=720,joint-scaling,release,standard_hl_shared_origin_v1,ett2/H/short,chronos-2,chronos2,chronos-2,119.477664,119.477664,48,controlled,shared_origin_v1:Hmax=720,720,720,2048,controlled,15260,16700,2048,2048,100,100,100,[],merged,2,1,1008,72264.01940023899,,100,,float32,native_horizon,48,1024,direct_quantiles,40.00736684647818,40.00736684647818,4.242026677207341,0.5412680881076031,0.1155653932613289,0.10715592853606694,4.510986471374651,6.325137693874986,0.08822839980867297,0.059171395752875305,0.04836966145968295,0.5412680881076031,0.6947240034491291,0.7791124035161356,-0.24959995145869546,0.04836966145968295,0.08145786369717765,0.5937997789814228,-0.5212130888630171,Energy,7
ett2/H/short|H=48|L=4096|Hsrc=controlled|Lsrc=controlled|origins=shared_origin_v1:Hmax=720,joint-scaling,release,standard_hl_shared_origin_v1,ett2/H/short,chronos-2,chronos2,chronos-2,119.477664,119.477664,48,controlled,shared_origin_v1:Hmax=720,720,720,4096,controlled,15260,16700,4096,4096,100,100,100,[],merged,2,1,1008,72264.01940023899,,100,,float32,native_horizon,48,1024,direct_quantiles,41.01152886284722,41.01152886284722,4.368869357638889,0.5498889687266143,0.11623598810679422,0.10798917497907366,4.4817710557664405,6.404024427096388,0.08932877905338063,0.06094070533371737,0.04869516008620897,0.5498889687266143,0.6947240034491291,0.7915214761495998,-0.23379826654894928,0.04869516008620897,0.08145786369717765,0.5977956930866106,-0.5145062337641233,Energy,7
ett2/H/short|H=48|L=6144|Hsrc=controlled|Lsrc=controlled|origins=shared_origin_v1:Hmax=720,joint-scaling-l6144,release,standard_hl_shared_origin_v1,ett2/H/short,chronos-2,chronos2,chronos-2,119.477664,119.477664,48,controlled,shared_origin_v1:Hmax=720,720,720,6144,controlled,15260,16700,6144,6144,100,100,100,[],merged,6,1,1008,72264.01940023899,,100,,float32,native_horizon,48,1024,direct_quantiles,42.04707651289682,42.04707651289682,4.345410543774801,0.5469343944392318,0.11603942079220465,0.10737309380183144,4.567970005022454,6.4843717130418135,0.09044953132961951,0.060613481847240205,0.049193736628861846,0.5469343944392318,0.6947240034491291,0.7872686012342178,-0.2391857911642736,0.049193736628861846,0.08145786369717765,0.6039163611231104,-0.5043195655976025,Energy,7
ett2/H/short|H=48|L=8192|Hsrc=controlled|Lsrc=controlled|origins=shared_origin_v1:Hmax=720,joint-scaling,release,standard_hl_shared_origin_v1,ett2/H/short,chronos-2,chronos2,chronos-2,119.477664,119.477664,48,controlled,shared_origin_v1:Hmax=720,720,720,8192,controlled,15260,16700,8192,8192,100,100,100,[],merged,2,1,1008,72264.01940023899,,100,,float32,native_horizon,48,1024,direct_quantiles,41.12537589905754,41.12537589905754,4.176242404513889,0.5267489223527453,0.11373934869518774,0.10446295662531777,4.650417058687311,6.4129069772652665,0.08945268041735872,0.058253780770684306,0.04910523001611786,0.5267489223527453,0.6947240034491291,0.7582132181090189,-0.2767906425131959,0.04910523001611786,0.08145786369717765,0.6028298286666122,-0.5061203299328113,Energy,7
ett2/H/short|H=96|L=128|Hsrc=controlled|Lsrc=controlled|origins=shared_origin_v1:Hmax=720,joint-scaling,release,standard_hl_shared_origin_v1,ett2/H/short,chronos-2,chronos2,chronos-2,119.477664,119.477664,96,controlled,shared_origin_v1:Hmax=720,720,720,128,controlled,15260,16700,128,128,100,100,100,[],merged,2,1,2016,144151.83056032658,,100,,float32,native_horizon,96,1024,direct_quantiles,123.57008773561508,123.57008773561508,7.202527242993551,0.8385888378362103,0.1618601734419743,0.1457933092874194,5.297339090796487,11.11620833448236,0.1554629997774318,0.10072917468639674,0.07830027826783006,0.8385888378362103,0.7989799974265753,1.0495742578502723,0.04838461323073945,0.07830027826783006,0.09816146652540124,0.7976681791685366,-0.22606258358587344,Energy,7
ett2/H/short|H=96|L=256|Hsrc=controlled|Lsrc=controlled|origins=shared_origin_v1:Hmax=720,joint-scaling,release,standard_hl_shared_origin_v1,ett2/H/short,chronos-2,chronos2,chronos-2,119.477664,119.477664,96,controlled,shared_origin_v1:Hmax=720,720,720,256,controlled,15260,16700,256,256,100,100,100,[],merged,2,1,2016,144151.83056032658,,100,,float32,native_horizon,96,1024,direct_quantiles,123.39394221230158,123.39394221230158,7.055094401041667,0.8119236320710298,0.1543596731239106,0.14311197068956164,5.283768479807088,11.108282595086497,0.1553521562969158,0.09866728890791117,0.07567225835332488,0.8119236320710298,0.7989799974265753,1.0162001986109095,0.01607037562218063,0.07567225835332488,0.09816146652540124,0.7708957601376418,-0.2602021154183573,Energy,7
ett2/H/short|H=96|L=512|Hsrc=controlled|Lsrc=controlled|origins=shared_origin_v1:Hmax=720,joint-scaling,release,standard_hl_shared_origin_v1,ett2/H/short,chronos-2,chronos2,chronos-2,119.477664,119.477664,96,controlled,shared_origin_v1:Hmax=720,720,720,512,controlled,15260,16700,512,512,100,100,100,[],merged,2,1,2016,144151.83056032658,,100,,float32,native_horizon,96,1024,direct_quantiles,208.23809523809524,208.23809523809524,8.67206779358879,0.9294763455838447,0.1606779972395574,0.15012974209255642,4.888594930555679,14.430457208213994,0.20181361290160438,0.12128107290707299,0.09102691807572715,0.9294763455838447,0.7989799974265753,1.16332867978871,0.15128544735660063,0.09102691807572715,0.09816146652540124,0.9273182369598371,-0.07545847463814942,Energy,7
ett2/H/short|H=96|L=1024|Hsrc=controlled|Lsrc=controlled|origins=shared_origin_v1:Hmax=720,joint-scaling,release,standard_hl_shared_origin_v1,ett2/H/short,chronos-2,chronos2,chronos-2,119.477664,119.477664,96,controlled,shared_origin_v1:Hmax=720,720,720,1024,controlled,15260,16700,1024,1024,100,100,100,[],merged,2,1,2016,144151.83056032658,,100,,float32,native_horizon,96,1024,direct_quantiles,94.84633091517857,94.84633091517857,5.961385091145833,0.7178783314685099,0.14078986787226094,0.12924866449265254,5.272195317506318,9.738908096659427,0.13620110578234287,0.0833714861409303,0.06604277826014086,0.7178783314685099,0.7989799974265753,0.8984934964338471,-0.10703581103308114,0.06604277826014086,0.09816146652540124,0.6727973877921941,-0.3963110529227997,Energy,7
ett2/H/short|H=96|L=2048|Hsrc=controlled|Lsrc=controlled|origins=shared_origin_v1:Hmax=720,joint-scaling,release,standard_hl_shared_origin_v1,ett2/H/short,chronos-2,chronos2,chronos-2,119.477664,119.477664,96,controlled,shared_origin_v1:Hmax=720,720,720,2048,controlled,15260,16700,2048,2048,100,100,100,[],merged,2,1,2016,144151.83056032658,,100,,float32,native_horizon,96,1024,direct_quantiles,58.86624193948413,58.86624193948413,5.1896255735367065,0.6566114298240088,0.1335208786436286,0.12071297660706536,5.249964480745578,7.672433899323221,0.10730093874571031,0.07257823307260468,0.05875103699178976,0.6566114298240088,0.7989799974265753,0.8218121003515486,-0.1962434984363742,0.05875103699178976,0.09816146652540124,0.5985142548434396,-0.5133049366513037,Energy,7
ett2/H/short|H=96|L=4096|Hsrc=controlled|Lsrc=controlled|origins=shared_origin_v1:Hmax=720,joint-scaling,release,standard_hl_shared_origin_v1,ett2/H/short,chronos-2,chronos2,chronos-2,119.477664,119.477664,96,controlled,shared_origin_v1:Hmax=720,720,720,4096,controlled,15260,16700,4096,4096,100,100,100,[],merged,2,1,2016,144151.83056032658,,100,,float32,native_horizon,96,1024,direct_quantiles,61.38514152405754,61.38514152405754,5.38214111328125,0.67224857305088,0.13467411785961622,0.12283988226027716,5.29553672587013,7.834867039334971,0.10957260750628595,0.07527061184168717,0.059465566118379776,0.67224857305088,0.7989799974265753,0.8413834829609215,-0.17270773844278203,0.059465566118379776,0.09816146652540124,0.6057933751732598,-0.5012163161152529,Energy,7
ett2/H/short|H=96|L=6144|Hsrc=controlled|Lsrc=controlled|origins=shared_origin_v1:Hmax=720,joint-scaling-l6144,release,standard_hl_shared_origin_v1,ett2/H/short,chronos-2,chronos2,chronos-2,119.477664,119.477664,96,controlled,shared_origin_v1:Hmax=720,720,720,6144,controlled,15260,16700,6144,6144,100,100,100,[],merged,6,1,2016,144151.83056032658,,100,,float32,native_horizon,96,1024,direct_quantiles,64.79699125744048,64.79699125744048,5.442825075179812,0.6775139480838415,0.13637182532078718,0.12376094242883107,5.350153651186763,8.049657834805183,0.11257651139002285,0.07611929247731948,0.06053532118495495,0.6775139480838415,0.7989799974265753,0.8479736041778738,-0.16490577082342744,0.06053532118495495,0.09816146652540124,0.6166912876071409,-0.4833867245254741,Energy,7
ett2/H/short|H=96|L=8192|Hsrc=controlled|Lsrc=controlled|origins=shared_origin_v1:Hmax=720,joint-scaling,release,standard_hl_shared_origin_v1,ett2/H/short,chronos-2,chronos2,chronos-2,119.477664,119.477664,96,controlled,shared_origin_v1:Hmax=720,720,720,8192,controlled,15260,16700,8192,8192,100,100,100,[],merged,2,1,2016,144151.83056032658,,100,,float32,native_horizon,96,1024,direct_quantiles,69.07513330853175,69.07513330853175,5.438656761532738,0.6689706929543691,0.13514771784444254,0.12230403839595734,5.312180057982723,8.311145126186387,0.11623347764133865,0.07606099755120002,0.061014555525446726,0.6689706929543691,0.7989799974265753,0.8372809020364069,-0.17759565901742025,0.061014555525446726,0.09816146652540124,0.6215733901006664,-0.4755012895633804,Energy,7
ett2/H/short|H=192|L=128|Hsrc=controlled|Lsrc=controlled|origins=shared_origin_v1:Hmax=720,joint-scaling,release,standard_hl_shared_origin_v1,ett2/H/short,chronos-2,chronos2,chronos-2,119.477664,119.477664,192,controlled,shared_origin_v1:Hmax=720,720,720,128,controlled,15260,16700,128,128,100,100,100,[],merged,2,1,4032,286751.6341557503,,100,,float32,native_horizon,192,1024,direct_quantiles,179.4046843998016,179.4046843998016,7.7906377883184526,0.8993331082600926,0.1707772815718633,0.15442474304683626,6.375159001933228,13.394203388025792,0.18833520589872815,0.10954375780623635,0.08685887421816506,0.8993331082600926,0.8715895895186347,1.0318309432272823,0.03133483893803131,0.08685887421816506,0.1268224591465115,0.6848855857448833,-0.3785034827803193,Energy,7
ett2/H/short|H=192|L=256|Hsrc=controlled|Lsrc=controlled|origins=shared_origin_v1:Hmax=720,joint-scaling,release,standard_hl_shared_origin_v1,ett2/H/short,chronos-2,chronos2,chronos-2,119.477664,119.477664,192,controlled,shared_origin_v1:Hmax=720,720,720,256,controlled,15260,16700,256,256,100,100,100,[],merged,2,1,4032,286751.6341557503,,100,,float32,native_horizon,192,1024,direct_quantiles,175.96312313988096,175.96312313988096,7.782073490203373,0.8798579355414347,0.16231785463483145,0.15181126670231895,5.64075383658086,13.26510923965125,0.18652001970884427,0.10942333565031154,0.08431607233645602,0.8798579355414347,0.8715895895186347,1.009486513058705,0.009441798660414617,0.08431607233645602,0.1268224591465115,0.6648354944690827,-0.40821564566717666,Energy,7
ett2/H/short|H=192|L=512|Hsrc=controlled|Lsrc=controlled|origins=shared_origin_v1:Hmax=720,joint-scaling,release,standard_hl_shared_origin_v1,ett2/H/short,chronos-2,chronos2,chronos-2,119.477664,119.477664,192,controlled,shared_origin_v1:Hmax=720,720,720,512,controlled,15260,16700,512,512,100,100,100,[],merged,2,1,4032,286751.6341557503,,100,,float32,native_horizon,192,1024,direct_quantiles,294.4265873015873,294.4265873015873,9.448957170758929,1.0025476879905082,0.1698225118991885,0.1621212429470486,6.366670137573294,17.158863228710324,0.24126989456172437,0.13286130146971303,0.10515374833192047,1.0025476879905082,0.8715895895186347,1.1502520223356494,0.13998106822242296,0.10515374833192047,0.1268224591465115,0.829141376374367,-0.1873645999376942,Energy,7
ett2/H/short|H=192|L=1024|Hsrc=controlled|Lsrc=controlled|origins=shared_origin_v1:Hmax=720,joint-scaling,release,standard_hl_shared_origin_v1,ett2/H/short,chronos-2,chronos2,chronos-2,119.477664,119.477664,192,controlled,shared_origin_v1:Hmax=720,720,720,1024,controlled,15260,16700,1024,1024,100,100,100,[],merged,2,1,4032,286751.6341557503,,100,,float32,native_horizon,192,1024,direct_quantiles,181.25843253968253,181.25843253968253,7.334763299851191,0.8396913016743951,0.15431927741690074,0.1463766552153088,5.8354038479283625,13.463225190855367,0.1893057179232828,0.10313373003808897,0.08301363471716355,0.8396913016743951,0.8715895895186347,0.9634021697507235,-0.0372843326080219,0.08301363471716355,0.1268224591465115,0.6545657234201882,-0.4237832809194095,Energy,7
ett2/H/short|H=192|L=2048|Hsrc=controlled|Lsrc=controlled|origins=shared_origin_v1:Hmax=720,joint-scaling,release,standard_hl_shared_origin_v1,ett2/H/short,chronos-2,chronos2,chronos-2,119.477664,119.477664,192,controlled,shared_origin_v1:Hmax=720,720,720,2048,controlled,15260,16700,2048,2048,100,100,100,[],merged,2,1,4032,286751.6341557503,,100,,float32,native_horizon,192,1024,direct_quantiles,115.66849578373017,115.66849578373017,6.38446287124876,0.7565078450748278,0.14430506178799937,0.13435811845083084,6.2295393590532,10.754928906493532,0.1512245029698023,0.08977160451993466,0.07293720147600795,0.7565078450748278,0.8715895895186347,0.8679633788336495,-0.1416057554956359,0.07293720147600795,0.1268224591465115,0.5751126572285381,-0.5531893317608544,Energy,7
ett2/H/short|H=192|L=4096|Hsrc=controlled|Lsrc=controlled|origins=shared_origin_v1:Hmax=720,joint-scaling,release,standard_hl_shared_origin_v1,ett2/H/short,chronos-2,chronos2,chronos-2,119.477664,119.477664,192,controlled,shared_origin_v1:Hmax=720,720,720,4096,controlled,15260,16700,4096,4096,100,100,100,[],merged,2,1,4032,286751.6341557503,,100,,float32,native_horizon,192,1024,direct_quantiles,118.68172588045636,118.68172588045636,6.4878656296502974,0.7712605055471004,0.1453089948599407,0.1359348902626643,6.384654007895378,10.89411427700556,0.15318158131586565,0.0912255453949448,0.07346908433472805,0.7712605055471004,0.8715895895186347,0.8848895338149408,-0.1222924623130299,0.07346908433472805,0.1268224591465115,0.5793065741601255,-0.5459234524887032,Energy,7
ett2/H/short|H=192|L=6144|Hsrc=controlled|Lsrc=controlled|origins=shared_origin_v1:Hmax=720,joint-scaling-l6144,release,standard_hl_shared_origin_v1,ett2/H/short,chronos-2,chronos2,chronos-2,119.477664,119.477664,192,controlled,shared_origin_v1:Hmax=720,720,720,6144,controlled,15260,16700,6144,6144,100,100,100,[],merged,6,1,4032,286751.6341557503,,100,,float32,native_horizon,192,1024,direct_quantiles,126.00011625744048,126.00011625744048,6.583222888764881,0.781053255175278,0.14790718754876717,0.13724903833298457,6.448590705505395,11.224977338838617,0.1578338298348272,0.09256635891770634,0.07516124274114225,0.781053255175278,0.8715895895186347,0.8961250393165452,-0.10967532293514975,0.07516124274114225,0.1268224591465115,0.592649308702588,-0.5231524399086906,Energy,7
ett2/H/short|H=192|L=8192|Hsrc=controlled|Lsrc=controlled|origins=shared_origin_v1:Hmax=720,joint-scaling,release,standard_hl_shared_origin_v1,ett2/H/short,chronos-2,chronos2,chronos-2,119.477664,119.477664,192,controlled,shared_origin_v1:Hmax=720,720,720,8192,controlled,15260,16700,8192,8192,100,100,100,[],merged,2,1,4032,286751.6341557503,,100,,float32,native_horizon,192,1024,direct_quantiles,134.25184461805554,134.25184461805554,6.623694525824653,0.7773917620146645,0.1469713913516308,0.1365756080264137,6.306330417840459,11.58670982712761,0.16292013177369957,0.09313542852773816,0.07602597498824488,0.7773917620146645,0.8715895895186347,0.8919241020811249,-0.1143742373752608,0.07602597498824488,0.1268224591465115,0.5994677559470438,-0.511713090870046,Energy,7
ett2/H/short|H=336|L=128|Hsrc=controlled|Lsrc=controlled|origins=shared_origin_v1:Hmax=720,joint-scaling,release,standard_hl_shared_origin_v1,ett2/H/short,chronos-2,chronos2,chronos-2,119.477664,119.477664,336,controlled,shared_origin_v1:Hmax=720,720,720,128,controlled,15260,16700,128,128,100,100,100,[],merged,2,1,7056,500443.1288883686,,100,,float32,native_horizon,336,1024,direct_quantiles,195.45023738662132,195.45023738662132,8.309216004109977,0.9498489049889606,0.17329403685651257,0.1616918862271471,6.588082270791325,13.980351833434712,0.1971160294594027,0.11715582598812795,0.09296477564479848,0.9498489049889606,0.935621923693908,1.015205908428143,0.015091457365784856,0.09296477564479848,0.15550102220996356,0.597840286344059,-0.5144316403958471,Energy,7
ett2/H/short|H=336|L=256|Hsrc=controlled|Lsrc=controlled|origins=shared_origin_v1:Hmax=720,joint-scaling,release,standard_hl_shared_origin_v1,ett2/H/short,chronos-2,chronos2,chronos-2,119.477664,119.477664,336,controlled,shared_origin_v1:Hmax=720,720,720,256,controlled,15260,16700,256,256,100,100,100,[],merged,2,1,7056,500443.1288883686,,100,,float32,native_horizon,336,1024,direct_quantiles,175.40901360544217,175.40901360544217,7.969247138959751,0.9081669669280545,0.16186917662859032,0.15697570939182964,5.788395165528243,13.24420679412105,0.18673674938229357,0.1123624335444581,0.08661479946731138,0.9081669669280545,0.935621923693908,0.9706559283503543,-0.02978322122073492,0.08661479946731138,0.15550102220996356,0.557004695122587,-0.5851816097859145,Energy,7
ett2/H/short|H=336|L=512|Hsrc=controlled|Lsrc=controlled|origins=shared_origin_v1:Hmax=720,joint-scaling,release,standard_hl_shared_origin_v1,ett2/H/short,chronos-2,chronos2,chronos-2,119.477664,119.477664,336,controlled,shared_origin_v1:Hmax=720,720,720,512,controlled,15260,16700,512,512,100,100,100,[],merged,2,1,7056,500443.1288883686,,100,,float32,native_horizon,336,1024,direct_quantiles,246.85179280045352,246.85179280045352,9.086008361678005,0.9958618172660414,0.16902886734379466,0.16605228415422157,6.333038409965121,15.711517838848465,0.22152461183185487,0.12810821309987633,0.10217323503717649,0.9958618172660414,0.935621923693908,1.0643848674839744,0.062397043075553715,0.10217323503717649,0.15550102220996356,0.6570582854382667,-0.4199825499145169,Energy,7
ett2/H/short|H=336|L=1024|Hsrc=controlled|Lsrc=controlled|origins=shared_origin_v1:Hmax=720,joint-scaling,release,standard_hl_shared_origin_v1,ett2/H/short,chronos-2,chronos2,chronos-2,119.477664,119.477664,336,controlled,shared_origin_v1:Hmax=720,720,720,1024,controlled,15260,16700,1024,1024,100,100,100,[],merged,2,1,7056,500443.1288883686,,100,,float32,native_horizon,336,1024,direct_quantiles,168.6578798185941,168.6578798185941,7.7242738892431975,0.8962005188859502,0.15963280245248643,0.15766590144358525,6.230003867265439,12.986834865300864,0.18310793278970863,0.10890843218002819,0.08671955741463477,0.8962005188859502,0.935621923693908,0.9578660954712145,-0.043047285862963254,0.08671955741463477,0.15550102220996356,0.5576783752427211,-0.5839728712304134,Energy,7
ett2/H/short|H=336|L=2048|Hsrc=controlled|Lsrc=controlled|origins=shared_origin_v1:Hmax=720,joint-scaling,release,standard_hl_shared_origin_v1,ett2/H/short,chronos-2,chronos2,chronos-2,119.477664,119.477664,336,controlled,shared_origin_v1:Hmax=720,720,720,2048,controlled,15260,16700,2048,2048,100,100,100,[],merged,2,1,7056,500443.1288883686,,100,,float32,native_horizon,336,1024,direct_quantiles,136.15724206349208,136.15724206349208,7.293108258928571,0.8582843784640033,0.15486989725859174,0.15197113798318806,6.810122781244549,11.668643539996072,0.16452208865590823,0.10282921056246327,0.08214240625943213,0.8582843784640033,0.935621923693908,0.91734102924334,-0.08627597919542301,0.08214240625943213,0.15550102220996356,0.5282435130781342,-0.6381979025838335,Energy,7
ett2/H/short|H=336|L=4096|Hsrc=controlled|Lsrc=controlled|origins=shared_origin_v1:Hmax=720,joint-scaling,release,standard_hl_shared_origin_v1,ett2/H/short,chronos-2,chronos2,chronos-2,119.477664,119.477664,336,controlled,shared_origin_v1:Hmax=720,720,720,4096,controlled,15260,16700,4096,4096,100,100,100,[],merged,2,1,7056,500443.1288883686,,100,,float32,native_horizon,336,1024,direct_quantiles,136.3403840702948,136.3403840702948,7.205288495606576,0.8627472999444834,0.15518431814781902,0.15228465246775794,7.110075349723239,11.676488516257566,0.1646326989316933,0.10159099544024461,0.08203124122419868,0.8627472999444834,0.935621923693908,0.9221110344852653,-0.08108963481819027,0.08203124122419868,0.15550102220996356,0.52752863009117,-0.6395521400504022,Energy,7
ett2/H/short|H=336|L=6144|Hsrc=controlled|Lsrc=controlled|origins=shared_origin_v1:Hmax=720,joint-scaling-l6144,release,standard_hl_shared_origin_v1,ett2/H/short,chronos-2,chronos2,chronos-2,119.477664,119.477664,336,controlled,shared_origin_v1:Hmax=720,720,720,6144,controlled,15260,16700,6144,6144,100,100,100,[],merged,6,1,7056,500443.1288883686,,100,,float32,native_horizon,336,1024,direct_quantiles,141.003870819161,141.003870819161,7.220418571074263,0.8634582980136364,0.1567231925360371,0.15127701878277353,7.284954955059443,11.874505076808928,0.16742463425979745,0.10180432200291946,0.08274937220656593,0.8634582980136364,0.935621923693908,0.9228709547598415,-0.08026586491476656,0.08274937220656593,0.15550102220996356,0.5321468054070699,-0.6308358776944053,Energy,7
ett2/H/short|H=336|L=8192|Hsrc=controlled|Lsrc=controlled|origins=shared_origin_v1:Hmax=720,joint-scaling,release,standard_hl_shared_origin_v1,ett2/H/short,chronos-2,chronos2,chronos-2,119.477664,119.477664,336,controlled,shared_origin_v1:Hmax=720,720,720,8192,controlled,15260,16700,8192,8192,100,100,100,[],merged,2,1,7056,500443.1288883686,,100,,float32,native_horizon,336,1024,direct_quantiles,147.11347611961452,147.11347611961452,7.224106146364796,0.8561412861883679,0.15593655595237033,0.15003093624331243,7.258291431531338,12.129034426516172,0.17101337189622715,0.10185631498623365,0.08325513333656531,0.8561412861883679,0.935621923693908,0.9150504755256864,-0.08877605071917441,0.08325513333656531,0.15550102220996356,0.5353992671774914,-0.6247425166351641,Energy,7
ett2/H/short|H=720|L=128|Hsrc=controlled|Lsrc=controlled|origins=shared_origin_v1:Hmax=720,joint-scaling,release,standard_hl_shared_origin_v1,ett2/H/short,chronos-2,chronos2,chronos-2,119.477664,119.477664,720,controlled,shared_origin_v1:Hmax=720,720,720,128,controlled,15260,16700,128,128,100,100,100,[],merged,2,1,15120,1104114.6179156303,,100,,float32,native_horizon,720,1024,direct_quantiles,337.80026455026456,337.80026455026456,11.232748429232805,1.211292223871424,0.20325305023223952,0.19743642655629962,9.245775419462241,18.37934341999911,0.2516909639644148,0.1538238453636505,0.12394685368599923,1.211292223871424,1.1284016695734669,1.0734583761554426,0.07088556362636902,0.12394685368599923,0.20790633362858252,0.5961668003218507,-0.5172347847602282,Energy,7
ett2/H/short|H=720|L=256|Hsrc=controlled|Lsrc=controlled|origins=shared_origin_v1:Hmax=720,joint-scaling,release,standard_hl_shared_origin_v1,ett2/H/short,chronos-2,chronos2,chronos-2,119.477664,119.477664,720,controlled,shared_origin_v1:Hmax=720,720,720,256,controlled,15260,16700,256,256,100,100,100,[],merged,2,1,15120,1104114.6179156303,,100,,float32,native_horizon,720,1024,direct_quantiles,302.176917989418,302.176917989418,10.450723379629629,1.1262220815695327,0.18512307572219808,0.1869587085865162,7.466141268289178,17.38323669485686,0.23805004893642293,0.14311461413155072,0.11310215311421062,1.1262220815695327,1.1284016695734669,0.9980684289444928,-0.0019334389445730047,0.11310215311421062,0.20790633362858252,0.5440053274964856,-0.6087962389820784,Energy,7
ett2/H/short|H=720|L=512|Hsrc=controlled|Lsrc=controlled|origins=shared_origin_v1:Hmax=720,joint-scaling,release,standard_hl_shared_origin_v1,ett2/H/short,chronos-2,chronos2,chronos-2,119.477664,119.477664,720,controlled,shared_origin_v1:Hmax=720,720,720,512,controlled,15260,16700,512,512,100,100,100,[],merged,2,1,15120,1104114.6179156303,,100,,float32,native_horizon,720,1024,direct_quantiles,319.916335978836,319.916335978836,10.956750165343916,1.1726359924362038,0.1925510986997093,0.1956131385116981,7.596366729106504,17.886205186646944,0.24493781536254156,0.15004426153939318,0.11935640705609084,1.1726359924362038,1.1284016695734669,1.0392008661946215,0.03845201989451879,0.11935640705609084,0.20790633362858252,0.5740874025960023,-0.554973624923354,Energy,7
ett2/H/short|H=720|L=1024|Hsrc=controlled|Lsrc=controlled|origins=shared_origin_v1:Hmax=720,joint-scaling,release,standard_hl_shared_origin_v1,ett2/H/short,chronos-2,chronos2,chronos-2,119.477664,119.477664,720,controlled,shared_origin_v1:Hmax=720,720,720,1024,controlled,15260,16700,1024,1024,100,100,100,[],merged,2,1,15120,1104114.6179156303,,100,,float32,native_horizon,720,1024,direct_quantiles,278.7136904761905,278.7136904761905,10.417218501984127,1.1382813497862818,0.18746762848359286,0.1931180923704117,7.431871380722671,16.694720437197816,0.22862134864853287,0.1426557906165099,0.11171951250958127,1.1382813497862818,1.1284016695734669,1.008755464015353,0.008717357207280391,0.11171951250958127,0.20790633362858252,0.5373550221378264,-0.6210962816181947,Energy,7
ett2/H/short|H=720|L=2048|Hsrc=controlled|Lsrc=controlled|origins=shared_origin_v1:Hmax=720,joint-scaling,release,standard_hl_shared_origin_v1,ett2/H/short,chronos-2,chronos2,chronos-2,119.477664,119.477664,720,controlled,shared_origin_v1:Hmax=720,720,720,2048,controlled,15260,16700,2048,2048,100,100,100,[],merged,2,1,15120,1104114.6179156303,,100,,float32,native_horizon,720,1024,direct_quantiles,247.72526455026454,247.72526455026454,9.954142898478835,1.097543688943875,0.18083388243082937,0.1871222279059193,8.282443523798207,15.73929047162751,0.2155374705393066,0.13631432659512238,0.10945080424781141,1.097543688943875,1.1284016695734669,0.9726533720556652,-0.02772750686963275,0.10945080424781141,0.20790633362858252,0.5264428569229713,-0.641612487157836,Energy,7
ett2/H/short|H=720|L=4096|Hsrc=controlled|Lsrc=controlled|origins=shared_origin_v1:Hmax=720,joint-scaling,release,standard_hl_shared_origin_v1,ett2/H/short,chronos-2,chronos2,chronos-2,119.477664,119.477664,720,controlled,shared_origin_v1:Hmax=720,720,720,4096,controlled,15260,16700,4096,4096,100,100,100,[],merged,2,1,15120,1104114.6179156303,,100,,float32,native_horizon,720,1024,direct_quantiles,231.78999669312168,231.78999669312168,9.568365575396825,1.0720131633716388,0.17819855709186827,0.18263046022445437,8.778137536025486,15.224650954722136,0.20848987840589292,0.13103140303777328,0.1056675764721978,1.0720131633716388,1.1284016695734669,0.9500279840749059,-0.05126383790044358,0.1056675764721978,0.20790633362858252,0.5082460674861847,-0.6767895638647858,Energy,7
ett2/H/short|H=720|L=6144|Hsrc=controlled|Lsrc=controlled|origins=shared_origin_v1:Hmax=720,joint-scaling-l6144,release,standard_hl_shared_origin_v1,ett2/H/short,chronos-2,chronos2,chronos-2,119.477664,119.477664,720,controlled,shared_origin_v1:Hmax=720,720,720,6144,controlled,15260,16700,6144,6144,100,100,100,[],merged,6,1,15120,1104114.6179156303,,100,,float32,native_horizon,720,1024,direct_quantiles,235.35376984126984,235.35376984126984,9.539378720238096,1.0684860541271703,0.17956330041184923,0.17992158112702547,8.947009747155267,15.34124407736445,0.21008653149402956,0.13063445036375887,0.10615025191674571,1.0684860541271703,1.1284016695734669,0.9469022272282311,-0.05455943586932031,0.10615025191674571,0.20790633362858252,0.5105676679690743,-0.6722320978226729,Energy,7
ett2/H/short|H=720|L=8192|Hsrc=controlled|Lsrc=controlled|origins=shared_origin_v1:Hmax=720,joint-scaling,release,standard_hl_shared_origin_v1,ett2/H/short,chronos-2,chronos2,chronos-2,119.477664,119.477664,720,controlled,shared_origin_v1:Hmax=720,720,720,8192,controlled,15260,16700,8192,8192,100,100,100,[],merged,2,1,15120,1104114.6179156303,,100,,float32,native_horizon,720,1024,direct_quantiles,241.76742724867725,241.76742724867725,9.487003968253969,1.0480352162635325,0.17706157284322163,0.17451641748821925,8.920745592663028,15.548872217903048,0.2129298390945304,0.12991721844132043,0.10505844756602259,1.0480352162635325,1.1284016695734669,0.928778505494136,-0.07388499109908331,0.10505844756602259,0.20790633362858252,0.5053162437740154,-0.682570820408936,Energy,7
hierarchical_sales/D/short|H=48|L=128|Hsrc=controlled|Lsrc=controlled|origins=shared_origin_v1:Hmax=720,joint-scaling,release,standard_hl_shared_origin_v1,hierarchical_sales/D/short,chronos-2,chronos2,chronos-2,119.477664,119.477664,48,controlled,shared_origin_v1:Hmax=720,720,720,128,controlled,1105,1105,128,128,100,100,100,[],merged,2,118,5664,19987.0,,100,,float32,native_horizon,48,1024,direct_quantiles,33.665561826889125,33.665561826889125,2.263474803859905,0.7241283703997322,0.632025130802939,0.9390842416192179,6.869466361330958,5.802203187315067,1.6442527069071167,0.6414329959004604,0.5313773891220733,0.7241283703997322,0.9146193419591229,0.7917264999542244,-0.23353927514789893,0.5313773891220733,1.867466512192648,0.28454453434785687,-1.2568655021728077,Sales,1
hierarchical_sales/D/short|H=48|L=256|Hsrc=controlled|Lsrc=controlled|origins=shared_origin_v1:Hmax=720,joint-scaling,release,standard_hl_shared_origin_v1,hierarchical_sales/D/short,chronos-2,chronos2,chronos-2,119.477664,119.477664,48,controlled,shared_origin_v1:Hmax=720,720,720,256,controlled,1105,1105,256,256,100,100,100,[],merged,2,118,5664,19987.0,,100,,float32,native_horizon,48,1024,direct_quantiles,36.27875066207627,36.27875066207627,2.3332188493114407,0.7279913468794424,0.6622465082881976,0.9434089445124911,7.529268859711393,6.023184428695195,1.7068752991509275,0.6611973564066643,0.5516501883421183,0.7279913468794424,0.9146193419591229,0.7959500892689175,-0.22821879702707226,0.5516501883421183,1.867466512192648,0.2954003109241351,-1.219423856332483,Sales,1
hierarchical_sales/D/short|H=48|L=512|Hsrc=controlled|Lsrc=controlled|origins=shared_origin_v1:Hmax=720,joint-scaling,release,standard_hl_shared_origin_v1,hierarchical_sales/D/short,chronos-2,chronos2,chronos-2,119.477664,119.477664,48,controlled,shared_origin_v1:Hmax=720,720,720,512,controlled,1105,1105,512,512,100,100,100,[],merged,2,118,5664,19987.0,,100,,float32,native_horizon,48,1024,direct_quantiles,32.03202380164195,32.03202380164195,2.213552873686882,0.705859572995742,0.621533025304881,0.9311096708653337,6.572259541177623,5.659684072599985,1.60386504163738,0.6272859096694101,0.5139097339317034,0.705859572995742,0.9146193419591229,0.7717522914874995,-0.25909164639468857,0.5139097339317034,1.867466512192648,0.27519086986374214,-1.2902903498405123,Sales,1
hierarchical_sales/D/short|H=48|L=1024|Hsrc=controlled|Lsrc=controlled|origins=shared_origin_v1:Hmax=720,joint-scaling,release,standard_hl_shared_origin_v1,hierarchical_sales/D/short,chronos-2,chronos2,chronos-2,119.477664,119.477664,48,controlled,shared_origin_v1:Hmax=720,720,720,1024,controlled,1105,1105,1024,1024,100,100,100,[],merged,2,118,5664,19987.0,,100,,float32,native_horizon,48,1024,direct_quantiles,38.47190589689266,38.47190589689266,2.448467707229873,0.7423649587165765,0.7366415560139127,0.9403699023575433,6.621731575160578,6.202572522501664,1.7577110505553324,0.6938570617776555,0.5578312401488027,0.7423649587165765,0.9146193419591229,0.8116654925823283,-0.2086669786450812,0.5578312401488027,1.867466512192648,0.29871017044039866,-1.2082815053260059,Sales,1
hierarchical_sales/D/short|H=48|L=2048|Hsrc=controlled|Lsrc=controlled|origins=shared_origin_v1:Hmax=720,joint-scaling,release,standard_hl_shared_origin_v1,hierarchical_sales/D/short,chronos-2,chronos2,chronos-2,119.477664,119.477664,48,controlled,shared_origin_v1:Hmax=720,720,720,2048,controlled,1105,1105,1105,1105,100,100,100,[],merged,2,118,5664,19987.0,,100,,float32,native_horizon,48,1024,direct_quantiles,37.83498162738348,37.83498162738348,2.4151994090969278,0.7342466395965446,0.7131562731798834,0.9395077376715881,6.6288464420010795,6.151014682748163,1.7431003733969879,0.6844293517348776,0.5521058093252762,0.7342466395965446,0.9146193419591229,0.802789320006924,-0.2196629655777876,0.5521058093252762,1.867466512192648,0.2956442890518194,-1.218598273486275,Sales,1
hierarchical_sales/D/short|H=48|L=4096|Hsrc=controlled|Lsrc=controlled|origins=shared_origin_v1:Hmax=720,joint-scaling,release,standard_hl_shared_origin_v1,hierarchical_sales/D/short,chronos-2,chronos2,chronos-2,119.477664,119.477664,48,controlled,shared_origin_v1:Hmax=720,720,720,4096,controlled,1105,1105,1105,1105,100,100,100,[],merged,2,118,5664,19987.0,,100,,float32,native_horizon,48,1024,direct_quantiles,37.83498162738348,37.83498162738348,2.4151994090969278,0.7342466395965446,0.7131562731798834,0.9395077376715881,6.6288464420010795,6.151014682748163,1.7431003733969879,0.6844293517348776,0.5521058093252762,0.7342466395965446,0.9146193419591229,0.802789320006924,-0.2196629655777876,0.5521058093252762,1.867466512192648,0.2956442890518194,-1.218598273486275,Sales,1
hierarchical_sales/D/short|H=48|L=6144|Hsrc=controlled|Lsrc=controlled|origins=shared_origin_v1:Hmax=720,joint-scaling-l6144,release,standard_hl_shared_origin_v1,hierarchical_sales/D/short,chronos-2,chronos2,chronos-2,119.477664,119.477664,48,controlled,shared_origin_v1:Hmax=720,720,720,6144,controlled,1105,1105,1105,1105,100,100,100,[],merged,6,118,5664,19987.0,,100,,float32,native_horizon,48,1024,direct_quantiles,35.5509309068238,35.5509309068238,2.3602151170288774,0.7248174398784286,0.6861717356815912,0.9357962527517545,6.5736541461846185,5.962460138803764,1.6896669948558825,0.6688476721294623,0.5418574390429873,0.7248174398784286,0.9146193419591229,0.7924798947788083,-0.23258814291678886,0.5418574390429873,1.867466512192648,0.29015644216654596,-1.2373350457088501,Sales,1
hierarchical_sales/D/short|H=48|L=8192|Hsrc=controlled|Lsrc=controlled|origins=shared_origin_v1:Hmax=720,joint-scaling,release,standard_hl_shared_origin_v1,hierarchical_sales/D/short,chronos-2,chronos2,chronos-2,119.477664,119.477664,48,controlled,shared_origin_v1:Hmax=720,720,720,8192,controlled,1105,1105,1105,1105,100,100,100,[],merged,2,118,5664,19987.0,,100,,float32,native_horizon,48,1024,direct_quantiles,37.83498162738348,37.83498162738348,2.4151994090969278,0.7342466395965446,0.7131562731798834,0.9395077376715881,6.6288464420010795,6.151014682748163,1.7431003733969879,0.6844293517348776,0.5521058093252762,0.7342466395965446,0.9146193419591229,0.802789320006924,-0.2196629655777876,0.5521058093252762,1.867466512192648,0.2956442890518194,-1.218598273486275,Sales,1
hierarchical_sales/D/short|H=96|L=128|Hsrc=controlled|Lsrc=controlled|origins=shared_origin_v1:Hmax=720,joint-scaling,release,standard_hl_shared_origin_v1,hierarchical_sales/D/short,chronos-2,chronos2,chronos-2,119.477664,119.477664,96,controlled,shared_origin_v1:Hmax=720,720,720,128,controlled,1105,1105,128,128,100,100,100,[],merged,2,118,11210,44867.0,,100,,float32,native_horizon,96,1024,direct_quantiles,55.32987288135593,55.32987288135593,2.720116664808207,0.8486049338345408,0.6518548186078033,0.9579535396688225,8.149972261577517,7.438405264662308,1.8584822479074703,0.6796199392092185,0.5702629146088912,0.8486049338345408,1.0414336391373997,0.814843022103093,-0.20475979520958945,0.5702629146088912,2.251225579502112,0.2533122046059073,-1.3731325407195014,Sales,1
hierarchical_sales/D/short|H=96|L=256|Hsrc=controlled|Lsrc=controlled|origins=shared_origin_v1:Hmax=720,joint-scaling,release,standard_hl_shared_origin_v1,hierarchical_sales/D/short,chronos-2,chronos2,chronos-2,119.477664,119.477664,96,controlled,shared_origin_v1:Hmax=720,720,720,256,controlled,1105,1105,256,256,100,100,100,[],merged,2,118,11210,44867.0,,100,,float32,native_horizon,96,1024,direct_quantiles,57.79266280107047,57.79266280107047,2.779356374749108,0.852917221165367,0.6707314539904007,0.9665749052185548,9.189606175549123,7.602148564785515,1.8993934386352023,0.6944209543971628,0.5875258955008941,0.852917221165367,1.0414336391373997,0.8189837442468466,-0.19969104362049622,0.5875258955008941,2.251225579502112,0.260980463641868,-1.3433097264078564,Sales,1
hierarchical_sales/D/short|H=96|L=512|Hsrc=controlled|Lsrc=controlled|origins=shared_origin_v1:Hmax=720,joint-scaling,release,standard_hl_shared_origin_v1,hierarchical_sales/D/short,chronos-2,chronos2,chronos-2,119.477664,119.477664,96,controlled,shared_origin_v1:Hmax=720,720,720,512,controlled,1105,1105,512,512,100,100,100,[],merged,2,118,11210,44867.0,,100,,float32,native_horizon,96,1024,direct_quantiles,52.70353757805531,52.70353757805531,2.6352810862232383,0.8162179949422088,0.6381169290702277,0.9474181638882694,8.288302556874456,7.2597202134831145,1.8138378673222126,0.6584238076216931,0.5512304904620379,0.8162179949422088,1.0414336391373997,0.7837446038503876,-0.24367207209808647,0.5512304904620379,2.251225579502112,0.24485795447648998,-1.4070770142204405,Sales,1
hierarchical_sales/D/short|H=96|L=1024|Hsrc=controlled|Lsrc=controlled|origins=shared_origin_v1:Hmax=720,joint-scaling,release,standard_hl_shared_origin_v1,hierarchical_sales/D/short,chronos-2,chronos2,chronos-2,119.477664,119.477664,96,controlled,shared_origin_v1:Hmax=720,720,720,1024,controlled,1105,1105,1024,1024,100,100,100,[],merged,2,118,11210,44867.0,,100,,float32,native_horizon,96,1024,direct_quantiles,57.147234611953614,57.147234611953614,2.817094286630241,0.8569809114483982,0.7095098138493752,0.9612706289027654,8.051800616185965,7.559578997004635,1.888757451053602,0.7038497549005951,0.582449115544733,0.8569809114483982,1.0414336391373997,0.8228857598245238,-0.19493789738771342,0.582449115544733,2.251225579502112,0.2587253453621246,-1.3519882225669704,Sales,1
hierarchical_sales/D/short|H=96|L=2048|Hsrc=controlled|Lsrc=controlled|origins=shared_origin_v1:Hmax=720,joint-scaling,release,standard_hl_shared_origin_v1,hierarchical_sales/D/short,chronos-2,chronos2,chronos-2,119.477664,119.477664,96,controlled,shared_origin_v1:Hmax=720,720,720,2048,controlled,1105,1105,1105,1105,100,100,100,[],merged,2,118,11210,44867.0,,100,,float32,native_horizon,96,1024,direct_quantiles,57.17399643175736,57.17399643175736,2.785590084188225,0.8479101150719394,0.685740719953987,0.9603595771074933,8.273935284062663,7.561348850023874,1.889199648043498,0.6959784439287227,0.5799158918243909,0.8479101150719394,1.0414336391373997,0.8141758468396005,-0.20557890825182046,0.5799158918243909,2.251225579502112,0.257600081086786,-1.356346969974092,Sales,1
hierarchical_sales/D/short|H=96|L=4096|Hsrc=controlled|Lsrc=controlled|origins=shared_origin_v1:Hmax=720,joint-scaling,release,standard_hl_shared_origin_v1,hierarchical_sales/D/short,chronos-2,chronos2,chronos-2,119.477664,119.477664,96,controlled,shared_origin_v1:Hmax=720,720,720,4096,controlled,1105,1105,1105,1105,100,100,100,[],merged,2,118,11210,44867.0,,100,,float32,native_horizon,96,1024,direct_quantiles,57.17399643175736,57.17399643175736,2.785590084188225,0.8479101150719394,0.685740719953987,0.9603595771074933,8.273935284062663,7.561348850023874,1.889199648043498,0.6959784439287227,0.5799158918243909,0.8479101150719394,1.0414336391373997,0.8141758468396005,-0.20557890825182046,0.5799158918243909,2.251225579502112,0.257600081086786,-1.356346969974092,Sales,1
hierarchical_sales/D/short|H=96|L=6144|Hsrc=controlled|Lsrc=controlled|origins=shared_origin_v1:Hmax=720,joint-scaling-l6144,release,standard_hl_shared_origin_v1,hierarchical_sales/D/short,chronos-2,chronos2,chronos-2,119.477664,119.477664,96,controlled,shared_origin_v1:Hmax=720,720,720,6144,controlled,1105,1105,1105,1105,100,100,100,[],merged,6,118,11210,44867.0,,100,,float32,native_horizon,96,1024,direct_quantiles,56.12086585637823,56.12086585637823,2.754646033117752,0.8422958645285382,0.669957672581183,0.9576392167811942,8.205186294297349,7.491386110485711,1.8717194886786461,0.6882470865279603,0.5744400255168158,0.8422958645285382,1.0414336391373997,0.8087849603419728,-0.2122222064759995,0.5744400255168158,2.251225579502112,0.2551676876574318,-1.365834351290369,Sales,1
hierarchical_sales/D/short|H=96|L=8192|Hsrc=controlled|Lsrc=controlled|origins=shared_origin_v1:Hmax=720,joint-scaling,release,standard_hl_shared_origin_v1,hierarchical_sales/D/short,chronos-2,chronos2,chronos-2,119.477664,119.477664,96,controlled,shared_origin_v1:Hmax=720,720,720,8192,controlled,1105,1105,1105,1105,100,100,100,[],merged,2,118,11210,44867.0,,100,,float32,native_horizon,96,1024,direct_quantiles,57.17399643175736,57.17399643175736,2.785590084188225,0.8479101150719394,0.685740719953987,0.9603595771074933,8.273935284062663,7.561348850023874,1.889199648043498,0.6959784439287227,0.5799158918243909,0.8479101150719394,1.0414336391373997,0.8141758468396005,-0.20557890825182046,0.5799158918243909,2.251225579502112,0.257600081086786,-1.356346969974092,Sales,1
hierarchical_sales/D/short|H=192|L=128|Hsrc=controlled|Lsrc=controlled|origins=shared_origin_v1:Hmax=720,joint-scaling,release,standard_hl_shared_origin_v1,hierarchical_sales/D/short,chronos-2,chronos2,chronos-2,119.477664,119.477664,192,controlled,shared_origin_v1:Hmax=720,720,720,128,controlled,1105,1105,128,128,100,100,100,[],merged,2,118,22538,84027.0,,100,,float32,native_horizon,192,1024,direct_quantiles,50.039660795101604,50.039660795101604,2.625881584019212,0.8377030198006845,0.6895382481534374,0.991172980771364,8.67042282738388,7.07387169767035,1.8973772754244986,0.7043226479658323,0.5943997242298734,0.8377030198006845,1.0187335912678954,0.8222984173498158,-0.19565191166989535,0.5943997242298734,3.325423783044172,0.1787440527912944,-1.721800369059169,Sales,1
hierarchical_sales/D/short|H=192|L=256|Hsrc=controlled|Lsrc=controlled|origins=shared_origin_v1:Hmax=720,joint-scaling,release,standard_hl_shared_origin_v1,hierarchical_sales/D/short,chronos-2,chronos2,chronos-2,119.477664,119.477664,192,controlled,shared_origin_v1:Hmax=720,720,720,256,controlled,1105,1105,256,256,100,100,100,[],merged,2,118,22538,84027.0,,100,,float32,native_horizon,192,1024,direct_quantiles,51.57403884550537,51.57403884550537,2.6197910889386815,0.8195350569885735,0.6720698349140188,0.9989922401887923,8.988408471429784,7.1815067252983456,1.926247498717961,0.7026890352208219,0.5953506706112811,0.8195350569885735,1.0187335912678954,0.8044645469760122,-0.2175783819160008,0.5953506706112811,3.325423783044172,0.1790300152560655,-1.7202018042038247,Sales,1
hierarchical_sales/D/short|H=192|L=512|Hsrc=controlled|Lsrc=controlled|origins=shared_origin_v1:Hmax=720,joint-scaling,release,standard_hl_shared_origin_v1,hierarchical_sales/D/short,chronos-2,chronos2,chronos-2,119.477664,119.477664,192,controlled,shared_origin_v1:Hmax=720,720,720,512,controlled,1105,1105,512,512,100,100,100,[],merged,2,118,22538,84027.0,,100,,float32,native_horizon,192,1024,direct_quantiles,49.2008843397817,49.2008843397817,2.5531399400457007,0.8036996141718336,0.6652856275191122,0.9910306430389786,8.86144342355459,7.014334205024857,1.8814079321271762,0.6848116435044688,0.5786185440774649,0.8036996141718336,1.0187335912678954,0.7889203036601209,-0.23708997254080785,0.5786185440774649,3.325423783044172,0.17399843804201814,-1.7487089565779101,Sales,1
hierarchical_sales/D/short|H=192|L=1024|Hsrc=controlled|Lsrc=controlled|origins=shared_origin_v1:Hmax=720,joint-scaling,release,standard_hl_shared_origin_v1,hierarchical_sales/D/short,chronos-2,chronos2,chronos-2,119.477664,119.477664,192,controlled,shared_origin_v1:Hmax=720,720,720,1024,controlled,1105,1105,1024,1024,100,100,100,[],merged,2,118,22538,84027.0,,100,,float32,native_horizon,192,1024,direct_quantiles,53.652326071523646,53.652326071523646,2.673310336293149,0.8294841527654135,0.7139550395236739,1.0002333298900745,8.280409031259913,7.324774813707493,1.9646753394901575,0.7170441448507622,0.5942617681620902,0.8294841527654135,1.0187335912678954,0.8142306878612436,-0.205511552808944,0.5942617681620902,3.325423783044172,0.17870256753203612,-1.7220324890854097,Sales,1
hierarchical_sales/D/short|H=192|L=2048|Hsrc=controlled|Lsrc=controlled|origins=shared_origin_v1:Hmax=720,joint-scaling,release,standard_hl_shared_origin_v1,hierarchical_sales/D/short,chronos-2,chronos2,chronos-2,119.477664,119.477664,192,controlled,shared_origin_v1:Hmax=720,720,720,2048,controlled,1105,1105,1105,1105,100,100,100,[],merged,2,118,22538,84027.0,,100,,float32,native_horizon,192,1024,direct_quantiles,53.33721381666519,53.33721381666519,2.6336134909652587,0.8147981882367699,0.6840532363380959,0.9979957460732984,8.369370523563688,7.3032331071016205,1.9588973516590658,0.7063965256331298,0.5884417949189098,0.8147981882367699,1.0187335912678954,0.799814784965212,-0.22337509691230792,0.5884417949189098,3.325423783044172,0.17695242270151693,-1.7318743808375596,Sales,1
hierarchical_sales/D/short|H=192|L=4096|Hsrc=controlled|Lsrc=controlled|origins=shared_origin_v1:Hmax=720,joint-scaling,release,standard_hl_shared_origin_v1,hierarchical_sales/D/short,chronos-2,chronos2,chronos-2,119.477664,119.477664,192,controlled,shared_origin_v1:Hmax=720,720,720,4096,controlled,1105,1105,1105,1105,100,100,100,[],merged,2,118,22538,84027.0,,100,,float32,native_horizon,192,1024,direct_quantiles,53.33721381666519,53.33721381666519,2.6336134909652587,0.8147981882367699,0.6840532363380959,0.9979957460732984,8.369370523563688,7.3032331071016205,1.9588973516590658,0.7063965256331298,0.5884417949189098,0.8147981882367699,1.0187335912678954,0.799814784965212,-0.22337509691230792,0.5884417949189098,3.325423783044172,0.17695242270151693,-1.7318743808375596,Sales,1
hierarchical_sales/D/short|H=192|L=6144|Hsrc=controlled|Lsrc=controlled|origins=shared_origin_v1:Hmax=720,joint-scaling-l6144,release,standard_hl_shared_origin_v1,hierarchical_sales/D/short,chronos-2,chronos2,chronos-2,119.477664,119.477664,192,controlled,shared_origin_v1:Hmax=720,720,720,6144,controlled,1105,1105,1105,1105,100,100,100,[],merged,6,118,22538,84027.0,,100,,float32,native_horizon,192,1024,direct_quantiles,52.61038648615671,52.61038648615671,2.614818194202569,0.8113652055304825,0.6731040168385723,0.9966281339432292,8.249663059214667,7.253301764448844,1.9455046017012156,0.7013551889385257,0.5845126464211422,0.8113652055304825,1.0187335912678954,0.7964449317123956,-0.22759728985970903,0.5845126464211422,3.325423783044172,0.1757708744977055,-1.738573981531011,Sales,1
hierarchical_sales/D/short|H=192|L=8192|Hsrc=controlled|Lsrc=controlled|origins=shared_origin_v1:Hmax=720,joint-scaling,release,standard_hl_shared_origin_v1,hierarchical_sales/D/short,chronos-2,chronos2,chronos-2,119.477664,119.477664,192,controlled,shared_origin_v1:Hmax=720,720,720,8192,controlled,1105,1105,1105,1105,100,100,100,[],merged,2,118,22538,84027.0,,100,,float32,native_horizon,192,1024,direct_quantiles,53.33721381666519,53.33721381666519,2.6336134909652587,0.8147981882367699,0.6840532363380959,0.9979957460732984,8.369370523563688,7.3032331071016205,1.9588973516590658,0.7063965256331298,0.5884417949189098,0.8147981882367699,1.0187335912678954,0.799814784965212,-0.22337509691230792,0.5884417949189098,3.325423783044172,0.17695242270151693,-1.7318743808375596,Sales,1
hierarchical_sales/D/short|H=336|L=128|Hsrc=controlled|Lsrc=controlled|origins=shared_origin_v1:Hmax=720,joint-scaling,release,standard_hl_shared_origin_v1,hierarchical_sales/D/short,chronos-2,chronos2,chronos-2,119.477664,119.477664,336,controlled,shared_origin_v1:Hmax=720,720,720,128,controlled,1105,1105,128,128,100,100,100,[],merged,2,118,39530,142438.0,,100,,float32,native_horizon,336,1024,direct_quantiles,47.34815330129016,47.34815330129016,2.5644296064697696,0.8071982021095897,0.6867111046335452,1.0047095362699217,8.50455597293365,6.880999440582026,1.909644251437169,0.711691419029683,0.6031432634683829,0.8071982021095897,0.9843623022305182,0.8200214497045619,-0.19842478088966237,0.6031432634683829,4.483902756957517,0.1345130115795902,-2.0060943442505907,Sales,1
hierarchical_sales/D/short|H=336|L=256|Hsrc=controlled|Lsrc=controlled|origins=shared_origin_v1:Hmax=720,joint-scaling,release,standard_hl_shared_origin_v1,hierarchical_sales/D/short,chronos-2,chronos2,chronos-2,119.477664,119.477664,336,controlled,shared_origin_v1:Hmax=720,720,720,256,controlled,1105,1105,256,256,100,100,100,[],merged,2,118,39530,142438.0,,100,,float32,native_horizon,336,1024,direct_quantiles,47.99125664052618,47.99125664052618,2.543514715880344,0.7881033345149326,0.6714940601670862,1.0089145605394636,8.36024904742558,6.927572203920085,1.9225693229402332,0.7058870295760261,0.5945274597186384,0.7881033345149326,0.9843623022305182,0.8006232387497245,-0.22236480617777407,0.5945274597186384,4.483902756957517,0.13259151501359628,-2.0204821926171745,Sales,1
hierarchical_sales/D/short|H=336|L=512|Hsrc=controlled|Lsrc=controlled|origins=shared_origin_v1:Hmax=720,joint-scaling,release,standard_hl_shared_origin_v1,hierarchical_sales/D/short,chronos-2,chronos2,chronos-2,119.477664,119.477664,336,controlled,shared_origin_v1:Hmax=720,720,720,512,controlled,1105,1105,512,512,100,100,100,[],merged,2,118,39530,142438.0,,100,,float32,native_horizon,336,1024,direct_quantiles,46.28778301290159,46.28778301290159,2.5246488031242094,0.7916189080018312,0.6922443500699764,1.0030070120794334,8.16132454741519,6.8035125496247595,1.888139759661514,0.700651281171457,0.584676028106797,0.7916189080018312,0.9843623022305182,0.8041946610593075,-0.21791392336305038,0.584676028106797,4.483902756957517,0.13039444871982905,-2.0371912015627176,Sales,1
hierarchical_sales/D/short|H=336|L=1024|Hsrc=controlled|Lsrc=controlled|origins=shared_origin_v1:Hmax=720,joint-scaling,release,standard_hl_shared_origin_v1,hierarchical_sales/D/short,chronos-2,chronos2,chronos-2,119.477664,119.477664,336,controlled,shared_origin_v1:Hmax=720,720,720,1024,controlled,1105,1105,1024,1024,100,100,100,[],merged,2,118,39530,142438.0,,100,,float32,native_horizon,336,1024,direct_quantiles,48.167556286364785,48.167556286364785,2.569161080192259,0.8005542113311361,0.7086760495351087,1.0103556634201871,7.941282898514366,6.940285029187547,1.9260974403163742,0.7130045177550934,0.5940576959358319,0.8005542113311361,0.9843623022305182,0.8132719116905618,-0.20668977062790184,0.5940576959358319,4.483902756957517,0.13248674829400642,-2.0212726514329047,Sales,1
hierarchical_sales/D/short|H=336|L=2048|Hsrc=controlled|Lsrc=controlled|origins=shared_origin_v1:Hmax=720,joint-scaling,release,standard_hl_shared_origin_v1,hierarchical_sales/D/short,chronos-2,chronos2,chronos-2,119.477664,119.477664,336,controlled,shared_origin_v1:Hmax=720,720,720,2048,controlled,1105,1105,1105,1105,100,100,100,[],merged,2,118,39530,142438.0,,100,,float32,native_horizon,336,1024,direct_quantiles,47.749190488236785,47.749190488236785,2.518614126138376,0.7803708310921003,0.6728731689810991,1.0069440930938527,7.873122197805403,6.910078906078915,1.9177145084689444,0.6989765119297519,0.5840083692537987,0.7803708310921003,0.9843623022305182,0.7927678958487308,-0.23222479142714317,0.5840083692537987,4.483902756957517,0.1302455474413697,-2.0383337836441444,Sales,1
hierarchical_sales/D/short|H=336|L=4096|Hsrc=controlled|Lsrc=controlled|origins=shared_origin_v1:Hmax=720,joint-scaling,release,standard_hl_shared_origin_v1,hierarchical_sales/D/short,chronos-2,chronos2,chronos-2,119.477664,119.477664,336,controlled,shared_origin_v1:Hmax=720,720,720,4096,controlled,1105,1105,1105,1105,100,100,100,[],merged,2,118,39530,142438.0,,100,,float32,native_horizon,336,1024,direct_quantiles,47.749190488236785,47.749190488236785,2.518614126138376,0.7803708310921003,0.6728731689810991,1.0069440930938527,7.873122197805403,6.910078906078915,1.9177145084689444,0.6989765119297519,0.5840083692537987,0.7803708310921003,0.9843623022305182,0.7927678958487308,-0.23222479142714317,0.5840083692537987,4.483902756957517,0.1302455474413697,-2.0383337836441444,Sales,1
hierarchical_sales/D/short|H=336|L=6144|Hsrc=controlled|Lsrc=controlled|origins=shared_origin_v1:Hmax=720,joint-scaling-l6144,release,standard_hl_shared_origin_v1,hierarchical_sales/D/short,chronos-2,chronos2,chronos-2,119.477664,119.477664,336,controlled,shared_origin_v1:Hmax=720,720,720,6144,controlled,1105,1105,1105,1105,100,100,100,[],merged,6,118,39530,142438.0,,100,,float32,native_horizon,336,1024,direct_quantiles,47.4981418384771,47.4981418384771,2.5104638931270555,0.7781141492052328,0.6662808798386975,1.00558733082469,7.793972250327343,6.891889569521345,1.9126665263706226,0.6967146245756926,0.5818007763230236,0.7781141492052328,0.9843623022305182,0.7904753640423481,-0.23512078785006776,0.5818007763230236,4.483902756957517,0.12975321006243132,-2.0421210168766177,Sales,1
hierarchical_sales/D/short|H=336|L=8192|Hsrc=controlled|Lsrc=controlled|origins=shared_origin_v1:Hmax=720,joint-scaling,release,standard_hl_shared_origin_v1,hierarchical_sales/D/short,chronos-2,chronos2,chronos-2,119.477664,119.477664,336,controlled,shared_origin_v1:Hmax=720,720,720,8192,controlled,1105,1105,1105,1105,100,100,100,[],merged,2,118,39530,142438.0,,100,,float32,native_horizon,336,1024,direct_quantiles,47.749190488236785,47.749190488236785,2.518614126138376,0.7803708310921003,0.6728731689810991,1.0069440930938527,7.873122197805403,6.910078906078915,1.9177145084689444,0.6989765119297519,0.5840083692537987,0.7803708310921003,0.9843623022305182,0.7927678958487308,-0.23222479142714317,0.5840083692537987,4.483902756957517,0.1302455474413697,-2.0383337836441444,Sales,1
hierarchical_sales/D/short|H=720|L=128|Hsrc=controlled|Lsrc=controlled|origins=shared_origin_v1:Hmax=720,joint-scaling,release,standard_hl_shared_origin_v1,hierarchical_sales/D/short,chronos-2,chronos2,chronos-2,119.477664,119.477664,720,controlled,shared_origin_v1:Hmax=720,720,720,128,controlled,1105,1105,128,128,100,100,100,[],merged,2,118,83544,294968.0,,100,,float32,native_horizon,720,1024,direct_quantiles,43.02551948673753,43.02551948673753,2.5482473120451496,0.8043981077868271,0.6991665346800676,1.018463090931126,8.799363588835817,6.55938407830625,1.857819097115678,0.7217419294211574,0.6124303061768754,0.8043981077868271,0.9742282554481628,0.8256772509813824,-0.19155131912954815,0.6124303061768754,6.5888634602276355,0.09294930906880819,-2.3757009982063977,Sales,1
hierarchical_sales/D/short|H=720|L=256|Hsrc=controlled|Lsrc=controlled|origins=shared_origin_v1:Hmax=720,joint-scaling,release,standard_hl_shared_origin_v1,hierarchical_sales/D/short,chronos-2,chronos2,chronos-2,119.477664,119.477664,720,controlled,shared_origin_v1:Hmax=720,720,720,256,controlled,1105,1105,256,256,100,100,100,[],merged,2,118,83544,294968.0,,100,,float32,native_horizon,720,1024,direct_quantiles,43.13951331035143,43.13951331035143,2.5204062567329792,0.7863402041868195,0.6823988737549553,1.020037485860744,8.514778523778956,6.568067699890999,1.8602785655382739,0.7138564871867458,0.6007116702619945,0.7863402041868195,0.9742282554481628,0.8071416526767524,-0.21425609615696795,0.6007116702619945,6.5888634602276355,0.09117075712496868,-2.3950210788791844,Sales,1
hierarchical_sales/D/short|H=720|L=512|Hsrc=controlled|Lsrc=controlled|origins=shared_origin_v1:Hmax=720,joint-scaling,release,standard_hl_shared_origin_v1,hierarchical_sales/D/short,chronos-2,chronos2,chronos-2,119.477664,119.477664,720,controlled,shared_origin_v1:Hmax=720,720,720,512,controlled,1105,1105,512,512,100,100,100,[],merged,2,118,83544,294968.0,,100,,float32,native_horizon,720,1024,direct_quantiles,43.33489089581538,43.33489089581538,2.6108669159365125,0.837703749944195,0.7641235820273293,1.0231742592226851,9.037375676077296,6.582924190343937,1.864486380075445,0.7394777251261154,0.6207457158477547,0.837703749944195,0.9742282554481628,0.8598639438545498,-0.15098110707057721,0.6207457158477547,6.5888634602276355,0.09421134913399903,-2.3622146255273457,Sales,1
hierarchical_sales/D/short|H=720|L=1024|Hsrc=controlled|Lsrc=controlled|origins=shared_origin_v1:Hmax=720,joint-scaling,release,standard_hl_shared_origin_v1,hierarchical_sales/D/short,chronos-2,chronos2,chronos-2,119.477664,119.477664,720,controlled,shared_origin_v1:Hmax=720,720,720,1024,controlled,1105,1105,1024,1024,100,100,100,[],merged,2,118,83544,294968.0,,100,,float32,native_horizon,720,1024,direct_quantiles,43.35995104376137,43.35995104376137,2.574422890183616,0.8113711587945936,0.7360454675383011,1.0278245034053912,8.293544856055327,6.584827335911046,1.8650254093710248,0.7291556573509669,0.610552744345432,0.8113711587945936,0.9742282554481628,0.8328347635753472,-0.18292001954665246,0.610552744345432,6.5888634602276355,0.09266434917507584,-2.378771463174397,Sales,1
hierarchical_sales/D/short|H=720|L=2048|Hsrc=controlled|Lsrc=controlled|origins=shared_origin_v1:Hmax=720,joint-scaling,release,standard_hl_shared_origin_v1,hierarchical_sales/D/short,chronos-2,chronos2,chronos-2,119.477664,119.477664,720,controlled,shared_origin_v1:Hmax=720,720,720,2048,controlled,1105,1105,1105,1105,100,100,100,[],merged,2,118,83544,294968.0,,100,,float32,native_horizon,720,1024,direct_quantiles,42.675961170161834,42.675961170161834,2.503827605064397,0.7832553914414688,0.6907079332216296,1.0221696894001964,8.077993806225939,6.5326840708977985,1.850256834704394,0.7091609036827724,0.5940741556750105,0.7832553914414688,0.9742282554481628,0.8039752358456869,-0.21818681146449362,0.5940741556750105,6.5888634602276355,0.09016337328296771,-2.406131995543156,Sales,1
hierarchical_sales/D/short|H=720|L=4096|Hsrc=controlled|Lsrc=controlled|origins=shared_origin_v1:Hmax=720,joint-scaling,release,standard_hl_shared_origin_v1,hierarchical_sales/D/short,chronos-2,chronos2,chronos-2,119.477664,119.477664,720,controlled,shared_origin_v1:Hmax=720,720,720,4096,controlled,1105,1105,1105,1105,100,100,100,[],merged,2,118,83544,294968.0,,100,,float32,native_horizon,720,1024,direct_quantiles,42.675961170161834,42.675961170161834,2.503827605064397,0.7832553914414688,0.6907079332216296,1.0221696894001964,8.077993806225939,6.5326840708977985,1.850256834704394,0.7091609036827724,0.5940741556750105,0.7832553914414688,0.9742282554481628,0.8039752358456869,-0.21818681146449362,0.5940741556750105,6.5888634602276355,0.09016337328296771,-2.406131995543156,Sales,1
hierarchical_sales/D/short|H=720|L=6144|Hsrc=controlled|Lsrc=controlled|origins=shared_origin_v1:Hmax=720,joint-scaling-l6144,release,standard_hl_shared_origin_v1,hierarchical_sales/D/short,chronos-2,chronos2,chronos-2,119.477664,119.477664,720,controlled,shared_origin_v1:Hmax=720,720,720,6144,controlled,1105,1105,1105,1105,100,100,100,[],merged,6,118,83544,294968.0,,100,,float32,native_horizon,720,1024,direct_quantiles,42.62320341676242,42.62320341676242,2.5019657493356795,0.7813228367289871,0.6861049690242899,1.021118047170503,8.002887289775702,6.528644837695065,1.8491127997626742,0.7086335689379865,0.5933101057568498,0.7813228367289871,0.9742282554481628,0.8019915583022833,-0.22065719697864605,0.5933101057568498,6.5888634602276355,0.09004741247686317,-2.407418942066589,Sales,1
hierarchical_sales/D/short|H=720|L=8192|Hsrc=controlled|Lsrc=controlled|origins=shared_origin_v1:Hmax=720,joint-scaling,release,standard_hl_shared_origin_v1,hierarchical_sales/D/short,chronos-2,chronos2,chronos-2,119.477664,119.477664,720,controlled,shared_origin_v1:Hmax=720,720,720,8192,controlled,1105,1105,1105,1105,100,100,100,[],merged,2,118,83544,294968.0,,100,,float32,native_horizon,720,1024,direct_quantiles,42.675961170161834,42.675961170161834,2.503827605064397,0.7832553914414688,0.6907079332216296,1.0221696894001964,8.077993806225939,6.5326840708977985,1.850256834704394,0.7091609036827724,0.5940741556750105,0.7832553914414688,0.9742282554481628,0.8039752358456869,-0.21818681146449362,0.5940741556750105,6.5888634602276355,0.09016337328296771,-2.406131995543156,Sales,1
jena_weather/10T/short|H=48|L=128|Hsrc=controlled|Lsrc=controlled|origins=shared_origin_v1:Hmax=720,joint-scaling,release,standard_hl_shared_origin_v1,jena_weather/10T/short,chronos-2,chronos2,chronos-2,119.477664,119.477664,48,controlled,shared_origin_v1:Hmax=720,720,720,128,controlled,46944,51984,128,128,100,100,100,[],merged,2,1,8064,1266753.2614265718,,100,,float32,native_horizon,48,1024,direct_quantiles,1228.2264384920634,1228.2264384920634,6.1027643112909224,0.29867138686964434,0.44619932390141803,0.6077258397662451,3.8270147190773907,35.04606166878189,0.22309904375441697,0.03884946887827898,0.0353277606569216,0.29867138686964434,0.7056584768569798,0.42325203574388287,-0.8597874481898323,0.0353277606569216,0.16264350565490623,0.2172097835365117,-1.5268916480302113,Nature,21
jena_weather/10T/short|H=48|L=256|Hsrc=controlled|Lsrc=controlled|origins=shared_origin_v1:Hmax=720,joint-scaling,release,standard_hl_shared_origin_v1,jena_weather/10T/short,chronos-2,chronos2,chronos-2,119.477664,119.477664,48,controlled,shared_origin_v1:Hmax=720,720,720,256,controlled,46944,51984,256,256,100,100,100,[],merged,2,1,8064,1266753.2614265718,,100,,float32,native_horizon,48,1024,direct_quantiles,901.2610367063492,901.2610367063492,3.9110860673208085,0.24581421729560302,0.33876794302545665,0.5918401082356771,3.182973657694648,30.021009921492467,0.19111016436956546,0.024897506884140105,0.02224500915494806,0.24581421729560302,0.7056584768569798,0.3483472888903221,-1.0545553402539,0.02224500915494806,0.16264350565490623,0.1367715794453366,-1.9894430479698149,Nature,21
jena_weather/10T/short|H=48|L=512|Hsrc=controlled|Lsrc=controlled|origins=shared_origin_v1:Hmax=720,joint-scaling,release,standard_hl_shared_origin_v1,jena_weather/10T/short,chronos-2,chronos2,chronos-2,119.477664,119.477664,48,controlled,shared_origin_v1:Hmax=720,720,720,512,controlled,46944,51984,512,512,100,100,100,[],merged,2,1,8064,1266753.2614265718,,100,,float32,native_horizon,48,1024,direct_quantiles,897.8031374007936,897.8031374007936,3.9123685322110613,0.27151591222868915,0.39362756588237063,0.6015252007378472,4.250613936080339,29.963363252492094,0.190743192558263,0.0249056709024931,0.023393738770891535,0.27151591222868915,0.7056584768569798,0.38476957499047937,-0.9551106303891101,0.023393738770891535,0.16264350565490623,0.1438344474726701,-1.9390923111127083,Nature,21
jena_weather/10T/short|H=48|L=1024|Hsrc=controlled|Lsrc=controlled|origins=shared_origin_v1:Hmax=720,joint-scaling,release,standard_hl_shared_origin_v1,jena_weather/10T/short,chronos-2,chronos2,chronos-2,119.477664,119.477664,48,controlled,shared_origin_v1:Hmax=720,720,720,1024,controlled,46944,51984,1024,1024,100,100,100,[],merged,2,1,8064,1266753.2614265718,,100,,float32,native_horizon,48,1024,direct_quantiles,897.8457961309524,897.8457961309524,3.8700079539465526,0.24574891164181564,0.35870724155283606,0.5912299988761781,3.653644240989624,29.9640750921992,0.19074772404483809,0.024636008519512288,0.022326535806883763,0.24574891164181564,0.7056584768569798,0.34825474319586913,-1.0548210463263339,0.022326535806883763,0.16264350565490623,0.13727283925037723,-1.9857848062406456,Nature,21
jena_weather/10T/short|H=48|L=2048|Hsrc=controlled|Lsrc=controlled|origins=shared_origin_v1:Hmax=720,joint-scaling,release,standard_hl_shared_origin_v1,jena_weather/10T/short,chronos-2,chronos2,chronos-2,119.477664,119.477664,48,controlled,shared_origin_v1:Hmax=720,720,720,2048,controlled,46944,51984,2048,2048,100,100,100,[],merged,2,1,8064,1266753.2614265718,,100,,float32,native_horizon,48,1024,direct_quantiles,900.3782862103175,900.3782862103175,3.8977503700861855,0.2462171546269719,0.3539691687279683,0.5903042955669416,3.5909041957465124,30.006304107809036,0.19101654891566905,0.024812613427952043,0.02224100706532268,0.2462171546269719,0.7056584768569798,0.3489182978763738,-1.0529174876923053,0.02224100706532268,0.16264350565490623,0.13674697293178867,-1.9896229737072135,Nature,21
jena_weather/10T/short|H=48|L=4096|Hsrc=controlled|Lsrc=controlled|origins=shared_origin_v1:Hmax=720,joint-scaling,release,standard_hl_shared_origin_v1,jena_weather/10T/short,chronos-2,chronos2,chronos-2,119.477664,119.477664,48,controlled,shared_origin_v1:Hmax=720,720,720,4096,controlled,46944,51984,4096,4096,100,100,100,[],merged,2,1,8064,1266753.2614265718,,100,,float32,native_horizon,48,1024,direct_quantiles,896.379402281746,896.379402281746,3.8682418096633184,0.2419091631356834,0.35738823280523957,0.588790530250186,3.437638877864487,29.93959589376159,0.19059189239063057,0.024624765455899443,0.02210375705315621,0.2419091631356834,0.7056584768569798,0.34281337370614856,-1.0705690798743812,0.02210375705315621,0.16264350565490623,0.13590310270399314,-1.9958131272983644,Nature,21
jena_weather/10T/short|H=48|L=6144|Hsrc=controlled|Lsrc=controlled|origins=shared_origin_v1:Hmax=720,joint-scaling-l6144,release,standard_hl_shared_origin_v1,jena_weather/10T/short,chronos-2,chronos2,chronos-2,119.477664,119.477664,48,controlled,shared_origin_v1:Hmax=720,720,720,6144,controlled,46944,51984,6144,6144,100,100,100,[],merged,6,1,8064,1266753.2614265718,,100,,float32,native_horizon,48,1024,direct_quantiles,894.2698412698413,894.2698412698413,3.8359520321800593,0.23875733921570305,0.36285892309926293,0.5862931145562066,3.372476669303492,29.904344856054635,0.19036748849389318,0.024419212588143835,0.021889973045582073,0.23875733921570305,0.7056584768569798,0.3383468732341091,-1.0836836575639544,0.021889973045582073,0.16264350565490623,0.13458866960250956,-2.005532043602148,Nature,21
jena_weather/10T/short|H=48|L=8192|Hsrc=controlled|Lsrc=controlled|origins=shared_origin_v1:Hmax=720,joint-scaling,release,standard_hl_shared_origin_v1,jena_weather/10T/short,chronos-2,chronos2,chronos-2,119.477664,119.477664,48,controlled,shared_origin_v1:Hmax=720,720,720,8192,controlled,46944,51984,8192,8192,100,100,100,[],merged,2,1,8064,1266753.2614265718,,100,,float32,native_horizon,48,1024,direct_quantiles,894.5938740079365,894.5938740079365,3.855077592153398,0.23850917802571223,0.36439034709982376,0.5859739515516493,3.3663735023248886,29.90976218574692,0.19040197456783423,0.024540963619162547,0.021924297278778572,0.23850917802571223,0.7056584768569798,0.33799520001238836,-1.0847235847467356,0.021924297278778572,0.16264350565490623,0.13479970928133528,-2.0039652371729084,Nature,21
jena_weather/10T/short|H=96|L=128|Hsrc=controlled|Lsrc=controlled|origins=shared_origin_v1:Hmax=720,joint-scaling,release,standard_hl_shared_origin_v1,jena_weather/10T/short,chronos-2,chronos2,chronos-2,119.477664,119.477664,96,controlled,shared_origin_v1:Hmax=720,720,720,128,controlled,46944,51984,128,128,100,100,100,[],merged,2,1,16128,2666546.043662604,,100,,float32,native_horizon,96,1024,direct_quantiles,2455.6731150793653,2455.6731150793653,13.108395531063987,0.49719440352804684,0.606213629320799,0.6106718154180617,5.300328907609787,49.55474866326501,0.29972067736860825,0.07928316243683427,0.06635589166717709,0.49719440352804684,0.7741562320408423,0.6422403940575864,-0.4427925998068595,0.06635589166717709,0.15759631843720967,0.42104975753995766,-0.8650042633525012,Nature,21
jena_weather/10T/short|H=96|L=256|Hsrc=controlled|Lsrc=controlled|origins=shared_origin_v1:Hmax=720,joint-scaling,release,standard_hl_shared_origin_v1,jena_weather/10T/short,chronos-2,chronos2,chronos-2,119.477664,119.477664,96,controlled,shared_origin_v1:Hmax=720,720,720,256,controlled,46944,51984,256,256,100,100,100,[],merged,2,1,16128,2666546.043662604,,100,,float32,native_horizon,96,1024,direct_quantiles,1434.3043154761904,1434.3043154761904,10.23539806547619,0.4314275859065418,0.5941077763969118,0.5462426079644097,4.446169043516261,37.87221033259335,0.2290614893733858,0.06190648775494649,0.04940255436351081,0.4314275859065418,0.7741562320408423,0.5572874932094856,-0.5846740264142791,0.04940255436351081,0.15759631843720967,0.313475307376511,-1.1600346863604831,Nature,21
jena_weather/10T/short|H=96|L=512|Hsrc=controlled|Lsrc=controlled|origins=shared_origin_v1:Hmax=720,joint-scaling,release,standard_hl_shared_origin_v1,jena_weather/10T/short,chronos-2,chronos2,chronos-2,119.477664,119.477664,96,controlled,shared_origin_v1:Hmax=720,720,720,512,controlled,46944,51984,512,512,100,100,100,[],merged,2,1,16128,2666546.043662604,,100,,float32,native_horizon,96,1024,direct_quantiles,1431.3022073412699,1431.3022073412699,9.704795231894842,0.4400303342301426,0.6004316749055766,0.5422865246969556,5.629776296517938,37.83255486140567,0.22882164223448684,0.05869725665228537,0.046931220273932844,0.4400303342301426,0.7741562320408423,0.5683999120825108,-0.564930037434589,0.046931220273932844,0.15759631843720967,0.2977938871879892,-1.211353685511104,Nature,21
jena_weather/10T/short|H=96|L=1024|Hsrc=controlled|Lsrc=controlled|origins=shared_origin_v1:Hmax=720,joint-scaling,release,standard_hl_shared_origin_v1,jena_weather/10T/short,chronos-2,chronos2,chronos-2,119.477664,119.477664,96,controlled,shared_origin_v1:Hmax=720,720,720,1024,controlled,46944,51984,1024,1024,100,100,100,[],merged,2,1,16128,2666546.043662604,,100,,float32,native_horizon,96,1024,direct_quantiles,1480.576636904762,1480.576636904762,10.219740125868055,0.41349496997463847,0.6407109184070207,0.5314886910574776,4.672573962142214,38.478261874787975,0.23272705490740128,0.061811784252413626,0.04858528040529523,0.41349496997463847,0.7741562320408423,0.5341234144490148,-0.6271283535240816,0.04858528040529523,0.15759631843720967,0.3082894377678805,-1.1767162042686004,Nature,21
jena_weather/10T/short|H=96|L=2048|Hsrc=controlled|Lsrc=controlled|origins=shared_origin_v1:Hmax=720,joint-scaling,release,standard_hl_shared_origin_v1,jena_weather/10T/short,chronos-2,chronos2,chronos-2,119.477664,119.477664,96,controlled,shared_origin_v1:Hmax=720,720,720,2048,controlled,46944,51984,2048,2048,100,100,100,[],merged,2,1,16128,2666546.043662604,,100,,float32,native_horizon,96,1024,direct_quantiles,1508.994419642857,1508.994419642857,10.011921231708829,0.40589906088269057,0.6475144556996594,0.5270278567359561,4.176531566634092,38.845777372101296,0.23494988918200765,0.06055483872433405,0.04824368888950539,0.40589906088269057,0.7741562320408423,0.5243115589377267,-0.6456691932272013,0.04824368888950539,0.15759631843720967,0.30612192827795587,-1.1837717979685407,Nature,21
jena_weather/10T/short|H=96|L=4096|Hsrc=controlled|Lsrc=controlled|origins=shared_origin_v1:Hmax=720,joint-scaling,release,standard_hl_shared_origin_v1,jena_weather/10T/short,chronos-2,chronos2,chronos-2,119.477664,119.477664,96,controlled,shared_origin_v1:Hmax=720,720,720,4096,controlled,46944,51984,4096,4096,100,100,100,[],merged,2,1,16128,2666546.043662604,,100,,float32,native_horizon,96,1024,direct_quantiles,1475.9952876984128,1475.9952876984128,9.938310895647321,0.4042410559540547,0.6430082232883433,0.5248594132680742,3.9727112267377565,38.41868409639264,0.23236671220405902,0.06010962327312461,0.04755374083875541,0.4042410559540547,0.7741562320408423,0.5221698660080386,-0.6497623302265849,0.04755374083875541,0.15759631843720967,0.3017439830467995,-1.198176359396181,Nature,21
jena_weather/10T/short|H=96|L=6144|Hsrc=controlled|Lsrc=controlled|origins=shared_origin_v1:Hmax=720,joint-scaling-l6144,release,standard_hl_shared_origin_v1,jena_weather/10T/short,chronos-2,chronos2,chronos-2,119.477664,119.477664,96,controlled,shared_origin_v1:Hmax=720,720,720,6144,controlled,46944,51984,6144,6144,100,100,100,[],merged,6,1,16128,2666546.043662604,,100,,float32,native_horizon,96,1024,direct_quantiles,1421.7281746031747,1421.7281746031747,9.626259455605158,0.3975216699147051,0.6671861548128194,0.522270020984468,3.8322119258417415,37.70581088642936,0.22805505999853556,0.05822225079104764,0.04666047537972474,0.3975216699147051,0.7741562320408423,0.5134902406801694,-0.6665242552855244,0.04666047537972474,0.15759631843720967,0.2960759226004092,-1.2171393622757123,Nature,21
jena_weather/10T/short|H=96|L=8192|Hsrc=controlled|Lsrc=controlled|origins=shared_origin_v1:Hmax=720,joint-scaling,release,standard_hl_shared_origin_v1,jena_weather/10T/short,chronos-2,chronos2,chronos-2,119.477664,119.477664,96,controlled,shared_origin_v1:Hmax=720,720,720,8192,controlled,46944,51984,8192,8192,100,100,100,[],merged,2,1,16128,2666546.043662604,,100,,float32,native_horizon,96,1024,direct_quantiles,1408.7942708333333,1408.7942708333333,9.587302556113592,0.3999859320056061,0.6742990128351107,0.5233019874209449,3.833436843084347,37.53390828082433,0.22701534600980205,0.05798662880488572,0.046658521038796356,0.3999859320056061,0.7741562320408423,0.5166733993100555,-0.6603443268991681,0.046658521038796356,0.15759631843720967,0.2960635216703129,-1.2171812474438701,Nature,21
jena_weather/10T/short|H=192|L=128|Hsrc=controlled|Lsrc=controlled|origins=shared_origin_v1:Hmax=720,joint-scaling,release,standard_hl_shared_origin_v1,jena_weather/10T/short,chronos-2,chronos2,chronos-2,119.477664,119.477664,192,controlled,shared_origin_v1:Hmax=720,720,720,128,controlled,46944,51984,128,128,100,100,100,[],merged,2,1,32256,5192373.383527776,,100,,float32,native_horizon,192,1024,direct_quantiles,1798.4583333333333,1798.4583333333333,10.497425866505456,0.5934902082226601,0.606866860339835,0.673776354108538,6.75643505807512,42.40823426332831,0.2634479270573051,0.06521198375759849,0.05591213934563249,0.5934902082226601,0.7854218158507354,0.7556324464705845,-0.2802002029445694,0.05591213934563249,0.17200378014317172,0.3250634334843839,-1.123734935745578,Nature,21
jena_weather/10T/short|H=192|L=256|Hsrc=controlled|Lsrc=controlled|origins=shared_origin_v1:Hmax=720,joint-scaling,release,standard_hl_shared_origin_v1,jena_weather/10T/short,chronos-2,chronos2,chronos-2,119.477664,119.477664,192,controlled,shared_origin_v1:Hmax=720,720,720,256,controlled,46944,51984,256,256,100,100,100,[],merged,2,1,32256,5192373.383527776,,100,,float32,native_horizon,192,1024,direct_quantiles,1213.679191468254,1213.679191468254,8.525843060205853,0.5387799063210021,0.5611178163980786,0.6361126975407676,5.41495786622371,34.83789878090029,0.2164195792701718,0.052964140564782415,0.043556748669528876,0.5387799063210021,0.7854218158507354,0.6859752243288769,-0.3769137680471186,0.043556748669528876,0.17200378014317172,0.25323134545806675,-1.3734517991466086,Nature,21
jena_weather/10T/short|H=192|L=512|Hsrc=controlled|Lsrc=controlled|origins=shared_origin_v1:Hmax=720,joint-scaling,release,standard_hl_shared_origin_v1,jena_weather/10T/short,chronos-2,chronos2,chronos-2,119.477664,119.477664,192,controlled,shared_origin_v1:Hmax=720,720,720,512,controlled,46944,51984,512,512,100,100,100,[],merged,2,1,32256,5192373.383527776,,100,,float32,native_horizon,192,1024,direct_quantiles,1220.5279017857142,1220.5279017857142,8.204254634796627,0.5472110839854143,0.6027947604134385,0.6383756607297867,6.498130193569051,34.936054467923455,0.21702934085832404,0.05096637278427039,0.0420784034593496,0.5472110839854143,0.7854218158507354,0.696709809865287,-0.36138629657255467,0.0420784034593496,0.17200378014317172,0.24463650406011178,-1.4079818270436477,Nature,21
jena_weather/10T/short|H=192|L=1024|Hsrc=controlled|Lsrc=controlled|origins=shared_origin_v1:Hmax=720,joint-scaling,release,standard_hl_shared_origin_v1,jena_weather/10T/short,chronos-2,chronos2,chronos-2,119.477664,119.477664,192,controlled,shared_origin_v1:Hmax=720,720,720,1024,controlled,46944,51984,1024,1024,100,100,100,[],merged,2,1,32256,5192373.383527776,,100,,float32,native_horizon,192,1024,direct_quantiles,1240.983878968254,1240.983878968254,8.389915829613095,0.5170345575253409,0.6360486920856899,0.6245996384393602,5.954082216793889,35.22760109584889,0.21884048334283726,0.052119735044195384,0.04253527879217111,0.5170345575253409,0.7854218158507354,0.6582890201048351,-0.41811120381368905,0.04253527879217111,0.17200378014317172,0.2472926976184232,-1.397182633324127,Nature,21
jena_weather/10T/short|H=192|L=2048|Hsrc=controlled|Lsrc=controlled|origins=shared_origin_v1:Hmax=720,joint-scaling,release,standard_hl_shared_origin_v1,jena_weather/10T/short,chronos-2,chronos2,chronos-2,119.477664,119.477664,192,controlled,shared_origin_v1:Hmax=720,720,720,2048,controlled,46944,51984,2048,2048,100,100,100,[],merged,2,1,32256,5192373.383527776,,100,,float32,native_horizon,192,1024,direct_quantiles,1234.8614831349207,1234.8614831349207,8.184910365513392,0.5269167623990805,0.6541913272594329,0.6277938116164434,4.731264390762422,35.14059594165871,0.21829999096174973,0.05084620254536202,0.041453081960556866,0.5269167623990805,0.7854218158507354,0.6708710552282618,-0.3991783285422873,0.041453081960556866,0.17200378014317172,0.24100099385055573,-1.422954221638758,Nature,21
jena_weather/10T/short|H=192|L=4096|Hsrc=controlled|Lsrc=controlled|origins=shared_origin_v1:Hmax=720,joint-scaling,release,standard_hl_shared_origin_v1,jena_weather/10T/short,chronos-2,chronos2,chronos-2,119.477664,119.477664,192,controlled,shared_origin_v1:Hmax=720,720,720,4096,controlled,46944,51984,4096,4096,100,100,100,[],merged,2,1,32256,5192373.383527776,,100,,float32,native_horizon,192,1024,direct_quantiles,1223.735367063492,1223.735367063492,8.197007921006945,0.5225116705331048,0.6541487298558921,0.6246359688895089,4.528209920145695,34.98192915011252,0.2173143230118388,0.05092135483530286,0.04123055267422297,0.5225116705331048,0.7854218158507354,0.6652624869696832,-0.40757359895899875,0.04123055267422297,0.17200378014317172,0.23970724736342233,-1.4283369028573512,Nature,21
jena_weather/10T/short|H=192|L=6144|Hsrc=controlled|Lsrc=controlled|origins=shared_origin_v1:Hmax=720,joint-scaling-l6144,release,standard_hl_shared_origin_v1,jena_weather/10T/short,chronos-2,chronos2,chronos-2,119.477664,119.477664,192,controlled,shared_origin_v1:Hmax=720,720,720,6144,controlled,46944,51984,6144,6144,100,100,100,[],merged,6,1,32256,5192373.383527776,,100,,float32,native_horizon,192,1024,direct_quantiles,1203.829117063492,1203.829117063492,8.030478825644842,0.5125923455937162,0.6711648415104207,0.6230641925145709,4.252841825182924,34.69624067623886,0.2155395724820516,0.04988684477540604,0.040733379055917826,0.5125923455937162,0.7854218158507354,0.6526331905340547,-0.4267400371918015,0.040733379055917826,0.17200378014317172,0.23681676659671294,-1.4404685735940665,Nature,21
jena_weather/10T/short|H=192|L=8192|Hsrc=controlled|Lsrc=controlled|origins=shared_origin_v1:Hmax=720,joint-scaling,release,standard_hl_shared_origin_v1,jena_weather/10T/short,chronos-2,chronos2,chronos-2,119.477664,119.477664,192,controlled,shared_origin_v1:Hmax=720,720,720,8192,controlled,46944,51984,8192,8192,100,100,100,[],merged,2,1,32256,5192373.383527776,,100,,float32,native_horizon,192,1024,direct_quantiles,1200.236607142857,1200.236607142857,8.038094656808036,0.5179740002070752,0.6773442644979468,0.6249820769779266,4.290960487093278,34.64443111299213,0.21521772173122,0.04993415575091857,0.040988828572481144,0.5179740002070752,0.7854218158507354,0.6594851196564075,-0.4162958701476913,0.040988828572481144,0.17200378014317172,0.23830190556488381,-1.4342168984138866,Nature,21
jena_weather/10T/short|H=336|L=128|Hsrc=controlled|Lsrc=controlled|origins=shared_origin_v1:Hmax=720,joint-scaling,release,standard_hl_shared_origin_v1,jena_weather/10T/short,chronos-2,chronos2,chronos-2,119.477664,119.477664,336,controlled,shared_origin_v1:Hmax=720,720,720,128,controlled,46944,51984,128,128,100,100,100,[],merged,2,1,56448,9144486.066630237,,100,,float32,native_horizon,336,1024,direct_quantiles,1832.6145124716554,1832.6145124716554,11.093313757794785,0.6784073661002982,0.8909700930836372,0.6930245812517716,7.786582927872435,42.809047086704176,0.2642559759337856,0.0684779188723456,0.05864785893443666,0.6784073661002982,0.7997915522433136,0.8482302222340956,-0.16460319155296027,0.05864785893443666,0.19237704941727043,0.3048589169658593,-1.1879061767170451,Nature,21
jena_weather/10T/short|H=336|L=256|Hsrc=controlled|Lsrc=controlled|origins=shared_origin_v1:Hmax=720,joint-scaling,release,standard_hl_shared_origin_v1,jena_weather/10T/short,chronos-2,chronos2,chronos-2,119.477664,119.477664,336,controlled,shared_origin_v1:Hmax=720,720,720,256,controlled,46944,51984,256,256,100,100,100,[],merged,2,1,56448,9144486.066630237,,100,,float32,native_horizon,336,1024,direct_quantiles,1337.0059523809523,1337.0059523809523,9.291677738803855,0.6220131013248051,0.6852593118163739,0.6568874782986112,6.024830764443177,36.56509199196622,0.2257126641916474,0.057356599504697826,0.04792381112645989,0.6220131013248051,0.7997915522433136,0.7777190188870307,-0.25138997827998166,0.04792381112645989,0.19237704941727043,0.24911397316689265,-1.389844763679086,Nature,21
jena_weather/10T/short|H=336|L=512|Hsrc=controlled|Lsrc=controlled|origins=shared_origin_v1:Hmax=720,joint-scaling,release,standard_hl_shared_origin_v1,jena_weather/10T/short,chronos-2,chronos2,chronos-2,119.477664,119.477664,336,controlled,shared_origin_v1:Hmax=720,720,720,512,controlled,46944,51984,512,512,100,100,100,[],merged,2,1,56448,9144486.066630237,,100,,float32,native_horizon,336,1024,direct_quantiles,1350.2687074829932,1350.2687074829932,9.217033818735828,0.6520570691685149,0.7226149475886643,0.6623628577407525,6.966021369610413,36.74600260549429,0.22682940735665674,0.056895830034516696,0.04747401286650635,0.6520570691685149,0.7997915522433136,0.8152837665508942,-0.2042190465247526,0.04747401286650635,0.19237704941727043,0.2467758654699713,-1.3992747815625795,Nature,21
jena_weather/10T/short|H=336|L=1024|Hsrc=controlled|Lsrc=controlled|origins=shared_origin_v1:Hmax=720,joint-scaling,release,standard_hl_shared_origin_v1,jena_weather/10T/short,chronos-2,chronos2,chronos-2,119.477664,119.477664,336,controlled,shared_origin_v1:Hmax=720,720,720,1024,controlled,46944,51984,1024,1024,100,100,100,[],merged,2,1,56448,9144486.066630237,,100,,float32,native_horizon,336,1024,direct_quantiles,1342.4260204081634,1342.4260204081634,9.276246501204648,0.6173541687033705,0.7185422363550988,0.6467360585184595,6.675815025764128,36.639132364292735,0.22616970802184563,0.05726134401481538,0.04698750263940424,0.6173541687033705,0.7997915522433136,0.7718938353021741,-0.2589082574526054,0.04698750263940424,0.19237704941727043,0.2442469243692745,-1.4095755802806986,Nature,21
jena_weather/10T/short|H=336|L=2048|Hsrc=controlled|Lsrc=controlled|origins=shared_origin_v1:Hmax=720,joint-scaling,release,standard_hl_shared_origin_v1,jena_weather/10T/short,chronos-2,chronos2,chronos-2,119.477664,119.477664,336,controlled,shared_origin_v1:Hmax=720,720,720,2048,controlled,46944,51984,2048,2048,100,100,100,[],merged,2,1,56448,9144486.066630237,,100,,float32,native_horizon,336,1024,direct_quantiles,1326.2081916099773,1326.2081916099773,9.137606181795634,0.6190382267989503,0.7441999675450227,0.6477275684036635,5.055635165669767,36.41714145302974,0.22479938027814653,0.056405531157430404,0.045663021320066714,0.6190382267989503,0.7997915522433136,0.7739994565616839,-0.2561841075093439,0.045663021320066714,0.19237704941727043,0.23736210456696696,-1.4381684364776761,Nature,21
jena_weather/10T/short|H=336|L=4096|Hsrc=controlled|Lsrc=controlled|origins=shared_origin_v1:Hmax=720,joint-scaling,release,standard_hl_shared_origin_v1,jena_weather/10T/short,chronos-2,chronos2,chronos-2,119.477664,119.477664,336,controlled,shared_origin_v1:Hmax=720,720,720,4096,controlled,46944,51984,4096,4096,100,100,100,[],merged,2,1,56448,9144486.066630237,,100,,float32,native_horizon,336,1024,direct_quantiles,1317.5975056689342,1317.5975056689342,9.12517826140873,0.6192066300327218,0.7319951697326262,0.6460601045431194,4.801262198682559,36.29872595104316,0.22406841320056184,0.05632881484501126,0.045612159319308246,0.6192066300327218,0.7997915522433136,0.7742100154670626,-0.25591210438511425,0.045612159319308246,0.19237704941727043,0.23709771751605555,-1.43928291262917,Nature,21
jena_weather/10T/short|H=336|L=6144|Hsrc=controlled|Lsrc=controlled|origins=shared_origin_v1:Hmax=720,joint-scaling-l6144,release,standard_hl_shared_origin_v1,jena_weather/10T/short,chronos-2,chronos2,chronos-2,119.477664,119.477664,336,controlled,shared_origin_v1:Hmax=720,720,720,6144,controlled,46944,51984,6144,6144,100,100,100,[],merged,6,1,56448,9144486.066630237,,100,,float32,native_horizon,336,1024,direct_quantiles,1276.2071995464853,1276.2071995464853,8.878321087549603,0.6049383857831324,0.7473986817754945,0.6435821602403983,4.635133257940409,35.724042318115195,0.22052094847972906,0.05480499014360463,0.045018311353122294,0.6049383857831324,0.7997915522433136,0.7563700617821696,-0.2792245228566415,0.045018311353122294,0.19237704941727043,0.23401082140248702,-1.4523879193839433,Nature,21
jena_weather/10T/short|H=336|L=8192|Hsrc=controlled|Lsrc=controlled|origins=shared_origin_v1:Hmax=720,joint-scaling,release,standard_hl_shared_origin_v1,jena_weather/10T/short,chronos-2,chronos2,chronos-2,119.477664,119.477664,336,controlled,shared_origin_v1:Hmax=720,720,720,8192,controlled,46944,51984,8192,8192,100,100,100,[],merged,2,1,56448,9144486.066630237,,100,,float32,native_horizon,336,1024,direct_quantiles,1265.2742346938776,1265.2742346938776,8.857099675807824,0.615516837258881,0.7573516565849078,0.6460606581499787,4.777056785643604,35.57069348064327,0.21957434140804208,0.0546739924865169,0.04541532025047628,0.615516837258881,0.7997915522433136,0.769596572422445,-0.2618888333535974,0.04541532025047628,0.19237704941727043,0.2360745233802259,-1.443607746768746,Nature,21
jena_weather/10T/short|H=720|L=128|Hsrc=controlled|Lsrc=controlled|origins=shared_origin_v1:Hmax=720,joint-scaling,release,standard_hl_shared_origin_v1,jena_weather/10T/short,chronos-2,chronos2,chronos-2,119.477664,119.477664,720,controlled,shared_origin_v1:Hmax=720,720,720,128,controlled,46944,51984,128,128,100,100,100,[],merged,2,1,120960,19767382.773850746,,100,,float32,native_horizon,720,1024,direct_quantiles,2002.13082010582,2002.13082010582,12.040515459656085,0.6781059317288406,0.849838096033584,0.68991130849041,9.446761903705292,44.745176501001986,0.2738033968118913,0.07367797581815555,0.0646800406101801,0.6781059317288406,0.7614923704178127,0.8904960286821785,-0.11597663591179959,0.0646800406101801,0.23719491326378092,0.27268730058409973,-1.2994295593968581,Nature,21
jena_weather/10T/short|H=720|L=256|Hsrc=controlled|Lsrc=controlled|origins=shared_origin_v1:Hmax=720,joint-scaling,release,standard_hl_shared_origin_v1,jena_weather/10T/short,chronos-2,chronos2,chronos-2,119.477664,119.477664,720,controlled,shared_origin_v1:Hmax=720,720,720,256,controlled,46944,51984,256,256,100,100,100,[],merged,2,1,120960,19767382.773850746,,100,,float32,native_horizon,720,1024,direct_quantiles,1430.616402116402,1430.616402116402,9.805623759920636,0.6128979856720566,0.7153380934831622,0.6438968073123347,7.16567345817502,37.82349008376147,0.2314484124111762,0.060002290822688736,0.0529730711798422,0.6128979856720566,0.7614923704178127,0.8048642500984928,-0.21708164920180853,0.0529730711798422,0.23719491326378092,0.22333139632270124,-1.499098528484782,Nature,21
jena_weather/10T/short|H=720|L=512|Hsrc=controlled|Lsrc=controlled|origins=shared_origin_v1:Hmax=720,joint-scaling,release,standard_hl_shared_origin_v1,jena_weather/10T/short,chronos-2,chronos2,chronos-2,119.477664,119.477664,720,controlled,shared_origin_v1:Hmax=720,720,720,512,controlled,46944,51984,512,512,100,100,100,[],merged,2,1,120960,19767382.773850746,,100,,float32,native_horizon,720,1024,direct_quantiles,1461.2621693121694,1461.2621693121694,9.873526372354497,0.636276896136897,0.6897607895595932,0.6451386305390212,8.284559237351962,38.22645902136594,0.23391424834152083,0.0604177985352659,0.053381026190303826,0.636276896136897,0.7614923704178127,0.8355656876611738,-0.17964631325775798,0.053381026190303826,0.23719491326378092,0.22505131099055056,-1.491426853930011,Nature,21
jena_weather/10T/short|H=720|L=1024|Hsrc=controlled|Lsrc=controlled|origins=shared_origin_v1:Hmax=720,joint-scaling,release,standard_hl_shared_origin_v1,jena_weather/10T/short,chronos-2,chronos2,chronos-2,119.477664,119.477664,720,controlled,shared_origin_v1:Hmax=720,720,720,1024,controlled,46944,51984,1024,1024,100,100,100,[],merged,2,1,120960,19767382.773850746,,100,,float32,native_horizon,720,1024,direct_quantiles,1472.1205026455027,1472.1205026455027,10.057270998677248,0.6481427371142215,0.7459294470430409,0.641786476417824,7.636734162244901,38.36822256302086,0.23478172372734998,0.06154216336667905,0.052924773742316814,0.6481427371142215,0.7614923704178127,0.8511480381065422,-0.16116920771564663,0.052924773742316814,0.23719491326378092,0.22312777712673781,-1.5000106800193027,Nature,21
jena_weather/10T/short|H=720|L=2048|Hsrc=controlled|Lsrc=controlled|origins=shared_origin_v1:Hmax=720,joint-scaling,release,standard_hl_shared_origin_v1,jena_weather/10T/short,chronos-2,chronos2,chronos-2,119.477664,119.477664,720,controlled,shared_origin_v1:Hmax=720,720,720,2048,controlled,46944,51984,2048,2048,100,100,100,[],merged,2,1,120960,19767382.773850746,,100,,float32,native_horizon,720,1024,direct_quantiles,1426.3390211640212,1426.3390211640212,9.871862599206349,0.656065943877098,0.8092024639625394,0.6425834857597553,5.86964229259039,37.76690378047982,0.2311021511320147,0.06040761762248132,0.049493110766260756,0.656065943877098,0.7614923704178127,0.8615528787466779,-0.14901884504096724,0.049493110766260756,0.23719491326378092,0.2086600850129539,-1.5670487385190577,Nature,21
jena_weather/10T/short|H=720|L=4096|Hsrc=controlled|Lsrc=controlled|origins=shared_origin_v1:Hmax=720,joint-scaling,release,standard_hl_shared_origin_v1,jena_weather/10T/short,chronos-2,chronos2,chronos-2,119.477664,119.477664,720,controlled,shared_origin_v1:Hmax=720,720,720,4096,controlled,46944,51984,4096,4096,100,100,100,[],merged,2,1,120960,19767382.773850746,,100,,float32,native_horizon,720,1024,direct_quantiles,1365.4620370370371,1365.4620370370371,9.702234209656085,0.6559942676861203,0.8028683319220999,0.6379771076182209,5.623081340361164,36.95215876017309,0.22611658684240776,0.05936963246102927,0.04981806708813437,0.6559942676861203,0.7614923704178127,0.8614587527990489,-0.14912810251317377,0.04981806708813437,0.23719491326378092,0.21003008202259565,-1.5605045107969984,Nature,21
jena_weather/10T/short|H=720|L=6144|Hsrc=controlled|Lsrc=controlled|origins=shared_origin_v1:Hmax=720,joint-scaling-l6144,release,standard_hl_shared_origin_v1,jena_weather/10T/short,chronos-2,chronos2,chronos-2,119.477664,119.477664,720,controlled,shared_origin_v1:Hmax=720,720,720,6144,controlled,46944,51984,6144,6144,100,100,100,[],merged,6,1,120960,19767382.773850746,,100,,float32,native_horizon,720,1024,direct_quantiles,1326.9903439153438,1326.9903439153438,9.525527033730159,0.6656622911505379,0.8353598294532916,0.6388914078000992,5.654624564741282,36.427878663399326,0.22290842715676412,0.05828833099363039,0.05007834170904027,0.6656622911505379,0.7614923704178127,0.8741549055643261,-0.13449768154352226,0.05007834170904027,0.23719491326378092,0.21112738473168222,-1.5552936085636382,Nature,21
jena_weather/10T/short|H=720|L=8192|Hsrc=controlled|Lsrc=controlled|origins=shared_origin_v1:Hmax=720,joint-scaling,release,standard_hl_shared_origin_v1,jena_weather/10T/short,chronos-2,chronos2,chronos-2,119.477664,119.477664,720,controlled,shared_origin_v1:Hmax=720,720,720,8192,controlled,46944,51984,8192,8192,100,100,100,[],merged,2,1,120960,19767382.773850746,,100,,float32,native_horizon,720,1024,direct_quantiles,1327.8632275132275,1327.8632275132275,9.587347056878308,0.6918561555206871,0.8754758130744825,0.6431685400631618,6.041743331576547,36.439857676906854,0.2229817287916061,0.05866661830083486,0.05138438265337411,0.6918561555206871,0.7614923704178127,0.9085529709786615,-0.09590208687022682,0.05138438265337411,0.23719491326378092,0.2166335776190542,-1.5295479351045376,Nature,21
jena_weather/H/short|H=48|L=128|Hsrc=controlled|Lsrc=controlled|origins=shared_origin_v1:Hmax=720,joint-scaling,release,standard_hl_shared_origin_v1,jena_weather/H/short,chronos-2,chronos2,chronos-2,119.477664,119.477664,48,controlled,shared_origin_v1:Hmax=720,720,720,128,controlled,7344,8064,128,128,100,100,100,[],merged,2,1,2016,331233.4168627397,,100,,float32,native_horizon,48,1024,direct_quantiles,489.32142857142856,489.32142857142856,7.235617985801091,0.7020551993335213,2.123014724190093,0.6197736225430928,6.102180763218137,22.12061094480504,0.13463361301860075,0.04403844876985866,0.04191698592586457,0.7020551993335213,0.8929280908209436,0.786239347323101,-0.2404940197739284,0.04191698592586457,0.16072236972671894,0.26080368275515897,-1.3439873280356318,Nature,21
jena_weather/H/short|H=48|L=256|Hsrc=controlled|Lsrc=controlled|origins=shared_origin_v1:Hmax=720,joint-scaling,release,standard_hl_shared_origin_v1,jena_weather/H/short,chronos-2,chronos2,chronos-2,119.477664,119.477664,48,controlled,shared_origin_v1:Hmax=720,720,720,256,controlled,7344,8064,256,256,100,100,100,[],merged,2,1,2016,331233.4168627397,,100,,float32,native_horizon,48,1024,direct_quantiles,623.8965773809524,623.8965773809524,8.19892326233879,0.6993497392695613,1.9738942763924383,0.6290599278041294,5.65515052384122,24.977921798679578,0.15202418531039974,0.049901454549570665,0.04326997427972131,0.6993497392695613,0.8929280908209436,0.7832094728105043,-0.2443550928306756,0.04326997427972131,0.16072236972671894,0.26922185351855216,-1.3122195050170196,Nature,21
jena_weather/H/short|H=48|L=512|Hsrc=controlled|Lsrc=controlled|origins=shared_origin_v1:Hmax=720,joint-scaling,release,standard_hl_shared_origin_v1,jena_weather/H/short,chronos-2,chronos2,chronos-2,119.477664,119.477664,48,controlled,shared_origin_v1:Hmax=720,720,720,512,controlled,7344,8064,512,512,100,100,100,[],merged,2,1,2016,331233.4168627397,,100,,float32,native_horizon,48,1024,direct_quantiles,550.7385912698413,550.7385912698413,7.854798816499256,0.714478410662174,1.7873066840799758,0.6171147179982018,4.729608120757621,23.467820334872204,0.1428331906943667,0.04780699533291504,0.04067248153182696,0.714478410662174,0.8929280908209436,0.8001522384689389,-0.22295327133242016,0.04067248153182696,0.16072236972671894,0.2530604893455939,-1.3741267305091693,Nature,21
jena_weather/H/short|H=48|L=1024|Hsrc=controlled|Lsrc=controlled|origins=shared_origin_v1:Hmax=720,joint-scaling,release,standard_hl_shared_origin_v1,jena_weather/H/short,chronos-2,chronos2,chronos-2,119.477664,119.477664,48,controlled,shared_origin_v1:Hmax=720,720,720,1024,controlled,7344,8064,1024,1024,100,100,100,[],merged,2,1,2016,331233.4168627397,,100,,float32,native_horizon,48,1024,direct_quantiles,513.0789930555555,513.0789930555555,7.626651340060764,0.6907833371869003,2.014922233209937,0.6181732662140377,4.167958917378748,22.65124705298928,0.13786324607987707,0.046418411666277935,0.038036642021532445,0.6907833371869003,0.8929280908209436,0.7736158648025121,-0.2566798272941402,0.038036642021532445,0.16072236972671894,0.23666053509668433,-1.4411285059926837,Nature,21
jena_weather/H/short|H=48|L=2048|Hsrc=controlled|Lsrc=controlled|origins=shared_origin_v1:Hmax=720,joint-scaling,release,standard_hl_shared_origin_v1,jena_weather/H/short,chronos-2,chronos2,chronos-2,119.477664,119.477664,48,controlled,shared_origin_v1:Hmax=720,720,720,2048,controlled,7344,8064,2048,2048,100,100,100,[],merged,2,1,2016,331233.4168627397,,100,,float32,native_horizon,48,1024,direct_quantiles,448.42007688492066,448.42007688492066,7.358550540984623,0.7101380888138915,2.057101600082682,0.6201617528521826,3.8697095081179107,21.175931547039923,0.1288839707151985,0.044786658396765655,0.03727814703869367,0.7101380888138915,0.8929280908209436,0.7952914642443403,-0.2290466098261217,0.03727814703869367,0.16072236972671894,0.23194124814161726,-1.4612711801555762,Nature,21
jena_weather/H/short|H=48|L=4096|Hsrc=controlled|Lsrc=controlled|origins=shared_origin_v1:Hmax=720,joint-scaling,release,standard_hl_shared_origin_v1,jena_weather/H/short,chronos-2,chronos2,chronos-2,119.477664,119.477664,48,controlled,shared_origin_v1:Hmax=720,720,720,4096,controlled,7344,8064,4096,4096,100,100,100,[],merged,2,1,2016,331233.4168627397,,100,,float32,native_horizon,48,1024,direct_quantiles,536.7152777777778,536.7152777777778,7.944574749658978,0.7132927154902583,2.228888956094032,0.6198735918317523,3.9901569463922457,23.167116302591005,0.14100300298317298,0.04835340240429154,0.03872493165066068,0.7132927154902583,0.8929280908209436,0.7988243653914713,-0.22461417541258977,0.03872493165066068,0.16072236972671894,0.2409430107116131,-1.4231948435312332,Nature,21
jena_weather/H/short|H=48|L=6144|Hsrc=controlled|Lsrc=controlled|origins=shared_origin_v1:Hmax=720,joint-scaling-l6144,release,standard_hl_shared_origin_v1,jena_weather/H/short,chronos-2,chronos2,chronos-2,119.477664,119.477664,48,controlled,shared_origin_v1:Hmax=720,720,720,6144,controlled,7344,8064,6144,6144,100,100,100,[],merged,6,1,2016,331233.4168627397,,100,,float32,native_horizon,48,1024,direct_quantiles,568.3193824404761,568.3193824404761,8.157466827876984,0.7136910964729782,2.24858272183178,0.6216562664698041,3.9497375130613497,23.83945012873569,0.14509505687781177,0.04964913649341985,0.039373508106342436,0.7136910964729782,0.8929280908209436,0.7992705166401722,-0.2240558215059372,0.039373508106342436,0.16072236972671894,0.24497839456505272,-1.4065852577747398,Nature,21
jena_weather/H/short|H=48|L=8192|Hsrc=controlled|Lsrc=controlled|origins=shared_origin_v1:Hmax=720,joint-scaling,release,standard_hl_shared_origin_v1,jena_weather/H/short,chronos-2,chronos2,chronos-2,119.477664,119.477664,48,controlled,shared_origin_v1:Hmax=720,720,720,8192,controlled,7344,8064,7344,8064,100,100,100,[],merged,2,1,2016,331233.4168627397,,100,,float32,native_horizon,48,1024,direct_quantiles,550.4875992063492,550.4875992063492,8.001626635354663,0.7090478815758436,2.22904398465687,0.6213803972516742,4.051110453899263,23.462472146096395,0.14280063978608531,0.04870063971703575,0.038921302836760645,0.7090478815758436,0.8929280908209436,0.7940705291553282,-0.23058299402839674,0.038921302836760645,0.16072236972671894,0.24216481441220475,-1.4181367333455346,Nature,21
jena_weather/H/short|H=96|L=128|Hsrc=controlled|Lsrc=controlled|origins=shared_origin_v1:Hmax=720,joint-scaling,release,standard_hl_shared_origin_v1,jena_weather/H/short,chronos-2,chronos2,chronos-2,119.477664,119.477664,96,controlled,shared_origin_v1:Hmax=720,720,720,128,controlled,7344,8064,128,128,100,100,100,[],merged,2,1,4032,670747.2639028188,,100,,float32,native_horizon,96,1024,direct_quantiles,1186.1378968253969,1186.1378968253969,11.025265648251487,1.0442347787631885,1.9155645180324774,0.6634687393430679,13.090646130863691,34.44035273956114,0.20702805619797468,0.06627514339020948,0.06292232386681249,1.0442347787631885,1.1124114209687321,0.9387127451944239,-0.06324576223650548,0.06292232386681249,0.19834110075816852,0.31724299011293594,-1.1480872684144632,Nature,21
jena_weather/H/short|H=96|L=256|Hsrc=controlled|Lsrc=controlled|origins=shared_origin_v1:Hmax=720,joint-scaling,release,standard_hl_shared_origin_v1,jena_weather/H/short,chronos-2,chronos2,chronos-2,119.477664,119.477664,96,controlled,shared_origin_v1:Hmax=720,720,720,256,controlled,7344,8064,256,256,100,100,100,[],merged,2,1,4032,670747.2639028188,,100,,float32,native_horizon,96,1024,direct_quantiles,969.0586557539683,969.0586557539683,11.033389136904763,1.0386861396470715,1.8873896572885196,0.6629781571645585,13.526842582304315,31.129706965436863,0.18712708234442635,0.06632397535421844,0.05850359286535441,1.0386861396470715,1.1124114209687321,0.9337248072682877,-0.06857352306691242,0.05850359286535441,0.19834110075816852,0.29496454664071936,-1.220900110743535,Nature,21
jena_weather/H/short|H=96|L=512|Hsrc=controlled|Lsrc=controlled|origins=shared_origin_v1:Hmax=720,joint-scaling,release,standard_hl_shared_origin_v1,jena_weather/H/short,chronos-2,chronos2,chronos-2,119.477664,119.477664,96,controlled,shared_origin_v1:Hmax=720,720,720,512,controlled,7344,8064,512,512,100,100,100,[],merged,2,1,4032,670747.2639028188,,100,,float32,native_horizon,96,1024,direct_quantiles,736.6336185515873,736.6336185515873,10.357768709697421,1.0763616059172474,1.8195836185328549,0.6625992911202567,10.687567605298502,27.140995165092736,0.1631501139026771,0.06226268176555807,0.05267460013726019,1.0763616059172474,1.1124114209687321,0.9675930915738971,-0.03294364002589001,0.05267460013726019,0.19834110075816852,0.26557581830447125,-1.3258549110651494,Nature,21
jena_weather/H/short|H=96|L=1024|Hsrc=controlled|Lsrc=controlled|origins=shared_origin_v1:Hmax=720,joint-scaling,release,standard_hl_shared_origin_v1,jena_weather/H/short,chronos-2,chronos2,chronos-2,119.477664,119.477664,96,controlled,shared_origin_v1:Hmax=720,720,720,1024,controlled,7344,8064,1024,1024,100,100,100,[],merged,2,1,4032,670747.2639028188,,100,,float32,native_horizon,96,1024,direct_quantiles,790.6815476190476,790.6815476190476,10.021369086371529,0.9640120109810635,1.8037852860649546,0.6462018451993428,8.487265459857845,28.119060219343172,0.16902946445834202,0.060240514320017036,0.049736180503684814,0.9640120109810635,1.1124114209687321,0.8665966501328829,-0.14318163521243651,0.049736180503684814,0.19834110075816852,0.2507608373330885,-1.3832556334007013,Nature,21
jena_weather/H/short|H=96|L=2048|Hsrc=controlled|Lsrc=controlled|origins=shared_origin_v1:Hmax=720,joint-scaling,release,standard_hl_shared_origin_v1,jena_weather/H/short,chronos-2,chronos2,chronos-2,119.477664,119.477664,96,controlled,shared_origin_v1:Hmax=720,720,720,2048,controlled,7344,8064,2048,2048,100,100,100,[],merged,2,1,4032,670747.2639028188,,100,,float32,native_horizon,96,1024,direct_quantiles,728.2152157738095,728.2152157738095,9.925431508866568,1.022972698168762,1.9704181221676738,0.6541688707139757,8.606485183587193,26.985463045384446,0.16221517828622012,0.05966381377524069,0.049302286757567065,1.022972698168762,1.1124114209687321,0.9195992407898119,-0.08381731168086771,0.049302286757567065,0.19834110075816852,0.24857322344741797,-1.3920178150894706,Nature,21
jena_weather/H/short|H=96|L=4096|Hsrc=controlled|Lsrc=controlled|origins=shared_origin_v1:Hmax=720,joint-scaling,release,standard_hl_shared_origin_v1,jena_weather/H/short,chronos-2,chronos2,chronos-2,119.477664,119.477664,96,controlled,shared_origin_v1:Hmax=720,720,720,4096,controlled,7344,8064,4096,4096,100,100,100,[],merged,2,1,4032,670747.2639028188,,100,,float32,native_horizon,96,1024,direct_quantiles,846.6816716269841,846.6816716269841,10.423111204117063,1.005058535262114,2.0300273791540784,0.6524300953698536,8.883712565130525,29.097794961594325,0.17491284064655768,0.06265546896228404,0.050739541941050965,1.005058535262114,1.1124114209687321,0.9034953402284103,-0.10148432643032546,0.050739541941050965,0.19834110075816852,0.25581960444454827,-1.3632827530377587,Nature,21
jena_weather/H/short|H=96|L=6144|Hsrc=controlled|Lsrc=controlled|origins=shared_origin_v1:Hmax=720,joint-scaling-l6144,release,standard_hl_shared_origin_v1,jena_weather/H/short,chronos-2,chronos2,chronos-2,119.477664,119.477664,96,controlled,shared_origin_v1:Hmax=720,720,720,6144,controlled,7344,8064,6144,6144,100,100,100,[],merged,6,1,4032,670747.2639028188,,100,,float32,native_horizon,96,1024,direct_quantiles,893.0021081349206,893.0021081349206,10.62923855251736,0.9877710976313385,2.041932000566465,0.6511154174804688,8.392353311396844,29.883140867969697,0.1796337166976664,0.06389454292274138,0.05145158965912793,0.9877710976313385,1.1124114209687321,0.8879548330878769,-0.11883440092334402,0.05145158965912793,0.19834110075816852,0.2594096204087389,-1.3493469206296838,Nature,21
jena_weather/H/short|H=96|L=8192|Hsrc=controlled|Lsrc=controlled|origins=shared_origin_v1:Hmax=720,joint-scaling,release,standard_hl_shared_origin_v1,jena_weather/H/short,chronos-2,chronos2,chronos-2,119.477664,119.477664,96,controlled,shared_origin_v1:Hmax=720,720,720,8192,controlled,7344,8064,7344,8064,100,100,100,[],merged,2,1,4032,670747.2639028188,,100,,float32,native_horizon,96,1024,direct_quantiles,849.5399305555555,849.5399305555555,10.409830729166666,0.9756688409609552,2.014728834261707,0.6492352561345176,8.193507620784585,29.14686828040974,0.1752078304767248,0.06257563729112904,0.050712194838646536,0.9756688409609552,1.1124114209687321,0.8770755338985139,-0.13116216272634598,0.050712194838646536,0.19834110075816852,0.2556817252944382,-1.363821868560762,Nature,21
jena_weather/H/short|H=192|L=128|Hsrc=controlled|Lsrc=controlled|origins=shared_origin_v1:Hmax=720,joint-scaling,release,standard_hl_shared_origin_v1,jena_weather/H/short,chronos-2,chronos2,chronos-2,119.477664,119.477664,192,controlled,shared_origin_v1:Hmax=720,720,720,128,controlled,7344,8064,128,128,100,100,100,[],merged,2,1,8064,1349853.3219126405,,100,,float32,native_horizon,192,1024,direct_quantiles,1530.9253472222222,1530.9253472222222,13.142826140873016,1.1872774099562982,3.7890920614499772,0.6982725839766245,15.631678729323554,39.12704112531667,0.23374425540360558,0.07851501217171433,0.07617775174010018,1.1872774099562982,1.2442303483332282,0.954226370982492,-0.046854349536585446,0.07617775174010018,0.24899536052535107,0.305940446357611,-1.1843648157170061,Nature,21
jena_weather/H/short|H=192|L=256|Hsrc=controlled|Lsrc=controlled|origins=shared_origin_v1:Hmax=720,joint-scaling,release,standard_hl_shared_origin_v1,jena_weather/H/short,chronos-2,chronos2,chronos-2,119.477664,119.477664,192,controlled,shared_origin_v1:Hmax=720,720,720,256,controlled,7344,8064,256,256,100,100,100,[],merged,2,1,8064,1349853.3219126405,,100,,float32,native_horizon,192,1024,direct_quantiles,1532.8715277777778,1532.8715277777778,13.51994880797371,1.1468910791149252,3.5966245553957923,0.6971243600996714,15.017277562232099,39.15190324591868,0.23389278127473545,0.08076793635105478,0.07247415321821969,1.1468910791149252,1.2442303483332282,0.92176748513754,-0.08146227254680916,0.07247415321821969,0.24899536052535107,0.2910662795696583,-1.2342042729009322,Nature,21
jena_weather/H/short|H=192|L=512|Hsrc=controlled|Lsrc=controlled|origins=shared_origin_v1:Hmax=720,joint-scaling,release,standard_hl_shared_origin_v1,jena_weather/H/short,chronos-2,chronos2,chronos-2,119.477664,119.477664,192,controlled,shared_origin_v1:Hmax=720,720,720,512,controlled,7344,8064,512,512,100,100,100,[],merged,2,1,8064,1349853.3219126405,,100,,float32,native_horizon,192,1024,direct_quantiles,991.5391865079365,991.5391865079365,11.554350353422619,1.1060851584964098,3.322845029419555,0.679732186453683,11.816026839460097,31.488715224790237,0.1881130308387254,0.06902548576017065,0.05880386042776674,1.1060851584964098,1.2442303483332282,0.8889713709186745,-0.11769024767781226,0.05880386042776674,0.24899536052535107,0.23616448235701049,-1.4432267575798825,Nature,21
jena_weather/H/short|H=192|L=1024|Hsrc=controlled|Lsrc=controlled|origins=shared_origin_v1:Hmax=720,joint-scaling,release,standard_hl_shared_origin_v1,jena_weather/H/short,chronos-2,chronos2,chronos-2,119.477664,119.477664,192,controlled,shared_origin_v1:Hmax=720,720,720,1024,controlled,7344,8064,1024,1024,100,100,100,[],merged,2,1,8064,1349853.3219126405,,100,,float32,native_horizon,192,1024,direct_quantiles,1236.5285218253969,1236.5285218253969,12.148687453497024,1.069310401339945,3.3048802406538518,0.6797035459488158,9.80969968780102,35.16430749816349,0.2100709544229592,0.07257604514110327,0.05924864376913651,1.069310401339945,1.2442303483332282,0.8594151418765777,-0.1515031886708141,0.05924864376913651,0.24899536052535107,0.23795079411973302,-1.4356913740819313,Nature,21
jena_weather/H/short|H=192|L=2048|Hsrc=controlled|Lsrc=controlled|origins=shared_origin_v1:Hmax=720,joint-scaling,release,standard_hl_shared_origin_v1,jena_weather/H/short,chronos-2,chronos2,chronos-2,119.477664,119.477664,192,controlled,shared_origin_v1:Hmax=720,720,720,2048,controlled,7344,8064,2048,2048,100,100,100,[],merged,2,1,8064,1349853.3219126405,,100,,float32,native_horizon,192,1024,direct_quantiles,1153.2780257936508,1153.2780257936508,12.168387276785714,1.1478821572732165,3.706195252194642,0.6853509327721974,9.614268138961982,33.95994737619083,0.20287612824004744,0.0726937315388927,0.05884997485621103,1.1478821572732165,1.2442303483332282,0.922564024266825,-0.08059850247646319,0.05884997485621103,0.24899536052535107,0.23634968431558112,-1.4424428574087673,Nature,21
jena_weather/H/short|H=192|L=4096|Hsrc=controlled|Lsrc=controlled|origins=shared_origin_v1:Hmax=720,joint-scaling,release,standard_hl_shared_origin_v1,jena_weather/H/short,chronos-2,chronos2,chronos-2,119.477664,119.477664,192,controlled,shared_origin_v1:Hmax=720,720,720,4096,controlled,7344,8064,4096,4096,100,100,100,[],merged,2,1,8064,1349853.3219126405,,100,,float32,native_horizon,192,1024,direct_quantiles,1285.1121031746031,1285.1121031746031,12.5948486328125,1.109571919970565,3.742911459909944,0.679876963297526,10.155376406250035,35.84846026225678,0.21415807100080422,0.07524140417796672,0.060315406986379404,1.109571919970565,1.2442303483332282,0.8917737149370679,-0.11454286139103131,0.060315406986379404,0.24899536052535107,0.24223506357355798,-1.417846687187233,Nature,21
jena_weather/H/short|H=192|L=6144|Hsrc=controlled|Lsrc=controlled|origins=shared_origin_v1:Hmax=720,joint-scaling-l6144,release,standard_hl_shared_origin_v1,jena_weather/H/short,chronos-2,chronos2,chronos-2,119.477664,119.477664,192,controlled,shared_origin_v1:Hmax=720,720,720,6144,controlled,7344,8064,6144,6144,100,100,100,[],merged,6,1,8064,1349853.3219126405,,100,,float32,native_horizon,192,1024,direct_quantiles,1361.226314484127,1361.226314484127,12.836238800533234,1.0805755654758842,3.7084708926138945,0.6818562462216332,9.554474260730133,36.89480064296495,0.22040889002910807,0.07668346479366521,0.06118892040805916,1.0805755654758842,1.2442303483332282,0.8684690635648166,-0.14102331447102084,0.06118892040805916,0.24899536052535107,0.24574321496977974,-1.4034681298180862,Nature,21
jena_weather/H/short|H=192|L=8192|Hsrc=controlled|Lsrc=controlled|origins=shared_origin_v1:Hmax=720,joint-scaling,release,standard_hl_shared_origin_v1,jena_weather/H/short,chronos-2,chronos2,chronos-2,119.477664,119.477664,192,controlled,shared_origin_v1:Hmax=720,720,720,8192,controlled,7344,8064,7344,8064,100,100,100,[],merged,2,1,8064,1349853.3219126405,,100,,float32,native_horizon,192,1024,direct_quantiles,1304.655009920635,1304.655009920635,12.631810748387897,1.069651350271926,3.6632921286135915,0.6822808886331225,9.203130094529739,36.12000844297569,0.21578029505564786,0.07546221520621804,0.06040692173269561,1.069651350271926,1.2442303483332282,0.8596891658404183,-0.15118439013726231,0.06040692173269561,0.24899536052535107,0.24260259952331673,-1.416330567264481,Nature,21
jena_weather/H/short|H=336|L=128|Hsrc=controlled|Lsrc=controlled|origins=shared_origin_v1:Hmax=720,joint-scaling,release,standard_hl_shared_origin_v1,jena_weather/H/short,chronos-2,chronos2,chronos-2,119.477664,119.477664,336,controlled,shared_origin_v1:Hmax=720,720,720,128,controlled,7344,8064,128,128,100,100,100,[],merged,2,1,14112,2353072.8469861536,,100,,float32,native_horizon,336,1024,direct_quantiles,1492.1462585034014,1492.1462585034014,12.691780488236962,1.0978468152452672,2.8241734385820636,0.6835811554439484,14.939744701096766,38.62830902982166,0.2316641823167708,0.07611596320929963,0.07918699774782943,1.0978468152452672,1.1513268748449759,0.9535491954820305,-0.047564260640181606,0.07918699774782943,0.3039908079990565,0.2604914216619182,-1.3451853486114733,Nature,21
jena_weather/H/short|H=336|L=256|Hsrc=controlled|Lsrc=controlled|origins=shared_origin_v1:Hmax=720,joint-scaling,release,standard_hl_shared_origin_v1,jena_weather/H/short,chronos-2,chronos2,chronos-2,119.477664,119.477664,336,controlled,shared_origin_v1:Hmax=720,720,720,256,controlled,7344,8064,256,256,100,100,100,[],merged,2,1,14112,2353072.8469861536,,100,,float32,native_horizon,336,1024,direct_quantiles,1528.5048185941043,1528.5048185941043,13.139880952380953,1.0732923772903689,2.7571132163261773,0.6813609843351403,13.0524605194204,39.09609722969934,0.23446963183148897,0.07880334016751804,0.074606430116016,1.0732923772903689,1.1513268748449759,0.9322221175761973,-0.07018416911148799,0.074606430116016,0.3039908079990565,0.2454233093661423,-1.4047707660240298,Nature,21
jena_weather/H/short|H=336|L=512|Hsrc=controlled|Lsrc=controlled|origins=shared_origin_v1:Hmax=720,joint-scaling,release,standard_hl_shared_origin_v1,jena_weather/H/short,chronos-2,chronos2,chronos-2,119.477664,119.477664,336,controlled,shared_origin_v1:Hmax=720,720,720,512,controlled,7344,8064,512,512,100,100,100,[],merged,2,1,14112,2353072.8469861536,,100,,float32,native_horizon,336,1024,direct_quantiles,1065.3193027210884,1065.3193027210884,11.08820064484127,0.9750344313431272,2.6216385014499655,0.6473899374202806,10.202253870526517,32.63922950562848,0.19574608893786596,0.06649887091273753,0.05767364201695408,0.9750344313431272,1.1513268748449759,0.8468788948181322,-0.166197575877406,0.05767364201695408,0.3039908079990565,0.18972166427194434,-1.6621972057576777,Nature,21
jena_weather/H/short|H=336|L=1024|Hsrc=controlled|Lsrc=controlled|origins=shared_origin_v1:Hmax=720,joint-scaling,release,standard_hl_shared_origin_v1,jena_weather/H/short,chronos-2,chronos2,chronos-2,119.477664,119.477664,336,controlled,shared_origin_v1:Hmax=720,720,720,1024,controlled,7344,8064,1024,1024,100,100,100,[],merged,2,1,14112,2353072.8469861536,,100,,float32,native_horizon,336,1024,direct_quantiles,1193.781462585034,1193.781462585034,11.319160997732427,0.9499872884269538,2.5679598567888675,0.6536580126842404,8.790215893007325,34.55114271026407,0.20721233792304927,0.06788400121338868,0.056130834490168334,0.9499872884269538,1.1513268748449759,0.8251238715806646,-0.1922217565479418,0.056130834490168334,0.3039908079990565,0.18464648605540254,-1.6893121681630319,Nature,21
jena_weather/H/short|H=336|L=2048|Hsrc=controlled|Lsrc=controlled|origins=shared_origin_v1:Hmax=720,joint-scaling,release,standard_hl_shared_origin_v1,jena_weather/H/short,chronos-2,chronos2,chronos-2,119.477664,119.477664,336,controlled,shared_origin_v1:Hmax=720,720,720,2048,controlled,7344,8064,2048,2048,100,100,100,[],merged,2,1,14112,2353072.8469861536,,100,,float32,native_horizon,336,1024,direct_quantiles,1127.3849206349207,1127.3849206349207,11.44504012542517,1.0455597125898617,2.9732601768092106,0.6609505374415391,8.501497954634534,33.576553138089096,0.20136746658379232,0.06863893162375623,0.05575435936331646,1.0455597125898617,1.1513268748449759,0.9081345493048136,-0.09636272930496032,0.05575435936331646,0.3039908079990565,0.18340804358627025,-1.6960418619630062,Nature,21
jena_weather/H/short|H=336|L=4096|Hsrc=controlled|Lsrc=controlled|origins=shared_origin_v1:Hmax=720,joint-scaling,release,standard_hl_shared_origin_v1,jena_weather/H/short,chronos-2,chronos2,chronos-2,119.477664,119.477664,336,controlled,shared_origin_v1:Hmax=720,720,720,4096,controlled,7344,8064,4096,4096,100,100,100,[],merged,2,1,14112,2353072.8469861536,,100,,float32,native_horizon,336,1024,direct_quantiles,1271.6215986394557,1271.6215986394557,11.889803447420634,0.9962245718631478,3.084619749285838,0.6525121848869756,8.88489254443555,35.65980368200946,0.2138612708931058,0.07130629485819201,0.05708598610931699,0.9962245718631478,1.1513268748449759,0.8652838682301129,-0.14469765452240943,0.05708598610931699,0.3039908079990565,0.18778852717643416,-1.6724388047213996,Nature,21
jena_weather/H/short|H=336|L=6144|Hsrc=controlled|Lsrc=controlled|origins=shared_origin_v1:Hmax=720,joint-scaling-l6144,release,standard_hl_shared_origin_v1,jena_weather/H/short,chronos-2,chronos2,chronos-2,119.477664,119.477664,336,controlled,shared_origin_v1:Hmax=720,720,720,6144,controlled,7344,8064,6144,6144,100,100,100,[],merged,6,1,14112,2353072.8469861536,,100,,float32,native_horizon,336,1024,direct_quantiles,1345.4947562358277,1345.4947562358277,12.101512675382653,0.9635992907982782,3.099464987123442,0.6566591154691043,8.49875907387189,36.6809863040217,0.21998557307112568,0.07257597107277526,0.05808213925106922,0.9635992907982782,1.1513268748449759,0.8369467540901667,-0.17799482570117942,0.05808213925106922,0.3039908079990565,0.1910654458053531,-1.6551392614304279,Nature,21
jena_weather/H/short|H=336|L=8192|Hsrc=controlled|Lsrc=controlled|origins=shared_origin_v1:Hmax=720,joint-scaling,release,standard_hl_shared_origin_v1,jena_weather/H/short,chronos-2,chronos2,chronos-2,119.477664,119.477664,336,controlled,shared_origin_v1:Hmax=720,720,720,8192,controlled,7344,8064,7344,8064,100,100,100,[],merged,2,1,14112,2353072.8469861536,,100,,float32,native_horizon,336,1024,direct_quantiles,1296.6198979591836,1296.6198979591836,11.94765093537415,0.9601081088858087,3.0692328033024583,0.6591762966579862,8.263454841750232,36.008608664584415,0.21595314659529766,0.07165322153793573,0.05748947103874493,0.9601081088858087,1.1513268748449759,0.8339144424254715,-0.18162446890561684,0.05748947103874493,0.3039908079990565,0.18911582036692165,-1.6653956454373355,Nature,21
jena_weather/H/short|H=720|L=128|Hsrc=controlled|Lsrc=controlled|origins=shared_origin_v1:Hmax=720,joint-scaling,release,standard_hl_shared_origin_v1,jena_weather/H/short,chronos-2,chronos2,chronos-2,119.477664,119.477664,720,controlled,shared_origin_v1:Hmax=720,720,720,128,controlled,7344,8064,128,128,100,100,100,[],merged,2,1,30240,5022331.196592151,,100,,float32,native_horizon,720,1024,direct_quantiles,1502.0280423280424,1502.0280423280424,13.060471436838624,1.1760256683570414,2.4017263358682515,0.696622463004299,19.380914272315128,38.75600653225307,0.23335411219605912,0.07863851283204663,0.09533542226914336,1.1760256683570414,1.2677178475879953,0.9276714614333065,-0.07507763750676848,0.09533542226914336,0.4191434094146837,0.22745299133362326,-1.4808116934429187,Nature,21
jena_weather/H/short|H=720|L=256|Hsrc=controlled|Lsrc=controlled|origins=shared_origin_v1:Hmax=720,joint-scaling,release,standard_hl_shared_origin_v1,jena_weather/H/short,chronos-2,chronos2,chronos-2,119.477664,119.477664,720,controlled,shared_origin_v1:Hmax=720,720,720,256,controlled,7344,8064,256,256,100,100,100,[],merged,2,1,30240,5022331.196592151,,100,,float32,native_horizon,720,1024,direct_quantiles,1459.784656084656,1459.784656084656,13.142461350859788,1.18134875870592,2.3798747859589042,0.6968540090732473,16.137562654466283,38.20712834124878,0.23004925717032287,0.07913218298300807,0.08852420944974447,1.18134875870592,1.2677178475879953,0.9318704165549107,-0.07056151199444072,0.08852420944974447,0.4191434094146837,0.2112026754121336,-1.5549370595591778,Nature,21
jena_weather/H/short|H=720|L=512|Hsrc=controlled|Lsrc=controlled|origins=shared_origin_v1:Hmax=720,joint-scaling,release,standard_hl_shared_origin_v1,jena_weather/H/short,chronos-2,chronos2,chronos-2,119.477664,119.477664,720,controlled,shared_origin_v1:Hmax=720,720,720,512,controlled,7344,8064,512,512,100,100,100,[],merged,2,1,30240,5022331.196592151,,100,,float32,native_horizon,720,1024,direct_quantiles,1280.2878306878306,1280.2878306878306,11.722931134259259,1.0656881674004963,2.319885991639806,0.6709733589616402,10.430979697866702,35.78110997003629,0.2154419378451367,0.07058503782875632,0.06292244630774724,1.0656881674004963,1.2677178475879953,0.8406351377225715,-0.1735975565203283,0.06292244630774724,0.4191434094146837,0.15012152140389326,-1.8963101701817178,Nature,21
jena_weather/H/short|H=720|L=1024|Hsrc=controlled|Lsrc=controlled|origins=shared_origin_v1:Hmax=720,joint-scaling,release,standard_hl_shared_origin_v1,jena_weather/H/short,chronos-2,chronos2,chronos-2,119.477664,119.477664,720,controlled,shared_origin_v1:Hmax=720,720,720,1024,controlled,7344,8064,1024,1024,100,100,100,[],merged,2,1,30240,5022331.196592151,,100,,float32,native_horizon,720,1024,direct_quantiles,1281.0236772486774,1281.0236772486774,11.438898189484126,1.0224789557148148,2.147659397663175,0.673640304646164,9.132453341664922,35.79139110524593,0.2155038416735721,0.06887484471050317,0.057439358550448,1.0224789557148148,1.2677178475879953,0.8065508880073112,-0.2149882860642018,0.057439358550448,0.4191434094146837,0.1370398705079478,-1.9874833698882908,Nature,21
jena_weather/H/short|H=720|L=2048|Hsrc=controlled|Lsrc=controlled|origins=shared_origin_v1:Hmax=720,joint-scaling,release,standard_hl_shared_origin_v1,jena_weather/H/short,chronos-2,chronos2,chronos-2,119.477664,119.477664,720,controlled,shared_origin_v1:Hmax=720,720,720,2048,controlled,7344,8064,2048,2048,100,100,100,[],merged,2,1,30240,5022331.196592151,,100,,float32,native_horizon,720,1024,direct_quantiles,1230.8925925925926,1230.8925925925926,11.640495825066138,1.1249398133379918,2.4453390977538274,0.6824712844122024,8.36229544569051,35.084078904719625,0.2112450383197772,0.07008868590523294,0.056920924647358005,1.1249398133379918,1.2677178475879953,0.8873739653333287,-0.11948877860909168,0.056920924647358005,0.4191434094146837,0.13580298143503128,-1.9965501094959532,Nature,21
jena_weather/H/short|H=720|L=4096|Hsrc=controlled|Lsrc=controlled|origins=shared_origin_v1:Hmax=720,joint-scaling,release,standard_hl_shared_origin_v1,jena_weather/H/short,chronos-2,chronos2,chronos-2,119.477664,119.477664,720,controlled,shared_origin_v1:Hmax=720,720,720,4096,controlled,7344,8064,4096,4096,100,100,100,[],merged,2,1,30240,5022331.196592151,,100,,float32,native_horizon,720,1024,direct_quantiles,1366.1276455026455,1366.1276455026455,11.895769262566137,1.0581902353027033,2.4730361729452053,0.6725622106481481,8.76517448319746,36.96116401714975,0.22254717105017197,0.07162571491583224,0.05783187193435283,1.0581902353027033,1.2677178475879953,0.8347206259784489,-0.18065818978207432,0.05783187193435283,0.4191434094146837,0.13797633610680562,-1.9806730860157933,Nature,21
jena_weather/H/short|H=720|L=6144|Hsrc=controlled|Lsrc=controlled|origins=shared_origin_v1:Hmax=720,joint-scaling-l6144,release,standard_hl_shared_origin_v1,jena_weather/H/short,chronos-2,chronos2,chronos-2,119.477664,119.477664,720,controlled,shared_origin_v1:Hmax=720,720,720,6144,controlled,7344,8064,6144,6144,100,100,100,[],merged,6,1,30240,5022331.196592151,,100,,float32,native_horizon,720,1024,direct_quantiles,1440.2298941798942,1440.2298941798942,12.060900297619048,1.0074586750470702,2.512112994812651,0.6753556185929233,8.33822680072955,37.95036092292001,0.22850323273937123,0.07261998675982936,0.0585648258451519,1.0074586750470702,1.2677178475879953,0.7947026043404662,-0.22978731690476029,0.0585648258451519,0.4191434094146837,0.13972503093138275,-1.9680788524531112,Nature,21
jena_weather/H/short|H=720|L=8192|Hsrc=controlled|Lsrc=controlled|origins=shared_origin_v1:Hmax=720,joint-scaling,release,standard_hl_shared_origin_v1,jena_weather/H/short,chronos-2,chronos2,chronos-2,119.477664,119.477664,720,controlled,shared_origin_v1:Hmax=720,720,720,8192,controlled,7344,8064,7344,8064,100,100,100,[],merged,2,1,30240,5022331.196592151,,100,,float32,native_horizon,720,1024,direct_quantiles,1441.823544973545,1441.823544973545,12.078507357804233,1.0084400934213287,2.5280560661764704,0.6797291589161706,8.152702271705545,37.9713516347989,0.22862962008866597,0.07272600077586265,0.05857253255585911,1.0084400934213287,1.2677178475879953,0.7954767658592347,-0.22881363859596276,0.05857253255585911,0.4191434094146837,0.13974341774251733,-1.9679472682886134,Nature,21
kdd_cup_2018/H/short|H=48|L=128|Hsrc=controlled|Lsrc=controlled|origins=shared_origin_v1:Hmax=720,joint-scaling,release,standard_hl_shared_origin_v1,kdd_cup_2018/H/short,chronos-2,chronos2,chronos-2,119.477664,119.477664,48,controlled,shared_origin_v1:Hmax=720,720,720,128,controlled,8064,10200,128,128,100,100,100,[],merged,2,270,23531,1125444.1999045536,,100,,float32,native_horizon,48,1024,direct_quantiles,1529.701702674132,1529.701702674132,21.30927223081387,1.089125101666364,0.739880487932844,0.5536477546615701,7.413743725106806,39.11140118525712,0.817748566626703,0.4455382904863753,0.3416185262653659,1.089125101666364,1.478995375991201,0.7363952040326348,-0.3059883423649072,0.3416185262653659,0.5363321992970804,0.6369532291984199,-0.45105904965597576,Nature,1
kdd_cup_2018/H/short|H=48|L=256|Hsrc=controlled|Lsrc=controlled|origins=shared_origin_v1:Hmax=720,joint-scaling,release,standard_hl_shared_origin_v1,kdd_cup_2018/H/short,chronos-2,chronos2,chronos-2,119.477664,119.477664,48,controlled,shared_origin_v1:Hmax=720,720,720,256,controlled,8064,10200,256,256,100,100,100,[],merged,2,270,23531,1125444.1999045536,,100,,float32,native_horizon,48,1024,direct_quantiles,1638.9385265713315,1638.9385265713315,21.799972476467214,1.0984871642094676,0.7312496781665646,0.5436466452592209,6.9157156398063,40.48380573230896,0.8464430602314642,0.45579794394715817,0.34580098777406865,1.0984871642094676,1.478995375991201,0.7427252187812133,-0.29742912934113386,0.34580098777406865,0.5363321992970804,0.6447514958588672,-0.4388903141630917,Nature,1
kdd_cup_2018/H/short|H=48|L=512|Hsrc=controlled|Lsrc=controlled|origins=shared_origin_v1:Hmax=720,joint-scaling,release,standard_hl_shared_origin_v1,kdd_cup_2018/H/short,chronos-2,chronos2,chronos-2,119.477664,119.477664,48,controlled,shared_origin_v1:Hmax=720,720,720,512,controlled,8064,10200,512,512,100,100,100,[],merged,2,270,23531,1125444.1999045536,,100,,float32,native_horizon,48,1024,direct_quantiles,1708.5923728273342,1708.5923728273342,22.308847072744463,1.1168165078811974,0.7301350486449112,0.5562140831281241,7.6651282249398855,41.335122750843915,0.8642425573232302,0.46643759016508307,0.351819216806428,1.1168165078811974,1.478995375991201,0.755118322890444,-0.2808808229520706,0.351819216806428,0.5363321992970804,0.655972580552732,-0.4216362888495147,Nature,1
kdd_cup_2018/H/short|H=48|L=1024|Hsrc=controlled|Lsrc=controlled|origins=shared_origin_v1:Hmax=720,joint-scaling,release,standard_hl_shared_origin_v1,kdd_cup_2018/H/short,chronos-2,chronos2,chronos-2,119.477664,119.477664,48,controlled,shared_origin_v1:Hmax=720,720,720,1024,controlled,8064,10200,1024,1024,100,100,100,[],merged,2,270,23531,1125444.1999045536,,100,,float32,native_horizon,48,1024,direct_quantiles,2025.9419475904126,2025.9419475904126,24.117845022755887,1.175604841538182,0.7490248871580567,0.5939916764968951,7.1940694732146175,45.01046486752178,0.941087304805941,0.5042604611393426,0.38019753354902985,1.175604841538182,1.478995375991201,0.7948671514610443,-0.2295802833718622,0.38019753354902985,0.5363321992970804,0.7088844079235194,-0.344062801110522,Nature,1
kdd_cup_2018/H/short|H=48|L=2048|Hsrc=controlled|Lsrc=controlled|origins=shared_origin_v1:Hmax=720,joint-scaling,release,standard_hl_shared_origin_v1,kdd_cup_2018/H/short,chronos-2,chronos2,chronos-2,119.477664,119.477664,48,controlled,shared_origin_v1:Hmax=720,720,720,2048,controlled,8064,10200,2048,2048,100,100,100,[],merged,2,270,23531,1125444.1999045536,,100,,float32,native_horizon,48,1024,direct_quantiles,2061.285819105648,2061.285819105648,24.221568402287144,1.1680474595106263,0.7429499497782183,0.5935952657241046,7.262203514073149,45.40138565182398,0.9492607504340718,0.506429129158563,0.38326071330645295,1.1680474595106263,1.478995375991201,0.7897573437157084,-0.2360295405578535,0.38326071330645295,0.5363321992970804,0.7145957557811302,-0.33603827270359404,Nature,1
kdd_cup_2018/H/short|H=48|L=4096|Hsrc=controlled|Lsrc=controlled|origins=shared_origin_v1:Hmax=720,joint-scaling,release,standard_hl_shared_origin_v1,kdd_cup_2018/H/short,chronos-2,chronos2,chronos-2,119.477664,119.477664,48,controlled,shared_origin_v1:Hmax=720,720,720,4096,controlled,8064,10200,4096,4096,100,100,100,[],merged,2,270,23531,1125444.1999045536,,100,,float32,native_horizon,48,1024,direct_quantiles,2044.9051796035017,2044.9051796035017,24.04040829783052,1.16240024817496,0.7389677036021318,0.5823598713117139,7.496194313178168,45.22062781080667,0.945481431337364,0.5026413994618527,0.38060924328842344,1.16240024817496,1.478995375991201,0.7859390685355838,-0.2408760105049288,0.38060924328842344,0.5363321992970804,0.7096520473453799,-0.34298050323380314,Nature,1
kdd_cup_2018/H/short|H=48|L=6144|Hsrc=controlled|Lsrc=controlled|origins=shared_origin_v1:Hmax=720,joint-scaling-l6144,release,standard_hl_shared_origin_v1,kdd_cup_2018/H/short,chronos-2,chronos2,chronos-2,119.477664,119.477664,48,controlled,shared_origin_v1:Hmax=720,720,720,6144,controlled,8064,10200,6144,6144,100,100,100,[],merged,6,270,23531,1125444.1999045536,,100,,float32,native_horizon,48,1024,direct_quantiles,2057.068768326888,2057.068768326888,24.326150999944222,1.158741611746673,0.7913431133178841,0.5770296302118748,7.200444947461994,45.35492000132828,0.9482892378331742,0.5086157618727193,0.38152042627071947,1.158741611746673,1.478995375991201,0.7834653377263613,-0.24402845846289112,0.38152042627071947,0.5363321992970804,0.7113509626510248,-0.34058935261248835,Nature,1
kdd_cup_2018/H/short|H=48|L=8192|Hsrc=controlled|Lsrc=controlled|origins=shared_origin_v1:Hmax=720,joint-scaling,release,standard_hl_shared_origin_v1,kdd_cup_2018/H/short,chronos-2,chronos2,chronos-2,119.477664,119.477664,48,controlled,shared_origin_v1:Hmax=720,720,720,8192,controlled,8064,10200,8064,8192,100,100,100,[],merged,2,270,23531,1125444.1999045536,,100,,float32,native_horizon,48,1024,direct_quantiles,2015.1049327217288,2015.1049327217288,23.790110527402682,1.154080720261061,0.73598279646851,0.569493750639117,7.871174666752106,44.88992016835994,0.9385669334572613,0.497408126380489,0.37544983025456874,1.154080720261061,1.478995375991201,0.780313947558905,-0.2480589434082451,0.37544983025456874,0.5363321992970804,0.7000322388747778,-0.35662888946385907,Nature,1
kdd_cup_2018/H/short|H=96|L=128|Hsrc=controlled|Lsrc=controlled|origins=shared_origin_v1:Hmax=720,joint-scaling,release,standard_hl_shared_origin_v1,kdd_cup_2018/H/short,chronos-2,chronos2,chronos-2,119.477664,119.477664,96,controlled,shared_origin_v1:Hmax=720,720,720,128,controlled,8064,10200,128,128,100,100,100,[],merged,2,270,46102,1926428.5999522582,,100,,float32,native_horizon,96,1024,direct_quantiles,1525.030237977745,1525.030237977745,20.032505453261248,0.9158634324991944,0.8343929283786512,0.5405235507318521,6.845605084314135,39.051635535246724,0.9345576064903531,0.47940451383930743,0.372694864617834,0.9158634324991944,1.278123908838329,0.7165685784969091,-0.33328132310932523,0.372694864617834,0.6076938681984665,0.6132937719491942,-0.488911221384324,Nature,1
kdd_cup_2018/H/short|H=96|L=256|Hsrc=controlled|Lsrc=controlled|origins=shared_origin_v1:Hmax=720,joint-scaling,release,standard_hl_shared_origin_v1,kdd_cup_2018/H/short,chronos-2,chronos2,chronos-2,119.477664,119.477664,96,controlled,shared_origin_v1:Hmax=720,720,720,256,controlled,8064,10200,256,256,100,100,100,[],merged,2,270,46102,1926428.5999522582,,100,,float32,native_horizon,96,1024,direct_quantiles,1794.974742147846,1794.974742147846,21.515532876658007,0.9582749797896966,0.9119835894550842,0.56533400812075,6.682206957512694,42.36714224664966,1.013902094219037,0.5148953336263121,0.4011424932885074,0.9582749797896966,1.278123908838329,0.7497512355125732,-0.288013813454979,0.4011424932885074,0.6076938681984665,0.6601062052472421,-0.4153545398661483,Nature,1
kdd_cup_2018/H/short|H=96|L=512|Hsrc=controlled|Lsrc=controlled|origins=shared_origin_v1:Hmax=720,joint-scaling,release,standard_hl_shared_origin_v1,kdd_cup_2018/H/short,chronos-2,chronos2,chronos-2,119.477664,119.477664,96,controlled,shared_origin_v1:Hmax=720,720,720,512,controlled,8064,10200,512,512,100,100,100,[],merged,2,270,46102,1926428.5999522582,,100,,float32,native_horizon,96,1024,direct_quantiles,1771.376563787905,1771.376563787905,20.75822920507787,0.926888659362258,0.7994739462663069,0.5397005286797397,7.052099049483991,42.08772462117553,1.0072152586052348,0.4967720489802824,0.3919206788941906,0.926888659362258,1.278123908838329,0.7251946802283791,-0.3213151357207638,0.3919206788941906,0.6076938681984665,0.6449311066048035,-0.43861177935653634,Nature,1
kdd_cup_2018/H/short|H=96|L=1024|Hsrc=controlled|Lsrc=controlled|origins=shared_origin_v1:Hmax=720,joint-scaling,release,standard_hl_shared_origin_v1,kdd_cup_2018/H/short,chronos-2,chronos2,chronos-2,119.477664,119.477664,96,controlled,shared_origin_v1:Hmax=720,720,720,1024,controlled,8064,10200,1024,1024,100,100,100,[],merged,2,270,46102,1926428.5999522582,,100,,float32,native_horizon,96,1024,direct_quantiles,1963.159416551885,1963.159416551885,21.90961463083896,0.9605317911005562,0.8148391351040513,0.5642497298629686,6.529952440655881,44.30755484736079,1.0603387499664663,0.5243262344298512,0.40660679202257816,0.9605317911005562,1.278123908838329,0.7515169573610212,-0.28566150535836227,0.40660679202257816,0.6076938681984665,0.6690980661496235,-0.40182464342378144,Nature,1
kdd_cup_2018/H/short|H=96|L=2048|Hsrc=controlled|Lsrc=controlled|origins=shared_origin_v1:Hmax=720,joint-scaling,release,standard_hl_shared_origin_v1,kdd_cup_2018/H/short,chronos-2,chronos2,chronos-2,119.477664,119.477664,96,controlled,shared_origin_v1:Hmax=720,720,720,2048,controlled,8064,10200,2048,2048,100,100,100,[],merged,2,270,46102,1926428.5999522582,,100,,float32,native_horizon,96,1024,direct_quantiles,1987.4888480976965,1987.4888480976965,22.063830016186934,0.9653174846645294,0.8348397286247271,0.5694137559341074,6.4078981130503765,44.581261176616536,1.0668889066614307,0.5280168138240153,0.40718906384261855,0.9653174846645294,1.278123908838329,0.7552612684805299,-0.2806915386273494,0.40718906384261855,0.6076938681984665,0.6700562325069155,-0.4003936410041772,Nature,1
kdd_cup_2018/H/short|H=96|L=4096|Hsrc=controlled|Lsrc=controlled|origins=shared_origin_v1:Hmax=720,joint-scaling,release,standard_hl_shared_origin_v1,kdd_cup_2018/H/short,chronos-2,chronos2,chronos-2,119.477664,119.477664,96,controlled,shared_origin_v1:Hmax=720,720,720,4096,controlled,8064,10200,4096,4096,100,100,100,[],merged,2,270,46102,1926428.5999522582,,100,,float32,native_horizon,96,1024,direct_quantiles,1879.9131687616589,1879.9131687616589,21.81925760406273,0.9756101276129142,0.9076107648898999,0.5709783699625118,6.593731408798495,43.357965459205516,1.0376138122377492,0.5221638705360941,0.40452448055884505,0.9756101276129142,1.278123908838329,0.763314198933681,-0.27008553831524923,0.40452448055884505,0.6076938681984665,0.6656714864641872,-0.4069589937035278,Nature,1
kdd_cup_2018/H/short|H=96|L=6144|Hsrc=controlled|Lsrc=controlled|origins=shared_origin_v1:Hmax=720,joint-scaling-l6144,release,standard_hl_shared_origin_v1,kdd_cup_2018/H/short,chronos-2,chronos2,chronos-2,119.477664,119.477664,96,controlled,shared_origin_v1:Hmax=720,720,720,6144,controlled,8064,10200,6144,6144,100,100,100,[],merged,6,270,46102,1926428.5999522582,,100,,float32,native_horizon,96,1024,direct_quantiles,1975.0790095874365,1975.0790095874365,23.38242998371817,1.017367862673475,1.055251120651232,0.59562513048512,6.549343180185608,44.44186100499659,1.0635528750471877,0.5595726657796142,0.4264478985467787,1.017367862673475,1.278123908838329,0.7959853153816269,-0.2281745413209523,0.4264478985467787,0.6076938681984665,0.7017479044358322,-0.35418104994220667,Nature,1
kdd_cup_2018/H/short|H=96|L=8192|Hsrc=controlled|Lsrc=controlled|origins=shared_origin_v1:Hmax=720,joint-scaling,release,standard_hl_shared_origin_v1,kdd_cup_2018/H/short,chronos-2,chronos2,chronos-2,119.477664,119.477664,96,controlled,shared_origin_v1:Hmax=720,720,720,8192,controlled,8064,10200,8064,8192,100,100,100,[],merged,2,270,46102,1926428.5999522582,,100,,float32,native_horizon,96,1024,direct_quantiles,1836.5142537200122,1836.5142537200122,21.899607566001745,0.9937520190241187,0.973875528356497,0.5765415162027779,6.715769023516527,42.854570978135015,1.025566912411362,0.524086752051352,0.4039786728922228,0.9937520190241187,1.278123908838329,0.7775083559209276,-0.251660887821318,0.4039786728922228,0.6076938681984665,0.6647733242559024,-0.40830916221482605,Nature,1
kdd_cup_2018/H/short|H=192|L=128|Hsrc=controlled|Lsrc=controlled|origins=shared_origin_v1:Hmax=720,joint-scaling,release,standard_hl_shared_origin_v1,kdd_cup_2018/H/short,chronos-2,chronos2,chronos-2,119.477664,119.477664,192,controlled,shared_origin_v1:Hmax=720,720,720,128,controlled,8064,10200,128,128,100,100,100,[],merged,2,270,91920,3382365.100021012,,100,,float32,native_horizon,192,1024,direct_quantiles,1061.9800669060053,1061.9800669060053,17.8593550267896,0.8473685496706427,0.9006657455786202,0.5527287834306921,6.557822549492277,32.588035640492436,0.8856206079158799,0.48535029942577806,0.3789489532516838,0.8473685496706427,1.1902104596437932,0.7119484985237347,-0.33974970372043806,0.3789489532516838,0.713423030713114,0.5311700589100677,-0.632673047412117,Nature,1
kdd_cup_2018/H/short|H=192|L=256|Hsrc=controlled|Lsrc=controlled|origins=shared_origin_v1:Hmax=720,joint-scaling,release,standard_hl_shared_origin_v1,kdd_cup_2018/H/short,chronos-2,chronos2,chronos-2,119.477664,119.477664,192,controlled,shared_origin_v1:Hmax=720,720,720,256,controlled,8064,10200,256,256,100,100,100,[],merged,2,270,91920,3382365.100021012,,100,,float32,native_horizon,192,1024,direct_quantiles,1175.6269983409486,1175.6269983409486,18.397159703240593,0.8655736101386583,0.9486306319315928,0.5640758026362088,6.084129854121591,34.2874174930243,0.9318034342121182,0.49996581383581856,0.3889555215707503,0.8655736101386583,1.1902104596437932,0.7272441635218931,-0.3184930070472207,0.3889555215707503,0.713423030713114,0.5451961947204919,-0.60660955878703,Nature,1
kdd_cup_2018/H/short|H=192|L=512|Hsrc=controlled|Lsrc=controlled|origins=shared_origin_v1:Hmax=720,joint-scaling,release,standard_hl_shared_origin_v1,kdd_cup_2018/H/short,chronos-2,chronos2,chronos-2,119.477664,119.477664,192,controlled,shared_origin_v1:Hmax=720,720,720,512,controlled,8064,10200,512,512,100,100,100,[],merged,2,270,91920,3382365.100021012,,100,,float32,native_horizon,192,1024,direct_quantiles,1169.539045501523,1169.539045501523,17.944187370811576,0.842053953989157,0.8695893138807355,0.5495903194417531,6.3516002920478485,34.19852402519037,0.9293876430950553,0.4876557244263055,0.38403247188570205,0.842053953989157,1.1902104596437932,0.7074832414438429,-0.34604133675045495,0.38403247188570205,0.713423030713114,0.5382955909088553,-0.6193474442181267,Nature,1
kdd_cup_2018/H/short|H=192|L=1024|Hsrc=controlled|Lsrc=controlled|origins=shared_origin_v1:Hmax=720,joint-scaling,release,standard_hl_shared_origin_v1,kdd_cup_2018/H/short,chronos-2,chronos2,chronos-2,119.477664,119.477664,192,controlled,shared_origin_v1:Hmax=720,720,720,1024,controlled,8064,10200,1024,1024,100,100,100,[],merged,2,270,91920,3382365.100021012,,100,,float32,native_horizon,192,1024,direct_quantiles,1276.0806836107486,1276.0806836107486,18.5328757555823,0.8466381125375607,0.8661817917961774,0.5559807361572903,5.942283485060824,35.722271534866714,0.9707973865578704,0.5036540672213482,0.3910146103237091,0.8466381125375607,1.1902104596437932,0.7113347943446431,-0.3406120818853484,0.3910146103237091,0.713423030713114,0.5480824048150841,-0.6013296295889672,Nature,1
kdd_cup_2018/H/short|H=192|L=2048|Hsrc=controlled|Lsrc=controlled|origins=shared_origin_v1:Hmax=720,joint-scaling,release,standard_hl_shared_origin_v1,kdd_cup_2018/H/short,chronos-2,chronos2,chronos-2,119.477664,119.477664,192,controlled,shared_origin_v1:Hmax=720,720,720,2048,controlled,8064,10200,2048,2048,100,100,100,[],merged,2,270,91920,3382365.100021012,,100,,float32,native_horizon,192,1024,direct_quantiles,1344.6554673901219,1344.6554673901219,19.450196332408616,0.885254422630236,0.9494419191929261,0.5824772130104643,5.901257155185564,36.66954413938251,0.9965407038025259,0.5285834006695177,0.40589405921829247,0.885254422630236,1.1902104596437932,0.7437797369846467,-0.29601034042121105,0.40589405921829247,0.713423030713114,0.5689388227522936,-0.5639823677674815,Nature,1
kdd_cup_2018/H/short|H=192|L=4096|Hsrc=controlled|Lsrc=controlled|origins=shared_origin_v1:Hmax=720,joint-scaling,release,standard_hl_shared_origin_v1,kdd_cup_2018/H/short,chronos-2,chronos2,chronos-2,119.477664,119.477664,192,controlled,shared_origin_v1:Hmax=720,720,720,4096,controlled,8064,10200,4096,4096,100,100,100,[],merged,2,270,91920,3382365.100021012,,100,,float32,native_horizon,192,1024,direct_quantiles,1324.9899484606178,1324.9899484606178,19.877815308998315,0.918908458949438,1.0724934911017874,0.5940938313802083,5.916985721338021,36.400411377628934,0.98922668455007,0.5402044809390252,0.4145364130844046,0.918908458949438,1.1902104596437932,0.7720554390224812,-0.25869891933044736,0.4145364130844046,0.713423030713114,0.5810527488439051,-0.5429137365028198,Nature,1
kdd_cup_2018/H/short|H=192|L=6144|Hsrc=controlled|Lsrc=controlled|origins=shared_origin_v1:Hmax=720,joint-scaling-l6144,release,standard_hl_shared_origin_v1,kdd_cup_2018/H/short,chronos-2,chronos2,chronos-2,119.477664,119.477664,192,controlled,shared_origin_v1:Hmax=720,720,720,6144,controlled,8064,10200,6144,6144,100,100,100,[],merged,6,270,91920,3382365.100021012,,100,,float32,native_horizon,192,1024,direct_quantiles,1421.0264346714534,1421.0264346714534,21.018602155746844,0.9430430035282081,1.1907930248500858,0.6029806085624728,5.948386609417551,37.69650427654338,1.0244496293668421,0.5712067896349355,0.4369952020064312,0.9430430035282081,1.1902104596437932,0.7923329826982385,-0.23277354282497806,0.4369952020064312,0.713423030713114,0.6125330739177642,-0.49015233978802264,Nature,1
kdd_cup_2018/H/short|H=192|L=8192|Hsrc=controlled|Lsrc=controlled|origins=shared_origin_v1:Hmax=720,joint-scaling,release,standard_hl_shared_origin_v1,kdd_cup_2018/H/short,chronos-2,chronos2,chronos-2,119.477664,119.477664,192,controlled,shared_origin_v1:Hmax=720,720,720,8192,controlled,8064,10200,8064,8192,100,100,100,[],merged,2,270,91920,3382365.100021012,,100,,float32,native_horizon,192,1024,direct_quantiles,1360.0302749673629,1360.0302749673629,20.48438466788376,0.9464554460169814,1.149693601512334,0.6074940415026313,5.963491434041486,36.87858829954534,1.0022217401879971,0.556688761559235,0.42329850712014305,0.9464554460169814,1.1902104596437932,0.795200074363518,-0.22916153012428667,0.42329850712014305,0.713423030713114,0.5933345138816558,-0.5219969346779114,Nature,1
kdd_cup_2018/H/short|H=336|L=128|Hsrc=controlled|Lsrc=controlled|origins=shared_origin_v1:Hmax=720,joint-scaling,release,standard_hl_shared_origin_v1,kdd_cup_2018/H/short,chronos-2,chronos2,chronos-2,119.477664,119.477664,336,controlled,shared_origin_v1:Hmax=720,720,720,128,controlled,8064,10200,128,128,100,100,100,[],merged,2,270,160686,6279566.400042564,,100,,float32,native_horizon,336,1024,direct_quantiles,1386.0527017755126,1386.0527017755126,20.017793267031664,0.9250225578785937,0.9824750723295655,0.58640274008538,6.840474069563073,37.22972873626012,0.9526607110443398,0.5122294954767016,0.39739464856327555,0.9250225578785937,1.2954560131853796,0.7140516918085609,-0.3367999217721429,0.39739464856327555,0.783824851835104,0.5069941934513668,-0.6792557282151827,Nature,1
kdd_cup_2018/H/short|H=336|L=256|Hsrc=controlled|Lsrc=controlled|origins=shared_origin_v1:Hmax=720,joint-scaling,release,standard_hl_shared_origin_v1,kdd_cup_2018/H/short,chronos-2,chronos2,chronos-2,119.477664,119.477664,336,controlled,shared_origin_v1:Hmax=720,720,720,256,controlled,8064,10200,256,256,100,100,100,[],merged,2,270,160686,6279566.400042564,,100,,float32,native_horizon,336,1024,direct_quantiles,1481.1827920602916,1481.1827920602916,20.282829239751752,0.9291834938925798,0.9997107242742188,0.5845806405330116,6.389996567679721,38.486137660985044,0.984810593952972,0.5190114239729449,0.4002689948302861,0.9291834938925798,1.2954560131853796,0.71726363877676,-0.3323118089277895,0.4002689948302861,0.783824851835104,0.510661270682053,-0.6720487839550411,Nature,1
kdd_cup_2018/H/short|H=336|L=512|Hsrc=controlled|Lsrc=controlled|origins=shared_origin_v1:Hmax=720,joint-scaling,release,standard_hl_shared_origin_v1,kdd_cup_2018/H/short,chronos-2,chronos2,chronos-2,119.477664,119.477664,336,controlled,shared_origin_v1:Hmax=720,720,720,512,controlled,8064,10200,512,512,100,100,100,[],merged,2,270,160686,6279566.400042564,,100,,float32,native_horizon,336,1024,direct_quantiles,1642.9736714772912,1642.9736714772912,21.134511222586287,0.9546147185667548,1.0104303301469941,0.6060214196439893,6.632064319722454,40.53361162636869,1.037202810332658,0.5408048667642851,0.4171346624980914,0.9546147185667548,1.2954560131853796,0.7368947373361334,-0.3053102228602333,0.4171346624980914,0.783824851835104,0.5321784088900584,-0.6307764908029303,Nature,1
kdd_cup_2018/H/short|H=336|L=1024|Hsrc=controlled|Lsrc=controlled|origins=shared_origin_v1:Hmax=720,joint-scaling,release,standard_hl_shared_origin_v1,kdd_cup_2018/H/short,chronos-2,chronos2,chronos-2,119.477664,119.477664,336,controlled,shared_origin_v1:Hmax=720,720,720,1024,controlled,8064,10200,1024,1024,100,100,100,[],merged,2,270,160686,6279566.400042564,,100,,float32,native_horizon,336,1024,direct_quantiles,1744.6888629065381,1744.6888629065381,21.42052908603581,0.9512606036769866,0.9746460221349912,0.6053553560192219,6.367168466475354,41.769472858853966,1.0688269043149723,0.5481236947658392,0.420061233099293,0.9512606036769866,1.2954560131853796,0.7343055989511713,-0.3088299896712075,0.420061233099293,0.783824851835104,0.5359121136767206,-0.6237850983764403,Nature,1
kdd_cup_2018/H/short|H=336|L=2048|Hsrc=controlled|Lsrc=controlled|origins=shared_origin_v1:Hmax=720,joint-scaling,release,standard_hl_shared_origin_v1,kdd_cup_2018/H/short,chronos-2,chronos2,chronos-2,119.477664,119.477664,336,controlled,shared_origin_v1:Hmax=720,720,720,2048,controlled,8064,10200,2048,2048,100,100,100,[],merged,2,270,160686,6279566.400042564,,100,,float32,native_horizon,336,1024,direct_quantiles,1829.9869652614416,1829.9869652614416,22.253915354032866,0.9837681154428201,1.0395829292913417,0.6266307234222529,6.327041049702787,42.77834692062611,1.0946426895400192,0.569448973826264,0.43439484409845397,0.9837681154428201,1.2954560131853796,0.7593990883749466,-0.27522783163953196,0.43439484409845397,0.783824851835104,0.5541988660878019,-0.5902316925896324,Nature,1
kdd_cup_2018/H/short|H=336|L=4096|Hsrc=controlled|Lsrc=controlled|origins=shared_origin_v1:Hmax=720,joint-scaling,release,standard_hl_shared_origin_v1,kdd_cup_2018/H/short,chronos-2,chronos2,chronos-2,119.477664,119.477664,336,controlled,shared_origin_v1:Hmax=720,720,720,4096,controlled,8064,10200,4096,4096,100,100,100,[],merged,2,270,160686,6279566.400042564,,100,,float32,native_horizon,336,1024,direct_quantiles,1812.1244181198113,1812.1244181198113,22.409311458955663,0.9959449630009947,1.1120081915742954,0.6284958620165065,6.315174975172974,42.569054700801274,1.0892871717395312,0.5734253596027494,0.4372932222689526,0.9959449630009947,1.2954560131853796,0.7687987495245623,-0.26292604785630236,0.4372932222689526,0.783824851835104,0.5578966031061077,-0.5835816328638211,Nature,1
kdd_cup_2018/H/short|H=336|L=6144|Hsrc=controlled|Lsrc=controlled|origins=shared_origin_v1:Hmax=720,joint-scaling-l6144,release,standard_hl_shared_origin_v1,kdd_cup_2018/H/short,chronos-2,chronos2,chronos-2,119.477664,119.477664,336,controlled,shared_origin_v1:Hmax=720,720,720,6144,controlled,8064,10200,6144,6144,100,100,100,[],merged,6,270,160686,6279566.400042564,,100,,float32,native_horizon,336,1024,direct_quantiles,1856.5641771840733,1856.5641771840733,22.718499705948247,0.9964014885086094,1.1682916789685944,0.6217979815836476,6.358334601324316,43.0878657766206,1.1025628776112837,0.581337087816327,0.4442863259071054,0.9964014885086094,1.2954560131853796,0.7691511547802932,-0.26246776860947885,0.4442863259071054,0.783824851835104,0.566818371306976,-0.5677163593638227,Nature,1
kdd_cup_2018/H/short|H=336|L=8192|Hsrc=controlled|Lsrc=controlled|origins=shared_origin_v1:Hmax=720,joint-scaling,release,standard_hl_shared_origin_v1,kdd_cup_2018/H/short,chronos-2,chronos2,chronos-2,119.477664,119.477664,336,controlled,shared_origin_v1:Hmax=720,720,720,8192,controlled,8064,10200,8064,8192,100,100,100,[],merged,2,270,160686,6279566.400042564,,100,,float32,native_horizon,336,1024,direct_quantiles,1860.3217731320713,1860.3217731320713,22.87956121770487,1.0143389876092708,1.1749997648504984,0.6372812324604548,6.292298005737734,43.13144761229411,1.1036780805410569,0.5854584440421245,0.4435506299335666,1.0143389876092708,1.2954560131853796,0.7829976296262858,-0.24462561029312463,0.4435506299335666,0.783824851835104,0.5658797738998941,-0.5693736369463464,Nature,1
kdd_cup_2018/H/short|H=720|L=128|Hsrc=controlled|Lsrc=controlled|origins=shared_origin_v1:Hmax=720,joint-scaling,release,standard_hl_shared_origin_v1,kdd_cup_2018/H/short,chronos-2,chronos2,chronos-2,119.477664,119.477664,720,controlled,shared_origin_v1:Hmax=720,720,720,128,controlled,8064,10200,128,128,100,100,100,[],merged,2,270,341362,14548303.999882698,,100,,float32,native_horizon,720,1024,direct_quantiles,3836.5285166480157,3836.5285166480157,22.79162894247895,1.0016806082705318,0.9343094483867455,0.6039034355619913,157.8706802693022,61.939716795025916,1.4533560478770664,0.5347837135603731,0.7130820789928314,1.0016806082705318,1.3355336656461645,0.7500227317638555,-0.287651763892616,0.7130820789928314,0.9362833367919572,0.7616092810495876,-0.2723216093271487,Nature,1
kdd_cup_2018/H/short|H=720|L=256|Hsrc=controlled|Lsrc=controlled|origins=shared_origin_v1:Hmax=720,joint-scaling,release,standard_hl_shared_origin_v1,kdd_cup_2018/H/short,chronos-2,chronos2,chronos-2,119.477664,119.477664,720,controlled,shared_origin_v1:Hmax=720,720,720,256,controlled,8064,10200,256,256,100,100,100,[],merged,2,270,341362,14548303.999882698,,100,,float32,native_horizon,720,1024,direct_quantiles,3841.3380809814803,3841.3380809814803,22.77899764857395,0.9920389998681554,0.9660356748607692,0.5877820203916132,146.96160273736453,61.978529193435044,1.454266743580555,0.5344873323636348,0.6883871345949311,0.9920389998681554,1.3355336656461645,0.7428034390942756,-0.2973238196081713,0.6883871345949311,0.9362833367919572,0.7352337775801847,-0.30756676560621987,Nature,1
kdd_cup_2018/H/short|H=720|L=512|Hsrc=controlled|Lsrc=controlled|origins=shared_origin_v1:Hmax=720,joint-scaling,release,standard_hl_shared_origin_v1,kdd_cup_2018/H/short,chronos-2,chronos2,chronos-2,119.477664,119.477664,720,controlled,shared_origin_v1:Hmax=720,720,720,512,controlled,8064,10200,512,512,100,100,100,[],merged,2,270,341362,14548303.999882698,,100,,float32,native_horizon,720,1024,direct_quantiles,3977.2575019334313,3977.2575019334313,23.261727309461804,1.0018192789957832,0.9690058546651517,0.594701896116467,85.08973030988385,63.06550167828233,1.4797715104162927,0.5458141208677331,0.5983509354771146,1.0018192789957832,1.3355336656461645,0.7501265634596175,-0.2875133354091865,0.5983509354771146,0.9362833367919572,0.6390703668050739,-0.4477407104716521,Nature,1
kdd_cup_2018/H/short|H=720|L=1024|Hsrc=controlled|Lsrc=controlled|origins=shared_origin_v1:Hmax=720,joint-scaling,release,standard_hl_shared_origin_v1,kdd_cup_2018/H/short,chronos-2,chronos2,chronos-2,119.477664,119.477664,720,controlled,shared_origin_v1:Hmax=720,720,720,1024,controlled,8064,10200,1024,1024,100,100,100,[],merged,2,270,341362,14548303.999882698,,100,,float32,native_horizon,720,1024,direct_quantiles,4096.2387813377,4096.2387813377,23.829938827769347,1.0077866624311331,0.9460956696879497,0.6010291242324863,82.28634738624523,64.00186545201397,1.5017423882953334,0.5591466591700716,0.5980026965431012,1.0077866624311331,1.3355336656461645,0.7545947274519215,-0.28157445868555914,0.5980026965431012,0.9362833367919572,0.6386984292512063,-0.4483228777080414,Nature,1
kdd_cup_2018/H/short|H=720|L=2048|Hsrc=controlled|Lsrc=controlled|origins=shared_origin_v1:Hmax=720,joint-scaling,release,standard_hl_shared_origin_v1,kdd_cup_2018/H/short,chronos-2,chronos2,chronos-2,119.477664,119.477664,720,controlled,shared_origin_v1:Hmax=720,720,720,2048,controlled,8064,10200,2048,2048,100,100,100,[],merged,2,270,341362,14548303.999882698,,100,,float32,native_horizon,720,1024,direct_quantiles,4216.132103529391,4216.132103529391,24.53794526137209,1.0363048806978303,0.9885129637139871,0.6218884925954705,7.577211061192749,64.93174958007363,1.5235612275033439,0.5757593510817507,0.44599290099717603,1.0363048806978303,1.3355336656461645,0.775948152678308,-0.25366957458992506,0.44599290099717603,0.9362833367919572,0.47634394789648593,-0.7416151060712105,Nature,1
kdd_cup_2018/H/short|H=720|L=4096|Hsrc=controlled|Lsrc=controlled|origins=shared_origin_v1:Hmax=720,joint-scaling,release,standard_hl_shared_origin_v1,kdd_cup_2018/H/short,chronos-2,chronos2,chronos-2,119.477664,119.477664,720,controlled,shared_origin_v1:Hmax=720,720,720,4096,controlled,8064,10200,4096,4096,100,100,100,[],merged,2,270,341362,14548303.999882698,,100,,float32,native_horizon,720,1024,direct_quantiles,4145.57755916007,4145.57755916007,24.55879578991657,1.036847064825338,1.048538243937467,0.619570915324128,7.472040186016148,64.38615968638035,1.5107594839260565,0.5762485887361919,0.4443151947524627,1.036847064825338,1.3355336656461645,0.7763541208253149,-0.25314652162119344,0.4443151947524627,0.9362833367919572,0.47455206911493913,-0.7453839322530106,Nature,1
kdd_cup_2018/H/short|H=720|L=6144|Hsrc=controlled|Lsrc=controlled|origins=shared_origin_v1:Hmax=720,joint-scaling-l6144,release,standard_hl_shared_origin_v1,kdd_cup_2018/H/short,chronos-2,chronos2,chronos-2,119.477664,119.477664,720,controlled,shared_origin_v1:Hmax=720,720,720,6144,controlled,8064,10200,6144,6144,100,100,100,[],merged,6,270,341362,14548303.999882698,,100,,float32,native_horizon,720,1024,direct_quantiles,4152.164637174026,4152.164637174026,24.739978380721933,1.037086556699383,1.104324191463478,0.6170015376821381,7.453648207531941,64.4372922861756,1.5119592613386985,0.5804998644562345,0.44799875040031917,1.037086556699383,1.3355336656461645,0.7765334438032415,-0.25291556738753435,0.44799875040031917,0.9362833367919572,0.4784863008833669,-0.7371276977918132,Nature,1
kdd_cup_2018/H/short|H=720|L=8192|Hsrc=controlled|Lsrc=controlled|origins=shared_origin_v1:Hmax=720,joint-scaling,release,standard_hl_shared_origin_v1,kdd_cup_2018/H/short,chronos-2,chronos2,chronos-2,119.477664,119.477664,720,controlled,shared_origin_v1:Hmax=720,720,720,8192,controlled,8064,10200,8064,8192,100,100,100,[],merged,2,270,341362,14548303.999882698,,100,,float32,native_horizon,720,1024,direct_quantiles,4175.570955466631,4175.570955466631,24.952213394431716,1.0513395040912232,1.1019216390347437,0.6259832903456869,7.360085713360094,64.61865795160583,1.5162148327292255,0.5854797554971822,0.447806896922728,1.0513395040912232,1.3355336656461645,0.7872055427240457,-0.23926589220683156,0.447806896922728,0.9362833367919572,0.47828139124752045,-0.7375560350792545,Nature,1
loop_seattle/5T/short|H=48|L=128|Hsrc=controlled|Lsrc=controlled|origins=shared_origin_v1:Hmax=720,joint-scaling,release,standard_hl_shared_origin_v1,loop_seattle/5T/short,chronos-2,chronos2,chronos-2,119.477664,119.477664,48,controlled,shared_origin_v1:Hmax=720,720,720,128,controlled,94320,104400,128,128,100,100,100,[],merged,2,323,232560,13486058.610530853,,100,,float32,native_horizon,48,1024,direct_quantiles,85.7293151498538,85.7293151498538,4.969232276415227,0.7732631180994554,0.1696249579661566,0.10378672235972454,9.947063418676109,9.259012644437515,0.1596668116886991,0.08569180155428935,0.07225479913808566,0.7732631180994554,1.0786574227120576,0.71687553603001,-0.33285304336729415,0.07225479913808566,0.10341127324220856,0.6987129823733182,-0.3585152328416387,Transport,1
loop_seattle/5T/short|H=48|L=256|Hsrc=controlled|Lsrc=controlled|origins=shared_origin_v1:Hmax=720,joint-scaling,release,standard_hl_shared_origin_v1,loop_seattle/5T/short,chronos-2,chronos2,chronos-2,119.477664,119.477664,48,controlled,shared_origin_v1:Hmax=720,720,720,256,controlled,94320,104400,256,256,100,100,100,[],merged,2,323,232560,13486058.610530853,,100,,float32,native_horizon,48,1024,direct_quantiles,75.29543887867646,75.29543887867646,4.710425980459344,0.7363077921000462,0.15681218585895845,0.0994563898927041,7.341663441634723,8.677294444622499,0.1496353867590061,0.08122882286454074,0.06653565637155495,0.7363077921000462,1.0786574227120576,0.6826150514486378,-0.38182419257882916,0.06653565637155495,0.10341127324220856,0.6434081535357948,-0.44097599168089135,Transport,1
loop_seattle/5T/short|H=48|L=512|Hsrc=controlled|Lsrc=controlled|origins=shared_origin_v1:Hmax=720,joint-scaling,release,standard_hl_shared_origin_v1,loop_seattle/5T/short,chronos-2,chronos2,chronos-2,119.477664,119.477664,48,controlled,shared_origin_v1:Hmax=720,720,720,512,controlled,94320,104400,512,512,100,100,100,[],merged,2,323,232560,13486058.610530853,,100,,float32,native_horizon,48,1024,direct_quantiles,61.24597267909357,61.24597267909357,4.369202743546021,0.6877684106450114,0.1336103218873834,0.09326135886670964,6.026308061402629,7.825980620924995,0.13495492684431362,0.07534460730028414,0.060463984039996706,0.6877684106450114,1.0786574227120576,0.6376152392441357,-0.45002025084423974,0.060463984039996706,0.10341127324220856,0.5846943195291556,-0.5366660990364246,Transport,1
loop_seattle/5T/short|H=48|L=1024|Hsrc=controlled|Lsrc=controlled|origins=shared_origin_v1:Hmax=720,joint-scaling,release,standard_hl_shared_origin_v1,loop_seattle/5T/short,chronos-2,chronos2,chronos-2,119.477664,119.477664,48,controlled,shared_origin_v1:Hmax=720,720,720,1024,controlled,94320,104400,1024,1024,100,100,100,[],merged,2,323,232560,13486058.610530853,,100,,float32,native_horizon,48,1024,direct_quantiles,59.09509903022338,59.09509903022338,4.237352549812414,0.6662840824627503,0.12945870483786862,0.090828443828382,5.738043822479735,7.68733367496321,0.1325640330565842,0.07307091993615361,0.0582635007418273,0.6662840824627503,1.0786574227120576,0.6176975825999684,-0.4817562898382598,0.0582635007418273,0.10341127324220856,0.5634153696702222,-0.573738143702126,Transport,1
loop_seattle/5T/short|H=48|L=2048|Hsrc=controlled|Lsrc=controlled|origins=shared_origin_v1:Hmax=720,joint-scaling,release,standard_hl_shared_origin_v1,loop_seattle/5T/short,chronos-2,chronos2,chronos-2,119.477664,119.477664,48,controlled,shared_origin_v1:Hmax=720,720,720,2048,controlled,94320,104400,2048,2048,100,100,100,[],merged,2,323,232560,13486058.610530853,,100,,float32,native_horizon,48,1024,direct_quantiles,46.44823691332344,46.44823691332344,3.841677000861337,0.6069510845978487,0.11065269059482045,0.08230636860441005,4.538869390999708,6.815294337981555,0.11752617254705831,0.06624770284052212,0.052147665909689625,0.6069510845978487,1.0786574227120576,0.5626912417399379,-0.5750242173700277,0.052147665909689625,0.10341127324220856,0.5042744787364722,-0.6846345584842893,Transport,1
loop_seattle/5T/short|H=48|L=4096|Hsrc=controlled|Lsrc=controlled|origins=shared_origin_v1:Hmax=720,joint-scaling,release,standard_hl_shared_origin_v1,loop_seattle/5T/short,chronos-2,chronos2,chronos-2,119.477664,119.477664,48,controlled,shared_origin_v1:Hmax=720,720,720,4096,controlled,94320,104400,4096,4096,100,100,100,[],merged,2,323,232560,13486058.610530853,,100,,float32,native_horizon,48,1024,direct_quantiles,43.06295893734413,43.06295893734413,3.7043063315649727,0.5870616098658786,0.10551714770852146,0.0792997695508182,4.390939311112269,6.562237342350864,0.11316233752279713,0.06387881777378986,0.05040239505189952,0.5870616098658786,1.0786574227120576,0.5442521392842553,-0.6083426481737717,0.05040239505189952,0.10341127324220856,0.48739749034757246,-0.7186752868654849,Transport,1
loop_seattle/5T/short|H=48|L=6144|Hsrc=controlled|Lsrc=controlled|origins=shared_origin_v1:Hmax=720,joint-scaling-l6144,release,standard_hl_shared_origin_v1,loop_seattle/5T/short,chronos-2,chronos2,chronos-2,119.477664,119.477664,48,controlled,shared_origin_v1:Hmax=720,720,720,6144,controlled,94320,104400,6144,6144,100,100,100,[],merged,6,323,232560,13486058.610530853,,100,,float32,native_horizon,48,1024,direct_quantiles,42.735183435524704,42.735183435524704,3.683624936298361,0.5839185269501841,0.10453430539273215,0.07879476137164536,4.377106674628676,6.537215266114823,0.11273084495573164,0.06352217797100512,0.05014651073792789,0.5839185269501841,1.0786574227120576,0.541338254996701,-0.6137109552272789,0.05014651073792789,0.10341127324220856,0.48492305689414905,-0.723765046209269,Transport,1
loop_seattle/5T/short|H=48|L=8192|Hsrc=controlled|Lsrc=controlled|origins=shared_origin_v1:Hmax=720,joint-scaling,release,standard_hl_shared_origin_v1,loop_seattle/5T/short,chronos-2,chronos2,chronos-2,119.477664,119.477664,48,controlled,shared_origin_v1:Hmax=720,720,720,8192,controlled,94320,104400,8192,8192,100,100,100,[],merged,2,323,232560,13486058.610530853,,100,,float32,native_horizon,48,1024,direct_quantiles,42.02822099337268,42.02822099337268,3.6712396800825595,0.5822154496522085,0.10296821889493488,0.07841235890107996,4.3288171245907066,6.482917629692103,0.11179451072412691,0.06330860073033542,0.049938193279427286,0.5822154496522085,1.0786574227120576,0.5397593688164218,-0.6166318520418526,0.049938193279427286,0.10341127324220856,0.4829086009072018,-0.7279278753123996,Transport,1
loop_seattle/5T/short|H=96|L=128|Hsrc=controlled|Lsrc=controlled|origins=shared_origin_v1:Hmax=720,joint-scaling,release,standard_hl_shared_origin_v1,loop_seattle/5T/short,chronos-2,chronos2,chronos-2,119.477664,119.477664,96,controlled,shared_origin_v1:Hmax=720,720,720,128,controlled,94320,104400,128,128,100,100,100,[],merged,2,323,465120,26184961.315769076,,100,,float32,native_horizon,96,1024,direct_quantiles,159.712146999699,159.712146999699,6.902084790450583,1.068665027444814,0.31403304757143485,0.1518509460307496,16.09210869826289,12.637727129499948,0.2244822733013983,0.1226008180428769,0.10545561162191856,1.068665027444814,1.184716577264144,0.9020427737346878,-0.10309333905195976,0.10545561162191856,0.11731650359111231,0.8988983509896189,-0.10658531988036009,Transport,1
loop_seattle/5T/short|H=96|L=256|Hsrc=controlled|Lsrc=controlled|origins=shared_origin_v1:Hmax=720,joint-scaling,release,standard_hl_shared_origin_v1,loop_seattle/5T/short,chronos-2,chronos2,chronos-2,119.477664,119.477664,96,controlled,shared_origin_v1:Hmax=720,720,720,256,controlled,94320,104400,256,256,100,100,100,[],merged,2,323,465120,26184961.315769076,,100,,float32,native_horizon,96,1024,direct_quantiles,135.49218666016296,135.49218666016296,6.459503726020973,1.0058899779909807,0.28341429336070195,0.14532119113225317,10.330308514394275,11.640111110301437,0.20676175207343012,0.11473930920942557,0.09321391747499706,1.0058899779909807,1.184716577264144,0.8490553751800063,-0.16363087079306382,0.09321391747499706,0.11731650359111231,0.7945507632914043,-0.22997840166521008,Transport,1
loop_seattle/5T/short|H=96|L=512|Hsrc=controlled|Lsrc=controlled|origins=shared_origin_v1:Hmax=720,joint-scaling,release,standard_hl_shared_origin_v1,loop_seattle/5T/short,chronos-2,chronos2,chronos-2,119.477664,119.477664,96,controlled,shared_origin_v1:Hmax=720,720,720,512,controlled,94320,104400,512,512,100,100,100,[],merged,2,323,465120,26184961.315769076,,100,,float32,native_horizon,96,1024,direct_quantiles,104.76471192917957,104.76471192917957,5.8155692558170475,0.9120115575027185,0.20568264763421687,0.13314003998527094,8.580240329553837,10.23546344476788,0.18181118161757384,0.1033011864958021,0.08283010610734903,0.9120115575027185,1.184716577264144,0.7698141268596234,-0.2616061869633544,0.08283010610734903,0.11731650359111231,0.7060396753387739,-0.3480838457042053,Transport,1
loop_seattle/5T/short|H=96|L=1024|Hsrc=controlled|Lsrc=controlled|origins=shared_origin_v1:Hmax=720,joint-scaling,release,standard_hl_shared_origin_v1,loop_seattle/5T/short,chronos-2,chronos2,chronos-2,119.477664,119.477664,96,controlled,shared_origin_v1:Hmax=720,720,720,1024,controlled,94320,104400,1024,1024,100,100,100,[],merged,2,323,465120,26184961.315769076,,100,,float32,native_horizon,96,1024,direct_quantiles,104.79246642667484,104.79246642667484,5.712039147827443,0.8939411201897641,0.21069744157348255,0.13214130605009358,8.156272478610923,10.236819155708224,0.18183526293146116,0.10146219489877707,0.08118886289928577,0.8939411201897641,1.184716577264144,0.7545611645395685,-0.2816189377384345,0.08118886289928577,0.11731650359111231,0.6920498004462903,-0.3680973599910459,Transport,1
loop_seattle/5T/short|H=96|L=2048|Hsrc=controlled|Lsrc=controlled|origins=shared_origin_v1:Hmax=720,joint-scaling,release,standard_hl_shared_origin_v1,loop_seattle/5T/short,chronos-2,chronos2,chronos-2,119.477664,119.477664,96,controlled,shared_origin_v1:Hmax=720,720,720,2048,controlled,94320,104400,2048,2048,100,100,100,[],merged,2,323,465120,26184961.315769076,,100,,float32,native_horizon,96,1024,direct_quantiles,74.11047140724436,74.11047140724436,4.7982180883763865,0.7549952893832694,0.16414821048680145,0.11215777723576795,5.378095935584155,8.60874389253417,0.15291597764874867,0.08523011244326814,0.06694184350821637,0.7549952893832694,1.184716577264144,0.6372792479419624,-0.45054733965563404,0.06694184350821637,0.11731650359111231,0.5706089208175802,-0.561051206224738,Transport,1
loop_seattle/5T/short|H=96|L=4096|Hsrc=controlled|Lsrc=controlled|origins=shared_origin_v1:Hmax=720,joint-scaling,release,standard_hl_shared_origin_v1,loop_seattle/5T/short,chronos-2,chronos2,chronos-2,119.477664,119.477664,96,controlled,shared_origin_v1:Hmax=720,720,720,4096,controlled,94320,104400,4096,4096,100,100,100,[],merged,2,323,465120,26184961.315769076,,100,,float32,native_horizon,96,1024,direct_quantiles,65.3645147690381,65.3645147690381,4.458183191468062,0.7038182229376493,0.15850409142619193,0.10511545785563403,5.139158252032665,8.084832389668824,0.1436098070085049,0.07919011760261299,0.06247037393356852,0.7038182229376493,1.184716577264144,0.5940815182674077,-0.5207387328950928,0.06247037393356852,0.11731650359111231,0.532494338147844,-0.6301830140412917,Transport,1
loop_seattle/5T/short|H=96|L=6144|Hsrc=controlled|Lsrc=controlled|origins=shared_origin_v1:Hmax=720,joint-scaling-l6144,release,standard_hl_shared_origin_v1,loop_seattle/5T/short,chronos-2,chronos2,chronos-2,119.477664,119.477664,96,controlled,shared_origin_v1:Hmax=720,720,720,6144,controlled,94320,104400,6144,6144,100,100,100,[],merged,6,323,465120,26184961.315769076,,100,,float32,native_horizon,96,1024,direct_quantiles,64.3191361822621,64.3191361822621,4.429824853246878,0.6996619437020027,0.15641291132488322,0.10443947571924063,5.117131225829174,8.019921207983412,0.1424567982848549,0.07868639219647715,0.062025163538797216,0.6996619437020027,1.184716577264144,0.5905732705435136,-0.5266615688348061,0.062025163538797216,0.11731650359111231,0.5286993870442634,-0.6373352751053852,Transport,1
loop_seattle/5T/short|H=96|L=8192|Hsrc=controlled|Lsrc=controlled|origins=shared_origin_v1:Hmax=720,joint-scaling,release,standard_hl_shared_origin_v1,loop_seattle/5T/short,chronos-2,chronos2,chronos-2,119.477664,119.477664,96,controlled,shared_origin_v1:Hmax=720,720,720,8192,controlled,94320,104400,8192,8192,100,100,100,[],merged,2,323,465120,26184961.315769076,,100,,float32,native_horizon,96,1024,direct_quantiles,62.942997825158024,62.942997825158024,4.4177352039191495,0.6975512470612959,0.15280336728406027,0.10415676971215089,5.058353993832149,7.933662321094718,0.1409245931009004,0.07847164535658295,0.061778468673167955,0.6975512470612959,1.184716577264144,0.5887916658279106,-0.5296828661718743,0.061778468673167955,0.11731650359111231,0.5265965723670628,-0.6413205409288388,Transport,1
loop_seattle/5T/short|H=192|L=128|Hsrc=controlled|Lsrc=controlled|origins=shared_origin_v1:Hmax=720,joint-scaling,release,standard_hl_shared_origin_v1,loop_seattle/5T/short,chronos-2,chronos2,chronos-2,119.477664,119.477664,192,controlled,shared_origin_v1:Hmax=720,720,720,128,controlled,94320,104400,128,128,100,100,100,[],merged,2,323,930240,53017427.57837188,,100,,float32,native_horizon,192,1024,direct_quantiles,166.3974704780487,166.3974704780487,7.6602683430485685,1.1883734219887763,0.294014644196323,0.15838145468298168,14.595383921746564,12.899514350472606,0.2263339580488966,0.13440652157073837,0.11205491969307008,1.1883734219887763,1.0971770242236139,1.083119128227913,0.07984496033320097,0.11205491969307008,0.10738030835162748,1.0435332270245967,0.04261228893004136,Transport,1
loop_seattle/5T/short|H=192|L=256|Hsrc=controlled|Lsrc=controlled|origins=shared_origin_v1:Hmax=720,joint-scaling,release,standard_hl_shared_origin_v1,loop_seattle/5T/short,chronos-2,chronos2,chronos-2,119.477664,119.477664,192,controlled,shared_origin_v1:Hmax=720,720,720,256,controlled,94320,104400,256,256,100,100,100,[],merged,2,323,930240,53017427.57837188,,100,,float32,native_horizon,192,1024,direct_quantiles,143.1512449744152,143.1512449744152,7.15984716477737,1.1155195726974825,0.26556998490057,0.15138275217345626,11.168665013823363,11.96458294193388,0.20992971828842477,0.12562616729596962,0.10132400780740754,1.1155195726974825,1.0971770242236139,1.0167179480329058,0.016579741367225925,0.10132400780740754,0.10738030835162748,0.9435995236259893,-0.058053436296148814,Transport,1
loop_seattle/5T/short|H=192|L=512|Hsrc=controlled|Lsrc=controlled|origins=shared_origin_v1:Hmax=720,joint-scaling,release,standard_hl_shared_origin_v1,loop_seattle/5T/short,chronos-2,chronos2,chronos-2,119.477664,119.477664,192,controlled,shared_origin_v1:Hmax=720,720,720,512,controlled,94320,104400,512,512,100,100,100,[],merged,2,323,930240,53017427.57837188,,100,,float32,native_horizon,192,1024,direct_quantiles,101.59325755315832,101.59325755315832,5.919718365690574,0.9309671083726135,0.19159864957774675,0.12836692437380912,8.775756898517448,10.079348071832738,0.17685152182235736,0.10386695590539076,0.08369227435962516,0.9309671083726135,1.0971770242236139,0.8485113047563003,-0.16427187117174163,0.08369227435962516,0.10738030835162748,0.7794005776698507,-0.24923014490529746,Transport,1
loop_seattle/5T/short|H=192|L=1024|Hsrc=controlled|Lsrc=controlled|origins=shared_origin_v1:Hmax=720,joint-scaling,release,standard_hl_shared_origin_v1,loop_seattle/5T/short,chronos-2,chronos2,chronos-2,119.477664,119.477664,192,controlled,shared_origin_v1:Hmax=720,720,720,1024,controlled,94320,104400,1024,1024,100,100,100,[],merged,2,323,930240,53017427.57837188,,100,,float32,native_horizon,192,1024,direct_quantiles,97.71492591965514,97.71492591965514,5.674642607351329,0.8941195342716857,0.18896469284178344,0.1248673972125557,8.016313601346061,9.885086035015332,0.1734430139904394,0.09956687414264408,0.08000050547131227,0.8941195342716857,1.0971770242236139,0.8149273221469288,-0.20465634499746801,0.08000050547131227,0.10738030835162748,0.7450202620888614,-0.29434386353770775,Transport,1
loop_seattle/5T/short|H=192|L=2048|Hsrc=controlled|Lsrc=controlled|origins=shared_origin_v1:Hmax=720,joint-scaling,release,standard_hl_shared_origin_v1,loop_seattle/5T/short,chronos-2,chronos2,chronos-2,119.477664,119.477664,192,controlled,shared_origin_v1:Hmax=720,720,720,2048,controlled,94320,104400,2048,2048,100,100,100,[],merged,2,323,930240,53017427.57837188,,100,,float32,native_horizon,192,1024,direct_quantiles,79.27846110277993,79.27846110277993,5.015268161643769,0.7927487972523878,0.1618696415510463,0.11171677218379128,5.945786737403069,8.903845298677416,0.1562262340698808,0.08799753718323974,0.06960433900758237,0.7927487972523878,1.0971770242236139,0.7225349964043897,-0.3249894222386774,0.06960433900758237,0.10738030835162748,0.6482039405181819,-0.43354990912287833,Transport,1
loop_seattle/5T/short|H=192|L=4096|Hsrc=controlled|Lsrc=controlled|origins=shared_origin_v1:Hmax=720,joint-scaling,release,standard_hl_shared_origin_v1,loop_seattle/5T/short,chronos-2,chronos2,chronos-2,119.477664,119.477664,192,controlled,shared_origin_v1:Hmax=720,720,720,4096,controlled,94320,104400,4096,4096,100,100,100,[],merged,2,323,930240,53017427.57837188,,100,,float32,native_horizon,192,1024,direct_quantiles,69.2883604634288,69.2883604634288,4.6450842238965215,0.7366180090288341,0.15579719845273465,0.10449964420304168,5.365238170518368,8.323963026313177,0.14605166110994777,0.0815023162346006,0.06433099706189165,0.7366180090288341,1.0971770242236139,0.6713757149171812,-0.3984263659018489,0.06433099706189165,0.10738030835162748,0.5990949183274219,-0.5123352321057949,Transport,1
loop_seattle/5T/short|H=192|L=6144|Hsrc=controlled|Lsrc=controlled|origins=shared_origin_v1:Hmax=720,joint-scaling-l6144,release,standard_hl_shared_origin_v1,loop_seattle/5T/short,chronos-2,chronos2,chronos-2,119.477664,119.477664,192,controlled,shared_origin_v1:Hmax=720,720,720,6144,controlled,94320,104400,6144,6144,100,100,100,[],merged,6,323,930240,53017427.57837188,,100,,float32,native_horizon,192,1024,direct_quantiles,68.30967902100534,68.30967902100534,4.62811468260207,0.7343266937098204,0.15449462716096368,0.10437991615009341,5.290194519457905,8.264966970351747,0.14501652052308253,0.08120456987430397,0.06395192036578128,0.7343266937098204,1.0971770242236139,0.6692873415112259,-0.4015418020810997,0.06395192036578128,0.10738030835162748,0.5955646928891688,-0.5182452598334208,Transport,1
loop_seattle/5T/short|H=192|L=8192|Hsrc=controlled|Lsrc=controlled|origins=shared_origin_v1:Hmax=720,joint-scaling,release,standard_hl_shared_origin_v1,loop_seattle/5T/short,chronos-2,chronos2,chronos-2,119.477664,119.477664,192,controlled,shared_origin_v1:Hmax=720,720,720,8192,controlled,94320,104400,8192,8192,100,100,100,[],merged,2,323,930240,53017427.57837188,,100,,float32,native_horizon,192,1024,direct_quantiles,66.52733736723857,66.52733736723857,4.602205999930126,0.7302680260594364,0.15148442625630382,0.10392032671844094,5.1985330218169485,8.156429204452067,0.14311212462984033,0.08074997797745792,0.06353578970601348,0.7302680260594364,1.0971770242236139,0.6655881502587878,-0.4070841927303883,0.06353578970601348,0.10738030835162748,0.5916893952097737,-0.5247734520394921,Transport,1
loop_seattle/5T/short|H=336|L=128|Hsrc=controlled|Lsrc=controlled|origins=shared_origin_v1:Hmax=720,joint-scaling,release,standard_hl_shared_origin_v1,loop_seattle/5T/short,chronos-2,chronos2,chronos-2,119.477664,119.477664,336,controlled,shared_origin_v1:Hmax=720,720,720,128,controlled,94320,104400,128,128,100,100,100,[],merged,2,323,1627920,92063261.14741683,,100,,float32,native_horizon,336,1024,direct_quantiles,163.7139299689174,163.7139299689174,7.534312045816134,1.172624556501706,0.29963257759758233,0.15848175938155554,14.19444684130261,12.795074441710662,0.22625048608474224,0.13322640446100628,0.11105829522604702,1.172624556501706,1.1369492698328763,1.0313780813404927,0.030895851042311843,0.11105829522604702,0.11269141332273826,0.9855080520463956,-0.01459798190382075,Transport,1
loop_seattle/5T/short|H=336|L=256|Hsrc=controlled|Lsrc=controlled|origins=shared_origin_v1:Hmax=720,joint-scaling,release,standard_hl_shared_origin_v1,loop_seattle/5T/short,chronos-2,chronos2,chronos-2,119.477664,119.477664,336,controlled,shared_origin_v1:Hmax=720,720,720,256,controlled,94320,104400,256,256,100,100,100,[],merged,2,323,1627920,92063261.14741683,,100,,float32,native_horizon,336,1024,direct_quantiles,143.46886398748094,143.46886398748094,7.152565591752052,1.115753566162902,0.27532600283980097,0.15326386855283505,11.859874371042158,11.977848888155208,0.21179979417395145,0.12647612557934798,0.10319161999139013,1.115753566162902,1.1369492698328763,0.9813573883792636,-0.018818575487170433,0.10319161999139013,0.11269141332273826,0.9157008235921086,-0.08806557945626516,Transport,1
loop_seattle/5T/short|H=336|L=512|Hsrc=controlled|Lsrc=controlled|origins=shared_origin_v1:Hmax=720,joint-scaling,release,standard_hl_shared_origin_v1,loop_seattle/5T/short,chronos-2,chronos2,chronos-2,119.477664,119.477664,336,controlled,shared_origin_v1:Hmax=720,720,720,512,controlled,94320,104400,512,512,100,100,100,[],merged,2,323,1627920,92063261.14741683,,100,,float32,native_horizon,336,1024,direct_quantiles,116.1101564035702,116.1101564035702,6.37056261306606,1.00094886956481,0.21205104786826326,0.1390656591369758,9.887480827018422,10.775442283431813,0.19053809069348301,0.11264826120439347,0.09155653035085945,1.00094886956481,1.1369492698328763,0.8803812941556687,-0.1274001765391166,0.09155653035085945,0.11269141332273826,0.8124534749479948,-0.20769662802022057,Transport,1
loop_seattle/5T/short|H=336|L=1024|Hsrc=controlled|Lsrc=controlled|origins=shared_origin_v1:Hmax=720,joint-scaling,release,standard_hl_shared_origin_v1,loop_seattle/5T/short,chronos-2,chronos2,chronos-2,119.477664,119.477664,336,controlled,shared_origin_v1:Hmax=720,720,720,1024,controlled,94320,104400,1024,1024,100,100,100,[],merged,2,323,1627920,92063261.14741683,,100,,float32,native_horizon,336,1024,direct_quantiles,113.65664793878078,113.65664793878078,6.3326956282787235,0.9947596928177955,0.2091908978246589,0.139243508425677,9.20100044279031,10.660987193444178,0.1885142244109893,0.11197867356317043,0.0904478663807621,0.9947596928177955,1.1369492698328763,0.8749376240542539,-0.13360268196068537,0.0904478663807621,0.11269141332273826,0.8026154230733392,-0.21987960494554146,Transport,1
loop_seattle/5T/short|H=336|L=2048|Hsrc=controlled|Lsrc=controlled|origins=shared_origin_v1:Hmax=720,joint-scaling,release,standard_hl_shared_origin_v1,loop_seattle/5T/short,chronos-2,chronos2,chronos-2,119.477664,119.477664,336,controlled,shared_origin_v1:Hmax=720,720,720,2048,controlled,94320,104400,2048,2048,100,100,100,[],merged,2,323,1627920,92063261.14741683,,100,,float32,native_horizon,336,1024,direct_quantiles,94.05762702559093,94.05762702559093,5.5923732623531865,0.8817429762458282,0.1833764948079355,0.12492951247796268,6.714263913511082,9.698331146418488,0.17149193981513197,0.09888783177767589,0.07833958824609297,0.8817429762458282,1.1369492698328763,0.7755341417963515,-0.25420327180742847,0.07833958824609297,0.11269141332273826,0.6951690988357321,-0.3636001553345452,Transport,1
loop_seattle/5T/short|H=336|L=4096|Hsrc=controlled|Lsrc=controlled|origins=shared_origin_v1:Hmax=720,joint-scaling,release,standard_hl_shared_origin_v1,loop_seattle/5T/short,chronos-2,chronos2,chronos-2,119.477664,119.477664,336,controlled,shared_origin_v1:Hmax=720,720,720,4096,controlled,94320,104400,4096,4096,100,100,100,[],merged,2,323,1627920,92063261.14741683,,100,,float32,native_horizon,336,1024,direct_quantiles,84.28684175973021,84.28684175973021,5.197949650666188,0.82149990183223,0.1734724546921119,0.11700661312573618,6.094373517348653,9.180786554524085,0.16234039356816984,0.09191338748866304,0.07265199781033906,0.82149990183223,1.1369492698328763,0.7225475433507995,-0.3249720572147912,0.07265199781033906,0.11269141332273826,0.6446986125044873,-0.43897233882471526,Transport,1
loop_seattle/5T/short|H=336|L=6144|Hsrc=controlled|Lsrc=controlled|origins=shared_origin_v1:Hmax=720,joint-scaling-l6144,release,standard_hl_shared_origin_v1,loop_seattle/5T/short,chronos-2,chronos2,chronos-2,119.477664,119.477664,336,controlled,shared_origin_v1:Hmax=720,720,720,6144,controlled,94320,104400,6144,6144,100,100,100,[],merged,6,323,1627920,92063261.14741683,,100,,float32,native_horizon,336,1024,direct_quantiles,82.96632335088641,82.96632335088641,5.158764730021669,0.8154982799046667,0.1730725711262181,0.11640133031715462,5.997754207663259,9.10858514539368,0.16106368322262432,0.0912204952836663,0.07194855862814634,0.8154982799046667,1.1369492698328763,0.7172688364754739,-0.33230456238746564,0.07194855862814634,0.11269141332273826,0.6384564405283659,-0.4487018274054701,Transport,1
loop_seattle/5T/short|H=336|L=8192|Hsrc=controlled|Lsrc=controlled|origins=shared_origin_v1:Hmax=720,joint-scaling,release,standard_hl_shared_origin_v1,loop_seattle/5T/short,chronos-2,chronos2,chronos-2,119.477664,119.477664,336,controlled,shared_origin_v1:Hmax=720,720,720,8192,controlled,94320,104400,8192,8192,100,100,100,[],merged,2,323,1627920,92063261.14741683,,100,,float32,native_horizon,336,1024,direct_quantiles,83.83540511050911,83.83540511050911,5.212676010645486,0.8236272440703603,0.17219846368251934,0.11755894499684125,5.957635865860645,9.156167599520506,0.16190506585188083,0.09217378817009353,0.07255615375588698,0.8236272440703603,1.1369492698328763,0.7244186402366288,-0.32238582133730725,0.07255615375588698,0.11269141332273826,0.6438481124386342,-0.4402924309453957,Transport,1
loop_seattle/5T/short|H=720|L=128|Hsrc=controlled|Lsrc=controlled|origins=shared_origin_v1:Hmax=720,joint-scaling,release,standard_hl_shared_origin_v1,loop_seattle/5T/short,chronos-2,chronos2,chronos-2,119.477664,119.477664,720,controlled,shared_origin_v1:Hmax=720,720,720,128,controlled,94320,104400,128,128,100,100,100,[],merged,2,323,3488400,197305397.9755218,,100,,float32,native_horizon,720,1024,direct_quantiles,181.69497986182776,181.69497986182776,8.189066387885564,1.2754825323139083,0.32207161620701824,0.17065042872560665,16.092076886003003,13.479428024283068,0.23831905868962935,0.14478437731867863,0.12124031984432242,1.2754825323139083,1.2506857542723633,1.0198265455225974,0.019632559426241102,0.12124031984432242,0.12716656793492073,0.9533977507859522,-0.04772309536465372,Transport,1
loop_seattle/5T/short|H=720|L=256|Hsrc=controlled|Lsrc=controlled|origins=shared_origin_v1:Hmax=720,joint-scaling,release,standard_hl_shared_origin_v1,loop_seattle/5T/short,chronos-2,chronos2,chronos-2,119.477664,119.477664,720,controlled,shared_origin_v1:Hmax=720,720,720,256,controlled,94320,104400,256,256,100,100,100,[],merged,2,323,3488400,197305397.9755218,,100,,float32,native_horizon,720,1024,direct_quantiles,172.2221008915262,172.2221008915262,8.264141843323587,1.2882448429801836,0.30519656497695935,0.17422644192739686,14.173762156572408,13.123341833981396,0.23202338163774017,0.14611172680550055,0.11894538951949919,1.2882448429801836,1.2506857542723633,1.0300307959689456,0.029588700793554596,0.11894538951949919,0.12716656793492073,0.9353511025033809,-0.0668333094811443,Transport,1
loop_seattle/5T/short|H=720|L=512|Hsrc=controlled|Lsrc=controlled|origins=shared_origin_v1:Hmax=720,joint-scaling,release,standard_hl_shared_origin_v1,loop_seattle/5T/short,chronos-2,chronos2,chronos-2,119.477664,119.477664,720,controlled,shared_origin_v1:Hmax=720,720,720,512,controlled,94320,104400,512,512,100,100,100,[],merged,2,323,3488400,197305397.9755218,,100,,float32,native_horizon,720,1024,direct_quantiles,144.36692638458894,144.36692638458894,7.457612533683064,1.167726896651511,0.24377924872434353,0.16090935272192303,11.349649934146013,12.015278872526801,0.21243260067381664,0.13185212279761094,0.10662494180647074,1.167726896651511,1.2506857542723633,0.933669303150321,-0.06863296859870809,0.10662494180647074,0.12716656793492073,0.8384667726586562,-0.17618032562550812,Transport,1
loop_seattle/5T/short|H=720|L=1024|Hsrc=controlled|Lsrc=controlled|origins=shared_origin_v1:Hmax=720,joint-scaling,release,standard_hl_shared_origin_v1,loop_seattle/5T/short,chronos-2,chronos2,chronos-2,119.477664,119.477664,720,controlled,shared_origin_v1:Hmax=720,720,720,1024,controlled,94320,104400,1024,1024,100,100,100,[],merged,2,323,3488400,197305397.9755218,,100,,float32,native_horizon,720,1024,direct_quantiles,131.82429337231972,131.82429337231972,7.119152046783626,1.1165752660221089,0.2322631737956513,0.1554304612698515,9.891801893276044,11.481476097275982,0.2029948578634756,0.12586807180552162,0.10114413234225073,1.1165752660221089,1.2506857542723633,0.8927704359051578,-0.11342580180888123,0.10114413234225073,0.12716656793492073,0.7953673200806414,-0.2289512331971349,Transport,1
loop_seattle/5T/short|H=720|L=2048|Hsrc=controlled|Lsrc=controlled|origins=shared_origin_v1:Hmax=720,joint-scaling,release,standard_hl_shared_origin_v1,loop_seattle/5T/short,chronos-2,chronos2,chronos-2,119.477664,119.477664,720,controlled,shared_origin_v1:Hmax=720,720,720,2048,controlled,94320,104400,2048,2048,100,100,100,[],merged,2,323,3488400,197305397.9755218,,100,,float32,native_horizon,720,1024,direct_quantiles,116.06415337260636,116.06415337260636,6.500658073902075,1.0215058628261706,0.20813117910095782,0.14415060828276394,7.005642573425844,10.773307448161235,0.19047429055553827,0.11493297120950209,0.08947602057094312,1.0215058628261706,1.2506857542723633,0.8167566147904777,-0.2024141296167316,0.08947602057094312,0.12716656793492073,0.7036127657131843,-0.35152712285924154,Transport,1
loop_seattle/5T/short|H=720|L=4096|Hsrc=controlled|Lsrc=controlled|origins=shared_origin_v1:Hmax=720,joint-scaling,release,standard_hl_shared_origin_v1,loop_seattle/5T/short,chronos-2,chronos2,chronos-2,119.477664,119.477664,720,controlled,shared_origin_v1:Hmax=720,720,720,4096,controlled,94320,104400,4096,4096,100,100,100,[],merged,2,323,3488400,197305397.9755218,,100,,float32,native_horizon,720,1024,direct_quantiles,102.65821361512441,102.65821361512441,5.940532326783052,0.9361933756206515,0.19705275444710504,0.13308454994925145,6.3339748813493975,10.132038966324814,0.17913653195901116,0.10502983284482131,0.08184898696493745,0.9361933756206515,1.2506857542723633,0.7485440466740741,-0.28962523026189735,0.08184898696493745,0.12716656793492073,0.6436360459678743,-0.44062185864560166,Transport,1
loop_seattle/5T/short|H=720|L=6144|Hsrc=controlled|Lsrc=controlled|origins=shared_origin_v1:Hmax=720,joint-scaling-l6144,release,standard_hl_shared_origin_v1,loop_seattle/5T/short,chronos-2,chronos2,chronos-2,119.477664,119.477664,720,controlled,shared_origin_v1:Hmax=720,720,720,6144,controlled,94320,104400,6144,6144,100,100,100,[],merged,6,323,3488400,197305397.9755218,,100,,float32,native_horizon,720,1024,direct_quantiles,98.36908387441234,98.36908387441234,5.7514061648965145,0.9066957691797618,0.19519294363467357,0.1294964055115033,6.289564143804217,9.918118968555094,0.17535438241887305,0.1016860434204344,0.0795033299212948,0.9066957691797618,1.2506857542723633,0.7249589004132125,-0.3216403148195733,0.0795033299212948,0.12716656793492073,0.6251904978829164,-0.46969887907412045,Transport,1
loop_seattle/5T/short|H=720|L=8192|Hsrc=controlled|Lsrc=controlled|origins=shared_origin_v1:Hmax=720,joint-scaling,release,standard_hl_shared_origin_v1,loop_seattle/5T/short,chronos-2,chronos2,chronos-2,119.477664,119.477664,720,controlled,shared_origin_v1:Hmax=720,720,720,8192,controlled,94320,104400,8192,8192,100,100,100,[],merged,2,323,3488400,197305397.9755218,,100,,float32,native_horizon,720,1024,direct_quantiles,99.32055698887743,99.32055698887743,5.798799189814815,0.9143288246768695,0.19402324657704823,0.13035462678538154,6.251447681689589,9.965969947219259,0.17620039755928388,0.10252396184446814,0.07991847348571363,0.9143288246768695,1.2506857542723633,0.7310619966314537,-0.3132570121152409,0.07991847348571363,0.12716656793492073,0.6284550631783428,-0.4644907520308994,Transport,1
loop_seattle/H/short|H=48|L=128|Hsrc=controlled|Lsrc=controlled|origins=shared_origin_v1:Hmax=720,joint-scaling,release,standard_hl_shared_origin_v1,loop_seattle/H/short,chronos-2,chronos2,chronos-2,119.477664,119.477664,48,controlled,shared_origin_v1:Hmax=720,720,720,128,controlled,7320,8040,128,128,100,100,100,[],merged,2,323,31008,1656976.6854760647,,100,,float32,native_horizon,48,1024,direct_quantiles,108.02281770027089,108.02281770027089,6.059957624342911,1.25789370985431,0.24666224815282045,0.14469362166397834,8.147402314464607,10.3934026045502,0.19449798587196113,0.11340362701701957,0.08572768230127487,1.25789370985431,1.344619756005659,0.9355014339451785,-0.06667260045764586,0.08572768230127487,0.1135796516928088,0.7547802887539815,-0.2813285803571085,Transport,1
loop_seattle/H/short|H=48|L=256|Hsrc=controlled|Lsrc=controlled|origins=shared_origin_v1:Hmax=720,joint-scaling,release,standard_hl_shared_origin_v1,loop_seattle/H/short,chronos-2,chronos2,chronos-2,119.477664,119.477664,48,controlled,shared_origin_v1:Hmax=720,720,720,256,controlled,7320,8040,256,256,100,100,100,[],merged,2,323,31008,1656976.6854760647,,100,,float32,native_horizon,48,1024,direct_quantiles,116.9539513996388,116.9539513996388,5.72285170107311,1.1766873129495814,0.2317311687489166,0.13364345050571627,9.853204520727031,10.814525019603902,0.20237870257753957,0.10709516138779634,0.08641847379066543,1.1766873129495814,1.344619756005659,0.8751078568450166,-0.13340813525529105,0.08641847379066543,0.1135796516928088,0.7608622891747866,-0.2733028978442571,Transport,1
loop_seattle/H/short|H=48|L=512|Hsrc=controlled|Lsrc=controlled|origins=shared_origin_v1:Hmax=720,joint-scaling,release,standard_hl_shared_origin_v1,loop_seattle/H/short,chronos-2,chronos2,chronos-2,119.477664,119.477664,48,controlled,shared_origin_v1:Hmax=720,720,720,512,controlled,7320,8040,512,512,100,100,100,[],merged,2,323,31008,1656976.6854760647,,100,,float32,native_horizon,48,1024,direct_quantiles,39.57868055219621,39.57868055219621,3.558199824440467,0.7545148914672449,0.12030310970341827,0.09128908033341446,6.219294579289149,6.291158919642406,0.11773023573003655,0.06658673059394943,0.05348985934615657,0.7545148914672449,1.344619756005659,0.5611362529051444,-0.5777915278950786,0.05348985934615657,0.1135796516928088,0.4709457948579291,-0.753012276815859,Transport,1
loop_seattle/H/short|H=48|L=1024|Hsrc=controlled|Lsrc=controlled|origins=shared_origin_v1:Hmax=720,joint-scaling,release,standard_hl_shared_origin_v1,loop_seattle/H/short,chronos-2,chronos2,chronos-2,119.477664,119.477664,48,controlled,shared_origin_v1:Hmax=720,720,720,1024,controlled,7320,8040,1024,1024,100,100,100,[],merged,2,323,31008,1656976.6854760647,,100,,float32,native_horizon,48,1024,direct_quantiles,36.767078505950074,36.767078505950074,3.46439061592976,0.7320422667890208,0.11193948633530561,0.0885912537943837,5.916984905226096,6.063586274305831,0.11347153212337169,0.06483122252736233,0.05150311711013851,0.7320422667890208,1.344619756005659,0.5444232568496784,-0.6080282889672719,0.05150311711013851,0.1135796516928088,0.4534537335035637,-0.7908620355717585,Transport,1
loop_seattle/H/short|H=48|L=2048|Hsrc=controlled|Lsrc=controlled|origins=shared_origin_v1:Hmax=720,joint-scaling,release,standard_hl_shared_origin_v1,loop_seattle/H/short,chronos-2,chronos2,chronos-2,119.477664,119.477664,48,controlled,shared_origin_v1:Hmax=720,720,720,2048,controlled,7320,8040,2048,2048,100,100,100,[],merged,2,323,31008,1656976.6854760647,,100,,float32,native_horizon,48,1024,direct_quantiles,36.13399188314306,36.13399188314306,3.3888757034474972,0.7146389448804044,0.11135987379233535,0.08727154864615332,5.630256857213894,6.011155619607852,0.1124903657888509,0.06341806661106333,0.050283550417262894,0.7146389448804044,1.344619756005659,0.5314803249680922,-0.6320890998192903,0.050283550417262894,0.1135796516928088,0.4427161878719386,-0.8148263736782385,Transport,1
loop_seattle/H/short|H=48|L=4096|Hsrc=controlled|Lsrc=controlled|origins=shared_origin_v1:Hmax=720,joint-scaling,release,standard_hl_shared_origin_v1,loop_seattle/H/short,chronos-2,chronos2,chronos-2,119.477664,119.477664,48,controlled,shared_origin_v1:Hmax=720,720,720,4096,controlled,7320,8040,4096,4096,100,100,100,[],merged,2,323,31008,1656976.6854760647,,100,,float32,native_horizon,48,1024,direct_quantiles,36.20206126241615,36.20206126241615,3.3492410854658474,0.7063819029634946,0.11244243389558743,0.08678966951321031,5.620715410989715,6.016814876861025,0.1125962708691363,0.0626763601977218,0.04983416424603357,0.7063819029634946,1.344619756005659,0.5253395242844563,-0.6437105124964255,0.04983416424603357,0.1135796516928088,0.4387596149776605,-0.8238035899631819,Transport,1
loop_seattle/H/short|H=48|L=6144|Hsrc=controlled|Lsrc=controlled|origins=shared_origin_v1:Hmax=720,joint-scaling-l6144,release,standard_hl_shared_origin_v1,loop_seattle/H/short,chronos-2,chronos2,chronos-2,119.477664,119.477664,48,controlled,shared_origin_v1:Hmax=720,720,720,6144,controlled,7320,8040,6144,6144,100,100,100,[],merged,6,323,31008,1656976.6854760647,,100,,float32,native_horizon,48,1024,direct_quantiles,36.698628680501805,36.698628680501805,3.3647739343475878,0.709267651594006,0.1135369016413103,0.08737406322215487,5.583978979637869,6.057939309740714,0.11336585708354163,0.06296703572885434,0.04993376102563089,0.709267651594006,1.344619756005659,0.5274856690347639,-0.639633581707573,0.04993376102563089,0.1135796516928088,0.43963650426295864,-0.8218070201756221,Transport,1
loop_seattle/H/short|H=48|L=8192|Hsrc=controlled|Lsrc=controlled|origins=shared_origin_v1:Hmax=720,joint-scaling,release,standard_hl_shared_origin_v1,loop_seattle/H/short,chronos-2,chronos2,chronos-2,119.477664,119.477664,48,controlled,shared_origin_v1:Hmax=720,720,720,8192,controlled,7320,8040,7320,8040,100,100,100,[],merged,2,323,31008,1656976.6854760647,,100,,float32,native_horizon,48,1024,direct_quantiles,36.562138954060245,36.562138954060245,3.356675060417876,0.7081591157601327,0.11412227067661974,0.08729486002887611,5.599108591098443,6.0466634563253345,0.11315484526559101,0.06281547663631325,0.04983456525575371,0.7081591157601327,1.344619756005659,0.526661245751585,-0.6411977345589436,0.04983456525575371,0.1135796516928088,0.4387631456252207,-0.8237955431119349,Transport,1
loop_seattle/H/short|H=96|L=128|Hsrc=controlled|Lsrc=controlled|origins=shared_origin_v1:Hmax=720,joint-scaling,release,standard_hl_shared_origin_v1,loop_seattle/H/short,chronos-2,chronos2,chronos-2,119.477664,119.477664,96,controlled,shared_origin_v1:Hmax=720,720,720,128,controlled,7320,8040,128,128,100,100,100,[],merged,2,323,62016,3347817.30120945,,100,,float32,native_horizon,96,1024,direct_quantiles,97.46967214106037,97.46967214106037,5.719666598135965,1.1797590419222563,0.22839976882540897,0.13583780688275002,8.642372831001609,9.872672998791177,0.18288443890646128,0.10595286774515901,0.08137628496692519,1.1797590419222563,1.493892268216058,0.789721633227993,-0.23607475861804006,0.08137628496692519,0.1278238151544749,0.6366285098640034,-0.45156898055635425,Transport,1
loop_seattle/H/short|H=96|L=256|Hsrc=controlled|Lsrc=controlled|origins=shared_origin_v1:Hmax=720,joint-scaling,release,standard_hl_shared_origin_v1,loop_seattle/H/short,chronos-2,chronos2,chronos-2,119.477664,119.477664,96,controlled,shared_origin_v1:Hmax=720,720,720,256,controlled,7320,8040,256,256,100,100,100,[],merged,2,323,62016,3347817.30120945,,100,,float32,native_horizon,96,1024,direct_quantiles,104.32345382643189,104.32345382643189,5.463085887109778,1.1224846766936531,0.2109423933629527,0.12558091953935022,9.430466692666604,10.213885344296356,0.18920516160874393,0.1011998875364566,0.08140533592573121,1.1224846766936531,1.493892268216058,0.7513826134424513,-0.2858402849941245,0.08140533592573121,0.1278238151544749,0.636855783308869,-0.45121204887137484,Transport,1
loop_seattle/H/short|H=96|L=512|Hsrc=controlled|Lsrc=controlled|origins=shared_origin_v1:Hmax=720,joint-scaling,release,standard_hl_shared_origin_v1,loop_seattle/H/short,chronos-2,chronos2,chronos-2,119.477664,119.477664,96,controlled,shared_origin_v1:Hmax=720,720,720,512,controlled,7320,8040,512,512,100,100,100,[],merged,2,323,62016,3347817.30120945,,100,,float32,native_horizon,96,1024,direct_quantiles,41.310565015479874,41.310565015479874,3.5683225271502517,0.7557368483816815,0.1166991439520144,0.08871516453100309,6.642965775144703,6.427329539978472,0.11906183429045117,0.06610070679896556,0.05364530066177966,0.7557368483816815,1.493892268216058,0.5058844365558903,-0.6814470220319646,0.05364530066177966,0.1278238151544749,0.41968157965672814,-0.8682589989154338,Transport,1
loop_seattle/H/short|H=96|L=1024|Hsrc=controlled|Lsrc=controlled|origins=shared_origin_v1:Hmax=720,joint-scaling,release,standard_hl_shared_origin_v1,loop_seattle/H/short,chronos-2,chronos2,chronos-2,119.477664,119.477664,96,controlled,shared_origin_v1:Hmax=720,720,720,1024,controlled,7320,8040,1024,1024,100,100,100,[],merged,2,323,62016,3347817.30120945,,100,,float32,native_horizon,96,1024,direct_quantiles,40.74394561484133,40.74394561484133,3.5460879677220394,0.7495220025200136,0.11455371037848347,0.08782272368392709,6.691610489204879,6.383098433742138,0.11824248363969685,0.06568882696400508,0.05294709014157932,0.7495220025200136,1.493892268216058,0.5017242665129129,-0.6897045800889727,0.05294709014157932,0.1278238151544749,0.4142192914332343,-0.881359755940505,Transport,1
loop_seattle/H/short|H=96|L=2048|Hsrc=controlled|Lsrc=controlled|origins=shared_origin_v1:Hmax=720,joint-scaling,release,standard_hl_shared_origin_v1,loop_seattle/H/short,chronos-2,chronos2,chronos-2,119.477664,119.477664,96,controlled,shared_origin_v1:Hmax=720,720,720,2048,controlled,7320,8040,2048,2048,100,100,100,[],merged,2,323,62016,3347817.30120945,,100,,float32,native_horizon,96,1024,direct_quantiles,39.928807686726,39.928807686726,3.4495645528976393,0.7268021944960064,0.11323353479029101,0.08579762186182295,6.189591262118471,6.318924567260319,0.11705370714872802,0.06390079746443009,0.05105026410100103,0.7268021944960064,1.493892268216058,0.4865158016808818,-0.7204858975528595,0.05105026410100103,0.1278238151544749,0.3993799124154357,-0.9178421536682434,Transport,1
loop_seattle/H/short|H=96|L=4096|Hsrc=controlled|Lsrc=controlled|origins=shared_origin_v1:Hmax=720,joint-scaling,release,standard_hl_shared_origin_v1,loop_seattle/H/short,chronos-2,chronos2,chronos-2,119.477664,119.477664,96,controlled,shared_origin_v1:Hmax=720,720,720,4096,controlled,7320,8040,4096,4096,100,100,100,[],merged,2,323,62016,3347817.30120945,,100,,float32,native_horizon,96,1024,direct_quantiles,40.09468020349587,40.09468020349587,3.4231497466379643,0.7203691058986124,0.11437318445605267,0.08543828200506598,6.1698070521159805,6.332036023546919,0.1172965878079492,0.06341148144816833,0.050640708923691775,0.7203691058986124,1.493892268216058,0.48220954162835733,-0.7293765257320487,0.050640708923691775,0.1278238151544749,0.3961758523831615,-0.9258970946236519,Transport,1
loop_seattle/H/short|H=96|L=6144|Hsrc=controlled|Lsrc=controlled|origins=shared_origin_v1:Hmax=720,joint-scaling-l6144,release,standard_hl_shared_origin_v1,loop_seattle/H/short,chronos-2,chronos2,chronos-2,119.477664,119.477664,96,controlled,shared_origin_v1:Hmax=720,720,720,6144,controlled,7320,8040,6144,6144,100,100,100,[],merged,6,323,62016,3347817.30120945,,100,,float32,native_horizon,96,1024,direct_quantiles,40.49190531475748,40.49190531475748,3.433210469374839,0.7219733950349957,0.11539646223479626,0.08583958156337679,6.111504725309397,6.363325020361406,0.11787619483302378,0.06359784937840891,0.050629102633914486,0.7219733950349957,1.493892268216058,0.4832834404432291,-0.7271519642330472,0.050629102633914486,0.1278238151544749,0.39608505326436455,-0.9261263098191694,Transport,1
loop_seattle/H/short|H=96|L=8192|Hsrc=controlled|Lsrc=controlled|origins=shared_origin_v1:Hmax=720,joint-scaling,release,standard_hl_shared_origin_v1,loop_seattle/H/short,chronos-2,chronos2,chronos-2,119.477664,119.477664,96,controlled,shared_origin_v1:Hmax=720,720,720,8192,controlled,7320,8040,7320,8040,100,100,100,[],merged,2,323,62016,3347817.30120945,,100,,float32,native_horizon,96,1024,direct_quantiles,40.25983163619066,40.25983163619066,3.4231573681590235,0.7203593050226132,0.11568803659287523,0.08572764096491355,6.149554302454258,6.345063564393241,0.11753791399167901,0.06341162263157456,0.05053195600230902,0.7203593050226132,1.493892268216058,0.4822029809973081,-0.7293901311776343,0.05053195600230902,0.1278238151544749,0.39532504910169686,-0.9280469433668659,Transport,1
loop_seattle/H/short|H=192|L=128|Hsrc=controlled|Lsrc=controlled|origins=shared_origin_v1:Hmax=720,joint-scaling,release,standard_hl_shared_origin_v1,loop_seattle/H/short,chronos-2,chronos2,chronos-2,119.477664,119.477664,192,controlled,shared_origin_v1:Hmax=720,720,720,128,controlled,7320,8040,128,128,100,100,100,[],merged,2,323,124032,6757989.810523033,,100,,float32,native_horizon,192,1024,direct_quantiles,104.38054191660217,104.38054191660217,5.990190724470298,1.2385969703217459,0.23383834216862887,0.13952178088996187,8.798191950302517,10.216679593517757,0.18751067090542417,0.1099402865006684,0.08388027736063086,1.2385969703217459,1.4321323015188605,0.8648621143508466,-0.14518519013138864,0.08388027736063086,0.135466303338544,0.6191966215465816,-0.479332412880126,Transport,1
loop_seattle/H/short|H=192|L=256|Hsrc=controlled|Lsrc=controlled|origins=shared_origin_v1:Hmax=720,joint-scaling,release,standard_hl_shared_origin_v1,loop_seattle/H/short,chronos-2,chronos2,chronos-2,119.477664,119.477664,192,controlled,shared_origin_v1:Hmax=720,720,720,256,controlled,7320,8040,256,256,100,100,100,[],merged,2,323,124032,6757989.810523033,,100,,float32,native_horizon,192,1024,direct_quantiles,80.33785182452915,80.33785182452915,4.851247844558259,1.007266807055871,0.1747580706396585,0.11302602451037082,8.50647694685584,8.96313850303169,0.16450394658437426,0.0890368274482025,0.07162543760592185,1.007266807055871,1.4321323015188605,0.7033336277574392,-0.35192392256774935,0.07162543760592185,0.135466303338544,0.5287325027754144,-0.6372726408468943,Transport,1
loop_seattle/H/short|H=192|L=512|Hsrc=controlled|Lsrc=controlled|origins=shared_origin_v1:Hmax=720,joint-scaling,release,standard_hl_shared_origin_v1,loop_seattle/H/short,chronos-2,chronos2,chronos-2,119.477664,119.477664,192,controlled,shared_origin_v1:Hmax=720,720,720,512,controlled,7320,8040,512,512,100,100,100,[],merged,2,323,124032,6757989.810523033,,100,,float32,native_horizon,192,1024,direct_quantiles,44.56514750225748,44.56514750225748,3.7180940452867004,0.7878496506785677,0.12157236951546527,0.09078839836474911,6.740096195733295,6.675713257941617,0.12252194661787032,0.06823961763110567,0.055178732848093257,0.7878496506785677,1.4321323015188605,0.5501235115240448,-0.5976124595595276,0.055178732848093257,0.135466303338544,0.40732441565336003,-0.898145320989716,Transport,1
loop_seattle/H/short|H=192|L=1024|Hsrc=controlled|Lsrc=controlled|origins=shared_origin_v1:Hmax=720,joint-scaling,release,standard_hl_shared_origin_v1,loop_seattle/H/short,chronos-2,chronos2,chronos-2,119.477664,119.477664,192,controlled,shared_origin_v1:Hmax=720,720,720,1024,controlled,7320,8040,1024,1024,100,100,100,[],merged,2,323,124032,6757989.810523033,,100,,float32,native_horizon,192,1024,direct_quantiles,43.17176489736519,43.17176489736519,3.6567684523953496,0.772974593934124,0.11855557976123349,0.08931087734037385,6.849017234981819,6.570522421951332,0.12059133853242586,0.06711408531295153,0.054367535599241866,0.772974593934124,1.4321323015188605,0.539736861681242,-0.6166735513726093,0.054367535599241866,0.135466303338544,0.4013362309250581,-0.9129557218946084,Transport,1
loop_seattle/H/short|H=192|L=2048|Hsrc=controlled|Lsrc=controlled|origins=shared_origin_v1:Hmax=720,joint-scaling,release,standard_hl_shared_origin_v1,loop_seattle/H/short,chronos-2,chronos2,chronos-2,119.477664,119.477664,192,controlled,shared_origin_v1:Hmax=720,720,720,2048,controlled,7320,8040,2048,2048,100,100,100,[],merged,2,323,124032,6757989.810523033,,100,,float32,native_horizon,192,1024,direct_quantiles,43.43302106512835,43.43302106512835,3.6068276168146123,0.7610935692030458,0.11861419874571179,0.08833480988493644,6.264493676946856,6.590373363105337,0.12095567053088192,0.06619750184768723,0.0528885525511561,0.7610935692030458,1.4321323015188605,0.531440823166869,-0.6321634266897466,0.0528885525511561,0.135466303338544,0.390418511819742,-0.9405360079963166,Transport,1
loop_seattle/H/short|H=192|L=4096|Hsrc=controlled|Lsrc=controlled|origins=shared_origin_v1:Hmax=720,joint-scaling,release,standard_hl_shared_origin_v1,loop_seattle/H/short,chronos-2,chronos2,chronos-2,119.477664,119.477664,192,controlled,shared_origin_v1:Hmax=720,720,720,4096,controlled,7320,8040,4096,4096,100,100,100,[],merged,2,323,124032,6757989.810523033,,100,,float32,native_horizon,192,1024,direct_quantiles,43.783702240147704,43.783702240147704,3.607509648467734,0.7611087497630327,0.12022092148000364,0.08857885110735032,6.227538617305154,6.616925437100504,0.1214429910113953,0.06621001943832762,0.05286645093969178,0.7611087497630327,1.4321323015188605,0.5314514231372564,-0.632143481167659,0.05286645093969178,0.135466303338544,0.39025535972272873,-0.9409539856060097,Transport,1
loop_seattle/H/short|H=192|L=6144|Hsrc=controlled|Lsrc=controlled|origins=shared_origin_v1:Hmax=720,joint-scaling-l6144,release,standard_hl_shared_origin_v1,loop_seattle/H/short,chronos-2,chronos2,chronos-2,119.477664,119.477664,192,controlled,shared_origin_v1:Hmax=720,720,720,6144,controlled,7320,8040,6144,6144,100,100,100,[],merged,6,323,124032,6757989.810523033,,100,,float32,native_horizon,192,1024,direct_quantiles,44.10812431469298,44.10812431469298,3.6170600757264255,0.7623994330869811,0.12114800412834491,0.08895141298433822,6.177857073462273,6.641394756727911,0.12189208589569071,0.06638530212252249,0.05288974955838559,0.7623994330869811,1.4321323015188605,0.5323526550434005,-0.6304491238320609,0.05288974955838559,0.135466303338544,0.39042734801885565,-0.9405133756188694,Transport,1
loop_seattle/H/short|H=192|L=8192|Hsrc=controlled|Lsrc=controlled|origins=shared_origin_v1:Hmax=720,joint-scaling,release,standard_hl_shared_origin_v1,loop_seattle/H/short,chronos-2,chronos2,chronos-2,119.477664,119.477664,192,controlled,shared_origin_v1:Hmax=720,720,720,8192,controlled,7320,8040,7320,8040,100,100,100,[],merged,2,323,124032,6757989.810523033,,100,,float32,native_horizon,192,1024,direct_quantiles,43.959884596313856,43.959884596313856,3.6103690101143253,0.7614666944099798,0.12125460700476993,0.08888155117369535,6.183079919634707,6.63022507885772,0.1216870844789324,0.06626249840821268,0.05281981411364333,0.7614666944099798,1.4321323015188605,0.5317013613912622,-0.6316732980251274,0.05281981411364333,0.135466303338544,0.3899110908905609,-0.9418365379235134,Transport,1
loop_seattle/H/short|H=336|L=128|Hsrc=controlled|Lsrc=controlled|origins=shared_origin_v1:Hmax=720,joint-scaling,release,standard_hl_shared_origin_v1,loop_seattle/H/short,chronos-2,chronos2,chronos-2,119.477664,119.477664,336,controlled,shared_origin_v1:Hmax=720,720,720,128,controlled,7320,8040,128,128,100,100,100,[],merged,2,323,217056,11889516.385464072,,100,,float32,native_horizon,336,1024,direct_quantiles,99.5445789335471,99.5445789335471,5.809908898798006,1.2004587073116082,0.22062061326123789,0.1337192236770839,9.117871236452746,9.977202961428974,0.182144647081152,0.10606618007434435,0.08227522879485943,1.2004587073116082,1.4759900186073378,0.813324407467399,-0.20662522384854776,0.08227522879485943,0.15223418257634255,0.5404517395664404,-0.615349934388052,Transport,1
loop_seattle/H/short|H=336|L=256|Hsrc=controlled|Lsrc=controlled|origins=shared_origin_v1:Hmax=720,joint-scaling,release,standard_hl_shared_origin_v1,loop_seattle/H/short,chronos-2,chronos2,chronos-2,119.477664,119.477664,336,controlled,shared_origin_v1:Hmax=720,720,720,256,controlled,7320,8040,256,256,100,100,100,[],merged,2,323,217056,11889516.385464072,,100,,float32,native_horizon,336,1024,direct_quantiles,83.61317010356774,83.61317010356774,4.975985280008385,1.0330377982977126,0.17364604758175886,0.11370064174287108,8.825184547270064,9.144023737040918,0.16693405786409402,0.09084200113117913,0.07316802426017084,1.0330377982977126,1.4759900186073378,0.6998948402594414,-0.3568251834249168,0.07316802426017084,0.15223418257634255,0.48062808905272286,-0.7326615115850719,Transport,1
loop_seattle/H/short|H=336|L=512|Hsrc=controlled|Lsrc=controlled|origins=shared_origin_v1:Hmax=720,joint-scaling,release,standard_hl_shared_origin_v1,loop_seattle/H/short,chronos-2,chronos2,chronos-2,119.477664,119.477664,336,controlled,shared_origin_v1:Hmax=720,720,720,512,controlled,7320,8040,512,512,100,100,100,[],merged,2,323,217056,11889516.385464072,,100,,float32,native_horizon,336,1024,direct_quantiles,45.29185325445968,45.29185325445968,3.7776018559150635,0.7996915952479287,0.11889756978937752,0.09067972153139628,6.938951196480867,6.729922232422874,0.12286202001173847,0.06896421366978045,0.05583567937256062,0.7996915952479287,1.4759900186073378,0.5418001376475928,-0.6128580952750785,0.05583567937256062,0.15223418257634255,0.36677491498704695,-1.0030069297414825,Transport,1
loop_seattle/H/short|H=336|L=1024|Hsrc=controlled|Lsrc=controlled|origins=shared_origin_v1:Hmax=720,joint-scaling,release,standard_hl_shared_origin_v1,loop_seattle/H/short,chronos-2,chronos2,chronos-2,119.477664,119.477664,336,controlled,shared_origin_v1:Hmax=720,720,720,1024,controlled,7320,8040,1024,1024,100,100,100,[],merged,2,323,217056,11889516.385464072,,100,,float32,native_horizon,336,1024,direct_quantiles,44.203616232677284,44.203616232677284,3.7023850555847337,0.7832616759690624,0.11647725994566206,0.0888381439483431,6.960587489389459,6.648580016264923,0.12137702974821808,0.06759104950706814,0.05461885062377063,0.7832616759690624,1.4759900186073378,0.5306686807462998,-0.6336174058769277,0.05461885062377063,0.15223418257634255,0.35878177751820167,-1.0250409373831963,Transport,1
loop_seattle/H/short|H=336|L=2048|Hsrc=controlled|Lsrc=controlled|origins=shared_origin_v1:Hmax=720,joint-scaling,release,standard_hl_shared_origin_v1,loop_seattle/H/short,chronos-2,chronos2,chronos-2,119.477664,119.477664,336,controlled,shared_origin_v1:Hmax=720,720,720,2048,controlled,7320,8040,2048,2048,100,100,100,[],merged,2,323,217056,11889516.385464072,,100,,float32,native_horizon,336,1024,direct_quantiles,44.57061829666077,44.57061829666077,3.6575845130404137,0.7733155767402335,0.11668644685336099,0.0878272688566329,6.3180775626064065,6.676122998916419,0.12187985673029049,0.06677316707625804,0.05339890709867444,0.7733155767402335,1.4759900186073378,0.523930085563784,-0.6463970280595304,0.05339890709867444,0.15223418257634255,0.350768179622838,-1.0476297306290097,Transport,1
loop_seattle/H/short|H=336|L=4096|Hsrc=controlled|Lsrc=controlled|origins=shared_origin_v1:Hmax=720,joint-scaling,release,standard_hl_shared_origin_v1,loop_seattle/H/short,chronos-2,chronos2,chronos-2,119.477664,119.477664,336,controlled,shared_origin_v1:Hmax=720,720,720,4096,controlled,7320,8040,4096,4096,100,100,100,[],merged,2,323,217056,11889516.385464072,,100,,float32,native_horizon,336,1024,direct_quantiles,44.823800079242226,44.823800079242226,3.6558762845187416,0.7728269292585416,0.11810951171047161,0.0879999672823488,6.2339646559028985,6.695057884681971,0.12222553357966615,0.06674198151429074,0.053325506925880575,0.7728269292585416,1.4759900186073378,0.523599021345509,-0.6470291140361661,0.053325506925880575,0.15223418257634255,0.3502860265902426,-1.0490052394109064,Transport,1
loop_seattle/H/short|H=336|L=6144|Hsrc=controlled|Lsrc=controlled|origins=shared_origin_v1:Hmax=720,joint-scaling-l6144,release,standard_hl_shared_origin_v1,loop_seattle/H/short,chronos-2,chronos2,chronos-2,119.477664,119.477664,336,controlled,shared_origin_v1:Hmax=720,720,720,6144,controlled,7320,8040,6144,6144,100,100,100,[],merged,6,323,217056,11889516.385464072,,100,,float32,native_horizon,336,1024,direct_quantiles,45.17137282544597,45.17137282544597,3.6669515873783722,0.7744564334715262,0.11917575643281572,0.0883902732942478,6.181942852896903,6.720965170676454,0.12269849914752504,0.0669441731644439,0.05339819640307822,0.7744564334715262,1.4759900186073378,0.5247030289556159,-0.6449228355681573,0.05339819640307822,0.15223418257634255,0.350763511186458,-1.0476430398962637,Transport,1
loop_seattle/H/short|H=336|L=8192|Hsrc=controlled|Lsrc=controlled|origins=shared_origin_v1:Hmax=720,joint-scaling,release,standard_hl_shared_origin_v1,loop_seattle/H/short,chronos-2,chronos2,chronos-2,119.477664,119.477664,336,controlled,shared_origin_v1:Hmax=720,720,720,8192,controlled,7320,8040,7320,8040,100,100,100,[],merged,2,323,217056,11889516.385464072,,100,,float32,native_horizon,336,1024,direct_quantiles,45.10099265857659,45.10099265857659,3.6626704341275986,0.773832019684529,0.11916096780251986,0.08834707211485025,6.207679518663012,6.7157272620749415,0.12260287545245196,0.06686601607462854,0.053361180548344,0.773832019684529,1.4759900186073378,0.5242799815236379,-0.6457294214721947,0.053361180548344,0.15223418257634255,0.35052036044259893,-1.048336484486791,Transport,1
loop_seattle/H/short|H=720|L=128|Hsrc=controlled|Lsrc=controlled|origins=shared_origin_v1:Hmax=720,joint-scaling,release,standard_hl_shared_origin_v1,loop_seattle/H/short,chronos-2,chronos2,chronos-2,119.477664,119.477664,720,controlled,shared_origin_v1:Hmax=720,720,720,128,controlled,7320,8040,128,128,100,100,100,[],merged,2,323,465120,26026034.384654045,,100,,float32,native_horizon,720,1024,direct_quantiles,98.21533851479188,98.21533851479188,5.767374178975318,1.190940364931244,0.20843686634295988,0.12894366893892975,10.257514480813912,9.910365205924142,0.17711146448409296,0.10307068062995867,0.08172132499566213,1.190940364931244,1.546026875629892,0.7703231966430232,-0.26094511629884865,0.08172132499566213,0.1870944876868091,0.43679173024307016,-0.8282987873243695,Transport,1
loop_seattle/H/short|H=720|L=256|Hsrc=controlled|Lsrc=controlled|origins=shared_origin_v1:Hmax=720,joint-scaling,release,standard_hl_shared_origin_v1,loop_seattle/H/short,chronos-2,chronos2,chronos-2,119.477664,119.477664,720,controlled,shared_origin_v1:Hmax=720,720,720,256,controlled,7320,8040,256,256,100,100,100,[],merged,2,323,465120,26026034.384654045,,100,,float32,native_horizon,720,1024,direct_quantiles,82.30648004815961,82.30648004815961,4.988335537065703,1.038533878289779,0.15963655674543667,0.1121277915763002,9.260104625813018,9.072291885083924,0.1621339747433184,0.08914821946012891,0.07228898190109365,1.038533878289779,1.546026875629892,0.671743741755235,-0.397878347860064,0.07228898190109365,0.1870944876868091,0.38637686654939485,-0.9509420476145897,Transport,1
loop_seattle/H/short|H=720|L=512|Hsrc=controlled|Lsrc=controlled|origins=shared_origin_v1:Hmax=720,joint-scaling,release,standard_hl_shared_origin_v1,loop_seattle/H/short,chronos-2,chronos2,chronos-2,119.477664,119.477664,720,controlled,shared_origin_v1:Hmax=720,720,720,512,controlled,7320,8040,512,512,100,100,100,[],merged,2,323,465120,26026034.384654045,,100,,float32,native_horizon,720,1024,direct_quantiles,59.16061930254558,59.16061930254558,4.343682645070089,0.9117331164106783,0.12302905680758461,0.10016646724736358,8.039923196323722,7.691594067717405,0.13745906041245223,0.07762741115358959,0.06239344269679389,0.9117331164106783,1.546026875629892,0.5897265634785387,-0.5280963012406087,0.06239344269679389,0.1870944876868091,0.3334862692547027,-1.0981535861241012,Transport,1
loop_seattle/H/short|H=720|L=1024|Hsrc=controlled|Lsrc=controlled|origins=shared_origin_v1:Hmax=720,joint-scaling,release,standard_hl_shared_origin_v1,loop_seattle/H/short,chronos-2,chronos2,chronos-2,119.477664,119.477664,720,controlled,shared_origin_v1:Hmax=720,720,720,1024,controlled,7320,8040,1024,1024,100,100,100,[],merged,2,323,465120,26026034.384654045,,100,,float32,native_horizon,720,1024,direct_quantiles,60.33689424234606,60.33689424234606,4.296019004504214,0.9010936429754138,0.12104043504566026,0.0991754506271567,7.770648000465486,7.767682681620437,0.1388188655819807,0.0767755982276422,0.061579899968530104,0.9010936429754138,1.546026875629892,0.582844746866567,-0.5398344284962923,0.061579899968530104,0.1870944876868091,0.3291379704976296,-1.1112782529102623,Transport,1
loop_seattle/H/short|H=720|L=2048|Hsrc=controlled|Lsrc=controlled|origins=shared_origin_v1:Hmax=720,joint-scaling,release,standard_hl_shared_origin_v1,loop_seattle/H/short,chronos-2,chronos2,chronos-2,119.477664,119.477664,720,controlled,shared_origin_v1:Hmax=720,720,720,2048,controlled,7320,8040,2048,2048,100,100,100,[],merged,2,323,465120,26026034.384654045,,100,,float32,native_horizon,720,1024,direct_quantiles,60.32950421396629,60.32950421396629,4.198048117958806,0.8786037705778783,0.12140087210357005,0.09726162107695326,6.972057603261984,7.767206976382584,0.13881036409393377,0.07502472761568033,0.059637309266561515,0.8786037705778783,1.546026875629892,0.5682978636577142,-0.5651095898666405,0.059637309266561515,0.1870944876868091,0.3187550312353012,-1.1433323983664598,Transport,1
loop_seattle/H/short|H=720|L=4096|Hsrc=controlled|Lsrc=controlled|origins=shared_origin_v1:Hmax=720,joint-scaling,release,standard_hl_shared_origin_v1,loop_seattle/H/short,chronos-2,chronos2,chronos-2,119.477664,119.477664,720,controlled,shared_origin_v1:Hmax=720,720,720,4096,controlled,7320,8040,4096,4096,100,100,100,[],merged,2,323,465120,26026034.384654045,,100,,float32,native_horizon,720,1024,direct_quantiles,59.86522832817337,59.86522832817337,4.17853252252107,0.8733801802467142,0.12257134247613519,0.0969965097212816,6.73077628074363,7.737262327734104,0.13827521322255884,0.07467595785629845,0.05924630733937086,0.8733801802467142,1.546026875629892,0.5649191446887856,-0.5710726648219557,0.05924630733937086,0.1870944876868091,0.3166651678084044,-1.1499103163034796,Transport,1
loop_seattle/H/short|H=720|L=6144|Hsrc=controlled|Lsrc=controlled|origins=shared_origin_v1:Hmax=720,joint-scaling-l6144,release,standard_hl_shared_origin_v1,loop_seattle/H/short,chronos-2,chronos2,chronos-2,119.477664,119.477664,720,controlled,shared_origin_v1:Hmax=720,720,720,6144,controlled,7320,8040,6144,6144,100,100,100,[],merged,6,323,465120,26026034.384654045,,100,,float32,native_horizon,720,1024,direct_quantiles,60.03774294805642,60.03774294805642,4.180786409958721,0.8735345457580176,0.12352264687741873,0.09718388891072466,6.717394947884419,7.748402606218679,0.13847430488024914,0.07471623783554948,0.059277277024813564,0.8735345457580176,1.546026875629892,0.5650189912786068,-0.5708959355181065,0.059277277024813564,0.1870944876868091,0.31683069746043,-1.1493877251868903,Transport,1
loop_seattle/H/short|H=720|L=8192|Hsrc=controlled|Lsrc=controlled|origins=shared_origin_v1:Hmax=720,joint-scaling,release,standard_hl_shared_origin_v1,loop_seattle/H/short,chronos-2,chronos2,chronos-2,119.477664,119.477664,720,controlled,shared_origin_v1:Hmax=720,720,720,8192,controlled,7320,8040,7320,8040,100,100,100,[],merged,2,323,465120,26026034.384654045,,100,,float32,native_horizon,720,1024,direct_quantiles,60.29313940488476,60.29313940488476,4.183287511824905,0.8743517338820751,0.12360896637729242,0.09729985885698852,6.746211563677185,7.764865704240142,0.13876852243327975,0.07476093586686713,0.05934640775735963,0.8743517338820751,1.546026875629892,0.5655475643176262,-0.5699608767638642,0.05934640775735963,0.1870944876868091,0.31720019382240616,-1.1482221781799973,Transport,1
m_dense/H/short|H=48|L=128|Hsrc=controlled|Lsrc=controlled|origins=shared_origin_v1:Hmax=720,joint-scaling,release,standard_hl_shared_origin_v1,m_dense/H/short,chronos-2,chronos2,chronos-2,119.477664,119.477664,48,controlled,shared_origin_v1:Hmax=720,720,720,128,controlled,15360,16800,128,128,100,100,100,[],merged,2,30,4320,2481933.9528036118,,100,,float32,native_horizon,48,1024,direct_quantiles,50728.88148148148,50728.88148148148,95.73076533564814,0.788325694508372,0.36375442926634377,0.23257875089292174,5.2507117233877,225.23072943424367,0.39203168563644814,0.16662687811770452,0.13220005795174108,0.788325694508372,1.1204480776464614,0.7035807461638708,-0.3515726312403545,0.13220005795174108,0.2198618001220286,0.6012870715984626,-0.5086828019186937,Transport,1
m_dense/H/short|H=48|L=256|Hsrc=controlled|Lsrc=controlled|origins=shared_origin_v1:Hmax=720,joint-scaling,release,standard_hl_shared_origin_v1,m_dense/H/short,chronos-2,chronos2,chronos-2,119.477664,119.477664,48,controlled,shared_origin_v1:Hmax=720,720,720,256,controlled,15360,16800,256,256,100,100,100,[],merged,2,30,4320,2481933.9528036118,,100,,float32,native_horizon,48,1024,direct_quantiles,15274.800925925925,15274.800925925925,62.10688295717593,0.5430878855240093,0.22643533277286015,0.16797491709391277,4.134681309131875,123.59126557295998,0.21512025598911425,0.10810188323985184,0.08508296487713148,0.5430878855240093,1.1204480776464614,0.48470598179326935,-0.72421279497884,0.08508296487713148,0.2198618001220286,0.3869838454424933,-0.9493723298662733,Transport,1
m_dense/H/short|H=48|L=512|Hsrc=controlled|Lsrc=controlled|origins=shared_origin_v1:Hmax=720,joint-scaling,release,standard_hl_shared_origin_v1,m_dense/H/short,chronos-2,chronos2,chronos-2,119.477664,119.477664,48,controlled,shared_origin_v1:Hmax=720,720,720,512,controlled,15360,16800,512,512,100,100,100,[],merged,2,30,4320,2481933.9528036118,,100,,float32,native_horizon,48,1024,direct_quantiles,11506.19351851852,11506.19351851852,54.641596137152774,0.47265468897712315,0.19968592817046915,0.15303001403808594,3.6614403114837444,107.26692648956863,0.18670646811994496,0.09510796814147861,0.07400939668889055,0.47265468897712315,1.1204480776464614,0.42184434817358973,-0.8631188761760515,0.07400939668889055,0.2198618001220286,0.33661780558429677,-1.0888071002754303,Transport,1
m_dense/H/short|H=48|L=1024|Hsrc=controlled|Lsrc=controlled|origins=shared_origin_v1:Hmax=720,joint-scaling,release,standard_hl_shared_origin_v1,m_dense/H/short,chronos-2,chronos2,chronos-2,119.477664,119.477664,48,controlled,shared_origin_v1:Hmax=720,720,720,1024,controlled,15360,16800,1024,1024,100,100,100,[],merged,2,30,4320,2481933.9528036118,,100,,float32,native_horizon,48,1024,direct_quantiles,10550.343518518519,10550.343518518519,52.98922706886574,0.45888932967099444,0.19306669418854974,0.14806826556170427,3.6299816363478334,102.71486512924271,0.17878324959336234,0.09223189065080381,0.07228850624772144,0.45888932967099444,1.1204480776464614,0.4095587638785608,-0.8926748844494262,0.07228850624772144,0.2198618001220286,0.32879065943970065,-1.1123340242337354,Transport,1
m_dense/H/short|H=48|L=2048|Hsrc=controlled|Lsrc=controlled|origins=shared_origin_v1:Hmax=720,joint-scaling,release,standard_hl_shared_origin_v1,m_dense/H/short,chronos-2,chronos2,chronos-2,119.477664,119.477664,48,controlled,shared_origin_v1:Hmax=720,720,720,2048,controlled,15360,16800,2048,2048,100,100,100,[],merged,2,30,4320,2481933.9528036118,,100,,float32,native_horizon,48,1024,direct_quantiles,10258.955555555556,10258.955555555556,51.72987919560185,0.4455237752692978,0.18868794677908304,0.1462201153790509,3.6540304859201274,101.28650233646908,0.17629707253058766,0.09003989726340747,0.07124713115635956,0.4455237752692978,1.1204480776464614,0.39763000549310185,-0.9222333405152272,0.07124713115635956,0.2198618001220286,0.3240541609175204,-1.1268446138343593,Transport,1
m_dense/H/short|H=48|L=4096|Hsrc=controlled|Lsrc=controlled|origins=shared_origin_v1:Hmax=720,joint-scaling,release,standard_hl_shared_origin_v1,m_dense/H/short,chronos-2,chronos2,chronos-2,119.477664,119.477664,48,controlled,shared_origin_v1:Hmax=720,720,720,4096,controlled,15360,16800,4096,4096,100,100,100,[],merged,2,30,4320,2481933.9528036118,,100,,float32,native_horizon,48,1024,direct_quantiles,10203.855092592592,10203.855092592592,51.48147605613426,0.44119901828393693,0.18822876162183108,0.14629342820909289,3.7145242680240815,101.01413313290666,0.17582299264701118,0.08960753218725875,0.07132768258684716,0.44119901828393693,1.1204480776464614,0.39377015953357714,-0.9319878913374748,0.07132768258684716,0.2198618001220286,0.3244205339320363,-1.1257146605565902,Transport,1
m_dense/H/short|H=48|L=6144|Hsrc=controlled|Lsrc=controlled|origins=shared_origin_v1:Hmax=720,joint-scaling-l6144,release,standard_hl_shared_origin_v1,m_dense/H/short,chronos-2,chronos2,chronos-2,119.477664,119.477664,48,controlled,shared_origin_v1:Hmax=720,720,720,6144,controlled,15360,16800,6144,6144,100,100,100,[],merged,6,30,4320,2481933.9528036118,,100,,float32,native_horizon,48,1024,direct_quantiles,10329.892361111111,10329.892361111111,52.14221146195023,0.4467941222098932,0.19304757835157918,0.14784100673816822,3.7100397348445475,101.6360780486492,0.17690553637585324,0.09075759379542551,0.07182500368875336,0.4467941222098932,1.1204480776464614,0.3987637902404181,-0.9193860418060545,0.07182500368875336,0.2198618001220286,0.32668250532329285,-1.1187665114774723,Transport,1
m_dense/H/short|H=48|L=8192|Hsrc=controlled|Lsrc=controlled|origins=shared_origin_v1:Hmax=720,joint-scaling,release,standard_hl_shared_origin_v1,m_dense/H/short,chronos-2,chronos2,chronos-2,119.477664,119.477664,48,controlled,shared_origin_v1:Hmax=720,720,720,8192,controlled,15360,16800,8192,8192,100,100,100,[],merged,2,30,4320,2481933.9528036118,,100,,float32,native_horizon,48,1024,direct_quantiles,10464.983333333334,10464.983333333334,52.380790653935186,0.44733733286789334,0.19026795563344093,0.1476371270638925,3.692893099280117,102.29850112945611,0.1780585355142281,0.09117285952327084,0.07200487754759555,0.44733733286789334,1.1204480776464614,0.3992486057966562,-0.9181709839490768,0.07200487754759555,0.2198618001220286,0.3275006277017249,-1.116265307262179,Transport,1
m_dense/H/short|H=96|L=128|Hsrc=controlled|Lsrc=controlled|origins=shared_origin_v1:Hmax=720,joint-scaling,release,standard_hl_shared_origin_v1,m_dense/H/short,chronos-2,chronos2,chronos-2,119.477664,119.477664,96,controlled,shared_origin_v1:Hmax=720,720,720,128,controlled,15360,16800,128,128,100,100,100,[],merged,2,30,8640,5043646.119029522,,100,,float32,native_horizon,96,1024,direct_quantiles,32540.246296296296,32540.246296296296,79.02844328703704,0.6636691365605637,0.2940456364296218,0.1974275023848922,5.070936107879407,180.38915237978225,0.30901499426791884,0.13537939297997037,0.1090745844860373,0.6636691365605637,1.6112164314292674,0.41190564074116376,-0.8869609831906465,0.1090745844860373,0.288525055629236,0.3780419840771182,-0.9727500205431674,Transport,1
m_dense/H/short|H=96|L=256|Hsrc=controlled|Lsrc=controlled|origins=shared_origin_v1:Hmax=720,joint-scaling,release,standard_hl_shared_origin_v1,m_dense/H/short,chronos-2,chronos2,chronos-2,119.477664,119.477664,96,controlled,shared_origin_v1:Hmax=720,720,720,256,controlled,15360,16800,256,256,100,100,100,[],merged,2,30,8640,5043646.119029522,,100,,float32,native_horizon,96,1024,direct_quantiles,20782.25,20782.25,67.68041449652777,0.5887283569495126,0.2333069990899684,0.1760385654590748,4.55514825166841,144.16050083153846,0.24695363191423814,0.11593969272422247,0.09189839542740176,0.5887283569495126,1.6112164314292674,0.3653937146279394,-1.0067798365328111,0.09189839542740176,0.288525055629236,0.31851097031064834,-1.1440983608875839,Transport,1
m_dense/H/short|H=96|L=512|Hsrc=controlled|Lsrc=controlled|origins=shared_origin_v1:Hmax=720,joint-scaling,release,standard_hl_shared_origin_v1,m_dense/H/short,chronos-2,chronos2,chronos-2,119.477664,119.477664,96,controlled,shared_origin_v1:Hmax=720,720,720,512,controlled,15360,16800,512,512,100,100,100,[],merged,2,30,8640,5043646.119029522,,100,,float32,native_horizon,96,1024,direct_quantiles,14384.524074074074,14384.524074074074,60.06596860532407,0.5234246212521231,0.20541374625628825,0.16075645729347512,3.9665145043703856,119.93549964074053,0.2054550800037866,0.10289579334123825,0.08038516487031444,0.5234246212521231,1.6112164314292674,0.32486301097848597,-1.1243516901920498,0.08038516487031444,0.288525055629236,0.27860722423224127,-1.2779522874907785,Transport,1
m_dense/H/short|H=96|L=1024|Hsrc=controlled|Lsrc=controlled|origins=shared_origin_v1:Hmax=720,joint-scaling,release,standard_hl_shared_origin_v1,m_dense/H/short,chronos-2,chronos2,chronos-2,119.477664,119.477664,96,controlled,shared_origin_v1:Hmax=720,720,720,1024,controlled,15360,16800,1024,1024,100,100,100,[],merged,2,30,8640,5043646.119029522,,100,,float32,native_horizon,96,1024,direct_quantiles,12535.489351851851,12535.489351851851,57.05473994502315,0.49620006769973035,0.1939392980094473,0.15303046615035445,3.740607661130713,111.96199958848472,0.19179610417049678,0.0977374188218923,0.07664228278838214,0.49620006769973035,1.6112164314292674,0.30796611679261765,-1.177765512473731,0.07664228278838214,0.288525055629236,0.2656347561262407,-1.3256330110320995,Transport,1
m_dense/H/short|H=96|L=2048|Hsrc=controlled|Lsrc=controlled|origins=shared_origin_v1:Hmax=720,joint-scaling,release,standard_hl_shared_origin_v1,m_dense/H/short,chronos-2,chronos2,chronos-2,119.477664,119.477664,96,controlled,shared_origin_v1:Hmax=720,720,720,2048,controlled,15360,16800,2048,2048,100,100,100,[],merged,2,30,8640,5043646.119029522,,100,,float32,native_horizon,96,1024,direct_quantiles,12415.556944444445,12415.556944444445,56.87205765335648,0.4950556821478259,0.19600681245733415,0.15345607333713107,3.7845442277819026,111.42511810379402,0.19087640125751362,0.09742447557354565,0.07691013779686047,0.4950556821478259,1.6112164314292674,0.30725585494971347,-1.1800744747380163,0.07691013779686047,0.288525055629236,0.2665631157374854,-1.3221442313809246,Transport,1
m_dense/H/short|H=96|L=4096|Hsrc=controlled|Lsrc=controlled|origins=shared_origin_v1:Hmax=720,joint-scaling,release,standard_hl_shared_origin_v1,m_dense/H/short,chronos-2,chronos2,chronos-2,119.477664,119.477664,96,controlled,shared_origin_v1:Hmax=720,720,720,4096,controlled,15360,16800,4096,4096,100,100,100,[],merged,2,30,8640,5043646.119029522,,100,,float32,native_horizon,96,1024,direct_quantiles,13539.042592592592,13539.042592592592,57.78341471354167,0.4991457660601586,0.20051469172928968,0.15520940709997105,3.871196048073836,116.35739165430184,0.19932561487613035,0.09898567253585655,0.0784394307242707,0.4991457660601586,1.6112164314292674,0.3097943617775668,-1.1718465507209324,0.0784394307242707,0.288525055629236,0.2718634974463635,-1.302455186277468,Transport,1
m_dense/H/short|H=96|L=6144|Hsrc=controlled|Lsrc=controlled|origins=shared_origin_v1:Hmax=720,joint-scaling-l6144,release,standard_hl_shared_origin_v1,m_dense/H/short,chronos-2,chronos2,chronos-2,119.477664,119.477664,96,controlled,shared_origin_v1:Hmax=720,720,720,6144,controlled,15360,16800,6144,6144,100,100,100,[],merged,6,30,8640,5043646.119029522,,100,,float32,native_horizon,96,1024,direct_quantiles,13837.753761574075,13837.753761574075,58.50764928747107,0.5103029914055162,0.20447771370204965,0.15818138828984013,3.905558122217655,117.63398217170953,0.2015124737100179,0.10022631999031237,0.07928428227959884,0.5103029914055162,1.6112164314292674,0.31671908345227084,-1.1497400700623097,0.07928428227959884,0.288525055629236,0.27479167140853683,-1.2917420269224307,Transport,1
m_dense/H/short|H=96|L=8192|Hsrc=controlled|Lsrc=controlled|origins=shared_origin_v1:Hmax=720,joint-scaling,release,standard_hl_shared_origin_v1,m_dense/H/short,chronos-2,chronos2,chronos-2,119.477664,119.477664,96,controlled,shared_origin_v1:Hmax=720,720,720,8192,controlled,15360,16800,8192,8192,100,100,100,[],merged,2,30,8640,5043646.119029522,,100,,float32,native_horizon,96,1024,direct_quantiles,12078.994444444445,12078.994444444445,56.50282118055556,0.4972579873249189,0.19845537523002818,0.1542414629900897,3.8767184639885004,109.90447872786825,0.1882714753967503,0.09679195635040598,0.07681913613017749,0.4972579873249189,1.6112164314292674,0.3086227136374314,-1.175635739566409,0.07681913613017749,0.288525055629236,0.2662477127424682,-1.323328152634019,Transport,1
m_dense/H/short|H=192|L=128|Hsrc=controlled|Lsrc=controlled|origins=shared_origin_v1:Hmax=720,joint-scaling,release,standard_hl_shared_origin_v1,m_dense/H/short,chronos-2,chronos2,chronos-2,119.477664,119.477664,192,controlled,shared_origin_v1:Hmax=720,720,720,128,controlled,15360,16800,128,128,100,100,100,[],merged,2,30,17280,9801028.528793812,,100,,float32,native_horizon,192,1024,direct_quantiles,53072.22592592592,53072.22592592592,101.42641782407408,0.8544502088256111,0.3482326281079942,0.23595185456452547,7.179688540520912,230.37409994599201,0.4061680297503079,0.1788229158655142,0.14545391381189976,0.8544502088256111,1.3606427928826206,0.627975404930045,-0.46525427740500486,0.14545391381189976,0.29794983608119385,0.4881825602758927,-0.7170658441605366,Transport,1
m_dense/H/short|H=192|L=256|Hsrc=controlled|Lsrc=controlled|origins=shared_origin_v1:Hmax=720,joint-scaling,release,standard_hl_shared_origin_v1,m_dense/H/short,chronos-2,chronos2,chronos-2,119.477664,119.477664,192,controlled,shared_origin_v1:Hmax=720,720,720,256,controlled,15360,16800,256,256,100,100,100,[],merged,2,30,17280,9801028.528793812,,100,,float32,native_horizon,192,1024,direct_quantiles,38164.32407407407,38164.32407407407,83.75068721064815,0.7181100489234655,0.2991337915170637,0.2028821733262804,7.100465177295154,195.35691457963313,0.3444299212086374,0.14765918400791603,0.12050689943897588,0.7181100489234655,1.3606427928826206,0.5277726473691874,-0.6390896801110878,0.12050689943897588,0.29794983608119385,0.40445365241327647,-0.90521812899083,Transport,1
m_dense/H/short|H=192|L=512|Hsrc=controlled|Lsrc=controlled|origins=shared_origin_v1:Hmax=720,joint-scaling,release,standard_hl_shared_origin_v1,m_dense/H/short,chronos-2,chronos2,chronos-2,119.477664,119.477664,192,controlled,shared_origin_v1:Hmax=720,720,720,512,controlled,15360,16800,512,512,100,100,100,[],merged,2,30,17280,9801028.528793812,,100,,float32,native_horizon,192,1024,direct_quantiles,35173.09444444445,35173.09444444445,79.15636574074074,0.673763219257161,0.27826070943791675,0.1930827811912254,7.099193174963601,187.54491313934497,0.3306567356198396,0.13955902648192112,0.11418240671955954,0.673763219257161,1.3606427928826206,0.4951800889855483,-0.7028337664460677,0.11418240671955954,0.29794983608119385,0.38322694927895135,-0.9591279084298842,Transport,1
m_dense/H/short|H=192|L=1024|Hsrc=controlled|Lsrc=controlled|origins=shared_origin_v1:Hmax=720,joint-scaling,release,standard_hl_shared_origin_v1,m_dense/H/short,chronos-2,chronos2,chronos-2,119.477664,119.477664,192,controlled,shared_origin_v1:Hmax=720,720,720,1024,controlled,15360,16800,1024,1024,100,100,100,[],merged,2,30,17280,9801028.528793812,,100,,float32,native_horizon,192,1024,direct_quantiles,34316.71666666667,34316.71666666667,77.34771773726852,0.6567669813893137,0.27391113884192747,0.18893744857222947,7.149418142827834,185.24771703496555,0.32660659449770557,0.1363702348762052,0.11221950729782025,0.6567669813893137,1.3606427928826206,0.4826887591841097,-0.728383223961799,0.11221950729782025,0.29794983608119385,0.3766389294714681,-0.9764682972266369,Transport,1
m_dense/H/short|H=192|L=2048|Hsrc=controlled|Lsrc=controlled|origins=shared_origin_v1:Hmax=720,joint-scaling,release,standard_hl_shared_origin_v1,m_dense/H/short,chronos-2,chronos2,chronos-2,119.477664,119.477664,192,controlled,shared_origin_v1:Hmax=720,720,720,2048,controlled,15360,16800,2048,2048,100,100,100,[],merged,2,30,17280,9801028.528793812,,100,,float32,native_horizon,192,1024,direct_quantiles,35250.833333333336,35250.833333333336,77.85496238425925,0.6593214880422259,0.2808380385119593,0.19069914641203703,7.322302231688627,187.75205280724185,0.3310219394809183,0.13726454790409295,0.1135994175407304,0.6593214880422259,1.3606427928826206,0.48456618554926195,-0.7245012511002202,0.1135994175407304,0.29794983608119385,0.3812702803762362,-0.964246758045817,Transport,1
m_dense/H/short|H=192|L=4096|Hsrc=controlled|Lsrc=controlled|origins=shared_origin_v1:Hmax=720,joint-scaling,release,standard_hl_shared_origin_v1,m_dense/H/short,chronos-2,chronos2,chronos-2,119.477664,119.477664,192,controlled,shared_origin_v1:Hmax=720,720,720,4096,controlled,15360,16800,4096,4096,100,100,100,[],merged,2,30,17280,9801028.528793812,,100,,float32,native_horizon,192,1024,direct_quantiles,35709.12222222222,35709.12222222222,78.31708622685186,0.659563246039354,0.28263357846175396,0.191215741192853,7.070324706414021,188.96857469490058,0.3331667652159914,0.1380793093320941,0.1138767326543853,0.659563246039354,1.3606427928826206,0.48474386480379716,-0.7241346413524712,0.1138767326543853,0.29794983608119385,0.38220102468307093,-0.9618085661668139,Transport,1
m_dense/H/short|H=192|L=6144|Hsrc=controlled|Lsrc=controlled|origins=shared_origin_v1:Hmax=720,joint-scaling-l6144,release,standard_hl_shared_origin_v1,m_dense/H/short,chronos-2,chronos2,chronos-2,119.477664,119.477664,192,controlled,shared_origin_v1:Hmax=720,720,720,6144,controlled,15360,16800,6144,6144,100,100,100,[],merged,6,30,17280,9801028.528793812,,100,,float32,native_horizon,192,1024,direct_quantiles,35596.50393518519,35596.50393518519,78.42331452546296,0.6624965106845249,0.28433498561859955,0.19193518073470503,7.102332582258047,188.67035786043655,0.33264098499972133,0.13826659834922198,0.11389831615393593,0.6624965106845249,1.3606427928826206,0.48689965812480285,-0.7196972179403646,0.11389831615393593,0.29794983608119385,0.3822734647281285,-0.9616190502410955,Transport,1
m_dense/H/short|H=192|L=8192|Hsrc=controlled|Lsrc=controlled|origins=shared_origin_v1:Hmax=720,joint-scaling,release,standard_hl_shared_origin_v1,m_dense/H/short,chronos-2,chronos2,chronos-2,119.477664,119.477664,192,controlled,shared_origin_v1:Hmax=720,720,720,8192,controlled,15360,16800,8192,8192,100,100,100,[],merged,2,30,17280,9801028.528793812,,100,,float32,native_horizon,192,1024,direct_quantiles,34724.2962962963,34724.2962962963,77.59931640625,0.656169580206196,0.27918885281224565,0.18955525292290581,7.113783525736888,186.34456336662012,0.32854042262148964,0.13681382352480748,0.11287218282670597,0.656169580206196,1.3606427928826206,0.48224970112549015,-0.7292932469466407,0.11287218282670597,0.29794983608119385,0.378829484557754,-0.9706690839576411,Transport,1
m_dense/H/short|H=336|L=128|Hsrc=controlled|Lsrc=controlled|origins=shared_origin_v1:Hmax=720,joint-scaling,release,standard_hl_shared_origin_v1,m_dense/H/short,chronos-2,chronos2,chronos-2,119.477664,119.477664,336,controlled,shared_origin_v1:Hmax=720,720,720,128,controlled,15360,16800,128,128,100,100,100,[],merged,2,30,30240,17556057.090857506,,100,,float32,native_horizon,336,1024,direct_quantiles,48643.06455026455,48643.06455026455,95.75571263227513,0.8080041405426506,0.3212631652335285,0.22419505447306962,7.435081136384906,220.55172760661964,0.37989647722764464,0.16493753324076055,0.13662448150633272,0.8080041405426506,1.4734938128038875,0.5483593711229181,-0.6008244202476174,0.13662448150633272,0.336977925961787,0.40544044870709367,-0.902781275133584,Transport,1
m_dense/H/short|H=336|L=256|Hsrc=controlled|Lsrc=controlled|origins=shared_origin_v1:Hmax=720,joint-scaling,release,standard_hl_shared_origin_v1,m_dense/H/short,chronos-2,chronos2,chronos-2,119.477664,119.477664,336,controlled,shared_origin_v1:Hmax=720,720,720,256,controlled,15360,16800,256,256,100,100,100,[],merged,2,30,30240,17556057.090857506,,100,,float32,native_horizon,336,1024,direct_quantiles,28886.715343915344,28886.715343915344,75.23231233465609,0.6538893682307644,0.2701026687534197,0.18874380121786127,6.433144974183834,169.9609229908903,0.29275470480903315,0.12958633668289574,0.10593925747095467,0.6538893682307644,1.4734938128038875,0.4437679768647884,-0.8124534277684762,0.10593925747095467,0.336977925961787,0.3143804068726095,-1.157151539476478,Transport,1
m_dense/H/short|H=336|L=512|Hsrc=controlled|Lsrc=controlled|origins=shared_origin_v1:Hmax=720,joint-scaling,release,standard_hl_shared_origin_v1,m_dense/H/short,chronos-2,chronos2,chronos-2,119.477664,119.477664,336,controlled,shared_origin_v1:Hmax=720,720,720,512,controlled,15360,16800,512,512,100,100,100,[],merged,2,30,30240,17556057.090857506,,100,,float32,native_horizon,336,1024,direct_quantiles,26298.33439153439,26298.33439153439,70.31206183862435,0.6046356604852633,0.2480796363362322,0.17776060558500745,6.228422972784995,162.16761203006718,0.2793308635538108,0.12111129161839303,0.09894100923456296,0.6046356604852633,1.4734938128038875,0.4103414993882546,-0.8907655406363881,0.09894100923456296,0.336977925961787,0.29361273131517457,-1.225493620391811,Transport,1
m_dense/H/short|H=336|L=1024|Hsrc=controlled|Lsrc=controlled|origins=shared_origin_v1:Hmax=720,joint-scaling,release,standard_hl_shared_origin_v1,m_dense/H/short,chronos-2,chronos2,chronos-2,119.477664,119.477664,336,controlled,shared_origin_v1:Hmax=720,720,720,1024,controlled,15360,16800,1024,1024,100,100,100,[],merged,2,30,30240,17556057.090857506,,100,,float32,native_horizon,336,1024,direct_quantiles,25527.301587301587,25527.301587301587,68.64922701719577,0.5898557515996451,0.2445777737197713,0.1742006089952257,6.18409909836044,159.77265594369266,0.27520559375791337,0.11824708784303699,0.09711891446710245,0.5898557515996451,1.4734938128038875,0.4003109795739272,-0.9155135849962145,0.09711891446710245,0.336977925961787,0.28820556773833206,-1.2440812765945393,Transport,1
m_dense/H/short|H=336|L=2048|Hsrc=controlled|Lsrc=controlled|origins=shared_origin_v1:Hmax=720,joint-scaling,release,standard_hl_shared_origin_v1,m_dense/H/short,chronos-2,chronos2,chronos-2,119.477664,119.477664,336,controlled,shared_origin_v1:Hmax=720,720,720,2048,controlled,15360,16800,2048,2048,100,100,100,[],merged,2,30,30240,17556057.090857506,,100,,float32,native_horizon,336,1024,direct_quantiles,26954.516402116402,26954.516402116402,69.91149966931216,0.5970350588443126,0.2541501830011589,0.1772838935650215,6.328146652122594,164.17830673422236,0.2827942498676613,0.12042133031687116,0.09932435762716638,0.5970350588443126,1.4734938128038875,0.40518328184101726,-0.9034157664888519,0.09932435762716638,0.336977925961787,0.2947503381525046,-1.2216265923133907,Transport,1
m_dense/H/short|H=336|L=4096|Hsrc=controlled|Lsrc=controlled|origins=shared_origin_v1:Hmax=720,joint-scaling,release,standard_hl_shared_origin_v1,m_dense/H/short,chronos-2,chronos2,chronos-2,119.477664,119.477664,336,controlled,shared_origin_v1:Hmax=720,720,720,4096,controlled,15360,16800,4096,4096,100,100,100,[],merged,2,30,30240,17556057.090857506,,100,,float32,native_horizon,336,1024,direct_quantiles,27251.242328042328,27251.242328042328,70.29422123015873,0.597903885477251,0.2550610154946067,0.17773003956628225,6.22079820542213,165.0795030524454,0.2843465446979883,0.12108056148364763,0.09964514776380182,0.597903885477251,1.4734938128038875,0.40577291895071443,-0.9019615887835035,0.09964514776380182,0.336977925961787,0.29570230002276615,-1.2184020739234311,Transport,1
m_dense/H/short|H=336|L=6144|Hsrc=controlled|Lsrc=controlled|origins=shared_origin_v1:Hmax=720,joint-scaling-l6144,release,standard_hl_shared_origin_v1,m_dense/H/short,chronos-2,chronos2,chronos-2,119.477664,119.477664,336,controlled,shared_origin_v1:Hmax=720,720,720,6144,controlled,15360,16800,6144,6144,100,100,100,[],merged,6,30,30240,17556057.090857506,,100,,float32,native_horizon,336,1024,direct_quantiles,27086.59828042328,27086.59828042328,70.39197461970899,0.5996866379783996,0.25564455443390055,0.17808831431878308,6.2594487336330635,164.58006647350487,0.283486273962424,0.1212489399802942,0.0996617805118635,0.5996866379783996,1.4734938128038875,0.4069828001769927,-0.8989843544399103,0.0996617805118635,0.336977925961787,0.29575165859132585,-1.2182351680537336,Transport,1
m_dense/H/short|H=336|L=8192|Hsrc=controlled|Lsrc=controlled|origins=shared_origin_v1:Hmax=720,joint-scaling,release,standard_hl_shared_origin_v1,m_dense/H/short,chronos-2,chronos2,chronos-2,119.477664,119.477664,336,controlled,shared_origin_v1:Hmax=720,720,720,8192,controlled,15360,16800,8192,8192,100,100,100,[],merged,2,30,30240,17556057.090857506,,100,,float32,native_horizon,336,1024,direct_quantiles,26497.139682539684,26497.139682539684,69.81535631613757,0.5953866895738306,0.25122991495782326,0.17626627765635333,6.246866880866732,162.7794203286757,0.28038469260290616,0.12025572507960443,0.0988917576269607,0.5953866895738306,1.4734938128038875,0.4040646010184996,-0.906180510293053,0.0988917576269607,0.336977925961787,0.29346657453810476,-1.225991531929936,Transport,1
m_dense/H/short|H=720|L=128|Hsrc=controlled|Lsrc=controlled|origins=shared_origin_v1:Hmax=720,joint-scaling,release,standard_hl_shared_origin_v1,m_dense/H/short,chronos-2,chronos2,chronos-2,119.477664,119.477664,720,controlled,shared_origin_v1:Hmax=720,720,720,128,controlled,15360,16800,128,128,100,100,100,[],merged,2,30,64800,37431809.903151035,,100,,float32,native_horizon,720,1024,direct_quantiles,58146.362469135805,58146.362469135805,106.20657021604939,0.9096910811138417,0.34952475586951187,0.24473939495322145,8.591389973955756,241.1355686520257,0.41744133903971054,0.18385928352934527,0.15365186799583128,0.9096910811138417,1.4779178745268122,0.6155220779132259,-0.48528446411754883,0.15365186799583128,0.41895078948633335,0.36675397648544966,-1.0030640195217118,Transport,1
m_dense/H/short|H=720|L=256|Hsrc=controlled|Lsrc=controlled|origins=shared_origin_v1:Hmax=720,joint-scaling,release,standard_hl_shared_origin_v1,m_dense/H/short,chronos-2,chronos2,chronos-2,119.477664,119.477664,720,controlled,shared_origin_v1:Hmax=720,720,720,256,controlled,15360,16800,256,256,100,100,100,[],merged,2,30,64800,37431809.903151035,,100,,float32,native_horizon,720,1024,direct_quantiles,36707.29086419753,36707.29086419753,83.15442129629629,0.7397833334924101,0.2964223461772747,0.20360002682532793,7.567911791358819,191.59146866235335,0.33167317320329154,0.143952603786503,0.11873582201101661,0.7397833334924101,1.4779178745268122,0.5005578092282482,-0.6920321839432714,0.11873582201101661,0.41895078948633335,0.2834123362235361,-1.2608524233026568,Transport,1
m_dense/H/short|H=720|L=512|Hsrc=controlled|Lsrc=controlled|origins=shared_origin_v1:Hmax=720,joint-scaling,release,standard_hl_shared_origin_v1,m_dense/H/short,chronos-2,chronos2,chronos-2,119.477664,119.477664,720,controlled,shared_origin_v1:Hmax=720,720,720,512,controlled,15360,16800,512,512,100,100,100,[],merged,2,30,64800,37431809.903151035,,100,,float32,native_horizon,720,1024,direct_quantiles,35353.9950617284,35353.9950617284,79.3921450617284,0.6915778805534073,0.2762843998657951,0.19337444540895063,7.56726453015027,188.0265807318965,0.32550182486370305,0.13743954709405926,0.11327309246556697,0.6915778805534073,1.4779178745268122,0.46794067009632123,-0.759413764399363,0.11327309246556697,0.41895078948633335,0.2703732641355055,-1.3079518149403218,Transport,1
m_dense/H/short|H=720|L=1024|Hsrc=controlled|Lsrc=controlled|origins=shared_origin_v1:Hmax=720,joint-scaling,release,standard_hl_shared_origin_v1,m_dense/H/short,chronos-2,chronos2,chronos-2,119.477664,119.477664,720,controlled,shared_origin_v1:Hmax=720,720,720,1024,controlled,15360,16800,1024,1024,100,100,100,[],merged,2,30,64800,37431809.903151035,,100,,float32,native_horizon,720,1024,direct_quantiles,34818.723950617285,34818.723950617285,78.48472608024692,0.683654895637786,0.27255502405738613,0.19138057002314815,7.286477743083582,186.59775976848513,0.323028324419332,0.13586867060820035,0.11223432406546913,0.683654895637786,1.4779178745268122,0.46257975995903905,-0.770936282932643,0.11223432406546913,0.41895078948633335,0.26789381207057095,-1.3171646006058713,Transport,1
m_dense/H/short|H=720|L=2048|Hsrc=controlled|Lsrc=controlled|origins=shared_origin_v1:Hmax=720,joint-scaling,release,standard_hl_shared_origin_v1,m_dense/H/short,chronos-2,chronos2,chronos-2,119.477664,119.477664,720,controlled,shared_origin_v1:Hmax=720,720,720,2048,controlled,15360,16800,2048,2048,100,100,100,[],merged,2,30,64800,37431809.903151035,,100,,float32,native_horizon,720,1024,direct_quantiles,36081.44987654321,36081.44987654321,79.88312885802469,0.6904664876002086,0.28377438556095436,0.19481086636766975,7.39406622811752,189.9511776129414,0.328833586758583,0.13828951267366435,0.1145911960671029,0.6904664876002086,1.4779178745268122,0.46718867096811895,-0.7610220965461183,0.1145911960671029,0.41895078948633335,0.2735194656336624,-1.2963824873175858,Transport,1
m_dense/H/short|H=720|L=4096|Hsrc=controlled|Lsrc=controlled|origins=shared_origin_v1:Hmax=720,joint-scaling,release,standard_hl_shared_origin_v1,m_dense/H/short,chronos-2,chronos2,chronos-2,119.477664,119.477664,720,controlled,shared_origin_v1:Hmax=720,720,720,4096,controlled,15360,16800,4096,4096,100,100,100,[],merged,2,30,64800,37431809.903151035,,100,,float32,native_horizon,720,1024,direct_quantiles,35938.46518518519,35938.46518518519,79.29935570987654,0.6829923479754141,0.2815943208463087,0.1934012104552469,7.090696390516455,189.57443178125362,0.32818138399423546,0.137278915000245,0.11304433158015559,0.6829923479754141,1.4779178745268122,0.46213146193531834,-0.7719058787334236,0.11304433158015559,0.41895078948633335,0.2698272313050343,-1.309973408852369,Transport,1
m_dense/H/short|H=720|L=6144|Hsrc=controlled|Lsrc=controlled|origins=shared_origin_v1:Hmax=720,joint-scaling-l6144,release,standard_hl_shared_origin_v1,m_dense/H/short,chronos-2,chronos2,chronos-2,119.477664,119.477664,720,controlled,shared_origin_v1:Hmax=720,720,720,6144,controlled,15360,16800,6144,6144,100,100,100,[],merged,6,30,64800,37431809.903151035,,100,,float32,native_horizon,720,1024,direct_quantiles,36149.63901234568,36149.63901234568,79.52582561728396,0.685221282406949,0.28119113941346563,0.1936029862768856,7.081678205153897,190.1305841056238,0.3291441659359164,0.13767096791026912,0.11332284582181117,0.685221282406949,1.4779178745268122,0.46363962045342855,-0.7686477085853672,0.11332284582181117,0.41895078948633335,0.27049202117688786,-1.3075126777040609,Transport,1
m_dense/H/short|H=720|L=8192|Hsrc=controlled|Lsrc=controlled|origins=shared_origin_v1:Hmax=720,joint-scaling,release,standard_hl_shared_origin_v1,m_dense/H/short,chronos-2,chronos2,chronos-2,119.477664,119.477664,720,controlled,shared_origin_v1:Hmax=720,720,720,8192,controlled,15360,16800,8192,8192,100,100,100,[],merged,2,30,64800,37431809.903151035,,100,,float32,native_horizon,720,1024,direct_quantiles,36266.57777777778,36266.57777777778,79.17916280864198,0.6819031678295192,0.2782872617887695,0.19195579246238426,7.268399618392895,190.43785804765233,0.329676102582714,0.13707084330881059,0.1131620685284196,0.6819031678295192,1.4779178745268122,0.461394492605244,-0.7735018695832404,0.1131620685284196,0.41895078948633335,0.270108259414346,-1.3089324395531863,Transport,1
saugeen/D/short|H=48|L=128|Hsrc=controlled|Lsrc=controlled|origins=shared_origin_v1:Hmax=720,joint-scaling,release,standard_hl_shared_origin_v1,saugeen/D/short,chronos-2,chronos2,chronos-2,119.477664,119.477664,48,controlled,shared_origin_v1:Hmax=720,720,720,128,controlled,20861,23021,128,128,100,100,100,[],merged,2,1,192,6793.600008964539,,100,,float32,native_horizon,48,1024,direct_quantiles,2092.19482421875,2092.19482421875,23.800669352213543,5.374684233773043,0.6350305080413818,0.5600963036219279,59.68125882932819,45.74051622160325,1.292713598527915,0.6726519826888521,0.5510048653987772,5.374684233773043,6.287958974414405,0.8547581585125696,-0.15693670559740464,0.5510048653987772,0.781620444657756,0.7049519612297792,-0.3496256185911144,Nature,1
saugeen/D/short|H=48|L=256|Hsrc=controlled|Lsrc=controlled|origins=shared_origin_v1:Hmax=720,joint-scaling,release,standard_hl_shared_origin_v1,saugeen/D/short,chronos-2,chronos2,chronos-2,119.477664,119.477664,48,controlled,shared_origin_v1:Hmax=720,720,720,256,controlled,20861,23021,256,256,100,100,100,[],merged,2,1,192,6793.600008964539,,100,,float32,native_horizon,48,1024,direct_quantiles,2165.9947916666665,2165.9947916666665,21.36469014485677,4.827161564508404,0.43576447168986004,0.4797153075536092,74.78767829700631,46.54024915776307,1.3153155656057633,0.6038065977389974,0.5216363494756318,4.827161564508404,6.287958974414405,0.7676833745496814,-0.26437790356399754,0.5216363494756318,0.781620444657756,0.6673780772252418,-0.40439856123367685,Nature,1
saugeen/D/short|H=48|L=512|Hsrc=controlled|Lsrc=controlled|origins=shared_origin_v1:Hmax=720,joint-scaling,release,standard_hl_shared_origin_v1,saugeen/D/short,chronos-2,chronos2,chronos-2,119.477664,119.477664,48,controlled,shared_origin_v1:Hmax=720,720,720,512,controlled,20861,23021,512,512,100,100,100,[],merged,2,1,192,6793.600008964539,,100,,float32,native_horizon,48,1024,direct_quantiles,2014.3951822916667,2014.3951822916667,20.36827214558919,4.6013423521818195,0.4334879716237386,0.44685502847035724,58.39162541268374,44.882014017774054,1.2684507006655592,0.5756459383526739,0.4997085888779419,4.6013423521818195,6.287958974414405,0.7317704156316225,-0.3122884540635994,0.4997085888779419,0.781620444657756,0.6393238461114545,-0.44734415155869495,Nature,1
saugeen/D/short|H=48|L=1024|Hsrc=controlled|Lsrc=controlled|origins=shared_origin_v1:Hmax=720,joint-scaling,release,standard_hl_shared_origin_v1,saugeen/D/short,chronos-2,chronos2,chronos-2,119.477664,119.477664,48,controlled,shared_origin_v1:Hmax=720,720,720,1024,controlled,20861,23021,1024,1024,100,100,100,[],merged,2,1,192,6793.600008964539,,100,,float32,native_horizon,48,1024,direct_quantiles,1950.9778645833333,1950.9778645833333,19.393173217773438,4.379823937869241,0.4017685254414876,0.41329363981882733,32.057157406596495,44.16987508000598,1.2483243058423366,0.5480877962934447,0.4354831053431589,4.379823937869241,6.287958974414405,0.6965414303259083,-0.3616280039334974,0.4354831053431589,0.781620444657756,0.5571541895041418,-0.5849132559909312,Nature,1
saugeen/D/short|H=48|L=2048|Hsrc=controlled|Lsrc=controlled|origins=shared_origin_v1:Hmax=720,joint-scaling,release,standard_hl_shared_origin_v1,saugeen/D/short,chronos-2,chronos2,chronos-2,119.477664,119.477664,48,controlled,shared_origin_v1:Hmax=720,720,720,2048,controlled,20861,23021,2048,2048,100,100,100,[],merged,2,1,192,6793.600008964539,,100,,float32,native_horizon,48,1024,direct_quantiles,2001.5616861979167,2001.5616861979167,19.462565104166668,4.393651348824088,0.3881847063700358,0.42099587122599286,37.701916333711104,44.738816325400435,1.2644036627328792,0.5500489423971187,0.46056062858675273,4.393651348824088,6.287958974414405,0.6987404604104096,-0.3584759069703737,0.46056062858675273,0.781620444657756,0.5892382060047264,-0.5289247526318365,Nature,1
saugeen/D/short|H=48|L=4096|Hsrc=controlled|Lsrc=controlled|origins=shared_origin_v1:Hmax=720,joint-scaling,release,standard_hl_shared_origin_v1,saugeen/D/short,chronos-2,chronos2,chronos-2,119.477664,119.477664,48,controlled,shared_origin_v1:Hmax=720,720,720,4096,controlled,20861,23021,4096,4096,100,100,100,[],merged,2,1,192,6793.600008964539,,100,,float32,native_horizon,48,1024,direct_quantiles,1978.0856119791667,1978.0856119791667,19.352046966552734,4.368585797419667,0.3903065125147502,0.42250696818033856,42.036392494690574,44.475674384759664,1.256966773228587,0.5469254905609972,0.4623142694183371,4.368585797419667,6.287958974414405,0.6947541825885579,-0.36419719009904494,0.4623142694183371,0.781620444657756,0.5914818024249201,-0.5251243611681098,Nature,1
saugeen/D/short|H=48|L=6144|Hsrc=controlled|Lsrc=controlled|origins=shared_origin_v1:Hmax=720,joint-scaling-l6144,release,standard_hl_shared_origin_v1,saugeen/D/short,chronos-2,chronos2,chronos-2,119.477664,119.477664,48,controlled,shared_origin_v1:Hmax=720,720,720,6144,controlled,20861,23021,6144,6144,100,100,100,[],merged,6,1,192,6793.600008964539,,100,,float32,native_horizon,48,1024,direct_quantiles,1984.4391276041667,1984.4391276041667,19.313905080159504,4.360402532457802,0.3844464222590129,0.4207618236541748,42.07605606269785,44.547043982784835,1.2589838132077955,0.5458475286294975,0.4627558048949923,4.360402532457802,6.287958974414405,0.693452764275372,-0.36607215362287115,0.4627558048949923,0.781620444657756,0.5920466999780395,-0.5241697621113575,Nature,1
saugeen/D/short|H=48|L=8192|Hsrc=controlled|Lsrc=controlled|origins=shared_origin_v1:Hmax=720,joint-scaling,release,standard_hl_shared_origin_v1,saugeen/D/short,chronos-2,chronos2,chronos-2,119.477664,119.477664,48,controlled,shared_origin_v1:Hmax=720,720,720,8192,controlled,20861,23021,8192,8192,100,100,100,[],merged,2,1,192,6793.600008964539,,100,,float32,native_horizon,48,1024,direct_quantiles,1980.1982421875,1980.1982421875,19.348098754882812,4.3683842396019275,0.3864743709564209,0.42148733139038086,41.31584342219069,44.49941844774491,1.2576378254081606,0.5468139066232286,0.464092714263763,4.3683842396019275,6.287958974414405,0.6947221280190927,-0.3642433291648587,0.464092714263763,0.781620444657756,0.5937571329355039,-0.5212849103403867,Nature,1
saugeen/D/short|H=96|L=128|Hsrc=controlled|Lsrc=controlled|origins=shared_origin_v1:Hmax=720,joint-scaling,release,standard_hl_shared_origin_v1,saugeen/D/short,chronos-2,chronos2,chronos-2,119.477664,119.477664,96,controlled,shared_origin_v1:Hmax=720,720,720,128,controlled,20861,23021,128,128,100,100,100,[],merged,2,1,384,22887.600024223328,,100,,float32,native_horizon,96,1024,direct_quantiles,6385.977864583333,6385.977864583333,44.780853271484375,10.095241523465495,0.6349413792292277,0.7705827554066976,177.6008245579426,79.91231359798897,1.3407403305348997,0.7513172039903965,0.6594883944737778,10.095241523465495,10.79500131911943,0.935177423793866,-0.06701900962692908,0.6594883944737778,0.7336308511462726,0.8989376516041416,-0.10654159996989851,Nature,1
saugeen/D/short|H=96|L=256|Hsrc=controlled|Lsrc=controlled|origins=shared_origin_v1:Hmax=720,joint-scaling,release,standard_hl_shared_origin_v1,saugeen/D/short,chronos-2,chronos2,chronos-2,119.477664,119.477664,96,controlled,shared_origin_v1:Hmax=720,720,720,256,controlled,20861,23021,256,256,100,100,100,[],merged,2,1,384,22887.600024223328,,100,,float32,native_horizon,96,1024,direct_quantiles,6587.293619791667,6587.293619791667,44.266805013020836,9.979367767224845,0.5282148122787476,0.7418378194173177,222.09300328884618,81.16214400686854,1.3617095399103611,0.7426926854283329,0.6710663449211389,9.979367767224845,10.79500131911943,0.9244434041476228,-0.0785634478248164,0.6710663449211389,0.7336308511462726,0.9147193631137802,-0.08913796773029597,Nature,1
saugeen/D/short|H=96|L=512|Hsrc=controlled|Lsrc=controlled|origins=shared_origin_v1:Hmax=720,joint-scaling,release,standard_hl_shared_origin_v1,saugeen/D/short,chronos-2,chronos2,chronos-2,119.477664,119.477664,96,controlled,shared_origin_v1:Hmax=720,720,720,512,controlled,20861,23021,512,512,100,100,100,[],merged,2,1,384,22887.600024223328,,100,,float32,native_horizon,96,1024,direct_quantiles,6109.880208333333,6109.880208333333,41.57496134440104,9.370466527145341,0.5006192922592163,0.6537018219629923,130.46318582070523,78.16572271995784,1.3114366509680548,0.6975298912666031,0.6020432677731109,9.370466527145341,10.79500131911943,0.8680375527651819,-0.14152030170327043,0.6020432677731109,0.7336308511462726,0.8206351557223082,-0.19767665840706622,Nature,1
saugeen/D/short|H=96|L=1024|Hsrc=controlled|Lsrc=controlled|origins=shared_origin_v1:Hmax=720,joint-scaling,release,standard_hl_shared_origin_v1,saugeen/D/short,chronos-2,chronos2,chronos-2,119.477664,119.477664,96,controlled,shared_origin_v1:Hmax=720,720,720,1024,controlled,20861,23021,1024,1024,100,100,100,[],merged,2,1,384,22887.600024223328,,100,,float32,native_horizon,96,1024,direct_quantiles,4740.046223958333,4740.046223958333,37.62193298339844,8.475252062833812,0.5744762420654297,0.5459604263305664,58.630387793926566,68.84799360880703,1.1551071111781646,0.6312073896055094,0.5030404883918627,8.475252062833812,10.79500131911943,0.7851089418417185,-0.241932791412499,0.5030404883918627,0.7336308511462726,0.6856861153070096,-0.3773353138292944,Nature,1
saugeen/D/short|H=96|L=2048|Hsrc=controlled|Lsrc=controlled|origins=shared_origin_v1:Hmax=720,joint-scaling,release,standard_hl_shared_origin_v1,saugeen/D/short,chronos-2,chronos2,chronos-2,119.477664,119.477664,96,controlled,shared_origin_v1:Hmax=720,720,720,2048,controlled,20861,23021,2048,2048,100,100,100,[],merged,2,1,384,22887.600024223328,,100,,float32,native_horizon,96,1024,direct_quantiles,4963.490885416667,4963.490885416667,36.13395690917969,8.139056714655135,0.47512908776601154,0.5218441088994344,58.968294409428474,70.4520467085,1.182019342676015,0.6062426570911666,0.4917061756923189,8.139056714655135,10.79500131911943,0.7539653284006318,-0.2824088955849957,0.4917061756923189,0.7336308511462726,0.6702365023554355,-0.4001246402927384,Nature,1
saugeen/D/short|H=96|L=4096|Hsrc=controlled|Lsrc=controlled|origins=shared_origin_v1:Hmax=720,joint-scaling,release,standard_hl_shared_origin_v1,saugeen/D/short,chronos-2,chronos2,chronos-2,119.477664,119.477664,96,controlled,shared_origin_v1:Hmax=720,720,720,4096,controlled,20861,23021,4096,4096,100,100,100,[],merged,2,1,384,22887.600024223328,,100,,float32,native_horizon,96,1024,direct_quantiles,4940.938802083333,4940.938802083333,36.06749725341797,8.124862586863893,0.47774819533030194,0.5225799878438314,63.92363068106797,70.29181177123928,1.1793309779788428,0.6051276206615939,0.49727180285207034,8.124862586863893,10.79500131911943,0.7526504487288617,-0.28415437047722125,0.49727180285207034,0.7336308511462726,0.6778229160825237,-0.3888692108756634,Nature,1
saugeen/D/short|H=96|L=6144|Hsrc=controlled|Lsrc=controlled|origins=shared_origin_v1:Hmax=720,joint-scaling-l6144,release,standard_hl_shared_origin_v1,saugeen/D/short,chronos-2,chronos2,chronos-2,119.477664,119.477664,96,controlled,shared_origin_v1:Hmax=720,720,720,6144,controlled,20861,23021,6144,6144,100,100,100,[],merged,6,1,384,22887.600024223328,,100,,float32,native_horizon,96,1024,direct_quantiles,4926.869466145833,4926.869466145833,35.99463399251302,8.108615744919978,0.47392861048380536,0.5219025611877441,63.72299600371514,70.19166236915773,1.1776507069867503,0.6039051468260721,0.49680275492613546,8.108615744919978,10.79500131911943,0.7511454149207473,-0.2861560175717496,0.49680275492613546,0.7336308511462726,0.677183564663207,-0.3898128985640241,Nature,1
saugeen/D/short|H=96|L=8192|Hsrc=controlled|Lsrc=controlled|origins=shared_origin_v1:Hmax=720,joint-scaling,release,standard_hl_shared_origin_v1,saugeen/D/short,chronos-2,chronos2,chronos-2,119.477664,119.477664,96,controlled,shared_origin_v1:Hmax=720,720,720,8192,controlled,20861,23021,8192,8192,100,100,100,[],merged,2,1,384,22887.600024223328,,100,,float32,native_horizon,96,1024,direct_quantiles,4887.917317708333,4887.917317708333,35.89903259277344,8.087034083984312,0.4741361141204834,0.5210906267166138,62.28837321474723,69.91364185699621,1.172986177872425,0.602301180597147,0.4950754138471221,8.087034083984312,10.79500131911943,0.7491461876582696,-0.2888211373956479,0.4950754138471221,0.7336308511462726,0.674829054794498,-0.3932958723396492,Nature,1
saugeen/D/short|H=192|L=128|Hsrc=controlled|Lsrc=controlled|origins=shared_origin_v1:Hmax=720,joint-scaling,release,standard_hl_shared_origin_v1,saugeen/D/short,chronos-2,chronos2,chronos-2,119.477664,119.477664,192,controlled,shared_origin_v1:Hmax=720,720,720,128,controlled,20861,23021,128,128,100,100,100,[],merged,2,1,768,32805.300033569336,,100,,float32,native_horizon,192,1024,direct_quantiles,3474.3525390625,3474.3525390625,29.143903096516926,6.565989653545724,0.5641435384750366,0.6302675008773804,103.20195137960548,58.943638664935676,1.3799207581807689,0.6822835808610558,0.5954880303451083,6.565989653545724,8.364690063972306,0.7849650857748103,-0.24211603890883415,0.5954880303451083,1.0359365198829344,0.5748306183977385,-0.5536798582806103,Nature,1
saugeen/D/short|H=192|L=256|Hsrc=controlled|Lsrc=controlled|origins=shared_origin_v1:Hmax=720,joint-scaling,release,standard_hl_shared_origin_v1,saugeen/D/short,chronos-2,chronos2,chronos-2,119.477664,119.477664,192,controlled,shared_origin_v1:Hmax=720,720,720,256,controlled,20861,23021,256,256,100,100,100,[],merged,2,1,768,32805.300033569336,,100,,float32,native_horizon,192,1024,direct_quantiles,3589.4986979166665,3589.4986979166665,28.70635986328125,6.4655804453340116,0.4490217367808024,0.5996870994567871,125.02404351203468,59.91242523814794,1.4026008765599838,0.6720403213029618,0.5997948717470984,6.4655804453340116,8.364690063972306,0.772961149293746,-0.2575264913036388,0.5997948717470984,1.0359365198829344,0.5789880559620372,-0.5464734303576042,Nature,1
saugeen/D/short|H=192|L=512|Hsrc=controlled|Lsrc=controlled|origins=shared_origin_v1:Hmax=720,joint-scaling,release,standard_hl_shared_origin_v1,saugeen/D/short,chronos-2,chronos2,chronos-2,119.477664,119.477664,192,controlled,shared_origin_v1:Hmax=720,720,720,512,controlled,20861,23021,512,512,100,100,100,[],merged,2,1,768,32805.300033569336,,100,,float32,native_horizon,192,1024,direct_quantiles,3343.9261067708335,3343.9261067708335,27.22657012939453,6.131580730252227,0.4234230915705363,0.5508372783660889,76.09509977877867,57.82669026298179,1.353772045264783,0.6373971839299747,0.5393043220088007,6.131580730252227,8.364690063972306,0.7330314313332014,-0.31056669761482175,0.5393043220088007,1.0359365198829344,0.5205959165043671,-0.652781130278084,Nature,1
saugeen/D/short|H=192|L=1024|Hsrc=controlled|Lsrc=controlled|origins=shared_origin_v1:Hmax=720,joint-scaling,release,standard_hl_shared_origin_v1,saugeen/D/short,chronos-2,chronos2,chronos-2,119.477664,119.477664,192,controlled,shared_origin_v1:Hmax=720,720,720,1024,controlled,20861,23021,1024,1024,100,100,100,[],merged,2,1,768,32805.300033569336,,100,,float32,native_horizon,192,1024,direct_quantiles,2599.6276041666665,2599.6276041666665,23.98218282063802,5.4002463568100465,0.43113625049591064,0.43886419137318927,40.97775776015168,50.98654336358434,1.1936383835283666,0.5614433151778133,0.4485267391090562,5.4002463568100465,8.364690063972306,0.6456002930783457,-0.43757470806376,0.4485267391090562,1.0359365198829344,0.4329673976159676,-0.8370928480038483,Nature,1
saugeen/D/short|H=192|L=2048|Hsrc=controlled|Lsrc=controlled|origins=shared_origin_v1:Hmax=720,joint-scaling,release,standard_hl_shared_origin_v1,saugeen/D/short,chronos-2,chronos2,chronos-2,119.477664,119.477664,192,controlled,shared_origin_v1:Hmax=720,720,720,2048,controlled,20861,23021,2048,2048,100,100,100,[],merged,2,1,768,32805.300033569336,,100,,float32,native_horizon,192,1024,direct_quantiles,2645.6751302083335,2645.6751302083335,22.681966145833332,5.107327064875566,0.3753136396408081,0.4132961829503377,40.461885940276765,51.436126703012285,1.2041635122218197,0.5310041359833485,0.4315096353240331,5.107327064875566,8.364690063972306,0.6105817461035906,-0.49334309414363453,0.4315096353240331,1.0359365198829344,0.4165406152230212,-0.8757713065881035,Nature,1
saugeen/D/short|H=192|L=4096|Hsrc=controlled|Lsrc=controlled|origins=shared_origin_v1:Hmax=720,joint-scaling,release,standard_hl_shared_origin_v1,saugeen/D/short,chronos-2,chronos2,chronos-2,119.477664,119.477664,192,controlled,shared_origin_v1:Hmax=720,720,720,4096,controlled,20861,23021,4096,4096,100,100,100,[],merged,2,1,768,32805.300033569336,,100,,float32,native_horizon,192,1024,direct_quantiles,2629.7981770833335,2629.7981770833335,22.58953348795573,5.0868030960453865,0.37146774927775067,0.4106650749842326,42.606258797360816,51.2815578652144,1.2005449241489383,0.5288402087771544,0.43433713073067964,5.0868030960453865,8.364690063972306,0.6081281024332078,-0.4973697244175402,0.43433713073067964,1.0359365198829344,0.4192700251360592,-0.8692401152309184,Nature,1
saugeen/D/short|H=192|L=6144|Hsrc=controlled|Lsrc=controlled|origins=shared_origin_v1:Hmax=720,joint-scaling-l6144,release,standard_hl_shared_origin_v1,saugeen/D/short,chronos-2,chronos2,chronos-2,119.477664,119.477664,192,controlled,shared_origin_v1:Hmax=720,720,720,6144,controlled,20861,23021,6144,6144,100,100,100,[],merged,6,1,768,32805.300033569336,,100,,float32,native_horizon,192,1024,direct_quantiles,2622.9755859375,2622.9755859375,22.56000518798828,5.080267855149149,0.3667179346084595,0.4099893569946289,42.4112208665398,51.21499376098273,1.1989866018047557,0.5281489261383189,0.43350304802231787,5.080267855149149,8.364690063972306,0.6073468133661586,-0.4986552946329285,0.43350304802231787,1.0359365198829344,0.4184648766618496,-0.871162319308584,Nature,1
saugeen/D/short|H=192|L=8192|Hsrc=controlled|Lsrc=controlled|origins=shared_origin_v1:Hmax=720,joint-scaling,release,standard_hl_shared_origin_v1,saugeen/D/short,chronos-2,chronos2,chronos-2,119.477664,119.477664,192,controlled,shared_origin_v1:Hmax=720,720,720,8192,controlled,20861,23021,8192,8192,100,100,100,[],merged,2,1,768,32805.300033569336,,100,,float32,native_horizon,192,1024,direct_quantiles,2602.3162434895835,2602.3162434895835,22.483184814453125,5.0629463403368185,0.3662494421005249,0.4088020324707031,41.869428453580824,51.0129027157795,1.1942554784022181,0.5263504957988728,0.4319607232833622,5.0629463403368185,8.364690063972306,0.6052760235724116,-0.502070687686121,0.4319607232833622,1.0359365198829344,0.4169760549924196,-0.874726480912575,Nature,1
saugeen/D/short|H=336|L=128|Hsrc=controlled|Lsrc=controlled|origins=shared_origin_v1:Hmax=720,joint-scaling,release,standard_hl_shared_origin_v1,saugeen/D/short,chronos-2,chronos2,chronos-2,119.477664,119.477664,336,controlled,shared_origin_v1:Hmax=720,720,720,128,controlled,20861,23021,128,128,100,100,100,[],merged,2,1,1344,43361.500032901764,,100,,float32,native_horizon,336,1024,direct_quantiles,2115.231398809524,2115.231398809524,22.030880882626487,4.963353440179219,0.7075005940028599,0.6094764527820405,75.00922717389254,45.9916448804511,1.425521964701961,0.682852389418792,0.6013904218551018,4.963353440179219,7.385081578500397,0.6720783497678126,-0.397380353338909,0.6013904218551018,1.5617052718269562,0.3850857346159606,-0.954289282171309,Nature,1
saugeen/D/short|H=336|L=256|Hsrc=controlled|Lsrc=controlled|origins=shared_origin_v1:Hmax=720,joint-scaling,release,standard_hl_shared_origin_v1,saugeen/D/short,chronos-2,chronos2,chronos-2,119.477664,119.477664,336,controlled,shared_origin_v1:Hmax=720,720,720,256,controlled,20861,23021,256,256,100,100,100,[],merged,2,1,1344,43361.500032901764,,100,,float32,native_horizon,336,1024,direct_quantiles,2152.286086309524,2152.286086309524,20.220870245070685,4.552330800711211,0.46688216073172434,0.5168502444312686,83.69614207360142,46.39273743065313,1.4379539236301,0.6267506794911107,0.5612659502558058,4.552330800711211,7.385081578500397,0.6164225475807946,-0.48382259674251077,0.5612659502558058,1.5617052718269562,0.3593930048012264,-1.0233387683690451,Nature,1
saugeen/D/short|H=336|L=512|Hsrc=controlled|Lsrc=controlled|origins=shared_origin_v1:Hmax=720,joint-scaling,release,standard_hl_shared_origin_v1,saugeen/D/short,chronos-2,chronos2,chronos-2,119.477664,119.477664,336,controlled,shared_origin_v1:Hmax=720,720,720,512,controlled,20861,23021,512,512,100,100,100,[],merged,2,1,1344,43361.500032901764,,100,,float32,native_horizon,336,1024,direct_quantiles,2000.2611607142858,2000.2611607142858,18.84474109468006,4.243721644121621,0.39395904541015625,0.4710536230178106,51.564065805959864,44.72427932023372,1.3862396679262567,0.5840972293862567,0.49518949357382974,4.243721644121621,7.385081578500397,0.5746343623983832,-0.5540213319305973,0.49518949357382974,1.5617052718269562,0.31708255232726074,-1.1485931215714373,Nature,1
saugeen/D/short|H=336|L=1024|Hsrc=controlled|Lsrc=controlled|origins=shared_origin_v1:Hmax=720,joint-scaling,release,standard_hl_shared_origin_v1,saugeen/D/short,chronos-2,chronos2,chronos-2,119.477664,119.477664,336,controlled,shared_origin_v1:Hmax=720,720,720,1024,controlled,20861,23021,1024,1024,100,100,100,[],merged,2,1,1344,43361.500032901764,,100,,float32,native_horizon,336,1024,direct_quantiles,1587.0559895833333,1587.0559895833333,16.730194091796875,3.767830611464132,0.36897734233311247,0.3882605234781901,32.405251785146305,39.837871298342904,1.2347842898503576,0.5185563424308103,0.42096240074273517,3.767830611464132,7.385081578500397,0.5101948531527557,-0.6729625612266112,0.42096240074273517,1.5617052718269562,0.2695530381672296,-1.310990105891331,Nature,1
saugeen/D/short|H=336|L=2048|Hsrc=controlled|Lsrc=controlled|origins=shared_origin_v1:Hmax=720,joint-scaling,release,standard_hl_shared_origin_v1,saugeen/D/short,chronos-2,chronos2,chronos-2,119.477664,119.477664,336,controlled,shared_origin_v1:Hmax=720,720,720,2048,controlled,20861,23021,2048,2048,100,100,100,[],merged,2,1,1344,43361.500032901764,,100,,float32,native_horizon,336,1024,direct_quantiles,1585.9386160714287,1585.9386160714287,15.769204275948661,3.5511243865721673,0.32989197685605004,0.36637026923043386,30.850550911696615,39.82384481779012,1.234349535751707,0.4887702346734683,0.4011232881723545,3.5511243865721673,7.385081578500397,0.48085107101731606,-0.7321976804843028,0.4011232881723545,1.5617052718269562,0.2568495447947753,-1.3592647943313796,Nature,1
saugeen/D/short|H=336|L=4096|Hsrc=controlled|Lsrc=controlled|origins=shared_origin_v1:Hmax=720,joint-scaling,release,standard_hl_shared_origin_v1,saugeen/D/short,chronos-2,chronos2,chronos-2,119.477664,119.477664,336,controlled,shared_origin_v1:Hmax=720,720,720,4096,controlled,20861,23021,4096,4096,100,100,100,[],merged,2,1,1344,43361.500032901764,,100,,float32,native_horizon,336,1024,direct_quantiles,1584.292224702381,1584.292224702381,15.717529296875,3.5397327087490567,0.32621958142235163,0.36491707393101286,32.15112510754203,39.80316852591488,1.2337086691705408,0.48716855641459117,0.40357249305205395,3.5397327087490567,7.385081578500397,0.4793085453590655,-0.7354107441437171,0.40357249305205395,1.5617052718269562,0.2584178335902881,-1.353177494012855,Nature,1
saugeen/D/short|H=336|L=6144|Hsrc=controlled|Lsrc=controlled|origins=shared_origin_v1:Hmax=720,joint-scaling-l6144,release,standard_hl_shared_origin_v1,saugeen/D/short,chronos-2,chronos2,chronos-2,119.477664,119.477664,336,controlled,shared_origin_v1:Hmax=720,720,720,6144,controlled,20861,23021,6144,6144,100,100,100,[],merged,6,1,1344,43361.500032901764,,100,,float32,native_horizon,336,1024,direct_quantiles,1582.8660714285713,1582.8660714285713,15.688973563058036,3.5334210935431125,0.3202830042157854,0.3629451479230608,32.108924290591816,39.785249420213155,1.233153262230171,0.48628346465759753,0.4027329699000219,3.5334210935431125,7.385081578500397,0.4784539014206263,-0.7371954124989077,0.4027329699000219,1.5617052718269562,0.25788026535178815,-1.3552598895663517,Nature,1
saugeen/D/short|H=336|L=8192|Hsrc=controlled|Lsrc=controlled|origins=shared_origin_v1:Hmax=720,joint-scaling,release,standard_hl_shared_origin_v1,saugeen/D/short,chronos-2,chronos2,chronos-2,119.477664,119.477664,336,controlled,shared_origin_v1:Hmax=720,720,720,8192,controlled,20861,23021,8192,8192,100,100,100,[],merged,2,1,1344,43361.500032901764,,100,,float32,native_horizon,336,1024,direct_quantiles,1572.8809523809523,1572.8809523809523,15.647939046223959,3.524166775571371,0.32024606068929035,0.36235218956356957,31.823575162037557,39.65956318948751,1.229257587634802,0.4850115900549396,0.40179419891206225,3.524166775571371,7.385081578500397,0.4772007916379689,-0.7398179298369336,0.40179419891206225,1.5617052718269562,0.2572791461746329,-1.3575936116590726,Nature,1
saugeen/D/short|H=720|L=128|Hsrc=controlled|Lsrc=controlled|origins=shared_origin_v1:Hmax=720,joint-scaling,release,standard_hl_shared_origin_v1,saugeen/D/short,chronos-2,chronos2,chronos-2,119.477664,119.477664,720,controlled,shared_origin_v1:Hmax=720,720,720,128,controlled,20861,23021,128,128,100,100,100,[],merged,2,1,2880,94972.20006084442,,100,,float32,native_horizon,720,1024,direct_quantiles,2177.3815972222224,2177.3815972222224,22.38113064236111,5.039288031317229,0.7080650329589844,0.6200193617078993,73.79828986806766,46.66242168192969,1.4150222313251806,0.6787002534289495,0.6066886588289996,5.039288031317229,7.510913121627286,0.6709288138091838,-0.39909223734151966,0.6066886588289996,2.036616431144664,0.2978904861766313,-1.211029356071528,Nature,1
saugeen/D/short|H=720|L=256|Hsrc=controlled|Lsrc=controlled|origins=shared_origin_v1:Hmax=720,joint-scaling,release,standard_hl_shared_origin_v1,saugeen/D/short,chronos-2,chronos2,chronos-2,119.477664,119.477664,720,controlled,shared_origin_v1:Hmax=720,720,720,256,controlled,20861,23021,256,256,100,100,100,[],merged,2,1,2880,94972.20006084442,,100,,float32,native_horizon,720,1024,direct_quantiles,2238.8151041666665,2238.8151041666665,20.661952039930554,4.649675427082875,0.47486207750108506,0.5380925072564019,77.07524212950993,47.31611886203967,1.4348453782830337,0.6265667409713254,0.5582525450685077,4.649675427082875,7.510913121627286,0.6190559459001562,-0.47955962928286794,0.5582525450685077,2.036616431144664,0.2741078469816461,-1.2942336479122665,Nature,1
saugeen/D/short|H=720|L=512|Hsrc=controlled|Lsrc=controlled|origins=shared_origin_v1:Hmax=720,joint-scaling,release,standard_hl_shared_origin_v1,saugeen/D/short,chronos-2,chronos2,chronos-2,119.477664,119.477664,720,controlled,shared_origin_v1:Hmax=720,720,720,512,controlled,20861,23021,512,512,100,100,100,[],merged,2,1,2880,94972.20006084442,,100,,float32,native_horizon,720,1024,direct_quantiles,2109.696701388889,2109.696701388889,19.425731065538194,4.371243036026085,0.4045562744140625,0.4950685289171007,51.21492563806304,45.93143478478425,1.392855299713297,0.5890787560244771,0.49890014862433246,4.371243036026085,7.510913121627286,0.5819855675655888,-0.5413096295554447,0.49890014862433246,2.036616431144664,0.2449651986476067,-1.4066391248632455,Nature,1
saugeen/D/short|H=720|L=1024|Hsrc=controlled|Lsrc=controlled|origins=shared_origin_v1:Hmax=720,joint-scaling,release,standard_hl_shared_origin_v1,saugeen/D/short,chronos-2,chronos2,chronos-2,119.477664,119.477664,720,controlled,shared_origin_v1:Hmax=720,720,720,1024,controlled,20861,23021,1024,1024,100,100,100,[],merged,2,1,2880,94972.20006084442,,100,,float32,native_horizon,720,1024,direct_quantiles,1755.2496527777778,1755.2496527777778,17.635507541232638,3.970415576959624,0.39353031582302517,0.43067164950900605,41.409912047929645,41.89569969314008,1.2704729914537334,0.5347908302241178,0.4427663027050291,3.970415576959624,7.510913121627286,0.5286195583233438,-0.6374862772630994,0.4427663027050291,2.036616431144664,0.21740289233362212,-1.5260030001810345,Nature,1
saugeen/D/short|H=720|L=2048|Hsrc=controlled|Lsrc=controlled|origins=shared_origin_v1:Hmax=720,joint-scaling,release,standard_hl_shared_origin_v1,saugeen/D/short,chronos-2,chronos2,chronos-2,119.477664,119.477664,720,controlled,shared_origin_v1:Hmax=720,720,720,2048,controlled,20861,23021,2048,2048,100,100,100,[],merged,2,1,2880,94972.20006084442,,100,,float32,native_horizon,720,1024,direct_quantiles,1735.3684027777779,1735.3684027777779,16.902186414930554,3.804491120583898,0.36431248982747394,0.410848151312934,38.23628993077498,41.65775321327085,1.2632573445424862,0.5125531138987409,0.42617555325591283,3.804491120583898,7.510913121627286,0.5065284418786662,-0.68017480311149,0.42617555325591283,2.036616431144664,0.2092566605761814,-1.5641937394085943,Nature,1
saugeen/D/short|H=720|L=4096|Hsrc=controlled|Lsrc=controlled|origins=shared_origin_v1:Hmax=720,joint-scaling,release,standard_hl_shared_origin_v1,saugeen/D/short,chronos-2,chronos2,chronos-2,119.477664,119.477664,720,controlled,shared_origin_v1:Hmax=720,720,720,4096,controlled,20861,23021,4096,4096,100,100,100,[],merged,2,1,2880,94972.20006084442,,100,,float32,native_horizon,720,1024,direct_quantiles,1725.9104166666666,1725.9104166666666,16.85691460503472,3.7940103873852156,0.36124309963650175,0.40908050537109375,38.946129606605986,41.54407799755179,1.2598101818879286,0.5111802615017608,0.42586620410586773,3.7940103873852156,7.510913121627286,0.5051330412091386,-0.6829334364642035,0.42586620410586773,2.036616431144664,0.20910476690326663,-1.5649198755655724,Nature,1
saugeen/D/short|H=720|L=6144|Hsrc=controlled|Lsrc=controlled|origins=shared_origin_v1:Hmax=720,joint-scaling-l6144,release,standard_hl_shared_origin_v1,saugeen/D/short,chronos-2,chronos2,chronos-2,119.477664,119.477664,720,controlled,shared_origin_v1:Hmax=720,720,720,6144,controlled,20861,23021,6144,6144,100,100,100,[],merged,6,1,2880,94972.20006084442,,100,,float32,native_horizon,720,1024,direct_quantiles,1728.8979166666666,1728.8979166666666,16.904532877604165,3.8049245328980974,0.35833375718858507,0.4084715525309245,38.96488971575799,41.5800182379309,1.260900057580242,0.5126242695895185,0.42636157098184696,3.8049245328980974,7.510913121627286,0.5065861462226229,-0.6800608883683863,0.42636157098184696,2.036616431144664,0.20934799722803663,-1.5637573531830622,Nature,1
saugeen/D/short|H=720|L=8192|Hsrc=controlled|Lsrc=controlled|origins=shared_origin_v1:Hmax=720,joint-scaling,release,standard_hl_shared_origin_v1,saugeen/D/short,chronos-2,chronos2,chronos-2,119.477664,119.477664,720,controlled,shared_origin_v1:Hmax=720,720,720,8192,controlled,20861,23021,8192,8192,100,100,100,[],merged,2,1,2880,94972.20006084442,,100,,float32,native_horizon,720,1024,direct_quantiles,1722.3517361111112,1722.3517361111112,16.910148111979165,3.80633497439922,0.360324223836263,0.4080669403076172,38.797504577872296,41.50122571817742,1.2585107009396186,0.5127945496818996,0.42619036740777816,3.80633497439922,7.510913121627286,0.5067739318457932,-0.6796902686264328,0.42619036740777816,2.036616431144664,0.20926393447991642,-1.5641589793331205,Nature,1
saugeen/W/short|H=48|L=128|Hsrc=controlled|Lsrc=controlled|origins=shared_origin_v1:Hmax=720,joint-scaling,release,standard_hl_shared_origin_v1,saugeen/W/short,chronos-2,chronos2,chronos-2,119.477664,119.477664,48,controlled,shared_origin_v1:Hmax=720,720,720,128,controlled,2671,2671,128,128,100,100,100,[],merged,2,1,48,1301.8571429252625,,100,,float32,native_horizon,48,1024,direct_quantiles,401.4329020182292,401.4329020182292,13.223274230957031,1.1278610608413826,0.5136419137318929,0.4914390246073405,6.770799876535818,20.03579052641121,0.7387277094833659,0.48754747518589725,0.36609816419768054,1.1278610608413826,2.4447283905978785,0.4613441170720625,-0.7736110565896217,0.36609816419768054,1.3379684481783347,0.2736224196438481,-1.296006153448178,Nature,1
saugeen/W/short|H=48|L=256|Hsrc=controlled|Lsrc=controlled|origins=shared_origin_v1:Hmax=720,joint-scaling,release,standard_hl_shared_origin_v1,saugeen/W/short,chronos-2,chronos2,chronos-2,119.477664,119.477664,48,controlled,shared_origin_v1:Hmax=720,720,720,256,controlled,2671,2671,256,256,100,100,100,[],merged,2,1,48,1301.8571429252625,,100,,float32,native_horizon,48,1024,direct_quantiles,445.0279134114583,445.0279134114583,13.805246988932291,1.1774995654438574,0.5150812864303589,0.5121003786722819,6.454538245607577,21.095684710657256,0.7778064372226436,0.5090050464214351,0.3892901430462386,1.1774995654438574,2.4447283905978785,0.4816484195022949,-0.7305408512075467,0.3892901430462386,1.3379684481783347,0.2909561459212759,-1.234582724468684,Nature,1
saugeen/W/short|H=48|L=512|Hsrc=controlled|Lsrc=controlled|origins=shared_origin_v1:Hmax=720,joint-scaling,release,standard_hl_shared_origin_v1,saugeen/W/short,chronos-2,chronos2,chronos-2,119.477664,119.477664,48,controlled,shared_origin_v1:Hmax=720,720,720,512,controlled,2671,2671,512,512,100,100,100,[],merged,2,1,48,1301.8571429252625,,100,,float32,native_horizon,48,1024,direct_quantiles,321.36692301432294,321.36692301432294,9.72557258605957,0.8295293075753106,0.2969061533610026,0.3231281042098999,6.980160207864486,17.92670976544003,0.6609650478297682,0.3585857992697277,0.30588642709444397,0.8295293075753106,2.4447283905978785,0.33931348397048,-1.080830867426091,0.30588642709444397,1.3379684481783347,0.2286200601448511,-1.4756937793067197,Nature,1
saugeen/W/short|H=48|L=1024|Hsrc=controlled|Lsrc=controlled|origins=shared_origin_v1:Hmax=720,joint-scaling,release,standard_hl_shared_origin_v1,saugeen/W/short,chronos-2,chronos2,chronos-2,119.477664,119.477664,48,controlled,shared_origin_v1:Hmax=720,720,720,1024,controlled,2671,2671,1024,1024,100,100,100,[],merged,2,1,48,1301.8571429252625,,100,,float32,native_horizon,48,1024,direct_quantiles,306.1101888020833,306.1101888020833,9.8971316019694,0.8441622590322777,0.30205291509628296,0.3188296953837077,6.999928067384569,17.496004938330444,0.6450847864557696,0.36491124965299193,0.30757128103622394,0.8441622590322777,2.4447283905978785,0.3452989961088605,-1.0633445818917184,0.30757128103622394,1.3379684481783347,0.22987932298028935,-1.4702007904474665,Nature,1
saugeen/W/short|H=48|L=2048|Hsrc=controlled|Lsrc=controlled|origins=shared_origin_v1:Hmax=720,joint-scaling,release,standard_hl_shared_origin_v1,saugeen/W/short,chronos-2,chronos2,chronos-2,119.477664,119.477664,48,controlled,shared_origin_v1:Hmax=720,720,720,2048,controlled,2671,2671,2048,2048,100,100,100,[],merged,2,1,48,1301.8571429252625,,100,,float32,native_horizon,48,1024,direct_quantiles,317.2683512369792,317.2683512369792,9.917241414388021,0.8458774368343688,0.2873748540878296,0.31268107891082764,7.4631283043241785,17.812028274089933,0.6567366948075344,0.3656527065796135,0.30988118378368135,0.8458774368343688,2.4447283905978785,0.3460005782595352,-1.0613148326554764,0.30988118378368135,1.3379684481783347,0.2316057484057935,-1.4627187131863375,Nature,1
saugeen/W/short|H=48|L=4096|Hsrc=controlled|Lsrc=controlled|origins=shared_origin_v1:Hmax=720,joint-scaling,release,standard_hl_shared_origin_v1,saugeen/W/short,chronos-2,chronos2,chronos-2,119.477664,119.477664,48,controlled,shared_origin_v1:Hmax=720,720,720,4096,controlled,2671,2671,2671,2671,100,100,100,[],merged,2,1,48,1301.8571429252625,,100,,float32,native_horizon,48,1024,direct_quantiles,321.2122802734375,321.2122802734375,9.989767710367838,0.8520635336515551,0.2851223150889079,0.3119935194651286,7.359393787422436,17.922396052800458,0.6608059994980641,0.36832678047931106,0.31044918606813543,0.8520635336515551,2.4447283905978785,0.3485309603015556,-1.054028213985576,0.31044918606813543,1.3379684481783347,0.2320302743243437,-1.4608874230519253,Nature,1
saugeen/W/short|H=48|L=6144|Hsrc=controlled|Lsrc=controlled|origins=shared_origin_v1:Hmax=720,joint-scaling-l6144,release,standard_hl_shared_origin_v1,saugeen/W/short,chronos-2,chronos2,chronos-2,119.477664,119.477664,48,controlled,shared_origin_v1:Hmax=720,720,720,6144,controlled,2671,2671,2671,2671,100,100,100,[],merged,6,1,48,1301.8571429252625,,100,,float32,native_horizon,48,1024,direct_quantiles,321.2122802734375,321.2122802734375,9.989767710367838,0.8520635336515551,0.2851223150889079,0.3119935194651286,7.359393787422436,17.922396052800458,0.6608059994980641,0.36832678047931106,0.31044918606813543,0.8520635336515551,2.4447283905978785,0.3485309603015556,-1.054028213985576,0.31044918606813543,1.3379684481783347,0.2320302743243437,-1.4608874230519253,Nature,1
saugeen/W/short|H=48|L=8192|Hsrc=controlled|Lsrc=controlled|origins=shared_origin_v1:Hmax=720,joint-scaling,release,standard_hl_shared_origin_v1,saugeen/W/short,chronos-2,chronos2,chronos-2,119.477664,119.477664,48,controlled,shared_origin_v1:Hmax=720,720,720,8192,controlled,2671,2671,2671,2671,100,100,100,[],merged,2,1,48,1301.8571429252625,,100,,float32,native_horizon,48,1024,direct_quantiles,321.2122802734375,321.2122802734375,9.989767710367838,0.8520635336515551,0.2851223150889079,0.3119935194651286,7.359393787422436,17.922396052800458,0.6608059994980641,0.36832678047931106,0.31044918606813543,0.8520635336515551,2.4447283905978785,0.3485309603015556,-1.054028213985576,0.31044918606813543,1.3379684481783347,0.2320302743243437,-1.4608874230519253,Nature,1
saugeen/W/short|H=96|L=128|Hsrc=controlled|Lsrc=controlled|origins=shared_origin_v1:Hmax=720,joint-scaling,release,standard_hl_shared_origin_v1,saugeen/W/short,chronos-2,chronos2,chronos-2,119.477664,119.477664,96,controlled,shared_origin_v1:Hmax=720,720,720,128,controlled,2671,2671,128,128,100,100,100,[],merged,2,1,96,3321.7142910957336,,100,,float32,native_horizon,96,1024,direct_quantiles,1112.09521484375,1112.09521484375,19.795486450195312,1.6884288904545304,0.5082276662190756,0.6035590171813965,15.28226681965804,33.34809162221656,0.9637845146148132,0.5721042006270431,0.45228614307326,1.6884288904545304,2.322296545884376,0.7270513722490783,-0.31875814060391827,0.45228614307326,1.4049036993226194,0.32193391140711763,-1.1334089985804512,Nature,1
saugeen/W/short|H=96|L=256|Hsrc=controlled|Lsrc=controlled|origins=shared_origin_v1:Hmax=720,joint-scaling,release,standard_hl_shared_origin_v1,saugeen/W/short,chronos-2,chronos2,chronos-2,119.477664,119.477664,96,controlled,shared_origin_v1:Hmax=720,720,720,256,controlled,2671,2671,256,256,100,100,100,[],merged,2,1,96,3321.7142910957336,,100,,float32,native_horizon,96,1024,direct_quantiles,1158.3479817708333,1158.3479817708333,20.197012583414715,1.7226764147575102,0.5009217659632365,0.6166413227717081,14.012647253316784,34.03451162821105,0.9836225605154237,0.5837086028757228,0.4647170207654534,1.7226764147575102,2.322296545884376,0.7417986379949945,-0.29867745000949364,0.4647170207654534,1.4049036993226194,0.3307821176565474,-1.1062953751639513,Nature,1
saugeen/W/short|H=96|L=512|Hsrc=controlled|Lsrc=controlled|origins=shared_origin_v1:Hmax=720,joint-scaling,release,standard_hl_shared_origin_v1,saugeen/W/short,chronos-2,chronos2,chronos-2,119.477664,119.477664,96,controlled,shared_origin_v1:Hmax=720,720,720,512,controlled,2671,2671,512,512,100,100,100,[],merged,2,1,96,3321.7142910957336,,100,,float32,native_horizon,96,1024,direct_quantiles,904.3675944010416,904.3675944010416,17.364667256673176,1.4810953412150845,0.3968138297398885,0.5210270881652832,11.751808573047095,30.072705139395783,0.8691234225414576,0.5018517279192996,0.41980220245851285,1.4810953412150845,2.322296545884376,0.6377718400520009,-0.44977467707107793,0.41980220245851285,1.4049036993226194,0.2988120841741127,-1.2079403841914698,Nature,1
saugeen/W/short|H=96|L=1024|Hsrc=controlled|Lsrc=controlled|origins=shared_origin_v1:Hmax=720,joint-scaling,release,standard_hl_shared_origin_v1,saugeen/W/short,chronos-2,chronos2,chronos-2,119.477664,119.477664,96,controlled,shared_origin_v1:Hmax=720,720,720,1024,controlled,2671,2671,1024,1024,100,100,100,[],merged,2,1,96,3321.7142910957336,,100,,float32,native_horizon,96,1024,direct_quantiles,843.0433756510416,843.0433756510416,17.21898142496745,1.468669414186633,0.4069364865620931,0.5122091372807821,10.12029148454537,29.035209240696744,0.8391390236598028,0.49764129962291026,0.4116811570522639,1.468669414186633,2.322296545884376,0.6324211336357712,-0.4581997560588131,0.4116811570522639,1.4049036993226194,0.293031584478536,-1.2274748789196614,Nature,1
saugeen/W/short|H=96|L=2048|Hsrc=controlled|Lsrc=controlled|origins=shared_origin_v1:Hmax=720,joint-scaling,release,standard_hl_shared_origin_v1,saugeen/W/short,chronos-2,chronos2,chronos-2,119.477664,119.477664,96,controlled,shared_origin_v1:Hmax=720,720,720,2048,controlled,2671,2671,2048,2048,100,100,100,[],merged,2,1,96,3321.7142910957336,,100,,float32,native_horizon,96,1024,direct_quantiles,843.0333658854166,843.0333658854166,17.157026926676433,1.4633849989026526,0.39817293485005695,0.5070745944976807,10.120026779624787,29.035036867299077,0.83913404194111,0.4958507687961378,0.40645959121600395,1.4633849989026526,2.322296545884376,0.6301456209354895,-0.4618043419642494,0.40645959121600395,1.4049036993226194,0.2893149127673165,-1.240239520567383,Nature,1
saugeen/W/short|H=96|L=4096|Hsrc=controlled|Lsrc=controlled|origins=shared_origin_v1:Hmax=720,joint-scaling,release,standard_hl_shared_origin_v1,saugeen/W/short,chronos-2,chronos2,chronos-2,119.477664,119.477664,96,controlled,shared_origin_v1:Hmax=720,720,720,4096,controlled,2671,2671,2671,2671,100,100,100,[],merged,2,1,96,3321.7142910957336,,100,,float32,native_horizon,96,1024,direct_quantiles,835.5140787760416,835.5140787760416,17.081846872965496,1.4569725687191302,0.3956691026687622,0.5042004585266113,10.27033878635067,28.905260399727272,0.835383406035942,0.49367800963512365,0.4082710289860218,1.4569725687191302,2.322296545884376,0.6273843757384079,-0.46619588672594553,0.4082710289860218,1.4049036993226194,0.290604280694023,-1.2357927974175482,Nature,1
saugeen/W/short|H=96|L=6144|Hsrc=controlled|Lsrc=controlled|origins=shared_origin_v1:Hmax=720,joint-scaling-l6144,release,standard_hl_shared_origin_v1,saugeen/W/short,chronos-2,chronos2,chronos-2,119.477664,119.477664,96,controlled,shared_origin_v1:Hmax=720,720,720,6144,controlled,2671,2671,2671,2671,100,100,100,[],merged,6,1,96,3321.7142910957336,,100,,float32,native_horizon,96,1024,direct_quantiles,835.5140787760416,835.5140787760416,17.081846872965496,1.4569725687191302,0.3956691026687622,0.5042004585266113,10.27033878635067,28.905260399727272,0.835383406035942,0.49367800963512365,0.4082710289860218,1.4569725687191302,2.322296545884376,0.6273843757384079,-0.46619588672594553,0.4082710289860218,1.4049036993226194,0.290604280694023,-1.2357927974175482,Nature,1
saugeen/W/short|H=96|L=8192|Hsrc=controlled|Lsrc=controlled|origins=shared_origin_v1:Hmax=720,joint-scaling,release,standard_hl_shared_origin_v1,saugeen/W/short,chronos-2,chronos2,chronos-2,119.477664,119.477664,96,controlled,shared_origin_v1:Hmax=720,720,720,8192,controlled,2671,2671,2671,2671,100,100,100,[],merged,2,1,96,3321.7142910957336,,100,,float32,native_horizon,96,1024,direct_quantiles,835.5140787760416,835.5140787760416,17.081846872965496,1.4569725687191302,0.3956691026687622,0.5042004585266113,10.27033878635067,28.905260399727272,0.835383406035942,0.49367800963512365,0.4082710289860218,1.4569725687191302,2.322296545884376,0.6273843757384079,-0.46619588672594553,0.4082710289860218,1.4049036993226194,0.290604280694023,-1.2357927974175482,Nature,1
saugeen/W/short|H=192|L=128|Hsrc=controlled|Lsrc=controlled|origins=shared_origin_v1:Hmax=720,joint-scaling,release,standard_hl_shared_origin_v1,saugeen/W/short,chronos-2,chronos2,chronos-2,119.477664,119.477664,192,controlled,shared_origin_v1:Hmax=720,720,720,128,controlled,2671,2671,128,128,100,100,100,[],merged,2,1,192,6644.128565788269,,100,,float32,native_horizon,192,1024,direct_quantiles,1413.37548828125,1413.37548828125,21.638768513997395,1.8456489881835212,0.5542872746785482,0.6476306120554606,21.218367089859015,37.59488646453464,1.0864055578873753,0.6253105299738563,0.5210261397739846,1.8456489881835212,2.5613281149382647,0.7205828013284454,-0.3276949481074996,0.5210261397739846,1.9253131793188218,0.2706189026131968,-1.307043711238754,Nature,1
saugeen/W/short|H=192|L=256|Hsrc=controlled|Lsrc=controlled|origins=shared_origin_v1:Hmax=720,joint-scaling,release,standard_hl_shared_origin_v1,saugeen/W/short,chronos-2,chronos2,chronos-2,119.477664,119.477664,192,controlled,shared_origin_v1:Hmax=720,720,720,256,controlled,2671,2671,256,256,100,100,100,[],merged,2,1,192,6644.128565788269,,100,,float32,native_horizon,192,1024,direct_quantiles,1399.599609375,1399.599609375,21.746050516764324,1.854799507233129,0.5344338417053223,0.6503599882125854,17.026939933786604,37.411223040352475,1.0810981082957836,0.6284107325553224,0.5128931146467594,1.854799507233129,2.5613281149382647,0.7241553694021099,-0.3227493109977124,0.5128931146467594,1.9253131793188218,0.2663946417425042,-1.322776454097372,Nature,1
saugeen/W/short|H=192|L=512|Hsrc=controlled|Lsrc=controlled|origins=shared_origin_v1:Hmax=720,joint-scaling,release,standard_hl_shared_origin_v1,saugeen/W/short,chronos-2,chronos2,chronos-2,119.477664,119.477664,192,controlled,shared_origin_v1:Hmax=720,720,720,512,controlled,2671,2671,512,512,100,100,100,[],merged,2,1,192,6644.128565788269,,100,,float32,native_horizon,192,1024,direct_quantiles,985.2736002604166,985.2736002604166,17.550376892089844,1.4969352460759546,0.38463060061136883,0.5054837862650553,11.587497190350271,31.38906816489487,0.907071714218823,0.5071654363571857,0.4140099065246003,1.4969352460759546,2.5613281149382647,0.5844371274986122,-0.5371060701540369,0.4140099065246003,1.9253131793188218,0.21503509713213384,-1.536954021702036,Nature,1
saugeen/W/short|H=192|L=1024|Hsrc=controlled|Lsrc=controlled|origins=shared_origin_v1:Hmax=720,joint-scaling,release,standard_hl_shared_origin_v1,saugeen/W/short,chronos-2,chronos2,chronos-2,119.477664,119.477664,192,controlled,shared_origin_v1:Hmax=720,720,720,1024,controlled,2671,2671,1024,1024,100,100,100,[],merged,2,1,192,6644.128565788269,,100,,float32,native_horizon,192,1024,direct_quantiles,886.1036783854166,886.1036783854166,16.93175506591797,1.444170806611031,0.3848096927007039,0.4812746047973633,10.115007103154033,29.767493653067547,0.8602119487600389,0.4892886915818672,0.39557157949117255,1.444170806611031,2.5613281149382647,0.5638367057263336,-0.5729905982596671,0.39557157949117255,1.9253131793188218,0.20545830348033367,-1.582512168405499,Nature,1
saugeen/W/short|H=192|L=2048|Hsrc=controlled|Lsrc=controlled|origins=shared_origin_v1:Hmax=720,joint-scaling,release,standard_hl_shared_origin_v1,saugeen/W/short,chronos-2,chronos2,chronos-2,119.477664,119.477664,192,controlled,shared_origin_v1:Hmax=720,720,720,2048,controlled,2671,2671,2048,2048,100,100,100,[],merged,2,1,192,6644.128565788269,,100,,float32,native_horizon,192,1024,direct_quantiles,883.42236328125,883.42236328125,16.821731567382812,1.4347863878746672,0.37644203503926593,0.4713699022928874,10.27249165542172,29.722421894610978,0.8589094788367113,0.48610926609219146,0.39064689557768395,1.4347863878746672,2.5613281149382647,0.5601728179637186,-0.5795099393545694,0.39064689557768395,1.9253131793188218,0.20290044226253898,-1.5950398524457994,Nature,1
saugeen/W/short|H=192|L=4096|Hsrc=controlled|Lsrc=controlled|origins=shared_origin_v1:Hmax=720,joint-scaling,release,standard_hl_shared_origin_v1,saugeen/W/short,chronos-2,chronos2,chronos-2,119.477664,119.477664,192,controlled,shared_origin_v1:Hmax=720,720,720,4096,controlled,2671,2671,2671,2671,100,100,100,[],merged,2,1,192,6644.128565788269,,100,,float32,native_horizon,192,1024,direct_quantiles,866.2978515625,866.2978515625,16.703531901041668,1.4247048758762055,0.3754447301228841,0.46864867210388184,10.56074485890621,29.432938208111334,0.850544067593147,0.48269356820001685,0.38984185150788675,1.4247048758762055,2.5613281149382647,0.5562367693412622,-0.5865612312384761,0.38984185150788675,1.9253131793188218,0.2024823055778454,-1.5971027761158776,Nature,1
saugeen/W/short|H=192|L=6144|Hsrc=controlled|Lsrc=controlled|origins=shared_origin_v1:Hmax=720,joint-scaling-l6144,release,standard_hl_shared_origin_v1,saugeen/W/short,chronos-2,chronos2,chronos-2,119.477664,119.477664,192,controlled,shared_origin_v1:Hmax=720,720,720,6144,controlled,2671,2671,2671,2671,100,100,100,[],merged,6,1,192,6644.128565788269,,100,,float32,native_horizon,192,1024,direct_quantiles,866.2978515625,866.2978515625,16.703531901041668,1.4247048758762055,0.3754447301228841,0.46864867210388184,10.56074485890621,29.432938208111334,0.850544067593147,0.48269356820001685,0.38984185150788675,1.4247048758762055,2.5613281149382647,0.5562367693412622,-0.5865612312384761,0.38984185150788675,1.9253131793188218,0.2024823055778454,-1.5971027761158776,Nature,1
saugeen/W/short|H=192|L=8192|Hsrc=controlled|Lsrc=controlled|origins=shared_origin_v1:Hmax=720,joint-scaling,release,standard_hl_shared_origin_v1,saugeen/W/short,chronos-2,chronos2,chronos-2,119.477664,119.477664,192,controlled,shared_origin_v1:Hmax=720,720,720,8192,controlled,2671,2671,2671,2671,100,100,100,[],merged,2,1,192,6644.128565788269,,100,,float32,native_horizon,192,1024,direct_quantiles,866.2978515625,866.2978515625,16.703531901041668,1.4247048758762055,0.3754447301228841,0.46864867210388184,10.56074485890621,29.432938208111334,0.850544067593147,0.48269356820001685,0.38984185150788675,1.4247048758762055,2.5613281149382647,0.5562367693412622,-0.5865612312384761,0.38984185150788675,1.9253131793188218,0.2024823055778454,-1.5971027761158776,Nature,1
saugeen/W/short|H=336|L=128|Hsrc=controlled|Lsrc=controlled|origins=shared_origin_v1:Hmax=720,joint-scaling,release,standard_hl_shared_origin_v1,saugeen/W/short,chronos-2,chronos2,chronos-2,119.477664,119.477664,336,controlled,shared_origin_v1:Hmax=720,720,720,128,controlled,2671,2671,128,128,100,100,100,[],merged,2,1,336,10768.314269065857,,100,,float32,native_horizon,336,1024,direct_quantiles,1511.3255208333333,1511.3255208333333,20.431597028459823,1.74268500517758,0.5773508889334542,0.6351528621855236,22.179100549608123,38.87577035678307,1.213027268102963,0.63752008253359,0.5371840838701231,1.74268500517758,2.6937625935473966,0.6469334043586412,-0.43551191967279,0.5371840838701231,2.7050943488662202,0.19858238367740177,-1.616551233836073,Nature,1
saugeen/W/short|H=336|L=256|Hsrc=controlled|Lsrc=controlled|origins=shared_origin_v1:Hmax=720,joint-scaling,release,standard_hl_shared_origin_v1,saugeen/W/short,chronos-2,chronos2,chronos-2,119.477664,119.477664,336,controlled,shared_origin_v1:Hmax=720,720,720,256,controlled,2671,2671,256,256,100,100,100,[],merged,2,1,336,10768.314269065857,,100,,float32,native_horizon,336,1024,direct_quantiles,1459.766369047619,1459.766369047619,19.565240769159224,1.668790218790372,0.4899744306291853,0.587300527663458,17.958959204605193,38.20688902603324,1.1921563943973574,0.6104874666708424,0.5072822421397293,1.668790218790372,2.6937625935473966,0.6195015933429955,-0.478840005934011,0.5072822421397293,2.7050943488662202,0.18752848393341448,-1.6738245307979382,Nature,1
saugeen/W/short|H=336|L=512|Hsrc=controlled|Lsrc=controlled|origins=shared_origin_v1:Hmax=720,joint-scaling,release,standard_hl_shared_origin_v1,saugeen/W/short,chronos-2,chronos2,chronos-2,119.477664,119.477664,336,controlled,shared_origin_v1:Hmax=720,720,720,512,controlled,2671,2671,512,512,100,100,100,[],merged,2,1,336,10768.314269065857,,100,,float32,native_horizon,336,1024,direct_quantiles,1048.331287202381,1048.331287202381,15.886702764601935,1.3550345260228152,0.35975992111932664,0.4507008507138207,11.546474838369225,32.377944456101304,1.0102778452986014,0.4957073127258675,0.40648102470530456,1.3550345260228152,2.6937625935473966,0.5030267066847862,-0.687112015491109,0.40648102470530456,2.7050943488662202,0.15026500827066236,-1.895354821898705,Nature,1
saugeen/W/short|H=336|L=1024|Hsrc=controlled|Lsrc=controlled|origins=shared_origin_v1:Hmax=720,joint-scaling,release,standard_hl_shared_origin_v1,saugeen/W/short,chronos-2,chronos2,chronos-2,119.477664,119.477664,336,controlled,shared_origin_v1:Hmax=720,720,720,1024,controlled,2671,2671,1024,1024,100,100,100,[],merged,2,1,336,10768.314269065857,,100,,float32,native_horizon,336,1024,direct_quantiles,961.5818452380952,961.5818452380952,15.55650402250744,1.3268706493728928,0.3758562860034761,0.44061624436151414,9.923513615347357,31.009383180548678,0.9675750993445151,0.48540423514366254,0.3950747273691641,1.3268706493728928,2.6937625935473966,0.49257148813012,-0.7081156753400571,0.3950747273691641,2.7050943488662202,0.14604840956277582,-1.9238171398839838,Nature,1
saugeen/W/short|H=336|L=2048|Hsrc=controlled|Lsrc=controlled|origins=shared_origin_v1:Hmax=720,joint-scaling,release,standard_hl_shared_origin_v1,saugeen/W/short,chronos-2,chronos2,chronos-2,119.477664,119.477664,336,controlled,shared_origin_v1:Hmax=720,720,720,2048,controlled,2671,2671,2048,2048,100,100,100,[],merged,2,1,336,10768.314269065857,,100,,float32,native_horizon,336,1024,direct_quantiles,935.4447544642857,935.4447544642857,15.321275983537946,1.3068072285870833,0.36957186744326637,0.4264426004318964,9.981302741886443,30.58504135135811,0.9543345074519087,0.47806449568966103,0.3878018107173446,1.3068072285870833,2.6937625935473966,0.48512338530403243,-0.7233520177108039,0.3878018107173446,2.7050943488662202,0.14335980956815167,-1.9423976581035554,Nature,1
saugeen/W/short|H=336|L=4096|Hsrc=controlled|Lsrc=controlled|origins=shared_origin_v1:Hmax=720,joint-scaling,release,standard_hl_shared_origin_v1,saugeen/W/short,chronos-2,chronos2,chronos-2,119.477664,119.477664,336,controlled,shared_origin_v1:Hmax=720,720,720,4096,controlled,2671,2671,2671,2671,100,100,100,[],merged,2,1,336,10768.314269065857,,100,,float32,native_horizon,336,1024,direct_quantiles,920.7587425595239,920.7587425595239,15.227886381603422,1.2988417504104492,0.3670043718247187,0.42302009037562777,9.959191192154725,30.34400669917412,0.946813586246398,0.4751504921171481,0.38572903077834286,1.2988417504104492,2.6937625935473966,0.4821663770674066,-0.7294660438548942,0.38572903077834286,2.7050943488662202,0.14259355905276005,-1.9477569399550023,Nature,1
saugeen/W/short|H=336|L=6144|Hsrc=controlled|Lsrc=controlled|origins=shared_origin_v1:Hmax=720,joint-scaling-l6144,release,standard_hl_shared_origin_v1,saugeen/W/short,chronos-2,chronos2,chronos-2,119.477664,119.477664,336,controlled,shared_origin_v1:Hmax=720,720,720,6144,controlled,2671,2671,2671,2671,100,100,100,[],merged,6,1,336,10768.314269065857,,100,,float32,native_horizon,336,1024,direct_quantiles,920.7587425595239,920.7587425595239,15.227886381603422,1.2988417504104492,0.3670043718247187,0.42302009037562777,9.959191192154725,30.34400669917412,0.946813586246398,0.4751504921171481,0.38572903077834286,1.2988417504104492,2.6937625935473966,0.4821663770674066,-0.7294660438548942,0.38572903077834286,2.7050943488662202,0.14259355905276005,-1.9477569399550023,Nature,1
saugeen/W/short|H=336|L=8192|Hsrc=controlled|Lsrc=controlled|origins=shared_origin_v1:Hmax=720,joint-scaling,release,standard_hl_shared_origin_v1,saugeen/W/short,chronos-2,chronos2,chronos-2,119.477664,119.477664,336,controlled,shared_origin_v1:Hmax=720,720,720,8192,controlled,2671,2671,2671,2671,100,100,100,[],merged,2,1,336,10768.314269065857,,100,,float32,native_horizon,336,1024,direct_quantiles,920.7587425595239,920.7587425595239,15.227886381603422,1.2988417504104492,0.3670043718247187,0.42302009037562777,9.959191192154725,30.34400669917412,0.946813586246398,0.4751504921171481,0.38572903077834286,1.2988417504104492,2.6937625935473966,0.4821663770674066,-0.7294660438548942,0.38572903077834286,2.7050943488662202,0.14259355905276005,-1.9477569399550023,Nature,1
saugeen/W/short|H=720|L=128|Hsrc=controlled|Lsrc=controlled|origins=shared_origin_v1:Hmax=720,joint-scaling,release,standard_hl_shared_origin_v1,saugeen/W/short,chronos-2,chronos2,chronos-2,119.477664,119.477664,720,controlled,shared_origin_v1:Hmax=720,720,720,128,controlled,2671,2671,128,128,100,100,100,[],merged,2,1,720,23266.02853870392,,100,,float32,native_horizon,720,1024,direct_quantiles,1566.50625,1566.50625,20.00137668185764,1.7059898793622015,0.520836681789822,0.5945286220974393,18.413948160632064,39.57911381019034,1.224831384347839,0.6189707533015747,0.517341813237914,1.7059898793622015,2.73253347642006,0.6243253354748461,-0.47108367552604324,0.517341813237914,3.8595468091044376,0.13404211396465923,-2.00960124508953,Nature,1
saugeen/W/short|H=720|L=256|Hsrc=controlled|Lsrc=controlled|origins=shared_origin_v1:Hmax=720,joint-scaling,release,standard_hl_shared_origin_v1,saugeen/W/short,chronos-2,chronos2,chronos-2,119.477664,119.477664,720,controlled,shared_origin_v1:Hmax=720,720,720,256,controlled,2671,2671,256,256,100,100,100,[],merged,2,1,720,23266.02853870392,,100,,float32,native_horizon,720,1024,direct_quantiles,1521.5567708333333,1521.5567708333333,19.16278754340278,1.634463575863814,0.4360368516710069,0.5519180297851562,16.467839009337393,39.007137434491824,1.2071307703467062,0.5930194321002326,0.4903589239086526,1.634463575863814,2.73253347642006,0.5981495158131249,-0.5139145298395548,0.4903589239086526,3.8595468091044376,0.12705090731168892,-2.0631674278665013,Nature,1
saugeen/W/short|H=720|L=512|Hsrc=controlled|Lsrc=controlled|origins=shared_origin_v1:Hmax=720,joint-scaling,release,standard_hl_shared_origin_v1,saugeen/W/short,chronos-2,chronos2,chronos-2,119.477664,119.477664,720,controlled,shared_origin_v1:Hmax=720,720,720,512,controlled,2671,2671,512,512,100,100,100,[],merged,2,1,720,23266.02853870392,,100,,float32,native_horizon,720,1024,direct_quantiles,1186.5566840277777,1186.5566840277777,16.46085476345486,1.4040059745595006,0.3574256049262153,0.4609653049045139,12.196171360758601,34.44643209430808,1.0659933244147664,0.509404319261947,0.41376862346419147,1.4040059745595006,2.73253347642006,0.5138110792329298,-0.6658996312205636,0.41376862346419147,3.8595468091044376,0.10720653069633365,-2.2329981115262703,Nature,1
saugeen/W/short|H=720|L=1024|Hsrc=controlled|Lsrc=controlled|origins=shared_origin_v1:Hmax=720,joint-scaling,release,standard_hl_shared_origin_v1,saugeen/W/short,chronos-2,chronos2,chronos-2,119.477664,119.477664,720,controlled,shared_origin_v1:Hmax=720,720,720,1024,controlled,2671,2671,1024,1024,100,100,100,[],merged,2,1,720,23266.02853870392,,100,,float32,native_horizon,720,1024,direct_quantiles,1087.3657986111111,1087.3657986111111,15.863897026909722,1.3530892362606062,0.36094868977864586,0.44322047763400607,10.524321617344443,32.97523007669713,1.0204649072670886,0.49093062188822045,0.39641895354755374,1.3530892362606062,2.73253347642006,0.4951775515055399,-0.7028388908171123,0.39641895354755374,3.8595468091044376,0.10271126978235512,-2.275833433088952,Nature,1
saugeen/W/short|H=720|L=2048|Hsrc=controlled|Lsrc=controlled|origins=shared_origin_v1:Hmax=720,joint-scaling,release,standard_hl_shared_origin_v1,saugeen/W/short,chronos-2,chronos2,chronos-2,119.477664,119.477664,720,controlled,shared_origin_v1:Hmax=720,720,720,2048,controlled,2671,2671,2048,2048,100,100,100,[],merged,2,1,720,23266.02853870392,,100,,float32,native_horizon,720,1024,direct_quantiles,1037.7972222222222,1037.7972222222222,15.468796115451388,1.3193898184768578,0.35578664143880206,0.422833506266276,10.336883210226326,32.2148602701024,0.9969341933836481,0.4787036680797194,0.38659485629317053,1.3193898184768578,2.73253347642006,0.4828448873041488,-0.7280598212052658,0.38659485629317053,3.8595468091044376,0.100165868018809,-2.3009277868966973,Nature,1
saugeen/W/short|H=720|L=4096|Hsrc=controlled|Lsrc=controlled|origins=shared_origin_v1:Hmax=720,joint-scaling,release,standard_hl_shared_origin_v1,saugeen/W/short,chronos-2,chronos2,chronos-2,119.477664,119.477664,720,controlled,shared_origin_v1:Hmax=720,720,720,4096,controlled,2671,2671,2671,2671,100,100,100,[],merged,2,1,720,23266.02853870392,,100,,float32,native_horizon,720,1024,direct_quantiles,1025.1215277777778,1025.1215277777778,15.39812282986111,1.3133616801237094,0.3537530051337348,0.42090801662868926,10.36511374852165,32.01751907593369,0.9908271923729209,0.47651658378467737,0.38471132315366435,1.3133616801237094,2.73253347642006,0.4806388252722772,-0.7326391739400436,0.38471132315366435,3.8595468091044376,0.0996778487687087,-2.3058118055491827,Nature,1
saugeen/W/short|H=720|L=6144|Hsrc=controlled|Lsrc=controlled|origins=shared_origin_v1:Hmax=720,joint-scaling-l6144,release,standard_hl_shared_origin_v1,saugeen/W/short,chronos-2,chronos2,chronos-2,119.477664,119.477664,720,controlled,shared_origin_v1:Hmax=720,720,720,6144,controlled,2671,2671,2671,2671,100,100,100,[],merged,6,1,720,23266.02853870392,,100,,float32,native_horizon,720,1024,direct_quantiles,1025.1215277777778,1025.1215277777778,15.39812282986111,1.3133616801237094,0.3537530051337348,0.42090801662868926,10.36511374852165,32.01751907593369,0.9908271923729209,0.47651658378467737,0.38471132315366435,1.3133616801237094,2.73253347642006,0.4806388252722772,-0.7326391739400436,0.38471132315366435,3.8595468091044376,0.0996778487687087,-2.3058118055491827,Nature,1
saugeen/W/short|H=720|L=8192|Hsrc=controlled|Lsrc=controlled|origins=shared_origin_v1:Hmax=720,joint-scaling,release,standard_hl_shared_origin_v1,saugeen/W/short,chronos-2,chronos2,chronos-2,119.477664,119.477664,720,controlled,shared_origin_v1:Hmax=720,720,720,8192,controlled,2671,2671,2671,2671,100,100,100,[],merged,2,1,720,23266.02853870392,,100,,float32,native_horizon,720,1024,direct_quantiles,1025.1215277777778,1025.1215277777778,15.39812282986111,1.3133616801237094,0.3537530051337348,0.42090801662868926,10.36511374852165,32.01751907593369,0.9908271923729209,0.47651658378467737,0.38471132315366435,1.3133616801237094,2.73253347642006,0.4806388252722772,-0.7326391739400436,0.38471132315366435,3.8595468091044376,0.0996778487687087,-2.3058118055491827,Nature,1
solar/10T/short|H=48|L=128|Hsrc=controlled|Lsrc=controlled|origins=shared_origin_v1:Hmax=720,joint-scaling,release,standard_hl_shared_origin_v1,solar/10T/short,chronos-2,chronos2,chronos-2,119.477664,119.477664,48,controlled,shared_origin_v1:Hmax=720,720,720,128,controlled,46800,51840,128,128,100,100,100,[],merged,2,137,52608,25625.249984469265,,100,,float32,native_horizon,48,1024,direct_quantiles,1.2952357440679323,1.2952357440679323,0.2769391264068529,0.11595053133767526,1.0237375111741234,1.8879963221799114,0.8378091408601664,1.138084242957406,2.3364586058590704,0.5685491291145142,0.43699072259544397,0.11595053133767526,0.06312709153425175,1.8367792419956868,0.608013625900945,0.43699072259544397,2.7053515916525894,0.16152825530839934,-1.8230751961523841,Energy,1
solar/10T/short|H=48|L=256|Hsrc=controlled|Lsrc=controlled|origins=shared_origin_v1:Hmax=720,joint-scaling,release,standard_hl_shared_origin_v1,solar/10T/short,chronos-2,chronos2,chronos-2,119.477664,119.477664,48,controlled,shared_origin_v1:Hmax=720,720,720,256,controlled,46800,51840,256,256,100,100,100,[],merged,2,137,52608,25625.249984469265,,100,,float32,native_horizon,48,1024,direct_quantiles,0.7121849152873613,0.7121849152873613,0.19287835188445673,0.08024878501977649,1.3218495190558779,1.8625016201290723,0.6066141918802385,0.8439104900920247,1.7325272178678708,0.3959744526233802,0.30742578168666435,0.08024878501977649,0.06312709153425175,1.2712257617038285,0.2399816016925349,0.30742578168666435,2.7053515916525894,0.11363616567814404,-2.1747534635180106,Energy,1
solar/10T/short|H=48|L=512|Hsrc=controlled|Lsrc=controlled|origins=shared_origin_v1:Hmax=720,joint-scaling,release,standard_hl_shared_origin_v1,solar/10T/short,chronos-2,chronos2,chronos-2,119.477664,119.477664,48,controlled,shared_origin_v1:Hmax=720,720,720,512,controlled,46800,51840,512,512,100,100,100,[],merged,2,137,52608,25625.249984469265,,100,,float32,native_horizon,48,1024,direct_quantiles,0.5456087850306156,0.5456087850306156,0.17462455936301943,0.07278294547832427,1.5860549744010322,1.8536463967204964,0.5366185012500959,0.7386533591818395,1.5164369496254513,0.3584998712027197,0.2753540194803368,0.07278294547832427,0.06312709153425175,1.152958954854326,0.14233164208807939,0.2753540194803368,2.7053515916525894,0.10178123255030751,-2.2849295479487397,Energy,1
solar/10T/short|H=48|L=1024|Hsrc=controlled|Lsrc=controlled|origins=shared_origin_v1:Hmax=720,joint-scaling,release,standard_hl_shared_origin_v1,solar/10T/short,chronos-2,chronos2,chronos-2,119.477664,119.477664,48,controlled,shared_origin_v1:Hmax=720,720,720,1024,controlled,46800,51840,1024,1024,100,100,100,[],merged,2,137,52608,25625.249984469265,,100,,float32,native_horizon,48,1024,direct_quantiles,0.4610503694436846,0.4610503694436846,0.16322483082467332,0.06835184760694046,1.8125342760096628,1.8478539970379386,0.48949441884282513,0.6790068994080138,1.393984253254364,0.33509651243319416,0.25810697776720776,0.06835184760694046,0.06312709153425175,1.0827656707398572,0.07951857409939767,0.25810697776720776,2.7053515916525894,0.09540607533734301,-2.349613019774185,Energy,1
solar/10T/short|H=48|L=2048|Hsrc=controlled|Lsrc=controlled|origins=shared_origin_v1:Hmax=720,joint-scaling,release,standard_hl_shared_origin_v1,solar/10T/short,chronos-2,chronos2,chronos-2,119.477664,119.477664,48,controlled,shared_origin_v1:Hmax=720,720,720,2048,controlled,46800,51840,2048,2048,100,100,100,[],merged,2,137,52608,25625.249984469265,,100,,float32,native_horizon,48,1024,direct_quantiles,0.415658017434633,0.415658017434633,0.1714337484099859,0.07222097536692855,1.8510067449602103,1.8453887605319057,0.4849534951797433,0.6447154546267935,1.323584771175407,0.3519492157859365,0.2665958465920354,0.07222097536692855,0.06312709153425175,1.1440567529987122,0.13458050099171587,0.2665958465920354,2.7053515916525894,0.09854388147352885,-2.3172533328153198,Energy,1
solar/10T/short|H=48|L=4096|Hsrc=controlled|Lsrc=controlled|origins=shared_origin_v1:Hmax=720,joint-scaling,release,standard_hl_shared_origin_v1,solar/10T/short,chronos-2,chronos2,chronos-2,119.477664,119.477664,48,controlled,shared_origin_v1:Hmax=720,720,720,4096,controlled,46800,51840,4096,4096,100,100,100,[],merged,2,137,52608,25625.249984469265,,100,,float32,native_horizon,48,1024,direct_quantiles,0.44820239074038765,0.44820239074038765,0.1870483142616105,0.0787894551516842,1.7982355124824443,1.847012062722459,0.4833040544876322,0.6694791936575681,1.374424110644117,0.38400553058560183,0.2857747976071088,0.0787894551516842,0.06312709153425175,1.248108430735072,0.22162914977489495,0.2857747976071088,2.7053515916525894,0.1056331452402978,-2.247783081576941,Energy,1
solar/10T/short|H=48|L=6144|Hsrc=controlled|Lsrc=controlled|origins=shared_origin_v1:Hmax=720,joint-scaling-l6144,release,standard_hl_shared_origin_v1,solar/10T/short,chronos-2,chronos2,chronos-2,119.477664,119.477664,48,controlled,shared_origin_v1:Hmax=720,720,720,6144,controlled,46800,51840,6144,6144,100,100,100,[],merged,6,137,52608,25625.249984469265,,100,,float32,native_horizon,48,1024,direct_quantiles,0.4584759343279539,0.4584759343279539,0.18925600910418805,0.07977859644392364,1.785712315307277,1.847409547680486,0.48508434320864474,0.6771085100099938,1.3900869071011923,0.38853787311294147,0.2888169458297599,0.07977859644392364,0.06312709153425175,1.2637774765947685,0.23410523322876425,0.2888169458297599,2.7053515916525894,0.10675763797981369,-2.2371940792708047,Energy,1
solar/10T/short|H=48|L=8192|Hsrc=controlled|Lsrc=controlled|origins=shared_origin_v1:Hmax=720,joint-scaling,release,standard_hl_shared_origin_v1,solar/10T/short,chronos-2,chronos2,chronos-2,119.477664,119.477664,48,controlled,shared_origin_v1:Hmax=720,720,720,8192,controlled,46800,51840,8192,8192,100,100,100,[],merged,2,137,52608,25625.249984469265,,100,,float32,native_horizon,48,1024,direct_quantiles,0.46277872083250915,0.46277872083250915,0.195037681110874,0.08227219846516139,1.7827848913609414,1.8479728884360507,0.4890396991113408,0.6802784142044411,1.3965946414632981,0.40040750174532863,0.29672171901301764,0.08227219846516139,0.06312709153425175,1.3032787740667857,0.26488322312312285,0.29672171901301764,2.7053515916525894,0.10967954033352183,-2.210192434714962,Energy,1
solar/10T/short|H=96|L=128|Hsrc=controlled|Lsrc=controlled|origins=shared_origin_v1:Hmax=720,joint-scaling,release,standard_hl_shared_origin_v1,solar/10T/short,chronos-2,chronos2,chronos-2,119.477664,119.477664,96,controlled,shared_origin_v1:Hmax=720,720,720,128,controlled,46800,51840,128,128,100,100,100,[],merged,2,137,105216,788758.9999858476,,100,,float32,native_horizon,96,1024,direct_quantiles,24.654177477760037,24.654177477760037,2.486350270663445,1.0973269634695162,1.659922619244901,1.1981648865117354,7.7157482442646135,4.965297320177316,0.662342645661286,0.3316650967948624,0.2636289090379077,1.0973269634695162,1.1131332342854092,0.9858001986383597,-0.0143015832112252,0.2636289090379077,0.37923992534823775,0.6951507249555278,-0.363626586490731,Energy,1
solar/10T/short|H=96|L=256|Hsrc=controlled|Lsrc=controlled|origins=shared_origin_v1:Hmax=720,joint-scaling,release,standard_hl_shared_origin_v1,solar/10T/short,chronos-2,chronos2,chronos-2,119.477664,119.477664,96,controlled,shared_origin_v1:Hmax=720,720,720,256,controlled,46800,51840,256,256,100,100,100,[],merged,2,137,105216,788758.9999858476,,100,,float32,native_horizon,96,1024,direct_quantiles,23.74767398138116,23.74767398138116,2.4080990143936045,1.057946128382449,2.5289076519318128,1.176281952219868,6.8435770386198955,4.87315852208618,0.65005184989207,0.3212268207437045,0.2469391077407491,1.057946128382449,1.1131332342854092,0.9504218325325734,-0.05084935869676855,0.2469391077407491,0.37923992534823775,0.6511421694696222,-0.42902727433431886,Energy,1
solar/10T/short|H=96|L=512|Hsrc=controlled|Lsrc=controlled|origins=shared_origin_v1:Hmax=720,joint-scaling,release,standard_hl_shared_origin_v1,solar/10T/short,chronos-2,chronos2,chronos-2,119.477664,119.477664,96,controlled,shared_origin_v1:Hmax=720,720,720,512,controlled,46800,51840,512,512,100,100,100,[],merged,2,137,105216,788758.9999858476,,100,,float32,native_horizon,96,1024,direct_quantiles,21.9433583725978,21.9433583725978,2.318344403937495,1.018601276660382,3.030924287213165,1.1531448596295357,5.756317437747219,4.684373850644054,0.6248690399452914,0.30925406215214557,0.22428511948065152,1.018601276660382,1.1131332342854092,0.9150757926244891,-0.0887483836677311,0.22428511948065152,0.37923992534823775,0.5914069286737184,-0.525250955917613,Energy,1
solar/10T/short|H=96|L=1024|Hsrc=controlled|Lsrc=controlled|origins=shared_origin_v1:Hmax=720,joint-scaling,release,standard_hl_shared_origin_v1,solar/10T/short,chronos-2,chronos2,chronos-2,119.477664,119.477664,96,controlled,shared_origin_v1:Hmax=720,720,720,1024,controlled,46800,51840,1024,1024,100,100,100,[],merged,2,137,105216,788758.9999858476,,100,,float32,native_horizon,96,1024,direct_quantiles,24.62747385438051,24.62747385438051,2.4390098033450234,1.0737310662648007,3.3715355816905257,1.1549555692649525,5.62795166690332,4.962607566026203,0.6619838476345521,0.32535014557469955,0.23374205162945902,1.0737310662648007,1.1131332342854092,0.9646024691321851,-0.03603921160330444,0.23374205162945902,0.37923992534823775,0.6163434702051082,-0.48395088933762453,Energy,1
solar/10T/short|H=96|L=2048|Hsrc=controlled|Lsrc=controlled|origins=shared_origin_v1:Hmax=720,joint-scaling,release,standard_hl_shared_origin_v1,solar/10T/short,chronos-2,chronos2,chronos-2,119.477664,119.477664,96,controlled,shared_origin_v1:Hmax=720,720,720,2048,controlled,46800,51840,2048,2048,100,100,100,[],merged,2,137,105216,788758.9999858476,,100,,float32,native_horizon,96,1024,direct_quantiles,22.41018056753488,22.41018056753488,2.305502522600828,1.017018311915133,3.3595666489876015,1.142374781216438,5.529218589748987,4.733939223050385,0.6314807809500826,0.307541027642564,0.22817823104483367,1.017018311915133,1.1131332342854092,0.9136537124129813,-0.09030364976284325,0.22817823104483367,0.37923992534823775,0.601672492249619,-0.5080420145208006,Energy,1
solar/10T/short|H=96|L=4096|Hsrc=controlled|Lsrc=controlled|origins=shared_origin_v1:Hmax=720,joint-scaling,release,standard_hl_shared_origin_v1,solar/10T/short,chronos-2,chronos2,chronos-2,119.477664,119.477664,96,controlled,shared_origin_v1:Hmax=720,720,720,4096,controlled,46800,51840,4096,4096,100,100,100,[],merged,2,137,105216,788758.9999858476,,100,,float32,native_horizon,96,1024,direct_quantiles,22.703881256771783,22.703881256771783,2.365305749749325,1.0428055295114396,3.316621422888697,1.147766656249109,5.536957694832202,4.764858996525688,0.6356053042658685,0.31551844070253443,0.23501212677447128,1.0428055295114396,1.1131332342854092,0.9368200475847642,-0.06526406685847422,0.23501212677447128,0.37923992534823775,0.6196924718795653,-0.47853193709566455,Energy,1
solar/10T/short|H=96|L=6144|Hsrc=controlled|Lsrc=controlled|origins=shared_origin_v1:Hmax=720,joint-scaling-l6144,release,standard_hl_shared_origin_v1,solar/10T/short,chronos-2,chronos2,chronos-2,119.477664,119.477664,96,controlled,shared_origin_v1:Hmax=720,720,720,6144,controlled,46800,51840,6144,6144,100,100,100,[],merged,6,137,105216,788758.9999858476,,100,,float32,native_horizon,96,1024,direct_quantiles,21.99341830139903,21.99341830139903,2.340264499042446,1.0315859160911685,3.179788337850697,1.148574662034529,5.554334086598361,4.689714095912354,0.6255813985315765,0.31217807915430196,0.23272430915191938,1.0315859160911685,1.1131332342854092,0.9267407389497349,-0.07608143004170649,0.23272430915191938,0.37923992534823775,0.6136598327252065,-0.48831452272272996,Energy,1
solar/10T/short|H=96|L=8192|Hsrc=controlled|Lsrc=controlled|origins=shared_origin_v1:Hmax=720,joint-scaling,release,standard_hl_shared_origin_v1,solar/10T/short,chronos-2,chronos2,chronos-2,119.477664,119.477664,96,controlled,shared_origin_v1:Hmax=720,720,720,8192,controlled,46800,51840,8192,8192,100,100,100,[],merged,2,137,105216,788758.9999858476,,100,,float32,native_horizon,96,1024,direct_quantiles,21.958747882332535,21.958747882332535,2.337874303478974,1.0309446031338676,3.1585558791678516,1.1491007375601143,5.590054203303789,4.686016205940024,0.6250881208747311,0.31185924055289044,0.23177018158268764,1.0309446031338676,1.1131332342854092,0.9261646057991398,-0.07670330009113425,0.23177018158268764,0.37923992534823775,0.6111439384180456,-0.49242276912917526,Energy,1
solar/10T/short|H=192|L=128|Hsrc=controlled|Lsrc=controlled|origins=shared_origin_v1:Hmax=720,joint-scaling,release,standard_hl_shared_origin_v1,solar/10T/short,chronos-2,chronos2,chronos-2,119.477664,119.477664,192,controlled,shared_origin_v1:Hmax=720,720,720,128,controlled,46800,51840,128,128,100,100,100,[],merged,2,137,210432,815527.549981378,,100,,float32,native_horizon,192,1024,direct_quantiles,12.745117577323079,12.745117577323079,1.326215785785313,0.5822446516491537,1.7206035944721456,1.5623425718061534,4.165991758424731,3.570030472884381,0.9211812065541628,0.3422057786285056,0.27222920932559225,0.5822446516491537,0.5851880213648835,0.9949702153696437,-0.00504247657345007,0.27222920932559225,0.5695499043319253,0.47797253103731724,-0.7382020145910678,Energy,1
solar/10T/short|H=192|L=256|Hsrc=controlled|Lsrc=controlled|origins=shared_origin_v1:Hmax=720,joint-scaling,release,standard_hl_shared_origin_v1,solar/10T/short,chronos-2,chronos2,chronos-2,119.477664,119.477664,192,controlled,shared_origin_v1:Hmax=720,720,720,256,controlled,46800,51840,256,256,100,100,100,[],merged,2,137,210432,815527.549981378,,100,,float32,native_horizon,192,1024,direct_quantiles,12.246164512170202,12.246164512170202,1.2827835059804058,0.5609419756500686,2.5419579046189518,1.548211167374548,3.6431522116640846,3.49945203027134,0.9029697275718934,0.3309988715116155,0.25457852091284117,0.5609419756500686,0.5851880213648835,0.9585670847153301,-0.04231572967553589,0.25457852091284117,0.5695499043319253,0.44698193955709375,-0.8052370888602242,Energy,1
solar/10T/short|H=192|L=512|Hsrc=controlled|Lsrc=controlled|origins=shared_origin_v1:Hmax=720,joint-scaling,release,standard_hl_shared_origin_v1,solar/10T/short,chronos-2,chronos2,chronos-2,119.477664,119.477664,192,controlled,shared_origin_v1:Hmax=720,720,720,512,controlled,46800,51840,512,512,100,100,100,[],merged,2,137,210432,815527.549981378,,100,,float32,native_horizon,192,1024,direct_quantiles,11.31518729179735,11.31518729179735,1.2338106475607322,0.5395416358366574,2.9910836217463097,1.5329165188875864,3.0692721500744025,3.3638054776989335,0.8679686103790182,0.3183623192048246,0.2314385062779709,0.5395416358366574,0.5851880213648835,0.9219970610099619,-0.08121324305539386,0.2314385062779709,0.5695499043319253,0.40635334062507705,-0.9005322007632471,Energy,1
solar/10T/short|H=192|L=1024|Hsrc=controlled|Lsrc=controlled|origins=shared_origin_v1:Hmax=720,joint-scaling,release,standard_hl_shared_origin_v1,solar/10T/short,chronos-2,chronos2,chronos-2,119.477664,119.477664,192,controlled,shared_origin_v1:Hmax=720,720,720,1024,controlled,46800,51840,1024,1024,100,100,100,[],merged,2,137,210432,815527.549981378,,100,,float32,native_horizon,192,1024,direct_quantiles,12.656527442653683,12.656527442653683,1.2961808271941768,0.5680330825807391,3.3001760372235567,1.5332137940863912,2.9736132316918966,3.5576013608404304,0.9179741010361551,0.3344558057350156,0.2404190084818846,0.5680330825807391,0.5851880213648835,0.9706847403606581,-0.029753538629966294,0.2404190084818846,0.5695499043319253,0.42212105849423853,-0.8624631376152577,Energy,1
solar/10T/short|H=192|L=2048|Hsrc=controlled|Lsrc=controlled|origins=shared_origin_v1:Hmax=720,joint-scaling,release,standard_hl_shared_origin_v1,solar/10T/short,chronos-2,chronos2,chronos-2,119.477664,119.477664,192,controlled,shared_origin_v1:Hmax=720,720,720,2048,controlled,46800,51840,2048,2048,100,100,100,[],merged,2,137,210432,815527.549981378,,100,,float32,native_horizon,192,1024,direct_quantiles,11.465924413824894,11.465924413824894,1.2344954785349305,0.5420798050889235,3.266789842140416,1.5264230342967087,2.9097842492985593,3.386137093182273,0.8737308761780062,0.3185390273387997,0.23553639755696823,0.5420798050889235,0.5851880213648835,0.9263344178245224,-0.07651996717306768,0.23553639755696823,0.5695499043319253,0.4135483050133234,-0.8829809514783654,Energy,1
solar/10T/short|H=192|L=4096|Hsrc=controlled|Lsrc=controlled|origins=shared_origin_v1:Hmax=720,joint-scaling,release,standard_hl_shared_origin_v1,solar/10T/short,chronos-2,chronos2,chronos-2,119.477664,119.477664,192,controlled,shared_origin_v1:Hmax=720,720,720,4096,controlled,46800,51840,4096,4096,100,100,100,[],merged,2,137,210432,815527.549981378,,100,,float32,native_horizon,192,1024,direct_quantiles,11.532022703593086,11.532022703593086,1.262806955045157,0.5541591663734549,3.2132328584922902,1.5296250039353567,2.923634573068622,3.3958831993449192,0.8762456809961447,0.3258442871367502,0.24173607672903058,0.5541591663734549,0.5851880213648835,0.946976264279885,-0.05448125022855871,0.24173607672903058,0.5695499043319253,0.4244335305658314,-0.856999868374904,Energy,1
solar/10T/short|H=192|L=6144|Hsrc=controlled|Lsrc=controlled|origins=shared_origin_v1:Hmax=720,joint-scaling-l6144,release,standard_hl_shared_origin_v1,solar/10T/short,chronos-2,chronos2,chronos-2,119.477664,119.477664,192,controlled,shared_origin_v1:Hmax=720,720,720,6144,controlled,46800,51840,6144,6144,100,100,100,[],merged,6,137,210432,815527.549981378,,100,,float32,native_horizon,192,1024,direct_quantiles,11.15148940631653,11.15148940631653,1.250134526088,0.5484332093845653,3.084153759489765,1.5302424558467818,2.944805117859625,3.339384584967196,0.8616672447176836,0.3225743981300901,0.23957155224415258,0.5484332093845653,0.5851880213648835,0.9371914484944655,-0.06486769691587696,0.23957155224415258,0.5695499043319253,0.42063311822546423,-0.8659942783819613,Energy,1
solar/10T/short|H=192|L=8192|Hsrc=controlled|Lsrc=controlled|origins=shared_origin_v1:Hmax=720,joint-scaling,release,standard_hl_shared_origin_v1,solar/10T/short,chronos-2,chronos2,chronos-2,119.477664,119.477664,192,controlled,shared_origin_v1:Hmax=720,720,720,8192,controlled,46800,51840,8192,8192,100,100,100,[],merged,2,137,210432,815527.549981378,,100,,float32,native_horizon,192,1024,direct_quantiles,11.125518390442043,11.125518390442043,1.2497088439273139,0.5484395260779666,3.0641278037472164,1.530533556230457,2.96568405050268,3.33549372513906,0.8606632793514946,0.32246455861769163,0.23883744970590823,0.5484395260779666,0.5851880213648835,0.9372022427916327,-0.06485617927450042,0.23883744970590823,0.5695499043319253,0.41934420125320093,-0.8690632135877051,Energy,1
solar/10T/short|H=336|L=128|Hsrc=controlled|Lsrc=controlled|origins=shared_origin_v1:Hmax=720,joint-scaling,release,standard_hl_shared_origin_v1,solar/10T/short,chronos-2,chronos2,chronos-2,119.477664,119.477664,336,controlled,shared_origin_v1:Hmax=720,720,720,128,controlled,46800,51840,128,128,100,100,100,[],merged,2,137,368256,1659666.549766235,,100,,float32,native_horizon,336,1024,direct_quantiles,19.245687612693345,19.245687612693345,1.722006420232291,0.7540492472792231,1.562936116328118,1.5211139399741416,4.838670759872923,4.386990724026362,0.9734097830040627,0.3820883154983038,0.2963109269147813,0.7540492472792231,0.8330046030785475,0.9052161830708643,-0.09958148748721965,0.2963109269147813,0.6140800217385534,0.4825281989729616,-0.7287159164435714,Energy,1
solar/10T/short|H=336|L=256|Hsrc=controlled|Lsrc=controlled|origins=shared_origin_v1:Hmax=720,joint-scaling,release,standard_hl_shared_origin_v1,solar/10T/short,chronos-2,chronos2,chronos-2,119.477664,119.477664,336,controlled,shared_origin_v1:Hmax=720,720,720,256,controlled,46800,51840,256,256,100,100,100,[],merged,2,137,368256,1659666.549766235,,100,,float32,native_horizon,336,1024,direct_quantiles,15.227255080365289,15.227255080365289,1.5464116965974417,0.6777329087284741,2.0215966429096115,1.4938900176649337,4.152453875085145,3.9022115627378904,0.8658442995371622,0.3431263863348926,0.26446104092303924,0.6777329087284741,0.8330046030785475,0.8136004365687375,-0.20628589765902045,0.26446104092303924,0.6140800217385534,0.43066218010856316,-0.842431301066539,Energy,1
solar/10T/short|H=336|L=512|Hsrc=controlled|Lsrc=controlled|origins=shared_origin_v1:Hmax=720,joint-scaling,release,standard_hl_shared_origin_v1,solar/10T/short,chronos-2,chronos2,chronos-2,119.477664,119.477664,336,controlled,shared_origin_v1:Hmax=720,720,720,512,controlled,46800,51840,512,512,100,100,100,[],merged,2,137,368256,1659666.549766235,,100,,float32,native_horizon,336,1024,direct_quantiles,12.85268536018422,12.85268536018422,1.390927759938908,0.6082421843922596,2.2581934885291566,1.4708290004816091,3.6703229432613202,3.5850642058663635,0.7954738886443651,0.3086267498951573,0.24127535781193757,0.6082421843922596,0.8330046030785475,0.730178659450824,-0.3144660358096658,0.24127535781193757,0.6140800217385534,0.3929054020172331,-0.9341864034228209,Energy,1
solar/10T/short|H=336|L=1024|Hsrc=controlled|Lsrc=controlled|origins=shared_origin_v1:Hmax=720,joint-scaling,release,standard_hl_shared_origin_v1,solar/10T/short,chronos-2,chronos2,chronos-2,119.477664,119.477664,336,controlled,shared_origin_v1:Hmax=720,720,720,1024,controlled,46800,51840,1024,1024,100,100,100,[],merged,2,137,368256,1659666.549766235,,100,,float32,native_horizon,336,1024,direct_quantiles,13.567756703217327,13.567756703217327,1.4240308091339653,0.6241335880195433,2.403814291151306,1.4698423187393757,3.35280756299662,3.6834435930549185,0.8173028515849096,0.31597183766962145,0.24387857657336826,0.6241335880195433,0.8330046030785475,0.749255869310834,-0.2886747392346868,0.24387857657336826,0.6140800217385534,0.3971446194958617,-0.9234547837831057,Energy,1
solar/10T/short|H=336|L=2048|Hsrc=controlled|Lsrc=controlled|origins=shared_origin_v1:Hmax=720,joint-scaling,release,standard_hl_shared_origin_v1,solar/10T/short,chronos-2,chronos2,chronos-2,119.477664,119.477664,336,controlled,shared_origin_v1:Hmax=720,720,720,2048,controlled,46800,51840,2048,2048,100,100,100,[],merged,2,137,368256,1659666.549766235,,100,,float32,native_horizon,336,1024,direct_quantiles,12.612084646957552,12.612084646957552,1.3704038559665355,0.6005556008026771,2.35849197749886,1.4645854458031573,3.2598873818667693,3.551349693702037,0.7879931260819485,0.3040727924858726,0.23673312973584992,0.6005556008026771,0.8330046030785475,0.7209511190972953,-0.3271839399769994,0.23673312973584992,0.6140800217385534,0.3855086004355306,-0.9531917764078192,Energy,1
solar/10T/short|H=336|L=4096|Hsrc=controlled|Lsrc=controlled|origins=shared_origin_v1:Hmax=720,joint-scaling,release,standard_hl_shared_origin_v1,solar/10T/short,chronos-2,chronos2,chronos-2,119.477664,119.477664,336,controlled,shared_origin_v1:Hmax=720,720,720,4096,controlled,46800,51840,4096,4096,100,100,100,[],merged,2,137,368256,1659666.549766235,,100,,float32,native_horizon,336,1024,direct_quantiles,12.623729993537104,12.623729993537104,1.413191317020293,0.6193994351904661,2.301046642819262,1.4694702816705634,3.255427297030574,3.552988881707499,0.7883568381891934,0.31356671116491797,0.24188033510217177,0.6193994351904661,0.8330046030785475,0.7435726440182232,-0.2962888123830768,0.24188033510217177,0.6140800217385534,0.39389057865353116,-0.931682127408783,Energy,1
solar/10T/short|H=336|L=6144|Hsrc=controlled|Lsrc=controlled|origins=shared_origin_v1:Hmax=720,joint-scaling-l6144,release,standard_hl_shared_origin_v1,solar/10T/short,chronos-2,chronos2,chronos-2,119.477664,119.477664,336,controlled,shared_origin_v1:Hmax=720,720,720,6144,controlled,46800,51840,6144,6144,100,100,100,[],merged,6,137,368256,1659666.549766235,,100,,float32,native_horizon,336,1024,direct_quantiles,12.465105795968022,12.465105795968022,1.41117643025504,0.6187178556890323,2.225899757752885,1.470447867787626,3.2741486744210953,3.5305956715500604,0.783388108777313,0.3131196369374296,0.24179111185660737,0.6187178556890323,0.8330046030785475,0.7427544258488218,-0.2973898059243266,0.24179111185660737,0.6140800217385534,0.3937452828575341,-0.9320510689584135,Energy,1
solar/10T/short|H=336|L=8192|Hsrc=controlled|Lsrc=controlled|origins=shared_origin_v1:Hmax=720,joint-scaling,release,standard_hl_shared_origin_v1,solar/10T/short,chronos-2,chronos2,chronos-2,119.477664,119.477664,336,controlled,shared_origin_v1:Hmax=720,720,720,8192,controlled,46800,51840,8192,8192,100,100,100,[],merged,2,137,368256,1659666.549766235,,100,,float32,native_horizon,336,1024,direct_quantiles,12.439791141386698,12.439791141386698,1.405533738545672,0.6163681068793705,2.2179511549694158,1.470153034251309,3.2956497381137893,3.527008809371859,0.7825922359446155,0.31186760526973245,0.24129267950022135,0.6163681068793705,0.8330046030785475,0.739933614534001,-0.3011948068973002,0.24129267950022135,0.6140800217385534,0.3929336095596878,-0.9341146138016612,Energy,1
solar/10T/short|H=720|L=128|Hsrc=controlled|Lsrc=controlled|origins=shared_origin_v1:Hmax=720,joint-scaling,release,standard_hl_shared_origin_v1,solar/10T/short,chronos-2,chronos2,chronos-2,119.477664,119.477664,720,controlled,shared_origin_v1:Hmax=720,720,720,128,controlled,46800,51840,128,128,100,100,100,[],merged,2,137,789120,3651068.249705702,,100,,float32,native_horizon,720,1024,direct_quantiles,19.058263318633415,19.058263318633415,1.8252032302398558,0.7982630560770613,2.2851665642867687,1.467278925284844,5.916236402338184,4.365577088843286,0.9435496563576148,0.39448848242236284,0.3137092563141884,0.7982630560770613,0.8709317965851564,0.916562076625262,-0.08712548172631453,0.3137092563141884,0.673849495765364,0.4655479573489548,-0.7645401642655262,Energy,1
solar/10T/short|H=720|L=256|Hsrc=controlled|Lsrc=controlled|origins=shared_origin_v1:Hmax=720,joint-scaling,release,standard_hl_shared_origin_v1,solar/10T/short,chronos-2,chronos2,chronos-2,119.477664,119.477664,720,controlled,shared_origin_v1:Hmax=720,720,720,256,controlled,46800,51840,256,256,100,100,100,[],merged,2,137,789120,3651068.249705702,,100,,float32,native_horizon,720,1024,direct_quantiles,19.56306087001977,19.56306087001977,1.8418162349753522,0.8038710521908071,3.0732174904269205,1.453915269472272,4.958360733122354,4.423014907279849,0.9559639220422714,0.39807911765574466,0.30708956474634996,0.8038710521908071,0.8709317965851564,0.9230011527225342,-0.08012479559324542,0.30708956474634996,0.673849495765364,0.4557242628749837,-0.7858673390421412,Energy,1
solar/10T/short|H=720|L=512|Hsrc=controlled|Lsrc=controlled|origins=shared_origin_v1:Hmax=720,joint-scaling,release,standard_hl_shared_origin_v1,solar/10T/short,chronos-2,chronos2,chronos-2,119.477664,119.477664,720,controlled,shared_origin_v1:Hmax=720,720,720,512,controlled,46800,51840,512,512,100,100,100,[],merged,2,137,789120,3651068.249705702,,100,,float32,native_horizon,720,1024,direct_quantiles,20.14551363385797,20.14551363385797,1.8255183335154983,0.7959958921195056,3.6250779491955765,1.442201342715617,4.462801141053443,4.488375389142264,0.9700905446961827,0.3945565869550281,0.300179445719333,0.7959958921195056,0.8709317965851564,0.9139589290924185,-0.08996964388507336,0.300179445719333,0.673849495765364,0.44546957088449946,-0.8086263376936125,Energy,1
solar/10T/short|H=720|L=1024|Hsrc=controlled|Lsrc=controlled|origins=shared_origin_v1:Hmax=720,joint-scaling,release,standard_hl_shared_origin_v1,solar/10T/short,chronos-2,chronos2,chronos-2,119.477664,119.477664,720,controlled,shared_origin_v1:Hmax=720,720,720,1024,controlled,46800,51840,1024,1024,100,100,100,[],merged,2,137,789120,3651068.249705702,,100,,float32,native_horizon,720,1024,direct_quantiles,20.45685969814477,20.45685969814477,1.8194571044129852,0.7947272523917035,3.74323678697882,1.4395455453570878,3.9326549948285496,4.52292601068653,0.9775581088742035,0.39324654923941965,0.29669040402182373,0.7947272523917035,0.8709317965851564,0.9125022826216198,-0.09156469202547424,0.29669040402182373,0.673849495765364,0.4402917949576266,-0.8203176015118786,Energy,1
solar/10T/short|H=720|L=2048|Hsrc=controlled|Lsrc=controlled|origins=shared_origin_v1:Hmax=720,joint-scaling,release,standard_hl_shared_origin_v1,solar/10T/short,chronos-2,chronos2,chronos-2,119.477664,119.477664,720,controlled,shared_origin_v1:Hmax=720,720,720,2048,controlled,46800,51840,2048,2048,100,100,100,[],merged,2,137,789120,3651068.249705702,,100,,float32,native_horizon,720,1024,direct_quantiles,19.998460429022202,19.998460429022202,1.8036188130251103,0.7883558939656822,3.7156199357263593,1.4368681104030439,3.7688075486124957,4.4719638224187594,0.9665434470669079,0.38982335590387807,0.28914520349725265,0.7883558939656822,0.8709317965851564,0.9051867173259184,-0.09961403907553408,0.28914520349725265,0.673849495765364,0.4290946350992502,-0.8460777897445925,Energy,1
solar/10T/short|H=720|L=4096|Hsrc=controlled|Lsrc=controlled|origins=shared_origin_v1:Hmax=720,joint-scaling,release,standard_hl_shared_origin_v1,solar/10T/short,chronos-2,chronos2,chronos-2,119.477664,119.477664,720,controlled,shared_origin_v1:Hmax=720,720,720,4096,controlled,46800,51840,4096,4096,100,100,100,[],merged,2,137,789120,3651068.249705702,,100,,float32,native_horizon,720,1024,direct_quantiles,19.615792472944545,19.615792472944545,1.8316357392174194,0.8006273712504646,3.618500086650725,1.4409954631028867,3.768782614668247,4.428971943120045,0.9572514400508966,0.39587876634400254,0.29124238429571836,0.8006273712504646,0.8709317965851564,0.9192767727503474,-0.08416803466642588,0.29124238429571836,0.673849495765364,0.43220687427379134,-0.8388509297285944,Energy,1
solar/10T/short|H=720|L=6144|Hsrc=controlled|Lsrc=controlled|origins=shared_origin_v1:Hmax=720,joint-scaling-l6144,release,standard_hl_shared_origin_v1,solar/10T/short,chronos-2,chronos2,chronos-2,119.477664,119.477664,720,controlled,shared_origin_v1:Hmax=720,720,720,6144,controlled,46800,51840,6144,6144,100,100,100,[],merged,6,137,789120,3651068.249705702,,100,,float32,native_horizon,720,1024,direct_quantiles,19.13712394819546,19.13712394819546,1.8220575411534368,0.7962166158685965,3.512481158516327,1.4417718471208434,3.7850162230871405,4.374599861495387,0.9454997843388707,0.39380859204450563,0.2898165926839082,0.7962166158685965,0.8709317965851564,0.9142123631155605,-0.08969238975046828,0.2898165926839082,0.673849495765364,0.43009098397370177,-0.8437585020401548,Energy,1
solar/10T/short|H=720|L=8192|Hsrc=controlled|Lsrc=controlled|origins=shared_origin_v1:Hmax=720,joint-scaling,release,standard_hl_shared_origin_v1,solar/10T/short,chronos-2,chronos2,chronos-2,119.477664,119.477664,720,controlled,shared_origin_v1:Hmax=720,720,720,8192,controlled,46800,51840,8192,8192,100,100,100,[],merged,2,137,789120,3651068.249705702,,100,,float32,native_horizon,720,1024,direct_quantiles,19.23338505233678,19.23338505233678,1.816770928870926,0.7941711171153856,3.517139309328905,1.4412175954306696,3.81835361129792,4.385588335940433,0.9478747673194747,0.3926659753638365,0.29008341180472114,0.7941711171153856,0.8709317965851564,0.9118637305805777,-0.09226471829487122,0.29008341180472114,0.673849495765364,0.43048694645863306,-0.842838277389089,Energy,1
solar/H/short|H=48|L=128|Hsrc=controlled|Lsrc=controlled|origins=shared_origin_v1:Hmax=720,joint-scaling,release,standard_hl_shared_origin_v1,solar/H/short,chronos-2,chronos2,chronos-2,119.477664,119.477664,48,controlled,shared_origin_v1:Hmax=720,720,720,128,controlled,7320,8040,128,128,100,100,100,[],merged,2,137,13152,497771.299971804,,100,,float32,native_horizon,48,1024,direct_quantiles,513.9678756082725,513.9678756082725,10.742435204721716,0.8150803406929672,1.1231264398467755,1.3183237340328466,4.982983064943322,22.670859613351066,0.5990042930391581,0.28383417810649786,0.22519562576890362,0.8150803406929672,0.9985551325387176,0.8162597278136403,-0.2030226807735186,0.22519562576890362,0.42567461696570436,0.5290323096409743,-0.6367057721629128,Energy,1
solar/H/short|H=48|L=256|Hsrc=controlled|Lsrc=controlled|origins=shared_origin_v1:Hmax=720,joint-scaling,release,standard_hl_shared_origin_v1,solar/H/short,chronos-2,chronos2,chronos-2,119.477664,119.477664,48,controlled,shared_origin_v1:Hmax=720,720,720,256,controlled,7320,8040,256,256,100,100,100,[],merged,2,137,13152,497771.299971804,,100,,float32,native_horizon,48,1024,direct_quantiles,479.651725973236,479.651725973236,9.835417438887621,0.7510754831131812,1.4976718952791996,1.3012824511005932,4.526782328424659,21.900952627071636,0.5786619858709453,0.2598691611259573,0.20373217470561478,0.7510754831131812,0.9985551325387176,0.7521622578852042,-0.28480320984259716,0.20373217470561478,0.42567461696570436,0.4786101087207392,-0.7368689822918478,Energy,1
solar/H/short|H=48|L=512|Hsrc=controlled|Lsrc=controlled|origins=shared_origin_v1:Hmax=720,joint-scaling,release,standard_hl_shared_origin_v1,solar/H/short,chronos-2,chronos2,chronos-2,119.477664,119.477664,48,controlled,shared_origin_v1:Hmax=720,720,720,512,controlled,7320,8040,512,512,100,100,100,[],merged,2,137,13152,497771.299971804,,100,,float32,native_horizon,48,1024,direct_quantiles,447.55904045012164,447.55904045012164,9.538511550049423,0.7219803249848588,1.5845279644572188,1.2946086057491255,4.688253001038082,21.155591233764223,0.5589682167739034,0.25202438130393634,0.20056232205555205,0.7219803249848588,0.9985551325387176,0.7230250002814591,-0.32431147888529144,0.20056232205555205,0.42567461696570436,0.471163452228374,-0.7525502128355072,Energy,1
solar/H/short|H=48|L=1024|Hsrc=controlled|Lsrc=controlled|origins=shared_origin_v1:Hmax=720,joint-scaling,release,standard_hl_shared_origin_v1,solar/H/short,chronos-2,chronos2,chronos-2,119.477664,119.477664,48,controlled,shared_origin_v1:Hmax=720,720,720,1024,controlled,7320,8040,1024,1024,100,100,100,[],merged,2,137,13152,497771.299971804,,100,,float32,native_horizon,48,1024,direct_quantiles,781.7912484793187,781.7912484793187,13.681469548357665,1.0376709301804485,1.3116052393539621,1.358083460452783,4.48922717709568,27.96053018952464,0.7387667651257883,0.3614886746387197,0.26904701744019804,1.0376709301804485,0.9985551325387176,1.0391723965629052,0.038424623822573244,0.26904701744019804,0.42567461696570436,0.6320485335912678,-0.4587890941266923,Energy,1
solar/H/short|H=48|L=2048|Hsrc=controlled|Lsrc=controlled|origins=shared_origin_v1:Hmax=720,joint-scaling,release,standard_hl_shared_origin_v1,solar/H/short,chronos-2,chronos2,chronos-2,119.477664,119.477664,48,controlled,shared_origin_v1:Hmax=720,720,720,2048,controlled,7320,8040,2048,2048,100,100,100,[],merged,2,137,13152,497771.299971804,,100,,float32,native_horizon,48,1024,direct_quantiles,1003.7421684914842,1003.7421684914842,16.09229525452403,1.2198873407330009,1.2863019808724754,1.4052028980858424,4.438073594877503,31.681890229143278,0.8370916931476262,0.425186962766814,0.3129834974077905,1.2198873407330009,0.9985551325387176,1.2216524666310313,0.2002044231085709,0.3129834974077905,0.42567461696570436,0.7352646480046211,-0.30752477926484906,Energy,1
solar/H/short|H=48|L=4096|Hsrc=controlled|Lsrc=controlled|origins=shared_origin_v1:Hmax=720,joint-scaling,release,standard_hl_shared_origin_v1,solar/H/short,chronos-2,chronos2,chronos-2,119.477664,119.477664,48,controlled,shared_origin_v1:Hmax=720,720,720,4096,controlled,7320,8040,4096,4096,100,100,100,[],merged,2,137,13152,497771.299971804,,100,,float32,native_horizon,48,1024,direct_quantiles,911.9647201946472,911.9647201946472,15.509639693582725,1.1780280725020518,1.4006894978667892,1.3930721979071623,4.469680076498603,30.19875361988715,0.7979045952051744,0.4097921701423013,0.30456317950447415,1.1780280725020518,0.9985551325387176,1.1797326297918511,0.16528782788117152,0.30456317950447415,0.42567461696570436,0.7154835345256495,-0.3347966927931921,Energy,1
solar/H/short|H=48|L=6144|Hsrc=controlled|Lsrc=controlled|origins=shared_origin_v1:Hmax=720,joint-scaling-l6144,release,standard_hl_shared_origin_v1,solar/H/short,chronos-2,chronos2,chronos-2,119.477664,119.477664,48,controlled,shared_origin_v1:Hmax=720,720,720,6144,controlled,7320,8040,6144,6144,100,100,100,[],merged,6,137,13152,497771.299971804,,100,,float32,native_horizon,48,1024,direct_quantiles,894.8252927311436,894.8252927311436,15.347003129276915,1.1648637537797801,1.393935427703897,1.3904291417476904,4.4698346814581935,29.913630550823207,0.7903711383655748,0.4054950238546966,0.3015963377309011,1.1648637537797801,0.9985551325387176,1.1665492628516574,0.1540500429220983,0.3015963377309011,0.42567461696570436,0.7085137936594421,-0.3445857512202506,Energy,1
solar/H/short|H=48|L=8192|Hsrc=controlled|Lsrc=controlled|origins=shared_origin_v1:Hmax=720,joint-scaling,release,standard_hl_shared_origin_v1,solar/H/short,chronos-2,chronos2,chronos-2,119.477664,119.477664,48,controlled,shared_origin_v1:Hmax=720,720,720,8192,controlled,7320,8040,7320,8040,100,100,100,[],merged,2,137,13152,497771.299971804,,100,,float32,native_horizon,48,1024,direct_quantiles,890.6317290145986,890.6317290145986,15.339679801551094,1.1645301011647424,1.3634929077584252,1.390995814562424,4.4698894692708615,29.8434537045329,0.7885169417044529,0.40530152855624235,0.30115475475830655,1.1645301011647424,0.9985551325387176,1.1662151274552577,0.15376357130064078,0.30115475475830655,0.42567461696570436,0.7074764215564442,-0.3460509764420689,Energy,1
solar/H/short|H=96|L=128|Hsrc=controlled|Lsrc=controlled|origins=shared_origin_v1:Hmax=720,joint-scaling,release,standard_hl_shared_origin_v1,solar/H/short,chronos-2,chronos2,chronos-2,119.477664,119.477664,96,controlled,shared_origin_v1:Hmax=720,720,720,128,controlled,7320,8040,128,128,100,100,100,[],merged,2,137,26304,1038078.1998032965,,100,,float32,native_horizon,96,1024,direct_quantiles,433.4450843978102,433.4450843978102,10.329646275281325,0.7812437056192307,0.8882955377236951,1.3022613896650699,5.008349991044157,20.819343995376276,0.5275440949999214,0.2617442651974447,0.20895009267971007,0.7812437056192307,0.8598259443877844,0.9086068066665446,-0.0958428343063509,0.20895009267971007,0.4221167147713504,0.495005493428264,-0.7031864186401505,Energy,1
solar/H/short|H=96|L=256|Hsrc=controlled|Lsrc=controlled|origins=shared_origin_v1:Hmax=720,joint-scaling,release,standard_hl_shared_origin_v1,solar/H/short,chronos-2,chronos2,chronos-2,119.477664,119.477664,96,controlled,shared_origin_v1:Hmax=720,720,720,256,controlled,7320,8040,256,256,100,100,100,[],merged,2,137,26304,1038078.1998032965,,100,,float32,native_horizon,96,1024,direct_quantiles,366.78596411192217,366.78596411192217,8.869815724319496,0.6755136588627801,1.1545137433145267,1.2798069120903666,4.643260570450389,19.151656954736897,0.48528635379575147,0.22475342691592004,0.18262791466053935,0.6755136588627801,0.8598259443877844,0.785640004552039,-0.24125660094708481,0.18262791466053935,0.4221167147713504,0.43264791056536134,-0.8378310213288669,Energy,1
solar/H/short|H=96|L=512|Hsrc=controlled|Lsrc=controlled|origins=shared_origin_v1:Hmax=720,joint-scaling,release,standard_hl_shared_origin_v1,solar/H/short,chronos-2,chronos2,chronos-2,119.477664,119.477664,96,controlled,shared_origin_v1:Hmax=720,720,720,512,controlled,7320,8040,512,512,100,100,100,[],merged,2,137,26304,1038078.1998032965,,100,,float32,native_horizon,96,1024,direct_quantiles,394.6766651459854,394.6766651459854,9.34681660821548,0.7064005669583711,1.2637064837332062,1.283139862283303,4.698516912876036,19.86647087798901,0.5033991177867364,0.23684021503301708,0.19117679964840806,0.7064005669583711,0.8598259443877844,0.8215622842845761,-0.19654752662524255,0.19117679964840806,0.4221167147713504,0.4529003305447489,-0.7920831985797652,Energy,1
solar/H/short|H=96|L=1024|Hsrc=controlled|Lsrc=controlled|origins=shared_origin_v1:Hmax=720,joint-scaling,release,standard_hl_shared_origin_v1,solar/H/short,chronos-2,chronos2,chronos-2,119.477664,119.477664,96,controlled,shared_origin_v1:Hmax=720,720,720,1024,controlled,7320,8040,1024,1024,100,100,100,[],merged,2,137,26304,1038078.1998032965,,100,,float32,native_horizon,96,1024,direct_quantiles,777.317024026764,777.317024026764,13.681578847323602,1.040545726020955,1.1468443239684654,1.3541570881567442,4.525425556152595,27.880405736408573,0.7064652669032596,0.3466793253804897,0.2592372683859144,1.040545726020955,0.8598259443877844,1.210181819719161,0.19077061255082256,0.2592372683859144,0.4221167147713504,0.6141364682190718,-0.48753811458818513,Energy,1
solar/H/short|H=96|L=2048|Hsrc=controlled|Lsrc=controlled|origins=shared_origin_v1:Hmax=720,joint-scaling,release,standard_hl_shared_origin_v1,solar/H/short,chronos-2,chronos2,chronos-2,119.477664,119.477664,96,controlled,shared_origin_v1:Hmax=720,720,720,2048,controlled,7320,8040,2048,2048,100,100,100,[],merged,2,137,26304,1038078.1998032965,,100,,float32,native_horizon,96,1024,direct_quantiles,812.5276383819952,812.5276383819952,14.047108448334853,1.0651306217266914,1.1454246347794237,1.368721695131919,4.531568547773006,28.504870432647035,0.7222886599510753,0.355941528003396,0.26865546259888495,1.0651306217266914,0.8598259443877844,1.2387746946681035,0.2141227416141986,0.26865546259888495,0.4221167147713504,0.6364482930850265,-0.4518521006002719,Energy,1
solar/H/short|H=96|L=4096|Hsrc=controlled|Lsrc=controlled|origins=shared_origin_v1:Hmax=720,joint-scaling,release,standard_hl_shared_origin_v1,solar/H/short,chronos-2,chronos2,chronos-2,119.477664,119.477664,96,controlled,shared_origin_v1:Hmax=720,720,720,4096,controlled,7320,8040,4096,4096,100,100,100,[],merged,2,137,26304,1038078.1998032965,,100,,float32,native_horizon,96,1024,direct_quantiles,714.1470878953771,714.1470878953771,13.340428261861314,1.0122138370779932,1.2238982619426497,1.3553988788539766,4.537464186702055,26.723530603110383,0.6771510557850203,0.33803486583813497,0.2580363113581565,1.0122138370779932,0.8598259443877844,1.1772310939032113,0.16316515046974783,0.2580363113581565,0.4221167147713504,0.611291385364657,-0.49218153436696277,Energy,1
solar/H/short|H=96|L=6144|Hsrc=controlled|Lsrc=controlled|origins=shared_origin_v1:Hmax=720,joint-scaling-l6144,release,standard_hl_shared_origin_v1,solar/H/short,chronos-2,chronos2,chronos-2,119.477664,119.477664,96,controlled,shared_origin_v1:Hmax=720,720,720,6144,controlled,7320,8040,6144,6144,100,100,100,[],merged,6,137,26304,1038078.1998032965,,100,,float32,native_horizon,96,1024,direct_quantiles,696.1171684914842,696.1171684914842,13.226903910764522,1.002720290871965,1.2126871622530282,1.3530612026687956,4.52572954565758,26.384032453199495,0.6685484675243786,0.33515825737856436,0.25577407537763464,1.002720290871965,0.8598259443877844,1.1661898520472358,0.1537418980421415,0.25577407537763464,0.4221167147713504,0.6059321188363289,-0.5009873143085544,Energy,1
solar/H/short|H=96|L=8192|Hsrc=controlled|Lsrc=controlled|origins=shared_origin_v1:Hmax=720,joint-scaling,release,standard_hl_shared_origin_v1,solar/H/short,chronos-2,chronos2,chronos-2,119.477664,119.477664,96,controlled,shared_origin_v1:Hmax=720,720,720,8192,controlled,7320,8040,7320,8040,100,100,100,[],merged,2,137,26304,1038078.1998032965,,100,,float32,native_horizon,96,1024,direct_quantiles,694.6841925182482,694.6841925182482,13.245911981067518,1.0040723436607346,1.1981895137434242,1.354077192988709,4.5331194239495884,26.356862342059006,0.6678600005056368,0.33563990537131166,0.2561286765261135,1.0040723436607346,0.8598259443877844,1.1677623247059112,0.15508937457766356,0.2561286765261135,0.4221167147713504,0.6067721735796502,-0.4996018902065015,Energy,1
solar/H/short|H=192|L=128|Hsrc=controlled|Lsrc=controlled|origins=shared_origin_v1:Hmax=720,joint-scaling,release,standard_hl_shared_origin_v1,solar/H/short,chronos-2,chronos2,chronos-2,119.477664,119.477664,192,controlled,shared_origin_v1:Hmax=720,720,720,128,controlled,7320,8040,128,128,100,100,100,[],merged,2,137,52608,1826336.7000688054,,100,,float32,native_horizon,192,1024,direct_quantiles,548.4141575425791,548.4141575425791,11.221178337895378,0.8502551517969869,1.8708143491016733,1.3379421558983424,5.058557331004125,23.418244117409383,0.6745672835037805,0.32322832365891796,0.2485899027493431,0.8502551517969869,0.8782273706731201,0.9681492289921528,-0.03236904140535202,0.2485899027493431,0.5637361403600482,0.4409685399814409,-0.8187817439905256,Energy,1
solar/H/short|H=192|L=256|Hsrc=controlled|Lsrc=controlled|origins=shared_origin_v1:Hmax=720,joint-scaling,release,standard_hl_shared_origin_v1,solar/H/short,chronos-2,chronos2,chronos-2,119.477664,119.477664,192,controlled,shared_origin_v1:Hmax=720,720,720,256,controlled,7320,8040,256,256,100,100,100,[],merged,2,137,52608,1826336.7000688054,,100,,float32,native_horizon,192,1024,direct_quantiles,480.89052995742094,480.89052995742094,10.068851220346716,0.7661565906168087,2.0528845946602203,1.3238650876530185,4.733380625602157,21.929216355296898,0.6316755360476501,0.29003530673180034,0.22366944900451768,0.7661565906168087,0.8782273706731201,0.8723897890242087,-0.13651894918876298,0.22366944900451768,0.5637361403600482,0.3967626571921822,-0.9244170178987682,Energy,1
solar/H/short|H=192|L=512|Hsrc=controlled|Lsrc=controlled|origins=shared_origin_v1:Hmax=720,joint-scaling,release,standard_hl_shared_origin_v1,solar/H/short,chronos-2,chronos2,chronos-2,119.477664,119.477664,192,controlled,shared_origin_v1:Hmax=720,720,720,512,controlled,7320,8040,512,512,100,100,100,[],merged,2,137,52608,1826336.7000688054,,100,,float32,native_horizon,192,1024,direct_quantiles,539.95044479927,539.95044479927,10.656268414499696,0.8083682155702526,2.3492265281339355,1.327183558703049,4.700768168458908,23.23683379463024,0.6693417222694223,0.30695597845067657,0.23479444085066517,0.8083682155702526,0.8782273706731201,0.9204543636013944,-0.08288785737464266,0.23479444085066517,0.5637361403600482,0.41649705250528407,-0.8758758942183259,Energy,1
solar/H/short|H=192|L=1024|Hsrc=controlled|Lsrc=controlled|origins=shared_origin_v1:Hmax=720,joint-scaling,release,standard_hl_shared_origin_v1,solar/H/short,chronos-2,chronos2,chronos-2,119.477664,119.477664,192,controlled,shared_origin_v1:Hmax=720,720,720,1024,controlled,7320,8040,1024,1024,100,100,100,[],merged,2,137,52608,1826336.7000688054,,100,,float32,native_horizon,192,1024,direct_quantiles,954.7471487226277,954.7471487226277,14.719449156972324,1.115934980610519,2.3836266555594476,1.3866508836583789,4.549857761004838,30.898982972302303,0.8900514873000357,0.4239967259163257,0.30933005518789863,1.115934980610519,0.8782273706731201,1.2706675035135915,0.23954235571249965,0.30933005518789863,0.5637361403600482,0.5487142530729626,-0.6001774591784679,Energy,1
solar/H/short|H=192|L=2048|Hsrc=controlled|Lsrc=controlled|origins=shared_origin_v1:Hmax=720,joint-scaling,release,standard_hl_shared_origin_v1,solar/H/short,chronos-2,chronos2,chronos-2,119.477664,119.477664,192,controlled,shared_origin_v1:Hmax=720,720,720,2048,controlled,7320,8040,2048,2048,100,100,100,[],merged,2,137,52608,1826336.7000688054,,100,,float32,native_horizon,192,1024,direct_quantiles,922.7348692214111,922.7348692214111,14.511938535964111,1.099265603206266,2.346861223654845,1.3889371774492472,4.556367016841271,30.376551305594436,0.8750027369129182,0.41801934028442733,0.3103846113326259,1.099265603206266,0.8782273706731201,1.2516867953725133,0.22449207794132917,0.3103846113326259,0.5637361403600482,0.5505849086318801,-0.5967740955997161,Energy,1
solar/H/short|H=192|L=4096|Hsrc=controlled|Lsrc=controlled|origins=shared_origin_v1:Hmax=720,joint-scaling,release,standard_hl_shared_origin_v1,solar/H/short,chronos-2,chronos2,chronos-2,119.477664,119.477664,192,controlled,shared_origin_v1:Hmax=720,720,720,4096,controlled,7320,8040,4096,4096,100,100,100,[],merged,2,137,52608,1826336.7000688054,,100,,float32,native_horizon,192,1024,direct_quantiles,835.9247262773723,835.9247262773723,13.759610586792883,1.0433063220662921,2.4053982281784285,1.3751710766423357,4.577961859982679,28.912362862232,0.8328264910840362,0.3963483807354521,0.29804124700368306,1.0433063220662921,0.8782273706731201,1.187968351825162,0.1722445807077956,0.29804124700368306,0.5637361403600482,0.5286892673109967,-0.6373544160962126,Energy,1
solar/H/short|H=192|L=6144|Hsrc=controlled|Lsrc=controlled|origins=shared_origin_v1:Hmax=720,joint-scaling-l6144,release,standard_hl_shared_origin_v1,solar/H/short,chronos-2,chronos2,chronos-2,119.477664,119.477664,192,controlled,shared_origin_v1:Hmax=720,720,720,6144,controlled,7320,8040,6144,6144,100,100,100,[],merged,6,137,52608,1826336.7000688054,,100,,float32,native_horizon,192,1024,direct_quantiles,818.0566453771289,818.0566453771289,13.515311507993081,1.0251390673224028,2.423956532557818,1.3709024025575958,4.571241290658054,28.601689554589758,0.8238774832872661,0.38931129609655946,0.2941754089014693,1.0251390673224028,0.8782273706731201,1.16728207472819,0.15467803337609223,0.2941754089014693,0.5637361403600482,0.5218317362331689,-0.6504100874445179,Energy,1
solar/H/short|H=192|L=8192|Hsrc=controlled|Lsrc=controlled|origins=shared_origin_v1:Hmax=720,joint-scaling,release,standard_hl_shared_origin_v1,solar/H/short,chronos-2,chronos2,chronos-2,119.477664,119.477664,192,controlled,shared_origin_v1:Hmax=720,720,720,8192,controlled,7320,8040,7320,8040,100,100,100,[],merged,2,137,52608,1826336.7000688054,,100,,float32,native_horizon,192,1024,direct_quantiles,819.889598540146,819.889598540146,13.55010882375304,1.027902592364292,2.4130761932741667,1.3721236254467002,4.585028188162387,28.633714368557673,0.8247999645653133,0.3903136398524677,0.29473344791953693,1.027902592364292,0.8782273706731201,1.17042878266986,0.15737016258634737,0.29473344791953693,0.5637361403600482,0.5228216302245514,-0.6485149242842863,Energy,1
solar/H/short|H=336|L=128|Hsrc=controlled|Lsrc=controlled|origins=shared_origin_v1:Hmax=720,joint-scaling,release,standard_hl_shared_origin_v1,solar/H/short,chronos-2,chronos2,chronos-2,119.477664,119.477664,336,controlled,shared_origin_v1:Hmax=720,720,720,128,controlled,7320,8040,128,128,100,100,100,[],merged,2,137,92064,2863971.200091798,,100,,float32,native_horizon,336,1024,direct_quantiles,605.8352884949601,605.8352884949601,11.410404379018944,0.8650498122147798,3.3232113486127073,1.365529813159867,5.1730745645977985,24.613721549066085,0.791222223401055,0.3667940057205635,0.28165146205681096,0.8650498122147798,0.9728773315767743,0.8891663770321024,-0.11747091021148327,0.28165146205681096,0.7547623072249494,0.3731657759810037,-0.9857325184450038,Energy,1
solar/H/short|H=336|L=256|Hsrc=controlled|Lsrc=controlled|origins=shared_origin_v1:Hmax=720,joint-scaling,release,standard_hl_shared_origin_v1,solar/H/short,chronos-2,chronos2,chronos-2,119.477664,119.477664,336,controlled,shared_origin_v1:Hmax=720,720,720,256,controlled,7320,8040,256,256,100,100,100,[],merged,2,137,92064,2863971.200091798,,100,,float32,native_horizon,336,1024,direct_quantiles,617.156217413973,617.156217413973,11.258353224387383,0.856905109485205,3.6549127304004734,1.3631209929369785,4.857926573486895,24.842629035872452,0.7985805861054934,0.3619062339791608,0.2722940226879332,0.856905109485205,0.9728773315767743,0.8807946096311965,-0.12693081344798304,0.2722940226879332,0.7547623072249494,0.36076791339657965,-1.0195204265759996,Energy,1
solar/H/short|H=336|L=512|Hsrc=controlled|Lsrc=controlled|origins=shared_origin_v1:Hmax=720,joint-scaling,release,standard_hl_shared_origin_v1,solar/H/short,chronos-2,chronos2,chronos-2,119.477664,119.477664,336,controlled,shared_origin_v1:Hmax=720,720,720,512,controlled,7320,8040,512,512,100,100,100,[],merged,2,137,92064,2863971.200091798,,100,,float32,native_horizon,336,1024,direct_quantiles,694.3775634341328,694.3775634341328,11.673551143769552,0.887368967685779,4.1057707158868535,1.3662968576886731,4.753134885379806,26.351044826232844,0.8470694784935482,0.375253009690025,0.28069909898172896,0.887368967685779,0.9728773315767743,0.9121077641387645,-0.09199713345558024,0.28069909898172896,0.7547623072249494,0.37190397068685277,-0.9891196013486231,Energy,1
solar/H/short|H=336|L=1024|Hsrc=controlled|Lsrc=controlled|origins=shared_origin_v1:Hmax=720,joint-scaling,release,standard_hl_shared_origin_v1,solar/H/short,chronos-2,chronos2,chronos-2,119.477664,119.477664,336,controlled,shared_origin_v1:Hmax=720,720,720,1024,controlled,7320,8040,1024,1024,100,100,100,[],merged,2,137,92064,2863971.200091798,,100,,float32,native_horizon,336,1024,direct_quantiles,883.5702120264164,883.5702120264164,13.630756864789712,1.0356919893600303,3.945554072630392,1.3928304121317778,4.602059893859909,29.72490894900128,0.9555242795015322,0.43816851229501785,0.3220556608181782,1.0356919893600303,0.9728773315767743,1.0645658560894313,0.06256706918643441,0.3220556608181782,0.7547623072249494,0.4266981243436587,-0.8516784845239778,Energy,1
solar/H/short|H=336|L=2048|Hsrc=controlled|Lsrc=controlled|origins=shared_origin_v1:Hmax=720,joint-scaling,release,standard_hl_shared_origin_v1,solar/H/short,chronos-2,chronos2,chronos-2,119.477664,119.477664,336,controlled,shared_origin_v1:Hmax=720,720,720,2048,controlled,7320,8040,2048,2048,100,100,100,[],merged,2,137,92064,2863971.200091798,,100,,float32,native_horizon,336,1024,direct_quantiles,912.6767466110532,912.6767466110532,13.97423667231491,1.061119834761445,3.8446178278311063,1.4055902178104362,4.577191545252274,30.210540323057003,0.9711351790872659,0.44920986808762725,0.33383409085947635,1.061119834761445,0.9728773315767743,1.0907025997220567,0.08682207548511586,0.33383409085947635,0.7547623072249494,0.442303606928771,-0.8157587392038,Energy,1
solar/H/short|H=336|L=4096|Hsrc=controlled|Lsrc=controlled|origins=shared_origin_v1:Hmax=720,joint-scaling,release,standard_hl_shared_origin_v1,solar/H/short,chronos-2,chronos2,chronos-2,119.477664,119.477664,336,controlled,shared_origin_v1:Hmax=720,720,720,4096,controlled,7320,8040,4096,4096,100,100,100,[],merged,2,137,92064,2863971.200091798,,100,,float32,native_horizon,336,1024,direct_quantiles,864.8860792492179,864.8860792492179,13.505031825686478,1.0262438722494953,3.926993483295659,1.3960166297358358,4.603854102394964,29.40894556506945,0.9453674549575676,0.43412700866550197,0.32677769864241946,1.0262438722494953,0.9728773315767743,1.0548543366574572,0.05340268787655843,0.32677769864241946,0.7547623072249494,0.432954448724248,-0.8371227557646359,Energy,1
solar/H/short|H=336|L=6144|Hsrc=controlled|Lsrc=controlled|origins=shared_origin_v1:Hmax=720,joint-scaling-l6144,release,standard_hl_shared_origin_v1,solar/H/short,chronos-2,chronos2,chronos-2,119.477664,119.477664,336,controlled,shared_origin_v1:Hmax=720,720,720,6144,controlled,7320,8040,6144,6144,100,100,100,[],merged,6,137,92064,2863971.200091798,,100,,float32,native_horizon,336,1024,direct_quantiles,857.6432698992005,857.6432698992005,13.338350563195169,1.0137751779362139,3.987626068996635,1.3927491592126129,4.599882277853783,29.285547116268813,0.9414007409102974,0.42876894369979696,0.32445123650890517,1.0137751779362139,0.9728773315767743,1.0420380299057386,0.04117843969563405,0.32445123650890517,0.7547623072249494,0.42987207151589474,-0.8442676226614144,Energy,1
solar/H/short|H=336|L=8192|Hsrc=controlled|Lsrc=controlled|origins=shared_origin_v1:Hmax=720,joint-scaling,release,standard_hl_shared_origin_v1,solar/H/short,chronos-2,chronos2,chronos-2,119.477664,119.477664,336,controlled,shared_origin_v1:Hmax=720,720,720,8192,controlled,7320,8040,7320,8040,100,100,100,[],merged,2,137,92064,2863971.200091798,,100,,float32,native_horizon,336,1024,direct_quantiles,855.3219064998262,855.3219064998262,13.291359814911367,1.0102970408114016,3.966333936059021,1.392590726627672,4.613622441798345,29.24588700141998,0.9401258437279074,0.4272583990931119,0.32339766390754926,1.0102970408114016,0.9728773315767743,1.0384629264349083,0.0377416645489026,0.32339766390754926,0.7547623072249494,0.4284761716527582,-0.8475201512355479,Energy,1
solar/H/short|H=720|L=128|Hsrc=controlled|Lsrc=controlled|origins=shared_origin_v1:Hmax=720,joint-scaling,release,standard_hl_shared_origin_v1,solar/H/short,chronos-2,chronos2,chronos-2,119.477664,119.477664,720,controlled,shared_origin_v1:Hmax=720,720,720,128,controlled,7320,8040,128,128,100,100,100,[],merged,2,137,197280,5689922.250655826,,100,,float32,native_horizon,720,1024,direct_quantiles,756.905596107056,756.905596107056,12.617080418694242,0.9563963729853288,4.917569728507234,1.4044455374341038,5.507131404252264,27.511917346979946,0.9538884390883582,0.43745722970346457,0.3278843314927343,0.9563963729853288,1.0711966474341135,0.8928298788800627,-0.11335922142755553,0.3278843314927343,1.0779765484284825,0.3041664792900525,-1.1901800982264938,Energy,1
solar/H/short|H=720|L=256|Hsrc=controlled|Lsrc=controlled|origins=shared_origin_v1:Hmax=720,joint-scaling,release,standard_hl_shared_origin_v1,solar/H/short,chronos-2,chronos2,chronos-2,119.477664,119.477664,720,controlled,shared_origin_v1:Hmax=720,720,720,256,controlled,7320,8040,256,256,100,100,100,[],merged,2,137,197280,5689922.250655826,,100,,float32,native_horizon,720,1024,direct_quantiles,738.1982562854826,738.1982562854826,12.489936891727494,0.9514223983029658,5.035096285286765,1.4040997408505678,5.06795883747722,27.16980412674119,0.9420267486969082,0.4330489313304756,0.3204829901083494,0.9514223983029658,1.0711966474341135,0.8881864973923804,-0.11857353845497887,0.3204829901083494,1.0779765484284825,0.2973005215888624,-1.213011794560309,Energy,1
solar/H/short|H=720|L=512|Hsrc=controlled|Lsrc=controlled|origins=shared_origin_v1:Hmax=720,joint-scaling,release,standard_hl_shared_origin_v1,solar/H/short,chronos-2,chronos2,chronos-2,119.477664,119.477664,720,controlled,shared_origin_v1:Hmax=720,720,720,512,controlled,7320,8040,512,512,100,100,100,[],merged,2,137,197280,5689922.250655826,,100,,float32,native_horizon,720,1024,direct_quantiles,822.9686131386861,822.9686131386861,12.646557557785888,0.9631240922156051,5.916190347485142,1.4033862878903083,4.899772099823252,28.687429531742403,0.9946455942117358,0.4384792559709289,0.3264830163635113,0.9631240922156051,1.0711966474341135,0.8991104430009378,-0.1063494011095382,0.3264830163635113,1.0779765484284825,0.3028665297398829,-1.194463066427568,Energy,1
solar/H/short|H=720|L=1024|Hsrc=controlled|Lsrc=controlled|origins=shared_origin_v1:Hmax=720,joint-scaling,release,standard_hl_shared_origin_v1,solar/H/short,chronos-2,chronos2,chronos-2,119.477664,119.477664,720,controlled,shared_origin_v1:Hmax=720,720,720,1024,controlled,7320,8040,1024,1024,100,100,100,[],merged,2,137,197280,5689922.250655826,,100,,float32,native_horizon,720,1024,direct_quantiles,866.4920519059206,866.4920519059206,13.301047369221411,1.0130175463615911,5.119116808619764,1.4138832655362936,4.723181501838632,29.436237054112752,1.0206081190944256,0.46117161349569435,0.34102307458357956,1.0130175463615911,1.0711966474341135,0.9456877491057488,-0.05584283935805117,0.34102307458357956,1.0779765484284825,0.3163548178118872,-1.1508908541330356,Energy,1
solar/H/short|H=720|L=2048|Hsrc=controlled|Lsrc=controlled|origins=shared_origin_v1:Hmax=720,joint-scaling,release,standard_hl_shared_origin_v1,solar/H/short,chronos-2,chronos2,chronos-2,119.477664,119.477664,720,controlled,shared_origin_v1:Hmax=720,720,720,2048,controlled,7320,8040,2048,2048,100,100,100,[],merged,2,137,197280,5689922.250655826,,100,,float32,native_horizon,720,1024,direct_quantiles,919.67100567721,919.67100567721,13.807025547445255,1.050615807327637,4.656770146616156,1.4305187265561639,4.689379806761322,30.326077980464436,1.0514605297632054,0.4787148013641217,0.3534523397157373,1.050615807327637,1.0711966474341135,0.9807870570209731,-0.019399910236188932,0.3534523397157373,1.0779765484284825,0.32788499919688824,-1.115092344281432,Energy,1
solar/H/short|H=720|L=4096|Hsrc=controlled|Lsrc=controlled|origins=shared_origin_v1:Hmax=720,joint-scaling,release,standard_hl_shared_origin_v1,solar/H/short,chronos-2,chronos2,chronos-2,119.477664,119.477664,720,controlled,shared_origin_v1:Hmax=720,720,720,4096,controlled,7320,8040,4096,4096,100,100,100,[],merged,2,137,197280,5689922.250655826,,100,,float32,native_horizon,720,1024,direct_quantiles,879.7144768856448,879.7144768856448,13.45159037915653,1.0247492079695775,4.6700286178312655,1.422625915576845,4.723923095308119,29.65998106684569,1.028365732799405,0.46639121469438855,0.34733415775033666,1.0247492079695775,1.0711966474341135,0.9566396706190281,-0.044328478159867034,0.34733415775033666,1.0779765484284825,0.3222093822511207,-1.132553689323928,Energy,1
solar/H/short|H=720|L=6144|Hsrc=controlled|Lsrc=controlled|origins=shared_origin_v1:Hmax=720,joint-scaling-l6144,release,standard_hl_shared_origin_v1,solar/H/short,chronos-2,chronos2,chronos-2,119.477664,119.477664,720,controlled,shared_origin_v1:Hmax=720,720,720,6144,controlled,7320,8040,6144,6144,100,100,100,[],merged,6,137,197280,5689922.250655826,,100,,float32,native_horizon,720,1024,direct_quantiles,866.5472323600973,866.5472323600973,13.192173402017437,1.0051496833966063,4.769862872643032,1.4170560838338908,4.737792427587461,29.43717432703243,1.020640616058962,0.45739675413842906,0.3428114264073849,1.0051496833966063,1.0711966474341135,0.9383428204375802,-0.06363991653689603,0.3428114264073849,1.0779765484284825,0.31801380735707946,-1.1456604777826684,Energy,1
solar/H/short|H=720|L=8192|Hsrc=controlled|Lsrc=controlled|origins=shared_origin_v1:Hmax=720,joint-scaling,release,standard_hl_shared_origin_v1,solar/H/short,chronos-2,chronos2,chronos-2,119.477664,119.477664,720,controlled,shared_origin_v1:Hmax=720,720,720,8192,controlled,7320,8040,7320,8040,100,100,100,[],merged,2,137,197280,5689922.250655826,,100,,float32,native_horizon,720,1024,direct_quantiles,863.4430251419302,863.4430251419302,13.06299041970803,0.9952147296368344,4.725134371403943,1.4152403943633414,4.7687708969763065,29.384401051270896,1.018810870170776,0.45291774412259583,0.33971680772497204,0.9952147296368344,1.0711966474341135,0.9290681893195969,-0.07357314208741059,0.33971680772497204,1.0779765484284825,0.31514304111738317,-1.154728644442812,Energy,1
sz_taxi/15T/short|H=48|L=128|Hsrc=controlled|Lsrc=controlled|origins=shared_origin_v1:Hmax=720,joint-scaling,release,standard_hl_shared_origin_v1,sz_taxi/15T/short,chronos-2,chronos2,chronos-2,119.477664,119.477664,48,controlled,shared_origin_v1:Hmax=720,720,720,128,controlled,2256,2256,128,128,100,100,100,[],merged,2,156,7488,81925.4959676048,,100,,float32,native_horizon,48,1024,direct_quantiles,12.821927584134615,12.821927584134615,2.470196063701923,0.46565544813262855,1.4401095137636886,0.3850186991895366,3.631531535761574,3.5807719257353736,0.32728297660241046,0.2257762117462684,0.18021435024217355,0.46565544813262855,0.6215073574928317,0.7492356164713614,-0.288701770205054,0.18021435024217355,0.27437530071796695,0.6568169575417345,-0.4203499027519122,Transport,1
sz_taxi/15T/short|H=48|L=256|Hsrc=controlled|Lsrc=controlled|origins=shared_origin_v1:Hmax=720,joint-scaling,release,standard_hl_shared_origin_v1,sz_taxi/15T/short,chronos-2,chronos2,chronos-2,119.477664,119.477664,48,controlled,shared_origin_v1:Hmax=720,720,720,256,controlled,2256,2256,256,256,100,100,100,[],merged,2,156,7488,81925.4959676048,,100,,float32,native_horizon,48,1024,direct_quantiles,12.95520749866453,12.95520749866453,2.4621502476879673,0.4628668491675244,1.527566893487914,0.3822649768275073,3.4913502664296763,3.599334313267459,0.3289795810135112,0.22504082321305374,0.17945680138800418,0.4628668491675244,0.6215073574928317,0.744748784688141,-0.2947083192287596,0.17945680138800418,0.27437530071796695,0.6540559624660588,-0.42456236166583333,Transport,1
sz_taxi/15T/short|H=48|L=512|Hsrc=controlled|Lsrc=controlled|origins=shared_origin_v1:Hmax=720,joint-scaling,release,standard_hl_shared_origin_v1,sz_taxi/15T/short,chronos-2,chronos2,chronos-2,119.477664,119.477664,48,controlled,shared_origin_v1:Hmax=720,720,720,512,controlled,2256,2256,512,512,100,100,100,[],merged,2,156,7488,81925.4959676048,,100,,float32,native_horizon,48,1024,direct_quantiles,12.067345252403847,12.067345252403847,2.3778394389356303,0.44732208211793056,1.4079397478674212,0.3606102446205596,3.0030346277027835,3.4738084651292804,0.3175065036795595,0.21733480534302294,0.17126275364664226,0.44732208211793056,0.6215073574928317,0.7197373880213315,-0.3288688723646943,0.17126275364664226,0.27437530071796695,0.6241915842952821,-0.4712979316213476,Transport,1
sz_taxi/15T/short|H=48|L=1024|Hsrc=controlled|Lsrc=controlled|origins=shared_origin_v1:Hmax=720,joint-scaling,release,standard_hl_shared_origin_v1,sz_taxi/15T/short,chronos-2,chronos2,chronos-2,119.477664,119.477664,48,controlled,shared_origin_v1:Hmax=720,720,720,1024,controlled,2256,2256,1024,1024,100,100,100,[],merged,2,156,7488,81925.4959676048,,100,,float32,native_horizon,48,1024,direct_quantiles,11.731549646100428,11.731549646100428,2.339354034162994,0.43936038041326436,1.3971586308927617,0.35760504567725027,2.9681125517632485,3.425134982172298,0.31305774159301686,0.21381723480489093,0.16831981243917332,0.43936038041326436,0.6215073574928317,0.7069270783625949,-0.3468277607493804,0.16831981243917332,0.27437530071796695,0.6134656144293065,-0.4886310646019194,Transport,1
sz_taxi/15T/short|H=48|L=2048|Hsrc=controlled|Lsrc=controlled|origins=shared_origin_v1:Hmax=720,joint-scaling,release,standard_hl_shared_origin_v1,sz_taxi/15T/short,chronos-2,chronos2,chronos-2,119.477664,119.477664,48,controlled,shared_origin_v1:Hmax=720,720,720,2048,controlled,2256,2256,2048,2048,100,100,100,[],merged,2,156,7488,81925.4959676048,,100,,float32,native_horizon,48,1024,direct_quantiles,11.893114399706196,11.893114399706196,2.359854934561966,0.44323047700600793,1.511284917847723,0.3633556855030549,2.9001611366850817,3.4486394998181815,0.3152060572797717,0.2156910195208016,0.16982782528248452,0.44323047700600793,0.6215073574928317,0.713154030539566,-0.3380578502870151,0.16982782528248452,0.27437530071796695,0.6189617827774235,-0.47971174846619313,Transport,1
sz_taxi/15T/short|H=48|L=4096|Hsrc=controlled|Lsrc=controlled|origins=shared_origin_v1:Hmax=720,joint-scaling,release,standard_hl_shared_origin_v1,sz_taxi/15T/short,chronos-2,chronos2,chronos-2,119.477664,119.477664,48,controlled,shared_origin_v1:Hmax=720,720,720,4096,controlled,2256,2256,2256,2256,100,100,100,[],merged,2,156,7488,81925.4959676048,,100,,float32,native_horizon,48,1024,direct_quantiles,11.901439699352297,11.901439699352297,2.3614173302283654,0.4435330193984766,1.5275235624394865,0.3635264013567541,2.891897338126665,3.4498463298170683,0.31531636168409577,0.215833822669099,0.16999404209050137,0.4435330193984766,0.6215073574928317,0.713640818650473,-0.3373754983286087,0.16999404209050137,0.27437530071796695,0.6195675836916527,-0.47873348992999337,Transport,1
sz_taxi/15T/short|H=48|L=6144|Hsrc=controlled|Lsrc=controlled|origins=shared_origin_v1:Hmax=720,joint-scaling-l6144,release,standard_hl_shared_origin_v1,sz_taxi/15T/short,chronos-2,chronos2,chronos-2,119.477664,119.477664,48,controlled,shared_origin_v1:Hmax=720,720,720,6144,controlled,2256,2256,2256,2256,100,100,100,[],merged,6,156,7488,81925.4959676048,,100,,float32,native_horizon,48,1024,direct_quantiles,11.904288658728966,11.904288658728966,2.3618997101090913,0.4434544170010845,1.5506856217343583,0.3637453878027761,2.90551941266853,3.4502592161646297,0.31535409954499033,0.21587791224712613,0.1701364075285531,0.4434544170010845,0.6215073574928317,0.7135143480681951,-0.3375527328516069,0.1701364075285531,0.27437530071796695,0.6200864548789615,-0.47789636731115676,Transport,1
sz_taxi/15T/short|H=48|L=8192|Hsrc=controlled|Lsrc=controlled|origins=shared_origin_v1:Hmax=720,joint-scaling,release,standard_hl_shared_origin_v1,sz_taxi/15T/short,chronos-2,chronos2,chronos-2,119.477664,119.477664,48,controlled,shared_origin_v1:Hmax=720,720,720,8192,controlled,2256,2256,2256,2256,100,100,100,[],merged,2,156,7488,81925.4959676048,,100,,float32,native_horizon,48,1024,direct_quantiles,11.901439699352297,11.901439699352297,2.3614173302283654,0.4435330193984766,1.5275235624394865,0.3635264013567541,2.891897338126665,3.4498463298170683,0.31531636168409577,0.215833822669099,0.16999404209050137,0.4435330193984766,0.6215073574928317,0.713640818650473,-0.3373754983286087,0.16999404209050137,0.27437530071796695,0.6195675836916527,-0.47873348992999337,Transport,1
sz_taxi/15T/short|H=96|L=128|Hsrc=controlled|Lsrc=controlled|origins=shared_origin_v1:Hmax=720,joint-scaling,release,standard_hl_shared_origin_v1,sz_taxi/15T/short,chronos-2,chronos2,chronos-2,119.477664,119.477664,96,controlled,shared_origin_v1:Hmax=720,720,720,128,controlled,2256,2256,128,128,100,100,100,[],merged,2,156,14976,163561.76873346936,,100,,float32,native_horizon,96,1024,direct_quantiles,14.440508459368322,14.440508459368322,2.6137113652677617,0.496063312397387,9.694448617788462,0.39864192864833736,3.9968297840868905,3.800066901959533,0.347940734344117,0.23931595818112628,0.19184513474417747,0.496063312397387,0.6589804808090461,0.7527739088544143,-0.28399035011285356,0.19184513474417747,0.2865356133749313,0.6695332998385387,-0.40117437671808487,Transport,1
sz_taxi/15T/short|H=96|L=256|Hsrc=controlled|Lsrc=controlled|origins=shared_origin_v1:Hmax=720,joint-scaling,release,standard_hl_shared_origin_v1,sz_taxi/15T/short,chronos-2,chronos2,chronos-2,119.477664,119.477664,96,controlled,shared_origin_v1:Hmax=720,720,720,256,controlled,2256,2256,256,256,100,100,100,[],merged,2,156,14976,163561.76873346936,,100,,float32,native_horizon,96,1024,direct_quantiles,14.442407852564102,14.442407852564102,2.598705585186298,0.49177864196293464,10.247124565972221,0.39590418236887354,3.779871869616294,3.8003168094994533,0.34796361631309314,0.23794200285990325,0.19027119594865202,0.49177864196293464,0.6589804808090461,0.746271940193382,-0.2926652141133674,0.19027119594865202,0.2865356133749313,0.6640403044758089,-0.40941243183608367,Transport,1
sz_taxi/15T/short|H=96|L=512|Hsrc=controlled|Lsrc=controlled|origins=shared_origin_v1:Hmax=720,joint-scaling,release,standard_hl_shared_origin_v1,sz_taxi/15T/short,chronos-2,chronos2,chronos-2,119.477664,119.477664,96,controlled,shared_origin_v1:Hmax=720,720,720,512,controlled,2256,2256,512,512,100,100,100,[],merged,2,156,14976,163561.76873346936,,100,,float32,native_horizon,96,1024,direct_quantiles,13.698178544003738,13.698178544003738,2.518244164621728,0.47726644737316354,9.014935876569178,0.3781454135210086,3.30478321457139,3.701105043632744,0.3388796144884308,0.23057481526034518,0.1816793033235233,0.47726644737316354,0.6589804808090461,0.7242497483191188,-0.32261898983826914,0.1816793033235233,0.2865356133749313,0.6340548777990689,-0.4556197702481469,Transport,1
sz_taxi/15T/short|H=96|L=1024|Hsrc=controlled|Lsrc=controlled|origins=shared_origin_v1:Hmax=720,joint-scaling,release,standard_hl_shared_origin_v1,sz_taxi/15T/short,chronos-2,chronos2,chronos-2,119.477664,119.477664,96,controlled,shared_origin_v1:Hmax=720,720,720,1024,controlled,2256,2256,1024,1024,100,100,100,[],merged,2,156,14976,163561.76873346936,,100,,float32,native_horizon,96,1024,direct_quantiles,13.258699857271635,13.258699857271635,2.4825882870926814,0.47029357354499085,8.944573818108974,0.3768528995350895,3.235091930102282,3.6412497658457372,0.33339916115829515,0.22731010110366992,0.17889238779759634,0.47029357354499085,0.6589804808090461,0.7136684427550876,-0.3373367903830149,0.17889238779759634,0.2865356133749313,0.6243286329769976,-0.47107839383514283,Transport,1
sz_taxi/15T/short|H=96|L=2048|Hsrc=controlled|Lsrc=controlled|origins=shared_origin_v1:Hmax=720,joint-scaling,release,standard_hl_shared_origin_v1,sz_taxi/15T/short,chronos-2,chronos2,chronos-2,119.477664,119.477664,96,controlled,shared_origin_v1:Hmax=720,720,720,2048,controlled,2256,2256,2048,2048,100,100,100,[],merged,2,156,14976,163561.76873346936,,100,,float32,native_horizon,96,1024,direct_quantiles,13.324800931490385,13.324800931490385,2.493232922676282,0.4721894152254139,8.38830096905048,0.3814800295055422,3.2340925347949647,3.650315182486354,0.3342292064718251,0.22828474245008243,0.17971720310941708,0.4721894152254139,0.6589804808090461,0.716545374220638,-0.3333137061256641,0.17971720310941708,0.2865356133749313,0.6272072116713027,-0.46647831181162397,Transport,1
sz_taxi/15T/short|H=96|L=4096|Hsrc=controlled|Lsrc=controlled|origins=shared_origin_v1:Hmax=720,joint-scaling,release,standard_hl_shared_origin_v1,sz_taxi/15T/short,chronos-2,chronos2,chronos-2,119.477664,119.477664,96,controlled,shared_origin_v1:Hmax=720,720,720,4096,controlled,2256,2256,2256,2256,100,100,100,[],merged,2,156,14976,163561.76873346936,,100,,float32,native_horizon,96,1024,direct_quantiles,13.350295890090813,13.350295890090813,2.4944298899071846,0.47242341466718507,8.384859003572382,0.3816546415671324,3.2289305195583973,3.653805672184936,0.33454880177903373,0.2283943388514225,0.17992016860553423,0.47242341466718507,0.6589804808090461,0.7169004673509897,-0.3328182662181113,0.17992016860553423,0.2865356133749313,0.6279155546717645,-0.46534958863862463,Transport,1
sz_taxi/15T/short|H=96|L=6144|Hsrc=controlled|Lsrc=controlled|origins=shared_origin_v1:Hmax=720,joint-scaling-l6144,release,standard_hl_shared_origin_v1,sz_taxi/15T/short,chronos-2,chronos2,chronos-2,119.477664,119.477664,96,controlled,shared_origin_v1:Hmax=720,720,720,6144,controlled,2256,2256,2256,2256,100,100,100,[],merged,6,156,14976,163561.76873346936,,100,,float32,native_horizon,96,1024,direct_quantiles,13.351302578917934,13.351302578917934,2.4959472264999,0.4725976488187967,8.354152247437046,0.38203082125411075,3.252656928152754,3.6539434285327865,0.3345614149898188,0.2285332688286932,0.18019407048153743,0.4725976488187967,0.6589804808090461,0.717164866914688,-0.3324495249057365,0.18019407048153743,0.2865356133749313,0.6288714633379756,-0.4638283939781983,Transport,1
sz_taxi/15T/short|H=96|L=8192|Hsrc=controlled|Lsrc=controlled|origins=shared_origin_v1:Hmax=720,joint-scaling,release,standard_hl_shared_origin_v1,sz_taxi/15T/short,chronos-2,chronos2,chronos-2,119.477664,119.477664,96,controlled,shared_origin_v1:Hmax=720,720,720,8192,controlled,2256,2256,2256,2256,100,100,100,[],merged,2,156,14976,163561.76873346936,,100,,float32,native_horizon,96,1024,direct_quantiles,13.350295890090813,13.350295890090813,2.4944298899071846,0.47242341466718507,8.384859003572382,0.3816546415671324,3.2289305195583973,3.653805672184936,0.33454880177903373,0.2283943388514225,0.17992016860553423,0.47242341466718507,0.6589804808090461,0.7169004673509897,-0.3328182662181113,0.17992016860553423,0.2865356133749313,0.6279155546717645,-0.46534958863862463,Transport,1
sz_taxi/15T/short|H=192|L=128|Hsrc=controlled|Lsrc=controlled|origins=shared_origin_v1:Hmax=720,joint-scaling,release,standard_hl_shared_origin_v1,sz_taxi/15T/short,chronos-2,chronos2,chronos-2,119.477664,119.477664,192,controlled,shared_origin_v1:Hmax=720,720,720,128,controlled,2256,2256,128,128,100,100,100,[],merged,2,156,29952,325698.1201417807,,100,,float32,native_horizon,192,1024,direct_quantiles,14.79467043102297,14.79467043102297,2.629882551665999,0.49712970333012124,6.289662418202457,0.3954931894938151,4.237440567292073,3.846384072219384,0.3537229373045319,0.24185046617158942,0.1956916123875507,0.49712970333012124,0.6639967647920173,0.7486929601017506,-0.289426312618941,0.1956916123875507,0.31348991628027995,0.6242357480251133,-0.4712271806393621,Transport,1
sz_taxi/15T/short|H=192|L=256|Hsrc=controlled|Lsrc=controlled|origins=shared_origin_v1:Hmax=720,joint-scaling,release,standard_hl_shared_origin_v1,sz_taxi/15T/short,chronos-2,chronos2,chronos-2,119.477664,119.477664,192,controlled,shared_origin_v1:Hmax=720,720,720,256,controlled,2256,2256,256,256,100,100,100,[],merged,2,156,29952,325698.1201417807,,100,,float32,native_horizon,192,1024,direct_quantiles,14.54917503422142,14.54917503422142,2.6004195254073186,0.4900928239648529,6.59943592038929,0.3910445677928435,4.005807425040273,3.81433808598837,0.35077590961160726,0.23914097382906116,0.1930921219671438,0.4900928239648529,0.6639967647920173,0.7380951985788122,-0.3036824673366069,0.1930921219671438,0.31348991628027995,0.6159436458380598,-0.48459980366266,Transport,1
sz_taxi/15T/short|H=192|L=512|Hsrc=controlled|Lsrc=controlled|origins=shared_origin_v1:Hmax=720,joint-scaling,release,standard_hl_shared_origin_v1,sz_taxi/15T/short,chronos-2,chronos2,chronos-2,119.477664,119.477664,192,controlled,shared_origin_v1:Hmax=720,720,720,512,controlled,2256,2256,512,512,100,100,100,[],merged,2,156,29952,325698.1201417807,,100,,float32,native_horizon,192,1024,direct_quantiles,13.77279324001736,13.77279324001736,2.5191839495275774,0.4757313844236926,5.970272227230235,0.3776264353695079,3.389079122111692,3.7111714107566307,0.3412884484767505,0.23167035051784646,0.18275544154764742,0.4757313844236926,0.6639967647920173,0.7164664191891135,-0.33342390065716415,0.18275544154764742,0.31348991628027995,0.5829707178978364,-0.5396183204833742,Transport,1
sz_taxi/15T/short|H=192|L=1024|Hsrc=controlled|Lsrc=controlled|origins=shared_origin_v1:Hmax=720,joint-scaling,release,standard_hl_shared_origin_v1,sz_taxi/15T/short,chronos-2,chronos2,chronos-2,119.477664,119.477664,192,controlled,shared_origin_v1:Hmax=720,720,720,1024,controlled,2256,2256,1024,1024,100,100,100,[],merged,2,156,29952,325698.1201417807,,100,,float32,native_horizon,192,1024,direct_quantiles,13.463343432825855,13.463343432825855,2.4875128330328526,0.46941026052259144,5.942191882011218,0.3742453420264089,3.3029553729487495,3.669242896405995,0.33743259919741303,0.2287577967676527,0.1800967508427341,0.46941026052259144,0.6639967647920173,0.7069466078944286,-0.3468001351813756,0.1800967508427341,0.31348991628027995,0.5744897730034677,-0.5542729834123199,Transport,1
sz_taxi/15T/short|H=192|L=2048|Hsrc=controlled|Lsrc=controlled|origins=shared_origin_v1:Hmax=720,joint-scaling,release,standard_hl_shared_origin_v1,sz_taxi/15T/short,chronos-2,chronos2,chronos-2,119.477664,119.477664,192,controlled,shared_origin_v1:Hmax=720,720,720,2048,controlled,2256,2256,2048,2048,100,100,100,[],merged,2,156,29952,325698.1201417807,,100,,float32,native_horizon,192,1024,direct_quantiles,13.559143588074253,13.559143588074253,2.50279053256043,0.472093492410161,5.730257735293136,0.37868866553673375,3.393209737777625,3.68227424129087,0.3386309937163064,0.23016277158313767,0.18156788207941663,0.472093492410161,0.6639967647920173,0.7109876394624214,-0.341100234052345,0.18156788207941663,0.31348991628027995,0.5791825275715834,-0.5461376048511739,Transport,1
sz_taxi/15T/short|H=192|L=4096|Hsrc=controlled|Lsrc=controlled|origins=shared_origin_v1:Hmax=720,joint-scaling,release,standard_hl_shared_origin_v1,sz_taxi/15T/short,chronos-2,chronos2,chronos-2,119.477664,119.477664,192,controlled,shared_origin_v1:Hmax=720,720,720,4096,controlled,2256,2256,2256,2256,100,100,100,[],merged,2,156,29952,325698.1201417807,,100,,float32,native_horizon,192,1024,direct_quantiles,13.582536224626068,13.582536224626068,2.5046715369591346,0.47245239838093084,5.731473482572115,0.3789195199298043,3.3755895175684474,3.6854492568242025,0.3389229759519207,0.23033575337291734,0.18167474867202152,0.47245239838093084,0.6639967647920173,0.7115281631363315,-0.3403402794719646,0.18167474867202152,0.31348991628027995,0.5795234208094678,-0.5455492014720491,Transport,1
sz_taxi/15T/short|H=192|L=6144|Hsrc=controlled|Lsrc=controlled|origins=shared_origin_v1:Hmax=720,joint-scaling-l6144,release,standard_hl_shared_origin_v1,sz_taxi/15T/short,chronos-2,chronos2,chronos-2,119.477664,119.477664,192,controlled,shared_origin_v1:Hmax=720,720,720,6144,controlled,2256,2256,2256,2256,100,100,100,[],merged,6,156,29952,325698.1201417807,,100,,float32,native_horizon,192,1024,direct_quantiles,13.584503956330128,13.584503956330128,2.5072149945120525,0.47283946437042224,5.732795910957532,0.3793468190054608,3.422424978919589,3.6857162066998765,0.3389475253189011,0.23056965598369028,0.18208902662636192,0.47283946437042224,0.6639967647920173,0.7121110966836247,-0.3395213450742917,0.18208902662636192,0.31348991628027995,0.5808449240949835,-0.5432714698144157,Transport,1
sz_taxi/15T/short|H=192|L=8192|Hsrc=controlled|Lsrc=controlled|origins=shared_origin_v1:Hmax=720,joint-scaling,release,standard_hl_shared_origin_v1,sz_taxi/15T/short,chronos-2,chronos2,chronos-2,119.477664,119.477664,192,controlled,shared_origin_v1:Hmax=720,720,720,8192,controlled,2256,2256,2256,2256,100,100,100,[],merged,2,156,29952,325698.1201417807,,100,,float32,native_horizon,192,1024,direct_quantiles,13.582536224626068,13.582536224626068,2.5046715369591346,0.47245239838093084,5.731473482572115,0.3789195199298043,3.3755895175684474,3.6854492568242025,0.3389229759519207,0.23033575337291734,0.18167474867202152,0.47245239838093084,0.6639967647920173,0.7115281631363315,-0.3403402794719646,0.18167474867202152,0.31348991628027995,0.5795234208094678,-0.5455492014720491,Transport,1
sz_taxi/15T/short|H=336|L=128|Hsrc=controlled|Lsrc=controlled|origins=shared_origin_v1:Hmax=720,joint-scaling,release,standard_hl_shared_origin_v1,sz_taxi/15T/short,chronos-2,chronos2,chronos-2,119.477664,119.477664,336,controlled,shared_origin_v1:Hmax=720,720,720,128,controlled,2256,2256,128,128,100,100,100,[],merged,2,156,52416,570457.3737188877,,100,,float32,native_horizon,336,1024,direct_quantiles,14.77585684714591,14.77585684714591,2.639726240556319,0.4971691183248351,4.759455307062728,0.3989813202612275,4.467520658619211,3.8439376747218352,0.3531970072447652,0.24254904397674334,0.1981209633271027,0.4971691183248351,0.6630630446052542,0.7498067074765389,-0.2879398290327693,0.1981209633271027,0.346640141093298,0.5715465113250647,-0.5594094144130397,Transport,1
sz_taxi/15T/short|H=336|L=256|Hsrc=controlled|Lsrc=controlled|origins=shared_origin_v1:Hmax=720,joint-scaling,release,standard_hl_shared_origin_v1,sz_taxi/15T/short,chronos-2,chronos2,chronos-2,119.477664,119.477664,336,controlled,shared_origin_v1:Hmax=720,720,720,256,controlled,2256,2256,256,256,100,100,100,[],merged,2,156,52416,570457.3737188877,,100,,float32,native_horizon,336,1024,direct_quantiles,14.34031474168193,14.34031474168193,2.5915038466307996,0.48696119736430504,4.896265274439102,0.3908642965649802,4.2290310913663065,3.7868608030507183,0.3479525464956479,0.23811816953029333,0.1944043198608815,0.48696119736430504,0.6630630446052542,0.7344116088602267,-0.3086856325292394,0.1944043198608815,0.346640141093298,0.5608246040049865,-0.5783470711767427,Transport,1
sz_taxi/15T/short|H=336|L=512|Hsrc=controlled|Lsrc=controlled|origins=shared_origin_v1:Hmax=720,joint-scaling,release,standard_hl_shared_origin_v1,sz_taxi/15T/short,chronos-2,chronos2,chronos-2,119.477664,119.477664,336,controlled,shared_origin_v1:Hmax=720,720,720,512,controlled,2256,2256,512,512,100,100,100,[],merged,2,156,52416,570457.3737188877,,100,,float32,native_horizon,336,1024,direct_quantiles,13.497701679830586,13.497701679830586,2.506099640376984,0.4715161393791752,4.423780131543803,0.37795474619510266,3.406022176728648,3.673921839101995,0.33757524398881156,0.2302708752691695,0.18178515254402555,0.4715161393791752,0.6630630446052542,0.7111181104353147,-0.34091674421937196,0.18178515254402555,0.346640141093298,0.524420374312905,-0.6454616752292864,Transport,1
sz_taxi/15T/short|H=336|L=1024|Hsrc=controlled|Lsrc=controlled|origins=shared_origin_v1:Hmax=720,joint-scaling,release,standard_hl_shared_origin_v1,sz_taxi/15T/short,chronos-2,chronos2,chronos-2,119.477664,119.477664,336,controlled,shared_origin_v1:Hmax=720,720,720,1024,controlled,2256,2256,1024,1024,100,100,100,[],merged,2,156,52416,570457.3737188877,,100,,float32,native_horizon,336,1024,direct_quantiles,13.357358082455738,13.357358082455738,2.486043368794834,0.4678630951576491,4.439865987961691,0.3750209039820856,3.2783001139627905,3.6547719603903794,0.335815673355156,0.22842802148257257,0.17956445686225236,0.4678630951576491,0.6630630446052542,0.705608763697855,-0.3486943541599751,0.17956445686225236,0.346640141093298,0.5180140311964698,-0.6577529498376348,Transport,1
sz_taxi/15T/short|H=336|L=2048|Hsrc=controlled|Lsrc=controlled|origins=shared_origin_v1:Hmax=720,joint-scaling,release,standard_hl_shared_origin_v1,sz_taxi/15T/short,chronos-2,chronos2,chronos-2,119.477664,119.477664,336,controlled,shared_origin_v1:Hmax=720,720,720,2048,controlled,2256,2256,2048,2048,100,100,100,[],merged,2,156,52416,570457.3737188877,,100,,float32,native_horizon,336,1024,direct_quantiles,13.429122906173687,13.429122906173687,2.5006041660704748,0.47020971751385876,4.361978719522665,0.37887830349988555,3.593728505406526,3.6645767704025096,0.33671658014551864,0.22976592819596023,0.18196917934586196,0.47020971751385876,0.6630630446052542,0.7091478274042431,-0.34369127290800144,0.18196917934586196,0.346640141093298,0.5249512614780671,-0.6444498559798467,Transport,1
sz_taxi/15T/short|H=336|L=4096|Hsrc=controlled|Lsrc=controlled|origins=shared_origin_v1:Hmax=720,joint-scaling,release,standard_hl_shared_origin_v1,sz_taxi/15T/short,chronos-2,chronos2,chronos-2,119.477664,119.477664,336,controlled,shared_origin_v1:Hmax=720,720,720,4096,controlled,2256,2256,2256,2256,100,100,100,[],merged,2,156,52416,570457.3737188877,,100,,float32,native_horizon,336,1024,direct_quantiles,13.434396224435288,13.434396224435288,2.5013815259176586,0.4703809076864718,4.376971457904075,0.37898651234832875,3.5925737171468652,3.66529619873146,0.3367826842174924,0.2298373552571697,0.1820726355828665,0.4703809076864718,0.6630630446052542,0.709406008242409,-0.3433272672079302,0.1820726355828665,0.346640141093298,0.5252497157675162,-0.6438814803946963,Transport,1
sz_taxi/15T/short|H=336|L=6144|Hsrc=controlled|Lsrc=controlled|origins=shared_origin_v1:Hmax=720,joint-scaling-l6144,release,standard_hl_shared_origin_v1,sz_taxi/15T/short,chronos-2,chronos2,chronos-2,119.477664,119.477664,336,controlled,shared_origin_v1:Hmax=720,720,720,6144,controlled,2256,2256,2256,2256,100,100,100,[],merged,6,156,52416,570457.3737188877,,100,,float32,native_horizon,336,1024,direct_quantiles,13.455881940867293,13.455881940867293,2.5066753755413425,0.47130030209052265,4.378384209377861,0.3796239953046899,3.694604216368212,3.6682259937014914,0.3370518859847481,0.23032377621456052,0.18295591213037934,0.47130030209052265,0.6630630446052542,0.7107925949501605,-0.3413746006650797,0.18295591213037934,0.346640141093298,0.5277978238565766,-0.6390419779669293,Transport,1
sz_taxi/15T/short|H=336|L=8192|Hsrc=controlled|Lsrc=controlled|origins=shared_origin_v1:Hmax=720,joint-scaling,release,standard_hl_shared_origin_v1,sz_taxi/15T/short,chronos-2,chronos2,chronos-2,119.477664,119.477664,336,controlled,shared_origin_v1:Hmax=720,720,720,8192,controlled,2256,2256,2256,2256,100,100,100,[],merged,2,156,52416,570457.3737188877,,100,,float32,native_horizon,336,1024,direct_quantiles,13.434396224435288,13.434396224435288,2.5013815259176586,0.4703809076864718,4.376971457904075,0.37898651234832875,3.5925737171468652,3.66529619873146,0.3367826842174924,0.2298373552571697,0.1820726355828665,0.4703809076864718,0.6630630446052542,0.709406008242409,-0.3433272672079302,0.1820726355828665,0.346640141093298,0.5252497157675162,-0.6438814803946963,Transport,1
sz_taxi/15T/short|H=720|L=128|Hsrc=controlled|Lsrc=controlled|origins=shared_origin_v1:Hmax=720,joint-scaling,release,standard_hl_shared_origin_v1,sz_taxi/15T/short,chronos-2,chronos2,chronos-2,119.477664,119.477664,720,controlled,shared_origin_v1:Hmax=720,720,720,128,controlled,2256,2256,128,128,100,100,100,[],merged,2,156,112320,1213506.5590510867,,100,,float32,native_horizon,720,1024,direct_quantiles,16.511737669159544,16.511737669159544,2.7950367810719374,0.527758342837757,8163296279382.417,0.4164288208355591,5.205201687202042,4.063463752657275,0.376106948326145,0.2587036130200131,0.21529972313884438,0.527758342837757,0.6909431345378894,0.763823122999446,-0.26941903101784287,0.21529972313884438,0.4279704057318517,0.5030715214307182,-0.6870229292673006,Transport,1
sz_taxi/15T/short|H=720|L=256|Hsrc=controlled|Lsrc=controlled|origins=shared_origin_v1:Hmax=720,joint-scaling,release,standard_hl_shared_origin_v1,sz_taxi/15T/short,chronos-2,chronos2,chronos-2,119.477664,119.477664,720,controlled,shared_origin_v1:Hmax=720,720,720,256,controlled,2256,2256,256,256,100,100,100,[],merged,2,156,112320,1213506.5590510867,,100,,float32,native_horizon,720,1024,direct_quantiles,16.14734018874644,16.14734018874644,2.75611408809651,0.5194089869059508,6839414825880.811,0.410236412982995,5.074897926183813,4.01837531705868,0.37193364324702427,0.25510099806717873,0.21342755709790331,0.5194089869059508,0.6909431345378894,0.7517391243106243,-0.2853659243806042,0.21342755709790331,0.4279704057318517,0.49869699923042826,-0.6957565836319849,Transport,1
sz_taxi/15T/short|H=720|L=512|Hsrc=controlled|Lsrc=controlled|origins=shared_origin_v1:Hmax=720,joint-scaling,release,standard_hl_shared_origin_v1,sz_taxi/15T/short,chronos-2,chronos2,chronos-2,119.477664,119.477664,720,controlled,shared_origin_v1:Hmax=720,720,720,512,controlled,2256,2256,512,512,100,100,100,[],merged,2,156,112320,1213506.5590510867,,100,,float32,native_horizon,720,1024,direct_quantiles,15.429083199786325,15.429083199786325,2.681768885772792,0.5057576486816711,6656011768698.415,0.3982675405649038,3.7638031229477384,3.927987168994614,0.3635674776792876,0.24821973890733562,0.19688199452073313,0.5057576486816711,0.6909431345378894,0.731981581986378,-0.31199992655816944,0.19688199452073313,0.4279704057318517,0.4600364695405858,-0.7764495110316479,Transport,1
sz_taxi/15T/short|H=720|L=1024|Hsrc=controlled|Lsrc=controlled|origins=shared_origin_v1:Hmax=720,joint-scaling,release,standard_hl_shared_origin_v1,sz_taxi/15T/short,chronos-2,chronos2,chronos-2,119.477664,119.477664,720,controlled,shared_origin_v1:Hmax=720,720,720,1024,controlled,2256,2256,1024,1024,100,100,100,[],merged,2,156,112320,1213506.5590510867,,100,,float32,native_horizon,720,1024,direct_quantiles,15.37076600338319,15.37076600338319,2.664299545940171,0.5032464471469232,6056014014727.783,0.39530966560385505,3.5223951236648663,3.9205568486355595,0.3628797404960773,0.24660280800954607,0.19429056844551293,0.5032464471469232,0.6909431345378894,0.7283471272690193,-0.31697752125776585,0.19429056844551293,0.4279704057318517,0.45398131703351297,-0.7896992336961138,Transport,1
sz_taxi/15T/short|H=720|L=2048|Hsrc=controlled|Lsrc=controlled|origins=shared_origin_v1:Hmax=720,joint-scaling,release,standard_hl_shared_origin_v1,sz_taxi/15T/short,chronos-2,chronos2,chronos-2,119.477664,119.477664,720,controlled,shared_origin_v1:Hmax=720,720,720,2048,controlled,2256,2256,2048,2048,100,100,100,[],merged,2,156,112320,1213506.5590510867,,100,,float32,native_horizon,720,1024,direct_quantiles,15.544691506410256,15.544691506410256,2.7035481770833334,0.5098777409183205,6027910734418.07,0.40099784655448717,4.138599223797043,3.9426756785728974,0.36492701989480136,0.2502355912171187,0.20055895915906718,0.5098777409183205,0.6909431345378894,0.7379445795627343,-0.303886552644918,0.20055895915906718,0.4279704057318517,0.46862810248783654,-0.7579457835418162,Transport,1
sz_taxi/15T/short|H=720|L=4096|Hsrc=controlled|Lsrc=controlled|origins=shared_origin_v1:Hmax=720,joint-scaling,release,standard_hl_shared_origin_v1,sz_taxi/15T/short,chronos-2,chronos2,chronos-2,119.477664,119.477664,720,controlled,shared_origin_v1:Hmax=720,720,720,4096,controlled,2256,2256,2256,2256,100,100,100,[],merged,2,156,112320,1213506.5590510867,,100,,float32,native_horizon,720,1024,direct_quantiles,15.552857349537037,15.552857349537037,2.705000639912749,0.5101440661689465,6066444911797.551,0.4011117092904202,4.186293170584864,3.9437111138541874,0.36502285793533523,0.25037002858277047,0.20093017601817373,0.5101440661689465,0.6909431345378894,0.7383300313275949,-0.3033643574235464,0.20093017601817373,0.4279704057318517,0.4694954915739388,-0.7560965829913439,Transport,1
sz_taxi/15T/short|H=720|L=6144|Hsrc=controlled|Lsrc=controlled|origins=shared_origin_v1:Hmax=720,joint-scaling-l6144,release,standard_hl_shared_origin_v1,sz_taxi/15T/short,chronos-2,chronos2,chronos-2,119.477664,119.477664,720,controlled,shared_origin_v1:Hmax=720,720,720,6144,controlled,2256,2256,2256,2256,100,100,100,[],merged,6,156,112320,1213506.5590510867,,100,,float32,native_horizon,720,1024,direct_quantiles,15.60942229789886,15.60942229789886,2.7155679295205664,0.5120129564623491,6079016562510.746,0.4021046260822872,4.3274527066882635,3.9508761430724273,0.3656860402443143,0.25134811803757995,0.20285135646820843,0.5120129564623491,0.6909431345378894,0.7410348708432992,-0.2997075956255528,0.20285135646820843,0.4279704057318517,0.473984541340708,-0.7465805710241401,Transport,1
sz_taxi/15T/short|H=720|L=8192|Hsrc=controlled|Lsrc=controlled|origins=shared_origin_v1:Hmax=720,joint-scaling,release,standard_hl_shared_origin_v1,sz_taxi/15T/short,chronos-2,chronos2,chronos-2,119.477664,119.477664,720,controlled,shared_origin_v1:Hmax=720,720,720,8192,controlled,2256,2256,2256,2256,100,100,100,[],merged,2,156,112320,1213506.5590510867,,100,,float32,native_horizon,720,1024,direct_quantiles,15.552857349537037,15.552857349537037,2.705000639912749,0.5101440661689465,6066444911797.551,0.4011117092904202,4.186293170584864,3.9437111138541874,0.36502285793533523,0.25037002858277047,0.20093017601817373,0.5101440661689465,0.6909431345378894,0.7383300313275949,-0.3033643574235464,0.20093017601817373,0.4279704057318517,0.4694954915739388,-0.7560965829913439,Transport,1
us_births/D/short|H=48|L=128|Hsrc=controlled|Lsrc=controlled|origins=shared_origin_v1:Hmax=720,joint-scaling,release,standard_hl_shared_origin_v1,us_births/D/short,chronos-2,chronos2,chronos-2,119.477664,119.477664,48,controlled,shared_origin_v1:Hmax=720,720,720,128,controlled,5865,6585,128,128,100,100,100,[],merged,2,1,96,966203.0,,100,,float32,native_horizon,48,1024,direct_quantiles,80752.59375,80752.59375,232.099365234375,0.35464995337309485,0.022877007722854614,0.022878676652908325,4.346140870301034,284.1700085336241,0.02823456439198379,0.02306092928970413,0.01930302819386816,0.35464995337309485,1.9806011529499583,0.1790617726566856,-1.7200244340335202,0.01930302819386816,0.13560089778328527,0.14235177280845063,-1.949454011465245,Healthcare,1
us_births/D/short|H=48|L=256|Hsrc=controlled|Lsrc=controlled|origins=shared_origin_v1:Hmax=720,joint-scaling,release,standard_hl_shared_origin_v1,us_births/D/short,chronos-2,chronos2,chronos-2,119.477664,119.477664,48,controlled,shared_origin_v1:Hmax=720,720,720,256,controlled,5865,6585,256,256,100,100,100,[],merged,2,1,96,966203.0,,100,,float32,native_horizon,48,1024,direct_quantiles,49621.09375,49621.09375,165.64155069986978,0.2535390995593673,0.01661051685611407,0.016638430456320446,2.6743143960947715,222.75792634606742,0.022132782582151442,0.01645781359319677,0.01358604087169124,0.2535390995593673,1.9806011529499583,0.12801118447383497,-2.055637640177981,0.01358604087169124,0.13560089778328527,0.1001913784774802,-2.300673137172216,Healthcare,1
us_births/D/short|H=48|L=512|Hsrc=controlled|Lsrc=controlled|origins=shared_origin_v1:Hmax=720,joint-scaling,release,standard_hl_shared_origin_v1,us_births/D/short,chronos-2,chronos2,chronos-2,119.477664,119.477664,48,controlled,shared_origin_v1:Hmax=720,720,720,512,controlled,5865,6585,512,512,100,100,100,[],merged,2,1,96,966203.0,,100,,float32,native_horizon,48,1024,direct_quantiles,38471.885416666664,38471.885416666664,144.99593098958334,0.22208968974075405,0.01445577914516131,0.014546277622381846,1.6992599486730413,196.1425130273054,0.019488328281552964,0.014406506060320658,0.011370241589281129,0.22208968974075405,1.9806011529499583,0.11213246514068112,-2.1880743820842707,0.011370241589281129,0.13560089778328527,0.08385078399298528,-2.4787164408104725,Healthcare,1
us_births/D/short|H=48|L=1024|Hsrc=controlled|Lsrc=controlled|origins=shared_origin_v1:Hmax=720,joint-scaling,release,standard_hl_shared_origin_v1,us_births/D/short,chronos-2,chronos2,chronos-2,119.477664,119.477664,48,controlled,shared_origin_v1:Hmax=720,720,720,1024,controlled,5865,6585,1024,1024,100,100,100,[],merged,2,1,96,966203.0,,100,,float32,native_horizon,48,1024,direct_quantiles,38703.088541666664,38703.088541666664,146.86778767903647,0.22512992862257084,0.014627784490585327,0.014628761758406958,1.576940620380613,196.73100554225474,0.019546799722270015,0.014592490001777576,0.011516287316605997,0.22512992862257084,1.9806011529499583,0.11366747327560449,-2.1744779941255934,0.011516287316605997,0.13560089778328527,0.08492781024953909,-2.4659536745257964,Healthcare,1
us_births/D/short|H=48|L=2048|Hsrc=controlled|Lsrc=controlled|origins=shared_origin_v1:Hmax=720,joint-scaling,release,standard_hl_shared_origin_v1,us_births/D/short,chronos-2,chronos2,chronos-2,119.477664,119.477664,48,controlled,shared_origin_v1:Hmax=720,720,720,2048,controlled,5865,6585,2048,2048,100,100,100,[],merged,2,1,96,966203.0,,100,,float32,native_horizon,48,1024,direct_quantiles,35370.583333333336,35370.583333333336,134.2522989908854,0.20565320460437228,0.013393225769201914,0.013418547809123993,1.5261515564296266,188.07068706561725,0.018686327778219748,0.013339040246330222,0.010734726182724627,0.20565320460437228,1.9806011529499583,0.10383372962197215,-2.2649644128460205,0.010734726182724627,0.13560089778328527,0.07916412323376103,-2.5362320722651974,Healthcare,1
us_births/D/short|H=48|L=4096|Hsrc=controlled|Lsrc=controlled|origins=shared_origin_v1:Hmax=720,joint-scaling,release,standard_hl_shared_origin_v1,us_births/D/short,chronos-2,chronos2,chronos-2,119.477664,119.477664,48,controlled,shared_origin_v1:Hmax=720,720,720,4096,controlled,5865,6585,4096,4096,100,100,100,[],merged,2,1,96,966203.0,,100,,float32,native_horizon,48,1024,direct_quantiles,34326.6171875,34326.6171875,131.32404581705728,0.201212306040116,0.013108623524506887,0.013075603793064753,1.5788938994663344,185.27443749071267,0.018408498006224794,0.013048094860435644,0.010588342582309883,0.201212306040116,1.9806011529499583,0.10159153231857167,-2.286795090632148,0.010588342582309883,0.13560089778328527,0.07808460530425076,-2.549962356748696,Healthcare,1
us_births/D/short|H=48|L=6144|Hsrc=controlled|Lsrc=controlled|origins=shared_origin_v1:Hmax=720,joint-scaling-l6144,release,standard_hl_shared_origin_v1,us_births/D/short,chronos-2,chronos2,chronos-2,119.477664,119.477664,48,controlled,shared_origin_v1:Hmax=720,720,720,6144,controlled,5865,6585,5865,6144,100,100,100,[],merged,6,1,96,966203.0,,100,,float32,native_horizon,48,1024,direct_quantiles,35147.229166666664,35147.229166666664,133.85820515950522,0.2050801823120542,0.013378461201985678,0.013329019149144491,1.5999132734713726,187.4759429011271,0.01862723518609257,0.013299883870483222,0.010755808414628074,0.2050801823120542,1.9806011529499583,0.1035444122642272,-2.267754654313312,0.010755808414628074,0.13560089778328527,0.07931959589100802,-2.5342700700105896,Healthcare,1
us_births/D/short|H=48|L=8192|Hsrc=controlled|Lsrc=controlled|origins=shared_origin_v1:Hmax=720,joint-scaling,release,standard_hl_shared_origin_v1,us_births/D/short,chronos-2,chronos2,chronos-2,119.477664,119.477664,48,controlled,shared_origin_v1:Hmax=720,720,720,8192,controlled,5865,6585,5865,6585,100,100,100,[],merged,2,1,96,966203.0,,100,,float32,native_horizon,48,1024,direct_quantiles,35340.348958333336,35340.348958333336,134.29532877604166,0.20573736591384414,0.013422926266988119,0.013371425370375315,1.6022135613673498,187.99028953202168,0.018678339639883215,0.013343315599827366,0.010792426463578449,0.20573736591384414,1.9806011529499583,0.10387622243247391,-2.264555257572773,0.010792426463578449,0.13560089778328527,0.07958963871188152,-2.5308713615404126,Healthcare,1
us_births/D/short|H=96|L=128|Hsrc=controlled|Lsrc=controlled|origins=shared_origin_v1:Hmax=720,joint-scaling,release,standard_hl_shared_origin_v1,us_births/D/short,chronos-2,chronos2,chronos-2,119.477664,119.477664,96,controlled,shared_origin_v1:Hmax=720,720,720,128,controlled,5865,6585,128,128,100,100,100,[],merged,2,1,192,1945491.0,,100,,float32,native_horizon,96,1024,direct_quantiles,111013.5625,111013.5625,272.53147379557294,0.41644053612094883,0.026511880258719128,0.02677275985479355,5.205601621747288,333.18697828696725,0.032882136093715014,0.026896060155893808,0.02279403805393436,0.41644053612094883,2.0761689330647766,0.20058123859228166,-1.606535934287388,0.02279403805393436,0.17051259046311812,0.13367950127333683,-2.012310125451982,Healthcare,1
us_births/D/short|H=96|L=256|Hsrc=controlled|Lsrc=controlled|origins=shared_origin_v1:Hmax=720,joint-scaling,release,standard_hl_shared_origin_v1,us_births/D/short,chronos-2,chronos2,chronos-2,119.477664,119.477664,96,controlled,shared_origin_v1:Hmax=720,720,720,256,controlled,5865,6585,256,256,100,100,100,[],merged,2,1,192,1945491.0,,100,,float32,native_horizon,96,1024,direct_quantiles,75434.95833333333,75434.95833333333,208.52913411458334,0.3204231256549167,0.02076690395673116,0.02064715325832367,3.3872241680321626,274.6542523489002,0.027105556618349215,0.020579685925044115,0.01662405504788594,0.3204231256549167,2.0761689330647766,0.1543338408314963,-1.8686372252443892,0.01662405504788594,0.17051259046311812,0.09749458971172996,-2.327958392654073,Healthcare,1
us_births/D/short|H=96|L=512|Hsrc=controlled|Lsrc=controlled|origins=shared_origin_v1:Hmax=720,joint-scaling,release,standard_hl_shared_origin_v1,us_births/D/short,chronos-2,chronos2,chronos-2,119.477664,119.477664,96,controlled,shared_origin_v1:Hmax=720,720,720,512,controlled,5865,6585,512,512,100,100,100,[],merged,2,1,192,1945491.0,,100,,float32,native_horizon,96,1024,direct_quantiles,53457.447916666664,53457.447916666664,176.30403645833334,0.269758441237511,0.017331048846244812,0.01743171860774358,1.9829528601789441,231.20866747738214,0.02281792316472159,0.017399399431814386,0.013830304544540784,0.269758441237511,2.0761689330647766,0.12993087264787356,-2.0407527188176307,0.013830304544540784,0.17051259046311812,0.08111016615827134,-2.5119469723472867,Healthcare,1
us_births/D/short|H=96|L=1024|Hsrc=controlled|Lsrc=controlled|origins=shared_origin_v1:Hmax=720,joint-scaling,release,standard_hl_shared_origin_v1,us_births/D/short,chronos-2,chronos2,chronos-2,119.477664,119.477664,96,controlled,shared_origin_v1:Hmax=720,720,720,1024,controlled,5865,6585,1024,1024,100,100,100,[],merged,2,1,192,1945491.0,,100,,float32,native_horizon,96,1024,direct_quantiles,55333.65625,55333.65625,177.1959228515625,0.2711161344341341,0.017363878587881725,0.017425954341888428,1.7600824831608683,235.2310699078674,0.02321489301277186,0.017487419467630536,0.013985869765786843,0.2711161344341341,2.0761689330647766,0.13058481422989066,-2.0357323458538596,0.013985869765786843,0.17051259046311812,0.0820225047769243,-2.500761620872907,Healthcare,1
us_births/D/short|H=96|L=2048|Hsrc=controlled|Lsrc=controlled|origins=shared_origin_v1:Hmax=720,joint-scaling,release,standard_hl_shared_origin_v1,us_births/D/short,chronos-2,chronos2,chronos-2,119.477664,119.477664,96,controlled,shared_origin_v1:Hmax=720,720,720,2048,controlled,5865,6585,2048,2048,100,100,100,[],merged,2,1,192,1945491.0,,100,,float32,native_horizon,96,1024,direct_quantiles,56258.651041666664,56258.651041666664,174.39070638020834,0.26699164911741374,0.01711488018433253,0.017236652473608654,1.72910499613359,237.18906180864803,0.023408126723413483,0.01721057338481648,0.013710976733347776,0.26699164911741374,2.0761689330647766,0.12859822958784423,-2.0510622340864124,0.013710976733347776,0.17051259046311812,0.08041034797552654,-2.5206124049158785,Healthcare,1
us_births/D/short|H=96|L=4096|Hsrc=controlled|Lsrc=controlled|origins=shared_origin_v1:Hmax=720,joint-scaling,release,standard_hl_shared_origin_v1,us_births/D/short,chronos-2,chronos2,chronos-2,119.477664,119.477664,96,controlled,shared_origin_v1:Hmax=720,720,720,4096,controlled,5865,6585,4096,4096,100,100,100,[],merged,2,1,192,1945491.0,,100,,float32,native_horizon,96,1024,direct_quantiles,50670.296875,50670.296875,163.9866739908854,0.2511244646984505,0.016111945112546284,0.016162255158027012,1.7110428941089209,225.10063721589063,0.022215123249324207,0.016183802138508993,0.012871396454263419,0.2511244646984505,2.0761689330647766,0.1209556990758687,-2.1123309237648376,0.012871396454263419,0.17051259046311812,0.07548648706411802,-2.5838016180290664,Healthcare,1
us_births/D/short|H=96|L=6144|Hsrc=controlled|Lsrc=controlled|origins=shared_origin_v1:Hmax=720,joint-scaling-l6144,release,standard_hl_shared_origin_v1,us_births/D/short,chronos-2,chronos2,chronos-2,119.477664,119.477664,96,controlled,shared_origin_v1:Hmax=720,720,720,6144,controlled,5865,6585,5865,6144,100,100,100,[],merged,6,1,192,1945491.0,,100,,float32,native_horizon,96,1024,direct_quantiles,49835.677083333336,49835.677083333336,162.3592529296875,0.24865170528374056,0.01596748208006223,0.015996473530928295,1.7070422373773368,223.23905814918083,0.02203140449616201,0.01602319237791385,0.012796901928809716,0.24865170528374056,2.0761689330647766,0.11976467874253786,-2.1222264719774233,0.012796901928809716,0.17051259046311812,0.07504960128781626,-2.5896060335374806,Healthcare,1
us_births/D/short|H=96|L=8192|Hsrc=controlled|Lsrc=controlled|origins=shared_origin_v1:Hmax=720,joint-scaling,release,standard_hl_shared_origin_v1,us_births/D/short,chronos-2,chronos2,chronos-2,119.477664,119.477664,96,controlled,shared_origin_v1:Hmax=720,720,720,8192,controlled,5865,6585,5865,6585,100,100,100,[],merged,2,1,192,1945491.0,,100,,float32,native_horizon,96,1024,direct_quantiles,49834.369791666664,49834.369791666664,162.3390096028646,0.2486212556188232,0.01597020775079727,0.015997521579265594,1.708144233079431,223.23613012159717,0.02203111552988251,0.01602119456926298,0.012797845712133209,0.2486212556188232,2.0761689330647766,0.11975001246734589,-2.12234893857967,0.012797845712133209,0.17051259046311812,0.07505513626515095,-2.5895322853343603,Healthcare,1
us_births/D/short|H=192|L=128|Hsrc=controlled|Lsrc=controlled|origins=shared_origin_v1:Hmax=720,joint-scaling,release,standard_hl_shared_origin_v1,us_births/D/short,chronos-2,chronos2,chronos-2,119.477664,119.477664,192,controlled,shared_origin_v1:Hmax=720,720,720,128,controlled,5865,6585,128,128,100,100,100,[],merged,2,1,384,3956119.0,,100,,float32,native_horizon,192,1024,direct_quantiles,183982.625,183982.625,341.2281087239583,0.5231982705210919,0.03299549718697866,0.03305080781380335,6.640143806290947,428.9319584736022,0.04163420565808644,0.033121246795154546,0.028512204319988226,0.5231982705210919,2.2883183061785637,0.22863876459338403,-1.4756119680981374,0.028512204319988226,0.221823182915226,0.1285357280752964,-2.0515483737962104,Healthcare,1
us_births/D/short|H=192|L=256|Hsrc=controlled|Lsrc=controlled|origins=shared_origin_v1:Hmax=720,joint-scaling,release,standard_hl_shared_origin_v1,us_births/D/short,chronos-2,chronos2,chronos-2,119.477664,119.477664,192,controlled,shared_origin_v1:Hmax=720,720,720,256,controlled,5865,6585,256,256,100,100,100,[],merged,2,1,384,3956119.0,,100,,float32,native_horizon,192,1024,direct_quantiles,160307.42708333334,160307.42708333334,290.92055257161456,0.4483470258886903,0.02880030870437622,0.028234268228212994,4.39873006496193,400.38409943869317,0.03886321270529481,0.028238152640883654,0.022819732791713853,0.4483470258886903,2.2883183061785637,0.19592861040272802,-1.6300049187395818,0.022819732791713853,0.221823182915226,0.1028735251735832,-2.274254956188923,Healthcare,1
us_births/D/short|H=192|L=512|Hsrc=controlled|Lsrc=controlled|origins=shared_origin_v1:Hmax=720,joint-scaling,release,standard_hl_shared_origin_v1,us_births/D/short,chronos-2,chronos2,chronos-2,119.477664,119.477664,192,controlled,shared_origin_v1:Hmax=720,720,720,512,controlled,5865,6585,512,512,100,100,100,[],merged,2,1,384,3956119.0,,100,,float32,native_horizon,192,1024,direct_quantiles,86881.125,86881.125,219.8124796549479,0.336579652217005,0.021146876116593678,0.02124723543723424,2.5593358899730987,294.7560431950463,0.028610443868573667,0.02133605995863623,0.016968292485399238,0.336579652217005,2.2883183061785637,0.1470860287697846,-1.916737633657108,0.016968292485399238,0.221823182915226,0.07649467590537638,-2.570534136579713,Healthcare,1
us_births/D/short|H=192|L=1024|Hsrc=controlled|Lsrc=controlled|origins=shared_origin_v1:Hmax=720,joint-scaling,release,standard_hl_shared_origin_v1,us_births/D/short,chronos-2,chronos2,chronos-2,119.477664,119.477664,192,controlled,shared_origin_v1:Hmax=720,720,720,1024,controlled,5865,6585,1024,1024,100,100,100,[],merged,2,1,384,3956119.0,,100,,float32,native_horizon,192,1024,direct_quantiles,89648.85416666667,89648.85416666667,215.4586385091146,0.33001827489328933,0.02059338614344597,0.02076345682144165,2.2598892358021003,299.41418497904647,0.029062585587530065,0.020913455127992864,0.016556388432550275,0.33001827489328933,2.2883183061785637,0.14421869282880137,-1.9364244312650019,0.016556388432550275,0.221823182915226,0.0746377732704233,-2.595108555813792,Healthcare,1
us_births/D/short|H=192|L=2048|Hsrc=controlled|Lsrc=controlled|origins=shared_origin_v1:Hmax=720,joint-scaling,release,standard_hl_shared_origin_v1,us_births/D/short,chronos-2,chronos2,chronos-2,119.477664,119.477664,192,controlled,shared_origin_v1:Hmax=720,720,720,2048,controlled,5865,6585,2048,2048,100,100,100,[],merged,2,1,384,3956119.0,,100,,float32,native_horizon,192,1024,direct_quantiles,84437.59375,84437.59375,209.1094970703125,0.320465618639278,0.02006106699506442,0.020232108732064564,2.1124712809586543,290.58147523543204,0.02820524015844971,0.020297176822790215,0.015862169317008065,0.320465618639278,2.2883183061785637,0.1400441615897606,-1.9657974661866853,0.015862169317008065,0.221823182915226,0.07150816748973482,-2.637943605180334,Healthcare,1
us_births/D/short|H=192|L=4096|Hsrc=controlled|Lsrc=controlled|origins=shared_origin_v1:Hmax=720,joint-scaling,release,standard_hl_shared_origin_v1,us_births/D/short,chronos-2,chronos2,chronos-2,119.477664,119.477664,192,controlled,shared_origin_v1:Hmax=720,720,720,4096,controlled,5865,6585,4096,4096,100,100,100,[],merged,2,1,384,3956119.0,,100,,float32,native_horizon,192,1024,direct_quantiles,77559.921875,77559.921875,192.4447224934896,0.29508168645765503,0.018491040915250778,0.01857782651980718,2.08446358700422,278.49582021100423,0.027032148163648673,0.01867961338814631,0.01475448209932916,0.29508168645765503,2.2883183061785637,0.1289513288692928,-2.0483202414012305,0.01475448209932916,0.221823182915226,0.06651460819119104,-2.7103336833967147,Healthcare,1
us_births/D/short|H=192|L=6144|Hsrc=controlled|Lsrc=controlled|origins=shared_origin_v1:Hmax=720,joint-scaling-l6144,release,standard_hl_shared_origin_v1,us_births/D/short,chronos-2,chronos2,chronos-2,119.477664,119.477664,192,controlled,shared_origin_v1:Hmax=720,720,720,6144,controlled,5865,6585,5865,6144,100,100,100,[],merged,6,1,384,3956119.0,,100,,float32,native_horizon,192,1024,direct_quantiles,75612.77083333333,75612.77083333333,189.20133463541666,0.2901012576316407,0.018198559681574505,0.018255149324735005,2.06933526391825,274.9777642525543,0.0266906686762913,0.018364794511995214,0.014576870362067776,0.2901012576316407,2.2883183061785637,0.1267748708072448,-2.0653424363728035,0.014576870362067776,0.221823182915226,0.06571391759191647,-2.7224445404321407,Healthcare,1
us_births/D/short|H=192|L=8192|Hsrc=controlled|Lsrc=controlled|origins=shared_origin_v1:Hmax=720,joint-scaling,release,standard_hl_shared_origin_v1,us_births/D/short,chronos-2,chronos2,chronos-2,119.477664,119.477664,192,controlled,shared_origin_v1:Hmax=720,720,720,8192,controlled,5865,6585,5865,6585,100,100,100,[],merged,2,1,384,3956119.0,,100,,float32,native_horizon,192,1024,direct_quantiles,75411.06770833333,75411.06770833333,188.9320068359375,0.28969635432119206,0.018181636929512024,0.018235399077335995,2.0694501861687837,274.6107567236457,0.026655045154576985,0.018338652256163174,0.01455197014424662,0.28969635432119206,2.2883183061785637,0.12659792719351967,-2.06673914228509,0.01455197014424662,0.221823182915226,0.06560166504241324,-2.7241542016101006,Healthcare,1
us_births/D/short|H=336|L=128|Hsrc=controlled|Lsrc=controlled|origins=shared_origin_v1:Hmax=720,joint-scaling,release,standard_hl_shared_origin_v1,us_births/D/short,chronos-2,chronos2,chronos-2,119.477664,119.477664,336,controlled,shared_origin_v1:Hmax=720,720,720,128,controlled,5865,6585,128,128,100,100,100,[],merged,2,1,672,7003570.0,,100,,float32,native_horizon,336,1024,direct_quantiles,428819.71428571426,428819.71428571426,510.8510509672619,0.7843761087225244,0.048151799610682895,0.049140351159232,6.8924121228207165,654.8432745976049,0.06283290957748557,0.04901670237464607,0.039987491865569685,0.7843761087225244,2.4486101875872244,0.3203352304498175,-1.1383872363775613,0.039987491865569685,0.2803123367673056,0.1426533427915601,-1.9473377680776647,Healthcare,1
us_births/D/short|H=336|L=256|Hsrc=controlled|Lsrc=controlled|origins=shared_origin_v1:Hmax=720,joint-scaling,release,standard_hl_shared_origin_v1,us_births/D/short,chronos-2,chronos2,chronos-2,119.477664,119.477664,336,controlled,shared_origin_v1:Hmax=720,720,720,256,controlled,5865,6585,256,256,100,100,100,[],merged,2,1,672,7003570.0,,100,,float32,native_horizon,336,1024,direct_quantiles,318919.45238095237,318919.45238095237,420.0976097470238,0.6459998014898218,0.03988867998123169,0.04031849475133987,4.796988628116291,564.7295391432543,0.054186400693398785,0.040308813041063346,0.03170744170937852,0.6459998014898218,2.4486101875872244,0.2638230473615597,-1.3324766757162418,0.03170744170937852,0.2803123367673056,0.11311468512247347,-2.1793530623571122,Healthcare,1
us_births/D/short|H=336|L=512|Hsrc=controlled|Lsrc=controlled|origins=shared_origin_v1:Hmax=720,joint-scaling,release,standard_hl_shared_origin_v1,us_births/D/short,chronos-2,chronos2,chronos-2,119.477664,119.477664,336,controlled,shared_origin_v1:Hmax=720,720,720,512,controlled,5865,6585,512,512,100,100,100,[],merged,2,1,672,7003570.0,,100,,float32,native_horizon,336,1024,direct_quantiles,125896.52380952382,125896.52380952382,257.15283203125,0.39389422886095377,0.024822439466203963,0.02481135300227574,3.1959696109875493,354.81900147754743,0.03404526105870462,0.024674088090074063,0.019750435089054483,0.39389422886095377,2.4486101875872244,0.1608644082499238,-1.8271934536176,0.019750435089054483,0.2803123367673056,0.0704586723396688,-2.652728948998931,Healthcare,1
us_births/D/short|H=336|L=1024|Hsrc=controlled|Lsrc=controlled|origins=shared_origin_v1:Hmax=720,joint-scaling,release,standard_hl_shared_origin_v1,us_births/D/short,chronos-2,chronos2,chronos-2,119.477664,119.477664,336,controlled,shared_origin_v1:Hmax=720,720,720,1024,controlled,5865,6585,1024,1024,100,100,100,[],merged,2,1,672,7003570.0,,100,,float32,native_horizon,336,1024,direct_quantiles,133251.52380952382,133251.52380952382,258.572265625,0.39643833590824845,0.024489422639211018,0.024755131630670456,2.9305764928022393,365.03633217739275,0.03502562482037132,0.024810284255029933,0.019451246654880613,0.39643833590824845,2.4486101875872244,0.16190340868379913,-1.8207553642657126,0.019451246654880613,0.2803123367673056,0.06939133282252785,-2.667993306551905,Healthcare,1
us_births/D/short|H=336|L=2048|Hsrc=controlled|Lsrc=controlled|origins=shared_origin_v1:Hmax=720,joint-scaling,release,standard_hl_shared_origin_v1,us_births/D/short,chronos-2,chronos2,chronos-2,119.477664,119.477664,336,controlled,shared_origin_v1:Hmax=720,720,720,2048,controlled,5865,6585,2048,2048,100,100,100,[],merged,2,1,672,7003570.0,,100,,float32,native_horizon,336,1024,direct_quantiles,106355.80952380953,106355.80952380953,224.28583054315476,0.3436853526268874,0.021467611903236025,0.021612720830099925,2.640258495319662,326.12238427285166,0.03129179007725436,0.02152046429535223,0.017070682695005113,0.3436853526268874,2.4486101875872244,0.14035935747108158,-1.9635493059985925,0.017070682695005113,0.2803123367673056,0.06089879201134098,-2.7985419400731786,Healthcare,1
us_births/D/short|H=336|L=4096|Hsrc=controlled|Lsrc=controlled|origins=shared_origin_v1:Hmax=720,joint-scaling,release,standard_hl_shared_origin_v1,us_births/D/short,chronos-2,chronos2,chronos-2,119.477664,119.477664,336,controlled,shared_origin_v1:Hmax=720,720,720,4096,controlled,5865,6585,4096,4096,100,100,100,[],merged,2,1,672,7003570.0,,100,,float32,native_horizon,336,1024,direct_quantiles,93501.05952380953,93501.05952380953,202.82249813988096,0.3109785792804119,0.01952001168614342,0.019543051719665527,2.61923824854493,305.7794295301918,0.029339861905326697,0.019461034693734766,0.015741216585196314,0.3109785792804119,2.4486101875872244,0.12700207687481666,-2.063551839312247,0.015741216585196314,0.2803123367673056,0.056155989303686975,-2.8796219373474314,Healthcare,1
us_births/D/short|H=336|L=6144|Hsrc=controlled|Lsrc=controlled|origins=shared_origin_v1:Hmax=720,joint-scaling-l6144,release,standard_hl_shared_origin_v1,us_births/D/short,chronos-2,chronos2,chronos-2,119.477664,119.477664,336,controlled,shared_origin_v1:Hmax=720,720,720,6144,controlled,5865,6585,5865,6144,100,100,100,[],merged,6,1,672,7003570.0,,100,,float32,native_horizon,336,1024,direct_quantiles,92637.97023809524,92637.97023809524,201.71003069196428,0.3092484878336568,0.01945454166049049,0.01944510709671747,2.570599459645597,304.364863672033,0.02920413280478473,0.01935429225737731,0.01562685812508686,0.3092484878336568,2.4486101875872244,0.12629551628974459,-2.06913075073293,0.01562685812508686,0.2803123367673056,0.05574802131544825,-2.8869133613713513,Healthcare,1
us_births/D/short|H=336|L=8192|Hsrc=controlled|Lsrc=controlled|origins=shared_origin_v1:Hmax=720,joint-scaling,release,standard_hl_shared_origin_v1,us_births/D/short,chronos-2,chronos2,chronos-2,119.477664,119.477664,336,controlled,shared_origin_v1:Hmax=720,720,720,8192,controlled,5865,6585,5865,6585,100,100,100,[],merged,2,1,672,7003570.0,,100,,float32,native_horizon,336,1024,direct_quantiles,92458.10119047618,92458.10119047618,201.22679501488096,0.308521982468348,0.019418659664335706,0.01940450214204334,2.5704511079255434,304.0692374944828,0.02917576715821966,0.01930792527953601,0.01559851986647524,0.308521982468348,2.4486101875872244,0.1259988151778274,-2.071482775425447,0.01559851986647524,0.2803123367673056,0.0556469260196135,-2.8887284405290377,Healthcare,1
us_births/D/short|H=720|L=128|Hsrc=controlled|Lsrc=controlled|origins=shared_origin_v1:Hmax=720,joint-scaling,release,standard_hl_shared_origin_v1,us_births/D/short,chronos-2,chronos2,chronos-2,119.477664,119.477664,720,controlled,shared_origin_v1:Hmax=720,720,720,128,controlled,5865,6585,128,128,100,100,100,[],merged,2,1,1440,15049224.0,,100,,float32,native_horizon,720,1024,direct_quantiles,556244.3555555556,556244.3555555556,576.6379774305556,0.8840326422380277,0.05431321461995443,0.055409643385145396,7.78743001606829,745.8179104550625,0.07136433021764378,0.05517617968208859,0.046626774510937365,0.8840326422380277,2.5540307133162745,0.34613234587541736,-1.0609340745297486,0.046626774510937365,0.3972298484429282,0.11737983611681296,-2.1423401400293334,Healthcare,1
us_births/D/short|H=720|L=256|Hsrc=controlled|Lsrc=controlled|origins=shared_origin_v1:Hmax=720,joint-scaling,release,standard_hl_shared_origin_v1,us_births/D/short,chronos-2,chronos2,chronos-2,119.477664,119.477664,720,controlled,shared_origin_v1:Hmax=720,720,720,256,controlled,5865,6585,256,256,100,100,100,[],merged,2,1,1440,15049224.0,,100,,float32,native_horizon,720,1024,direct_quantiles,531535.7333333333,531535.7333333333,562.5135416666667,0.8637651998671544,0.053533946143256295,0.05404953426784939,6.154907656661033,729.0649719560893,0.06976130859749104,0.05382466896632013,0.04211785095685669,0.8637651998671544,2.5540307133162745,0.33819687263885745,-1.084127089636528,0.04211785095685669,0.3972298484429282,0.10602891782163734,-2.2440434124377644,Healthcare,1
us_births/D/short|H=720|L=512|Hsrc=controlled|Lsrc=controlled|origins=shared_origin_v1:Hmax=720,joint-scaling,release,standard_hl_shared_origin_v1,us_births/D/short,chronos-2,chronos2,chronos-2,119.477664,119.477664,720,controlled,shared_origin_v1:Hmax=720,720,720,512,controlled,5865,6585,512,512,100,100,100,[],merged,2,1,1440,15049224.0,,100,,float32,native_horizon,720,1024,direct_quantiles,252093.6888888889,252093.6888888889,363.2058810763889,0.5556519200257269,0.0350495974222819,0.03496668603685167,5.000358480547501,502.0893236157177,0.048042917429273,0.03475371678632732,0.028747213363088338,0.5556519200257269,2.5540307133162745,0.21755882461736029,-1.5252860070097212,0.028747213363088338,0.3972298484429282,0.07236921766018442,-2.625974240440487,Healthcare,1
us_births/D/short|H=720|L=1024|Hsrc=controlled|Lsrc=controlled|origins=shared_origin_v1:Hmax=720,joint-scaling,release,standard_hl_shared_origin_v1,us_births/D/short,chronos-2,chronos2,chronos-2,119.477664,119.477664,720,controlled,shared_origin_v1:Hmax=720,720,720,1024,controlled,5865,6585,1024,1024,100,100,100,[],merged,2,1,1440,15049224.0,,100,,float32,native_horizon,720,1024,direct_quantiles,247887.73333333334,247887.73333333334,365.6384982638889,0.5598778691382194,0.03428828981187609,0.03476713498433431,4.066864148777609,497.88325271426163,0.04764045534231776,0.034986484186825845,0.027353932262248158,0.5598778691382194,2.5540307133162745,0.21921344415284943,-1.5177093929749625,0.027353932262248158,0.3972298484429282,0.0688617241868173,-2.675654782366681,Healthcare,1
us_births/D/short|H=720|L=2048|Hsrc=controlled|Lsrc=controlled|origins=shared_origin_v1:Hmax=720,joint-scaling,release,standard_hl_shared_origin_v1,us_births/D/short,chronos-2,chronos2,chronos-2,119.477664,119.477664,720,controlled,shared_origin_v1:Hmax=720,720,720,2048,controlled,5865,6585,2048,2048,100,100,100,[],merged,2,1,1440,15049224.0,,100,,float32,native_horizon,720,1024,direct_quantiles,202564.57777777777,202564.57777777777,312.26953125,0.4772241257612339,0.029705619812011717,0.0299040953318278,3.6269542268609962,450.0717473667701,0.04306556379306661,0.029879821378165413,0.0236356225760528,0.4772241257612339,2.5540307133162745,0.18685136528432092,-1.6774418162305587,0.0236356225760528,0.3972298484429282,0.05950112427024385,-2.821760071310851,Healthcare,1
us_births/D/short|H=720|L=4096|Hsrc=controlled|Lsrc=controlled|origins=shared_origin_v1:Hmax=720,joint-scaling,release,standard_hl_shared_origin_v1,us_births/D/short,chronos-2,chronos2,chronos-2,119.477664,119.477664,720,controlled,shared_origin_v1:Hmax=720,720,720,4096,controlled,5865,6585,4096,4096,100,100,100,[],merged,2,1,1440,15049224.0,,100,,float32,native_horizon,720,1024,direct_quantiles,178807.01111111112,178807.01111111112,279.4615885416667,0.4273885042203379,0.02696974277496338,0.026912556754218206,3.491626202310595,422.85578051046093,0.040461376874652386,0.026740560676085358,0.021611572926549284,0.4273885042203379,2.5540307133162745,0.16733882720830573,-1.7877346165753276,0.021611572926549284,0.3972298484429282,0.054405712489287716,-2.9112861216390393,Healthcare,1
us_births/D/short|H=720|L=6144|Hsrc=controlled|Lsrc=controlled|origins=shared_origin_v1:Hmax=720,joint-scaling-l6144,release,standard_hl_shared_origin_v1,us_births/D/short,chronos-2,chronos2,chronos-2,119.477664,119.477664,720,controlled,shared_origin_v1:Hmax=720,720,720,6144,controlled,5865,6585,5865,6144,100,100,100,[],merged,6,1,1440,15049224.0,,100,,float32,native_horizon,720,1024,direct_quantiles,181584.14444444445,181584.14444444445,282.11773003472223,0.43137859145132185,0.027314273516337077,0.027225446701049805,3.397060710971476,426.1269111948275,0.04077437827495634,0.026994716222577323,0.02165852310758404,0.43137859145132185,2.5540307133162745,0.16890109786158344,-1.7784419551209263,0.02165852310758404,0.3972298484429282,0.054523906480043426,-2.9091160224821966,Healthcare,1
us_births/D/short|H=720|L=8192|Hsrc=controlled|Lsrc=controlled|origins=shared_origin_v1:Hmax=720,joint-scaling,release,standard_hl_shared_origin_v1,us_births/D/short,chronos-2,chronos2,chronos-2,119.477664,119.477664,720,controlled,shared_origin_v1:Hmax=720,720,720,8192,controlled,5865,6585,5865,6585,100,100,100,[],merged,2,1,1440,15049224.0,,100,,float32,native_horizon,720,1024,direct_quantiles,179989.9,179989.9,280.3305555555556,0.428691669279164,0.02716319825914171,0.027064858542548285,3.3964077927697596,424.2521655808017,0.04059499137207038,0.026823708651024136,0.021538355935588855,0.428691669279164,2.5540307133162745,0.1678490658096004,-1.784690121198031,0.021538355935588855,0.3972298484429282,0.05422139353327918,-2.914679733779719,Healthcare,1
