run_key,experiment_name,run_timestamp,experiment_protocol,dataset,model,adapter,checkpoint,parameters_total_m,parameters_active_m,H,H_source,origin_policy,origin_horizon,origin_distance,L,L_source,available_context_min,available_context_max,effective_context_min,effective_context_max,requested_batch_size,effective_batch_size,effective_samples_per_batch,batch_recovery_events,instance_shard_index,instance_shard_count,instance_count,valid_target_count,sum_absolute_label,per_core_batch_size,num_samples,seed,torch_dtype,output_strategy,model_call_horizon,native_output_block,native_rollout_mechanism,eval_metrics/MSE[mean],eval_metrics/MSE[0.5],eval_metrics/MAE[0.5],eval_metrics/MASE[0.5],eval_metrics/MAPE[0.5],eval_metrics/sMAPE[0.5],eval_metrics/MSIS,eval_metrics/RMSE[mean],eval_metrics/NRMSE[mean],eval_metrics/ND[0.5],eval_metrics/mean_weighted_sum_quantile_loss,raw_mase,seasonal_naive_mase,rel_mase,log_rel_mase,raw_crps,seasonal_naive_crps,rel_crps,log_rel_crps,domain,num_variates
bitbrains_fast_storage/5T/short|H=48|L=128|Hsrc=controlled|Lsrc=controlled|origins=shared_origin_v1:Hmax=720,joint-scaling,release,standard_hl_shared_origin_v1,bitbrains_fast_storage/5T/short,Toto-2.0-2.5B,toto2,Toto-2.0-2.5B,2454.281792,2454.281792,48,controlled,shared_origin_v1:Hmax=720,720,720,128,controlled,7200,7920,128,128,256,256,100,[],merged,2,1250,233280,93999895.05028507,,100,,float32,native_horizon,48,,direct_full_horizon,2524911.521536351,2524911.521536351,206.64667352537722,0.5654739482730868,0.5294996763159852,0.7160510906957305,9.264116055808692,1588.997017472453,3.9434216818825023,0.5128360619361543,0.3985440512164091,0.5654739482730868,0.9937511465312888,0.569029731685731,-0.5638225936976686,0.3985440512164091,1.078099624364623,0.36967274842646447,-0.995137128424939,Web/CloudOps,2
bitbrains_fast_storage/5T/short|H=48|L=256|Hsrc=controlled|Lsrc=controlled|origins=shared_origin_v1:Hmax=720,joint-scaling,release,standard_hl_shared_origin_v1,bitbrains_fast_storage/5T/short,Toto-2.0-2.5B,toto2,Toto-2.0-2.5B,2454.281792,2454.281792,48,controlled,shared_origin_v1:Hmax=720,720,720,256,controlled,7200,7920,256,256,256,256,100,[],merged,2,1250,233280,93999895.05028507,,100,,float32,native_horizon,48,,direct_full_horizon,2456642.712757202,2456642.712757202,198.72867584019204,0.5540370183524103,0.5040463140366275,0.7192535567839613,9.008905327581932,1567.3680846429156,3.8897450533312115,0.4931859282949211,0.4062341778408244,0.5540370183524103,0.9937511465312888,0.557520884666437,-0.5842553150644308,0.4062341778408244,1.078099624364623,0.37680578738744863,-0.9760253770893665,Web/CloudOps,2
bitbrains_fast_storage/5T/short|H=48|L=512|Hsrc=controlled|Lsrc=controlled|origins=shared_origin_v1:Hmax=720,joint-scaling,release,standard_hl_shared_origin_v1,bitbrains_fast_storage/5T/short,Toto-2.0-2.5B,toto2,Toto-2.0-2.5B,2454.281792,2454.281792,48,controlled,shared_origin_v1:Hmax=720,720,720,512,controlled,7200,7920,512,512,256,256,100,[],merged,2,1250,233280,93999895.05028507,,100,,float32,native_horizon,48,,direct_full_horizon,1911134.4329218108,1911134.4329218108,181.5024744941701,0.48774531408533517,0.6026285839853839,0.7053754208908397,7.054994771980421,1382.437858611305,3.430802805517252,0.4504355800328268,0.34683720777927063,0.48774531408533517,0.9937511465312888,0.49081232840618233,-0.711693447458856,0.34683720777927063,1.078099624364623,0.3217116488503359,-1.1340996351025998,Web/CloudOps,2
bitbrains_fast_storage/5T/short|H=48|L=1024|Hsrc=controlled|Lsrc=controlled|origins=shared_origin_v1:Hmax=720,joint-scaling,release,standard_hl_shared_origin_v1,bitbrains_fast_storage/5T/short,Toto-2.0-2.5B,toto2,Toto-2.0-2.5B,2454.281792,2454.281792,48,controlled,shared_origin_v1:Hmax=720,720,720,1024,controlled,7200,7920,1024,1024,256,256,100,[],merged,2,1250,233280,93999895.05028507,,100,,float32,native_horizon,48,,direct_full_horizon,1818877.4013717421,1818877.4013717421,173.50019182956103,0.43385490136759447,0.6521087860292202,0.698452105738008,5.128937711376666,1348.6576294122026,3.346970245243104,0.43057627594529163,0.3343684193521765,0.43385490136759447,0.9937511465312888,0.4365830448417342,-0.828776670156026,0.3343684193521765,1.078099624364623,0.31014612360080934,-1.1707117261069904,Web/CloudOps,2
bitbrains_fast_storage/5T/short|H=48|L=2048|Hsrc=controlled|Lsrc=controlled|origins=shared_origin_v1:Hmax=720,joint-scaling,release,standard_hl_shared_origin_v1,bitbrains_fast_storage/5T/short,Toto-2.0-2.5B,toto2,Toto-2.0-2.5B,2454.281792,2454.281792,48,controlled,shared_origin_v1:Hmax=720,720,720,2048,controlled,7200,7920,2048,2048,256,256,100,[],merged,2,1250,233280,93999895.05028507,,100,,float32,native_horizon,48,,direct_full_horizon,1544036.7495198902,1544036.7495198902,164.80180416237997,0.4177877616589029,0.882051289742914,0.6931534145425303,4.763511038886776,1242.5927528840211,3.0837485216097096,0.4089894446630386,0.32777505252306005,0.4177877616589029,0.9937511465312888,0.4204148725938085,-0.866513263360076,0.32777505252306005,1.078099624364623,0.3040303930318443,-1.1906276054948552,Web/CloudOps,2
bitbrains_fast_storage/5T/short|H=48|L=4096|Hsrc=controlled|Lsrc=controlled|origins=shared_origin_v1:Hmax=720,joint-scaling,release,standard_hl_shared_origin_v1,bitbrains_fast_storage/5T/short,Toto-2.0-2.5B,toto2,Toto-2.0-2.5B,2454.281792,2454.281792,48,controlled,shared_origin_v1:Hmax=720,720,720,4096,controlled,7200,7920,4096,4096,256,256,100,[],merged,2,1250,233280,93999895.05028507,,100,,float32,native_horizon,48,,direct_full_horizon,1525394.4186556928,1525394.4186556928,164.28885781035666,0.4116689125452876,0.892939299584615,0.6906866258784983,4.68958943584186,1235.0685886442473,3.0650757663591266,0.4077164631885807,0.32823137335616664,0.4116689125452876,0.9937511465312888,0.4142575472564005,-0.8812674037553699,0.32823137335616664,1.078099624364623,0.3044536571002049,-1.1892363968459634,Web/CloudOps,2
bitbrains_fast_storage/5T/short|H=96|L=128|Hsrc=controlled|Lsrc=controlled|origins=shared_origin_v1:Hmax=720,joint-scaling,release,standard_hl_shared_origin_v1,bitbrains_fast_storage/5T/short,Toto-2.0-2.5B,toto2,Toto-2.0-2.5B,2454.281792,2454.281792,96,controlled,shared_origin_v1:Hmax=720,720,720,128,controlled,7200,7920,128,128,256,256,100,[],merged,2,1250,466604,216676457.21785885,,100,,float32,native_horizon,96,,direct_full_horizon,3598936.92878758,3598936.92878758,267.0933832543227,0.6066213036776631,0.7429717574321169,0.7387184453975246,9.729119478286867,1897.0864315543402,4.085299015291555,0.5751748140994065,0.4514774775878767,0.6066213036776631,0.892038671048877,0.6800392442228828,-0.38560477038478874,0.4514774775878767,0.9134181472559556,0.4942725070047956,-0.7046682802751587,Web/CloudOps,2
bitbrains_fast_storage/5T/short|H=96|L=256|Hsrc=controlled|Lsrc=controlled|origins=shared_origin_v1:Hmax=720,joint-scaling,release,standard_hl_shared_origin_v1,bitbrains_fast_storage/5T/short,Toto-2.0-2.5B,toto2,Toto-2.0-2.5B,2454.281792,2454.281792,96,controlled,shared_origin_v1:Hmax=720,720,720,256,controlled,7200,7920,256,256,256,256,100,[],merged,2,1250,466604,216676457.21785885,,100,,float32,native_horizon,96,,direct_full_horizon,4038170.8046051897,4038170.8046051897,280.05775668446904,0.5877911056079002,0.9151274369043997,0.7442665054642159,9.02074627083504,2009.520043344975,4.327420257578662,0.603093068706633,0.4894277645864272,0.5877911056079002,0.892038671048877,0.658930071850768,-0.41713786262776403,0.4894277645864272,0.9134181472559556,0.5358200579403215,-0.6239568870733991,Web/CloudOps,2
bitbrains_fast_storage/5T/short|H=96|L=512|Hsrc=controlled|Lsrc=controlled|origins=shared_origin_v1:Hmax=720,joint-scaling,release,standard_hl_shared_origin_v1,bitbrains_fast_storage/5T/short,Toto-2.0-2.5B,toto2,Toto-2.0-2.5B,2454.281792,2454.281792,96,controlled,shared_origin_v1:Hmax=720,720,720,512,controlled,7200,7920,512,512,256,256,100,[],merged,2,1250,466604,216676457.21785885,,100,,float32,native_horizon,96,,direct_full_horizon,3085440.1196046327,3085440.1196046327,237.49445782719394,0.5301706936169233,0.7758698523781143,0.7295546620455453,7.581065562169955,1756.5420916119922,3.782642455199643,0.5114347235638038,0.40532460570461465,0.5301706936169233,0.892038671048877,0.5943359977808338,-0.5203104667110637,0.40532460570461465,0.9134181472559556,0.4437448576232805,-0.8125055267142374,Web/CloudOps,2
bitbrains_fast_storage/5T/short|H=96|L=1024|Hsrc=controlled|Lsrc=controlled|origins=shared_origin_v1:Hmax=720,joint-scaling,release,standard_hl_shared_origin_v1,bitbrains_fast_storage/5T/short,Toto-2.0-2.5B,toto2,Toto-2.0-2.5B,2454.281792,2454.281792,96,controlled,shared_origin_v1:Hmax=720,720,720,1024,controlled,7200,7920,1024,1024,256,256,100,[],merged,2,1250,466604,216676457.21785885,,100,,float32,native_horizon,96,,direct_full_horizon,2912618.9221524033,2912618.9221524033,226.16501251596642,0.48734969009247536,0.8280379792611593,0.7221685776218737,5.780892750981449,1706.6396579689583,3.67517957969138,0.48703722063304106,0.38670425215412024,0.48734969009247536,0.892038671048877,0.5463324695547557,-0.6045275699544839,0.38670425215412024,0.9134181472559556,0.42335950223436825,-0.8595335738065013,Web/CloudOps,2
bitbrains_fast_storage/5T/short|H=96|L=2048|Hsrc=controlled|Lsrc=controlled|origins=shared_origin_v1:Hmax=720,joint-scaling,release,standard_hl_shared_origin_v1,bitbrains_fast_storage/5T/short,Toto-2.0-2.5B,toto2,Toto-2.0-2.5B,2454.281792,2454.281792,96,controlled,shared_origin_v1:Hmax=720,720,720,2048,controlled,7200,7920,2048,2048,256,256,100,[],merged,2,1250,466604,216676457.21785885,,100,,float32,native_horizon,96,,direct_full_horizon,2240997.2919563483,2240997.2919563483,205.12498928427533,0.47323118310825474,1.380910940656606,0.713690431047271,5.332489909016211,1496.9960894926708,3.2237206215686003,0.4417283803185205,0.35601917793422333,0.47323118310825474,0.892038671048877,0.5305052330879557,-0.6339254565319726,0.35601917793422333,0.9134181472559556,0.38976582521790054,-0.9422091683588643,Web/CloudOps,2
bitbrains_fast_storage/5T/short|H=96|L=4096|Hsrc=controlled|Lsrc=controlled|origins=shared_origin_v1:Hmax=720,joint-scaling,release,standard_hl_shared_origin_v1,bitbrains_fast_storage/5T/short,Toto-2.0-2.5B,toto2,Toto-2.0-2.5B,2454.281792,2454.281792,96,controlled,shared_origin_v1:Hmax=720,720,720,4096,controlled,7200,7920,4096,4096,256,256,100,[],merged,2,1250,466604,216676457.21785885,,100,,float32,native_horizon,96,,direct_full_horizon,2089581.8036364883,2089581.8036364883,196.47038602326597,0.46442965274147485,1.8082935869945513,0.7106415216964481,5.187994333327339,1445.5385860074744,3.1129089659577405,0.423091041717679,0.3468483575511444,0.46442965274147485,0.892038671048877,0.5206384743336173,-0.6526993853229647,0.3468483575511444,0.9134181472559556,0.37972571334730826,-0.9683060938705551,Web/CloudOps,2
bitbrains_fast_storage/5T/short|H=192|L=128|Hsrc=controlled|Lsrc=controlled|origins=shared_origin_v1:Hmax=720,joint-scaling,release,standard_hl_shared_origin_v1,bitbrains_fast_storage/5T/short,Toto-2.0-2.5B,toto2,Toto-2.0-2.5B,2454.281792,2454.281792,192,controlled,shared_origin_v1:Hmax=720,720,720,128,controlled,7200,7920,128,128,256,256,100,[],merged,2,1250,926464,387266142.77553153,,100,,float32,native_horizon,192,,direct_full_horizon,3865868.5205857973,3865868.5205857973,283.02184974267755,0.9274248123294816,0.8821208798529503,0.7894351861296542,19.254529701911554,1966.181202378305,4.703731879128028,0.6770784378947962,0.560045294283432,0.9274248123294816,1.036139598574382,0.8950770857570925,-0.11084543507866654,0.560045294283432,1.049700674173019,0.5335285649165177,-0.6282426671872331,Web/CloudOps,2
bitbrains_fast_storage/5T/short|H=192|L=256|Hsrc=controlled|Lsrc=controlled|origins=shared_origin_v1:Hmax=720,joint-scaling,release,standard_hl_shared_origin_v1,bitbrains_fast_storage/5T/short,Toto-2.0-2.5B,toto2,Toto-2.0-2.5B,2454.281792,2454.281792,192,controlled,shared_origin_v1:Hmax=720,720,720,256,controlled,7200,7920,256,256,256,256,100,[],merged,2,1250,926464,387266142.77553153,,100,,float32,native_horizon,192,,direct_full_horizon,4164884.973749655,4164884.973749655,295.05751545661786,0.8362860529917899,1.760633764826698,0.7859022694419319,17.469430566117325,2040.8049818024394,4.8822557353187666,0.7058715849540349,0.5723332260576484,0.8362860529917899,1.036139598574382,0.8071171627282953,-0.2142864381916223,0.5723332260576484,1.049700674173019,0.5452346941746484,-0.6065389455009159,Web/CloudOps,2
bitbrains_fast_storage/5T/short|H=192|L=512|Hsrc=controlled|Lsrc=controlled|origins=shared_origin_v1:Hmax=720,joint-scaling,release,standard_hl_shared_origin_v1,bitbrains_fast_storage/5T/short,Toto-2.0-2.5B,toto2,Toto-2.0-2.5B,2454.281792,2454.281792,192,controlled,shared_origin_v1:Hmax=720,720,720,512,controlled,7200,7920,512,512,256,256,100,[],merged,2,1250,926464,387266142.77553153,,100,,float32,native_horizon,192,,direct_full_horizon,3708654.3951367782,3708654.3951367782,278.91463780567835,0.7849489345108764,1.9373948746073328,0.7828178687851419,15.044493090627155,1925.7866951292342,4.607095347734435,0.6672526783467803,0.5186709690040905,0.7849489345108764,1.036139598574382,0.7575706358398837,-0.2776384973124866,0.5186709690040905,1.049700674173019,0.49411320938010517,-0.7049906192637315,Web/CloudOps,2
bitbrains_fast_storage/5T/short|H=192|L=1024|Hsrc=controlled|Lsrc=controlled|origins=shared_origin_v1:Hmax=720,joint-scaling,release,standard_hl_shared_origin_v1,bitbrains_fast_storage/5T/short,Toto-2.0-2.5B,toto2,Toto-2.0-2.5B,2454.281792,2454.281792,192,controlled,shared_origin_v1:Hmax=720,720,720,1024,controlled,7200,7920,1024,1024,256,256,100,[],merged,2,1250,926464,387266142.77553153,,100,,float32,native_horizon,192,,direct_full_horizon,3655635.9303675047,3655635.9303675047,270.0272368920973,0.7124316301468343,2.067920944244799,0.764049166996557,12.415113331236219,1911.9717389039788,4.574045570874149,0.6459911837555204,0.49828437009988785,0.7124316301468343,1.036139598574382,0.6875826685198254,-0.3745732115505296,0.49828437009988785,1.049700674173019,0.47469186441406164,-0.7450893919453082,Web/CloudOps,2
bitbrains_fast_storage/5T/short|H=192|L=2048|Hsrc=controlled|Lsrc=controlled|origins=shared_origin_v1:Hmax=720,joint-scaling,release,standard_hl_shared_origin_v1,bitbrains_fast_storage/5T/short,Toto-2.0-2.5B,toto2,Toto-2.0-2.5B,2454.281792,2454.281792,192,controlled,shared_origin_v1:Hmax=720,720,720,2048,controlled,7200,7920,2048,2048,256,256,100,[],merged,2,1250,926464,387266142.77553153,,100,,float32,native_horizon,192,,direct_full_horizon,2984863.9204200055,2984863.9204200055,252.56325771967394,0.6961665552252054,2.1794090120592173,0.7544505415635091,11.759912294877568,1727.6758725003963,4.133151140113917,0.6042117813940334,0.4757946117660326,0.6961665552252054,1.036139598574382,0.6718849044887935,-0.3976682262100494,0.4757946117660326,1.049700674173019,0.4532669393023642,-0.7912740570673399,Web/CloudOps,2
bitbrains_fast_storage/5T/short|H=192|L=4096|Hsrc=controlled|Lsrc=controlled|origins=shared_origin_v1:Hmax=720,joint-scaling,release,standard_hl_shared_origin_v1,bitbrains_fast_storage/5T/short,Toto-2.0-2.5B,toto2,Toto-2.0-2.5B,2454.281792,2454.281792,192,controlled,shared_origin_v1:Hmax=720,720,720,4096,controlled,7200,7920,4096,4096,256,256,100,[],merged,2,1250,926464,387266142.77553153,,100,,float32,native_horizon,192,,direct_full_horizon,3728636.8698535506,3728636.8698535506,301.6143940833103,0.6968323901216658,3.571486208489216,0.7562332467581421,11.405817972542907,1930.9678583170542,4.619490340844956,0.721557727709667,0.5041213206835242,0.6968323901216658,1.036139598574382,0.6725275156749468,-0.3967122528413795,0.5041213206835242,1.049700674173019,0.48025245013840145,-0.7334433755486685,Web/CloudOps,2
bitbrains_fast_storage/5T/short|H=336|L=128|Hsrc=controlled|Lsrc=controlled|origins=shared_origin_v1:Hmax=720,joint-scaling,release,standard_hl_shared_origin_v1,bitbrains_fast_storage/5T/short,Toto-2.0-2.5B,toto2,Toto-2.0-2.5B,2454.281792,2454.281792,336,controlled,shared_origin_v1:Hmax=720,720,720,128,controlled,7200,7920,128,128,256,256,100,[],merged,2,1250,1626788,602772443.3393704,,100,,float32,native_horizon,336,,direct_full_horizon,3209191.964651817,3209191.964651817,254.67920466588149,0.8818022085589485,1.1582851747185898,0.8081464434145135,17.596759610472105,1791.4217718482203,4.83476554640811,0.6873391087766391,0.5829865053895344,0.8818022085589485,1.028563515064899,0.8573142986734364,-0.15395068470860615,0.5829865053895344,1.1477310845581272,0.5079469513662099,-0.6773782633009445,Web/CloudOps,2
bitbrains_fast_storage/5T/short|H=336|L=256|Hsrc=controlled|Lsrc=controlled|origins=shared_origin_v1:Hmax=720,joint-scaling,release,standard_hl_shared_origin_v1,bitbrains_fast_storage/5T/short,Toto-2.0-2.5B,toto2,Toto-2.0-2.5B,2454.281792,2454.281792,336,controlled,shared_origin_v1:Hmax=720,720,720,256,controlled,7200,7920,256,256,256,256,100,[],merged,2,1250,1626788,602772443.3393704,,100,,float32,native_horizon,336,,direct_full_horizon,3209191.964651817,3209191.964651817,254.67920466588149,0.8818022085589485,1.1582851747185898,0.8081464434145135,17.596759610472105,1791.4217718482203,4.83476554640811,0.6873391087766391,0.5829865053895344,0.8818022085589485,1.028563515064899,0.8573142986734364,-0.15395068470860615,0.5829865053895344,1.1477310845581272,0.5079469513662099,-0.6773782633009445,Web/CloudOps,2
bitbrains_fast_storage/5T/short|H=336|L=512|Hsrc=controlled|Lsrc=controlled|origins=shared_origin_v1:Hmax=720,joint-scaling,release,standard_hl_shared_origin_v1,bitbrains_fast_storage/5T/short,Toto-2.0-2.5B,toto2,Toto-2.0-2.5B,2454.281792,2454.281792,336,controlled,shared_origin_v1:Hmax=720,720,720,512,controlled,7200,7920,512,512,256,256,100,[],merged,2,1250,1626788,602772443.3393704,,100,,float32,native_horizon,336,,direct_full_horizon,3841814.505127896,3841814.505127896,291.10266365377663,0.7896188970235746,2.2779370161066415,0.8122128688172644,14.553674078360956,1960.0547199320472,5.289879344954704,0.7856402946632001,0.6470352571860334,0.7896188970235746,1.028563515064899,0.7676909451466905,-0.26436804199875963,0.6470352571860334,1.1477310845581272,0.5637516190782094,-0.5731415161902877,Web/CloudOps,2
bitbrains_fast_storage/5T/short|H=336|L=1024|Hsrc=controlled|Lsrc=controlled|origins=shared_origin_v1:Hmax=720,joint-scaling,release,standard_hl_shared_origin_v1,bitbrains_fast_storage/5T/short,Toto-2.0-2.5B,toto2,Toto-2.0-2.5B,2454.281792,2454.281792,336,controlled,shared_origin_v1:Hmax=720,720,720,1024,controlled,7200,7920,1024,1024,256,256,100,[],merged,2,1250,1626788,602772443.3393704,,100,,float32,native_horizon,336,,direct_full_horizon,4332549.078493325,4332549.078493325,309.5371849312879,0.6955174128226488,3.5961015622600097,0.7916517778369191,11.767052766120404,2081.4776190229204,5.61758064807322,0.8353921675820416,0.6388848052277706,0.6955174128226488,1.028563515064899,0.676202687180445,-0.39126241477296897,0.6388848052277706,1.1477310845581272,0.5566502587788141,-0.5858181379214888,Web/CloudOps,2
bitbrains_fast_storage/5T/short|H=336|L=2048|Hsrc=controlled|Lsrc=controlled|origins=shared_origin_v1:Hmax=720,joint-scaling,release,standard_hl_shared_origin_v1,bitbrains_fast_storage/5T/short,Toto-2.0-2.5B,toto2,Toto-2.0-2.5B,2454.281792,2454.281792,336,controlled,shared_origin_v1:Hmax=720,720,720,2048,controlled,7200,7920,2048,2048,256,256,100,[],merged,2,1250,1626788,602772443.3393704,,100,,float32,native_horizon,336,,direct_full_horizon,3215708.6913156477,3215708.6913156477,264.6363582716371,0.6621335281201145,2.9011650939797176,0.7768421719761136,10.421769930569756,1793.2397194228238,4.839671900923273,0.7142118999584353,0.5892921150241811,0.6621335281201145,1.028563515064899,0.6437458828960465,-0.44045122252592944,0.5892921150241811,1.1477310845581272,0.5134409296329695,-0.6666202910251402,Web/CloudOps,2
bitbrains_fast_storage/5T/short|H=336|L=4096|Hsrc=controlled|Lsrc=controlled|origins=shared_origin_v1:Hmax=720,joint-scaling,release,standard_hl_shared_origin_v1,bitbrains_fast_storage/5T/short,Toto-2.0-2.5B,toto2,Toto-2.0-2.5B,2454.281792,2454.281792,336,controlled,shared_origin_v1:Hmax=720,720,720,4096,controlled,7200,7920,4096,4096,256,256,100,[],merged,2,1250,1626788,602772443.3393704,,100,,float32,native_horizon,336,,direct_full_horizon,3901148.690371456,3901148.690371456,323.5705439184454,0.6630978643521763,4.594371347092379,0.7826494707649089,9.841620473121909,1975.1325753911954,5.330572104880471,0.8732659958438733,0.6225133123997694,0.6630978643521763,1.028563515064899,0.6446834392238159,-0.43899587456519157,0.6225133123997694,1.1477310845581272,0.5423860351742891,-0.611777289047481,Web/CloudOps,2
bitbrains_fast_storage/5T/short|H=720|L=128|Hsrc=controlled|Lsrc=controlled|origins=shared_origin_v1:Hmax=720,joint-scaling,release,standard_hl_shared_origin_v1,bitbrains_fast_storage/5T/short,Toto-2.0-2.5B,toto2,Toto-2.0-2.5B,2454.281792,2454.281792,720,controlled,shared_origin_v1:Hmax=720,720,720,128,controlled,7200,7920,128,128,256,256,100,[],merged,2,1250,3493116,1321797441.1704721,,100,,float32,native_horizon,720,,direct_full_horizon,3748447.3135572937,3748447.3135572937,278.7036159119823,1.0296674399139272,1.450340851161855,0.8260347604429055,23.015387296863363,1936.0907296811515,5.116509757585983,0.7365304468572065,0.6259625362827461,1.0296674399139272,1.1366422321001453,0.9058852564464691,-0.09884262947358896,0.6259625362827461,1.1773076884933498,0.531689839793552,-0.6316949675625428,Web/CloudOps,2
bitbrains_fast_storage/5T/short|H=720|L=256|Hsrc=controlled|Lsrc=controlled|origins=shared_origin_v1:Hmax=720,joint-scaling,release,standard_hl_shared_origin_v1,bitbrains_fast_storage/5T/short,Toto-2.0-2.5B,toto2,Toto-2.0-2.5B,2454.281792,2454.281792,720,controlled,shared_origin_v1:Hmax=720,720,720,256,controlled,7200,7920,256,256,256,256,100,[],merged,2,1250,3493116,1321797441.1704721,,100,,float32,native_horizon,720,,direct_full_horizon,3748447.3135572937,3748447.3135572937,278.7036159119823,1.0296674399139272,1.450340851161855,0.8260347604429055,23.015387296863363,1936.0907296811515,5.116509757585983,0.7365304468572065,0.6259625362827461,1.0296674399139272,1.1366422321001453,0.9058852564464691,-0.09884262947358896,0.6259625362827461,1.1773076884933498,0.531689839793552,-0.6316949675625428,Web/CloudOps,2
bitbrains_fast_storage/5T/short|H=720|L=512|Hsrc=controlled|Lsrc=controlled|origins=shared_origin_v1:Hmax=720,joint-scaling,release,standard_hl_shared_origin_v1,bitbrains_fast_storage/5T/short,Toto-2.0-2.5B,toto2,Toto-2.0-2.5B,2454.281792,2454.281792,720,controlled,shared_origin_v1:Hmax=720,720,720,512,controlled,7200,7920,512,512,256,256,100,[],merged,2,1250,3493116,1321797441.1704721,,100,,float32,native_horizon,720,,direct_full_horizon,3748447.3135572937,3748447.3135572937,278.7036159119823,1.0296674399139272,1.450340851161855,0.8260347604429055,23.015387296863363,1936.0907296811515,5.116509757585983,0.7365304468572065,0.6259625362827461,1.0296674399139272,1.1366422321001453,0.9058852564464691,-0.09884262947358896,0.6259625362827461,1.1773076884933498,0.531689839793552,-0.6316949675625428,Web/CloudOps,2
bitbrains_fast_storage/5T/short|H=720|L=1024|Hsrc=controlled|Lsrc=controlled|origins=shared_origin_v1:Hmax=720,joint-scaling,release,standard_hl_shared_origin_v1,bitbrains_fast_storage/5T/short,Toto-2.0-2.5B,toto2,Toto-2.0-2.5B,2454.281792,2454.281792,720,controlled,shared_origin_v1:Hmax=720,720,720,1024,controlled,7200,7920,1024,1024,256,256,100,[],merged,2,1250,3493116,1321797441.1704721,,100,,float32,native_horizon,720,,direct_full_horizon,3949476.3889020574,3949476.3889020574,302.92181650995843,0.9013378041265874,2.921106740879499,0.820544709453469,18.17292550979564,1987.328958401718,5.251917098363538,0.8005319204302588,0.6049379144588647,0.9013378041265874,1.1366422321001453,0.7929828565855839,-0.231953676010247,0.6049379144588647,1.1773076884933498,0.5138316179970159,-0.6658596586422654,Web/CloudOps,2
bitbrains_fast_storage/5T/short|H=720|L=2048|Hsrc=controlled|Lsrc=controlled|origins=shared_origin_v1:Hmax=720,joint-scaling,release,standard_hl_shared_origin_v1,bitbrains_fast_storage/5T/short,Toto-2.0-2.5B,toto2,Toto-2.0-2.5B,2454.281792,2454.281792,720,controlled,shared_origin_v1:Hmax=720,720,720,2048,controlled,7200,7920,2048,2048,256,256,100,[],merged,2,1250,3493116,1321797441.1704721,,100,,float32,native_horizon,720,,direct_full_horizon,4010751.771051405,4010751.771051405,320.88617726980726,0.8295531547877691,3.8499398355418237,0.8051028547555606,15.098897152634233,2002.6861389272672,5.292501541439159,0.8480063624630958,0.6204294617258679,0.8295531547877691,1.1366422321001453,0.7298278485174923,-0.31494659659918073,0.6204294617258679,1.1773076884933498,0.5269900704716008,-0.6405735722281457,Web/CloudOps,2
bitbrains_fast_storage/5T/short|H=720|L=4096|Hsrc=controlled|Lsrc=controlled|origins=shared_origin_v1:Hmax=720,joint-scaling,release,standard_hl_shared_origin_v1,bitbrains_fast_storage/5T/short,Toto-2.0-2.5B,toto2,Toto-2.0-2.5B,2454.281792,2454.281792,720,controlled,shared_origin_v1:Hmax=720,720,720,4096,controlled,7200,7920,4096,4096,256,256,100,[],merged,2,1250,3493116,1321797441.1704721,,100,,float32,native_horizon,720,,direct_full_horizon,3635424.347343747,3635424.347343747,301.8594595770653,0.8080049668764824,4.09460719554433,0.7933442174063287,14.30243886491885,1906.6788789263248,5.038783017269162,0.797724428234848,0.590886307265638,0.8080049668764824,1.1366422321001453,0.7108700909199476,-0.3412655790657452,0.590886307265638,1.1773076884933498,0.5018962443214994,-0.6893618652711443,Web/CloudOps,2
bitbrains_rnd/5T/short|H=48|L=128|Hsrc=controlled|Lsrc=controlled|origins=shared_origin_v1:Hmax=720,joint-scaling,release,standard_hl_shared_origin_v1,bitbrains_rnd/5T/short,Toto-2.0-2.5B,toto2,Toto-2.0-2.5B,2454.281792,2454.281792,48,controlled,shared_origin_v1:Hmax=720,720,720,128,controlled,7200,7920,128,128,256,256,100,[],merged,2,500,92736,41168952.07374331,,100,,float32,native_horizon,48,,direct_full_horizon,3053936.27605245,3053936.27605245,180.18641897429262,0.846701134623825,0.3055683345757687,0.5862750046165998,11.074310032499174,1747.5515088409984,3.9364843786548036,0.40588275650225103,0.3807017886260728,0.846701134623825,0.7074620825156427,1.1968148619542498,0.17966374623771822,0.3807017886260728,0.8671435291452065,0.4390297290246201,-0.823188148326003,Web/CloudOps,2
bitbrains_rnd/5T/short|H=48|L=256|Hsrc=controlled|Lsrc=controlled|origins=shared_origin_v1:Hmax=720,joint-scaling,release,standard_hl_shared_origin_v1,bitbrains_rnd/5T/short,Toto-2.0-2.5B,toto2,Toto-2.0-2.5B,2454.281792,2454.281792,48,controlled,shared_origin_v1:Hmax=720,720,720,256,controlled,7200,7920,256,256,256,256,100,[],merged,2,500,92736,41168952.07374331,,100,,float32,native_horizon,48,,direct_full_horizon,3086397.1511387164,3086397.1511387164,180.03473030969633,0.8176488253921614,0.2609143811566736,0.5838436234647278,10.627365291677803,1756.814489676903,3.957349903462424,0.4055410669694496,0.38634565658165004,0.8176488253921614,0.7074620825156427,1.1557493265005936,0.14474890114806008,0.38634565658165004,0.8671435291452065,0.4455383031716713,-0.8084720578285081,Web/CloudOps,2
bitbrains_rnd/5T/short|H=48|L=512|Hsrc=controlled|Lsrc=controlled|origins=shared_origin_v1:Hmax=720,joint-scaling,release,standard_hl_shared_origin_v1,bitbrains_rnd/5T/short,Toto-2.0-2.5B,toto2,Toto-2.0-2.5B,2454.281792,2454.281792,48,controlled,shared_origin_v1:Hmax=720,720,720,512,controlled,7200,7920,512,512,256,256,100,[],merged,2,500,92736,41168952.07374331,,100,,float32,native_horizon,48,,direct_full_horizon,3062271.977915804,3062271.977915804,176.04158848775018,0.4584404870367924,0.27213474830283907,0.5766657058578923,6.8687336512585215,1749.934849620352,3.941853023698725,0.39654623029406644,0.36991361582362486,0.4584404870367924,0.7074620825156427,0.6480071488872421,-0.4338535504573187,0.36991361582362486,0.8671435291452065,0.4265886827158476,-0.851935002326681,Web/CloudOps,2
bitbrains_rnd/5T/short|H=48|L=1024|Hsrc=controlled|Lsrc=controlled|origins=shared_origin_v1:Hmax=720,joint-scaling,release,standard_hl_shared_origin_v1,bitbrains_rnd/5T/short,Toto-2.0-2.5B,toto2,Toto-2.0-2.5B,2454.281792,2454.281792,48,controlled,shared_origin_v1:Hmax=720,720,720,1024,controlled,7200,7920,1024,1024,256,256,100,[],merged,2,500,92736,41168952.07374331,,100,,float32,native_horizon,48,,direct_full_horizon,3050857.407867495,3050857.407867495,173.60543909592823,0.38249045159804795,0.23511855727754022,0.5644165207551545,4.921243593888121,1746.6703775662697,3.9344995676315144,0.3910586300851681,0.3544530083299239,0.38249045159804795,0.7074620825156427,0.5406515218991835,-0.6149803446510894,0.3544530083299239,0.8671435291452065,0.40875933039519846,-0.8946287303762782,Web/CloudOps,2
bitbrains_rnd/5T/short|H=48|L=2048|Hsrc=controlled|Lsrc=controlled|origins=shared_origin_v1:Hmax=720,joint-scaling,release,standard_hl_shared_origin_v1,bitbrains_rnd/5T/short,Toto-2.0-2.5B,toto2,Toto-2.0-2.5B,2454.281792,2454.281792,48,controlled,shared_origin_v1:Hmax=720,720,720,2048,controlled,7200,7920,2048,2048,256,256,100,[],merged,2,500,92736,41168952.07374331,,100,,float32,native_horizon,48,,direct_full_horizon,3062735.856452726,3062735.856452726,172.96629545160457,0.3816303088791564,0.24512454085887359,0.5634661372403921,5.120170615720864,1750.0673862605192,3.9421515719309106,0.3896189134537166,0.3675099480531229,0.3816303088791564,0.7074620825156427,0.5394357073132865,-0.6172316722597136,0.3675099480531229,0.8671435291452065,0.4238167450957037,-0.8584541221406281,Web/CloudOps,2
bitbrains_rnd/5T/short|H=48|L=4096|Hsrc=controlled|Lsrc=controlled|origins=shared_origin_v1:Hmax=720,joint-scaling,release,standard_hl_shared_origin_v1,bitbrains_rnd/5T/short,Toto-2.0-2.5B,toto2,Toto-2.0-2.5B,2454.281792,2454.281792,48,controlled,shared_origin_v1:Hmax=720,720,720,4096,controlled,7200,7920,4096,4096,256,256,100,[],merged,2,500,92736,41168952.07374331,,100,,float32,native_horizon,48,,direct_full_horizon,3058819.0476190476,3058819.0476190476,173.20442573542098,0.38433620341019176,0.2515116928598544,0.5660712305968016,4.869325856470091,1748.9479831084307,3.93963003651446,0.3901553188973247,0.36103685310088895,0.38433620341019176,0.7074620825156427,0.5432604982072572,-0.6101663352145432,0.36103685310088895,0.8671435291452065,0.4163518967347699,-0.8762244706849622,Web/CloudOps,2
bitbrains_rnd/5T/short|H=96|L=128|Hsrc=controlled|Lsrc=controlled|origins=shared_origin_v1:Hmax=720,joint-scaling,release,standard_hl_shared_origin_v1,bitbrains_rnd/5T/short,Toto-2.0-2.5B,toto2,Toto-2.0-2.5B,2454.281792,2454.281792,96,controlled,shared_origin_v1:Hmax=720,720,720,128,controlled,7200,7920,128,128,256,256,100,[],merged,2,500,185472,78410919.91535383,,100,,float32,native_horizon,96,,direct_full_horizon,2681891.8205659078,2681891.8205659078,167.57926668176327,0.7326280006847977,0.5139396951569714,0.5954981686083344,14.899218468271288,1637.6482591099677,3.8736683390723528,0.39638945421827526,0.3743260442372849,0.7326280006847977,0.7043199277369718,1.040192065896505,0.03940537484890019,0.3743260442372849,0.8704516141640497,0.43003659037013114,-0.8438849800307822,Web/CloudOps,2
bitbrains_rnd/5T/short|H=96|L=256|Hsrc=controlled|Lsrc=controlled|origins=shared_origin_v1:Hmax=720,joint-scaling,release,standard_hl_shared_origin_v1,bitbrains_rnd/5T/short,Toto-2.0-2.5B,toto2,Toto-2.0-2.5B,2454.281792,2454.281792,96,controlled,shared_origin_v1:Hmax=720,720,720,256,controlled,7200,7920,256,256,256,256,100,[],merged,2,500,185472,78410919.91535383,,100,,float32,native_horizon,96,,direct_full_horizon,2768607.182884748,2768607.182884748,169.46396760697033,0.719151229085952,0.2830960580598841,0.5947294478748814,13.579758665691818,1663.913213747865,3.935795064174658,0.4008474971844509,0.39095303395609865,0.719151229085952,0.7043199277369718,1.021057619932229,0.020838972391544607,0.39095303395609865,0.8704516141640497,0.44913815724445044,-0.8004247386934994,Web/CloudOps,2
bitbrains_rnd/5T/short|H=96|L=512|Hsrc=controlled|Lsrc=controlled|origins=shared_origin_v1:Hmax=720,joint-scaling,release,standard_hl_shared_origin_v1,bitbrains_rnd/5T/short,Toto-2.0-2.5B,toto2,Toto-2.0-2.5B,2454.281792,2454.281792,96,controlled,shared_origin_v1:Hmax=720,720,720,512,controlled,7200,7920,512,512,256,256,100,[],merged,2,500,185472,78410919.91535383,,100,,float32,native_horizon,96,,direct_full_horizon,2733224.6128364387,2733224.6128364387,163.99200148809524,0.5015381466838967,0.3074302437328076,0.5840535818748922,8.069931355917538,1653.2466884395803,3.9105646270861274,0.3879041915696768,0.3714667156316084,0.5015381466838967,0.7043199277369718,0.7120885366617031,-0.33955302605692256,0.3714667156316084,0.8704516141640497,0.4267517109361117,-0.8515529080921637,Web/CloudOps,2
bitbrains_rnd/5T/short|H=96|L=1024|Hsrc=controlled|Lsrc=controlled|origins=shared_origin_v1:Hmax=720,joint-scaling,release,standard_hl_shared_origin_v1,bitbrains_rnd/5T/short,Toto-2.0-2.5B,toto2,Toto-2.0-2.5B,2454.281792,2454.281792,96,controlled,shared_origin_v1:Hmax=720,720,720,1024,controlled,7200,7920,1024,1024,256,256,100,[],merged,2,500,185472,78410919.91535383,,100,,float32,native_horizon,96,,direct_full_horizon,2736562.4403036577,2736562.4403036577,162.6431725543478,0.40744754628780133,0.3114758398319455,0.5711864094192364,5.539196304656125,1654.2558569651967,3.9129516990014315,0.3847136920796814,0.3513777030254131,0.40744754628780133,0.7043199277369718,0.5784978249826868,-0.5473204921088242,0.3513777030254131,0.8704516141640497,0.40367287199859303,-0.9071504517993063,Web/CloudOps,2
bitbrains_rnd/5T/short|H=96|L=2048|Hsrc=controlled|Lsrc=controlled|origins=shared_origin_v1:Hmax=720,joint-scaling,release,standard_hl_shared_origin_v1,bitbrains_rnd/5T/short,Toto-2.0-2.5B,toto2,Toto-2.0-2.5B,2454.281792,2454.281792,96,controlled,shared_origin_v1:Hmax=720,720,720,2048,controlled,7200,7920,2048,2048,256,256,100,[],merged,2,500,185472,78410919.91535383,,100,,float32,native_horizon,96,,direct_full_horizon,2742378.114561767,2742378.114561767,162.5227096273292,0.4054359135077841,0.5045422301001946,0.5692973132709055,5.6520729058879065,1656.0127157005065,3.9171073459917634,0.38442875090026263,0.3616866225166748,0.4054359135077841,0.7043199277369718,0.5756416900065251,-0.5522698778104466,0.3616866225166748,0.8704516141640497,0.41551605698844685,-0.8782340204551207,Web/CloudOps,2
bitbrains_rnd/5T/short|H=96|L=4096|Hsrc=controlled|Lsrc=controlled|origins=shared_origin_v1:Hmax=720,joint-scaling,release,standard_hl_shared_origin_v1,bitbrains_rnd/5T/short,Toto-2.0-2.5B,toto2,Toto-2.0-2.5B,2454.281792,2454.281792,96,controlled,shared_origin_v1:Hmax=720,720,720,4096,controlled,7200,7920,4096,4096,256,256,100,[],merged,2,500,185472,78410919.91535383,,100,,float32,native_horizon,96,,direct_full_horizon,2734251.2408557627,2734251.2408557627,161.71600025879917,0.40853161347323813,0.4071365047356373,0.5728561053858534,5.1225981073887725,1653.557147744148,3.911298982813607,0.3825205728026007,0.3560670931907137,0.40853161347323813,0.7043199277369718,0.5800369936796737,-0.5446633952693366,0.3560670931907137,0.8704516141640497,0.4090601791033126,-0.8938929965910338,Web/CloudOps,2
bitbrains_rnd/5T/short|H=192|L=128|Hsrc=controlled|Lsrc=controlled|origins=shared_origin_v1:Hmax=720,joint-scaling,release,standard_hl_shared_origin_v1,bitbrains_rnd/5T/short,Toto-2.0-2.5B,toto2,Toto-2.0-2.5B,2454.281792,2454.281792,192,controlled,shared_origin_v1:Hmax=720,720,720,128,controlled,7200,7920,128,128,256,256,100,[],merged,2,500,371492,142552570.1272524,,100,,float32,native_horizon,192,,direct_full_horizon,4060653.3718949533,4060653.3718949533,248.4514713641209,1.5577611283177977,1.7591033904946483,0.6332256460939939,47.97799315080506,2015.1062929520501,5.25136703121588,0.6474645382935473,0.5992617185612841,1.5577611283177977,1.4781188921497603,1.0538808052525508,0.052479355728558705,0.5992617185612841,0.882401511928171,0.6791258972934138,-0.38694875286204794,Web/CloudOps,2
bitbrains_rnd/5T/short|H=192|L=256|Hsrc=controlled|Lsrc=controlled|origins=shared_origin_v1:Hmax=720,joint-scaling,release,standard_hl_shared_origin_v1,bitbrains_rnd/5T/short,Toto-2.0-2.5B,toto2,Toto-2.0-2.5B,2454.281792,2454.281792,192,controlled,shared_origin_v1:Hmax=720,720,720,256,controlled,7200,7920,256,256,256,256,100,[],merged,2,500,371492,142552570.1272524,,100,,float32,native_horizon,192,,direct_full_horizon,4076528.7292539272,4076528.7292539272,246.25908229517728,1.525631989230213,1.601322482715513,0.6256374422262121,46.02444142263624,2019.0415372780044,5.261622277991385,0.6417511723453012,0.5595087904210202,1.525631989230213,1.4781188921497603,1.0321442999834405,0.03163848285003709,0.5595087904210202,0.882401511928171,0.6340750586412925,-0.4555879425282178,Web/CloudOps,2
bitbrains_rnd/5T/short|H=192|L=512|Hsrc=controlled|Lsrc=controlled|origins=shared_origin_v1:Hmax=720,joint-scaling,release,standard_hl_shared_origin_v1,bitbrains_rnd/5T/short,Toto-2.0-2.5B,toto2,Toto-2.0-2.5B,2454.281792,2454.281792,192,controlled,shared_origin_v1:Hmax=720,720,720,512,controlled,7200,7920,512,512,256,256,100,[],merged,2,500,371492,142552570.1272524,,100,,float32,native_horizon,192,,direct_full_horizon,3892265.093191778,3892265.093191778,228.71115932509986,1.3088605646948082,0.7903760113320967,0.6137501386172797,38.84318528495666,1972.8824326836552,5.141331650690476,0.5960212848085086,0.5299249238363904,1.3088605646948082,1.4781188921497603,0.8854907217857254,-0.1216132997523411,0.5299249238363904,0.882401511928171,0.6005485220423413,-0.5099118379915075,Web/CloudOps,2
bitbrains_rnd/5T/short|H=192|L=1024|Hsrc=controlled|Lsrc=controlled|origins=shared_origin_v1:Hmax=720,joint-scaling,release,standard_hl_shared_origin_v1,bitbrains_rnd/5T/short,Toto-2.0-2.5B,toto2,Toto-2.0-2.5B,2454.281792,2454.281792,192,controlled,shared_origin_v1:Hmax=720,720,720,1024,controlled,7200,7920,1024,1024,256,256,100,[],merged,2,500,371492,142552570.1272524,,100,,float32,native_horizon,192,,direct_full_horizon,3289280.1137036597,3289280.1137036597,195.0170568948995,1.205564067056534,0.32630520038384714,0.5998576491174817,36.380417770425446,1813.6372607838812,4.726338730208004,0.5082144533439733,0.4714776299496219,1.205564067056534,1.4781188921497603,0.8156069673821532,-0.20382269767223243,0.4714776299496219,0.882401511928171,0.5343119017547661,-0.6267755248505099,Web/CloudOps,2
bitbrains_rnd/5T/short|H=192|L=2048|Hsrc=controlled|Lsrc=controlled|origins=shared_origin_v1:Hmax=720,joint-scaling,release,standard_hl_shared_origin_v1,bitbrains_rnd/5T/short,Toto-2.0-2.5B,toto2,Toto-2.0-2.5B,2454.281792,2454.281792,192,controlled,shared_origin_v1:Hmax=720,720,720,2048,controlled,7200,7920,2048,2048,256,256,100,[],merged,2,500,371492,142552570.1272524,,100,,float32,native_horizon,192,,direct_full_horizon,3952513.026778504,3952513.026778504,231.58208521314052,1.2091661457766534,1.187967533063007,0.5969417851696672,35.99307543246247,1988.092811409594,5.180969897890175,0.6035029177180237,0.5147095796493856,1.2091661457766534,1.4781188921497603,0.8180439017446391,-0.20083927420507894,0.5147095796493856,0.882401511928171,0.583305414475858,-0.5390443627765854,Web/CloudOps,2
bitbrains_rnd/5T/short|H=192|L=4096|Hsrc=controlled|Lsrc=controlled|origins=shared_origin_v1:Hmax=720,joint-scaling,release,standard_hl_shared_origin_v1,bitbrains_rnd/5T/short,Toto-2.0-2.5B,toto2,Toto-2.0-2.5B,2454.281792,2454.281792,192,controlled,shared_origin_v1:Hmax=720,720,720,4096,controlled,7200,7920,4096,4096,256,256,100,[],merged,2,500,371492,142552570.1272524,,100,,float32,native_horizon,192,,direct_full_horizon,3623224.449387874,3623224.449387874,219.3575743219235,1.204813312189426,1.083391676136632,0.5973089152759398,35.8227758735424,1903.4769369204014,4.960460927636753,0.5716458421427035,0.49112422619591234,1.204813312189426,1.4781188921497603,0.8150990550138754,-0.2044456332323233,0.49112422619591234,0.882401511928171,0.5565768185536504,-0.585950079062278,Web/CloudOps,2
bitbrains_rnd/5T/short|H=336|L=128|Hsrc=controlled|Lsrc=controlled|origins=shared_origin_v1:Hmax=720,joint-scaling,release,standard_hl_shared_origin_v1,bitbrains_rnd/5T/short,Toto-2.0-2.5B,toto2,Toto-2.0-2.5B,2454.281792,2454.281792,336,controlled,shared_origin_v1:Hmax=720,720,720,128,controlled,7200,7920,128,128,256,256,100,[],merged,2,500,651232,199613313.81588575,,100,,float32,native_horizon,336,,direct_full_horizon,4243208.5916171195,4243208.5916171195,257.49099859957744,1.3081218968304333,3.6898401489298784,0.6606329906239251,36.475268709665244,2059.9049957745915,6.720373629213908,0.8400560804008609,0.7848665655743247,1.3081218968304333,1.2395395786277248,1.0553288651570407,0.053852438881280947,0.7848665655743247,1.0477434277744575,0.7491018743410137,-0.2888802909075298,Web/CloudOps,2
bitbrains_rnd/5T/short|H=336|L=256|Hsrc=controlled|Lsrc=controlled|origins=shared_origin_v1:Hmax=720,joint-scaling,release,standard_hl_shared_origin_v1,bitbrains_rnd/5T/short,Toto-2.0-2.5B,toto2,Toto-2.0-2.5B,2454.281792,2454.281792,336,controlled,shared_origin_v1:Hmax=720,720,720,256,controlled,7200,7920,256,256,256,256,100,[],merged,2,500,651232,199613313.81588575,,100,,float32,native_horizon,336,,direct_full_horizon,4243208.5916171195,4243208.5916171195,257.49099859957744,1.3081218968304333,3.6898401489298784,0.6606329906239251,36.475268709665244,2059.9049957745915,6.720373629213908,0.8400560804008609,0.7848665655743247,1.3081218968304333,1.2395395786277248,1.0553288651570407,0.053852438881280947,0.7848665655743247,1.0477434277744575,0.7491018743410137,-0.2888802909075298,Web/CloudOps,2
bitbrains_rnd/5T/short|H=336|L=512|Hsrc=controlled|Lsrc=controlled|origins=shared_origin_v1:Hmax=720,joint-scaling,release,standard_hl_shared_origin_v1,bitbrains_rnd/5T/short,Toto-2.0-2.5B,toto2,Toto-2.0-2.5B,2454.281792,2454.281792,336,controlled,shared_origin_v1:Hmax=720,720,720,512,controlled,7200,7920,512,512,256,256,100,[],merged,2,500,651232,199613313.81588575,,100,,float32,native_horizon,336,,direct_full_horizon,3858540.231733084,3858540.231733084,231.91573817011448,1.2488219705267747,2.3407770958642167,0.6471073048852022,31.27953747591598,1964.316734066348,6.408520007535148,0.7566176178974919,0.6198463189750958,1.2488219705267747,1.2395395786277248,1.0074885804851237,0.007460680268384287,0.6198463189750958,1.0477434277744575,0.5916012475418047,-0.5249224393887492,Web/CloudOps,2
bitbrains_rnd/5T/short|H=336|L=1024|Hsrc=controlled|Lsrc=controlled|origins=shared_origin_v1:Hmax=720,joint-scaling,release,standard_hl_shared_origin_v1,bitbrains_rnd/5T/short,Toto-2.0-2.5B,toto2,Toto-2.0-2.5B,2454.281792,2454.281792,336,controlled,shared_origin_v1:Hmax=720,720,720,1024,controlled,7200,7920,1024,1024,256,256,100,[],merged,2,500,651232,199613313.81588575,,100,,float32,native_horizon,336,,direct_full_horizon,2475614.1429905165,2475614.1429905165,162.3725339049678,0.969852740337717,0.8632864953198002,0.6249466492964114,25.901696977272227,1573.4084476036464,5.133194327382952,0.5297351563309639,0.4950907250987299,0.969852740337717,1.2395395786277248,0.7824298288332399,-0.24535103620139992,0.4950907250987299,1.0477434277744575,0.4725304993326149,-0.7496529852794321,Web/CloudOps,2
bitbrains_rnd/5T/short|H=336|L=2048|Hsrc=controlled|Lsrc=controlled|origins=shared_origin_v1:Hmax=720,joint-scaling,release,standard_hl_shared_origin_v1,bitbrains_rnd/5T/short,Toto-2.0-2.5B,toto2,Toto-2.0-2.5B,2454.281792,2454.281792,336,controlled,shared_origin_v1:Hmax=720,720,720,2048,controlled,7200,7920,2048,2048,256,256,100,[],merged,2,500,651232,199613313.81588575,,100,,float32,native_horizon,336,,direct_full_horizon,3114192.9159255074,3114192.9159255074,199.2933240381308,0.9675458971054318,1.6931056309499268,0.6189287687509085,25.645027249423777,1764.707600687861,5.757301646077368,0.650188043667813,0.5491708031280764,0.9675458971054318,1.2395395786277248,0.7805687803664866,-0.24773241944166322,0.5491708031280764,1.0477434277744575,0.5241462638373081,-0.6459845041499633,Web/CloudOps,2
bitbrains_rnd/5T/short|H=336|L=4096|Hsrc=controlled|Lsrc=controlled|origins=shared_origin_v1:Hmax=720,joint-scaling,release,standard_hl_shared_origin_v1,bitbrains_rnd/5T/short,Toto-2.0-2.5B,toto2,Toto-2.0-2.5B,2454.281792,2454.281792,336,controlled,shared_origin_v1:Hmax=720,720,720,4096,controlled,7200,7920,4096,4096,256,256,100,[],merged,2,500,651232,199613313.81588575,,100,,float32,native_horizon,336,,direct_full_horizon,2854882.891651516,2854882.891651516,186.3917835732888,0.9596097539857941,1.353351516162306,0.6195351776517432,25.324255704121985,1689.6398704018309,5.51239559650032,0.6080971838980608,0.545634700261266,0.9596097539857941,1.2395395786277248,0.7741662876534876,-0.25596858653806176,0.545634700261266,1.0477434277744575,0.5207712936174314,-0.6524443093891265,Web/CloudOps,2
bitbrains_rnd/5T/short|H=720|L=128|Hsrc=controlled|Lsrc=controlled|origins=shared_origin_v1:Hmax=720,joint-scaling,release,standard_hl_shared_origin_v1,bitbrains_rnd/5T/short,Toto-2.0-2.5B,toto2,Toto-2.0-2.5B,2454.281792,2454.281792,720,controlled,shared_origin_v1:Hmax=720,720,720,128,controlled,7200,7920,128,128,256,256,100,[],merged,2,500,1403896,366478349.16954803,,100,,float32,native_horizon,720,,direct_full_horizon,4749673.116572738,4749673.116572738,283.38622234125603,3.56521163438671,5.542624494615397,0.7135859342186448,127.03837923646205,2179.3744782787417,8.348692684003844,1.0855887800780846,1.025875440644151,3.56521163438671,3.5012579045235244,1.0182659294479732,0.01810111136997913,1.025875440644151,1.1752204699604023,0.8729216916028673,-0.1359094275062092,Web/CloudOps,2
bitbrains_rnd/5T/short|H=720|L=256|Hsrc=controlled|Lsrc=controlled|origins=shared_origin_v1:Hmax=720,joint-scaling,release,standard_hl_shared_origin_v1,bitbrains_rnd/5T/short,Toto-2.0-2.5B,toto2,Toto-2.0-2.5B,2454.281792,2454.281792,720,controlled,shared_origin_v1:Hmax=720,720,720,256,controlled,7200,7920,256,256,256,256,100,[],merged,2,500,1403896,366478349.16954803,,100,,float32,native_horizon,720,,direct_full_horizon,4749673.116572738,4749673.116572738,283.38622234125603,3.56521163438671,5.542624494615397,0.7135859342186448,127.03837923646205,2179.3744782787417,8.348692684003844,1.0855887800780846,1.025875440644151,3.56521163438671,3.5012579045235244,1.0182659294479732,0.01810111136997913,1.025875440644151,1.1752204699604023,0.8729216916028673,-0.1359094275062092,Web/CloudOps,2
bitbrains_rnd/5T/short|H=720|L=512|Hsrc=controlled|Lsrc=controlled|origins=shared_origin_v1:Hmax=720,joint-scaling,release,standard_hl_shared_origin_v1,bitbrains_rnd/5T/short,Toto-2.0-2.5B,toto2,Toto-2.0-2.5B,2454.281792,2454.281792,720,controlled,shared_origin_v1:Hmax=720,720,720,512,controlled,7200,7920,512,512,256,256,100,[],merged,2,500,1403896,366478349.16954803,,100,,float32,native_horizon,720,,direct_full_horizon,4749673.116572738,4749673.116572738,283.38622234125603,3.56521163438671,5.542624494615397,0.7135859342186448,127.03837923646205,2179.3744782787417,8.348692684003844,1.0855887800780846,1.025875440644151,3.56521163438671,3.5012579045235244,1.0182659294479732,0.01810111136997913,1.025875440644151,1.1752204699604023,0.8729216916028673,-0.1359094275062092,Web/CloudOps,2
bitbrains_rnd/5T/short|H=720|L=1024|Hsrc=controlled|Lsrc=controlled|origins=shared_origin_v1:Hmax=720,joint-scaling,release,standard_hl_shared_origin_v1,bitbrains_rnd/5T/short,Toto-2.0-2.5B,toto2,Toto-2.0-2.5B,2454.281792,2454.281792,720,controlled,shared_origin_v1:Hmax=720,720,720,1024,controlled,7200,7920,1024,1024,256,256,100,[],merged,2,500,1403896,366478349.16954803,,100,,float32,native_horizon,720,,direct_full_horizon,3655080.480901719,3655080.480901719,222.63769396023636,3.396511427901277,2.8010302380949086,0.692585182401116,119.37826854524614,1911.8264777175043,7.323776563728083,0.8528748525206785,0.6899719621013444,3.396511427901277,3.5012579045235244,0.9700831873919034,-0.030373450964065563,0.6899719621013444,1.1752204699604023,0.587100020581323,-0.5325600808560903,Web/CloudOps,2
bitbrains_rnd/5T/short|H=720|L=2048|Hsrc=controlled|Lsrc=controlled|origins=shared_origin_v1:Hmax=720,joint-scaling,release,standard_hl_shared_origin_v1,bitbrains_rnd/5T/short,Toto-2.0-2.5B,toto2,Toto-2.0-2.5B,2454.281792,2454.281792,720,controlled,shared_origin_v1:Hmax=720,720,720,2048,controlled,7200,7920,2048,2048,256,256,100,[],merged,2,500,1403896,366478349.16954803,,100,,float32,native_horizon,720,,direct_full_horizon,2249143.2030862686,2249143.2030862686,147.07721227213412,3.236381645577912,0.4950490624300647,0.6607550931356372,115.58933269665089,1499.714373834654,5.7450679292241364,0.5634196684958142,0.5609960739744793,3.236381645577912,3.5012579045235244,0.9243482582064578,-0.07866637552963723,0.5609960739744793,1.1752204699604023,0.47735389938653927,-0.7394971357508053,Web/CloudOps,2
bitbrains_rnd/5T/short|H=720|L=4096|Hsrc=controlled|Lsrc=controlled|origins=shared_origin_v1:Hmax=720,joint-scaling,release,standard_hl_shared_origin_v1,bitbrains_rnd/5T/short,Toto-2.0-2.5B,toto2,Toto-2.0-2.5B,2454.281792,2454.281792,720,controlled,shared_origin_v1:Hmax=720,720,720,4096,controlled,7200,7920,4096,4096,256,256,100,[],merged,2,500,1403896,366478349.16954803,,100,,float32,native_horizon,720,,direct_full_horizon,2439456.573489774,2439456.573489774,157.5375013533766,3.240506901847543,0.8488556685170409,0.6587577726264726,114.9025359554283,1561.8759789079843,5.983195035269503,0.6034906796026833,0.5871996716288472,3.240506901847543,3.5012579045235244,0.9255264794007039,-0.07739253646408872,0.5871996716288472,1.1752204699604023,0.49965064993178027,-0.6938461249010823,Web/CloudOps,2
bizitobs_l2c/5T/short|H=48|L=128|Hsrc=controlled|Lsrc=controlled|origins=shared_origin_v1:Hmax=720,joint-scaling,release,standard_hl_shared_origin_v1,bizitobs_l2c/5T/short,Toto-2.0-2.5B,toto2,Toto-2.0-2.5B,2454.281792,2454.281792,48,controlled,shared_origin_v1:Hmax=720,720,720,128,controlled,28368,31248,128,128,256,256,100,[],merged,2,1,1680,27004.650024414062,,100,,float32,native_horizon,48,,direct_full_horizon,7.779279436383929,7.779279436383929,1.5393359956287203,0.14715893866438173,0.16651763916015624,0.8658253987630208,1.551606702582507,2.789135965919182,0.17351635435037988,0.09576441354797235,0.07652203776626025,0.14715893866438173,0.6625521029117435,0.22210923188932105,-1.504585982582168,0.07652203776626025,0.3954327593876954,0.19351466450263294,-1.642401983840557,Web/CloudOps,7
bizitobs_l2c/5T/short|H=48|L=256|Hsrc=controlled|Lsrc=controlled|origins=shared_origin_v1:Hmax=720,joint-scaling,release,standard_hl_shared_origin_v1,bizitobs_l2c/5T/short,Toto-2.0-2.5B,toto2,Toto-2.0-2.5B,2454.281792,2454.281792,48,controlled,shared_origin_v1:Hmax=720,720,720,256,controlled,28368,31248,256,256,256,256,100,[],merged,2,1,1680,27004.650024414062,,100,,float32,native_horizon,48,,direct_full_horizon,10.473250325520834,10.473250325520834,1.696074712844122,0.16296722310087233,0.1799079047309028,0.8719460623604911,1.6735467165836868,3.236240152634046,0.20133138002195472,0.10551536550194379,0.08738378266352886,0.16296722310087233,0.6625521029117435,0.24596891683638758,-1.402550105356782,0.08738378266352886,0.3954327593876954,0.22098265909692855,-1.50967104616773,Web/CloudOps,7
bizitobs_l2c/5T/short|H=48|L=512|Hsrc=controlled|Lsrc=controlled|origins=shared_origin_v1:Hmax=720,joint-scaling,release,standard_hl_shared_origin_v1,bizitobs_l2c/5T/short,Toto-2.0-2.5B,toto2,Toto-2.0-2.5B,2454.281792,2454.281792,48,controlled,shared_origin_v1:Hmax=720,720,720,512,controlled,28368,31248,512,512,256,256,100,[],merged,2,1,1680,27004.650024414062,,100,,float32,native_horizon,48,,direct_full_horizon,13.153803943452381,13.153803943452381,1.8629215785435267,0.1806659258039294,0.18648516337076823,0.8743127732049851,1.7049120690498025,3.6268173297606787,0.22562977518647345,0.11589516061580703,0.09337503775193974,0.1806659258039294,0.6625521029117435,0.27268183892247844,-1.2994495886255981,0.09337503775193974,0.3954327593876954,0.23613379401475373,-1.443356710805779,Web/CloudOps,7
bizitobs_l2c/5T/short|H=48|L=1024|Hsrc=controlled|Lsrc=controlled|origins=shared_origin_v1:Hmax=720,joint-scaling,release,standard_hl_shared_origin_v1,bizitobs_l2c/5T/short,Toto-2.0-2.5B,toto2,Toto-2.0-2.5B,2454.281792,2454.281792,48,controlled,shared_origin_v1:Hmax=720,720,720,1024,controlled,28368,31248,1024,1024,256,256,100,[],merged,2,1,1680,27004.650024414062,,100,,float32,native_horizon,48,,direct_full_horizon,8.660535249255952,8.660535249255952,1.6078331356956845,0.15480715014110905,0.16983108520507811,0.8658780052548363,1.5238102559191573,2.9428787350578944,0.18308092385672517,0.10002572392261021,0.07942523801134405,0.15480715014110905,0.6625521029117435,0.23365279418897328,-1.4539190510414979,0.07942523801134405,0.3954327593876954,0.20085649488001298,-1.6051645817317233,Web/CloudOps,7
bizitobs_l2c/5T/short|H=48|L=2048|Hsrc=controlled|Lsrc=controlled|origins=shared_origin_v1:Hmax=720,joint-scaling,release,standard_hl_shared_origin_v1,bizitobs_l2c/5T/short,Toto-2.0-2.5B,toto2,Toto-2.0-2.5B,2454.281792,2454.281792,48,controlled,shared_origin_v1:Hmax=720,720,720,2048,controlled,28368,31248,2048,2048,256,256,100,[],merged,2,1,1680,27004.650024414062,,100,,float32,native_horizon,48,,direct_full_horizon,6.11912841796875,6.11912841796875,1.338587152390253,0.13086902350080235,0.1509047896773727,0.850147937593006,1.3065879396919067,2.4736872110209793,0.15389181162348414,0.08327552528851628,0.06621416632107961,0.13086902350080235,0.6625521029117435,0.19752261433578908,-1.621902198229904,0.06621416632107961,0.3954327593876954,0.167447346607318,-1.7870863257479246,Web/CloudOps,7
bizitobs_l2c/5T/short|H=48|L=4096|Hsrc=controlled|Lsrc=controlled|origins=shared_origin_v1:Hmax=720,joint-scaling,release,standard_hl_shared_origin_v1,bizitobs_l2c/5T/short,Toto-2.0-2.5B,toto2,Toto-2.0-2.5B,2454.281792,2454.281792,48,controlled,shared_origin_v1:Hmax=720,720,720,4096,controlled,28368,31248,4096,4096,256,256,100,[],merged,2,1,1680,27004.650024414062,,100,,float32,native_horizon,48,,direct_full_horizon,5.168118722098214,5.168118722098214,1.2079858689081102,0.11990398673466234,0.14257462112991898,0.8462480090913318,0.9142094045065957,2.2733496700020024,0.14142851109533058,0.07515062250134304,0.06080982775109254,0.11990398673466234,0.6625521029117435,0.180972917009418,-1.709407888694185,0.06080982775109254,0.3954327593876954,0.15378045017123268,-1.8722293420106049,Web/CloudOps,7
bizitobs_l2c/5T/short|H=96|L=128|Hsrc=controlled|Lsrc=controlled|origins=shared_origin_v1:Hmax=720,joint-scaling,release,standard_hl_shared_origin_v1,bizitobs_l2c/5T/short,Toto-2.0-2.5B,toto2,Toto-2.0-2.5B,2454.281792,2454.281792,96,controlled,shared_origin_v1:Hmax=720,720,720,128,controlled,28368,31248,128,128,256,256,100,[],merged,2,1,3360,51878.349986076355,,100,,float32,native_horizon,96,,direct_full_horizon,25.842878069196427,25.842878069196427,2.8612920851934525,0.2878046720851145,0.31866536915921007,0.9224658057803199,3.82948709012483,5.083589093268301,0.3292483156840152,0.1853170235527978,0.15738299294754352,0.2878046720851145,0.6910206422486538,0.4164921486984352,-0.8758876682169368,0.15738299294754352,0.4076755597141003,0.3860496151839835,-0.9517893810313747,Web/CloudOps,7
bizitobs_l2c/5T/short|H=96|L=256|Hsrc=controlled|Lsrc=controlled|origins=shared_origin_v1:Hmax=720,joint-scaling,release,standard_hl_shared_origin_v1,bizitobs_l2c/5T/short,Toto-2.0-2.5B,toto2,Toto-2.0-2.5B,2454.281792,2454.281792,96,controlled,shared_origin_v1:Hmax=720,720,720,256,controlled,28368,31248,256,256,256,256,100,[],merged,2,1,3360,51878.349986076355,,100,,float32,native_horizon,96,,direct_full_horizon,34.0372814360119,34.0372814360119,3.3098868233816963,0.32839765903301027,0.35282237966992863,0.9373899913969495,4.434314896989391,5.834147875740887,0.37785968265664893,0.2143711149168647,0.18101738998276456,0.32839765903301027,0.6910206422486538,0.4752356716354663,-0.743944447178105,0.18101738998276456,0.4076755597141003,0.4440231592732973,-0.8118785573847809,Web/CloudOps,7
bizitobs_l2c/5T/short|H=96|L=512|Hsrc=controlled|Lsrc=controlled|origins=shared_origin_v1:Hmax=720,joint-scaling,release,standard_hl_shared_origin_v1,bizitobs_l2c/5T/short,Toto-2.0-2.5B,toto2,Toto-2.0-2.5B,2454.281792,2454.281792,96,controlled,shared_origin_v1:Hmax=720,720,720,512,controlled,28368,31248,512,512,256,256,100,[],merged,2,1,3360,51878.349986076355,,100,,float32,native_horizon,96,,direct_full_horizon,43.69513578869048,43.69513578869048,3.6266758510044643,0.3619613282124528,0.3844179463634029,0.9453986758277529,3.820287995542687,6.610229632069561,0.42812409357110953,0.2348885587657569,0.1913984086479717,0.3619613282124528,0.6910206422486538,0.5238068244019348,-0.6466323183528194,0.1913984086479717,0.4076755597141003,0.46948708130111577,-0.7561144965779559,Web/CloudOps,7
bizitobs_l2c/5T/short|H=96|L=1024|Hsrc=controlled|Lsrc=controlled|origins=shared_origin_v1:Hmax=720,joint-scaling,release,standard_hl_shared_origin_v1,bizitobs_l2c/5T/short,Toto-2.0-2.5B,toto2,Toto-2.0-2.5B,2454.281792,2454.281792,96,controlled,shared_origin_v1:Hmax=720,720,720,1024,controlled,28368,31248,1024,1024,256,256,100,[],merged,2,1,3360,51878.349986076355,,100,,float32,native_horizon,96,,direct_full_horizon,29.266531808035715,29.266531808035715,3.0803295317150297,0.3122486711488955,0.34430538824272816,0.929501197451637,3.4666709436980985,5.409855063496222,0.35037955174414503,0.1995034003460078,0.16123955834896028,0.3122486711488955,0.6910206422486538,0.45186590972565666,-0.794369803061148,0.16123955834896028,0.4076755597141003,0.39550950383691463,-0.9275804621341549,Web/CloudOps,7
bizitobs_l2c/5T/short|H=96|L=2048|Hsrc=controlled|Lsrc=controlled|origins=shared_origin_v1:Hmax=720,joint-scaling,release,standard_hl_shared_origin_v1,bizitobs_l2c/5T/short,Toto-2.0-2.5B,toto2,Toto-2.0-2.5B,2454.281792,2454.281792,96,controlled,shared_origin_v1:Hmax=720,720,720,2048,controlled,28368,31248,2048,2048,256,256,100,[],merged,2,1,3360,51878.349986076355,,100,,float32,native_horizon,96,,direct_full_horizon,21.922802734375,21.922802734375,2.6814200265066965,0.2724448676001542,0.3117207985848291,0.9093388148716518,2.8664510533873186,4.682179271917619,0.3032502451960316,0.17366726758812842,0.13736844206857105,0.2724448676001542,0.6910206422486538,0.3942644415275207,-0.9307334234293435,0.13736844206857105,0.4076755597141003,0.33695530378349503,-1.0878049871484414,Web/CloudOps,7
bizitobs_l2c/5T/short|H=96|L=4096|Hsrc=controlled|Lsrc=controlled|origins=shared_origin_v1:Hmax=720,joint-scaling,release,standard_hl_shared_origin_v1,bizitobs_l2c/5T/short,Toto-2.0-2.5B,toto2,Toto-2.0-2.5B,2454.281792,2454.281792,96,controlled,shared_origin_v1:Hmax=720,720,720,4096,controlled,28368,31248,4096,4096,256,256,100,[],merged,2,1,3360,51878.349986076355,,100,,float32,native_horizon,96,,direct_full_horizon,17.43230212983631,17.43230212983631,2.3731404622395833,0.24251767414690603,0.2862521108871513,0.8930419195265997,1.3334418617393478,4.175200849041434,0.27041482345803936,0.15370095531691114,0.12016098723848317,0.24251767414690603,0.6910206422486538,0.35095575923423655,-1.0470951055279423,0.12016098723848317,0.4076755597141003,0.2947466051748384,-1.221639257273603,Web/CloudOps,7
bizitobs_l2c/5T/short|H=192|L=128|Hsrc=controlled|Lsrc=controlled|origins=shared_origin_v1:Hmax=720,joint-scaling,release,standard_hl_shared_origin_v1,bizitobs_l2c/5T/short,Toto-2.0-2.5B,toto2,Toto-2.0-2.5B,2454.281792,2454.281792,192,controlled,shared_origin_v1:Hmax=720,720,720,128,controlled,28368,31248,128,128,256,256,100,[],merged,2,1,6720,96848.35990285873,,100,,float32,native_horizon,192,,direct_full_horizon,96.91407180059524,96.91407180059524,5.743301246279762,0.553440975929667,0.7700523142703835,1.0572921026320685,8.755437274186088,9.844494491876931,0.6830781961797604,0.39850942663057703,0.3554071067358703,0.553440975929667,0.7391127356907388,0.7487910155038094,-0.2892953524166332,0.3554071067358703,0.4569876225288572,0.7777171398409757,-0.25139239438178623,Web/CloudOps,7
bizitobs_l2c/5T/short|H=192|L=256|Hsrc=controlled|Lsrc=controlled|origins=shared_origin_v1:Hmax=720,joint-scaling,release,standard_hl_shared_origin_v1,bizitobs_l2c/5T/short,Toto-2.0-2.5B,toto2,Toto-2.0-2.5B,2454.281792,2454.281792,192,controlled,shared_origin_v1:Hmax=720,720,720,256,controlled,28368,31248,256,256,256,256,100,[],merged,2,1,6720,96848.35990285873,,100,,float32,native_horizon,192,,direct_full_horizon,98.17829241071429,98.17829241071429,5.77901378813244,0.5585775644587083,0.7934937301594952,1.059629894438244,9.311063283993668,9.908495971171119,0.6875190554910418,0.4009874064486216,0.3512401852559841,0.5585775644587083,0.7391127356907388,0.7557406840469186,-0.28005697216411723,0.3512401852559841,0.4569876225288572,0.768598902771824,-0.26318602841964645,Web/CloudOps,7
bizitobs_l2c/5T/short|H=192|L=512|Hsrc=controlled|Lsrc=controlled|origins=shared_origin_v1:Hmax=720,joint-scaling,release,standard_hl_shared_origin_v1,bizitobs_l2c/5T/short,Toto-2.0-2.5B,toto2,Toto-2.0-2.5B,2454.281792,2454.281792,192,controlled,shared_origin_v1:Hmax=720,720,720,512,controlled,28368,31248,512,512,256,256,100,[],merged,2,1,6720,96848.35990285873,,100,,float32,native_horizon,192,,direct_full_horizon,136.63013392857144,136.63013392857144,6.715968540736607,0.6321282595475597,0.884030241106313,1.0711475917271205,9.332276299696048,11.688889336826294,0.8110548947061117,0.46599971996446615,0.39556490610251116,0.6321282595475597,0.7391127356907388,0.8552528308916276,-0.1563581451133824,0.39556490610251116,0.4569876225288572,0.8655921661806772,-0.14434142109182804,Web/CloudOps,7
bizitobs_l2c/5T/short|H=192|L=1024|Hsrc=controlled|Lsrc=controlled|origins=shared_origin_v1:Hmax=720,joint-scaling,release,standard_hl_shared_origin_v1,bizitobs_l2c/5T/short,Toto-2.0-2.5B,toto2,Toto-2.0-2.5B,2454.281792,2454.281792,192,controlled,shared_origin_v1:Hmax=720,720,720,1024,controlled,28368,31248,1024,1024,256,256,100,[],merged,2,1,6720,96848.35990285873,,100,,float32,native_horizon,192,,direct_full_horizon,101.00091145833333,101.00091145833333,5.912287248883929,0.5718835663378063,0.8119039815957227,1.0611094156901042,7.958933378164968,10.049920967765534,0.6973320866881391,0.410234828471548,0.3514930016389741,0.5718835663378063,0.7391127356907388,0.7737433529721982,-0.25651504568621086,0.3514930016389741,0.4569876225288572,0.7691521264709495,-0.26246650528167054,Web/CloudOps,7
bizitobs_l2c/5T/short|H=192|L=2048|Hsrc=controlled|Lsrc=controlled|origins=shared_origin_v1:Hmax=720,joint-scaling,release,standard_hl_shared_origin_v1,bizitobs_l2c/5T/short,Toto-2.0-2.5B,toto2,Toto-2.0-2.5B,2454.281792,2454.281792,192,controlled,shared_origin_v1:Hmax=720,720,720,2048,controlled,28368,31248,2048,2048,256,256,100,[],merged,2,1,6720,96848.35990285873,,100,,float32,native_horizon,192,,direct_full_horizon,88.67334449404763,88.67334449404763,5.6044898623511905,0.5424449824533625,0.7590046874196741,1.0498148600260417,6.866965736016629,9.416652509997787,0.653391600339504,0.3888777457127418,0.32401933511752856,0.5424449824533625,0.7391127356907388,0.7339137269044889,-0.3093637955530492,0.32401933511752856,0.4569876225288572,0.7090330659821489,-0.34385311604505103,Web/CloudOps,7
bizitobs_l2c/5T/short|H=192|L=4096|Hsrc=controlled|Lsrc=controlled|origins=shared_origin_v1:Hmax=720,joint-scaling,release,standard_hl_shared_origin_v1,bizitobs_l2c/5T/short,Toto-2.0-2.5B,toto2,Toto-2.0-2.5B,2454.281792,2454.281792,192,controlled,shared_origin_v1:Hmax=720,720,720,4096,controlled,28368,31248,4096,4096,256,256,100,[],merged,2,1,6720,96848.35990285873,,100,,float32,native_horizon,192,,direct_full_horizon,65.2135974702381,65.2135974702381,4.734631057012649,0.4661768354509486,0.6330538794211392,1.0076957339332218,2.804392678159468,8.075493636319584,0.5603328470456189,0.32852100680938684,0.25533009813894375,0.4661768354509486,0.7391127356907388,0.6307249394306302,-0.4608854236325569,0.25533009813894375,0.4569876225288572,0.5587243188907606,-0.5820990958273902,Web/CloudOps,7
bizitobs_l2c/5T/short|H=336|L=128|Hsrc=controlled|Lsrc=controlled|origins=shared_origin_v1:Hmax=720,joint-scaling,release,standard_hl_shared_origin_v1,bizitobs_l2c/5T/short,Toto-2.0-2.5B,toto2,Toto-2.0-2.5B,2454.281792,2454.281792,336,controlled,shared_origin_v1:Hmax=720,720,720,128,controlled,28368,31248,128,128,256,256,100,[],merged,2,1,11760,177970.49996738136,,100,,float32,native_horizon,336,,direct_full_horizon,192.83928571428572,192.83928571428572,8.645007573341836,0.8076118679624575,1.2892165433188485,1.1504185267857143,15.403731954203353,13.886658551080087,0.9176077192042105,0.5712479825652752,0.5176246046788351,0.8076118679624575,0.9677479555394671,0.8345270721985226,-0.18089009518593388,0.5176246046788351,0.5559218172835492,0.9311104342120459,-0.07137738982239497,Web/CloudOps,7
bizitobs_l2c/5T/short|H=336|L=256|Hsrc=controlled|Lsrc=controlled|origins=shared_origin_v1:Hmax=720,joint-scaling,release,standard_hl_shared_origin_v1,bizitobs_l2c/5T/short,Toto-2.0-2.5B,toto2,Toto-2.0-2.5B,2454.281792,2454.281792,336,controlled,shared_origin_v1:Hmax=720,720,720,256,controlled,28368,31248,256,256,256,256,100,[],merged,2,1,11760,177970.49996738136,,100,,float32,native_horizon,336,,direct_full_horizon,192.83928571428572,192.83928571428572,8.645007573341836,0.8076118679624575,1.2892165433188485,1.1504185267857143,15.403731954203353,13.886658551080087,0.9176077192042105,0.5712479825652752,0.5176246046788351,0.8076118679624575,0.9677479555394671,0.8345270721985226,-0.18089009518593388,0.5176246046788351,0.5559218172835492,0.9311104342120459,-0.07137738982239497,Web/CloudOps,7
bizitobs_l2c/5T/short|H=336|L=512|Hsrc=controlled|Lsrc=controlled|origins=shared_origin_v1:Hmax=720,joint-scaling,release,standard_hl_shared_origin_v1,bizitobs_l2c/5T/short,Toto-2.0-2.5B,toto2,Toto-2.0-2.5B,2454.281792,2454.281792,336,controlled,shared_origin_v1:Hmax=720,720,720,512,controlled,28368,31248,512,512,256,256,100,[],merged,2,1,11760,177970.49996738136,,100,,float32,native_horizon,336,,direct_full_horizon,200.1983843537415,200.1983843537415,8.829972496811225,0.8279081841068137,1.3456517772270504,1.1490022620376275,17.874277747268614,14.149147831362194,0.934952582182532,0.5834701626479221,0.5298412393495261,0.8279081841068137,0.9677479555394671,0.8554998017487928,-0.15606941738715382,0.5298412393495261,0.5559218172835492,0.9530858888369178,-0.04805025469121133,Web/CloudOps,7
bizitobs_l2c/5T/short|H=336|L=1024|Hsrc=controlled|Lsrc=controlled|origins=shared_origin_v1:Hmax=720,joint-scaling,release,standard_hl_shared_origin_v1,bizitobs_l2c/5T/short,Toto-2.0-2.5B,toto2,Toto-2.0-2.5B,2454.281792,2454.281792,336,controlled,shared_origin_v1:Hmax=720,720,720,1024,controlled,28368,31248,1024,1024,256,256,100,[],merged,2,1,11760,177970.49996738136,,100,,float32,native_horizon,336,,direct_full_horizon,215.91033163265305,215.91033163265305,9.268840348639456,0.8763214687019871,1.433833196123031,1.1628237769717262,13.101110024805134,14.693887560229017,0.9709480938692888,0.6124698335958934,0.5347767430922246,0.8763214687019871,0.9677479555394671,0.9055265512945313,-0.09923867984169812,0.5347767430922246,0.5559218172835492,0.9619639425294592,-0.03877831079699894,Web/CloudOps,7
bizitobs_l2c/5T/short|H=336|L=2048|Hsrc=controlled|Lsrc=controlled|origins=shared_origin_v1:Hmax=720,joint-scaling,release,standard_hl_shared_origin_v1,bizitobs_l2c/5T/short,Toto-2.0-2.5B,toto2,Toto-2.0-2.5B,2454.281792,2454.281792,336,controlled,shared_origin_v1:Hmax=720,720,720,2048,controlled,28368,31248,2048,2048,256,256,100,[],merged,2,1,11760,177970.49996738136,,100,,float32,native_horizon,336,,direct_full_horizon,192.19653486394557,192.19653486394557,8.792077221513605,0.8193488342682886,1.2112165178571428,1.163623046875,11.02741799139445,13.863496487681077,0.9160772078800176,0.5809661047417989,0.4913942171645923,0.8193488342682886,0.9677479555394671,0.8466551952688404,-0.166461756624522,0.4913942171645923,0.5559218172835492,0.883926843464673,-0.12338097603066411,Web/CloudOps,7
bizitobs_l2c/5T/short|H=336|L=4096|Hsrc=controlled|Lsrc=controlled|origins=shared_origin_v1:Hmax=720,joint-scaling,release,standard_hl_shared_origin_v1,bizitobs_l2c/5T/short,Toto-2.0-2.5B,toto2,Toto-2.0-2.5B,2454.281792,2454.281792,336,controlled,shared_origin_v1:Hmax=720,720,720,4096,controlled,28368,31248,4096,4096,256,256,100,[],merged,2,1,11760,177970.49996738136,,100,,float32,native_horizon,336,,direct_full_horizon,100.5263924319728,100.5263924319728,6.370103900935374,0.603812596462763,0.8144551407183596,1.0472445325786566,3.861338734347839,10.026285076336737,0.6625205442437402,0.42092606296397456,0.3121706037894435,0.603812596462763,0.9677479555394671,0.6239358016790334,-0.4717077978300436,0.3121706037894435,0.5559218172835492,0.5615368817774248,-0.5770778225842277,Web/CloudOps,7
bizitobs_l2c/5T/short|H=720|L=128|Hsrc=controlled|Lsrc=controlled|origins=shared_origin_v1:Hmax=720,joint-scaling,release,standard_hl_shared_origin_v1,bizitobs_l2c/5T/short,Toto-2.0-2.5B,toto2,Toto-2.0-2.5B,2454.281792,2454.281792,720,controlled,shared_origin_v1:Hmax=720,720,720,128,controlled,28368,31248,128,128,256,256,100,[],merged,2,1,25200,448809.8099897355,,100,,float32,native_horizon,720,,direct_full_horizon,354.34535714285715,354.34535714285715,13.345120287698412,1.2502517741604575,0.9814160741017964,1.2742771887400794,27.06850843643674,18.8240632474197,1.056943015229158,0.7493085573545981,0.682843942471126,1.2502517741604575,1.4542830442928587,0.8597031912507713,-0.15116807575701574,0.682843942471126,0.648492126471023,1.0529718320360177,0.05161648259083336,Web/CloudOps,7
bizitobs_l2c/5T/short|H=720|L=256|Hsrc=controlled|Lsrc=controlled|origins=shared_origin_v1:Hmax=720,joint-scaling,release,standard_hl_shared_origin_v1,bizitobs_l2c/5T/short,Toto-2.0-2.5B,toto2,Toto-2.0-2.5B,2454.281792,2454.281792,720,controlled,shared_origin_v1:Hmax=720,720,720,256,controlled,28368,31248,256,256,256,256,100,[],merged,2,1,25200,448809.8099897355,,100,,float32,native_horizon,720,,direct_full_horizon,354.34535714285715,354.34535714285715,13.345120287698412,1.2502517741604575,0.9814160741017964,1.2742771887400794,27.06850843643674,18.8240632474197,1.056943015229158,0.7493085573545981,0.682843942471126,1.2502517741604575,1.4542830442928587,0.8597031912507713,-0.15116807575701574,0.682843942471126,0.648492126471023,1.0529718320360177,0.05161648259083336,Web/CloudOps,7
bizitobs_l2c/5T/short|H=720|L=512|Hsrc=controlled|Lsrc=controlled|origins=shared_origin_v1:Hmax=720,joint-scaling,release,standard_hl_shared_origin_v1,bizitobs_l2c/5T/short,Toto-2.0-2.5B,toto2,Toto-2.0-2.5B,2454.281792,2454.281792,720,controlled,shared_origin_v1:Hmax=720,720,720,512,controlled,28368,31248,512,512,256,256,100,[],merged,2,1,25200,448809.8099897355,,100,,float32,native_horizon,720,,direct_full_horizon,354.34535714285715,354.34535714285715,13.345120287698412,1.2502517741604575,0.9814160741017964,1.2742771887400794,27.06850843643674,18.8240632474197,1.056943015229158,0.7493085573545981,0.682843942471126,1.2502517741604575,1.4542830442928587,0.8597031912507713,-0.15116807575701574,0.682843942471126,0.648492126471023,1.0529718320360177,0.05161648259083336,Web/CloudOps,7
bizitobs_l2c/5T/short|H=720|L=1024|Hsrc=controlled|Lsrc=controlled|origins=shared_origin_v1:Hmax=720,joint-scaling,release,standard_hl_shared_origin_v1,bizitobs_l2c/5T/short,Toto-2.0-2.5B,toto2,Toto-2.0-2.5B,2454.281792,2454.281792,720,controlled,shared_origin_v1:Hmax=720,720,720,1024,controlled,28368,31248,1024,1024,256,256,100,[],merged,2,1,25200,448809.8099897355,,100,,float32,native_horizon,720,,direct_full_horizon,414.3464682539682,414.3464682539682,13.783720238095238,1.285328967576319,1.0780364494225834,1.2424777560763889,24.123001118463595,20.35550216167531,1.1429310212402655,0.7739352889990173,0.7043064732306301,1.285328967576319,1.4542830442928587,0.883823113128096,-0.1234983346382083,0.7043064732306301,0.648492126471023,1.086067886534473,0.08256373017909799,Web/CloudOps,7
bizitobs_l2c/5T/short|H=720|L=2048|Hsrc=controlled|Lsrc=controlled|origins=shared_origin_v1:Hmax=720,joint-scaling,release,standard_hl_shared_origin_v1,bizitobs_l2c/5T/short,Toto-2.0-2.5B,toto2,Toto-2.0-2.5B,2454.281792,2454.281792,720,controlled,shared_origin_v1:Hmax=720,720,720,2048,controlled,28368,31248,2048,2048,256,256,100,[],merged,2,1,25200,448809.8099897355,,100,,float32,native_horizon,720,,direct_full_horizon,448.16964285714283,448.16964285714283,15.58157242063492,1.4410374968004998,1.0125118722638755,1.4530780319940477,20.04379876941875,21.170017545036256,1.1886648425690933,0.8748820018193904,0.7529384988182352,1.4410374968004998,1.4542830442928587,0.9908920429593542,-0.009149688064214428,0.7529384988182352,0.648492126471023,1.1610603553748455,0.14933368704486064,Web/CloudOps,7
bizitobs_l2c/5T/short|H=720|L=4096|Hsrc=controlled|Lsrc=controlled|origins=shared_origin_v1:Hmax=720,joint-scaling,release,standard_hl_shared_origin_v1,bizitobs_l2c/5T/short,Toto-2.0-2.5B,toto2,Toto-2.0-2.5B,2454.281792,2454.281792,720,controlled,shared_origin_v1:Hmax=720,720,720,4096,controlled,28368,31248,4096,4096,256,256,100,[],merged,2,1,25200,448809.8099897355,,100,,float32,native_horizon,720,,direct_full_horizon,187.62751984126984,187.62751984126984,9.177291046626983,0.8554074710599755,0.7168737302181352,1.1553416418650793,4.682338219618436,13.697719512432347,0.7691064767973536,0.5152911750754494,0.35241841179286976,0.8554074710599755,1.4542830442928587,0.5881987515545264,-0.5306903753491491,0.35241841179286976,0.648492126471023,0.5434428536714349,-0.6098307229877583,Web/CloudOps,7
bizitobs_l2c/H/short|H=48|L=128|Hsrc=controlled|Lsrc=controlled|origins=shared_origin_v1:Hmax=720,joint-scaling,release,standard_hl_shared_origin_v1,bizitobs_l2c/H/short,Toto-2.0-2.5B,toto2,Toto-2.0-2.5B,2454.281792,2454.281792,48,controlled,shared_origin_v1:Hmax=720,720,720,128,controlled,1944,1944,128,128,256,256,100,[],merged,2,1,336,6586.944159589708,,100,,float32,native_horizon,48,,direct_full_horizon,97.5248790922619,97.5248790922619,7.470352899460566,0.8438802937958074,1.4970610413370253,0.5072459266299293,4.944483104681532,9.875468550517585,0.5037476184071056,0.3810626769265184,0.29511013890097426,0.8438802937958074,1.0508646017568088,0.8030342751911423,-0.21935788202209602,0.29511013890097426,0.38759898490519035,0.7613800613362298,-0.27262262222160466,Web/CloudOps,7
bizitobs_l2c/H/short|H=48|L=256|Hsrc=controlled|Lsrc=controlled|origins=shared_origin_v1:Hmax=720,joint-scaling,release,standard_hl_shared_origin_v1,bizitobs_l2c/H/short,Toto-2.0-2.5B,toto2,Toto-2.0-2.5B,2454.281792,2454.281792,48,controlled,shared_origin_v1:Hmax=720,720,720,256,controlled,1944,1944,256,256,256,256,100,[],merged,2,1,336,6586.944159589708,,100,,float32,native_horizon,48,,direct_full_horizon,101.95694986979167,101.95694986979167,7.358411516462054,0.8012723930635909,1.2286059222643888,0.5026318686349052,5.17753031630836,10.097373414398007,0.5150669847866235,0.3753525473465156,0.2917778229496144,0.8012723930635909,1.0508646017568088,0.7624887085586897,-0.2711675790578366,0.2917778229496144,0.38759898490519035,0.7527827324444244,-0.2839786287471232,Web/CloudOps,7
bizitobs_l2c/H/short|H=48|L=512|Hsrc=controlled|Lsrc=controlled|origins=shared_origin_v1:Hmax=720,joint-scaling,release,standard_hl_shared_origin_v1,bizitobs_l2c/H/short,Toto-2.0-2.5B,toto2,Toto-2.0-2.5B,2454.281792,2454.281792,48,controlled,shared_origin_v1:Hmax=720,720,720,512,controlled,1944,1944,512,512,256,256,100,[],merged,2,1,336,6586.944159589708,,100,,float32,native_horizon,48,,direct_full_horizon,72.06595284598214,72.06595284598214,6.039331345331101,0.6755570498912616,1.1008516142639933,0.45196183522542316,4.592470289466464,8.489166793389217,0.4330323703178997,0.30806627213880117,0.2404171679345938,0.6755570498912616,1.0508646017568088,0.6428583175814301,-0.4418309249318176,0.2404171679345938,0.38759898490519035,0.6202729555481206,-0.477595646940921,Web/CloudOps,7
bizitobs_l2c/H/short|H=48|L=1024|Hsrc=controlled|Lsrc=controlled|origins=shared_origin_v1:Hmax=720,joint-scaling,release,standard_hl_shared_origin_v1,bizitobs_l2c/H/short,Toto-2.0-2.5B,toto2,Toto-2.0-2.5B,2454.281792,2454.281792,48,controlled,shared_origin_v1:Hmax=720,720,720,1024,controlled,1944,1944,1024,1024,256,256,100,[],merged,2,1,336,6586.944159589708,,100,,float32,native_horizon,48,,direct_full_horizon,67.25022670200893,67.25022670200893,5.8013254801432295,0.6628097615746762,1.1374571595010878,0.43918841225760324,3.9062603539827485,8.20062355568215,0.4183137807078105,0.2959255937353416,0.2319552361619356,0.6628097615746762,1.0508646017568088,0.6307280314386912,-0.460880521336344,0.2319552361619356,0.38759898490519035,0.5984412890520692,-0.5134268556178567,Web/CloudOps,7
bizitobs_l2c/H/short|H=48|L=2048|Hsrc=controlled|Lsrc=controlled|origins=shared_origin_v1:Hmax=720,joint-scaling,release,standard_hl_shared_origin_v1,bizitobs_l2c/H/short,Toto-2.0-2.5B,toto2,Toto-2.0-2.5B,2454.281792,2454.281792,48,controlled,shared_origin_v1:Hmax=720,720,720,2048,controlled,1944,1944,1944,1944,256,256,100,[],merged,2,1,336,6586.944159589708,,100,,float32,native_horizon,48,,direct_full_horizon,73.94259207589286,73.94259207589286,6.021926516578311,0.676343480688826,1.2571034491816653,0.43635073162260507,3.9326778799333457,8.598987851828428,0.4386343421490793,0.30717845188114445,0.2413292319448346,0.676343480688826,1.0508646017568088,0.6436066830666216,-0.4406674800355625,0.2413292319448346,0.38759898490519035,0.6226260680323132,-0.47380915222005326,Web/CloudOps,7
bizitobs_l2c/H/short|H=48|L=4096|Hsrc=controlled|Lsrc=controlled|origins=shared_origin_v1:Hmax=720,joint-scaling,release,standard_hl_shared_origin_v1,bizitobs_l2c/H/short,Toto-2.0-2.5B,toto2,Toto-2.0-2.5B,2454.281792,2454.281792,48,controlled,shared_origin_v1:Hmax=720,720,720,4096,controlled,1944,1944,1944,1944,256,256,100,[],merged,2,1,336,6586.944159589708,,100,,float32,native_horizon,48,,direct_full_horizon,73.94259207589286,73.94259207589286,6.021927243187314,0.6763434999239553,1.2571036423308939,0.43635073162260507,3.9326769829099413,8.598987851828428,0.4386343421490793,0.3071784889454673,0.24132923915982948,0.6763434999239553,1.0508646017568088,0.6436067013707202,-0.44066745159568016,0.24132923915982948,0.38759898490519035,0.6226260866468999,-0.4738091223231579,Web/CloudOps,7
bizitobs_l2c/H/short|H=96|L=128|Hsrc=controlled|Lsrc=controlled|origins=shared_origin_v1:Hmax=720,joint-scaling,release,standard_hl_shared_origin_v1,bizitobs_l2c/H/short,Toto-2.0-2.5B,toto2,Toto-2.0-2.5B,2454.281792,2454.281792,96,controlled,shared_origin_v1:Hmax=720,720,720,128,controlled,1944,1944,128,128,256,256,100,[],merged,2,1,672,8627.715840272605,,100,,float32,native_horizon,96,,direct_full_horizon,268.7577427455357,268.7577427455357,12.743602934337797,1.2874831096051387,3.0303554492620566,1.0297422863188244,8.131768397851705,16.393832460579063,1.2768913136992053,0.9925803457621082,0.7453371923260765,1.2874831096051387,1.5614972218267393,0.8245183479090399,-0.19295588385344592,0.7453371923260765,0.856660679125936,0.8700494962445988,-0.13920517671663843,Web/CloudOps,7
bizitobs_l2c/H/short|H=96|L=256|Hsrc=controlled|Lsrc=controlled|origins=shared_origin_v1:Hmax=720,joint-scaling,release,standard_hl_shared_origin_v1,bizitobs_l2c/H/short,Toto-2.0-2.5B,toto2,Toto-2.0-2.5B,2454.281792,2454.281792,96,controlled,shared_origin_v1:Hmax=720,720,720,256,controlled,1944,1944,256,256,256,256,100,[],merged,2,1,672,8627.715840272605,,100,,float32,native_horizon,96,,direct_full_horizon,332.4361514136905,332.4361514136905,13.799798874627976,1.386669734915828,3.203853091220898,1.020272663661412,11.195950084892877,18.23283168939182,1.4201282381228921,1.0748458822047842,0.9039776175932988,1.386669734915828,1.5614972218267393,0.8880385539806551,-0.11874012028756034,0.9039776175932988,0.856660679125936,1.0552341663628602,0.05376270093663789,Web/CloudOps,7
bizitobs_l2c/H/short|H=96|L=512|Hsrc=controlled|Lsrc=controlled|origins=shared_origin_v1:Hmax=720,joint-scaling,release,standard_hl_shared_origin_v1,bizitobs_l2c/H/short,Toto-2.0-2.5B,toto2,Toto-2.0-2.5B,2454.281792,2454.281792,96,controlled,shared_origin_v1:Hmax=720,720,720,512,controlled,1944,1944,512,512,256,256,100,[],merged,2,1,672,8627.715840272605,,100,,float32,native_horizon,96,,direct_full_horizon,69.18217540922619,69.18217540922619,4.747915722074962,0.5189965893304619,0.9535542760878604,1.0005583990187872,4.190625875286092,8.317582305527623,0.6478441586154461,0.36980811889297954,0.2960203568407953,0.5189965893304619,1.5614972218267393,0.33237112565804405,-1.101503086025307,0.2960203568407953,0.856660679125936,0.3455514698571544,-1.0626136747794805,Web/CloudOps,7
bizitobs_l2c/H/short|H=96|L=1024|Hsrc=controlled|Lsrc=controlled|origins=shared_origin_v1:Hmax=720,joint-scaling,release,standard_hl_shared_origin_v1,bizitobs_l2c/H/short,Toto-2.0-2.5B,toto2,Toto-2.0-2.5B,2454.281792,2454.281792,96,controlled,shared_origin_v1:Hmax=720,720,720,1024,controlled,1944,1944,1024,1024,256,256,100,[],merged,2,1,672,8627.715840272605,,100,,float32,native_horizon,96,,direct_full_horizon,61.631615048363095,61.631615048363095,4.424745832170759,0.49482619651880505,0.959627409467676,0.9814640226818266,3.496554659788593,7.850580554861092,0.6114700843809854,0.34463689512574397,0.27163944394445,0.49482619651880505,1.5614972218267393,0.31689214018576717,-1.1491938147835414,0.27163944394445,0.856660679125936,0.31709106133085024,-1.1485662866372592,Web/CloudOps,7
bizitobs_l2c/H/short|H=96|L=2048|Hsrc=controlled|Lsrc=controlled|origins=shared_origin_v1:Hmax=720,joint-scaling,release,standard_hl_shared_origin_v1,bizitobs_l2c/H/short,Toto-2.0-2.5B,toto2,Toto-2.0-2.5B,2454.281792,2454.281792,96,controlled,shared_origin_v1:Hmax=720,720,720,2048,controlled,1944,1944,1944,1944,256,256,100,[],merged,2,1,672,8627.715840272605,,100,,float32,native_horizon,96,,direct_full_horizon,62.91000511532738,62.91000511532738,4.473212105887277,0.49110575891020064,1.0575745576236835,1.0159221830822172,3.432945093718433,7.931582762307116,0.6177792262687655,0.34841186135556257,0.2757170202917188,0.49110575891020064,1.5614972218267393,0.31450953101003515,-1.1567408980225065,0.2757170202917188,0.856660679125936,0.321850911346879,-1.1336668488986474,Web/CloudOps,7
bizitobs_l2c/H/short|H=96|L=4096|Hsrc=controlled|Lsrc=controlled|origins=shared_origin_v1:Hmax=720,joint-scaling,release,standard_hl_shared_origin_v1,bizitobs_l2c/H/short,Toto-2.0-2.5B,toto2,Toto-2.0-2.5B,2454.281792,2454.281792,96,controlled,shared_origin_v1:Hmax=720,720,720,4096,controlled,1944,1944,1944,1944,256,256,100,[],merged,2,1,672,8627.715840272605,,100,,float32,native_horizon,96,,direct_full_horizon,62.9100341796875,62.9100341796875,4.47321283249628,0.4911058286939794,1.057574489957213,1.0159221830822172,3.4329459821877557,7.931584594498599,0.6177793689754446,0.34841191795006093,0.27571708017282487,0.4911058286939794,1.5614972218267393,0.31450957570033483,-1.1567407559273006,0.27571708017282487,0.856660679125936,0.3218509812474914,-1.1336666317154662,Web/CloudOps,7
bizitobs_l2c/H/short|H=192|L=128|Hsrc=controlled|Lsrc=controlled|origins=shared_origin_v1:Hmax=720,joint-scaling,release,standard_hl_shared_origin_v1,bizitobs_l2c/H/short,Toto-2.0-2.5B,toto2,Toto-2.0-2.5B,2454.281792,2454.281792,192,controlled,shared_origin_v1:Hmax=720,720,720,128,controlled,1944,1944,128,128,256,256,100,[],merged,2,1,1344,22188.21000327915,,100,,float32,native_horizon,192,,direct_full_horizon,328.6783389136905,328.6783389136905,13.892627534412203,1.497912101688915,2.8018174149061035,0.8896586100260416,11.32971641205541,18.129488104016904,1.0981522172450016,0.8415140925514293,0.7032731484083523,1.497912101688915,1.4056832067668206,1.0656114368288059,0.06354875350615727,0.7032731484083523,0.6716249132023688,1.0471218898880357,0.04604534334349408,Web/CloudOps,7
bizitobs_l2c/H/short|H=192|L=256|Hsrc=controlled|Lsrc=controlled|origins=shared_origin_v1:Hmax=720,joint-scaling,release,standard_hl_shared_origin_v1,bizitobs_l2c/H/short,Toto-2.0-2.5B,toto2,Toto-2.0-2.5B,2454.281792,2454.281792,192,controlled,shared_origin_v1:Hmax=720,720,720,256,controlled,1944,1944,256,256,256,256,100,[],merged,2,1,1344,22188.21000327915,,100,,float32,native_horizon,192,,direct_full_horizon,392.8606770833333,392.8606770833333,14.068904331752233,1.3980291842601633,1.665943185152582,1.2050879342215401,8.584888828251039,19.82071333437153,1.2005943119097218,0.8521916557974049,0.6290078961598305,1.3980291842601633,1.4056832067668206,0.9945549449052166,-0.005459933440796782,0.6290078961598305,0.6716249132023688,0.9365464023075969,-0.0655562096788277,Web/CloudOps,7
bizitobs_l2c/H/short|H=192|L=512|Hsrc=controlled|Lsrc=controlled|origins=shared_origin_v1:Hmax=720,joint-scaling,release,standard_hl_shared_origin_v1,bizitobs_l2c/H/short,Toto-2.0-2.5B,toto2,Toto-2.0-2.5B,2454.281792,2454.281792,192,controlled,shared_origin_v1:Hmax=720,720,720,512,controlled,1944,1944,512,512,256,256,100,[],merged,2,1,1344,22188.21000327915,,100,,float32,native_horizon,192,,direct_full_horizon,119.00682431175595,119.00682431175595,6.459546043759301,0.7011792530039186,0.7347066530039613,0.8154411315917969,6.242499338562184,10.909024901967909,0.6607891968787949,0.39127220634424587,0.3189614863592602,0.7011792530039186,1.4056832067668206,0.4988174075271802,-0.6955151669736971,0.3189614863592602,0.6716249132023688,0.4749101471510679,-0.7446296567337303,Web/CloudOps,7
bizitobs_l2c/H/short|H=192|L=1024|Hsrc=controlled|Lsrc=controlled|origins=shared_origin_v1:Hmax=720,joint-scaling,release,standard_hl_shared_origin_v1,bizitobs_l2c/H/short,Toto-2.0-2.5B,toto2,Toto-2.0-2.5B,2454.281792,2454.281792,192,controlled,shared_origin_v1:Hmax=720,720,720,1024,controlled,1944,1944,1024,1024,256,256,100,[],merged,2,1,1344,22188.21000327915,,100,,float32,native_horizon,192,,direct_full_horizon,104.99512881324405,104.99512881324405,5.888726007370722,0.6504165917283689,0.7437097683758803,0.7706958225795201,5.998214157802498,10.246713073627271,0.6206711748680844,0.35669609007380904,0.2873011992718705,0.6504165917283689,1.4056832067668206,0.462704959835422,-0.7706656637935421,0.2873011992718705,0.6716249132023688,0.4277703128997883,-0.8491688795529172,Web/CloudOps,7
bizitobs_l2c/H/short|H=192|L=2048|Hsrc=controlled|Lsrc=controlled|origins=shared_origin_v1:Hmax=720,joint-scaling,release,standard_hl_shared_origin_v1,bizitobs_l2c/H/short,Toto-2.0-2.5B,toto2,Toto-2.0-2.5B,2454.281792,2454.281792,192,controlled,shared_origin_v1:Hmax=720,720,720,2048,controlled,1944,1944,1944,1944,256,256,100,[],merged,2,1,1344,22188.21000327915,,100,,float32,native_horizon,192,,direct_full_horizon,100.87134951636905,100.87134951636905,5.8743402390252974,0.6511496804402893,0.803600673048709,0.7881679534912109,5.917012944579067,10.043472980815404,0.6083603717569376,0.3558247051061441,0.28635862517861854,0.6511496804402893,1.4056832067668206,0.46322647756316565,-0.769539192087696,0.28635862517861854,0.6716249132023688,0.4263668895384397,-0.8524550603217781,Web/CloudOps,7
bizitobs_l2c/H/short|H=192|L=4096|Hsrc=controlled|Lsrc=controlled|origins=shared_origin_v1:Hmax=720,joint-scaling,release,standard_hl_shared_origin_v1,bizitobs_l2c/H/short,Toto-2.0-2.5B,toto2,Toto-2.0-2.5B,2454.281792,2454.281792,192,controlled,shared_origin_v1:Hmax=720,720,720,4096,controlled,1944,1944,1944,1944,256,256,100,[],merged,2,1,1344,22188.21000327915,,100,,float32,native_horizon,192,,direct_full_horizon,101.04667736235119,101.04667736235119,5.870656331380208,0.650044259694439,0.7944311867297535,0.7881142752511161,5.9293723618520815,10.0521976384446,0.6088888479094485,0.35560156083834293,0.2850852588419717,0.650044259694439,1.4056832067668206,0.46244008362993166,-0.7712382793300977,0.2850852588419717,0.6716249132023688,0.424470940904588,-0.8569117304511727,Web/CloudOps,7
bizitobs_l2c/H/short|H=336|L=128|Hsrc=controlled|Lsrc=controlled|origins=shared_origin_v1:Hmax=720,joint-scaling,release,standard_hl_shared_origin_v1,bizitobs_l2c/H/short,Toto-2.0-2.5B,toto2,Toto-2.0-2.5B,2454.281792,2454.281792,336,controlled,shared_origin_v1:Hmax=720,720,720,128,controlled,1944,1944,128,128,256,256,100,[],merged,2,1,2352,34637.90584325045,,100,,float32,native_horizon,336,,direct_full_horizon,355.41177721088434,355.41177721088434,14.715762183779763,1.5627394937342758,3.2906750285877644,0.9828857629477572,15.684314333823687,18.85236794704804,1.2801226959884828,0.9992368710995384,0.849421137849578,1.5627394937342758,1.4724422034928037,1.061324845231464,0.05951798169862653,0.849421137849578,0.8512860008308335,0.9978093578662923,-0.0021930451001878045,Web/CloudOps,7
bizitobs_l2c/H/short|H=336|L=256|Hsrc=controlled|Lsrc=controlled|origins=shared_origin_v1:Hmax=720,joint-scaling,release,standard_hl_shared_origin_v1,bizitobs_l2c/H/short,Toto-2.0-2.5B,toto2,Toto-2.0-2.5B,2454.281792,2454.281792,336,controlled,shared_origin_v1:Hmax=720,720,720,256,controlled,1944,1944,256,256,256,256,100,[],merged,2,1,2352,34637.90584325045,,100,,float32,native_horizon,336,,direct_full_horizon,355.41177721088434,355.41177721088434,14.715762183779763,1.5627394937342758,3.2906750285877644,0.9828857629477572,15.684314333823687,18.85236794704804,1.2801226959884828,0.9992368710995384,0.849421137849578,1.5627394937342758,1.4724422034928037,1.061324845231464,0.05951798169862653,0.849421137849578,0.8512860008308335,0.9978093578662923,-0.0021930451001878045,Web/CloudOps,7
bizitobs_l2c/H/short|H=336|L=512|Hsrc=controlled|Lsrc=controlled|origins=shared_origin_v1:Hmax=720,joint-scaling,release,standard_hl_shared_origin_v1,bizitobs_l2c/H/short,Toto-2.0-2.5B,toto2,Toto-2.0-2.5B,2454.281792,2454.281792,336,controlled,shared_origin_v1:Hmax=720,720,720,512,controlled,1944,1944,512,512,256,256,100,[],merged,2,1,2352,34637.90584325045,,100,,float32,native_horizon,336,,direct_full_horizon,335.7279443027211,335.7279443027211,13.609903971354166,1.381015992103859,2.3135263956635934,1.1261858258928572,13.061564676733719,18.32288034951713,1.2441691705349407,0.9241463466493766,0.7749061866398101,1.381015992103859,1.4724422034928037,0.9379084549654505,-0.06410293072437093,0.7749061866398101,0.8512860008308335,0.910277140565593,-0.09400617576512077,Web/CloudOps,7
bizitobs_l2c/H/short|H=336|L=1024|Hsrc=controlled|Lsrc=controlled|origins=shared_origin_v1:Hmax=720,joint-scaling,release,standard_hl_shared_origin_v1,bizitobs_l2c/H/short,Toto-2.0-2.5B,toto2,Toto-2.0-2.5B,2454.281792,2454.281792,336,controlled,shared_origin_v1:Hmax=720,720,720,1024,controlled,1944,1944,1024,1024,256,256,100,[],merged,2,1,2352,34637.90584325045,,100,,float32,native_horizon,336,,direct_full_horizon,84.54960538903062,84.54960538903062,5.292430644132653,0.5697038472950646,0.7931140618299742,0.8404620423608896,4.782099751289567,9.195085937011715,0.6243692162488444,0.35936921046355863,0.2873306773520138,0.5697038472950646,1.4724422034928037,0.3869108382954937,-0.9495610044979778,0.2873306773520138,0.8512860008308335,0.33752543454442613,-1.0861144098959818,Web/CloudOps,7
bizitobs_l2c/H/short|H=336|L=2048|Hsrc=controlled|Lsrc=controlled|origins=shared_origin_v1:Hmax=720,joint-scaling,release,standard_hl_shared_origin_v1,bizitobs_l2c/H/short,Toto-2.0-2.5B,toto2,Toto-2.0-2.5B,2454.281792,2454.281792,336,controlled,shared_origin_v1:Hmax=720,720,720,2048,controlled,1944,1944,1944,1944,256,256,100,[],merged,2,1,2352,34637.90584325045,,100,,float32,native_horizon,336,,direct_full_horizon,81.76955117984694,81.76955117984694,5.200414540816326,0.5637481891007964,0.8258037796151372,0.8423421431560906,4.750699512721664,9.042651778092914,0.6140185575398716,0.35312108807476905,0.2815220751599961,0.5637481891007964,1.4724422034928037,0.382866089931082,-0.9600699855826287,0.2815220751599961,0.8512860008308335,0.33070210820480744,-1.1065372840379715,Web/CloudOps,7
bizitobs_l2c/H/short|H=336|L=4096|Hsrc=controlled|Lsrc=controlled|origins=shared_origin_v1:Hmax=720,joint-scaling,release,standard_hl_shared_origin_v1,bizitobs_l2c/H/short,Toto-2.0-2.5B,toto2,Toto-2.0-2.5B,2454.281792,2454.281792,336,controlled,shared_origin_v1:Hmax=720,720,720,4096,controlled,1944,1944,1944,1944,256,256,100,[],merged,2,1,2352,34637.90584325045,,100,,float32,native_horizon,336,,direct_full_horizon,81.03481079931973,81.03481079931973,5.188405977625425,0.5625135704882288,0.8258948612376715,0.8437455884453391,4.512083288758392,9.001933725556956,0.6112537004495509,0.35230567675190166,0.2785351173762239,0.5625135704882288,1.4724422034928037,0.382027606349425,-0.962262405056331,0.2785351173762239,0.8512860008308335,0.32719334877394984,-1.1172040021681329,Web/CloudOps,7
bizitobs_l2c/H/short|H=720|L=128|Hsrc=controlled|Lsrc=controlled|origins=shared_origin_v1:Hmax=720,joint-scaling,release,standard_hl_shared_origin_v1,bizitobs_l2c/H/short,Toto-2.0-2.5B,toto2,Toto-2.0-2.5B,2454.281792,2454.281792,720,controlled,shared_origin_v1:Hmax=720,720,720,128,controlled,1944,1944,128,128,256,256,100,[],merged,2,1,5040,82510.83089736104,,100,,float32,native_horizon,720,,direct_full_horizon,338.86071428571427,338.86071428571427,14.273054625496032,1.4918519522859628,2.6802039659711387,0.9154091486855159,25.095205979870755,18.408169770124196,1.1244242074938704,0.8718394243536911,0.8106722673861361,1.4918519522859628,1.4260541522843406,1.0461397625722861,0.0451069729427733,0.8106722673861361,0.9410651274656231,0.8614411943723308,-0.14914848492336255,Web/CloudOps,7
bizitobs_l2c/H/short|H=720|L=256|Hsrc=controlled|Lsrc=controlled|origins=shared_origin_v1:Hmax=720,joint-scaling,release,standard_hl_shared_origin_v1,bizitobs_l2c/H/short,Toto-2.0-2.5B,toto2,Toto-2.0-2.5B,2454.281792,2454.281792,720,controlled,shared_origin_v1:Hmax=720,720,720,256,controlled,1944,1944,256,256,256,256,100,[],merged,2,1,5040,82510.83089736104,,100,,float32,native_horizon,720,,direct_full_horizon,338.86071428571427,338.86071428571427,14.273054625496032,1.4918519522859628,2.6802039659711387,0.9154091486855159,25.095205979870755,18.408169770124196,1.1244242074938704,0.8718394243536911,0.8106722673861361,1.4918519522859628,1.4260541522843406,1.0461397625722861,0.0451069729427733,0.8106722673861361,0.9410651274656231,0.8614411943723308,-0.14914848492336255,Web/CloudOps,7
bizitobs_l2c/H/short|H=720|L=512|Hsrc=controlled|Lsrc=controlled|origins=shared_origin_v1:Hmax=720,joint-scaling,release,standard_hl_shared_origin_v1,bizitobs_l2c/H/short,Toto-2.0-2.5B,toto2,Toto-2.0-2.5B,2454.281792,2454.281792,720,controlled,shared_origin_v1:Hmax=720,720,720,512,controlled,1944,1944,512,512,256,256,100,[],merged,2,1,5040,82510.83089736104,,100,,float32,native_horizon,720,,direct_full_horizon,338.86071428571427,338.86071428571427,14.273054625496032,1.4918519522859628,2.6802039659711387,0.9154091486855159,25.095205979870755,18.408169770124196,1.1244242074938704,0.8718394243536911,0.8106722673861361,1.4918519522859628,1.4260541522843406,1.0461397625722861,0.0451069729427733,0.8106722673861361,0.9410651274656231,0.8614411943723308,-0.14914848492336255,Web/CloudOps,7
bizitobs_l2c/H/short|H=720|L=1024|Hsrc=controlled|Lsrc=controlled|origins=shared_origin_v1:Hmax=720,joint-scaling,release,standard_hl_shared_origin_v1,bizitobs_l2c/H/short,Toto-2.0-2.5B,toto2,Toto-2.0-2.5B,2454.281792,2454.281792,720,controlled,shared_origin_v1:Hmax=720,720,720,1024,controlled,1944,1944,1024,1024,256,256,100,[],merged,2,1,5040,82510.83089736104,,100,,float32,native_horizon,720,,direct_full_horizon,199.62491319444445,199.62491319444445,9.823028273809523,1.0141646145181407,1.0492831432007281,0.9860792371961805,5.836675584881364,14.12886807902333,0.8630320934091466,0.6000189546216704,0.45021139267149013,1.0141646145181407,1.4260541522843406,0.7111683752637232,-0.3408460624981648,0.45021139267149013,0.9410651274656231,0.4784062011562917,-0.7372951141465064,Web/CloudOps,7
bizitobs_l2c/H/short|H=720|L=2048|Hsrc=controlled|Lsrc=controlled|origins=shared_origin_v1:Hmax=720,joint-scaling,release,standard_hl_shared_origin_v1,bizitobs_l2c/H/short,Toto-2.0-2.5B,toto2,Toto-2.0-2.5B,2454.281792,2454.281792,720,controlled,shared_origin_v1:Hmax=720,720,720,2048,controlled,1944,1944,1944,1944,256,256,100,[],merged,2,1,5040,82510.83089736104,,100,,float32,native_horizon,720,,direct_full_horizon,89.4016617063492,89.4016617063492,5.317245628720238,0.5638262137499765,0.5848540386927977,0.7752584790426588,4.7613513602198205,9.455245195464219,0.5775537013367272,0.3247927293579965,0.26370137659733495,0.5638262137499765,1.4260541522843406,0.39537503736923685,-0.9279205028403961,0.26370137659733495,0.9410651274656231,0.28021586275065524,-1.2721950344380484,Web/CloudOps,7
bizitobs_l2c/H/short|H=720|L=4096|Hsrc=controlled|Lsrc=controlled|origins=shared_origin_v1:Hmax=720,joint-scaling,release,standard_hl_shared_origin_v1,bizitobs_l2c/H/short,Toto-2.0-2.5B,toto2,Toto-2.0-2.5B,2454.281792,2454.281792,720,controlled,shared_origin_v1:Hmax=720,720,720,4096,controlled,1944,1944,1944,1944,256,256,100,[],merged,2,1,5040,82510.83089736104,,100,,float32,native_horizon,720,,direct_full_horizon,83.7250248015873,83.7250248015873,5.177896360367064,0.5528996116991288,0.5979405094172517,0.7735036698598711,4.617970458466839,9.150137966259706,0.5589168700448013,0.31628087334028593,0.2551217731514163,0.5528996116991288,1.4260541522843406,0.3877129145575997,-0.947490124162081,0.2551217731514163,0.9410651274656231,0.27109895554039204,-1.3052713751577827,Web/CloudOps,7
electricity/15T/short|H=48|L=128|Hsrc=controlled|Lsrc=controlled|origins=shared_origin_v1:Hmax=720,joint-scaling,release,standard_hl_shared_origin_v1,electricity/15T/short,Toto-2.0-2.5B,toto2,Toto-2.0-2.5B,2454.281792,2454.281792,48,controlled,shared_origin_v1:Hmax=720,720,720,128,controlled,125856,139536,128,128,256,256,100,[],merged,2,370,355200,225501006.4677921,,100,,float32,native_horizon,48,,direct_full_horizon,1166867.7264132884,1166867.7264132884,123.41091493348817,1.994534556602589,0.26984582748088604,0.262651718758248,15.790469546950577,1080.2165183023671,1.7015130589042538,0.19439184627602074,0.15267901911656154,1.994534556602589,1.0560089751972532,1.888747731741605,0.6359140336731077,0.15267901911656154,0.09051464705745935,1.6867879849284482,0.5228261198677733,Energy,1
electricity/15T/short|H=48|L=256|Hsrc=controlled|Lsrc=controlled|origins=shared_origin_v1:Hmax=720,joint-scaling,release,standard_hl_shared_origin_v1,electricity/15T/short,Toto-2.0-2.5B,toto2,Toto-2.0-2.5B,2454.281792,2454.281792,48,controlled,shared_origin_v1:Hmax=720,720,720,256,controlled,125856,139536,256,256,256,256,100,[],merged,2,370,355200,225501006.4677921,,100,,float32,native_horizon,48,,direct_full_horizon,247091.07012528152,247091.07012528152,55.667241320910755,0.9215384043294653,0.13812199690999383,0.14685344747594886,8.816397184130528,497.08255866131685,0.7829841986169496,0.08768477102123995,0.072209315693204,0.9215384043294653,1.0560089751972532,0.8726615265342135,-0.13620751134188888,0.072209315693204,0.09051464705745935,0.7977638762416541,-0.22594261975174115,Energy,1
electricity/15T/short|H=48|L=512|Hsrc=controlled|Lsrc=controlled|origins=shared_origin_v1:Hmax=720,joint-scaling,release,standard_hl_shared_origin_v1,electricity/15T/short,Toto-2.0-2.5B,toto2,Toto-2.0-2.5B,2454.281792,2454.281792,48,controlled,shared_origin_v1:Hmax=720,720,720,512,controlled,125856,139536,512,512,256,256,100,[],merged,2,370,355200,225501006.4677921,,100,,float32,native_horizon,48,,direct_full_horizon,221166.93480996622,221166.93480996622,51.40295810458896,0.844863354856417,0.12546072428431695,0.13552135587812544,7.778033264918988,470.2838874658223,0.7407720233466843,0.08096784579698896,0.06529111875649198,0.844863354856417,1.0560089751972532,0.8000531952852047,-0.223077059418339,0.06529111875649198,0.09051464705745935,0.7213320813707057,-0.3266556633082472,Energy,1
electricity/15T/short|H=48|L=1024|Hsrc=controlled|Lsrc=controlled|origins=shared_origin_v1:Hmax=720,joint-scaling,release,standard_hl_shared_origin_v1,electricity/15T/short,Toto-2.0-2.5B,toto2,Toto-2.0-2.5B,2454.281792,2454.281792,48,controlled,shared_origin_v1:Hmax=720,720,720,1024,controlled,125856,139536,1024,1024,256,256,100,[],merged,2,370,355200,225501006.4677921,,100,,float32,native_horizon,48,,direct_full_horizon,192023.4495632742,192023.4495632742,46.134886287654844,0.7487515343980728,0.10741871546913137,0.11833772813951647,6.899437997774808,438.20480321794076,0.6902423565246651,0.07266979365662185,0.05871737971860262,0.7487515343980728,1.0560089751972532,0.7090389873421413,-0.34384476476278913,0.05871737971860262,0.09051464705745935,0.6487058352150278,-0.43277592355920663,Energy,1
electricity/15T/short|H=48|L=2048|Hsrc=controlled|Lsrc=controlled|origins=shared_origin_v1:Hmax=720,joint-scaling,release,standard_hl_shared_origin_v1,electricity/15T/short,Toto-2.0-2.5B,toto2,Toto-2.0-2.5B,2454.281792,2454.281792,48,controlled,shared_origin_v1:Hmax=720,720,720,2048,controlled,125856,139536,2048,2048,256,256,100,[],merged,2,370,355200,225501006.4677921,,100,,float32,native_horizon,48,,direct_full_horizon,179113.04093046172,179113.04093046172,43.65164530986064,0.7055460006560819,0.09446498323888218,0.11160166353792758,6.543004037687083,423.217486560352,0.666634945807694,0.06875829361886711,0.055487502504601736,0.7055460006560819,1.0560089751972532,0.6681250038848316,-0.40327999138829923,0.055487502504601736,0.09051464705745935,0.6130223594572254,-0.4893538682507388,Energy,1
electricity/15T/short|H=48|L=4096|Hsrc=controlled|Lsrc=controlled|origins=shared_origin_v1:Hmax=720,joint-scaling,release,standard_hl_shared_origin_v1,electricity/15T/short,Toto-2.0-2.5B,toto2,Toto-2.0-2.5B,2454.281792,2454.281792,48,controlled,shared_origin_v1:Hmax=720,720,720,4096,controlled,125856,139536,4096,4096,256,256,100,[],merged,2,370,355200,225501006.4677921,,100,,float32,native_horizon,48,,direct_full_horizon,174413.7913151042,174413.7913151042,43.33941768062007,0.6934237682826021,0.09252375163469208,0.10968624029073629,6.447295048249,417.6287721351394,0.657831830491581,0.06826648537533232,0.05498690311301661,0.6934237682826021,1.0560089751972532,0.6566457147327527,-0.42061065292558186,0.05498690311301661,0.09051464705745935,0.6074917695708466,-0.49841665189073714,Energy,1
electricity/15T/short|H=96|L=128|Hsrc=controlled|Lsrc=controlled|origins=shared_origin_v1:Hmax=720,joint-scaling,release,standard_hl_shared_origin_v1,electricity/15T/short,Toto-2.0-2.5B,toto2,Toto-2.0-2.5B,2454.281792,2454.281792,96,controlled,shared_origin_v1:Hmax=720,720,720,128,controlled,125856,139536,128,128,256,256,100,[],merged,2,370,710400,449541917.5210018,,100,,float32,native_horizon,96,,direct_full_horizon,4261395.979743807,4261395.979743807,210.5711258621903,2.788031377820593,0.4063480005210029,0.34238891876495636,24.546911604576525,2064.3148935527756,3.262185890176482,0.33276035444572627,0.2493248121080311,2.788031377820593,1.0749568648612153,2.5936216316740746,0.9530552123693651,0.2493248121080311,0.09292762757833782,2.682999863499697,0.9869355205674878,Energy,1
electricity/15T/short|H=96|L=256|Hsrc=controlled|Lsrc=controlled|origins=shared_origin_v1:Hmax=720,joint-scaling,release,standard_hl_shared_origin_v1,electricity/15T/short,Toto-2.0-2.5B,toto2,Toto-2.0-2.5B,2454.281792,2454.281792,96,controlled,shared_origin_v1:Hmax=720,720,720,256,controlled,125856,139536,256,256,256,256,100,[],merged,2,370,710400,449541917.5210018,,100,,float32,native_horizon,96,,direct_full_horizon,283162.8418778154,283162.8418778154,64.61293778153153,1.0736502007873607,0.16998683623269067,0.17057099955143193,11.341143235938251,532.1304744870523,0.8409126587354143,0.10210623127898986,0.08773165196756626,1.0736502007873607,1.0749568648612153,0.9987844497611322,-0.0012162896192894725,0.08773165196756626,0.09292762757833782,0.9440857821707397,-0.057538246021570275,Energy,1
electricity/15T/short|H=96|L=512|Hsrc=controlled|Lsrc=controlled|origins=shared_origin_v1:Hmax=720,joint-scaling,release,standard_hl_shared_origin_v1,electricity/15T/short,Toto-2.0-2.5B,toto2,Toto-2.0-2.5B,2454.281792,2454.281792,96,controlled,shared_origin_v1:Hmax=720,720,720,512,controlled,125856,139536,512,512,256,256,100,[],merged,2,370,710400,449541917.5210018,,100,,float32,native_horizon,96,,direct_full_horizon,245107.70806095158,245107.70806095158,58.51693616712416,0.968742084740726,0.15429377369604647,0.1560070360888232,9.49205309141259,495.08353644708444,0.7823682966685251,0.09247287034402726,0.07495152602777784,0.968742084740726,1.0749568648612153,0.9011915886185792,-0.104037404002249,0.07495152602777784,0.09292762757833782,0.8065580493227791,-0.21497940716544653,Energy,1
electricity/15T/short|H=96|L=1024|Hsrc=controlled|Lsrc=controlled|origins=shared_origin_v1:Hmax=720,joint-scaling,release,standard_hl_shared_origin_v1,electricity/15T/short,Toto-2.0-2.5B,toto2,Toto-2.0-2.5B,2454.281792,2454.281792,96,controlled,shared_origin_v1:Hmax=720,720,720,1024,controlled,125856,139536,1024,1024,256,256,100,[],merged,2,370,710400,449541917.5210018,,100,,float32,native_horizon,96,,direct_full_horizon,235265.05650513794,235265.05650513794,53.4837696192286,0.8532748990870899,0.13288720640482488,0.13500881590284744,8.565419604607232,485.04129360822253,0.7664987880984057,0.0845190814396634,0.0685273473501624,0.8532748990870899,1.0749568648612153,0.7937759429977256,-0.23095404521772617,0.0685273473501624,0.09292762757833782,0.7374270616388433,-0.3045880951317923,Energy,1
electricity/15T/short|H=96|L=2048|Hsrc=controlled|Lsrc=controlled|origins=shared_origin_v1:Hmax=720,joint-scaling,release,standard_hl_shared_origin_v1,electricity/15T/short,Toto-2.0-2.5B,toto2,Toto-2.0-2.5B,2454.281792,2454.281792,96,controlled,shared_origin_v1:Hmax=720,720,720,2048,controlled,125856,139536,2048,2048,256,256,100,[],merged,2,370,710400,449541917.5210018,,100,,float32,native_horizon,96,,direct_full_horizon,223449.51649950733,223449.51649950733,50.48523985166808,0.7929038785074054,0.11011992305370362,0.12412025279826946,8.15485810784521,472.70447057279597,0.7470032110614598,0.079780578835453,0.06456964424431516,0.7929038785074054,1.0749568648612153,0.737614600572624,-0.30433381223308426,0.06456964424431516,0.09292762757833782,0.6948379715158775,-0.364076595106948,Energy,1
electricity/15T/short|H=96|L=4096|Hsrc=controlled|Lsrc=controlled|origins=shared_origin_v1:Hmax=720,joint-scaling,release,standard_hl_shared_origin_v1,electricity/15T/short,Toto-2.0-2.5B,toto2,Toto-2.0-2.5B,2454.281792,2454.281792,96,controlled,shared_origin_v1:Hmax=720,720,720,4096,controlled,125856,139536,4096,4096,256,256,100,[],merged,2,370,710400,449541917.5210018,,100,,float32,native_horizon,96,,direct_full_horizon,218739.926472058,218739.926472058,49.83703966295397,0.7750964611266142,0.10618568446053517,0.12150552148217554,8.034720743933159,467.69640416840707,0.739089087294544,0.07875624407129614,0.06356799916387633,0.7750964611266142,1.0749568648612153,0.7210488964379839,-0.32704832646828225,0.06356799916387633,0.09292762757833782,0.6840592062924303,-0.3797108061985307,Energy,1
electricity/15T/short|H=192|L=128|Hsrc=controlled|Lsrc=controlled|origins=shared_origin_v1:Hmax=720,joint-scaling,release,standard_hl_shared_origin_v1,electricity/15T/short,Toto-2.0-2.5B,toto2,Toto-2.0-2.5B,2454.281792,2454.281792,192,controlled,shared_origin_v1:Hmax=720,720,720,128,controlled,125856,139536,128,128,256,256,100,[],merged,2,370,1420800,899544419.732925,,100,,float32,native_horizon,192,,direct_full_horizon,5005802.844429899,5005802.844429899,232.66806961746903,3.036416382860296,0.47032083454294177,0.3642751683415593,53.370291330756444,2237.3651567032816,3.5338426262349816,0.3674913501332683,0.3380505566121285,3.036416382860296,1.1437313288387232,2.654833618961275,0.9763819856723399,0.3380505566121285,0.10019956699000873,3.373772629634585,1.2160315928887777,Energy,1
electricity/15T/short|H=192|L=256|Hsrc=controlled|Lsrc=controlled|origins=shared_origin_v1:Hmax=720,joint-scaling,release,standard_hl_shared_origin_v1,electricity/15T/short,Toto-2.0-2.5B,toto2,Toto-2.0-2.5B,2454.281792,2454.281792,192,controlled,shared_origin_v1:Hmax=720,720,720,256,controlled,125856,139536,256,256,256,256,100,[],merged,2,370,1420800,899544419.732925,,100,,float32,native_horizon,192,,direct_full_horizon,4190288.1168651464,4190288.1168651464,211.57516632355012,2.8978633234546667,0.41839367510790676,0.35245955389899175,26.510139922016982,2047.0193249857575,3.2331978200734883,0.33417582246994537,0.2504965603354723,2.8978633234546667,1.1437313288387232,2.5336923544771524,0.9296776674555651,0.2504965603354723,0.10019956699000873,2.4999764755515383,0.9162813220504982,Energy,1
electricity/15T/short|H=192|L=512|Hsrc=controlled|Lsrc=controlled|origins=shared_origin_v1:Hmax=720,joint-scaling,release,standard_hl_shared_origin_v1,electricity/15T/short,Toto-2.0-2.5B,toto2,Toto-2.0-2.5B,2454.281792,2454.281792,192,controlled,shared_origin_v1:Hmax=720,720,720,512,controlled,125856,139536,512,512,256,256,100,[],merged,2,370,1420800,899544419.732925,,100,,float32,native_horizon,192,,direct_full_horizon,297838.2121748311,297838.2121748311,66.40296058998452,1.076404868415571,0.18281402032268193,0.1724606261382232,10.713602924104581,545.745556257521,0.8619866560462917,0.10488123136182774,0.08509729336315756,1.076404868415571,1.1437313288387232,0.9411343741965068,-0.06066935023294707,0.08509729336315756,0.10019956699000873,0.8492780549804465,-0.1633686374792024,Energy,1
electricity/15T/short|H=192|L=1024|Hsrc=controlled|Lsrc=controlled|origins=shared_origin_v1:Hmax=720,joint-scaling,release,standard_hl_shared_origin_v1,electricity/15T/short,Toto-2.0-2.5B,toto2,Toto-2.0-2.5B,2454.281792,2454.281792,192,controlled,shared_origin_v1:Hmax=720,720,720,1024,controlled,125856,139536,1024,1024,256,256,100,[],merged,2,370,1420800,899544419.732925,,100,,float32,native_horizon,192,,direct_full_horizon,262602.84808699327,262602.84808699327,58.67745759431306,0.9319000675155962,0.158003309679379,0.1466433824075235,9.257953651579156,512.4478979242605,0.8093941304054314,0.09267906055684527,0.07501376583145239,0.9319000675155962,1.1437313288387232,0.8147893163526368,-0.20482570670288552,0.07501376583145239,0.10019956699000873,0.7486436127905851,-0.2894922260709687,Energy,1
electricity/15T/short|H=192|L=2048|Hsrc=controlled|Lsrc=controlled|origins=shared_origin_v1:Hmax=720,joint-scaling,release,standard_hl_shared_origin_v1,electricity/15T/short,Toto-2.0-2.5B,toto2,Toto-2.0-2.5B,2454.281792,2454.281792,192,controlled,shared_origin_v1:Hmax=720,720,720,2048,controlled,125856,139536,2048,2048,256,256,100,[],merged,2,370,1420800,899544419.732925,,100,,float32,native_horizon,192,,direct_full_horizon,246374.16310106983,246374.16310106983,54.73369873046875,0.8397683210648936,0.1201821488665648,0.129105525489326,8.623440622934668,496.3609201992738,0.783985292942522,0.08645002675836579,0.06977333376416195,0.8397683210648936,1.1437313288387232,0.7342356547298083,-0.3089252464047048,0.06977333376416195,0.10019956699000873,0.6963436655481685,-0.3619119681738422,Energy,1
electricity/15T/short|H=192|L=4096|Hsrc=controlled|Lsrc=controlled|origins=shared_origin_v1:Hmax=720,joint-scaling,release,standard_hl_shared_origin_v1,electricity/15T/short,Toto-2.0-2.5B,toto2,Toto-2.0-2.5B,2454.281792,2454.281792,192,controlled,shared_origin_v1:Hmax=720,720,720,4096,controlled,125856,139536,4096,4096,256,256,100,[],merged,2,370,1420800,899544419.732925,,100,,float32,native_horizon,192,,direct_full_horizon,245514.3795826295,245514.3795826295,53.739125800605294,0.8178129144503954,0.1119953773350973,0.12571488707761394,8.472538421190862,495.4940762336413,0.7826161422042668,0.08487913243925085,0.06846294813319397,0.8178129144503954,1.1437313288387232,0.7150393574343671,-0.3354176924403186,0.06846294813319397,0.10019956699000873,0.683265908125338,-0.38087117142219046,Energy,1
electricity/15T/short|H=336|L=128|Hsrc=controlled|Lsrc=controlled|origins=shared_origin_v1:Hmax=720,joint-scaling,release,standard_hl_shared_origin_v1,electricity/15T/short,Toto-2.0-2.5B,toto2,Toto-2.0-2.5B,2454.281792,2454.281792,336,controlled,shared_origin_v1:Hmax=720,720,720,128,controlled,125856,139536,128,128,256,256,100,[],merged,2,370,2486400,1571221544.6917512,,100,,float32,native_horizon,336,,direct_full_horizon,4710509.625289575,4710509.625289575,231.15188520551803,3.0096279414015075,0.47600375043837784,0.36348605240634047,75.61651246380558,2170.3708497143007,3.434531622202474,0.36578931170890616,0.39010117832526026,3.0096279414015075,1.1622606248712446,2.5894604678145354,0.9514495404260364,0.39010117832526026,0.10413680885837828,3.7460450593966406,1.320700632619238,Energy,1
electricity/15T/short|H=336|L=256|Hsrc=controlled|Lsrc=controlled|origins=shared_origin_v1:Hmax=720,joint-scaling,release,standard_hl_shared_origin_v1,electricity/15T/short,Toto-2.0-2.5B,toto2,Toto-2.0-2.5B,2454.281792,2454.281792,336,controlled,shared_origin_v1:Hmax=720,720,720,256,controlled,125856,139536,256,256,256,256,100,[],merged,2,370,2486400,1571221544.6917512,,100,,float32,native_horizon,336,,direct_full_horizon,4710509.625289575,4710509.625289575,231.15188520551803,3.0096279414015075,0.47600375043837784,0.36348605240634047,75.61651246380558,2170.3708497143007,3.434531622202474,0.36578931170890616,0.39010117832526026,3.0096279414015075,1.1622606248712446,2.5894604678145354,0.9514495404260364,0.39010117832526026,0.10413680885837828,3.7460450593966406,1.320700632619238,Energy,1
electricity/15T/short|H=336|L=512|Hsrc=controlled|Lsrc=controlled|origins=shared_origin_v1:Hmax=720,joint-scaling,release,standard_hl_shared_origin_v1,electricity/15T/short,Toto-2.0-2.5B,toto2,Toto-2.0-2.5B,2454.281792,2454.281792,336,controlled,shared_origin_v1:Hmax=720,720,720,512,controlled,125856,139536,512,512,256,256,100,[],merged,2,370,2486400,1571221544.6917512,,100,,float32,native_horizon,336,,direct_full_horizon,359544.7313939833,359544.7313939833,73.57062977598135,1.197250861115155,0.19987292472537205,0.18800157132142606,12.710383542283008,599.6204894714517,0.9488772541712492,0.1164228014139707,0.10076609467089856,1.197250861115155,1.1622606248712446,1.0301053270627547,0.02966105629764808,0.10076609467089856,0.10413680885837828,0.9676318659614032,-0.03290356779825537,Energy,1
electricity/15T/short|H=336|L=1024|Hsrc=controlled|Lsrc=controlled|origins=shared_origin_v1:Hmax=720,joint-scaling,release,standard_hl_shared_origin_v1,electricity/15T/short,Toto-2.0-2.5B,toto2,Toto-2.0-2.5B,2454.281792,2454.281792,336,controlled,shared_origin_v1:Hmax=720,720,720,1024,controlled,125856,139536,1024,1024,256,256,100,[],merged,2,370,2486400,1571221544.6917512,,100,,float32,native_horizon,336,,direct_full_horizon,313915.723756435,313915.723756435,61.61817896858913,0.9715256501603277,0.16779747731722117,0.1544680629028163,8.659474945716067,560.2818252954802,0.8866252726237809,0.09750848994217227,0.0783954050386262,0.9715256501603277,1.1622606248712446,0.8358931115540057,-0.17925453106465367,0.0783954050386262,0.10413680885837828,0.7528116705135519,-0.2839401880235469,Energy,1
electricity/15T/short|H=336|L=2048|Hsrc=controlled|Lsrc=controlled|origins=shared_origin_v1:Hmax=720,joint-scaling,release,standard_hl_shared_origin_v1,electricity/15T/short,Toto-2.0-2.5B,toto2,Toto-2.0-2.5B,2454.281792,2454.281792,336,controlled,shared_origin_v1:Hmax=720,720,720,2048,controlled,125856,139536,2048,2048,256,256,100,[],merged,2,370,2486400,1571221544.6917512,,100,,float32,native_horizon,336,,direct_full_horizon,295084.50291023165,295084.50291023165,56.15287541726995,0.8470817156603587,0.12417324411569647,0.13023694935605945,7.75223937367748,543.216810224271,0.8596205172368638,0.08885984914679294,0.07136456669634882,0.8470817156603587,1.1622606248712446,0.7288225184039067,-0.3163250355939792,0.07136456669634882,0.10413680885837828,0.6852962701536366,-0.37790402305271653,Energy,1
electricity/15T/short|H=336|L=4096|Hsrc=controlled|Lsrc=controlled|origins=shared_origin_v1:Hmax=720,joint-scaling,release,standard_hl_shared_origin_v1,electricity/15T/short,Toto-2.0-2.5B,toto2,Toto-2.0-2.5B,2454.281792,2454.281792,336,controlled,shared_origin_v1:Hmax=720,720,720,4096,controlled,125856,139536,4096,4096,256,256,100,[],merged,2,370,2486400,1571221544.6917512,,100,,float32,native_horizon,336,,direct_full_horizon,285400.9746002252,285400.9746002252,54.5914280184202,0.8171753045425793,0.11096968021077869,0.12495048917249754,7.4478299417605465,534.2293277238018,0.8453981584837891,0.08638891637119785,0.06915376482163946,0.8171753045425793,1.1622606248712446,0.7030912749307894,-0.3522685592825649,0.06915376482163946,0.10413680885837828,0.6640664869583789,-0.4093730035570593,Energy,1
electricity/15T/short|H=720|L=128|Hsrc=controlled|Lsrc=controlled|origins=shared_origin_v1:Hmax=720,joint-scaling,release,standard_hl_shared_origin_v1,electricity/15T/short,Toto-2.0-2.5B,toto2,Toto-2.0-2.5B,2454.281792,2454.281792,720,controlled,shared_origin_v1:Hmax=720,720,720,128,controlled,125856,139536,128,128,256,256,100,[],merged,2,370,5328000,3377233537.273105,,100,,float32,native_horizon,720,,direct_full_horizon,4443869.504594594,4443869.504594594,231.864078734985,3.037213479739435,0.4873067269853665,0.36332921300206455,102.01913519957138,2108.0487434105016,3.325705368293838,0.3657940139068623,0.45634996829392177,3.037213479739435,1.1635317074801095,2.610340105227735,0.9594805213615584,0.45634996829392177,0.11255332059997462,4.0545224775360795,1.399832919236184,Energy,1
electricity/15T/short|H=720|L=256|Hsrc=controlled|Lsrc=controlled|origins=shared_origin_v1:Hmax=720,joint-scaling,release,standard_hl_shared_origin_v1,electricity/15T/short,Toto-2.0-2.5B,toto2,Toto-2.0-2.5B,2454.281792,2454.281792,720,controlled,shared_origin_v1:Hmax=720,720,720,256,controlled,125856,139536,256,256,256,256,100,[],merged,2,370,5328000,3377233537.273105,,100,,float32,native_horizon,720,,direct_full_horizon,4443869.504594594,4443869.504594594,231.864078734985,3.037213479739435,0.4873067269853665,0.36332921300206455,102.01913519957138,2108.0487434105016,3.325705368293838,0.3657940139068623,0.45634996829392177,3.037213479739435,1.1635317074801095,2.610340105227735,0.9594805213615584,0.45634996829392177,0.11255332059997462,4.0545224775360795,1.399832919236184,Energy,1
electricity/15T/short|H=720|L=512|Hsrc=controlled|Lsrc=controlled|origins=shared_origin_v1:Hmax=720,joint-scaling,release,standard_hl_shared_origin_v1,electricity/15T/short,Toto-2.0-2.5B,toto2,Toto-2.0-2.5B,2454.281792,2454.281792,720,controlled,shared_origin_v1:Hmax=720,720,720,512,controlled,125856,139536,512,512,256,256,100,[],merged,2,370,5328000,3377233537.273105,,100,,float32,native_horizon,720,,direct_full_horizon,4443869.504594594,4443869.504594594,231.864078734985,3.037213479739435,0.4873067269853665,0.36332921300206455,102.01913519957138,2108.0487434105016,3.325705368293838,0.3657940139068623,0.45634996829392177,3.037213479739435,1.1635317074801095,2.610340105227735,0.9594805213615584,0.45634996829392177,0.11255332059997462,4.0545224775360795,1.399832919236184,Energy,1
electricity/15T/short|H=720|L=1024|Hsrc=controlled|Lsrc=controlled|origins=shared_origin_v1:Hmax=720,joint-scaling,release,standard_hl_shared_origin_v1,electricity/15T/short,Toto-2.0-2.5B,toto2,Toto-2.0-2.5B,2454.281792,2454.281792,720,controlled,shared_origin_v1:Hmax=720,720,720,1024,controlled,125856,139536,1024,1024,256,256,100,[],merged,2,370,5328000,3377233537.273105,,100,,float32,native_horizon,720,,direct_full_horizon,362886.9086051051,362886.9086051051,69.92808427177177,1.1143118806026708,0.18553158524257427,0.17471420388894754,11.221383859015548,602.4009533567366,0.9503613665036112,0.11032012707680006,0.09103240577331422,1.1143118806026708,1.1635317074801095,0.9576979066741247,-0.04322288824151456,0.09103240577331422,0.11255332059997462,0.8087936036720959,-0.21221151972443708,Energy,1
electricity/15T/short|H=720|L=2048|Hsrc=controlled|Lsrc=controlled|origins=shared_origin_v1:Hmax=720,joint-scaling,release,standard_hl_shared_origin_v1,electricity/15T/short,Toto-2.0-2.5B,toto2,Toto-2.0-2.5B,2454.281792,2454.281792,720,controlled,shared_origin_v1:Hmax=720,720,720,2048,controlled,125856,139536,2048,2048,256,256,100,[],merged,2,370,5328000,3377233537.273105,,100,,float32,native_horizon,720,,direct_full_horizon,309264.741707958,309264.741707958,58.82546893768769,0.907320462180707,0.13887519569133513,0.1384500058919293,7.968588419193826,556.1157628659324,0.877340803307936,0.0928043900550235,0.07442037686262332,0.907320462180707,1.1635317074801095,0.7797986564076662,-0.2487195254311924,0.07442037686262332,0.11255332059997462,0.661201077550795,-0.4136972833469482,Energy,1
electricity/15T/short|H=720|L=4096|Hsrc=controlled|Lsrc=controlled|origins=shared_origin_v1:Hmax=720,joint-scaling,release,standard_hl_shared_origin_v1,electricity/15T/short,Toto-2.0-2.5B,toto2,Toto-2.0-2.5B,2454.281792,2454.281792,720,controlled,shared_origin_v1:Hmax=720,720,720,4096,controlled,125856,139536,4096,4096,256,256,100,[],merged,2,370,5328000,3377233537.273105,,100,,float32,native_horizon,720,,direct_full_horizon,329704.8416047297,329704.8416047297,57.369671710773275,0.8616185699052232,0.1233265305373777,0.12950521933065878,7.335603073708985,574.1993047755541,0.9058698079595539,0.09050769142894541,0.07229261286502166,0.8616185699052232,1.1635317074801095,0.7405200600602907,-0.30040255575560265,0.07229261286502166,0.11255332059997462,0.6422965797868957,-0.442705119679017,Energy,1
electricity/H/short|H=48|L=128|Hsrc=controlled|Lsrc=controlled|origins=shared_origin_v1:Hmax=720,joint-scaling,release,standard_hl_shared_origin_v1,electricity/H/short,Toto-2.0-2.5B,toto2,Toto-2.0-2.5B,2454.281792,2454.281792,48,controlled,shared_origin_v1:Hmax=720,720,720,128,controlled,31464,34344,128,128,256,256,100,[],merged,2,370,88800,233807888.7616248,,100,,float32,native_horizon,48,,direct_full_horizon,3233771.3924324326,3233771.3924324326,223.26706362612612,1.0334989095455345,0.16622184342766416,0.1401829480695295,9.697855558890955,1798.2689989076807,0.6829807494896278,0.08479660526002784,0.07132362618172797,1.0334989095455345,1.094084047932727,0.944624785909576,-0.05696748228192878,0.07132362618172797,0.08020420811235865,0.8892753617342645,-0.11734834819562096,Energy,1
electricity/H/short|H=48|L=256|Hsrc=controlled|Lsrc=controlled|origins=shared_origin_v1:Hmax=720,joint-scaling,release,standard_hl_shared_origin_v1,electricity/H/short,Toto-2.0-2.5B,toto2,Toto-2.0-2.5B,2454.281792,2454.281792,48,controlled,shared_origin_v1:Hmax=720,720,720,256,controlled,31464,34344,256,256,256,256,100,[],merged,2,370,88800,233807888.7616248,,100,,float32,native_horizon,48,,direct_full_horizon,2973399.4149549548,2973399.4149549548,188.54617257882884,0.816012825884586,0.1271775717007778,0.10807709702500352,7.261657211270303,1724.354782217092,0.6549082046457022,0.07160964590921037,0.05748992265672817,0.816012825884586,1.094084047932727,0.7458410781387803,-0.29324273345846197,0.05748992265672817,0.08020420811235865,0.7167943429625304,-0.3329663094249216,Energy,1
electricity/H/short|H=48|L=512|Hsrc=controlled|Lsrc=controlled|origins=shared_origin_v1:Hmax=720,joint-scaling,release,standard_hl_shared_origin_v1,electricity/H/short,Toto-2.0-2.5B,toto2,Toto-2.0-2.5B,2454.281792,2454.281792,48,controlled,shared_origin_v1:Hmax=720,720,720,512,controlled,31464,34344,512,512,256,256,100,[],merged,2,370,88800,233807888.7616248,,100,,float32,native_horizon,48,,direct_full_horizon,2921869.9145945944,2921869.9145945944,180.1566378096847,0.7659444955659208,0.08644631862350846,0.1011076190020587,6.705037410291774,1709.3478038698252,0.6492085694268241,0.06842330907752399,0.05442768494372633,0.7659444955659208,1.094084047932727,0.7000782956420705,-0.3565630992763363,0.05442768494372633,0.08020420811235865,0.6786138311780124,-0.3877030449092526,Energy,1
electricity/H/short|H=48|L=1024|Hsrc=controlled|Lsrc=controlled|origins=shared_origin_v1:Hmax=720,joint-scaling,release,standard_hl_shared_origin_v1,electricity/H/short,Toto-2.0-2.5B,toto2,Toto-2.0-2.5B,2454.281792,2454.281792,48,controlled,shared_origin_v1:Hmax=720,720,720,1024,controlled,31464,34344,1024,1024,256,256,100,[],merged,2,370,88800,233807888.7616248,,100,,float32,native_horizon,48,,direct_full_horizon,2881749.3610810814,2881749.3610810814,172.16844313063064,0.726619477493022,0.0808648132509063,0.09728340080192498,6.385282693939209,1697.571607055526,0.6447359817709991,0.06538940080669053,0.05174484931468695,0.726619477493022,1.094084047932727,0.6641349710435596,-0.4092698805182631,0.05174484931468695,0.08020420811235865,0.6451637704869204,-0.43825108668381774,Energy,1
electricity/H/short|H=48|L=2048|Hsrc=controlled|Lsrc=controlled|origins=shared_origin_v1:Hmax=720,joint-scaling,release,standard_hl_shared_origin_v1,electricity/H/short,Toto-2.0-2.5B,toto2,Toto-2.0-2.5B,2454.281792,2454.281792,48,controlled,shared_origin_v1:Hmax=720,720,720,2048,controlled,31464,34344,2048,2048,256,256,100,[],merged,2,370,88800,233807888.7616248,,100,,float32,native_horizon,48,,direct_full_horizon,2794625.074234234,2794625.074234234,171.1405665822072,0.729146671247826,0.07856321198805986,0.09741388406839456,6.353621908817203,1671.713215307648,0.6349149907027608,0.06499901433177968,0.051556100861490005,0.729146671247826,1.094084047932727,0.6664448427207667,-0.4057978993958927,0.051556100861490005,0.08020420811235865,0.6428104219826557,-0.44190543183600317,Energy,1
electricity/H/short|H=48|L=4096|Hsrc=controlled|Lsrc=controlled|origins=shared_origin_v1:Hmax=720,joint-scaling,release,standard_hl_shared_origin_v1,electricity/H/short,Toto-2.0-2.5B,toto2,Toto-2.0-2.5B,2454.281792,2454.281792,48,controlled,shared_origin_v1:Hmax=720,720,720,4096,controlled,31464,34344,4096,4096,256,256,100,[],merged,2,370,88800,233807888.7616248,,100,,float32,native_horizon,48,,direct_full_horizon,2739528.2291891887,2739528.2291891887,171.5411599099099,0.728226972352465,0.07786740200648762,0.09701699609155054,6.39635905646556,1655.1520260052214,0.6286250677329039,0.06515115927303214,0.05152055710493051,0.728226972352465,1.094084047932727,0.6656042318946618,-0.40706003148053393,0.05152055710493051,0.08020420811235865,0.6423672562511308,-0.44259508861513286,Energy,1
electricity/H/short|H=96|L=128|Hsrc=controlled|Lsrc=controlled|origins=shared_origin_v1:Hmax=720,joint-scaling,release,standard_hl_shared_origin_v1,electricity/H/short,Toto-2.0-2.5B,toto2,Toto-2.0-2.5B,2454.281792,2454.281792,96,controlled,shared_origin_v1:Hmax=720,720,720,128,controlled,31464,34344,128,128,256,256,100,[],merged,2,370,177600,461364305.2107418,,100,,float32,native_horizon,96,,direct_full_horizon,7536909.766486486,7536909.766486486,296.57939048423424,1.2600882251942798,0.23932190482416282,0.16618078283361487,11.836037207558721,2745.3432875482963,1.056806871190141,0.11416682902232819,0.09391295875875927,1.2600882251942798,1.2416698443439862,1.0148335573535852,0.014724616144212636,0.09391295875875927,0.09885782226113703,0.9499800482220244,-0.051314296479646165,Energy,1
electricity/H/short|H=96|L=256|Hsrc=controlled|Lsrc=controlled|origins=shared_origin_v1:Hmax=720,joint-scaling,release,standard_hl_shared_origin_v1,electricity/H/short,Toto-2.0-2.5B,toto2,Toto-2.0-2.5B,2454.281792,2454.281792,96,controlled,shared_origin_v1:Hmax=720,720,720,256,controlled,31464,34344,256,256,256,256,100,[],merged,2,370,177600,461364305.2107418,,100,,float32,native_horizon,96,,direct_full_horizon,6681133.171171172,6681133.171171172,238.01030405405405,0.94187148620861,0.18350676123664994,0.11809453053517384,8.14960968243332,2584.7888059126167,0.9950021853563035,0.09162093712622965,0.07463449700503635,0.94187148620861,1.2416698443439862,0.7585522757913403,-0.27634356260620624,0.07463449700503635,0.09885782226113703,0.7549680470189425,-0.2810798524579215,Energy,1
electricity/H/short|H=96|L=512|Hsrc=controlled|Lsrc=controlled|origins=shared_origin_v1:Hmax=720,joint-scaling,release,standard_hl_shared_origin_v1,electricity/H/short,Toto-2.0-2.5B,toto2,Toto-2.0-2.5B,2454.281792,2454.281792,96,controlled,shared_origin_v1:Hmax=720,720,720,512,controlled,31464,34344,512,512,256,256,100,[],merged,2,370,177600,461364305.2107418,,100,,float32,native_horizon,96,,direct_full_horizon,6402866.246846847,6402866.246846847,229.61731137387386,0.8834226886781651,0.12310513705050387,0.11005150253708298,7.273823758768388,2530.388556496185,0.9740610674864564,0.08839009442087747,0.0710059864255842,0.8834226886781651,1.2416698443439862,0.7114795391885397,-0.34040861915520215,0.0710059864255842,0.09885782226113703,0.71826371248619,-0.33091848978226396,Energy,1
electricity/H/short|H=96|L=1024|Hsrc=controlled|Lsrc=controlled|origins=shared_origin_v1:Hmax=720,joint-scaling,release,standard_hl_shared_origin_v1,electricity/H/short,Toto-2.0-2.5B,toto2,Toto-2.0-2.5B,2454.281792,2454.281792,96,controlled,shared_origin_v1:Hmax=720,720,720,1024,controlled,31464,34344,1024,1024,256,256,100,[],merged,2,370,177600,461364305.2107418,,100,,float32,native_horizon,96,,direct_full_horizon,6542228.206486487,6542228.206486487,225.63443975225226,0.8483483275765574,0.09923089535656,0.10644305392428562,6.921973700210654,2557.777982250705,0.9846044969608732,0.08685690688987224,0.06917371116548147,0.8483483275765574,1.2416698443439862,0.6832318038816244,-0.3809210862422755,0.06917371116548147,0.09885782226113703,0.6997292635352239,-0.35706178513039044,Energy,1
electricity/H/short|H=96|L=2048|Hsrc=controlled|Lsrc=controlled|origins=shared_origin_v1:Hmax=720,joint-scaling,release,standard_hl_shared_origin_v1,electricity/H/short,Toto-2.0-2.5B,toto2,Toto-2.0-2.5B,2454.281792,2454.281792,96,controlled,shared_origin_v1:Hmax=720,720,720,2048,controlled,31464,34344,2048,2048,256,256,100,[],merged,2,370,177600,461364305.2107418,,100,,float32,native_horizon,96,,direct_full_horizon,6442298.3601801805,6442298.3601801805,225.89141751126127,0.8509421865269374,0.09812790390923731,0.10664217287355715,6.845318758065581,2538.1683080875823,0.9770558459446664,0.08695582925877798,0.06932472158411865,0.8509421865269374,1.2416698443439862,0.685320812455196,-0.3778682110059042,0.06932472158411865,0.09885782226113703,0.7012568150752353,-0.3548811037250963,Energy,1
electricity/H/short|H=96|L=4096|Hsrc=controlled|Lsrc=controlled|origins=shared_origin_v1:Hmax=720,joint-scaling,release,standard_hl_shared_origin_v1,electricity/H/short,Toto-2.0-2.5B,toto2,Toto-2.0-2.5B,2454.281792,2454.281792,96,controlled,shared_origin_v1:Hmax=720,720,720,4096,controlled,31464,34344,4096,4096,256,256,100,[],merged,2,370,177600,461364305.2107418,,100,,float32,native_horizon,96,,direct_full_horizon,6196553.232252252,6196553.232252252,224.8900457488739,0.8523606235945573,0.09782808246930769,0.10663997478313274,6.895874864576562,2489.287695758016,0.9582394861793274,0.08657035595061045,0.06888866395449536,0.8523606235945573,1.2416698443439862,0.6864631749552448,-0.3762026969386707,0.06888866395449536,0.09885782226113703,0.696845857807014,-0.3611910436015893,Energy,1
electricity/H/short|H=192|L=128|Hsrc=controlled|Lsrc=controlled|origins=shared_origin_v1:Hmax=720,joint-scaling,release,standard_hl_shared_origin_v1,electricity/H/short,Toto-2.0-2.5B,toto2,Toto-2.0-2.5B,2454.281792,2454.281792,192,controlled,shared_origin_v1:Hmax=720,720,720,128,controlled,31464,34344,128,128,256,256,100,[],merged,2,370,355200,922876130.8595798,,100,,float32,native_horizon,192,,direct_full_horizon,21007338.306306306,21007338.306306306,473.15621199324323,1.726429979768406,0.3206699831155046,0.2144335263913816,26.26243204329793,4583.376299880505,1.764066928680016,0.18211012386186845,0.16472550205098557,1.726429979768406,1.3024259480127716,1.3255494351925154,0.2818270415569644,0.16472550205098557,0.10708945156262589,1.538204740498219,0.430615983483824,Energy,1
electricity/H/short|H=192|L=256|Hsrc=controlled|Lsrc=controlled|origins=shared_origin_v1:Hmax=720,joint-scaling,release,standard_hl_shared_origin_v1,electricity/H/short,Toto-2.0-2.5B,toto2,Toto-2.0-2.5B,2454.281792,2454.281792,192,controlled,shared_origin_v1:Hmax=720,720,720,256,controlled,31464,34344,256,256,256,256,100,[],merged,2,370,355200,922876130.8595798,,100,,float32,native_horizon,192,,direct_full_horizon,6812395.57981982,6812395.57981982,275.3574063907658,1.198966900219225,0.25142029942867977,0.15102184811153926,11.351115905097032,2610.056623872329,1.0045683074888334,0.10598058339519655,0.08676825668648218,1.198966900219225,1.3024259480127716,0.9205643530433316,-0.08276836978760876,0.08676825668648218,0.10708945156262589,0.81024092868512,-0.21042363272186287,Energy,1
electricity/H/short|H=192|L=512|Hsrc=controlled|Lsrc=controlled|origins=shared_origin_v1:Hmax=720,joint-scaling,release,standard_hl_shared_origin_v1,electricity/H/short,Toto-2.0-2.5B,toto2,Toto-2.0-2.5B,2454.281792,2454.281792,192,controlled,shared_origin_v1:Hmax=720,720,720,512,controlled,31464,34344,512,512,256,256,100,[],merged,2,370,355200,922876130.8595798,,100,,float32,native_horizon,192,,direct_full_horizon,6806574.778378379,6806574.778378379,244.6547923704955,1.0045382507650806,0.21083676329710443,0.12164771415091849,8.194795829671161,2608.941313709141,1.004139042762271,0.09416364704227298,0.07539641000663948,1.0045382507650806,1.3024259480127716,0.7712824305272749,-0.2597006553405578,0.07539641000663948,0.10708945156262589,0.7040507622970472,-0.3509048198879954,Energy,1
electricity/H/short|H=192|L=1024|Hsrc=controlled|Lsrc=controlled|origins=shared_origin_v1:Hmax=720,joint-scaling,release,standard_hl_shared_origin_v1,electricity/H/short,Toto-2.0-2.5B,toto2,Toto-2.0-2.5B,2454.281792,2454.281792,192,controlled,shared_origin_v1:Hmax=720,720,720,1024,controlled,31464,34344,1024,1024,256,256,100,[],merged,2,370,355200,922876130.8595798,,100,,float32,native_horizon,192,,direct_full_horizon,7578830.227747748,7578830.227747748,243.2616793355856,0.9638858160554499,0.1976806835633887,0.11780358185639253,7.660839444106885,2752.9675311829865,1.059572389379504,0.09362746051251723,0.07413859124118652,0.9638858160554499,1.3024259480127716,0.7400695736491869,-0.30101107875853145,0.07413859124118652,0.10708945156262589,0.6923052659190274,-0.3677282849150862,Energy,1
electricity/H/short|H=192|L=2048|Hsrc=controlled|Lsrc=controlled|origins=shared_origin_v1:Hmax=720,joint-scaling,release,standard_hl_shared_origin_v1,electricity/H/short,Toto-2.0-2.5B,toto2,Toto-2.0-2.5B,2454.281792,2454.281792,192,controlled,shared_origin_v1:Hmax=720,720,720,2048,controlled,31464,34344,2048,2048,256,256,100,[],merged,2,370,355200,922876130.8595798,,100,,float32,native_horizon,192,,direct_full_horizon,6344360.18018018,6344360.18018018,235.04342201576577,0.9531439940097816,0.17451970197668526,0.11690269813881264,7.540345448808092,2518.801337974113,0.9694456334189605,0.09046438704860493,0.07164417373451623,0.9531439940097816,1.3024259480127716,0.7318220244798401,-0.3122179305396666,0.07164417373451623,0.10708945156262589,0.669012425491961,-0.4019526457947581,Energy,1
electricity/H/short|H=192|L=4096|Hsrc=controlled|Lsrc=controlled|origins=shared_origin_v1:Hmax=720,joint-scaling,release,standard_hl_shared_origin_v1,electricity/H/short,Toto-2.0-2.5B,toto2,Toto-2.0-2.5B,2454.281792,2454.281792,192,controlled,shared_origin_v1:Hmax=720,720,720,4096,controlled,31464,34344,4096,4096,256,256,100,[],merged,2,370,355200,922876130.8595798,,100,,float32,native_horizon,192,,direct_full_horizon,6389241.25981982,6389241.25981982,235.53701787725225,0.9553146079465888,0.17348598896974662,0.11688011306900162,7.560668462461349,2527.6948510094767,0.972868601815834,0.09065436406083592,0.07177417294834948,0.9553146079465888,1.3024259480127716,0.7334886174559085,-0.3099431996436954,0.07177417294834948,0.10708945156262589,0.6702263565742136,-0.400139778020956,Energy,1
electricity/H/short|H=336|L=128|Hsrc=controlled|Lsrc=controlled|origins=shared_origin_v1:Hmax=720,joint-scaling,release,standard_hl_shared_origin_v1,electricity/H/short,Toto-2.0-2.5B,toto2,Toto-2.0-2.5B,2454.281792,2454.281792,336,controlled,shared_origin_v1:Hmax=720,720,720,128,controlled,31464,34344,128,128,256,256,100,[],merged,2,370,621600,1596780052.5079927,,100,,float32,native_horizon,336,,direct_full_horizon,25542275.377091378,25542275.377091378,517.5817712355213,1.8624987820682777,0.3496646309516462,0.22529941161166747,36.11980524744738,5053.936621792103,1.9674137331385821,0.2014860020919441,0.19278875887992855,1.8624987820682777,1.3838015311650305,1.3459291235934892,0.2970845727733176,0.19278875887992855,0.12359715633134309,1.5598154893070069,0.4445675381810259,Energy,1
electricity/H/short|H=336|L=256|Hsrc=controlled|Lsrc=controlled|origins=shared_origin_v1:Hmax=720,joint-scaling,release,standard_hl_shared_origin_v1,electricity/H/short,Toto-2.0-2.5B,toto2,Toto-2.0-2.5B,2454.281792,2454.281792,336,controlled,shared_origin_v1:Hmax=720,720,720,256,controlled,31464,34344,256,256,256,256,100,[],merged,2,370,621600,1596780052.5079927,,100,,float32,native_horizon,336,,direct_full_horizon,25542275.377091378,25542275.377091378,517.5817712355213,1.8624987820682777,0.3496646309516462,0.22529941161166747,36.11980524744738,5053.936621792103,1.9674137331385821,0.2014860020919441,0.19278875887992855,1.8624987820682777,1.3838015311650305,1.3459291235934892,0.2970845727733176,0.19278875887992855,0.12359715633134309,1.5598154893070069,0.4445675381810259,Energy,1
electricity/H/short|H=336|L=512|Hsrc=controlled|Lsrc=controlled|origins=shared_origin_v1:Hmax=720,joint-scaling,release,standard_hl_shared_origin_v1,electricity/H/short,Toto-2.0-2.5B,toto2,Toto-2.0-2.5B,2454.281792,2454.281792,336,controlled,shared_origin_v1:Hmax=720,720,720,512,controlled,31464,34344,512,512,256,256,100,[],merged,2,370,621600,1596780052.5079927,,100,,float32,native_horizon,336,,direct_full_horizon,8738446.642574003,8738446.642574003,276.7428072715573,1.14609607950242,0.24602160354705485,0.13683970015635055,9.935546244592178,2956.086372651179,1.150755413279297,0.10773138650486677,0.08744027659920794,1.14609607950242,1.3838015311650305,0.8282228727825696,-0.18847299078937185,0.08744027659920794,0.12359715633134309,0.7074618801487256,-0.34607153056474915,Energy,1
electricity/H/short|H=336|L=1024|Hsrc=controlled|Lsrc=controlled|origins=shared_origin_v1:Hmax=720,joint-scaling,release,standard_hl_shared_origin_v1,electricity/H/short,Toto-2.0-2.5B,toto2,Toto-2.0-2.5B,2454.281792,2454.281792,336,controlled,shared_origin_v1:Hmax=720,720,720,1024,controlled,31464,34344,1024,1024,256,256,100,[],merged,2,370,621600,1596780052.5079927,,100,,float32,native_horizon,336,,direct_full_horizon,9941816.227747748,9941816.227747748,272.6158832046332,1.0745500314365335,0.25449998456731193,0.12771690653404522,8.421902974169031,3153.064577161043,1.227435762417563,0.10612484338956993,0.08344569660012689,1.0745500314365335,1.3838015311650305,0.7765203370832113,-0.25293244603036286,0.08344569660012689,0.12359715633134309,0.675142528169686,-0.3928314575552521,Energy,1
electricity/H/short|H=336|L=2048|Hsrc=controlled|Lsrc=controlled|origins=shared_origin_v1:Hmax=720,joint-scaling,release,standard_hl_shared_origin_v1,electricity/H/short,Toto-2.0-2.5B,toto2,Toto-2.0-2.5B,2454.281792,2454.281792,336,controlled,shared_origin_v1:Hmax=720,720,720,2048,controlled,31464,34344,2048,2048,256,256,100,[],merged,2,370,621600,1596780052.5079927,,100,,float32,native_horizon,336,,direct_full_horizon,8605115.89065637,8605115.89065637,263.2557191119691,1.0548253843202706,0.21570932717868563,0.12590844428063666,8.256423346223496,2933.4477821594796,1.1419425853462715,0.10248108669880873,0.08047453246385712,1.0548253843202706,1.3838015311650305,0.7622663803762431,-0.2714592038382826,0.08047453246385712,0.12359715633134309,0.6511034303096626,-0.4290867702696135,Energy,1
electricity/H/short|H=336|L=4096|Hsrc=controlled|Lsrc=controlled|origins=shared_origin_v1:Hmax=720,joint-scaling,release,standard_hl_shared_origin_v1,electricity/H/short,Toto-2.0-2.5B,toto2,Toto-2.0-2.5B,2454.281792,2454.281792,336,controlled,shared_origin_v1:Hmax=720,720,720,4096,controlled,31464,34344,4096,4096,256,256,100,[],merged,2,370,621600,1596780052.5079927,,100,,float32,native_horizon,336,,direct_full_horizon,8198578.03984556,8198578.03984556,260.285411036036,1.054071697759241,0.2133517127199188,0.12590338708197596,8.121731255100105,2863.3159168777656,1.1146414129708762,0.10132479501223611,0.0798816694399769,1.054071697759241,1.3838015311650305,0.761721731057641,-0.2721739723298528,0.0798816694399769,0.12359715633134309,0.6463066935442078,-0.4364811300529957,Energy,1
electricity/H/short|H=720|L=128|Hsrc=controlled|Lsrc=controlled|origins=shared_origin_v1:Hmax=720,joint-scaling,release,standard_hl_shared_origin_v1,electricity/H/short,Toto-2.0-2.5B,toto2,Toto-2.0-2.5B,2454.281792,2454.281792,720,controlled,shared_origin_v1:Hmax=720,720,720,128,controlled,31464,34344,128,128,256,256,100,[],merged,2,370,1332000,3377284407.603507,,100,,float32,native_horizon,720,,direct_full_horizon,30829704.08590991,30829704.08590991,570.3459204204204,2.052187794226251,0.3970071260254881,0.24300251032282283,45.786409283567586,5552.450277662098,2.189884794184082,0.2249442671424517,0.22213047638094,2.052187794226251,1.5240786163583666,1.3465104570063113,0.297516399304204,0.22213047638094,0.1534183911456428,1.4478738482537443,0.37009616879651397,Energy,1
electricity/H/short|H=720|L=256|Hsrc=controlled|Lsrc=controlled|origins=shared_origin_v1:Hmax=720,joint-scaling,release,standard_hl_shared_origin_v1,electricity/H/short,Toto-2.0-2.5B,toto2,Toto-2.0-2.5B,2454.281792,2454.281792,720,controlled,shared_origin_v1:Hmax=720,720,720,256,controlled,31464,34344,256,256,256,256,100,[],merged,2,370,1332000,3377284407.603507,,100,,float32,native_horizon,720,,direct_full_horizon,30829704.08590991,30829704.08590991,570.3459204204204,2.052187794226251,0.3970071260254881,0.24300251032282283,45.786409283567586,5552.450277662098,2.189884794184082,0.2249442671424517,0.22213047638094,2.052187794226251,1.5240786163583666,1.3465104570063113,0.297516399304204,0.22213047638094,0.1534183911456428,1.4478738482537443,0.37009616879651397,Energy,1
electricity/H/short|H=720|L=512|Hsrc=controlled|Lsrc=controlled|origins=shared_origin_v1:Hmax=720,joint-scaling,release,standard_hl_shared_origin_v1,electricity/H/short,Toto-2.0-2.5B,toto2,Toto-2.0-2.5B,2454.281792,2454.281792,720,controlled,shared_origin_v1:Hmax=720,720,720,512,controlled,31464,34344,512,512,256,256,100,[],merged,2,370,1332000,3377284407.603507,,100,,float32,native_horizon,720,,direct_full_horizon,30829704.08590991,30829704.08590991,570.3459204204204,2.052187794226251,0.3970071260254881,0.24300251032282283,45.786409283567586,5552.450277662098,2.189884794184082,0.2249442671424517,0.22213047638094,2.052187794226251,1.5240786163583666,1.3465104570063113,0.297516399304204,0.22213047638094,0.1534183911456428,1.4478738482537443,0.37009616879651397,Energy,1
electricity/H/short|H=720|L=1024|Hsrc=controlled|Lsrc=controlled|origins=shared_origin_v1:Hmax=720,joint-scaling,release,standard_hl_shared_origin_v1,electricity/H/short,Toto-2.0-2.5B,toto2,Toto-2.0-2.5B,2454.281792,2454.281792,720,controlled,shared_origin_v1:Hmax=720,720,720,1024,controlled,31464,34344,1024,1024,256,256,100,[],merged,2,370,1332000,3377284407.603507,,100,,float32,native_horizon,720,,direct_full_horizon,9952583.197981982,9952583.197981982,297.4293701201201,1.2718227405787412,0.33639832370106476,0.14839008246527777,11.69525581913006,3154.771496952193,1.2442409719713645,0.1173060581181918,0.09386902069966092,1.2718227405787412,1.5240786163583666,0.8344863099107278,-0.1809389411547438,0.09386902069966092,0.1534183911456428,0.611849857104481,-0.4912683580971391,Energy,1
electricity/H/short|H=720|L=2048|Hsrc=controlled|Lsrc=controlled|origins=shared_origin_v1:Hmax=720,joint-scaling,release,standard_hl_shared_origin_v1,electricity/H/short,Toto-2.0-2.5B,toto2,Toto-2.0-2.5B,2454.281792,2454.281792,720,controlled,shared_origin_v1:Hmax=720,720,720,2048,controlled,31464,34344,2048,2048,256,256,100,[],merged,2,370,1332000,3377284407.603507,,100,,float32,native_horizon,720,,direct_full_horizon,9868413.937009009,9868413.937009009,287.1311501501502,1.2091737585048306,0.290423940647408,0.1423720996387012,10.334628729612518,3141.403179633109,1.2389685114616926,0.11324444312091252,0.08958310503111794,1.2091737585048306,1.5240786163583666,0.7933801744387899,-0.23145275931748047,0.08958310503111794,0.1534183911456428,0.5839137300434543,-0.5380020295942891,Energy,1
electricity/H/short|H=720|L=4096|Hsrc=controlled|Lsrc=controlled|origins=shared_origin_v1:Hmax=720,joint-scaling,release,standard_hl_shared_origin_v1,electricity/H/short,Toto-2.0-2.5B,toto2,Toto-2.0-2.5B,2454.281792,2454.281792,720,controlled,shared_origin_v1:Hmax=720,720,720,4096,controlled,31464,34344,4096,4096,256,256,100,[],merged,2,370,1332000,3377284407.603507,,100,,float32,native_horizon,720,,direct_full_horizon,10476259.25342943,10476259.25342943,293.03272597597595,1.2184127062380272,0.2883755491346229,0.14255862234304617,10.031456680290603,3236.7049994445633,1.2765555218132827,0.11557202293098184,0.09101098002331086,1.2184127062380272,1.5240786163583666,0.7994421633900373,-0.22384109030042584,0.09101098002331086,0.1534183911456428,0.5932207953928582,-0.5221886130400694,Energy,1
ett1/15T/short|H=48|L=128|Hsrc=controlled|Lsrc=controlled|origins=shared_origin_v1:Hmax=720,joint-scaling,release,standard_hl_shared_origin_v1,ett1/15T/short,Toto-2.0-2.5B,toto2,Toto-2.0-2.5B,2454.281792,2454.281792,48,controlled,shared_origin_v1:Hmax=720,720,720,128,controlled,62480,68960,128,128,256,256,100,[],merged,2,1,3360,16478.703990906477,,100,,float32,native_horizon,48,,direct_full_horizon,9.051224190848215,9.051224190848215,1.9621038527715773,1.522368953818062,1.0931361857084205,0.5574004400344122,9.010030778933402,3.008525251821599,0.6134368850668641,0.40007205353956016,0.3138091517972541,1.522368953818062,0.9939964905165176,1.531563711082101,0.42628924687079933,0.3138091517972541,0.274987154404103,1.1411774941897863,0.1320606189830954,Energy,7
ett1/15T/short|H=48|L=256|Hsrc=controlled|Lsrc=controlled|origins=shared_origin_v1:Hmax=720,joint-scaling,release,standard_hl_shared_origin_v1,ett1/15T/short,Toto-2.0-2.5B,toto2,Toto-2.0-2.5B,2454.281792,2454.281792,48,controlled,shared_origin_v1:Hmax=720,720,720,256,controlled,62480,68960,256,256,256,256,100,[],merged,2,1,3360,16478.703990906477,,100,,float32,native_horizon,48,,direct_full_horizon,7.115963309151786,7.115963309151786,1.3381120954241073,0.9549081936652463,0.8558075871528814,0.36091853550502234,7.441096288979073,2.6675762986561016,0.543917553736667,0.2728404274453914,0.2159462334249329,0.9549081936652463,0.9939964905165176,0.9606756188535841,-0.040118472410828394,0.2159462334249329,0.274987154404103,0.7852957127866146,-0.24169492794816677,Energy,7
ett1/15T/short|H=48|L=512|Hsrc=controlled|Lsrc=controlled|origins=shared_origin_v1:Hmax=720,joint-scaling,release,standard_hl_shared_origin_v1,ett1/15T/short,Toto-2.0-2.5B,toto2,Toto-2.0-2.5B,2454.281792,2454.281792,48,controlled,shared_origin_v1:Hmax=720,720,720,512,controlled,62480,68960,512,512,256,256,100,[],merged,2,1,3360,16478.703990906477,,100,,float32,native_horizon,48,,direct_full_horizon,6.420778111049107,6.420778111049107,1.1603209722609746,0.7782867574689075,0.7402964854247537,0.2989798772902716,8.119164130977977,2.533925435179399,0.5166662054795752,0.23658890098082358,0.1961868749267751,0.7782867574689075,0.9939964905165176,0.7829874299299394,-0.2446386368495203,0.1961868749267751,0.274987154404103,0.7134401436020238,-0.3376567368218406,Energy,7
ett1/15T/short|H=48|L=1024|Hsrc=controlled|Lsrc=controlled|origins=shared_origin_v1:Hmax=720,joint-scaling,release,standard_hl_shared_origin_v1,ett1/15T/short,Toto-2.0-2.5B,toto2,Toto-2.0-2.5B,2454.281792,2454.281792,48,controlled,shared_origin_v1:Hmax=720,720,720,1024,controlled,62480,68960,1024,1024,256,256,100,[],merged,2,1,3360,16478.703990906477,,100,,float32,native_horizon,48,,direct_full_horizon,5.6556884765625,5.6556884765625,1.1175548008510046,0.7471571346353401,0.6778324978071812,0.2997352236793155,6.353816163713195,2.378169143808426,0.4849075708627225,0.22786889872720006,0.18587148228463612,0.7471571346353401,0.9939964905165176,0.7516697913561942,-0.2854581587072159,0.18587148228463612,0.274987154404103,0.6759278726579775,-0.3916689058832422,Energy,7
ett1/15T/short|H=48|L=2048|Hsrc=controlled|Lsrc=controlled|origins=shared_origin_v1:Hmax=720,joint-scaling,release,standard_hl_shared_origin_v1,ett1/15T/short,Toto-2.0-2.5B,toto2,Toto-2.0-2.5B,2454.281792,2454.281792,48,controlled,shared_origin_v1:Hmax=720,720,720,2048,controlled,62480,68960,2048,2048,256,256,100,[],merged,2,1,3360,16478.703990906477,,100,,float32,native_horizon,48,,direct_full_horizon,4.661299351283482,4.661299351283482,1.0690994989304317,0.7290805529095228,0.5147663889873842,0.29559449695405504,5.235952522453254,2.159004249945674,0.44021995199504854,0.21798888543592612,0.17432304220353972,0.7290805529095228,0.9939964905165176,0.7334840312470976,-0.3099494522603546,0.17432304220353972,0.274987154404103,0.6339315833908593,-0.45581424300061224,Energy,7
ett1/15T/short|H=48|L=4096|Hsrc=controlled|Lsrc=controlled|origins=shared_origin_v1:Hmax=720,joint-scaling,release,standard_hl_shared_origin_v1,ett1/15T/short,Toto-2.0-2.5B,toto2,Toto-2.0-2.5B,2454.281792,2454.281792,48,controlled,shared_origin_v1:Hmax=720,720,720,4096,controlled,62480,68960,4096,4096,256,256,100,[],merged,2,1,3360,16478.703990906477,,100,,float32,native_horizon,48,,direct_full_horizon,5.0118431454613095,5.0118431454613095,1.093655976795015,0.7308254430684498,0.476461461210436,0.30322004045758927,4.648315350839574,2.2387146190305964,0.4564728587936133,0.2229959397328254,0.17475134154037666,0.7308254430684498,0.9939964905165176,0.7352394601400309,-0.3075590367204428,0.17475134154037666,0.274987154404103,0.6354891082787584,-0.4533603273212803,Energy,7
ett1/15T/short|H=96|L=128|Hsrc=controlled|Lsrc=controlled|origins=shared_origin_v1:Hmax=720,joint-scaling,release,standard_hl_shared_origin_v1,ett1/15T/short,Toto-2.0-2.5B,toto2,Toto-2.0-2.5B,2454.281792,2454.281792,96,controlled,shared_origin_v1:Hmax=720,720,720,128,controlled,62480,68960,128,128,256,256,100,[],merged,2,1,6720,34135.138978496194,,100,,float32,native_horizon,96,,direct_full_horizon,20.486895461309523,20.486895461309523,2.580294945126488,1.71176060936843,1.008354662568968,0.6339485531761533,13.422512816629665,4.5262451835168545,0.8910573837825705,0.5079686958993563,0.4061218987120479,1.71176060936843,0.9821805215765067,1.7428166938404235,0.5555025939623612,0.4061218987120479,0.25028356996012957,1.6226470590008906,0.48405880277748164,Energy,7
ett1/15T/short|H=96|L=256|Hsrc=controlled|Lsrc=controlled|origins=shared_origin_v1:Hmax=720,joint-scaling,release,standard_hl_shared_origin_v1,ett1/15T/short,Toto-2.0-2.5B,toto2,Toto-2.0-2.5B,2454.281792,2454.281792,96,controlled,shared_origin_v1:Hmax=720,720,720,256,controlled,62480,68960,256,256,256,256,100,[],merged,2,1,6720,34135.138978496194,,100,,float32,native_horizon,96,,direct_full_horizon,8.839714122953868,8.839714122953868,1.593440173921131,1.083566881516232,0.8070893690118922,0.40456564767020087,8.775065562125166,2.9731656736471765,0.5853110291859495,0.31369194001218426,0.2535479891455542,1.083566881516232,0.9821805215765067,1.1032257896715252,0.09823842437339207,0.2535479891455542,0.25028356996012957,1.0130428824630584,0.012958556515737534,Energy,7
ett1/15T/short|H=96|L=512|Hsrc=controlled|Lsrc=controlled|origins=shared_origin_v1:Hmax=720,joint-scaling,release,standard_hl_shared_origin_v1,ett1/15T/short,Toto-2.0-2.5B,toto2,Toto-2.0-2.5B,2454.281792,2454.281792,96,controlled,shared_origin_v1:Hmax=720,720,720,512,controlled,62480,68960,512,512,256,256,100,[],merged,2,1,6720,34135.138978496194,,100,,float32,native_horizon,96,,direct_full_horizon,6.973931594122024,6.973931594122024,1.2778052920386904,0.8481688740329335,0.7434704578921861,0.32464403424944194,7.5050373774104,2.6408202502484004,0.5198839850292901,0.25155460969147897,0.2001192363878761,0.8481688740329335,0.9821805215765067,0.8635570095317407,-0.14669536211353082,0.2001192363878761,0.25028356996012957,0.799570009408749,-0.2236811840518569,Energy,7
ett1/15T/short|H=96|L=1024|Hsrc=controlled|Lsrc=controlled|origins=shared_origin_v1:Hmax=720,joint-scaling,release,standard_hl_shared_origin_v1,ett1/15T/short,Toto-2.0-2.5B,toto2,Toto-2.0-2.5B,2454.281792,2454.281792,96,controlled,shared_origin_v1:Hmax=720,720,720,1024,controlled,62480,68960,1024,1024,256,256,100,[],merged,2,1,6720,34135.138978496194,,100,,float32,native_horizon,96,,direct_full_horizon,6.173493303571429,6.173493303571429,1.1666835239955358,0.7841173899683143,0.6146908289917611,0.30713653564453125,6.756976905934362,2.484651545704433,0.4891398976770583,0.22967866884001747,0.191092646778504,0.7841173899683143,0.9821805215765067,0.7983434539199784,-0.2252163807415624,0.191092646778504,0.25028356996012957,0.763504559284276,-0.26983618278361626,Energy,7
ett1/15T/short|H=96|L=2048|Hsrc=controlled|Lsrc=controlled|origins=shared_origin_v1:Hmax=720,joint-scaling,release,standard_hl_shared_origin_v1,ett1/15T/short,Toto-2.0-2.5B,toto2,Toto-2.0-2.5B,2454.281792,2454.281792,96,controlled,shared_origin_v1:Hmax=720,720,720,2048,controlled,62480,68960,2048,2048,256,256,100,[],merged,2,1,6720,34135.138978496194,,100,,float32,native_horizon,96,,direct_full_horizon,6.861676897321429,6.861676897321429,1.2577533540271577,0.8199818308269864,0.6974973146715626,0.3250162397112165,5.586537510865063,2.6194802723672934,0.5156828991203861,0.24760709321813498,0.19127492519306089,0.8199818308269864,0.9821805215765067,0.8348585751943302,-0.18049293950092765,0.19127492519306089,0.25028356996012957,0.7642328468605877,-0.2688827628718556,Energy,7
ett1/15T/short|H=96|L=4096|Hsrc=controlled|Lsrc=controlled|origins=shared_origin_v1:Hmax=720,joint-scaling,release,standard_hl_shared_origin_v1,ett1/15T/short,Toto-2.0-2.5B,toto2,Toto-2.0-2.5B,2454.281792,2454.281792,96,controlled,shared_origin_v1:Hmax=720,720,720,4096,controlled,62480,68960,4096,4096,256,256,100,[],merged,2,1,6720,34135.138978496194,,100,,float32,native_horizon,96,,direct_full_horizon,5.8280029296875,5.8280029296875,1.193880353655134,0.7894342529038991,0.6170426029395317,0.3175997052873884,5.157415147281169,2.4141257071013307,0.4752558576644657,0.23503276144903348,0.18011218920432137,0.7894342529038991,0.9821805215765067,0.8037567794938258,-0.2184585686368596,0.18011218920432137,0.25028356996012957,0.7196324921888138,-0.32901462480004207,Energy,7
ett1/15T/short|H=192|L=128|Hsrc=controlled|Lsrc=controlled|origins=shared_origin_v1:Hmax=720,joint-scaling,release,standard_hl_shared_origin_v1,ett1/15T/short,Toto-2.0-2.5B,toto2,Toto-2.0-2.5B,2454.281792,2454.281792,192,controlled,shared_origin_v1:Hmax=720,720,720,128,controlled,62480,68960,128,128,256,256,100,[],merged,2,1,13440,67466.7129554376,,100,,float32,native_horizon,192,,direct_full_horizon,21.52251209077381,21.52251209077381,2.6017339797247026,1.7463880440779092,1.1645851200686106,0.6252580915178572,19.889626127520202,4.639236153805259,0.9241792163244462,0.5182897336438524,0.44248557421271517,1.7463880440779092,1.032985484626417,1.6906220562329555,0.5250965418211485,0.44248557421271517,0.2812593957645288,1.5732294845117474,0.45313050314394815,Energy,7
ett1/15T/short|H=192|L=256|Hsrc=controlled|Lsrc=controlled|origins=shared_origin_v1:Hmax=720,joint-scaling,release,standard_hl_shared_origin_v1,ett1/15T/short,Toto-2.0-2.5B,toto2,Toto-2.0-2.5B,2454.281792,2454.281792,192,controlled,shared_origin_v1:Hmax=720,720,720,256,controlled,62480,68960,256,256,256,256,100,[],merged,2,1,13440,67466.7129554376,,100,,float32,native_horizon,192,,direct_full_horizon,14.41174083891369,14.41174083891369,2.2052600678943453,1.5193421335284927,0.9820299827774256,0.5587275913783483,13.39044268985383,3.7962798683597723,0.7562544430533596,0.43930842357884897,0.3625867740022006,1.5193421335284927,1.032985484626417,1.470826217928869,0.3858242959108462,0.3625867740022006,0.2812593957645288,1.2891543516852297,0.2539864620831352,Energy,7
ett1/15T/short|H=192|L=512|Hsrc=controlled|Lsrc=controlled|origins=shared_origin_v1:Hmax=720,joint-scaling,release,standard_hl_shared_origin_v1,ett1/15T/short,Toto-2.0-2.5B,toto2,Toto-2.0-2.5B,2454.281792,2454.281792,192,controlled,shared_origin_v1:Hmax=720,720,720,512,controlled,62480,68960,512,512,256,256,100,[],merged,2,1,13440,67466.7129554376,,100,,float32,native_horizon,192,,direct_full_horizon,9.415533156622024,9.415533156622024,1.4885498046875,0.9533471387588924,0.8688072143709449,0.3663796197800409,7.970982507817864,3.068474076250608,0.6112687246531157,0.2965330382734701,0.23241177242452768,0.9533471387588924,1.032985484626417,0.9229046806051432,-0.08022932109583292,0.23241177242452768,0.2812593957645288,0.8263253634346264,-0.1907666805571397,Energy,7
ett1/15T/short|H=192|L=1024|Hsrc=controlled|Lsrc=controlled|origins=shared_origin_v1:Hmax=720,joint-scaling,release,standard_hl_shared_origin_v1,ett1/15T/short,Toto-2.0-2.5B,toto2,Toto-2.0-2.5B,2454.281792,2454.281792,192,controlled,shared_origin_v1:Hmax=720,720,720,1024,controlled,62480,68960,1024,1024,256,256,100,[],merged,2,1,13440,67466.7129554376,,100,,float32,native_horizon,192,,direct_full_horizon,6.644880022321429,6.644880022321429,1.255862572079613,0.8396457641166286,0.7359509442119099,0.33473663330078124,6.562814874584868,2.5777664794006125,0.513515183495418,0.250179566031305,0.20440465241600603,0.8396457641166286,1.032985484626417,0.8128340394059744,-0.20722832384440712,0.20440465241600603,0.2812593957645288,0.7267478188964546,-0.3191757407221244,Energy,7
ett1/15T/short|H=192|L=2048|Hsrc=controlled|Lsrc=controlled|origins=shared_origin_v1:Hmax=720,joint-scaling,release,standard_hl_shared_origin_v1,ett1/15T/short,Toto-2.0-2.5B,toto2,Toto-2.0-2.5B,2454.281792,2454.281792,192,controlled,shared_origin_v1:Hmax=720,720,720,2048,controlled,62480,68960,2048,2048,256,256,100,[],merged,2,1,13440,67466.7129554376,,100,,float32,native_horizon,192,,direct_full_horizon,8.105993071056547,8.105993071056547,1.3983997163318453,0.8748976562691725,0.8120171445018272,0.35590994698660716,5.99251965879738,2.8471025747339254,0.5671694518406194,0.2785742978157827,0.2074351885417438,0.8748976562691725,1.032985484626417,0.8469602615815869,-0.16610150209943259,0.2074351885417438,0.2812593957645288,0.7375226984964768,-0.3044584136194421,Energy,7
ett1/15T/short|H=192|L=4096|Hsrc=controlled|Lsrc=controlled|origins=shared_origin_v1:Hmax=720,joint-scaling,release,standard_hl_shared_origin_v1,ett1/15T/short,Toto-2.0-2.5B,toto2,Toto-2.0-2.5B,2454.281792,2454.281792,192,controlled,shared_origin_v1:Hmax=720,720,720,4096,controlled,62480,68960,4096,4096,256,256,100,[],merged,2,1,13440,67466.7129554376,,100,,float32,native_horizon,192,,direct_full_horizon,7.092003813244047,7.092003813244047,1.329264613560268,0.8412508268783285,0.7628947179832575,0.34602755591982887,5.586523310962206,2.6630816384865197,0.5305107608384546,0.2648019389658158,0.19708947916306596,0.8412508268783285,1.032985484626417,0.8143878490050322,-0.20531855347764713,0.19708947916306596,0.2812593957645288,0.7007391828718492,-0.3556195255574905,Energy,7
ett1/15T/short|H=336|L=128|Hsrc=controlled|Lsrc=controlled|origins=shared_origin_v1:Hmax=720,joint-scaling,release,standard_hl_shared_origin_v1,ett1/15T/short,Toto-2.0-2.5B,toto2,Toto-2.0-2.5B,2454.281792,2454.281792,336,controlled,shared_origin_v1:Hmax=720,720,720,128,controlled,62480,68960,128,128,256,256,100,[],merged,2,1,23520,120869.03296483308,,100,,float32,native_horizon,336,,direct_full_horizon,29.614434523809525,29.614434523809525,3.010885682397959,1.9385178547835995,1.2118045014167624,0.6672070976828232,24.318895779223283,5.441914600929485,1.0589464337908734,0.5858906083132474,0.49709314628364176,1.9385178547835995,1.1243643896038518,1.7241010767573306,0.5447057997324649,0.49709314628364176,0.3120969403608288,1.5927523855534464,0.4654635797709571,Energy,7
ett1/15T/short|H=336|L=256|Hsrc=controlled|Lsrc=controlled|origins=shared_origin_v1:Hmax=720,joint-scaling,release,standard_hl_shared_origin_v1,ett1/15T/short,Toto-2.0-2.5B,toto2,Toto-2.0-2.5B,2454.281792,2454.281792,336,controlled,shared_origin_v1:Hmax=720,720,720,256,controlled,62480,68960,256,256,256,256,100,[],merged,2,1,23520,120869.03296483308,,100,,float32,native_horizon,336,,direct_full_horizon,29.614434523809525,29.614434523809525,3.010885682397959,1.9385178547835995,1.2118045014167624,0.6672070976828232,24.318895779223283,5.441914600929485,1.0589464337908734,0.5858906083132474,0.49709314628364176,1.9385178547835995,1.1243643896038518,1.7241010767573306,0.5447057997324649,0.49709314628364176,0.3120969403608288,1.5927523855534464,0.4654635797709571,Energy,7
ett1/15T/short|H=336|L=512|Hsrc=controlled|Lsrc=controlled|origins=shared_origin_v1:Hmax=720,joint-scaling,release,standard_hl_shared_origin_v1,ett1/15T/short,Toto-2.0-2.5B,toto2,Toto-2.0-2.5B,2454.281792,2454.281792,336,controlled,shared_origin_v1:Hmax=720,720,720,512,controlled,62480,68960,512,512,256,256,100,[],merged,2,1,23520,120869.03296483308,,100,,float32,native_horizon,336,,direct_full_horizon,14.00492400085034,14.00492400085034,1.9834186995110543,1.2580113622907183,0.8933851237270443,0.4590593195285927,10.984778808969093,3.7423153262185616,0.7282200768353118,0.38595500160965834,0.3149456917672395,1.2580113622907183,1.1243643896038518,1.1188644659352422,0.11231430129278097,0.3149456917672395,0.3120969403608288,1.0091277774242746,0.009086371038705804,Energy,7
ett1/15T/short|H=336|L=1024|Hsrc=controlled|Lsrc=controlled|origins=shared_origin_v1:Hmax=720,joint-scaling,release,standard_hl_shared_origin_v1,ett1/15T/short,Toto-2.0-2.5B,toto2,Toto-2.0-2.5B,2454.281792,2454.281792,336,controlled,shared_origin_v1:Hmax=720,720,720,1024,controlled,62480,68960,1024,1024,256,256,100,[],merged,2,1,23520,120869.03296483308,,100,,float32,native_horizon,336,,direct_full_horizon,10.19683912627551,10.19683912627551,1.6190708705357142,1.0171281116986666,0.808638190272274,0.3857081821986607,7.214205533092524,3.193248992213966,0.6213768279152561,0.3150562715768526,0.24344870287310708,1.0171281116986666,1.1243643896038518,0.9046249784351781,-0.10023480963425588,0.24344870287310708,0.3120969403608288,0.7800419401473321,-0.24840759132436654,Energy,7
ett1/15T/short|H=336|L=2048|Hsrc=controlled|Lsrc=controlled|origins=shared_origin_v1:Hmax=720,joint-scaling,release,standard_hl_shared_origin_v1,ett1/15T/short,Toto-2.0-2.5B,toto2,Toto-2.0-2.5B,2454.281792,2454.281792,336,controlled,shared_origin_v1:Hmax=720,720,720,2048,controlled,62480,68960,2048,2048,256,256,100,[],merged,2,1,23520,120869.03296483308,,100,,float32,native_horizon,336,,direct_full_horizon,9.109612829506803,9.109612829506803,1.5145565941220238,0.9438513781373815,0.7691431050002132,0.37601135669111396,6.6546322481170375,3.0182135162222705,0.5873165372490563,0.2947187564917008,0.21960691425225512,0.9438513781373815,1.1243643896038518,0.8394532829965643,-0.1750044526174325,0.21960691425225512,0.3120969403608288,0.7036496865312363,-0.35147465102926906,Energy,7
ett1/15T/short|H=336|L=4096|Hsrc=controlled|Lsrc=controlled|origins=shared_origin_v1:Hmax=720,joint-scaling,release,standard_hl_shared_origin_v1,ett1/15T/short,Toto-2.0-2.5B,toto2,Toto-2.0-2.5B,2454.281792,2454.281792,336,controlled,shared_origin_v1:Hmax=720,720,720,4096,controlled,62480,68960,4096,4096,256,256,100,[],merged,2,1,23520,120869.03296483308,,100,,float32,native_horizon,336,,direct_full_horizon,8.663921662414966,8.663921662414966,1.4993399899022108,0.9349899917274163,0.7821514551109975,0.3697764286378614,6.079665761124979,2.9434540360628985,0.572769031322869,0.2917577455323914,0.21683382797678763,0.9349899917274163,1.1243643896038518,0.8315720422778972,-0.18443734275786483,0.21683382797678763,0.3120969403608288,0.6947643502243138,-0.36418255533813176,Energy,7
ett1/15T/short|H=720|L=128|Hsrc=controlled|Lsrc=controlled|origins=shared_origin_v1:Hmax=720,joint-scaling,release,standard_hl_shared_origin_v1,ett1/15T/short,Toto-2.0-2.5B,toto2,Toto-2.0-2.5B,2454.281792,2454.281792,720,controlled,shared_origin_v1:Hmax=720,720,720,128,controlled,62480,68960,128,128,256,256,100,[],merged,2,1,50400,264426.7650203854,,100,,float32,native_horizon,720,,direct_full_horizon,33.00561755952381,33.00561755952381,3.2097792658730158,1.999053742252768,1.1810307952195869,0.6802266245039682,33.59477339085638,5.74505157152865,1.0950124477101315,0.611787066969293,0.5467428511106059,1.999053742252768,1.1908857060716118,1.6786277071433406,0.5179766186326777,0.5467428511106059,0.34017934522818005,1.6072194234599122,0.4745056197242522,Energy,7
ett1/15T/short|H=720|L=256|Hsrc=controlled|Lsrc=controlled|origins=shared_origin_v1:Hmax=720,joint-scaling,release,standard_hl_shared_origin_v1,ett1/15T/short,Toto-2.0-2.5B,toto2,Toto-2.0-2.5B,2454.281792,2454.281792,720,controlled,shared_origin_v1:Hmax=720,720,720,256,controlled,62480,68960,256,256,256,256,100,[],merged,2,1,50400,264426.7650203854,,100,,float32,native_horizon,720,,direct_full_horizon,33.00561755952381,33.00561755952381,3.2097792658730158,1.999053742252768,1.1810307952195869,0.6802266245039682,33.59477339085638,5.74505157152865,1.0950124477101315,0.611787066969293,0.5467428511106059,1.999053742252768,1.1908857060716118,1.6786277071433406,0.5179766186326777,0.5467428511106059,0.34017934522818005,1.6072194234599122,0.4745056197242522,Energy,7
ett1/15T/short|H=720|L=512|Hsrc=controlled|Lsrc=controlled|origins=shared_origin_v1:Hmax=720,joint-scaling,release,standard_hl_shared_origin_v1,ett1/15T/short,Toto-2.0-2.5B,toto2,Toto-2.0-2.5B,2454.281792,2454.281792,720,controlled,shared_origin_v1:Hmax=720,720,720,512,controlled,62480,68960,512,512,256,256,100,[],merged,2,1,50400,264426.7650203854,,100,,float32,native_horizon,720,,direct_full_horizon,33.00561755952381,33.00561755952381,3.2097792658730158,1.999053742252768,1.1810307952195869,0.6802266245039682,33.59477339085638,5.74505157152865,1.0950124477101315,0.611787066969293,0.5467428511106059,1.999053742252768,1.1908857060716118,1.6786277071433406,0.5179766186326777,0.5467428511106059,0.34017934522818005,1.6072194234599122,0.4745056197242522,Energy,7
ett1/15T/short|H=720|L=1024|Hsrc=controlled|Lsrc=controlled|origins=shared_origin_v1:Hmax=720,joint-scaling,release,standard_hl_shared_origin_v1,ett1/15T/short,Toto-2.0-2.5B,toto2,Toto-2.0-2.5B,2454.281792,2454.281792,720,controlled,shared_origin_v1:Hmax=720,720,720,1024,controlled,62480,68960,1024,1024,256,256,100,[],merged,2,1,50400,264426.7650203854,,100,,float32,native_horizon,720,,direct_full_horizon,11.936331845238096,11.936331845238096,1.8116361297123016,1.141707812446582,0.8473407926847453,0.42071416945684526,9.471570235144597,3.4548996867113373,0.6585072588882124,0.34529961795078096,0.27744086230224724,1.141707812446582,1.1908857060716118,0.9587047746275724,-0.04217209859702396,0.27744086230224724,0.34017934522818005,0.8155723332236703,-0.20386516284877712,Energy,7
ett1/15T/short|H=720|L=2048|Hsrc=controlled|Lsrc=controlled|origins=shared_origin_v1:Hmax=720,joint-scaling,release,standard_hl_shared_origin_v1,ett1/15T/short,Toto-2.0-2.5B,toto2,Toto-2.0-2.5B,2454.281792,2454.281792,720,controlled,shared_origin_v1:Hmax=720,720,720,2048,controlled,62480,68960,2048,2048,256,256,100,[],merged,2,1,50400,264426.7650203854,,100,,float32,native_horizon,720,,direct_full_horizon,9.205490451388888,9.205490451388888,1.5891336495535715,1.0105089026086105,0.7459427001530846,0.3922497752356151,7.475595842551076,3.0340551167355034,0.5782938723002592,0.3028904276438335,0.2349076206719624,1.0105089026086105,1.1908857060716118,0.8485355878037932,-0.1642432531676063,0.2349076206719624,0.34017934522818005,0.6905405162514933,-0.37028063116847443,Energy,7
ett1/15T/short|H=720|L=4096|Hsrc=controlled|Lsrc=controlled|origins=shared_origin_v1:Hmax=720,joint-scaling,release,standard_hl_shared_origin_v1,ett1/15T/short,Toto-2.0-2.5B,toto2,Toto-2.0-2.5B,2454.281792,2454.281792,720,controlled,shared_origin_v1:Hmax=720,720,720,4096,controlled,62480,68960,4096,4096,256,256,100,[],merged,2,1,50400,264426.7650203854,,100,,float32,native_horizon,720,,direct_full_horizon,8.360154389880952,8.360154389880952,1.5519813368055555,0.992078791875617,0.7680948397333942,0.38346439422123013,6.9447949718677835,2.891393157265361,0.5511023633138641,0.2958091605022276,0.22668898922318215,0.992078791875617,1.1908857060716118,0.8330596184147667,-0.1826500686503461,0.22668898922318215,0.34017934522818005,0.6663808147173877,-0.40589397798362226,Energy,7
ett1/H/short|H=48|L=128|Hsrc=controlled|Lsrc=controlled|origins=shared_origin_v1:Hmax=720,joint-scaling,release,standard_hl_shared_origin_v1,ett1/H/short,Toto-2.0-2.5B,toto2,Toto-2.0-2.5B,2454.281792,2454.281792,48,controlled,shared_origin_v1:Hmax=720,720,720,128,controlled,15260,16700,128,128,256,256,100,[],merged,2,1,1008,20577.4390123263,,100,,float32,native_horizon,48,,direct_full_horizon,104.44268508184524,104.44268508184524,5.205332438151042,0.9445875713827465,129812.24603174604,0.3386256505572607,10.474540726975635,10.21972040135371,0.5006200314039928,0.25498678890571397,0.21331559647575624,0.9445875713827465,1.0359567809514858,0.9118021028977481,-0.09233230489075046,0.21331559647575624,0.24896323633412581,0.8568156472286214,-0.15453249761033347,Energy,7
ett1/H/short|H=48|L=256|Hsrc=controlled|Lsrc=controlled|origins=shared_origin_v1:Hmax=720,joint-scaling,release,standard_hl_shared_origin_v1,ett1/H/short,Toto-2.0-2.5B,toto2,Toto-2.0-2.5B,2454.281792,2454.281792,48,controlled,shared_origin_v1:Hmax=720,720,720,256,controlled,15260,16700,256,256,256,256,100,[],merged,2,1,1008,20577.4390123263,,100,,float32,native_horizon,48,,direct_full_horizon,104.8481677827381,104.8481677827381,4.93590824187748,0.8300638678315677,97609.01587301587,0.306561515444801,6.223343396286783,10.239539432158953,0.5015908802564529,0.24178885938294548,0.19188513968133744,0.8300638678315677,1.0359567809514858,0.8012533757143676,-0.221578057696079,0.19188513968133744,0.24896323633412581,0.7707368465592018,-0.26040827812964473,Energy,7
ett1/H/short|H=48|L=512|Hsrc=controlled|Lsrc=controlled|origins=shared_origin_v1:Hmax=720,joint-scaling,release,standard_hl_shared_origin_v1,ett1/H/short,Toto-2.0-2.5B,toto2,Toto-2.0-2.5B,2454.281792,2454.281792,48,controlled,shared_origin_v1:Hmax=720,720,720,512,controlled,15260,16700,512,512,256,256,100,[],merged,2,1,1008,20577.4390123263,,100,,float32,native_horizon,48,,direct_full_horizon,143.29803757440476,143.29803757440476,5.509525359623016,0.9084536430934138,142497.9841269841,0.3192771729968843,5.142356997504429,11.97071583383403,0.5863937467279886,0.26988788834088057,0.20646930188332596,0.9084536430934138,1.0359567809514858,0.8769223386510725,-0.13133684395056922,0.20646930188332596,0.24896323633412581,0.8293164280939453,-0.18715349813003074,Energy,7
ett1/H/short|H=48|L=1024|Hsrc=controlled|Lsrc=controlled|origins=shared_origin_v1:Hmax=720,joint-scaling,release,standard_hl_shared_origin_v1,ett1/H/short,Toto-2.0-2.5B,toto2,Toto-2.0-2.5B,2454.281792,2454.281792,48,controlled,shared_origin_v1:Hmax=720,720,720,1024,controlled,15260,16700,1024,1024,256,256,100,[],merged,2,1,1008,20577.4390123263,,100,,float32,native_horizon,48,,direct_full_horizon,117.05795045882937,117.05795045882937,5.062839084201389,0.8720303309997454,156920.79365079364,0.31576883225213914,5.7884193499547845,10.819332255681465,0.5299924304085688,0.24800665397759145,0.18419037056879992,0.8720303309997454,1.0359567809514858,0.841763234754658,-0.17225649816030017,0.18419037056879992,0.24896323633412581,0.7398295960516987,-0.30133539490723243,Energy,7
ett1/H/short|H=48|L=2048|Hsrc=controlled|Lsrc=controlled|origins=shared_origin_v1:Hmax=720,joint-scaling,release,standard_hl_shared_origin_v1,ett1/H/short,Toto-2.0-2.5B,toto2,Toto-2.0-2.5B,2454.281792,2454.281792,48,controlled,shared_origin_v1:Hmax=720,720,720,2048,controlled,15260,16700,2048,2048,256,256,100,[],merged,2,1,1008,20577.4390123263,,100,,float32,native_horizon,48,,direct_full_horizon,107.72655474950396,107.72655474950396,5.012209937686012,0.8863475159245404,157794.03174603175,0.3225607493567088,5.145702665165101,10.379140366596069,0.5084293280257949,0.2455265504206362,0.17956607699257723,0.8863475159245404,1.0359567809514858,0.8555834878656471,-0.1559716008548682,0.17956607699257723,0.24896323633412581,0.7212553935135515,-0.3267619831793976,Energy,7
ett1/H/short|H=48|L=4096|Hsrc=controlled|Lsrc=controlled|origins=shared_origin_v1:Hmax=720,joint-scaling,release,standard_hl_shared_origin_v1,ett1/H/short,Toto-2.0-2.5B,toto2,Toto-2.0-2.5B,2454.281792,2454.281792,48,controlled,shared_origin_v1:Hmax=720,720,720,4096,controlled,15260,16700,4096,4096,256,256,100,[],merged,2,1,1008,20577.4390123263,,100,,float32,native_horizon,48,,direct_full_horizon,104.80880301339286,104.80880301339286,5.0022088913690474,0.8772385289062573,147364.85714285713,0.32056626819428946,5.032599784647218,10.237617057371939,0.5014967114055988,0.24503664228962627,0.17802908780820365,0.8772385289062573,1.0359567809514858,0.8467906625414895,-0.16630176654002857,0.17802908780820365,0.24896323633412581,0.7150818346901482,-0.3353582887254062,Energy,7
ett1/H/short|H=96|L=128|Hsrc=controlled|Lsrc=controlled|origins=shared_origin_v1:Hmax=720,joint-scaling,release,standard_hl_shared_origin_v1,ett1/H/short,Toto-2.0-2.5B,toto2,Toto-2.0-2.5B,2454.281792,2454.281792,96,controlled,shared_origin_v1:Hmax=720,720,720,128,controlled,15260,16700,128,128,256,256,100,[],merged,2,1,2016,44362.64408172667,,100,,float32,native_horizon,96,,direct_full_horizon,197.6832527281746,197.6832527281746,6.540745810856895,1.1977471759292173,75855.53968253969,0.37920643034435453,12.474156682186056,14.059987650356405,0.6389370085989536,0.29723529396479276,0.2506323101936356,1.1977471759292173,1.2881323512107834,0.9298323846950911,-0.07275094058914064,0.2506323101936356,0.2992979528082596,0.8374006833057062,-0.17745260941258564,Energy,7
ett1/H/short|H=96|L=256|Hsrc=controlled|Lsrc=controlled|origins=shared_origin_v1:Hmax=720,joint-scaling,release,standard_hl_shared_origin_v1,ett1/H/short,Toto-2.0-2.5B,toto2,Toto-2.0-2.5B,2454.281792,2454.281792,96,controlled,shared_origin_v1:Hmax=720,720,720,256,controlled,15260,16700,256,256,256,256,100,[],merged,2,1,2016,44362.64408172667,,100,,float32,native_horizon,96,,direct_full_horizon,208.08289930555554,208.08289930555554,6.786131843687996,1.112208494156135,51352.57142857143,0.3702066209581163,8.121202455841031,14.425078831866243,0.655528080595652,0.3083865283519079,0.24966940832115125,1.112208494156135,1.2881323512107834,0.863427188293743,-0.14684570655606338,0.24966940832115125,0.2992979528082596,0.8341834816394414,-0.18130189885451678,Energy,7
ett1/H/short|H=96|L=512|Hsrc=controlled|Lsrc=controlled|origins=shared_origin_v1:Hmax=720,joint-scaling,release,standard_hl_shared_origin_v1,ett1/H/short,Toto-2.0-2.5B,toto2,Toto-2.0-2.5B,2454.281792,2454.281792,96,controlled,shared_origin_v1:Hmax=720,720,720,512,controlled,15260,16700,512,512,256,256,100,[],merged,2,1,2016,44362.64408172667,,100,,float32,native_horizon,96,,direct_full_horizon,285.8877728174603,285.8877728174603,7.343232169983879,1.1721357025175132,65541.15476190476,0.3748901609390501,7.662147465422266,16.908216133509185,0.7683708766853059,0.33370319468368587,0.26462980922363766,1.1721357025175132,1.2881323512107834,0.9099497434528068,-0.09436590797124447,0.26462980922363766,0.2992979528082596,0.8841684573538279,-0.12310767188179048,Energy,7
ett1/H/short|H=96|L=1024|Hsrc=controlled|Lsrc=controlled|origins=shared_origin_v1:Hmax=720,joint-scaling,release,standard_hl_shared_origin_v1,ett1/H/short,Toto-2.0-2.5B,toto2,Toto-2.0-2.5B,2454.281792,2454.281792,96,controlled,shared_origin_v1:Hmax=720,720,720,1024,controlled,15260,16700,1024,1024,256,256,100,[],merged,2,1,2016,44362.64408172667,,100,,float32,native_horizon,96,,direct_full_horizon,240.1700923859127,240.1700923859127,6.872651599702381,1.1510043243668266,76565.20634920635,0.3741173819890098,7.361130664166969,15.497422120659703,0.7042592623129766,0.3123183009442644,0.24102703490329905,1.1510043243668266,1.2881323512107834,0.8935450796534511,-0.1125584927695709,0.24102703490329905,0.2992979528082596,0.8053079970704281,-0.2165304696817918,Energy,7
ett1/H/short|H=96|L=2048|Hsrc=controlled|Lsrc=controlled|origins=shared_origin_v1:Hmax=720,joint-scaling,release,standard_hl_shared_origin_v1,ett1/H/short,Toto-2.0-2.5B,toto2,Toto-2.0-2.5B,2454.281792,2454.281792,96,controlled,shared_origin_v1:Hmax=720,720,720,2048,controlled,15260,16700,2048,2048,256,256,100,[],merged,2,1,2016,44362.64408172667,,100,,float32,native_horizon,96,,direct_full_horizon,217.52266245039684,217.52266245039684,6.704734681144593,1.1523048270985097,77816.92063492064,0.37569257948133683,7.18876337336517,14.74864951276546,0.6702323099353437,0.30468754504998397,0.2334801998555998,1.1523048270985097,1.2881323512107834,0.8945546829993034,-0.11142924542641187,0.2334801998555998,0.2992979528082596,0.780092872887691,-0.24834229858177598,Energy,7
ett1/H/short|H=96|L=4096|Hsrc=controlled|Lsrc=controlled|origins=shared_origin_v1:Hmax=720,joint-scaling,release,standard_hl_shared_origin_v1,ett1/H/short,Toto-2.0-2.5B,toto2,Toto-2.0-2.5B,2454.281792,2454.281792,96,controlled,shared_origin_v1:Hmax=720,720,720,4096,controlled,15260,16700,4096,4096,256,256,100,[],merged,2,1,2016,44362.64408172667,,100,,float32,native_horizon,96,,direct_full_horizon,211.17940848214286,211.17940848214286,6.72565181671627,1.1467734811620247,73919.44444444444,0.37816359504820807,7.155691867807906,14.532013228804288,0.6603875687684028,0.3056380958159576,0.232115281170884,1.1467734811620247,1.2881323512107834,0.8902606010043238,-0.11624104899924968,0.232115281170884,0.2992979528082596,0.7755324718829096,-0.2542054250527206,Energy,7
ett1/H/short|H=192|L=128|Hsrc=controlled|Lsrc=controlled|origins=shared_origin_v1:Hmax=720,joint-scaling,release,standard_hl_shared_origin_v1,ett1/H/short,Toto-2.0-2.5B,toto2,Toto-2.0-2.5B,2454.281792,2454.281792,192,controlled,shared_origin_v1:Hmax=720,720,720,128,controlled,15260,16700,128,128,256,256,100,[],merged,2,1,4032,87160.2070671916,,100,,float32,native_horizon,192,,direct_full_horizon,261.8249007936508,261.8249007936508,8.285541837177579,1.4247911599024157,87431.30158730158,0.462612787882487,16.511560033740412,16.181004319684572,0.7485274715636394,0.383286201485804,0.32728854147770003,1.4247911599024157,1.242096558684659,1.1470856673262377,0.13722452352406825,0.32728854147770003,0.3251852194564498,1.0064680738711493,0.006447245645439911,Energy,7
ett1/H/short|H=192|L=256|Hsrc=controlled|Lsrc=controlled|origins=shared_origin_v1:Hmax=720,joint-scaling,release,standard_hl_shared_origin_v1,ett1/H/short,Toto-2.0-2.5B,toto2,Toto-2.0-2.5B,2454.281792,2454.281792,192,controlled,shared_origin_v1:Hmax=720,720,720,256,controlled,15260,16700,256,256,256,256,100,[],merged,2,1,4032,87160.2070671916,,100,,float32,native_horizon,192,,direct_full_horizon,196.62704613095238,196.62704613095238,6.80468992203001,1.1772338815248515,70357.28571428571,0.39840580168224515,11.278352583281338,14.022376622062053,0.6486701264554019,0.31478252162106796,0.2593789467695109,1.1772338815248515,1.242096558684659,0.9477796820977469,-0.05363320658732052,0.2593789467695109,0.3251852194564498,0.7976344902854604,-0.22610481868486285,Energy,7
ett1/H/short|H=192|L=512|Hsrc=controlled|Lsrc=controlled|origins=shared_origin_v1:Hmax=720,joint-scaling,release,standard_hl_shared_origin_v1,ett1/H/short,Toto-2.0-2.5B,toto2,Toto-2.0-2.5B,2454.281792,2454.281792,192,controlled,shared_origin_v1:Hmax=720,720,720,512,controlled,15260,16700,512,512,256,256,100,[],merged,2,1,4032,87160.2070671916,,100,,float32,native_horizon,192,,direct_full_horizon,193.18505084325398,193.18505084325398,6.315388028583829,1.0403449763820736,73222.56349206349,0.36656231350368923,7.493802629106342,13.899102519344693,0.6429675105612792,0.29214759106320315,0.23202071538489402,1.0403449763820736,1.242096558684659,0.8375717403836671,-0.177248358791935,0.23202071538489402,0.3251852194564498,0.713503263686827,-0.3375682678825372,Energy,7
ett1/H/short|H=192|L=1024|Hsrc=controlled|Lsrc=controlled|origins=shared_origin_v1:Hmax=720,joint-scaling,release,standard_hl_shared_origin_v1,ett1/H/short,Toto-2.0-2.5B,toto2,Toto-2.0-2.5B,2454.281792,2454.281792,192,controlled,shared_origin_v1:Hmax=720,720,720,1024,controlled,15260,16700,1024,1024,256,256,100,[],merged,2,1,4032,87160.2070671916,,100,,float32,native_horizon,192,,direct_full_horizon,170.76641555059524,170.76641555059524,6.150121779668899,1.0602112891239577,88509.99206349206,0.37178215147956967,7.5026194456011615,13.067762453863141,0.6045100165188706,0.28450243350740123,0.22215452139774147,1.0602112891239577,1.242096558684659,0.8535659178113236,-0.15833250737920482,0.22215452139774147,0.3251852194564498,0.6831630348054407,-0.38102174393549076,Energy,7
ett1/H/short|H=192|L=2048|Hsrc=controlled|Lsrc=controlled|origins=shared_origin_v1:Hmax=720,joint-scaling,release,standard_hl_shared_origin_v1,ett1/H/short,Toto-2.0-2.5B,toto2,Toto-2.0-2.5B,2454.281792,2454.281792,192,controlled,shared_origin_v1:Hmax=720,720,720,2048,controlled,15260,16700,2048,2048,256,256,100,[],merged,2,1,4032,87160.2070671916,,100,,float32,native_horizon,192,,direct_full_horizon,169.90401785714286,169.90401785714286,6.245813763330853,1.0760961782906078,77958.03174603175,0.3739166259765625,7.361261679806585,13.034723543564047,0.6029816483471055,0.28892911044068986,0.22471249589344403,1.0760961782906078,1.242096558684659,0.8663546893891724,-0.14346088222851208,0.22471249589344403,0.3251852194564498,0.6910292425622946,-0.36957313691699795,Energy,7
ett1/H/short|H=192|L=4096|Hsrc=controlled|Lsrc=controlled|origins=shared_origin_v1:Hmax=720,joint-scaling,release,standard_hl_shared_origin_v1,ett1/H/short,Toto-2.0-2.5B,toto2,Toto-2.0-2.5B,2454.281792,2454.281792,192,controlled,shared_origin_v1:Hmax=720,720,720,4096,controlled,15260,16700,4096,4096,256,256,100,[],merged,2,1,4032,87160.2070671916,,100,,float32,native_horizon,192,,direct_full_horizon,164.66675967261904,164.66675967261904,6.319965665302579,1.0835490688103833,81332.22222222222,0.379546876937624,7.184734370397753,12.832254660527083,0.5936155102449358,0.2923593509003014,0.22441365018434897,1.0835490688103833,1.242096558684659,0.8723549399072705,-0.1365588967138822,0.22441365018434897,0.3251852194564498,0.6901102410480358,-0.3709039245178064,Energy,7
ett1/H/short|H=336|L=128|Hsrc=controlled|Lsrc=controlled|origins=shared_origin_v1:Hmax=720,joint-scaling,release,standard_hl_shared_origin_v1,ett1/H/short,Toto-2.0-2.5B,toto2,Toto-2.0-2.5B,2454.281792,2454.281792,336,controlled,shared_origin_v1:Hmax=720,720,720,128,controlled,15260,16700,128,128,256,256,100,[],merged,2,1,7056,148002.10103227943,,100,,float32,native_horizon,336,,direct_full_horizon,235.64749858276645,235.64749858276645,8.44790282649518,1.4921300226139513,4594279525108.971,0.49096527445613664,19.33142916154283,15.350814264486639,0.7318500527677916,0.40275375773719135,0.3543358649162517,1.4921300226139513,1.3360087461222394,1.1168564778822394,0.11051802291691946,0.3543358649162517,0.3747062738871697,0.9456363279974013,-0.055897215135299216,Energy,7
ett1/H/short|H=336|L=256|Hsrc=controlled|Lsrc=controlled|origins=shared_origin_v1:Hmax=720,joint-scaling,release,standard_hl_shared_origin_v1,ett1/H/short,Toto-2.0-2.5B,toto2,Toto-2.0-2.5B,2454.281792,2454.281792,336,controlled,shared_origin_v1:Hmax=720,720,720,256,controlled,15260,16700,256,256,256,256,100,[],merged,2,1,7056,148002.10103227943,,100,,float32,native_horizon,336,,direct_full_horizon,235.64749858276645,235.64749858276645,8.44790282649518,1.4921300226139513,4594279525108.971,0.49096527445613664,19.33142916154283,15.350814264486639,0.7318500527677916,0.40275375773719135,0.3543358649162517,1.4921300226139513,1.3360087461222394,1.1168564778822394,0.11051802291691946,0.3543358649162517,0.3747062738871697,0.9456363279974013,-0.055897215135299216,Energy,7
ett1/H/short|H=336|L=512|Hsrc=controlled|Lsrc=controlled|origins=shared_origin_v1:Hmax=720,joint-scaling,release,standard_hl_shared_origin_v1,ett1/H/short,Toto-2.0-2.5B,toto2,Toto-2.0-2.5B,2454.281792,2454.281792,336,controlled,shared_origin_v1:Hmax=720,720,720,512,controlled,15260,16700,512,512,256,256,100,[],merged,2,1,7056,148002.10103227943,,100,,float32,native_horizon,336,,direct_full_horizon,175.18542729591837,175.18542729591837,6.833508826707766,1.1835772322809968,6593393235694.005,0.42094196483932117,9.312252395544633,13.235763192801478,0.6310149953076574,0.32578752561582736,0.2608906860502332,1.1835772322809968,1.3360087461222394,0.8859053024288392,-0.12114521622385142,0.2608906860502332,0.3747062738871697,0.6962538506328605,-0.36204095722400054,Energy,7
ett1/H/short|H=336|L=1024|Hsrc=controlled|Lsrc=controlled|origins=shared_origin_v1:Hmax=720,joint-scaling,release,standard_hl_shared_origin_v1,ett1/H/short,Toto-2.0-2.5B,toto2,Toto-2.0-2.5B,2454.281792,2454.281792,336,controlled,shared_origin_v1:Hmax=720,720,720,1024,controlled,15260,16700,1024,1024,256,256,100,[],merged,2,1,7056,148002.10103227943,,100,,float32,native_horizon,336,,direct_full_horizon,171.59157100340136,171.59157100340136,6.775980769912132,1.2020915136984804,8551830148585.941,0.41928318568638395,8.458286571962379,13.099296584298004,0.6245089499009743,0.32304487557289674,0.2562123126743181,1.2020915136984804,1.3360087461222394,0.8997632067810535,-0.10562365385225174,0.2562123126743181,0.3747062738871697,0.6837684088296527,-0.3801360022743283,Energy,7
ett1/H/short|H=336|L=2048|Hsrc=controlled|Lsrc=controlled|origins=shared_origin_v1:Hmax=720,joint-scaling,release,standard_hl_shared_origin_v1,ett1/H/short,Toto-2.0-2.5B,toto2,Toto-2.0-2.5B,2454.281792,2454.281792,336,controlled,shared_origin_v1:Hmax=720,720,720,2048,controlled,15260,16700,2048,2048,256,256,100,[],merged,2,1,7056,148002.10103227943,,100,,float32,native_horizon,336,,direct_full_horizon,163.43987386621316,163.43987386621316,6.727412840136054,1.1900201352376354,9420884154762.738,0.42237317697261195,8.627335483970112,12.784360518469947,0.6094943733173749,0.3207293995755306,0.2524916826663088,1.1900201352376354,1.3360087461222394,0.8907278030115181,-0.11571639424365693,0.2524916826663088,0.3747062738871697,0.6738389513657789,-0.3947641411827889,Energy,7
ett1/H/short|H=336|L=4096|Hsrc=controlled|Lsrc=controlled|origins=shared_origin_v1:Hmax=720,joint-scaling,release,standard_hl_shared_origin_v1,ett1/H/short,Toto-2.0-2.5B,toto2,Toto-2.0-2.5B,2454.281792,2454.281792,336,controlled,shared_origin_v1:Hmax=720,720,720,4096,controlled,15260,16700,4096,4096,256,256,100,[],merged,2,1,7056,148002.10103227943,,100,,float32,native_horizon,336,,direct_full_horizon,163.78812358276645,163.78812358276645,6.806498901643991,1.1969380429315266,10083871035308.408,0.4260033501519097,8.310239827562597,12.79797341702062,0.6101433682404442,0.3244998274688366,0.2533959882116086,1.1969380429315266,1.3360087461222394,0.8959058437346574,-0.10991995664660423,0.2533959882116086,0.3747062738871697,0.6762523231407391,-0.39118901349908164,Energy,7
ett1/H/short|H=720|L=128|Hsrc=controlled|Lsrc=controlled|origins=shared_origin_v1:Hmax=720,joint-scaling,release,standard_hl_shared_origin_v1,ett1/H/short,Toto-2.0-2.5B,toto2,Toto-2.0-2.5B,2454.281792,2454.281792,720,controlled,shared_origin_v1:Hmax=720,720,720,128,controlled,15260,16700,128,128,256,256,100,[],merged,2,1,15120,315737.81191634387,,100,,float32,native_horizon,720,,direct_full_horizon,255.46833664021165,255.46833664021165,9.220368303571428,1.651893171402692,2144156674689.126,0.5347744088955027,25.239033056733724,15.983376884757853,0.7654093028350051,0.44154346894295265,0.4055646751832321,1.651893171402692,1.478701287480662,1.117124320772795,0.11075781270562332,0.4055646751832321,0.4710624864152012,0.8609572761133893,-0.14971039702438513,Energy,7
ett1/H/short|H=720|L=256|Hsrc=controlled|Lsrc=controlled|origins=shared_origin_v1:Hmax=720,joint-scaling,release,standard_hl_shared_origin_v1,ett1/H/short,Toto-2.0-2.5B,toto2,Toto-2.0-2.5B,2454.281792,2454.281792,720,controlled,shared_origin_v1:Hmax=720,720,720,256,controlled,15260,16700,256,256,256,256,100,[],merged,2,1,15120,315737.81191634387,,100,,float32,native_horizon,720,,direct_full_horizon,255.46833664021165,255.46833664021165,9.220368303571428,1.651893171402692,2144156674689.126,0.5347744088955027,25.239033056733724,15.983376884757853,0.7654093028350051,0.44154346894295265,0.4055646751832321,1.651893171402692,1.478701287480662,1.117124320772795,0.11075781270562332,0.4055646751832321,0.4710624864152012,0.8609572761133893,-0.14971039702438513,Energy,7
ett1/H/short|H=720|L=512|Hsrc=controlled|Lsrc=controlled|origins=shared_origin_v1:Hmax=720,joint-scaling,release,standard_hl_shared_origin_v1,ett1/H/short,Toto-2.0-2.5B,toto2,Toto-2.0-2.5B,2454.281792,2454.281792,720,controlled,shared_origin_v1:Hmax=720,720,720,512,controlled,15260,16700,512,512,256,256,100,[],merged,2,1,15120,315737.81191634387,,100,,float32,native_horizon,720,,direct_full_horizon,255.46833664021165,255.46833664021165,9.220368303571428,1.651893171402692,2144156674689.126,0.5347744088955027,25.239033056733724,15.983376884757853,0.7654093028350051,0.44154346894295265,0.4055646751832321,1.651893171402692,1.478701287480662,1.117124320772795,0.11075781270562332,0.4055646751832321,0.4710624864152012,0.8609572761133893,-0.14971039702438513,Energy,7
ett1/H/short|H=720|L=1024|Hsrc=controlled|Lsrc=controlled|origins=shared_origin_v1:Hmax=720,joint-scaling,release,standard_hl_shared_origin_v1,ett1/H/short,Toto-2.0-2.5B,toto2,Toto-2.0-2.5B,2454.281792,2454.281792,720,controlled,shared_origin_v1:Hmax=720,720,720,1024,controlled,15260,16700,1024,1024,256,256,100,[],merged,2,1,15120,315737.81191634387,,100,,float32,native_horizon,720,,direct_full_horizon,147.93569775132275,147.93569775132275,6.938803116732804,1.3170623419596494,3823143591258.1646,0.4566950076471561,10.973425428835364,12.162881967334993,0.5824540755189339,0.33228425347040036,0.2696295816162104,1.3170623419596494,1.478701287480662,0.8906885745691038,-0.11576043610036642,0.2696295816162104,0.4710624864152012,0.5723860196724624,-0.5579416556504151,Energy,7
ett1/H/short|H=720|L=2048|Hsrc=controlled|Lsrc=controlled|origins=shared_origin_v1:Hmax=720,joint-scaling,release,standard_hl_shared_origin_v1,ett1/H/short,Toto-2.0-2.5B,toto2,Toto-2.0-2.5B,2454.281792,2454.281792,720,controlled,shared_origin_v1:Hmax=720,720,720,2048,controlled,15260,16700,2048,2048,256,256,100,[],merged,2,1,15120,315737.81191634387,,100,,float32,native_horizon,720,,direct_full_horizon,143.44082341269842,143.44082341269842,6.91839347718254,1.3166374662258353,3922956483591.518,0.46203545464409723,9.744530021172489,11.97667831298388,0.573537185784692,0.3313068800347418,0.26181803659312125,1.3166374662258353,1.478701287480662,0.8904012442357827,-0.11608308163208526,0.26181803659312125,0.4710624864152012,0.5558031983942595,-0.5873410071126383,Energy,7
ett1/H/short|H=720|L=4096|Hsrc=controlled|Lsrc=controlled|origins=shared_origin_v1:Hmax=720,joint-scaling,release,standard_hl_shared_origin_v1,ett1/H/short,Toto-2.0-2.5B,toto2,Toto-2.0-2.5B,2454.281792,2454.281792,720,controlled,shared_origin_v1:Hmax=720,720,720,4096,controlled,15260,16700,4096,4096,256,256,100,[],merged,2,1,15120,315737.81191634387,,100,,float32,native_horizon,720,,direct_full_horizon,146.4057208994709,146.4057208994709,7.117228835978836,1.3501813673273202,4784745265113.937,0.47668198681382273,9.467172814287485,12.099823176372078,0.5794343265899969,0.3408286747376092,0.26595670659516396,1.3501813673273202,1.478701287480662,0.9130859482970305,-0.09092526448599694,0.26595670659516396,0.4710624864152012,0.5645890179434622,-0.5716572143907775,Energy,7
ett2/15T/short|H=48|L=128|Hsrc=controlled|Lsrc=controlled|origins=shared_origin_v1:Hmax=720,joint-scaling,release,standard_hl_shared_origin_v1,ett2/15T/short,Toto-2.0-2.5B,toto2,Toto-2.0-2.5B,2454.281792,2454.281792,48,controlled,shared_origin_v1:Hmax=720,720,720,128,controlled,62480,68960,128,128,256,256,100,[],merged,2,1,3360,61217.23699820042,,100,,float32,native_horizon,48,,direct_full_horizon,8.043595377604166,8.043595377604166,1.9105862572079613,0.8840114422155579,0.14201608207474548,0.19250887916201637,5.992157652946835,2.8361233008464506,0.1556648871807822,0.1048653963981985,0.0816663400493846,0.8840114422155579,0.819992309386593,1.0780728454354107,0.07517504481915276,0.0816663400493846,0.08888418323744869,0.9187949652551561,-0.08469228787838058,Energy,7
ett2/15T/short|H=48|L=256|Hsrc=controlled|Lsrc=controlled|origins=shared_origin_v1:Hmax=720,joint-scaling,release,standard_hl_shared_origin_v1,ett2/15T/short,Toto-2.0-2.5B,toto2,Toto-2.0-2.5B,2454.281792,2454.281792,48,controlled,shared_origin_v1:Hmax=720,720,720,256,controlled,62480,68960,256,256,256,256,100,[],merged,2,1,3360,61217.23699820042,,100,,float32,native_horizon,48,,direct_full_horizon,6.022059849330357,6.022059849330357,1.5907563709077381,0.7388287793175888,0.11441406845828249,0.16269981747581846,5.218975646519454,2.453988559331595,0.13469084793220162,0.08731105270901272,0.06971508334457464,0.7388287793175888,0.819992309386593,0.9010191569604846,-0.10422875971249954,0.06971508334457464,0.08888418323744869,0.7843362092706082,-0.24291751220124944,Energy,7
ett2/15T/short|H=48|L=512|Hsrc=controlled|Lsrc=controlled|origins=shared_origin_v1:Hmax=720,joint-scaling,release,standard_hl_shared_origin_v1,ett2/15T/short,Toto-2.0-2.5B,toto2,Toto-2.0-2.5B,2454.281792,2454.281792,48,controlled,shared_origin_v1:Hmax=720,720,720,512,controlled,62480,68960,512,512,256,256,100,[],merged,2,1,3360,61217.23699820042,,100,,float32,native_horizon,48,,direct_full_horizon,5.343085007440476,5.343085007440476,1.4635794503348214,0.680427754960004,0.10751412597060421,0.14987435113816033,5.059803907068124,2.3115114119208835,0.12687077569806823,0.08033075640557841,0.06273651391136009,0.680427754960004,0.819992309386593,0.829797727577479,-0.1865733096054622,0.06273651391136009,0.08888418323744869,0.7058231467770065,-0.3483905731851945,Energy,7
ett2/15T/short|H=48|L=1024|Hsrc=controlled|Lsrc=controlled|origins=shared_origin_v1:Hmax=720,joint-scaling,release,standard_hl_shared_origin_v1,ett2/15T/short,Toto-2.0-2.5B,toto2,Toto-2.0-2.5B,2454.281792,2454.281792,48,controlled,shared_origin_v1:Hmax=720,720,720,1024,controlled,62480,68960,1024,1024,256,256,100,[],merged,2,1,3360,61217.23699820042,,100,,float32,native_horizon,48,,direct_full_horizon,5.066314987909227,5.066314987909227,1.3877285911923363,0.6183795367346175,0.09307304601104904,0.1394959222702753,4.794007246272808,2.2508476154349557,0.1235411521118435,0.07616756807471269,0.06002791298756575,0.6183795367346175,0.819992309386593,0.754128459079336,-0.28219255535377835,0.06002791298756575,0.08888418323744869,0.675349773167233,-0.39252453984980695,Energy,7
ett2/15T/short|H=48|L=2048|Hsrc=controlled|Lsrc=controlled|origins=shared_origin_v1:Hmax=720,joint-scaling,release,standard_hl_shared_origin_v1,ett2/15T/short,Toto-2.0-2.5B,toto2,Toto-2.0-2.5B,2454.281792,2454.281792,48,controlled,shared_origin_v1:Hmax=720,720,720,2048,controlled,62480,68960,2048,2048,256,256,100,[],merged,2,1,3360,61217.23699820042,,100,,float32,native_horizon,48,,direct_full_horizon,4.9216238839285715,4.9216238839285715,1.356723894391741,0.5935529775732541,0.0896053256022632,0.1352466583251953,4.99990777567729,2.2184733227894746,0.12176424043430381,0.07446582872223158,0.05879898940339334,0.5935529775732541,0.819992309386593,0.723851883461285,-0.323168488380517,0.05879898940339334,0.08888418323744869,0.6615236509100322,-0.4132095426119469,Energy,7
ett2/15T/short|H=48|L=4096|Hsrc=controlled|Lsrc=controlled|origins=shared_origin_v1:Hmax=720,joint-scaling,release,standard_hl_shared_origin_v1,ett2/15T/short,Toto-2.0-2.5B,toto2,Toto-2.0-2.5B,2454.281792,2454.281792,48,controlled,shared_origin_v1:Hmax=720,720,720,4096,controlled,62480,68960,4096,4096,256,256,100,[],merged,2,1,3360,61217.23699820042,,100,,float32,native_horizon,48,,direct_full_horizon,4.668318684895834,4.668318684895834,1.3152547200520834,0.5780081540137678,0.08727693121341616,0.1332195100330171,4.590378391963912,2.1606292335557793,0.11858938071577503,0.0721897308025338,0.05689699436259009,0.5780081540137678,0.819992309386593,0.7048946037629976,-0.3497069855543535,0.05689699436259009,0.08888418323744869,0.6401250738907419,-0.44609169376769037,Energy,7
ett2/15T/short|H=96|L=128|Hsrc=controlled|Lsrc=controlled|origins=shared_origin_v1:Hmax=720,joint-scaling,release,standard_hl_shared_origin_v1,ett2/15T/short,Toto-2.0-2.5B,toto2,Toto-2.0-2.5B,2454.281792,2454.281792,96,controlled,shared_origin_v1:Hmax=720,720,720,128,controlled,62480,68960,128,128,256,256,100,[],merged,2,1,6720,124424.0499805212,,100,,float32,native_horizon,96,,direct_full_horizon,12.158168247767858,12.158168247767858,2.2728690011160713,0.9861291163172525,0.1505748701870161,0.19472227550688245,8.927526600096382,3.4868564994515987,0.1883211138038266,0.12275504365828888,0.09921100740269236,0.9861291163172525,0.8129763547178831,1.2129862210561542,0.19308527050428187,0.09921100740269236,0.08579978868907917,1.1563082953760258,0.14523242619608104,Energy,7
ett2/15T/short|H=96|L=256|Hsrc=controlled|Lsrc=controlled|origins=shared_origin_v1:Hmax=720,joint-scaling,release,standard_hl_shared_origin_v1,ett2/15T/short,Toto-2.0-2.5B,toto2,Toto-2.0-2.5B,2454.281792,2454.281792,96,controlled,shared_origin_v1:Hmax=720,720,720,256,controlled,62480,68960,256,256,256,256,100,[],merged,2,1,6720,124424.0499805212,,100,,float32,native_horizon,96,,direct_full_horizon,8.289642043340773,8.289642043340773,1.848268054780506,0.8265470062297913,0.12872621157796607,0.16880865551176524,5.66171738496861,2.8791738473632975,0.15550087187573727,0.09982283433202366,0.07866226172825362,0.8265470062297913,0.8129763547178831,1.0166925537663607,0.016554764348051507,0.07866226172825362,0.08579978868907917,0.9168118352052068,-0.08685302384974261,Energy,7
ett2/15T/short|H=96|L=512|Hsrc=controlled|Lsrc=controlled|origins=shared_origin_v1:Hmax=720,joint-scaling,release,standard_hl_shared_origin_v1,ett2/15T/short,Toto-2.0-2.5B,toto2,Toto-2.0-2.5B,2454.281792,2454.281792,96,controlled,shared_origin_v1:Hmax=720,720,720,512,controlled,62480,68960,512,512,256,256,100,[],merged,2,1,6720,124424.0499805212,,100,,float32,native_horizon,96,,direct_full_horizon,6.072947474888393,6.072947474888393,1.604730224609375,0.717791899957661,0.11317142007635779,0.14778535933721634,5.206074032058417,2.4643350979297423,0.13309590758925155,0.08666963590289192,0.06751021747665205,0.717791899957661,0.8129763547178831,0.8829185446688019,-0.12452233102652455,0.06751021747665205,0.08579978868907917,0.7868343093628729,-0.23973758721196603,Energy,7
ett2/15T/short|H=96|L=1024|Hsrc=controlled|Lsrc=controlled|origins=shared_origin_v1:Hmax=720,joint-scaling,release,standard_hl_shared_origin_v1,ett2/15T/short,Toto-2.0-2.5B,toto2,Toto-2.0-2.5B,2454.281792,2454.281792,96,controlled,shared_origin_v1:Hmax=720,720,720,1024,controlled,62480,68960,1024,1024,256,256,100,[],merged,2,1,6720,124424.0499805212,,100,,float32,native_horizon,96,,direct_full_horizon,5.761564127604166,5.761564127604166,1.5562299455915178,0.6820378956098707,0.10536345115141567,0.14127150036039807,5.007459168440609,2.400325837798728,0.12963884098397907,0.08405019155068652,0.06582775575185,0.6820378956098707,0.8129763547178831,0.8389394004534728,-0.1756168034268901,0.06582775575185,0.08579978868907917,0.7672251500571439,-0.26497497433245615,Energy,7
ett2/15T/short|H=96|L=2048|Hsrc=controlled|Lsrc=controlled|origins=shared_origin_v1:Hmax=720,joint-scaling,release,standard_hl_shared_origin_v1,ett2/15T/short,Toto-2.0-2.5B,toto2,Toto-2.0-2.5B,2454.281792,2454.281792,96,controlled,shared_origin_v1:Hmax=720,720,720,2048,controlled,62480,68960,2048,2048,256,256,100,[],merged,2,1,6720,124424.0499805212,,100,,float32,native_horizon,96,,direct_full_horizon,6.143509347098214,6.143509347098214,1.5696941557384672,0.6747074614879718,0.10311317472803913,0.13928092774890719,4.9914406733201755,2.4786103661322434,0.1338668984253144,0.08477737807291967,0.06629424535816725,0.6747074614879718,0.8129763547178831,0.8299226140741903,-0.186422818593437,0.06629424535816725,0.08579978868907917,0.7726621052460163,-0.2579134472459525,Energy,7
ett2/15T/short|H=96|L=4096|Hsrc=controlled|Lsrc=controlled|origins=shared_origin_v1:Hmax=720,joint-scaling,release,standard_hl_shared_origin_v1,ett2/15T/short,Toto-2.0-2.5B,toto2,Toto-2.0-2.5B,2454.281792,2454.281792,96,controlled,shared_origin_v1:Hmax=720,720,720,4096,controlled,62480,68960,4096,4096,256,256,100,[],merged,2,1,6720,124424.0499805212,,100,,float32,native_horizon,96,,direct_full_horizon,5.79767833891369,5.79767833891369,1.524345906575521,0.6567865333907483,0.10106837190263493,0.1380259559268043,4.789488222682825,2.407836858866001,0.1300445026030951,0.08232817123209825,0.06448007269338926,0.6567865333907483,0.8129763547178831,0.8078790109691009,-0.2133429705726576,0.06448007269338926,0.08579978868907917,0.7515178496190918,-0.2856603180830357,Energy,7
ett2/15T/short|H=192|L=128|Hsrc=controlled|Lsrc=controlled|origins=shared_origin_v1:Hmax=720,joint-scaling,release,standard_hl_shared_origin_v1,ett2/15T/short,Toto-2.0-2.5B,toto2,Toto-2.0-2.5B,2454.281792,2454.281792,192,controlled,shared_origin_v1:Hmax=720,720,720,128,controlled,62480,68960,128,128,256,256,100,[],merged,2,1,13440,246436.99194276333,,100,,float32,native_horizon,192,,direct_full_horizon,12.027150762648809,12.027150762648809,2.366883777436756,1.041184484443343,0.1681380772262746,0.20957120259602866,14.544926764031894,3.468018275996943,0.18913623828124163,0.1290833722566225,0.11222363644178207,1.041184484443343,0.9157795009384372,1.1369379674653104,0.12833865520204973,0.11222363644178207,0.10088154910380433,1.1124297499268876,0.10654658693132248,Energy,7
ett2/15T/short|H=192|L=256|Hsrc=controlled|Lsrc=controlled|origins=shared_origin_v1:Hmax=720,joint-scaling,release,standard_hl_shared_origin_v1,ett2/15T/short,Toto-2.0-2.5B,toto2,Toto-2.0-2.5B,2454.281792,2454.281792,192,controlled,shared_origin_v1:Hmax=720,720,720,256,controlled,62480,68960,256,256,256,256,100,[],merged,2,1,13440,246436.99194276333,,100,,float32,native_horizon,192,,direct_full_horizon,11.302092633928572,11.302092633928572,2.2389873686290924,0.9832264314489434,0.15516268287637242,0.1969676244826544,8.153613080145862,3.361858508909703,0.18334657473112054,0.1221082516758039,0.09711305214185714,0.9832264314489434,0.9157795009384372,1.073649749138729,0.07106382477823053,0.09711305214185714,0.10088154910380433,0.9626443388763836,-0.038071261594474846,Energy,7
ett2/15T/short|H=192|L=512|Hsrc=controlled|Lsrc=controlled|origins=shared_origin_v1:Hmax=720,joint-scaling,release,standard_hl_shared_origin_v1,ett2/15T/short,Toto-2.0-2.5B,toto2,Toto-2.0-2.5B,2454.281792,2454.281792,192,controlled,shared_origin_v1:Hmax=720,720,720,512,controlled,62480,68960,512,512,256,256,100,[],merged,2,1,13440,246436.99194276333,,100,,float32,native_horizon,192,,direct_full_horizon,10.206387183779762,10.206387183779762,2.0215786888485865,0.8741138893095367,0.13758814736128525,0.17137011573428199,6.634466981984164,3.194743680450712,0.17423258873095668,0.11025137648342756,0.08764968206738011,0.8741138893095367,0.9157795009384372,0.9545025723045734,-0.04656494089636902,0.08764968206738011,0.10088154910380433,0.8688375906796495,-0.1405990633816002,Energy,7
ett2/15T/short|H=192|L=1024|Hsrc=controlled|Lsrc=controlled|origins=shared_origin_v1:Hmax=720,joint-scaling,release,standard_hl_shared_origin_v1,ett2/15T/short,Toto-2.0-2.5B,toto2,Toto-2.0-2.5B,2454.281792,2454.281792,192,controlled,shared_origin_v1:Hmax=720,720,720,1024,controlled,62480,68960,1024,1024,256,256,100,[],merged,2,1,13440,246436.99194276333,,100,,float32,native_horizon,192,,direct_full_horizon,9.14299083891369,9.14299083891369,1.9214650472005208,0.8037440145106535,0.12333943193312628,0.15933109465099515,6.071880555288451,3.023737891900303,0.16490640040184698,0.10479145209000487,0.08314809513353211,0.8037440145106535,0.9157795009384372,0.8776610676336648,-0.13049478762700378,0.08314809513353211,0.10088154910380433,0.8242150905907979,-0.1933237508652751,Energy,7
ett2/15T/short|H=192|L=2048|Hsrc=controlled|Lsrc=controlled|origins=shared_origin_v1:Hmax=720,joint-scaling,release,standard_hl_shared_origin_v1,ett2/15T/short,Toto-2.0-2.5B,toto2,Toto-2.0-2.5B,2454.281792,2454.281792,192,controlled,shared_origin_v1:Hmax=720,720,720,2048,controlled,62480,68960,2048,2048,256,256,100,[],merged,2,1,13440,246436.99194276333,,100,,float32,native_horizon,192,,direct_full_horizon,8.947972470238096,8.947972470238096,1.8905314127604167,0.7938350703162536,0.124024680370745,0.1587273915608724,6.078615716549588,2.9913161769091037,0.1631382086784919,0.10310441621281173,0.0820283813247549,0.7938350703162536,0.9157795009384372,0.8668408383271059,-0.14289989653138932,0.0820283813247549,0.10088154910380433,0.813115798215489,-0.20688174634759207,Energy,7
ett2/15T/short|H=192|L=4096|Hsrc=controlled|Lsrc=controlled|origins=shared_origin_v1:Hmax=720,joint-scaling,release,standard_hl_shared_origin_v1,ett2/15T/short,Toto-2.0-2.5B,toto2,Toto-2.0-2.5B,2454.281792,2454.281792,192,controlled,shared_origin_v1:Hmax=720,720,720,4096,controlled,62480,68960,4096,4096,256,256,100,[],merged,2,1,13440,246436.99194276333,,100,,float32,native_horizon,192,,direct_full_horizon,8.513539341517857,8.513539341517857,1.8504945300874256,0.7716306523723739,0.11822028848847922,0.1547208513532366,5.783455647087867,2.917797001423824,0.1591286737838619,0.10092091405721823,0.07992295638590158,0.7716306523723739,0.9157795009384372,0.8425943707864743,-0.17126961022564904,0.07992295638590158,0.10088154910380433,0.7922455304850946,-0.23288392197313018,Energy,7
ett2/15T/short|H=336|L=128|Hsrc=controlled|Lsrc=controlled|origins=shared_origin_v1:Hmax=720,joint-scaling,release,standard_hl_shared_origin_v1,ett2/15T/short,Toto-2.0-2.5B,toto2,Toto-2.0-2.5B,2454.281792,2454.281792,336,controlled,shared_origin_v1:Hmax=720,720,720,128,controlled,62480,68960,128,128,256,256,100,[],merged,2,1,23520,432522.33897304535,,100,,float32,native_horizon,336,,direct_full_horizon,13.94273756377551,13.94273756377551,2.5215542955463435,1.1102077949443805,0.1795712425595238,0.221102220184949,17.818061850747075,3.733997531302814,0.2030499098492005,0.13711882991307414,0.12354865878295744,1.1102077949443805,1.002767734501598,1.107143515637929,0.10178328907950777,0.12354865878295744,0.11585109762181237,1.0664435755824533,0.06432935137165083,Energy,7
ett2/15T/short|H=336|L=256|Hsrc=controlled|Lsrc=controlled|origins=shared_origin_v1:Hmax=720,joint-scaling,release,standard_hl_shared_origin_v1,ett2/15T/short,Toto-2.0-2.5B,toto2,Toto-2.0-2.5B,2454.281792,2454.281792,336,controlled,shared_origin_v1:Hmax=720,720,720,256,controlled,62480,68960,256,256,256,256,100,[],merged,2,1,23520,432522.33897304535,,100,,float32,native_horizon,336,,direct_full_horizon,13.94273756377551,13.94273756377551,2.5215542955463435,1.1102077949443805,0.1795712425595238,0.221102220184949,17.818061850747075,3.733997531302814,0.2030499098492005,0.13711882991307414,0.12354865878295744,1.1102077949443805,1.002767734501598,1.107143515637929,0.10178328907950777,0.12354865878295744,0.11585109762181237,1.0664435755824533,0.06432935137165083,Energy,7
ett2/15T/short|H=336|L=512|Hsrc=controlled|Lsrc=controlled|origins=shared_origin_v1:Hmax=720,joint-scaling,release,standard_hl_shared_origin_v1,ett2/15T/short,Toto-2.0-2.5B,toto2,Toto-2.0-2.5B,2454.281792,2454.281792,336,controlled,shared_origin_v1:Hmax=720,720,720,512,controlled,62480,68960,512,512,256,256,100,[],merged,2,1,23520,432522.33897304535,,100,,float32,native_horizon,336,,direct_full_horizon,15.590664859693877,15.590664859693877,2.447856212797619,1.0365035601366313,0.16147490665429984,0.20005244040975764,7.394449710944282,3.9485015967698276,0.2147143608270691,0.13311122440912343,0.10539406831647878,1.0365035601366313,1.002767734501598,1.0336427115415723,0.03308917627831165,0.10539406831647878,0.11585109762181237,0.9097373307634097,-0.09459936865068944,Energy,7
ett2/15T/short|H=336|L=1024|Hsrc=controlled|Lsrc=controlled|origins=shared_origin_v1:Hmax=720,joint-scaling,release,standard_hl_shared_origin_v1,ett2/15T/short,Toto-2.0-2.5B,toto2,Toto-2.0-2.5B,2454.281792,2454.281792,336,controlled,shared_origin_v1:Hmax=720,720,720,1024,controlled,62480,68960,1024,1024,256,256,100,[],merged,2,1,23520,432522.33897304535,,100,,float32,native_horizon,336,,direct_full_horizon,14.974622661564625,14.974622661564625,2.3597822332057823,0.9675885679546304,0.15012582346366057,0.18511169848798895,6.810098741607711,3.8697057590422332,0.21042954606408293,0.12832187640707934,0.10099911635477539,0.9675885679546304,1.002767734501598,0.9649179313049472,-0.035712226539553464,0.10099911635477539,0.11585109762181237,0.8718011173660157,-0.137193957501658,Energy,7
ett2/15T/short|H=336|L=2048|Hsrc=controlled|Lsrc=controlled|origins=shared_origin_v1:Hmax=720,joint-scaling,release,standard_hl_shared_origin_v1,ett2/15T/short,Toto-2.0-2.5B,toto2,Toto-2.0-2.5B,2454.281792,2454.281792,336,controlled,shared_origin_v1:Hmax=720,720,720,2048,controlled,62480,68960,2048,2048,256,256,100,[],merged,2,1,23520,432522.33897304535,,100,,float32,native_horizon,336,,direct_full_horizon,11.977521789965987,11.977521789965987,2.191977904443027,0.9007185054175437,0.14199496918487714,0.17673329463621387,6.944884870134551,3.460855644196387,0.18819681070061864,0.1191968961300584,0.09505062681968508,0.9007185054175437,1.002767734501598,0.8982324365125536,-0.1073264061854565,0.09505062681968508,0.11585109762181237,0.8204551253365856,-0.19789606179824173,Energy,7
ett2/15T/short|H=336|L=4096|Hsrc=controlled|Lsrc=controlled|origins=shared_origin_v1:Hmax=720,joint-scaling,release,standard_hl_shared_origin_v1,ett2/15T/short,Toto-2.0-2.5B,toto2,Toto-2.0-2.5B,2454.281792,2454.281792,336,controlled,shared_origin_v1:Hmax=720,720,720,4096,controlled,62480,68960,4096,4096,256,256,100,[],merged,2,1,23520,432522.33897304535,,100,,float32,native_horizon,336,,direct_full_horizon,12.30477519132653,12.30477519132653,2.1787461468962586,0.8873881519728589,0.13789901252310285,0.17369492718962584,6.720748416610048,3.507816299541145,0.1907504698164257,0.11847737043286802,0.0938145697171702,0.8873881519728589,1.002767734501598,0.8849388761136339,-0.12223670289767753,0.0938145697171702,0.11585109762181237,0.8097857650293583,-0.21098555391674736,Energy,7
ett2/15T/short|H=720|L=128|Hsrc=controlled|Lsrc=controlled|origins=shared_origin_v1:Hmax=720,joint-scaling,release,standard_hl_shared_origin_v1,ett2/15T/short,Toto-2.0-2.5B,toto2,Toto-2.0-2.5B,2454.281792,2454.281792,720,controlled,shared_origin_v1:Hmax=720,720,720,128,controlled,62480,68960,128,128,256,256,100,[],merged,2,1,50400,945736.3714669943,,100,,float32,native_horizon,720,,direct_full_horizon,14.900078125,14.900078125,2.6018718998015875,1.1418657854765064,0.17901827944562568,0.21725537496899802,24.82591629589967,3.860061932793307,0.20570967479130337,0.13865845462471624,0.13640140543325938,1.1418657854765064,1.0126577750962622,1.1275929672963423,0.12008524336034893,0.13640140543325938,0.13282444685997616,1.026929971536445,0.026573741217898256,Energy,7
ett2/15T/short|H=720|L=256|Hsrc=controlled|Lsrc=controlled|origins=shared_origin_v1:Hmax=720,joint-scaling,release,standard_hl_shared_origin_v1,ett2/15T/short,Toto-2.0-2.5B,toto2,Toto-2.0-2.5B,2454.281792,2454.281792,720,controlled,shared_origin_v1:Hmax=720,720,720,256,controlled,62480,68960,256,256,256,256,100,[],merged,2,1,50400,945736.3714669943,,100,,float32,native_horizon,720,,direct_full_horizon,14.900078125,14.900078125,2.6018718998015875,1.1418657854765064,0.17901827944562568,0.21725537496899802,24.82591629589967,3.860061932793307,0.20570967479130337,0.13865845462471624,0.13640140543325938,1.1418657854765064,1.0126577750962622,1.1275929672963423,0.12008524336034893,0.13640140543325938,0.13282444685997616,1.026929971536445,0.026573741217898256,Energy,7
ett2/15T/short|H=720|L=512|Hsrc=controlled|Lsrc=controlled|origins=shared_origin_v1:Hmax=720,joint-scaling,release,standard_hl_shared_origin_v1,ett2/15T/short,Toto-2.0-2.5B,toto2,Toto-2.0-2.5B,2454.281792,2454.281792,720,controlled,shared_origin_v1:Hmax=720,720,720,512,controlled,62480,68960,512,512,256,256,100,[],merged,2,1,50400,945736.3714669943,,100,,float32,native_horizon,720,,direct_full_horizon,14.900078125,14.900078125,2.6018718998015875,1.1418657854765064,0.17901827944562568,0.21725537496899802,24.82591629589967,3.860061932793307,0.20570967479130337,0.13865845462471624,0.13640140543325938,1.1418657854765064,1.0126577750962622,1.1275929672963423,0.12008524336034893,0.13640140543325938,0.13282444685997616,1.026929971536445,0.026573741217898256,Energy,7
ett2/15T/short|H=720|L=1024|Hsrc=controlled|Lsrc=controlled|origins=shared_origin_v1:Hmax=720,joint-scaling,release,standard_hl_shared_origin_v1,ett2/15T/short,Toto-2.0-2.5B,toto2,Toto-2.0-2.5B,2454.281792,2454.281792,720,controlled,shared_origin_v1:Hmax=720,720,720,1024,controlled,62480,68960,1024,1024,256,256,100,[],merged,2,1,50400,945736.3714669943,,100,,float32,native_horizon,720,,direct_full_horizon,17.111357886904763,17.111357886904763,2.4822144717261905,1.0507398309953742,0.15998954021833875,0.18765896267361112,8.180591278425467,4.136587710529629,0.22044623311600037,0.13228169408451904,0.10468720154656941,1.0507398309953742,1.0126577750962622,1.0376060470137525,0.03691618188838147,0.10468720154656941,0.13282444685997616,0.7881621495245593,-0.23805143678439838,Energy,7
ett2/15T/short|H=720|L=2048|Hsrc=controlled|Lsrc=controlled|origins=shared_origin_v1:Hmax=720,joint-scaling,release,standard_hl_shared_origin_v1,ett2/15T/short,Toto-2.0-2.5B,toto2,Toto-2.0-2.5B,2454.281792,2454.281792,720,controlled,shared_origin_v1:Hmax=720,720,720,2048,controlled,62480,68960,2048,2048,256,256,100,[],merged,2,1,50400,945736.3714669943,,100,,float32,native_horizon,720,,direct_full_horizon,10.76671875,10.76671875,2.091083984375,0.8698106154367121,0.13114883655643503,0.15910472082713292,7.511753839517302,3.281267857094267,0.1748646927272402,0.11143764371568116,0.0912139421162517,0.8698106154367121,1.0126577750962622,0.8589383667686044,-0.15205810955037635,0.0912139421162517,0.13282444685997616,0.6867255559694493,-0.3758205484233374,Energy,7
ett2/15T/short|H=720|L=4096|Hsrc=controlled|Lsrc=controlled|origins=shared_origin_v1:Hmax=720,joint-scaling,release,standard_hl_shared_origin_v1,ett2/15T/short,Toto-2.0-2.5B,toto2,Toto-2.0-2.5B,2454.281792,2454.281792,720,controlled,shared_origin_v1:Hmax=720,720,720,4096,controlled,62480,68960,4096,4096,256,256,100,[],merged,2,1,50400,945736.3714669943,,100,,float32,native_horizon,720,,direct_full_horizon,11.30015376984127,11.30015376984127,2.077116195436508,0.8557244038974945,0.12795448583833813,0.1553705512152778,7.287136387155299,3.3615701346009828,0.17914414618641145,0.110693275006029,0.09011626405831372,0.8557244038974945,1.0126577750962622,0.8450282266545085,-0.16838524785801312,0.09011626405831372,0.13282444685997616,0.6784614292677198,-0.38792764838611987,Energy,7
ett2/H/short|H=48|L=128|Hsrc=controlled|Lsrc=controlled|origins=shared_origin_v1:Hmax=720,joint-scaling,release,standard_hl_shared_origin_v1,ett2/H/short,Toto-2.0-2.5B,toto2,Toto-2.0-2.5B,2454.281792,2454.281792,48,controlled,shared_origin_v1:Hmax=720,720,720,128,controlled,15260,16700,128,128,256,256,100,[],merged,2,1,1008,72264.01940023899,,100,,float32,native_horizon,48,,direct_full_horizon,66.71254960317461,66.71254960317461,5.462663922991071,0.6674308526767481,0.13051926542422967,0.1229044066535102,4.57538693827715,8.167775070554686,0.11393107302154709,0.07619788215595422,0.059704083680317155,0.6674308526767481,0.6947240034491291,0.9607136781846065,-0.040078855940510735,0.059704083680317155,0.08145786369717765,0.7329443833964158,-0.31068545528601016,Energy,7
ett2/H/short|H=48|L=256|Hsrc=controlled|Lsrc=controlled|origins=shared_origin_v1:Hmax=720,joint-scaling,release,standard_hl_shared_origin_v1,ett2/H/short,Toto-2.0-2.5B,toto2,Toto-2.0-2.5B,2454.281792,2454.281792,48,controlled,shared_origin_v1:Hmax=720,720,720,256,controlled,15260,16700,256,256,256,256,100,[],merged,2,1,1008,72264.01940023899,,100,,float32,native_horizon,48,,direct_full_horizon,53.05592757936508,53.05592757936508,4.801325237940228,0.5864936046606044,0.12387730642231162,0.11250427791050502,4.407177864501113,7.283949998411925,0.10160272926051687,0.06697296773707752,0.052219656627866394,0.5864936046606044,0.6947240034491291,0.8442109409618955,-0.16935288556385256,0.052219656627866394,0.08145786369717765,0.6410634192666128,-0.4446268889420729,Energy,7
ett2/H/short|H=48|L=512|Hsrc=controlled|Lsrc=controlled|origins=shared_origin_v1:Hmax=720,joint-scaling,release,standard_hl_shared_origin_v1,ett2/H/short,Toto-2.0-2.5B,toto2,Toto-2.0-2.5B,2454.281792,2454.281792,48,controlled,shared_origin_v1:Hmax=720,720,720,512,controlled,15260,16700,512,512,256,256,100,[],merged,2,1,1008,72264.01940023899,,100,,float32,native_horizon,48,,direct_full_horizon,54.43121434771825,54.43121434771825,4.493414984809028,0.551457806668352,0.12123133036904707,0.10752683972555493,4.425491784049523,7.377751306984957,0.1029111496864267,0.06267797366212542,0.05123449070928407,0.551457806668352,0.6947240034491291,0.7937796937064263,-0.23094932008102667,0.05123449070928407,0.08145786369717765,0.6289692410759753,-0.46367292478745975,Energy,7
ett2/H/short|H=48|L=1024|Hsrc=controlled|Lsrc=controlled|origins=shared_origin_v1:Hmax=720,joint-scaling,release,standard_hl_shared_origin_v1,ett2/H/short,Toto-2.0-2.5B,toto2,Toto-2.0-2.5B,2454.281792,2454.281792,48,controlled,shared_origin_v1:Hmax=720,720,720,1024,controlled,15260,16700,1024,1024,256,256,100,[],merged,2,1,1008,72264.01940023899,,100,,float32,native_horizon,48,,direct_full_horizon,41.69564577132937,41.69564577132937,4.286516462053571,0.5421054454959899,0.12037380012923372,0.10753001863994295,4.471238738881044,6.4572165653111995,0.09007074823480084,0.05979197710853751,0.05169941097848272,0.5421054454959899,0.6947240034491291,0.7803177129400646,-0.24805411795038104,0.05169941097848272,0.08145786369717765,0.6346767350869527,-0.45463948831717627,Energy,7
ett2/H/short|H=48|L=2048|Hsrc=controlled|Lsrc=controlled|origins=shared_origin_v1:Hmax=720,joint-scaling,release,standard_hl_shared_origin_v1,ett2/H/short,Toto-2.0-2.5B,toto2,Toto-2.0-2.5B,2454.281792,2454.281792,48,controlled,shared_origin_v1:Hmax=720,720,720,2048,controlled,15260,16700,2048,2048,256,256,100,[],merged,2,1,1008,72264.01940023899,,100,,float32,native_horizon,48,,direct_full_horizon,38.54986281622024,38.54986281622024,4.008537171378968,0.5204974864726738,0.11912060735706322,0.10536667657276941,4.508728534312379,6.208853583087641,0.08660637013683249,0.055914485552911786,0.048309875484531806,0.5204974864726738,0.6947240034491291,0.7492147729005121,-0.2887295903731403,0.048309875484531806,0.08145786369717765,0.5930658292749413,-0.5224498755639416,Energy,7
ett2/H/short|H=48|L=4096|Hsrc=controlled|Lsrc=controlled|origins=shared_origin_v1:Hmax=720,joint-scaling,release,standard_hl_shared_origin_v1,ett2/H/short,Toto-2.0-2.5B,toto2,Toto-2.0-2.5B,2454.281792,2454.281792,48,controlled,shared_origin_v1:Hmax=720,720,720,4096,controlled,15260,16700,4096,4096,256,256,100,[],merged,2,1,1008,72264.01940023899,,100,,float32,native_horizon,48,,direct_full_horizon,39.47098989335318,39.47098989335318,4.056872413271949,0.5242858187950817,0.1199027497373417,0.1061111329093812,4.452196622681855,6.282594200913598,0.08763496698745715,0.05658870661385604,0.04857044010173261,0.5242858187950817,0.6947240034491291,0.7546677762566647,-0.2814776580234864,0.04857044010173261,0.08145786369717765,0.5962645949357922,-0.5170707591994291,Energy,7
ett2/H/short|H=96|L=128|Hsrc=controlled|Lsrc=controlled|origins=shared_origin_v1:Hmax=720,joint-scaling,release,standard_hl_shared_origin_v1,ett2/H/short,Toto-2.0-2.5B,toto2,Toto-2.0-2.5B,2454.281792,2454.281792,96,controlled,shared_origin_v1:Hmax=720,720,720,128,controlled,15260,16700,128,128,256,256,100,[],merged,2,1,2016,144151.83056032658,,100,,float32,native_horizon,96,,direct_full_horizon,95.94164651537699,95.94164651537699,6.476030622209821,0.8028354850186139,0.15519294890749502,0.1423639872717479,5.6104858653666785,9.794980679683702,0.13698529511200683,0.09056893473795524,0.07105475800080044,0.8028354850186139,0.7989799974265753,1.0048255120334135,0.004813906570114947,0.07105475800080044,0.09816146652540124,0.7238559132815482,-0.3231629212069862,Energy,7
ett2/H/short|H=96|L=256|Hsrc=controlled|Lsrc=controlled|origins=shared_origin_v1:Hmax=720,joint-scaling,release,standard_hl_shared_origin_v1,ett2/H/short,Toto-2.0-2.5B,toto2,Toto-2.0-2.5B,2454.281792,2454.281792,96,controlled,shared_origin_v1:Hmax=720,720,720,256,controlled,15260,16700,256,256,256,256,100,[],merged,2,1,2016,144151.83056032658,,100,,float32,native_horizon,96,,direct_full_horizon,142.925533234127,142.925533234127,7.455902099609375,0.8431563823187483,0.15507604591400026,0.14118182469928076,5.301449691082975,11.955146725746488,0.1671957664735903,0.10427268647498782,0.08184605067385778,0.8431563823187483,0.7989799974265753,1.0552909772891188,0.0538165367570196,0.08184605067385778,0.09816146652540124,0.8337900152773133,-0.18177368856838666,Energy,7
ett2/H/short|H=96|L=512|Hsrc=controlled|Lsrc=controlled|origins=shared_origin_v1:Hmax=720,joint-scaling,release,standard_hl_shared_origin_v1,ett2/H/short,Toto-2.0-2.5B,toto2,Toto-2.0-2.5B,2454.281792,2454.281792,96,controlled,shared_origin_v1:Hmax=720,720,720,512,controlled,15260,16700,512,512,256,256,100,[],merged,2,1,2016,144151.83056032658,,100,,float32,native_horizon,96,,direct_full_horizon,67.21695188492063,67.21695188492063,5.264446924603175,0.6491109322578187,0.1362949690495829,0.11854760608975849,5.146728550434796,8.198594506677388,0.11465942861228254,0.07362462869008436,0.05993559409593461,0.6491109322578187,0.7989799974265753,0.8124245091848756,-0.20773228086727136,0.05993559409593461,0.09816146652540124,0.6105816897145182,-0.49334318649666564,Energy,7
ett2/H/short|H=96|L=1024|Hsrc=controlled|Lsrc=controlled|origins=shared_origin_v1:Hmax=720,joint-scaling,release,standard_hl_shared_origin_v1,ett2/H/short,Toto-2.0-2.5B,toto2,Toto-2.0-2.5B,2454.281792,2454.281792,96,controlled,shared_origin_v1:Hmax=720,720,720,1024,controlled,15260,16700,1024,1024,256,256,100,[],merged,2,1,2016,144151.83056032658,,100,,float32,native_horizon,96,,direct_full_horizon,68.8678695436508,68.8678695436508,5.418651278056796,0.6722027042575496,0.1373189189044603,0.12223104446653336,4.886336282456245,8.298666732894556,0.11605896413860652,0.07578121577853206,0.06184354499464094,0.6722027042575496,0.7989799974265753,0.8413260737723584,-0.17277597266461273,0.06184354499464094,0.09816146652540124,0.6300185519196343,-0.46200601253864454,Energy,7
ett2/H/short|H=96|L=2048|Hsrc=controlled|Lsrc=controlled|origins=shared_origin_v1:Hmax=720,joint-scaling,release,standard_hl_shared_origin_v1,ett2/H/short,Toto-2.0-2.5B,toto2,Toto-2.0-2.5B,2454.281792,2454.281792,96,controlled,shared_origin_v1:Hmax=720,720,720,2048,controlled,15260,16700,2048,2048,256,256,100,[],merged,2,1,2016,144151.83056032658,,100,,float32,native_horizon,96,,direct_full_horizon,57.21122426835318,57.21122426835318,4.965488009982639,0.6321404456265616,0.13375632601430218,0.11782412301926386,5.1148142541697394,7.5638101687147845,0.10578180825631313,0.06944361226086342,0.057649417085953954,0.6321404456265616,0.7989799974265753,0.7911843195857403,-0.23422431739158597,0.057649417085953954,0.09816146652540124,0.5872917258325192,-0.5322336050383161,Energy,7
ett2/H/short|H=96|L=4096|Hsrc=controlled|Lsrc=controlled|origins=shared_origin_v1:Hmax=720,joint-scaling,release,standard_hl_shared_origin_v1,ett2/H/short,Toto-2.0-2.5B,toto2,Toto-2.0-2.5B,2454.281792,2454.281792,96,controlled,shared_origin_v1:Hmax=720,720,720,4096,controlled,15260,16700,4096,4096,256,256,100,[],merged,2,1,2016,144151.83056032658,,100,,float32,native_horizon,96,,direct_full_horizon,59.816080729166664,59.816080729166664,5.117317320808532,0.6426882712734022,0.1358908239113857,0.11946927176581489,5.11465427286694,7.734085642735453,0.10816315405186311,0.07156698377432404,0.05829977343323897,0.6426882712734022,0.7989799974265753,0.8043859337448107,-0.2176761078789863,0.05829977343323897,0.09816146652540124,0.5939170990090368,-0.5210155333172981,Energy,7
ett2/H/short|H=192|L=128|Hsrc=controlled|Lsrc=controlled|origins=shared_origin_v1:Hmax=720,joint-scaling,release,standard_hl_shared_origin_v1,ett2/H/short,Toto-2.0-2.5B,toto2,Toto-2.0-2.5B,2454.281792,2454.281792,192,controlled,shared_origin_v1:Hmax=720,720,720,128,controlled,15260,16700,128,128,256,256,100,[],merged,2,1,4032,286751.6341557503,,100,,float32,native_horizon,192,,direct_full_horizon,153.59440104166666,153.59440104166666,7.381740509517609,0.9018482506287819,0.17825417203105492,0.15415399036710226,10.741617698914501,12.39332082380129,0.1742618475695433,0.10379427417040983,0.08718967925966639,0.9018482506287819,0.8715895895186347,1.0347166389709388,0.034127610461042825,0.08718967925966639,0.1268224591465115,0.6874939963034514,-0.3747021821290657,Energy,7
ett2/H/short|H=192|L=256|Hsrc=controlled|Lsrc=controlled|origins=shared_origin_v1:Hmax=720,joint-scaling,release,standard_hl_shared_origin_v1,ett2/H/short,Toto-2.0-2.5B,toto2,Toto-2.0-2.5B,2454.281792,2454.281792,192,controlled,shared_origin_v1:Hmax=720,720,720,256,controlled,15260,16700,256,256,256,256,100,[],merged,2,1,4032,286751.6341557503,,100,,float32,native_horizon,192,,direct_full_horizon,144.91741071428572,144.91741071428572,6.988188244047619,0.8258689335130506,0.15662316025866105,0.14346979534815227,6.097979786475432,12.038164756900684,0.16926801635404115,0.0982605559788925,0.0782190876821442,0.8258689335130506,0.8715895895186347,0.9475433661032654,-0.05388257409850061,0.0782190876821442,0.1268224591465115,0.6167605344395797,-0.48327444315173285,Energy,7
ett2/H/short|H=192|L=512|Hsrc=controlled|Lsrc=controlled|origins=shared_origin_v1:Hmax=720,joint-scaling,release,standard_hl_shared_origin_v1,ett2/H/short,Toto-2.0-2.5B,toto2,Toto-2.0-2.5B,2454.281792,2454.281792,192,controlled,shared_origin_v1:Hmax=720,720,720,512,controlled,15260,16700,512,512,256,256,100,[],merged,2,1,4032,286751.6341557503,,100,,float32,native_horizon,192,,direct_full_horizon,147.4820808531746,147.4820808531746,6.666486467633929,0.7741836381980606,0.1517311734355493,0.1350309583875868,6.186528955621443,12.144220059484043,0.17075925451655444,0.09373712382367948,0.0768980788164127,0.7741836381980606,0.8715895895186347,0.8882433286354763,-0.11850955479259878,0.0768980788164127,0.1268224591465115,0.6063443283935717,-0.5003072556073047,Energy,7
ett2/H/short|H=192|L=1024|Hsrc=controlled|Lsrc=controlled|origins=shared_origin_v1:Hmax=720,joint-scaling,release,standard_hl_shared_origin_v1,ett2/H/short,Toto-2.0-2.5B,toto2,Toto-2.0-2.5B,2454.281792,2454.281792,192,controlled,shared_origin_v1:Hmax=720,720,720,1024,controlled,15260,16700,1024,1024,256,256,100,[],merged,2,1,4032,286751.6341557503,,100,,float32,native_horizon,192,,direct_full_horizon,125.2538829985119,125.2538829985119,6.557869078621032,0.7657116978297799,0.1470185278655587,0.13464104183136472,5.378785917317695,11.19168812103482,0.15736575185305707,0.0922098602954719,0.07274786145879931,0.7657116978297799,0.8715895895186347,0.8785232258828038,-0.12951293359085883,0.07274786145879931,0.1268224591465115,0.5736197038629998,-0.555788639061124,Energy,7
ett2/H/short|H=192|L=2048|Hsrc=controlled|Lsrc=controlled|origins=shared_origin_v1:Hmax=720,joint-scaling,release,standard_hl_shared_origin_v1,ett2/H/short,Toto-2.0-2.5B,toto2,Toto-2.0-2.5B,2454.281792,2454.281792,192,controlled,shared_origin_v1:Hmax=720,720,720,2048,controlled,15260,16700,2048,2048,256,256,100,[],merged,2,1,4032,286751.6341557503,,100,,float32,native_horizon,192,,direct_full_horizon,107.50054253472223,107.50054253472223,6.13061281234499,0.7294863159604063,0.14294265956616728,0.13135907006642175,5.918326864144152,10.368246839978408,0.14578738629292873,0.08620223187969342,0.07029559366909861,0.7294863159604063,0.8715895895186347,0.8369607952330983,-0.17797804921559923,0.07029559366909861,0.1268224591465115,0.554283477407497,-0.5900790310333056,Energy,7
ett2/H/short|H=192|L=4096|Hsrc=controlled|Lsrc=controlled|origins=shared_origin_v1:Hmax=720,joint-scaling,release,standard_hl_shared_origin_v1,ett2/H/short,Toto-2.0-2.5B,toto2,Toto-2.0-2.5B,2454.281792,2454.281792,192,controlled,shared_origin_v1:Hmax=720,720,720,4096,controlled,15260,16700,4096,4096,256,256,100,[],merged,2,1,4032,286751.6341557503,,100,,float32,native_horizon,192,,direct_full_horizon,107.54140314980158,107.54140314980158,6.142981150793651,0.7283956883135237,0.1428745988900593,0.13147391970195468,5.947126422234662,10.370217121632583,0.14581509032207238,0.08637614245136922,0.07060256904948975,0.7283956883135237,0.8715895895186347,0.8357094865208352,-0.17947423045267874,0.07060256904948975,0.1268224591465115,0.5567039901657026,-0.5857216162852152,Energy,7
ett2/H/short|H=336|L=128|Hsrc=controlled|Lsrc=controlled|origins=shared_origin_v1:Hmax=720,joint-scaling,release,standard_hl_shared_origin_v1,ett2/H/short,Toto-2.0-2.5B,toto2,Toto-2.0-2.5B,2454.281792,2454.281792,336,controlled,shared_origin_v1:Hmax=720,720,720,128,controlled,15260,16700,128,128,256,256,100,[],merged,2,1,7056,500443.1288883686,,100,,float32,native_horizon,336,,direct_full_horizon,173.19768636621316,173.19768636621316,7.833539275085034,0.9390625484920473,0.17705710978806444,0.15940718531878897,13.568908617116698,13.16045920043116,0.18555594983292523,0.11044901994713885,0.09570561567014815,0.9390625484920473,0.935621923693908,1.003677366584737,0.0036706216030271245,0.09570561567014815,0.15550102220996356,0.6154661513473698,-0.4853753286190366,Energy,7
ett2/H/short|H=336|L=256|Hsrc=controlled|Lsrc=controlled|origins=shared_origin_v1:Hmax=720,joint-scaling,release,standard_hl_shared_origin_v1,ett2/H/short,Toto-2.0-2.5B,toto2,Toto-2.0-2.5B,2454.281792,2454.281792,336,controlled,shared_origin_v1:Hmax=720,720,720,256,controlled,15260,16700,256,256,256,256,100,[],merged,2,1,7056,500443.1288883686,,100,,float32,native_horizon,336,,direct_full_horizon,173.19768636621316,173.19768636621316,7.833539275085034,0.9390625484920473,0.17705710978806444,0.15940718531878897,13.568908617116698,13.16045920043116,0.18555594983292523,0.11044901994713885,0.09570561567014815,0.9390625484920473,0.935621923693908,1.003677366584737,0.0036706216030271245,0.09570561567014815,0.15550102220996356,0.6154661513473698,-0.4853753286190366,Energy,7
ett2/H/short|H=336|L=512|Hsrc=controlled|Lsrc=controlled|origins=shared_origin_v1:Hmax=720,joint-scaling,release,standard_hl_shared_origin_v1,ett2/H/short,Toto-2.0-2.5B,toto2,Toto-2.0-2.5B,2454.281792,2454.281792,336,controlled,shared_origin_v1:Hmax=720,720,720,512,controlled,15260,16700,512,512,256,256,100,[],merged,2,1,7056,500443.1288883686,,100,,float32,native_horizon,336,,direct_full_horizon,210.3670989229025,210.3670989229025,8.125503228635203,0.9161396141315246,0.1647171234191912,0.15358950383538833,6.933107275554591,14.50403733182256,0.20449973534588897,0.11456556693785501,0.0913026049570183,0.9161396141315246,0.935621923693908,0.9791771557837532,-0.021042696965418013,0.0913026049570183,0.15550102220996356,0.5871511560466653,-0.5324729862610115,Energy,7
ett2/H/short|H=336|L=1024|Hsrc=controlled|Lsrc=controlled|origins=shared_origin_v1:Hmax=720,joint-scaling,release,standard_hl_shared_origin_v1,ett2/H/short,Toto-2.0-2.5B,toto2,Toto-2.0-2.5B,2454.281792,2454.281792,336,controlled,shared_origin_v1:Hmax=720,720,720,1024,controlled,15260,16700,1024,1024,256,256,100,[],merged,2,1,7056,500443.1288883686,,100,,float32,native_horizon,336,,direct_full_horizon,147.53066539115648,147.53066539115648,7.230189732142857,0.8343240660545569,0.15428534478042832,0.1462304770541029,6.126353138422858,12.146220210055327,0.17125568292349938,0.1019420905294914,0.0817178632333442,0.8343240660545569,0.935621923693908,0.8917320607030891,-0.11458957190305247,0.0817178632333442,0.15550102220996356,0.5255133507933186,-0.6433796831014259,Energy,7
ett2/H/short|H=336|L=2048|Hsrc=controlled|Lsrc=controlled|origins=shared_origin_v1:Hmax=720,joint-scaling,release,standard_hl_shared_origin_v1,ett2/H/short,Toto-2.0-2.5B,toto2,Toto-2.0-2.5B,2454.281792,2454.281792,336,controlled,shared_origin_v1:Hmax=720,720,720,2048,controlled,15260,16700,2048,2048,256,256,100,[],merged,2,1,7056,500443.1288883686,,100,,float32,native_horizon,336,,direct_full_horizon,137.09927721088437,137.09927721088437,7.148599706809807,0.8291106359973284,0.15198961003367034,0.14662952379845168,6.780175107093979,11.70894005497015,0.16509024953822202,0.10079171162424236,0.08071962558726914,0.8291106359973284,0.935621923693908,0.8861599060483055,-0.12085786379460646,0.08071962558726914,0.15550102220996356,0.5190938582916731,-0.6556705676740161,Energy,7
ett2/H/short|H=336|L=4096|Hsrc=controlled|Lsrc=controlled|origins=shared_origin_v1:Hmax=720,joint-scaling,release,standard_hl_shared_origin_v1,ett2/H/short,Toto-2.0-2.5B,toto2,Toto-2.0-2.5B,2454.281792,2454.281792,336,controlled,shared_origin_v1:Hmax=720,720,720,4096,controlled,15260,16700,4096,4096,256,256,100,[],merged,2,1,7056,500443.1288883686,,100,,float32,native_horizon,336,,direct_full_horizon,133.69155683106575,133.69155683106575,6.9977302118764175,0.818838733163656,0.15132898601609387,0.14605335745952028,6.831790566256076,11.56250651161182,0.16302560917792475,0.09866452654606046,0.080353753268619,0.818838733163656,0.935621923693908,0.8751812162874691,-0.13332430973912732,0.080353753268619,0.15550102220996356,0.5167409971114031,-0.6602135027076761,Energy,7
ett2/H/short|H=720|L=128|Hsrc=controlled|Lsrc=controlled|origins=shared_origin_v1:Hmax=720,joint-scaling,release,standard_hl_shared_origin_v1,ett2/H/short,Toto-2.0-2.5B,toto2,Toto-2.0-2.5B,2454.281792,2454.281792,720,controlled,shared_origin_v1:Hmax=720,720,720,128,controlled,15260,16700,128,128,256,256,100,[],merged,2,1,15120,1104114.6179156303,,100,,float32,native_horizon,720,,direct_full_horizon,256.8509093915344,256.8509093915344,9.943447213955027,1.1375415019657378,0.2013298166727929,0.18715113079737103,19.11500244466971,16.026568858977097,0.21947152697352518,0.13616785742663579,0.11926902811115743,1.1375415019657378,1.1284016695734669,1.0080998040314189,0.008067176683750076,0.11926902811115743,0.20790633362858252,0.5736671222543294,-0.5557059772711039,Energy,7
ett2/H/short|H=720|L=256|Hsrc=controlled|Lsrc=controlled|origins=shared_origin_v1:Hmax=720,joint-scaling,release,standard_hl_shared_origin_v1,ett2/H/short,Toto-2.0-2.5B,toto2,Toto-2.0-2.5B,2454.281792,2454.281792,720,controlled,shared_origin_v1:Hmax=720,720,720,256,controlled,15260,16700,256,256,256,256,100,[],merged,2,1,15120,1104114.6179156303,,100,,float32,native_horizon,720,,direct_full_horizon,256.8509093915344,256.8509093915344,9.943447213955027,1.1375415019657378,0.2013298166727929,0.18715113079737103,19.11500244466971,16.026568858977097,0.21947152697352518,0.13616785742663579,0.11926902811115743,1.1375415019657378,1.1284016695734669,1.0080998040314189,0.008067176683750076,0.11926902811115743,0.20790633362858252,0.5736671222543294,-0.5557059772711039,Energy,7
ett2/H/short|H=720|L=512|Hsrc=controlled|Lsrc=controlled|origins=shared_origin_v1:Hmax=720,joint-scaling,release,standard_hl_shared_origin_v1,ett2/H/short,Toto-2.0-2.5B,toto2,Toto-2.0-2.5B,2454.281792,2454.281792,720,controlled,shared_origin_v1:Hmax=720,720,720,512,controlled,15260,16700,512,512,256,256,100,[],merged,2,1,15120,1104114.6179156303,,100,,float32,native_horizon,720,,direct_full_horizon,256.8509093915344,256.8509093915344,9.943447213955027,1.1375415019657378,0.2013298166727929,0.18715113079737103,19.11500244466971,16.026568858977097,0.21947152697352518,0.13616785742663579,0.11926902811115743,1.1375415019657378,1.1284016695734669,1.0080998040314189,0.008067176683750076,0.11926902811115743,0.20790633362858252,0.5736671222543294,-0.5557059772711039,Energy,7
ett2/H/short|H=720|L=1024|Hsrc=controlled|Lsrc=controlled|origins=shared_origin_v1:Hmax=720,joint-scaling,release,standard_hl_shared_origin_v1,ett2/H/short,Toto-2.0-2.5B,toto2,Toto-2.0-2.5B,2454.281792,2454.281792,720,controlled,shared_origin_v1:Hmax=720,720,720,1024,controlled,15260,16700,1024,1024,256,256,100,[],merged,2,1,15120,1104114.6179156303,,100,,float32,native_horizon,720,,direct_full_horizon,246.80492724867725,246.80492724867725,9.358817997685184,1.0334838925265415,0.18188191027451045,0.1734278603205605,9.167980693474988,15.710026328707322,0.2151367206227911,0.1281618102223269,0.10725714587785885,1.0334838925265415,1.1284016695734669,0.9158829877637419,-0.08786666508379197,0.10725714587785885,0.20790633362858252,0.5158916710515902,-0.6618584753635234,Energy,7
ett2/H/short|H=720|L=2048|Hsrc=controlled|Lsrc=controlled|origins=shared_origin_v1:Hmax=720,joint-scaling,release,standard_hl_shared_origin_v1,ett2/H/short,Toto-2.0-2.5B,toto2,Toto-2.0-2.5B,2454.281792,2454.281792,720,controlled,shared_origin_v1:Hmax=720,720,720,2048,controlled,15260,16700,2048,2048,256,256,100,[],merged,2,1,15120,1104114.6179156303,,100,,float32,native_horizon,720,,direct_full_horizon,250.25550595238096,250.25550595238096,9.836295056216931,1.0763525213313065,0.18037483996984227,0.18132850606605488,8.961725199301846,15.81946604510977,0.21663541331751227,0.13470049108738874,0.10995986336886958,1.0763525213313065,1.1284016695734669,0.9538735632482405,-0.04722414959992892,0.10995986336886958,0.20790633362858252,0.5288913591507466,-0.6369722384406219,Energy,7
ett2/H/short|H=720|L=4096|Hsrc=controlled|Lsrc=controlled|origins=shared_origin_v1:Hmax=720,joint-scaling,release,standard_hl_shared_origin_v1,ett2/H/short,Toto-2.0-2.5B,toto2,Toto-2.0-2.5B,2454.281792,2454.281792,720,controlled,shared_origin_v1:Hmax=720,720,720,4096,controlled,15260,16700,4096,4096,256,256,100,[],merged,2,1,15120,1104114.6179156303,,100,,float32,native_horizon,720,,direct_full_horizon,234.91607142857143,234.91607142857143,9.559689153439153,1.0546454094728088,0.17844687468672726,0.1801016025442295,8.833716589129777,15.326972024133516,0.2098910867083613,0.1309125861161681,0.10677299223120279,1.0546454094728088,1.1284016695734669,0.9346365198763507,-0.0675975740711989,0.10677299223120279,0.20790633362858252,0.5135629606260531,-0.6663826463680647,Energy,7
hierarchical_sales/D/short|H=48|L=128|Hsrc=controlled|Lsrc=controlled|origins=shared_origin_v1:Hmax=720,joint-scaling,release,standard_hl_shared_origin_v1,hierarchical_sales/D/short,Toto-2.0-2.5B,toto2,Toto-2.0-2.5B,2454.281792,2454.281792,48,controlled,shared_origin_v1:Hmax=720,720,720,128,controlled,1105,1105,128,128,256,256,100,[],merged,2,118,5664,19987.0,,100,,float32,native_horizon,48,,direct_full_horizon,34.998228945974574,34.998228945974574,2.415363721254855,0.7700711830062071,0.7019489369518335,0.936206408139676,8.220949166722605,5.915930099821547,1.6764811169955092,0.6844759152042578,0.5704710177595061,0.7700711830062071,0.9146193419591229,0.8419581214592594,-0.17202500296098763,0.5704710177595061,1.867466512192648,0.3054785796879962,-1.1858756184162735,Sales,1
hierarchical_sales/D/short|H=48|L=256|Hsrc=controlled|Lsrc=controlled|origins=shared_origin_v1:Hmax=720,joint-scaling,release,standard_hl_shared_origin_v1,hierarchical_sales/D/short,Toto-2.0-2.5B,toto2,Toto-2.0-2.5B,2454.281792,2454.281792,48,controlled,shared_origin_v1:Hmax=720,720,720,256,controlled,1105,1105,256,256,256,256,100,[],merged,2,118,5664,19987.0,,100,,float32,native_horizon,48,,direct_full_horizon,34.069967668608754,34.069967668608754,2.3032198975988702,0.7327200738767639,0.6489166043365899,0.9309750573109772,7.1900757386113625,5.836948489459947,1.6540989765498144,0.652696127482864,0.5379576849591043,0.7327200738767639,0.9146193419591229,0.801120247804153,-0.22174422107840996,0.5379576849591043,1.867466512192648,0.2880681829884447,-1.2445580803785632,Sales,1
hierarchical_sales/D/short|H=48|L=512|Hsrc=controlled|Lsrc=controlled|origins=shared_origin_v1:Hmax=720,joint-scaling,release,standard_hl_shared_origin_v1,hierarchical_sales/D/short,Toto-2.0-2.5B,toto2,Toto-2.0-2.5B,2454.281792,2454.281792,48,controlled,shared_origin_v1:Hmax=720,720,720,512,controlled,1105,1105,512,512,256,256,100,[],merged,2,118,5664,19987.0,,100,,float32,native_horizon,48,,direct_full_horizon,30.65161684542726,30.65161684542726,2.2501191392456743,0.7146183348941303,0.6366708143154444,0.9244641233972237,7.086983067275751,5.5363902360136485,1.5689255164247413,0.6376482115718968,0.5197338912645257,0.7146183348941303,0.9146193419591229,0.7813286928345637,-0.24675935617589054,0.5197338912645257,1.867466512192648,0.27830961780101254,-1.2790210519349308,Sales,1
hierarchical_sales/D/short|H=48|L=1024|Hsrc=controlled|Lsrc=controlled|origins=shared_origin_v1:Hmax=720,joint-scaling,release,standard_hl_shared_origin_v1,hierarchical_sales/D/short,Toto-2.0-2.5B,toto2,Toto-2.0-2.5B,2454.281792,2454.281792,48,controlled,shared_origin_v1:Hmax=720,720,720,1024,controlled,1105,1105,1024,1024,256,256,100,[],merged,2,118,5664,19987.0,,100,,float32,native_horizon,48,,direct_full_horizon,28.529363082627125,28.529363082627125,2.2026363739186086,0.7017431635626534,0.6268976239943602,0.9155356197033898,7.04715975903792,5.341288522690674,1.5136367735287928,0.6241923461187271,0.506484800064628,0.7017431635626534,0.9146193419591229,0.7672516109920803,-0.2649404857880732,0.506484800064628,1.867466512192648,0.271214930365712,-1.3048436714603413,Sales,1
hierarchical_sales/D/short|H=48|L=2048|Hsrc=controlled|Lsrc=controlled|origins=shared_origin_v1:Hmax=720,joint-scaling,release,standard_hl_shared_origin_v1,hierarchical_sales/D/short,Toto-2.0-2.5B,toto2,Toto-2.0-2.5B,2454.281792,2454.281792,48,controlled,shared_origin_v1:Hmax=720,720,720,2048,controlled,1105,1105,1105,1105,256,256,100,[],merged,2,118,5664,19987.0,,100,,float32,native_horizon,48,,direct_full_horizon,28.339258915960453,28.339258915960453,2.1845064324847723,0.6983131627241161,0.6169366821060132,0.9124388613943326,6.864130004075881,5.323463056691617,1.5085853181118387,0.6190546071743508,0.4994520204097469,0.6983131627241161,0.9146193419591229,0.7635014160408231,-0.26984029965480555,0.4994520204097469,1.867466512192648,0.2674489835018918,-1.3188264467154405,Sales,1
hierarchical_sales/D/short|H=48|L=4096|Hsrc=controlled|Lsrc=controlled|origins=shared_origin_v1:Hmax=720,joint-scaling,release,standard_hl_shared_origin_v1,hierarchical_sales/D/short,Toto-2.0-2.5B,toto2,Toto-2.0-2.5B,2454.281792,2454.281792,48,controlled,shared_origin_v1:Hmax=720,720,720,4096,controlled,1105,1105,1105,1105,256,256,100,[],merged,2,118,5664,19987.0,,100,,float32,native_horizon,48,,direct_full_horizon,28.339265812588277,28.339265812588277,2.1845066049004678,0.6983131782153323,0.6169367096738344,0.9124388182904087,6.864130648629618,5.323463704449226,1.5085855016761105,0.6190546560342347,0.4994520545106364,0.6983131782153323,0.9146193419591229,0.7635014329781603,-0.2698402774710392,0.4994520545106364,1.867466512192648,0.26744900176240105,-1.3188263784388352,Sales,1
hierarchical_sales/D/short|H=96|L=128|Hsrc=controlled|Lsrc=controlled|origins=shared_origin_v1:Hmax=720,joint-scaling,release,standard_hl_shared_origin_v1,hierarchical_sales/D/short,Toto-2.0-2.5B,toto2,Toto-2.0-2.5B,2454.281792,2454.281792,96,controlled,shared_origin_v1:Hmax=720,720,720,128,controlled,1105,1105,128,128,256,256,100,[],merged,2,118,11210,44867.0,,100,,float32,native_horizon,96,,direct_full_horizon,56.2862455396967,56.2862455396967,2.85153619117975,0.88320320307205,0.720985872379004,0.949935099102364,9.61995353873802,7.50241598018243,1.8744752967179674,0.7124550494377828,0.5939314529211208,0.88320320307205,1.0414336391373997,0.8480647924946912,-0.16479823986530268,0.5939314529211208,2.251225579502112,0.26382582817510297,-1.332466135322157,Sales,1
hierarchical_sales/D/short|H=96|L=256|Hsrc=controlled|Lsrc=controlled|origins=shared_origin_v1:Hmax=720,joint-scaling,release,standard_hl_shared_origin_v1,hierarchical_sales/D/short,Toto-2.0-2.5B,toto2,Toto-2.0-2.5B,2454.281792,2454.281792,96,controlled,shared_origin_v1:Hmax=720,720,720,256,controlled,1105,1105,256,256,256,256,100,[],merged,2,118,11210,44867.0,,100,,float32,native_horizon,96,,direct_full_horizon,56.202849018733275,56.202849018733275,2.793617933206958,0.869398360406005,0.6891067110180121,0.9603635408535905,8.825695597137488,7.496855942242273,1.873086123710876,0.6979841984364901,0.583179629275728,0.869398360406005,1.0414336391373997,0.834809178169155,-0.18055210938678076,0.583179629275728,2.251225579502112,0.25904984137782666,-1.350734798044142,Sales,1
hierarchical_sales/D/short|H=96|L=512|Hsrc=controlled|Lsrc=controlled|origins=shared_origin_v1:Hmax=720,joint-scaling,release,standard_hl_shared_origin_v1,hierarchical_sales/D/short,Toto-2.0-2.5B,toto2,Toto-2.0-2.5B,2454.281792,2454.281792,96,controlled,shared_origin_v1:Hmax=720,720,720,512,controlled,1105,1105,512,512,256,256,100,[],merged,2,118,11210,44867.0,,100,,float32,native_horizon,96,,direct_full_horizon,55.04999442462088,55.04999442462088,2.7210416550512937,0.8435035029124028,0.6509910259489191,0.9484525709466993,8.69902540674707,7.419568344898568,1.8537758518802896,0.679851047610159,0.5673371585474295,0.8435035029124028,1.0414336391373997,0.8099445525987247,-0.21078948724052737,0.5673371585474295,2.251225579502112,0.25201257648862696,-1.378276286015111,Sales,1
hierarchical_sales/D/short|H=96|L=1024|Hsrc=controlled|Lsrc=controlled|origins=shared_origin_v1:Hmax=720,joint-scaling,release,standard_hl_shared_origin_v1,hierarchical_sales/D/short,Toto-2.0-2.5B,toto2,Toto-2.0-2.5B,2454.281792,2454.281792,96,controlled,shared_origin_v1:Hmax=720,720,720,1024,controlled,1105,1105,1024,1024,256,256,100,[],merged,2,118,11210,44867.0,,100,,float32,native_horizon,96,,direct_full_horizon,52.33197479928635,52.33197479928635,2.652839261819804,0.8236636744452925,0.6250308149931535,0.9386054495846342,8.52271141379047,7.234084240543951,1.8074327308823344,0.6628107099872957,0.5524163147510938,0.8236636744452925,1.0414336391373997,0.7908940555516508,-0.23459125754057975,0.5524163147510938,2.251225579502112,0.24538470057419473,-1.404928093497279,Sales,1
hierarchical_sales/D/short|H=96|L=2048|Hsrc=controlled|Lsrc=controlled|origins=shared_origin_v1:Hmax=720,joint-scaling,release,standard_hl_shared_origin_v1,hierarchical_sales/D/short,Toto-2.0-2.5B,toto2,Toto-2.0-2.5B,2454.281792,2454.281792,96,controlled,shared_origin_v1:Hmax=720,720,720,2048,controlled,1105,1105,1105,1105,256,256,100,[],merged,2,118,11210,44867.0,,100,,float32,native_horizon,96,,direct_full_horizon,52.2669547279215,52.2669547279215,2.642910556980375,0.8217793560514759,0.6203775459073233,0.9359971304220562,8.528350771937555,7.229588835329538,1.8063095558883837,0.6603300274979383,0.5487560209581976,0.8217793560514759,1.0414336391373997,0.789084705130267,-0.23688160631912278,0.5487560209581976,2.251225579502112,0.2437587889702116,-1.411576112440541,Sales,1
hierarchical_sales/D/short|H=96|L=4096|Hsrc=controlled|Lsrc=controlled|origins=shared_origin_v1:Hmax=720,joint-scaling,release,standard_hl_shared_origin_v1,hierarchical_sales/D/short,Toto-2.0-2.5B,toto2,Toto-2.0-2.5B,2454.281792,2454.281792,96,controlled,shared_origin_v1:Hmax=720,720,720,4096,controlled,1105,1105,1105,1105,256,256,100,[],merged,2,118,11210,44867.0,,100,,float32,native_horizon,96,,direct_full_horizon,52.2669547279215,52.2669547279215,2.6429107312109723,0.8217793527980592,0.6203775451913507,0.9359971304220562,8.528350881368922,7.229588835329538,1.8063095558883837,0.6603300710293757,0.5487560156953887,0.8217793527980592,1.0414336391373997,0.7890847020062881,-0.2368816102781133,0.5487560156953887,2.251225579502112,0.24375878663245878,-1.4115761220309762,Sales,1
hierarchical_sales/D/short|H=192|L=128|Hsrc=controlled|Lsrc=controlled|origins=shared_origin_v1:Hmax=720,joint-scaling,release,standard_hl_shared_origin_v1,hierarchical_sales/D/short,Toto-2.0-2.5B,toto2,Toto-2.0-2.5B,2454.281792,2454.281792,192,controlled,shared_origin_v1:Hmax=720,720,720,128,controlled,1105,1105,128,128,256,256,100,[],merged,2,118,22538,84027.0,,100,,float32,native_horizon,192,,direct_full_horizon,52.16806892803265,52.16806892803265,2.895049731980433,0.9223702866231367,0.8460157876557275,0.997378559266572,11.341773514611656,7.222746633243662,1.9373090032971025,0.7765198193363443,0.6553319846856958,0.9223702866231367,1.0187335912678954,0.9054087295533007,-0.09936880237301436,0.6553319846856958,3.325423783044172,0.19706720930641486,-1.6242104444353966,Sales,1
hierarchical_sales/D/short|H=192|L=256|Hsrc=controlled|Lsrc=controlled|origins=shared_origin_v1:Hmax=720,joint-scaling,release,standard_hl_shared_origin_v1,hierarchical_sales/D/short,Toto-2.0-2.5B,toto2,Toto-2.0-2.5B,2454.281792,2454.281792,192,controlled,shared_origin_v1:Hmax=720,720,720,256,controlled,1105,1105,256,256,256,256,100,[],merged,2,118,22538,84027.0,,100,,float32,native_horizon,192,,direct_full_horizon,51.49309776821369,51.49309776821369,2.757820212668604,0.8804395046022698,0.745442394159844,0.9943307552799716,10.316813706208091,7.175869129813732,1.924735364201291,0.7397116635501089,0.6227840659563065,0.8804395046022698,1.0187335912678954,0.8642490167684492,-0.14589433785134334,0.6227840659563065,3.325423783044172,0.18727960903262536,-1.6751525434104533,Sales,1
hierarchical_sales/D/short|H=192|L=512|Hsrc=controlled|Lsrc=controlled|origins=shared_origin_v1:Hmax=720,joint-scaling,release,standard_hl_shared_origin_v1,hierarchical_sales/D/short,Toto-2.0-2.5B,toto2,Toto-2.0-2.5B,2454.281792,2454.281792,192,controlled,shared_origin_v1:Hmax=720,720,720,512,controlled,1105,1105,512,512,256,256,100,[],merged,2,118,22538,84027.0,,100,,float32,native_horizon,192,,direct_full_horizon,50.04074230189014,50.04074230189014,2.5886849432070282,0.8193876222830557,0.6624991248907519,0.982275074318928,8.928113868559782,7.073948141023522,1.8973977793136507,0.6943456418770158,0.5813561747888313,0.8193876222830557,1.0187335912678954,0.8043198234616592,-0.21775829852558848,0.5813561747888313,3.325423783044172,0.17482168069918716,-1.7439887919920867,Sales,1
hierarchical_sales/D/short|H=192|L=1024|Hsrc=controlled|Lsrc=controlled|origins=shared_origin_v1:Hmax=720,joint-scaling,release,standard_hl_shared_origin_v1,hierarchical_sales/D/short,Toto-2.0-2.5B,toto2,Toto-2.0-2.5B,2454.281792,2454.281792,192,controlled,shared_origin_v1:Hmax=720,720,720,1024,controlled,1105,1105,1024,1024,256,256,100,[],merged,2,118,22538,84027.0,,100,,float32,native_horizon,192,,direct_full_horizon,48.9364684089094,48.9364684089094,2.551692644783255,0.8028940033262705,0.6476841896835756,0.9809488852854069,8.832342632442945,6.995460557312106,1.8763455798814694,0.6844234451798231,0.5705117767664709,0.8028940033262705,1.0187335912678954,0.7881295072708898,-0.2380928532995889,0.5705117767664709,3.325423783044172,0.17156062324309562,-1.7628185865404777,Sales,1
hierarchical_sales/D/short|H=192|L=2048|Hsrc=controlled|Lsrc=controlled|origins=shared_origin_v1:Hmax=720,joint-scaling,release,standard_hl_shared_origin_v1,hierarchical_sales/D/short,Toto-2.0-2.5B,toto2,Toto-2.0-2.5B,2454.281792,2454.281792,192,controlled,shared_origin_v1:Hmax=720,720,720,2048,controlled,1105,1105,1105,1105,256,256,100,[],merged,2,118,22538,84027.0,,100,,float32,native_horizon,192,,direct_full_horizon,48.561833070813734,48.561833070813734,2.5178309965391783,0.7937395947532648,0.6264459843038573,0.9727134017409487,8.513135504779006,6.9686320803163175,1.869149557001549,0.6753409618336963,0.5630212752326917,0.7937395947532648,1.0187335912678954,0.7791434400090729,-0.24956011654574417,0.5630212752326917,3.325423783044172,0.1693081279154408,-1.7760349820442245,Sales,1
hierarchical_sales/D/short|H=192|L=4096|Hsrc=controlled|Lsrc=controlled|origins=shared_origin_v1:Hmax=720,joint-scaling,release,standard_hl_shared_origin_v1,hierarchical_sales/D/short,Toto-2.0-2.5B,toto2,Toto-2.0-2.5B,2454.281792,2454.281792,192,controlled,shared_origin_v1:Hmax=720,720,720,4096,controlled,1105,1105,1105,1105,256,256,100,[],merged,2,118,22538,84027.0,,100,,float32,native_horizon,192,,direct_full_horizon,48.56183168426657,48.56183168426657,2.5178309965391783,0.7937396003293672,0.6264460127617925,0.9727133584113498,8.513136372294785,6.96863198083143,1.869149530317383,0.6753409618336963,0.5630212852452416,0.7937396003293672,1.0187335912678954,0.7791434454826357,-0.2495601095206413,0.5630212852452416,3.325423783044172,0.16930813092635025,-1.7760349642606164,Sales,1
hierarchical_sales/D/short|H=336|L=128|Hsrc=controlled|Lsrc=controlled|origins=shared_origin_v1:Hmax=720,joint-scaling,release,standard_hl_shared_origin_v1,hierarchical_sales/D/short,Toto-2.0-2.5B,toto2,Toto-2.0-2.5B,2454.281792,2454.281792,336,controlled,shared_origin_v1:Hmax=720,720,720,128,controlled,1105,1105,128,128,256,256,100,[],merged,2,118,39530,142438.0,,100,,float32,native_horizon,336,,direct_full_horizon,48.8706488742727,48.8706488742727,2.8527631308499872,0.8963915127891023,0.854452011028905,1.0054411305495825,12.1534271981932,6.990754528251776,1.9401039505033255,0.7917109659114843,0.6819508154377657,0.8963915127891023,0.9843623022305182,0.9106316960309448,-0.09361674883423125,0.6819508154377657,4.483902756957517,0.15208867194535078,-1.883291560167342,Sales,1
hierarchical_sales/D/short|H=336|L=256|Hsrc=controlled|Lsrc=controlled|origins=shared_origin_v1:Hmax=720,joint-scaling,release,standard_hl_shared_origin_v1,hierarchical_sales/D/short,Toto-2.0-2.5B,toto2,Toto-2.0-2.5B,2454.281792,2454.281792,336,controlled,shared_origin_v1:Hmax=720,720,720,256,controlled,1105,1105,256,256,256,256,100,[],merged,2,118,39530,142438.0,,100,,float32,native_horizon,336,,direct_full_horizon,48.8706488742727,48.8706488742727,2.8527631308499872,0.8963915127891023,0.854452011028905,1.0054411305495825,12.1534271981932,6.990754528251776,1.9401039505033255,0.7917109659114843,0.6819508154377657,0.8963915127891023,0.9843623022305182,0.9106316960309448,-0.09361674883423125,0.6819508154377657,4.483902756957517,0.15208867194535078,-1.883291560167342,Sales,1
hierarchical_sales/D/short|H=336|L=512|Hsrc=controlled|Lsrc=controlled|origins=shared_origin_v1:Hmax=720,joint-scaling,release,standard_hl_shared_origin_v1,hierarchical_sales/D/short,Toto-2.0-2.5B,toto2,Toto-2.0-2.5B,2454.281792,2454.281792,336,controlled,shared_origin_v1:Hmax=720,720,720,512,controlled,1105,1105,512,512,256,256,100,[],merged,2,118,39530,142438.0,,100,,float32,native_horizon,336,,direct_full_horizon,48.37780166961801,48.37780166961801,2.675943409277764,0.8443639207991943,0.7547052139933571,1.0086994351600052,8.341396094344743,6.955415276575368,1.9302964509683112,0.7426392042063915,0.6161089187491329,0.8443639207991943,0.9843623022305182,0.8577775874654137,-0.15341043516630493,0.6161089187491329,4.483902756957517,0.13740461204095875,-1.9848253332291474,Sales,1
hierarchical_sales/D/short|H=336|L=1024|Hsrc=controlled|Lsrc=controlled|origins=shared_origin_v1:Hmax=720,joint-scaling,release,standard_hl_shared_origin_v1,hierarchical_sales/D/short,Toto-2.0-2.5B,toto2,Toto-2.0-2.5B,2454.281792,2454.281792,336,controlled,shared_origin_v1:Hmax=720,720,720,1024,controlled,1105,1105,1024,1024,256,256,100,[],merged,2,118,39530,142438.0,,100,,float32,native_horizon,336,,direct_full_horizon,46.44851694915254,46.44851694915254,2.499925491715153,0.7802487830985833,0.6495610107765631,0.992456233793954,8.077780731499534,6.815314882611994,1.8914151933448387,0.6937899625626588,0.5749826597879677,0.7802487830985833,0.9843623022305182,0.7926439089861289,-0.2323812010898901,0.5749826597879677,4.483902756957517,0.12823263370192117,-2.0539092138315924,Sales,1
hierarchical_sales/D/short|H=336|L=2048|Hsrc=controlled|Lsrc=controlled|origins=shared_origin_v1:Hmax=720,joint-scaling,release,standard_hl_shared_origin_v1,hierarchical_sales/D/short,Toto-2.0-2.5B,toto2,Toto-2.0-2.5B,2454.281792,2454.281792,336,controlled,shared_origin_v1:Hmax=720,720,720,2048,controlled,1105,1105,1105,1105,256,256,100,[],merged,2,118,39530,142438.0,,100,,float32,native_horizon,336,,direct_full_horizon,45.948094801416644,45.948094801416644,2.4689619632241335,0.7676001133327067,0.6339053824124931,0.9846502557393119,7.871797529398025,6.778502401077737,1.8811988367893604,0.6851968323498645,0.5681260785748595,0.7676001133327067,0.9843623022305182,0.7797943009330622,-0.24872511083036145,0.5681260785748595,4.483902756957517,0.1267034789488505,-2.0659057338721816,Sales,1
hierarchical_sales/D/short|H=336|L=4096|Hsrc=controlled|Lsrc=controlled|origins=shared_origin_v1:Hmax=720,joint-scaling,release,standard_hl_shared_origin_v1,hierarchical_sales/D/short,Toto-2.0-2.5B,toto2,Toto-2.0-2.5B,2454.281792,2454.281792,336,controlled,shared_origin_v1:Hmax=720,720,720,4096,controlled,1105,1105,1105,1105,256,256,100,[],merged,2,118,39530,142438.0,,100,,float32,native_horizon,336,,direct_full_horizon,45.948094801416644,45.948094801416644,2.4689620620414874,0.767600108423663,0.6339054154066988,0.9846502557393119,7.871797734481451,6.778502401077737,1.8811988367893604,0.6851968597740772,0.5681260809516093,0.767600108423663,0.9843623022305182,0.7797942959460329,-0.2487251172256754,0.5681260809516093,4.483902756957517,0.12670347947891325,-2.0659057296886916,Sales,1
hierarchical_sales/D/short|H=720|L=128|Hsrc=controlled|Lsrc=controlled|origins=shared_origin_v1:Hmax=720,joint-scaling,release,standard_hl_shared_origin_v1,hierarchical_sales/D/short,Toto-2.0-2.5B,toto2,Toto-2.0-2.5B,2454.281792,2454.281792,720,controlled,shared_origin_v1:Hmax=720,720,720,128,controlled,1105,1105,128,128,256,256,100,[],merged,2,118,83544,294968.0,,100,,float32,native_horizon,720,,direct_full_horizon,43.597412740591786,43.597412740591786,2.7841761339832902,0.8803845186372957,0.8491838181758398,1.0065678340156086,12.96404920899394,6.602833690211483,1.8701253621241223,0.788564220313729,0.6920862084730034,0.8803845186372957,0.9742282554481628,0.9036737681482074,-0.10128685966360186,0.6920862084730034,6.5888634602276355,0.10503878440502587,-2.2534256217409094,Sales,1
hierarchical_sales/D/short|H=720|L=256|Hsrc=controlled|Lsrc=controlled|origins=shared_origin_v1:Hmax=720,joint-scaling,release,standard_hl_shared_origin_v1,hierarchical_sales/D/short,Toto-2.0-2.5B,toto2,Toto-2.0-2.5B,2454.281792,2454.281792,720,controlled,shared_origin_v1:Hmax=720,720,720,256,controlled,1105,1105,256,256,256,256,100,[],merged,2,118,83544,294968.0,,100,,float32,native_horizon,720,,direct_full_horizon,43.597412740591786,43.597412740591786,2.7841761339832902,0.8803845186372957,0.8491838181758398,1.0065678340156086,12.96404920899394,6.602833690211483,1.8701253621241223,0.788564220313729,0.6920862084730034,0.8803845186372957,0.9742282554481628,0.9036737681482074,-0.10128685966360186,0.6920862084730034,6.5888634602276355,0.10503878440502587,-2.2534256217409094,Sales,1
hierarchical_sales/D/short|H=720|L=512|Hsrc=controlled|Lsrc=controlled|origins=shared_origin_v1:Hmax=720,joint-scaling,release,standard_hl_shared_origin_v1,hierarchical_sales/D/short,Toto-2.0-2.5B,toto2,Toto-2.0-2.5B,2454.281792,2454.281792,720,controlled,shared_origin_v1:Hmax=720,720,720,512,controlled,1105,1105,512,512,256,256,100,[],merged,2,118,83544,294968.0,,100,,float32,native_horizon,720,,direct_full_horizon,43.597412740591786,43.597412740591786,2.7841761339832902,0.8803845186372957,0.8491838181758398,1.0065678340156086,12.96404920899394,6.602833690211483,1.8701253621241223,0.788564220313729,0.6920862084730034,0.8803845186372957,0.9742282554481628,0.9036737681482074,-0.10128685966360186,0.6920862084730034,6.5888634602276355,0.10503878440502587,-2.2534256217409094,Sales,1
hierarchical_sales/D/short|H=720|L=1024|Hsrc=controlled|Lsrc=controlled|origins=shared_origin_v1:Hmax=720,joint-scaling,release,standard_hl_shared_origin_v1,hierarchical_sales/D/short,Toto-2.0-2.5B,toto2,Toto-2.0-2.5B,2454.281792,2454.281792,720,controlled,shared_origin_v1:Hmax=720,720,720,1024,controlled,1105,1105,1024,1024,256,256,100,[],merged,2,118,83544,294968.0,,100,,float32,native_horizon,720,,direct_full_horizon,42.912258809729,42.912258809729,2.5487255405834053,0.8016413535143599,0.6842742864655791,1.0145915812326438,8.15269307595952,6.550744904950047,1.8553722177970042,0.7218773784359659,0.5982661463364959,0.8016413535143599,0.9742282554481628,0.8228475709171361,-0.19498430698115266,0.5982661463364959,6.5888634602276355,0.09079959691801333,-2.399100432613671,Sales,1
hierarchical_sales/D/short|H=720|L=2048|Hsrc=controlled|Lsrc=controlled|origins=shared_origin_v1:Hmax=720,joint-scaling,release,standard_hl_shared_origin_v1,hierarchical_sales/D/short,Toto-2.0-2.5B,toto2,Toto-2.0-2.5B,2454.281792,2454.281792,720,controlled,shared_origin_v1:Hmax=720,720,720,2048,controlled,1105,1105,1105,1105,256,256,100,[],merged,2,118,83544,294968.0,,100,,float32,native_horizon,720,,direct_full_horizon,41.91073865268601,41.91073865268601,2.471875037405439,0.7731448097949346,0.6581089763806147,1.0028235495666955,7.8435114746056716,6.473850373053582,1.833593323907639,0.7001109548323886,0.5777814703727067,0.7731448097949346,0.9742282554481628,0.793597193954587,-0.2311792588612394,0.5777814703727067,6.5888634602276355,0.0876906121761924,-2.4339404300749465,Sales,1
hierarchical_sales/D/short|H=720|L=4096|Hsrc=controlled|Lsrc=controlled|origins=shared_origin_v1:Hmax=720,joint-scaling,release,standard_hl_shared_origin_v1,hierarchical_sales/D/short,Toto-2.0-2.5B,toto2,Toto-2.0-2.5B,2454.281792,2454.281792,720,controlled,shared_origin_v1:Hmax=720,720,720,4096,controlled,1105,1105,1105,1105,256,256,100,[],merged,2,118,83544,294968.0,,100,,float32,native_horizon,720,,direct_full_horizon,41.91073865268601,41.91073865268601,2.471875037405439,0.7731448138688972,0.6581090400006846,1.0028235495666955,7.843511735709537,6.473850373053582,1.833593323907639,0.7001109548323886,0.5777814710861315,0.7731448138688972,0.9742282554481628,0.7935971981363201,-0.2311792535918999,0.5777814710861315,6.5888634602276355,0.08769061228446978,-2.4339404288401805,Sales,1
jena_weather/10T/short|H=48|L=128|Hsrc=controlled|Lsrc=controlled|origins=shared_origin_v1:Hmax=720,joint-scaling,release,standard_hl_shared_origin_v1,jena_weather/10T/short,Toto-2.0-2.5B,toto2,Toto-2.0-2.5B,2454.281792,2454.281792,48,controlled,shared_origin_v1:Hmax=720,720,720,128,controlled,46944,51984,128,128,256,256,100,[],merged,2,1,8064,1266753.2614265718,,100,,float32,native_horizon,48,,direct_full_horizon,891.5826512896825,891.5826512896825,3.8594307066902283,0.2885634053743964,0.4202816900086124,0.6090491158621651,3.652659210927247,29.85938129448905,0.1900812558300384,0.024568675026501233,0.022341529705155364,0.2885634053743964,0.7056584768569798,0.4089278522659643,-0.8942165388274187,0.022341529705155364,0.16264350565490623,0.1373650279806387,-1.9851134586609873,Nature,21
jena_weather/10T/short|H=48|L=256|Hsrc=controlled|Lsrc=controlled|origins=shared_origin_v1:Hmax=720,joint-scaling,release,standard_hl_shared_origin_v1,jena_weather/10T/short,Toto-2.0-2.5B,toto2,Toto-2.0-2.5B,2454.281792,2454.281792,48,controlled,shared_origin_v1:Hmax=720,720,720,256,controlled,46944,51984,256,256,256,256,100,[],merged,2,1,8064,1266753.2614265718,,100,,float32,native_horizon,48,,direct_full_horizon,893.140625,893.140625,3.895545838371156,0.25802881094956887,0.3387250687865526,0.5982240949358258,3.581310061923048,29.885458420442543,0.19024725970000447,0.024798579642295964,0.02371979365135645,0.25802881094956887,0.7056584768569798,0.3656567864086825,-1.0060601275886942,0.02371979365135645,0.16264350565490623,0.1458391686519881,-1.9252508490394682,Nature,21
jena_weather/10T/short|H=48|L=512|Hsrc=controlled|Lsrc=controlled|origins=shared_origin_v1:Hmax=720,joint-scaling,release,standard_hl_shared_origin_v1,jena_weather/10T/short,Toto-2.0-2.5B,toto2,Toto-2.0-2.5B,2454.281792,2454.281792,48,controlled,shared_origin_v1:Hmax=720,720,720,512,controlled,46944,51984,512,512,256,256,100,[],merged,2,1,8064,1266753.2614265718,,100,,float32,native_horizon,48,,direct_full_horizon,888.9831349206349,888.9831349206349,3.780327448769221,0.26235941056296014,0.39857590242449126,0.602411118764726,3.267022736161045,29.815820212106104,0.1898039511811911,0.024065113132248336,0.02213362982797853,0.26235941056296014,0.7056584768569798,0.37179374891309375,-0.9894160168724607,0.02213362982797853,0.16264350565490623,0.1360867729630793,-1.9944625602116002,Nature,21
jena_weather/10T/short|H=48|L=1024|Hsrc=controlled|Lsrc=controlled|origins=shared_origin_v1:Hmax=720,joint-scaling,release,standard_hl_shared_origin_v1,jena_weather/10T/short,Toto-2.0-2.5B,toto2,Toto-2.0-2.5B,2454.281792,2454.281792,48,controlled,shared_origin_v1:Hmax=720,720,720,1024,controlled,46944,51984,1024,1024,256,256,100,[],merged,2,1,8064,1266753.2614265718,,100,,float32,native_horizon,48,,direct_full_horizon,888.8250248015873,888.8250248015873,3.749483138795883,0.25391947501561224,0.3599140574927896,0.5949957711356026,3.642531765828501,29.81316864745489,0.1897870716372432,0.02386876193805848,0.021710784574462332,0.25391947501561224,0.7056584768569798,0.35983338023030037,-1.0221141873657025,0.021710784574462332,0.16264350565490623,0.1334869442652561,-2.0137516016900223,Nature,21
jena_weather/10T/short|H=48|L=2048|Hsrc=controlled|Lsrc=controlled|origins=shared_origin_v1:Hmax=720,joint-scaling,release,standard_hl_shared_origin_v1,jena_weather/10T/short,Toto-2.0-2.5B,toto2,Toto-2.0-2.5B,2454.281792,2454.281792,48,controlled,shared_origin_v1:Hmax=720,720,720,2048,controlled,46944,51984,2048,2048,256,256,100,[],merged,2,1,8064,1266753.2614265718,,100,,float32,native_horizon,48,,direct_full_horizon,889.5113467261905,889.5113467261905,3.7559414818173362,0.25687389753200324,0.36252101463607594,0.595780266655816,3.7017385898590263,29.82467680841136,0.18986033121570953,0.023909874978546214,0.021437364600765403,0.25687389753200324,0.7056584768569798,0.36402013999197724,-1.0105460832277358,0.021437364600765403,0.16264350565490623,0.13180584441072477,-2.026425314871627,Nature,21
jena_weather/10T/short|H=48|L=4096|Hsrc=controlled|Lsrc=controlled|origins=shared_origin_v1:Hmax=720,joint-scaling,release,standard_hl_shared_origin_v1,jena_weather/10T/short,Toto-2.0-2.5B,toto2,Toto-2.0-2.5B,2454.281792,2454.281792,48,controlled,shared_origin_v1:Hmax=720,720,720,4096,controlled,46944,51984,4096,4096,256,256,100,[],merged,2,1,8064,1266753.2614265718,,100,,float32,native_horizon,48,,direct_full_horizon,890.8043774801587,890.8043774801587,3.7311847020709323,0.2510800640367953,0.3480033122696683,0.5935260833255829,3.634463450802271,29.846346132820994,0.18999827554738033,0.02375227627487272,0.021285461599148126,0.2510800640367953,0.7056584768569798,0.3558096051720544,-1.0333595081281253,0.021285461599148126,0.16264350565490623,0.1308718815020576,-2.033536438139836,Nature,21
jena_weather/10T/short|H=96|L=128|Hsrc=controlled|Lsrc=controlled|origins=shared_origin_v1:Hmax=720,joint-scaling,release,standard_hl_shared_origin_v1,jena_weather/10T/short,Toto-2.0-2.5B,toto2,Toto-2.0-2.5B,2454.281792,2454.281792,96,controlled,shared_origin_v1:Hmax=720,720,720,128,controlled,46944,51984,128,128,256,256,100,[],merged,2,1,16128,2666546.043662604,,100,,float32,native_horizon,96,,direct_full_horizon,3025.9489087301586,3025.9489087301586,13.689712766617063,0.5054080635421441,0.5518281817003629,0.6757860940600199,5.588131063595207,55.00862576660281,0.3327072181904631,0.08279912811733774,0.07205223117005997,0.5054080635421441,0.7741562320408423,0.6528502163055379,-0.42640755380312656,0.07205223117005997,0.15759631843720967,0.4571948880821565,-0.7826455280466557,Nature,21
jena_weather/10T/short|H=96|L=256|Hsrc=controlled|Lsrc=controlled|origins=shared_origin_v1:Hmax=720,joint-scaling,release,standard_hl_shared_origin_v1,jena_weather/10T/short,Toto-2.0-2.5B,toto2,Toto-2.0-2.5B,2454.281792,2454.281792,96,controlled,shared_origin_v1:Hmax=720,720,720,256,controlled,46944,51984,256,256,256,256,100,[],merged,2,1,16128,2666546.043662604,,100,,float32,native_horizon,96,,direct_full_horizon,3027.8194444444443,3027.8194444444443,13.747406490265377,0.5023096476830908,0.4866996425562838,0.6666311839270214,4.678851863758793,55.02562534351104,0.33281003628243927,0.08314807554212023,0.0717939181427573,0.5023096476830908,0.7741562320408423,0.6488479029082987,-0.43255694581722254,0.0717939181427573,0.15759631843720967,0.45555580774154825,-0.7862370500471021,Nature,21
jena_weather/10T/short|H=96|L=512|Hsrc=controlled|Lsrc=controlled|origins=shared_origin_v1:Hmax=720,joint-scaling,release,standard_hl_shared_origin_v1,jena_weather/10T/short,Toto-2.0-2.5B,toto2,Toto-2.0-2.5B,2454.281792,2454.281792,96,controlled,shared_origin_v1:Hmax=720,720,720,512,controlled,46944,51984,512,512,256,256,100,[],merged,2,1,16128,2666546.043662604,,100,,float32,native_horizon,96,,direct_full_horizon,1593.6591021825398,1593.6591021825398,9.85648212735615,0.44387536710871245,0.5164396337850848,0.5622157747783358,4.359521297930384,39.92066009201927,0.24145107394423504,0.05961470049534752,0.04994191648488681,0.44387536710871245,0.7741562320408423,0.573366652282268,-0.5562298850855107,0.04994191648488681,0.15759631843720967,0.3168977358109093,-1.149176157117005,Nature,21
jena_weather/10T/short|H=96|L=1024|Hsrc=controlled|Lsrc=controlled|origins=shared_origin_v1:Hmax=720,joint-scaling,release,standard_hl_shared_origin_v1,jena_weather/10T/short,Toto-2.0-2.5B,toto2,Toto-2.0-2.5B,2454.281792,2454.281792,96,controlled,shared_origin_v1:Hmax=720,720,720,1024,controlled,46944,51984,1024,1024,256,256,100,[],merged,2,1,16128,2666546.043662604,,100,,float32,native_horizon,96,,direct_full_horizon,1379.0815972222222,1379.0815972222222,9.218445793030755,0.4197725948014189,0.5604790732267829,0.535866934155661,4.108350143880655,37.13598789883234,0.22460861467432816,0.05575568218795465,0.0453410214919832,0.4197725948014189,0.7741562320408423,0.5422324040391796,-0.612060579706357,0.0453410214919832,0.15759631843720967,0.28770355768208,-1.245824642557123,Nature,21
jena_weather/10T/short|H=96|L=2048|Hsrc=controlled|Lsrc=controlled|origins=shared_origin_v1:Hmax=720,joint-scaling,release,standard_hl_shared_origin_v1,jena_weather/10T/short,Toto-2.0-2.5B,toto2,Toto-2.0-2.5B,2454.281792,2454.281792,96,controlled,shared_origin_v1:Hmax=720,720,720,2048,controlled,46944,51984,2048,2048,256,256,100,[],merged,2,1,16128,2666546.043662604,,100,,float32,native_horizon,96,,direct_full_horizon,1344.2157738095239,1344.2157738095239,9.02230205233135,0.4288342242328219,0.6510862169517885,0.5325391254727803,4.283550283205451,36.6635482981329,0.22175117071674516,0.054569351182151005,0.04384930634757465,0.4288342242328219,0.7741562320408423,0.5539375729138325,-0.5907032828552632,0.04384930634757465,0.15759631843720967,0.2782381389514839,-1.2792779170432862,Nature,21
jena_weather/10T/short|H=96|L=4096|Hsrc=controlled|Lsrc=controlled|origins=shared_origin_v1:Hmax=720,joint-scaling,release,standard_hl_shared_origin_v1,jena_weather/10T/short,Toto-2.0-2.5B,toto2,Toto-2.0-2.5B,2454.281792,2454.281792,96,controlled,shared_origin_v1:Hmax=720,720,720,4096,controlled,46944,51984,4096,4096,256,256,100,[],merged,2,1,16128,2666546.043662604,,100,,float32,native_horizon,96,,direct_full_horizon,1215.421130952381,1215.421130952381,8.607554602244544,0.41761681820882,0.6201294822215434,0.5261647663419209,4.238757292729014,34.86289045607637,0.21086029945438406,0.052060845135200345,0.042331467977986786,0.41761681820882,0.7741562320408423,0.5394477250514309,-0.6172093941566593,0.042331467977986786,0.15759631843720967,0.2686069598437524,-1.3145060836734028,Nature,21
jena_weather/10T/short|H=192|L=128|Hsrc=controlled|Lsrc=controlled|origins=shared_origin_v1:Hmax=720,joint-scaling,release,standard_hl_shared_origin_v1,jena_weather/10T/short,Toto-2.0-2.5B,toto2,Toto-2.0-2.5B,2454.281792,2454.281792,192,controlled,shared_origin_v1:Hmax=720,720,720,128,controlled,46944,51984,128,128,256,256,100,[],merged,2,1,32256,5192373.383527776,,100,,float32,native_horizon,192,,direct_full_horizon,2016.359871031746,2016.359871031746,10.323577396453373,0.6193199992079224,0.6839207588421012,0.7311319623674665,12.905326271997147,44.903895944914915,0.27895144678811545,0.06413200436555598,0.06822474817584773,0.6193199992079224,0.7854218158507354,0.7885189673998313,-0.23759881782735828,0.06822474817584773,0.17200378014317172,0.39664679531495833,-0.9247090786441533,Nature,21
jena_weather/10T/short|H=192|L=256|Hsrc=controlled|Lsrc=controlled|origins=shared_origin_v1:Hmax=720,joint-scaling,release,standard_hl_shared_origin_v1,jena_weather/10T/short,Toto-2.0-2.5B,toto2,Toto-2.0-2.5B,2454.281792,2454.281792,192,controlled,shared_origin_v1:Hmax=720,720,720,256,controlled,46944,51984,256,256,256,256,100,[],merged,2,1,32256,5192373.383527776,,100,,float32,native_horizon,192,,direct_full_horizon,1987.7218501984128,1987.7218501984128,10.578085278707837,0.701753014621373,0.6377062077506392,0.7504067799401661,6.690357744143408,44.583874329160906,0.27696341232385513,0.06571305519599961,0.060982467320863605,0.701753014621373,0.7854218158507354,0.8934727817068132,-0.11263940740197674,0.060982467320863605,0.17200378014317172,0.3545414366480975,-1.0369300522579905,Nature,21
jena_weather/10T/short|H=192|L=512|Hsrc=controlled|Lsrc=controlled|origins=shared_origin_v1:Hmax=720,joint-scaling,release,standard_hl_shared_origin_v1,jena_weather/10T/short,Toto-2.0-2.5B,toto2,Toto-2.0-2.5B,2454.281792,2454.281792,192,controlled,shared_origin_v1:Hmax=720,720,720,512,controlled,46944,51984,512,512,256,256,100,[],merged,2,1,32256,5192373.383527776,,100,,float32,native_horizon,192,,direct_full_horizon,1310.953869047619,1310.953869047619,8.079781668526786,0.5432819922380724,0.5474455630907648,0.6435892014276414,5.6597586894967655,36.20709694310798,0.2249252957620326,0.050193123307886986,0.046075476361427996,0.5432819922380724,0.7854218158507354,0.6917072855298939,-0.3685924106424396,0.046075476361427996,0.17200378014317172,0.267874789281235,-1.3172356118196527,Nature,21
jena_weather/10T/short|H=192|L=1024|Hsrc=controlled|Lsrc=controlled|origins=shared_origin_v1:Hmax=720,joint-scaling,release,standard_hl_shared_origin_v1,jena_weather/10T/short,Toto-2.0-2.5B,toto2,Toto-2.0-2.5B,2454.281792,2454.281792,192,controlled,shared_origin_v1:Hmax=720,720,720,1024,controlled,46944,51984,1024,1024,256,256,100,[],merged,2,1,32256,5192373.383527776,,100,,float32,native_horizon,192,,direct_full_horizon,1207.921130952381,1207.921130952381,7.7829686724950395,0.5246304999612416,0.5418227058233904,0.6290090046231709,4.859024443545363,34.75515977451954,0.21590558900162063,0.04834926515423947,0.04053595437075366,0.5246304999612416,0.7854218158507354,0.6679601831443709,-0.40352671329330486,0.04053595437075366,0.17200378014317172,0.23566897388541422,-1.4453271116230364,Nature,21
jena_weather/10T/short|H=192|L=2048|Hsrc=controlled|Lsrc=controlled|origins=shared_origin_v1:Hmax=720,joint-scaling,release,standard_hl_shared_origin_v1,jena_weather/10T/short,Toto-2.0-2.5B,toto2,Toto-2.0-2.5B,2454.281792,2454.281792,192,controlled,shared_origin_v1:Hmax=720,720,720,2048,controlled,46944,51984,2048,2048,256,256,100,[],merged,2,1,32256,5192373.383527776,,100,,float32,native_horizon,192,,direct_full_horizon,1140.9030257936508,1140.9030257936508,7.729366241939484,0.5539212577242848,0.5695046625619818,0.6356092180524554,5.051486614365516,33.77725604298921,0.20983066710476517,0.048016276774496776,0.039646210546056465,0.5539212577242848,0.7854218158507354,0.7052532111350903,-0.3491983759234559,0.039646210546056465,0.17200378014317172,0.2304961583580078,-1.4675210832439416,Nature,21
jena_weather/10T/short|H=192|L=4096|Hsrc=controlled|Lsrc=controlled|origins=shared_origin_v1:Hmax=720,joint-scaling,release,standard_hl_shared_origin_v1,jena_weather/10T/short,Toto-2.0-2.5B,toto2,Toto-2.0-2.5B,2454.281792,2454.281792,192,controlled,shared_origin_v1:Hmax=720,720,720,4096,controlled,46944,51984,4096,4096,256,256,100,[],merged,2,1,32256,5192373.383527776,,100,,float32,native_horizon,192,,direct_full_horizon,1115.392113095238,1115.392113095238,7.721960158575149,0.5500631291372307,0.6558334079859766,0.6285722520616319,5.151256174694866,33.39748662841619,0.2074714680773361,0.0479702687917585,0.03942657160451808,0.5500631291372307,0.7854218158507354,0.7003410371806718,-0.3561878666077691,0.03942657160451808,0.17200378014317172,0.22921921583177052,-1.4730764589482703,Nature,21
jena_weather/10T/short|H=336|L=128|Hsrc=controlled|Lsrc=controlled|origins=shared_origin_v1:Hmax=720,joint-scaling,release,standard_hl_shared_origin_v1,jena_weather/10T/short,Toto-2.0-2.5B,toto2,Toto-2.0-2.5B,2454.281792,2454.281792,336,controlled,shared_origin_v1:Hmax=720,720,720,128,controlled,46944,51984,128,128,256,256,100,[],merged,2,1,56448,9144486.066630237,,100,,float32,native_horizon,336,,direct_full_horizon,2371.8103741496598,2371.8103741496598,11.796747670422336,0.7156106696029454,0.8026045982488124,0.7579278578293297,17.200334177557647,48.70123585854531,0.3006278692659445,0.072820146222322,0.07968609344609157,0.7156106696029454,0.7997915522433136,0.8947464718722629,-0.11121487248737724,0.07968609344609157,0.19237704941727043,0.4142182952044894,-0.8813621610190794,Nature,21
jena_weather/10T/short|H=336|L=256|Hsrc=controlled|Lsrc=controlled|origins=shared_origin_v1:Hmax=720,joint-scaling,release,standard_hl_shared_origin_v1,jena_weather/10T/short,Toto-2.0-2.5B,toto2,Toto-2.0-2.5B,2454.281792,2454.281792,336,controlled,shared_origin_v1:Hmax=720,720,720,256,controlled,46944,51984,256,256,256,256,100,[],merged,2,1,56448,9144486.066630237,,100,,float32,native_horizon,336,,direct_full_horizon,2371.8103741496598,2371.8103741496598,11.796747670422336,0.7156106696029454,0.8026045982488124,0.7579278578293297,17.200334177557647,48.70123585854531,0.3006278692659445,0.072820146222322,0.07968609344609157,0.7156106696029454,0.7997915522433136,0.8947464718722629,-0.11121487248737724,0.07968609344609157,0.19237704941727043,0.4142182952044894,-0.8813621610190794,Nature,21
jena_weather/10T/short|H=336|L=512|Hsrc=controlled|Lsrc=controlled|origins=shared_origin_v1:Hmax=720,joint-scaling,release,standard_hl_shared_origin_v1,jena_weather/10T/short,Toto-2.0-2.5B,toto2,Toto-2.0-2.5B,2454.281792,2454.281792,336,controlled,shared_origin_v1:Hmax=720,720,720,512,controlled,46944,51984,512,512,256,256,100,[],merged,2,1,56448,9144486.066630237,,100,,float32,native_horizon,336,,direct_full_horizon,2361.3951247165533,2361.3951247165533,11.665305901006235,0.6783091798604429,0.588867338553751,0.7372613677632511,6.631649276669079,48.59418817838768,0.2999670746181634,0.07200876929573063,0.06605657570663924,0.6783091798604429,0.7997915522433136,0.8481074574467209,-0.16474793253119777,0.06605657570663924,0.19237704941727043,0.343370354762854,-1.068945662833367,Nature,21
jena_weather/10T/short|H=336|L=1024|Hsrc=controlled|Lsrc=controlled|origins=shared_origin_v1:Hmax=720,joint-scaling,release,standard_hl_shared_origin_v1,jena_weather/10T/short,Toto-2.0-2.5B,toto2,Toto-2.0-2.5B,2454.281792,2454.281792,336,controlled,shared_origin_v1:Hmax=720,720,720,1024,controlled,46944,51984,1024,1024,256,256,100,[],merged,2,1,56448,9144486.066630237,,100,,float32,native_horizon,336,,direct_full_horizon,1358.4423185941043,1358.4423185941043,8.90654119720805,0.6216963590860392,0.6279294069716054,0.6493198109321854,5.957302507079225,36.85705249465975,0.22751490724127976,0.0549791900645617,0.04623644410067174,0.6216963590860392,0.7997915522433136,0.7773229878988593,-0.2518993291463959,0.04623644410067174,0.19237704941727043,0.24034282800742923,-1.4256889248734061,Nature,21
jena_weather/10T/short|H=336|L=2048|Hsrc=controlled|Lsrc=controlled|origins=shared_origin_v1:Hmax=720,joint-scaling,release,standard_hl_shared_origin_v1,jena_weather/10T/short,Toto-2.0-2.5B,toto2,Toto-2.0-2.5B,2454.281792,2454.281792,336,controlled,shared_origin_v1:Hmax=720,720,720,2048,controlled,46944,51984,2048,2048,256,256,100,[],merged,2,1,56448,9144486.066630237,,100,,float32,native_horizon,336,,direct_full_horizon,1313.486819727891,1313.486819727891,8.898047207164115,0.6193350510093,0.640253191981549,0.6497204838966837,5.598729948066415,36.242058712604766,0.22371861199226395,0.054926757511599575,0.04450827417172904,0.6193350510093,0.7997915522433136,0.7743705835253497,-0.25570472989137844,0.04450827417172904,0.19237704941727043,0.23135958424640107,-1.4637821370119641,Nature,21
jena_weather/10T/short|H=336|L=4096|Hsrc=controlled|Lsrc=controlled|origins=shared_origin_v1:Hmax=720,joint-scaling,release,standard_hl_shared_origin_v1,jena_weather/10T/short,Toto-2.0-2.5B,toto2,Toto-2.0-2.5B,2454.281792,2454.281792,336,controlled,shared_origin_v1:Hmax=720,720,720,4096,controlled,46944,51984,4096,4096,256,256,100,[],merged,2,1,56448,9144486.066630237,,100,,float32,native_horizon,336,,direct_full_horizon,1267.7371031746031,1267.7371031746031,8.699215428358844,0.6286840815634567,0.7285144597282068,0.6448170495411706,5.312290983146202,35.60529599897469,0.21978793930086402,0.053699388781610805,0.043453224093884114,0.6286840815634567,0.7997915522433136,0.7860599174873476,-0.24072225855842458,0.043453224093884114,0.19237704941727043,0.22587530178630108,-1.4877721939940411,Nature,21
jena_weather/10T/short|H=720|L=128|Hsrc=controlled|Lsrc=controlled|origins=shared_origin_v1:Hmax=720,joint-scaling,release,standard_hl_shared_origin_v1,jena_weather/10T/short,Toto-2.0-2.5B,toto2,Toto-2.0-2.5B,2454.281792,2454.281792,720,controlled,shared_origin_v1:Hmax=720,720,720,128,controlled,46944,51984,128,128,256,256,100,[],merged,2,1,120960,19767382.773850746,,100,,float32,native_horizon,720,,direct_full_horizon,2720.126984126984,2720.126984126984,13.090983589616402,0.7395817924707965,0.875100263458576,0.7591074787119709,25.327205481711065,52.154836632156986,0.31914437592472267,0.0801059701790523,0.09723598394258433,0.7395817924707965,0.7614923704178127,0.9712267925481717,-0.02919527200205282,0.09723598394258433,0.23719491326378092,0.40994126983848783,-0.8917413738405988,Nature,21
jena_weather/10T/short|H=720|L=256|Hsrc=controlled|Lsrc=controlled|origins=shared_origin_v1:Hmax=720,joint-scaling,release,standard_hl_shared_origin_v1,jena_weather/10T/short,Toto-2.0-2.5B,toto2,Toto-2.0-2.5B,2454.281792,2454.281792,720,controlled,shared_origin_v1:Hmax=720,720,720,256,controlled,46944,51984,256,256,256,256,100,[],merged,2,1,120960,19767382.773850746,,100,,float32,native_horizon,720,,direct_full_horizon,2720.126984126984,2720.126984126984,13.090983589616402,0.7395817924707965,0.875100263458576,0.7591074787119709,25.327205481711065,52.154836632156986,0.31914437592472267,0.0801059701790523,0.09723598394258433,0.7395817924707965,0.7614923704178127,0.9712267925481717,-0.02919527200205282,0.09723598394258433,0.23719491326378092,0.40994126983848783,-0.8917413738405988,Nature,21
jena_weather/10T/short|H=720|L=512|Hsrc=controlled|Lsrc=controlled|origins=shared_origin_v1:Hmax=720,joint-scaling,release,standard_hl_shared_origin_v1,jena_weather/10T/short,Toto-2.0-2.5B,toto2,Toto-2.0-2.5B,2454.281792,2454.281792,720,controlled,shared_origin_v1:Hmax=720,720,720,512,controlled,46944,51984,512,512,256,256,100,[],merged,2,1,120960,19767382.773850746,,100,,float32,native_horizon,720,,direct_full_horizon,2720.126984126984,2720.126984126984,13.090983589616402,0.7395817924707965,0.875100263458576,0.7591074787119709,25.327205481711065,52.154836632156986,0.31914437592472267,0.0801059701790523,0.09723598394258433,0.7395817924707965,0.7614923704178127,0.9712267925481717,-0.02919527200205282,0.09723598394258433,0.23719491326378092,0.40994126983848783,-0.8917413738405988,Nature,21
jena_weather/10T/short|H=720|L=1024|Hsrc=controlled|Lsrc=controlled|origins=shared_origin_v1:Hmax=720,joint-scaling,release,standard_hl_shared_origin_v1,jena_weather/10T/short,Toto-2.0-2.5B,toto2,Toto-2.0-2.5B,2454.281792,2454.281792,720,controlled,shared_origin_v1:Hmax=720,720,720,1024,controlled,46944,51984,1024,1024,256,256,100,[],merged,2,1,120960,19767382.773850746,,100,,float32,native_horizon,720,,direct_full_horizon,2527.34417989418,2527.34417989418,12.428278976521163,0.661100862787157,0.6977664840139559,0.7173512938161376,7.931556705713914,50.27269815609841,0.3076272483075446,0.07605076717534254,0.06764904757747287,0.661100862787157,0.7614923704178127,0.8681647886037607,-0.14137373371891185,0.06764904757747287,0.23719491326378092,0.28520446179316405,-1.25454894612831,Nature,21
jena_weather/10T/short|H=720|L=2048|Hsrc=controlled|Lsrc=controlled|origins=shared_origin_v1:Hmax=720,joint-scaling,release,standard_hl_shared_origin_v1,jena_weather/10T/short,Toto-2.0-2.5B,toto2,Toto-2.0-2.5B,2454.281792,2454.281792,720,controlled,shared_origin_v1:Hmax=720,720,720,2048,controlled,46944,51984,2048,2048,256,256,100,[],merged,2,1,120960,19767382.773850746,,100,,float32,native_horizon,720,,direct_full_horizon,1440.6981481481482,1440.6981481481482,9.567483052248678,0.6343407808880196,0.7298683249084399,0.6469246677620701,6.278907180646068,37.95652971687676,0.2322625047068398,0.0585450670551546,0.04913402950189652,0.6343407808880196,0.7614923704178127,0.8330231602188896,-0.1826938338177802,0.04913402950189652,0.23719491326378092,0.20714621922458892,-1.5743303620151525,Nature,21
jena_weather/10T/short|H=720|L=4096|Hsrc=controlled|Lsrc=controlled|origins=shared_origin_v1:Hmax=720,joint-scaling,release,standard_hl_shared_origin_v1,jena_weather/10T/short,Toto-2.0-2.5B,toto2,Toto-2.0-2.5B,2454.281792,2454.281792,720,controlled,shared_origin_v1:Hmax=720,720,720,4096,controlled,46944,51984,4096,4096,256,256,100,[],merged,2,1,120960,19767382.773850746,,100,,float32,native_horizon,720,,direct_full_horizon,1376.2298941798942,1376.2298941798942,9.299488467261904,0.6175891932565141,0.7553982069259255,0.6328564840649802,5.679502676800149,37.09757261843279,0.22700639914059229,0.056905162300394545,0.046757232034139964,0.6175891932565141,0.7614923704178127,0.811024794532948,-0.2094566525437443,0.046757232034139964,0.23719491326378092,0.19712577892487074,-1.6239132822806375,Nature,21
jena_weather/H/short|H=48|L=128|Hsrc=controlled|Lsrc=controlled|origins=shared_origin_v1:Hmax=720,joint-scaling,release,standard_hl_shared_origin_v1,jena_weather/H/short,Toto-2.0-2.5B,toto2,Toto-2.0-2.5B,2454.281792,2454.281792,48,controlled,shared_origin_v1:Hmax=720,720,720,128,controlled,7344,8064,128,128,256,256,100,[],merged,2,1,2016,331233.4168627397,,100,,float32,native_horizon,48,,direct_full_horizon,723.4257192460317,723.4257192460317,7.803399464440724,0.7119796202477371,1.4215548131670925,0.6222588675362724,4.613315078543595,26.896574489068897,0.1637017625924882,0.04749416127549583,0.04210750693044244,0.7119796202477371,0.8929280908209436,0.7973538155722647,-0.226456764482913,0.04210750693044244,0.16072236972671894,0.2619890871571835,-1.3394524281603306,Nature,21
jena_weather/H/short|H=48|L=256|Hsrc=controlled|Lsrc=controlled|origins=shared_origin_v1:Hmax=720,joint-scaling,release,standard_hl_shared_origin_v1,jena_weather/H/short,Toto-2.0-2.5B,toto2,Toto-2.0-2.5B,2454.281792,2454.281792,48,controlled,shared_origin_v1:Hmax=720,720,720,256,controlled,7344,8064,256,256,256,256,100,[],merged,2,1,2016,331233.4168627397,,100,,float32,native_horizon,48,,direct_full_horizon,644.3377976190476,644.3377976190476,7.682282947358631,0.713052175834958,1.8251747594708359,0.6238161117311508,5.004662531925602,25.383809753838126,0.1544945583945826,0.04675700467834403,0.040102752791274565,0.713052175834958,0.8929280908209436,0.7985549823831719,-0.22495145661160912,0.040102752791274565,0.16072236972671894,0.2495156888208062,-1.3882334847221784,Nature,21
jena_weather/H/short|H=48|L=512|Hsrc=controlled|Lsrc=controlled|origins=shared_origin_v1:Hmax=720,joint-scaling,release,standard_hl_shared_origin_v1,jena_weather/H/short,Toto-2.0-2.5B,toto2,Toto-2.0-2.5B,2454.281792,2454.281792,48,controlled,shared_origin_v1:Hmax=720,720,720,512,controlled,7344,8064,512,512,256,256,100,[],merged,2,1,2016,331233.4168627397,,100,,float32,native_horizon,48,,direct_full_horizon,558.445064484127,558.445064484127,7.586541554284474,0.6963909645949934,1.8416303954637703,0.6092635866195436,4.461521534666629,23.63144228531401,0.14382904991417292,0.04617428977516298,0.03788851000664576,0.6963909645949934,0.8929280908209436,0.7798959084765077,-0.24859481887497673,0.03788851000664576,0.16072236972671894,0.23573887114201172,-1.445030564767285,Nature,21
jena_weather/H/short|H=48|L=1024|Hsrc=controlled|Lsrc=controlled|origins=shared_origin_v1:Hmax=720,joint-scaling,release,standard_hl_shared_origin_v1,jena_weather/H/short,Toto-2.0-2.5B,toto2,Toto-2.0-2.5B,2454.281792,2454.281792,48,controlled,shared_origin_v1:Hmax=720,720,720,1024,controlled,7344,8064,1024,1024,256,256,100,[],merged,2,1,2016,331233.4168627397,,100,,float32,native_horizon,48,,direct_full_horizon,612.672371031746,612.672371031746,7.652161128937252,0.6692621614575464,1.8590145879528712,0.6123504638671875,4.676514724894466,24.752219517282608,0.15065048393809874,0.046573672976752266,0.03834290944573174,0.6692621614575464,0.8929280908209436,0.7495140631562365,-0.28833019823161016,0.03834290944573174,0.16072236972671894,0.23856610321840907,-1.4331088447147895,Nature,21
jena_weather/H/short|H=48|L=2048|Hsrc=controlled|Lsrc=controlled|origins=shared_origin_v1:Hmax=720,joint-scaling,release,standard_hl_shared_origin_v1,jena_weather/H/short,Toto-2.0-2.5B,toto2,Toto-2.0-2.5B,2454.281792,2454.281792,48,controlled,shared_origin_v1:Hmax=720,720,720,2048,controlled,7344,8064,2048,2048,256,256,100,[],merged,2,1,2016,331233.4168627397,,100,,float32,native_horizon,48,,direct_full_horizon,676.8090277777778,676.8090277777778,7.7807714068700395,0.6903983896934154,1.8069445162169273,0.6193737453884549,4.493199927763941,26.015553574309692,0.15833956761537157,0.04735643916854609,0.03855859876687122,0.6903983896934154,0.8929280908209436,0.7731847578663074,-0.2572372448967056,0.03855859876687122,0.16072236972671894,0.23990810260222992,-1.4274993347913416,Nature,21
jena_weather/H/short|H=48|L=4096|Hsrc=controlled|Lsrc=controlled|origins=shared_origin_v1:Hmax=720,joint-scaling,release,standard_hl_shared_origin_v1,jena_weather/H/short,Toto-2.0-2.5B,toto2,Toto-2.0-2.5B,2454.281792,2454.281792,48,controlled,shared_origin_v1:Hmax=720,720,720,4096,controlled,7344,8064,4096,4096,256,256,100,[],merged,2,1,2016,331233.4168627397,,100,,float32,native_horizon,48,,direct_full_horizon,697.2437996031746,697.2437996031746,7.73005845811632,0.684520500643038,1.7916922600815544,0.619577377561539,4.0681759488761005,26.405374445426343,0.1607121509241892,0.04704778279668652,0.03821586259471743,0.684520500643038,0.8929280908209436,0.7666020452035516,-0.2657874581504444,0.03821586259471743,0.16072236972671894,0.2377756292400181,-1.4364277842497493,Nature,21
jena_weather/H/short|H=96|L=128|Hsrc=controlled|Lsrc=controlled|origins=shared_origin_v1:Hmax=720,joint-scaling,release,standard_hl_shared_origin_v1,jena_weather/H/short,Toto-2.0-2.5B,toto2,Toto-2.0-2.5B,2454.281792,2454.281792,96,controlled,shared_origin_v1:Hmax=720,720,720,128,controlled,7344,8064,128,128,256,256,100,[],merged,2,1,4032,670747.2639028188,,100,,float32,native_horizon,96,,direct_full_horizon,1844.671875,1844.671875,11.993182469928076,1.02112898173899,1.652909035120846,0.6638144235762339,10.663355822664782,42.94964347931191,0.25817915603704317,0.07209349082899298,0.06324861846025087,1.02112898173899,1.1124114209687321,0.9179418356292586,-0.08562125024995058,0.06324861846025087,0.19834110075816852,0.31888810850842286,-1.1429149947538144,Nature,21
jena_weather/H/short|H=96|L=256|Hsrc=controlled|Lsrc=controlled|origins=shared_origin_v1:Hmax=720,joint-scaling,release,standard_hl_shared_origin_v1,jena_weather/H/short,Toto-2.0-2.5B,toto2,Toto-2.0-2.5B,2454.281792,2454.281792,96,controlled,shared_origin_v1:Hmax=720,720,720,256,controlled,7344,8064,256,256,256,256,100,[],merged,2,1,4032,670747.2639028188,,100,,float32,native_horizon,96,,direct_full_horizon,1066.5106646825398,1066.5106646825398,10.30956546843998,0.9822575354828171,1.5422282146903323,0.6507162669348339,9.074756464478527,32.657474866905126,0.19631080997214354,0.06197292215085741,0.05351777218647742,0.9822575354828171,1.1124114209687321,0.8829984275309114,-0.12443185920545762,0.05351777218647742,0.19834110075816852,0.26982693945885716,-1.309974490456822,Nature,21
jena_weather/H/short|H=96|L=512|Hsrc=controlled|Lsrc=controlled|origins=shared_origin_v1:Hmax=720,joint-scaling,release,standard_hl_shared_origin_v1,jena_weather/H/short,Toto-2.0-2.5B,toto2,Toto-2.0-2.5B,2454.281792,2454.281792,96,controlled,shared_origin_v1:Hmax=720,720,720,512,controlled,7344,8064,512,512,256,256,100,[],merged,2,1,4032,670747.2639028188,,100,,float32,native_horizon,96,,direct_full_horizon,1094.407738095238,1094.407738095238,10.627750457279266,1.0498044776304312,1.67706494288142,0.6506007966541109,9.07943692455152,33.08183395906639,0.19886171990748708,0.06388559767566712,0.05367209640877175,1.0498044776304312,1.1124114209687321,0.9437196147412975,-0.05792617523782652,0.05367209640877175,0.19834110075816852,0.2706050143092256,-1.3070950330800104,Nature,21
jena_weather/H/short|H=96|L=1024|Hsrc=controlled|Lsrc=controlled|origins=shared_origin_v1:Hmax=720,joint-scaling,release,standard_hl_shared_origin_v1,jena_weather/H/short,Toto-2.0-2.5B,toto2,Toto-2.0-2.5B,2454.281792,2454.281792,96,controlled,shared_origin_v1:Hmax=720,720,720,1024,controlled,7344,8064,1024,1024,256,256,100,[],merged,2,1,4032,670747.2639028188,,100,,float32,native_horizon,96,,direct_full_horizon,996.3463541666666,996.3463541666666,10.179920014880953,0.9530036433691047,1.6015890530589123,0.6434035528273809,8.274391504246003,31.564954525021363,0.18974344510084448,0.06119359661815463,0.050309452579804584,0.9530036433691047,1.1124114209687321,0.8567007003031227,-0.15466666256981768,0.050309452579804584,0.19834110075816852,0.2536511715801427,-1.371795296095253,Nature,21
jena_weather/H/short|H=96|L=2048|Hsrc=controlled|Lsrc=controlled|origins=shared_origin_v1:Hmax=720,joint-scaling,release,standard_hl_shared_origin_v1,jena_weather/H/short,Toto-2.0-2.5B,toto2,Toto-2.0-2.5B,2454.281792,2454.281792,96,controlled,shared_origin_v1:Hmax=720,720,720,2048,controlled,7344,8064,2048,2048,256,256,100,[],merged,2,1,4032,670747.2639028188,,100,,float32,native_horizon,96,,direct_full_horizon,1285.888888888889,1285.888888888889,10.794297960069445,0.9597544913839614,1.5828012887084593,0.6511144486684648,7.926760274085593,35.85929292232195,0.21555759798634117,0.06488674902937178,0.05235347798411153,0.9597544913839614,1.1124114209687321,0.8627693614905257,-0.14760787565568745,0.05235347798411153,0.19834110075816852,0.26395677841853155,-1.3319699073507167,Nature,21
jena_weather/H/short|H=96|L=4096|Hsrc=controlled|Lsrc=controlled|origins=shared_origin_v1:Hmax=720,joint-scaling,release,standard_hl_shared_origin_v1,jena_weather/H/short,Toto-2.0-2.5B,toto2,Toto-2.0-2.5B,2454.281792,2454.281792,96,controlled,shared_origin_v1:Hmax=720,720,720,4096,controlled,7344,8064,4096,4096,256,256,100,[],merged,2,1,4032,670747.2639028188,,100,,float32,native_horizon,96,,direct_full_horizon,1557.619419642857,1557.619419642857,11.243499271453373,0.9480187589296843,1.6154659766805135,0.6520325191437252,7.31445554500406,39.46668746731675,0.23724238984190124,0.0675869906628023,0.05337207041919938,0.9480187589296843,1.1124114209687321,0.8522195485049154,-0.1599110993095329,0.05337207041919938,0.19834110075816852,0.2690923374690472,-1.31270069631449,Nature,21
jena_weather/H/short|H=192|L=128|Hsrc=controlled|Lsrc=controlled|origins=shared_origin_v1:Hmax=720,joint-scaling,release,standard_hl_shared_origin_v1,jena_weather/H/short,Toto-2.0-2.5B,toto2,Toto-2.0-2.5B,2454.281792,2454.281792,192,controlled,shared_origin_v1:Hmax=720,720,720,128,controlled,7344,8064,128,128,256,256,100,[],merged,2,1,8064,1349853.3219126405,,100,,float32,native_horizon,192,,direct_full_horizon,4927.851190476191,4927.851190476191,19.357266865079364,1.3118231939818876,3.9268300902451947,0.8023733714270214,12.971777538414905,70.19865518994072,0.41936553124867415,0.1156399717406498,0.10266669392811548,1.3118231939818876,1.2442303483332282,1.054325025698985,0.05290077611027531,0.10266669392811548,0.24899536052535107,0.4123237224641486,-0.8859465040237909,Nature,21
jena_weather/H/short|H=192|L=256|Hsrc=controlled|Lsrc=controlled|origins=shared_origin_v1:Hmax=720,joint-scaling,release,standard_hl_shared_origin_v1,jena_weather/H/short,Toto-2.0-2.5B,toto2,Toto-2.0-2.5B,2454.281792,2454.281792,192,controlled,shared_origin_v1:Hmax=720,720,720,256,controlled,7344,8064,256,256,256,256,100,[],merged,2,1,8064,1349853.3219126405,,100,,float32,native_horizon,192,,direct_full_horizon,1910.2110615079366,1910.2110615079366,13.580826047867063,1.1731943512999037,3.3988608199636747,0.7023265172564794,8.988470066542082,43.705961395534324,0.26109864455065457,0.08113161591129352,0.0705143369028464,1.1731943512999037,1.2442303483332282,0.9429076801345632,-0.058786901316651256,0.0705143369028464,0.24899536052535107,0.283195384661262,-1.261618214395435,Nature,21
jena_weather/H/short|H=192|L=512|Hsrc=controlled|Lsrc=controlled|origins=shared_origin_v1:Hmax=720,joint-scaling,release,standard_hl_shared_origin_v1,jena_weather/H/short,Toto-2.0-2.5B,toto2,Toto-2.0-2.5B,2454.281792,2454.281792,192,controlled,shared_origin_v1:Hmax=720,720,720,512,controlled,7344,8064,512,512,256,256,100,[],merged,2,1,8064,1349853.3219126405,,100,,float32,native_horizon,192,,direct_full_horizon,1383.3567708333333,1383.3567708333333,12.522801959325397,1.1663220657663815,3.7322779107386106,0.6849063691638765,8.80090260447457,37.193504417214214,0.22219334112201128,0.07481099861791907,0.06082766269310218,1.1663220657663815,1.2442303483332282,0.9373843575900453,-0.06466188064999459,0.06082766269310218,0.24899536052535107,0.24429235374009753,-1.4093895998570578,Nature,21
jena_weather/H/short|H=192|L=1024|Hsrc=controlled|Lsrc=controlled|origins=shared_origin_v1:Hmax=720,joint-scaling,release,standard_hl_shared_origin_v1,jena_weather/H/short,Toto-2.0-2.5B,toto2,Toto-2.0-2.5B,2454.281792,2454.281792,192,controlled,shared_origin_v1:Hmax=720,720,720,1024,controlled,7344,8064,1024,1024,256,256,100,[],merged,2,1,8064,1349853.3219126405,,100,,float32,native_horizon,192,,direct_full_horizon,1533.779761904762,1533.779761904762,12.615699404761905,1.075124441688782,3.5233148199825943,0.6741768973214286,8.4507577068845,39.16350037860204,0.23396206234138206,0.07536596632280906,0.06066599963815705,1.075124441688782,1.2442303483332282,0.864087942501177,-0.1460807300555656,0.06066599963815705,0.24899536052535107,0.24364309242613555,-1.4120508604900055,Nature,21
jena_weather/H/short|H=192|L=2048|Hsrc=controlled|Lsrc=controlled|origins=shared_origin_v1:Hmax=720,joint-scaling,release,standard_hl_shared_origin_v1,jena_weather/H/short,Toto-2.0-2.5B,toto2,Toto-2.0-2.5B,2454.281792,2454.281792,192,controlled,shared_origin_v1:Hmax=720,720,720,2048,controlled,7344,8064,2048,2048,256,256,100,[],merged,2,1,8064,1349853.3219126405,,100,,float32,native_horizon,192,,direct_full_horizon,1879.1225198412699,1879.1225198412699,13.350950210813492,1.0650704682002543,3.354209432230967,0.6776769728887648,8.69187507422688,43.34884681097376,0.2589652483044491,0.07975834170445346,0.06378828530054505,1.0650704682002543,1.2442303483332282,0.8560074664848221,-0.15547618034943825,0.06378828530054505,0.24899536052535107,0.2561826259170421,-1.361864706350464,Nature,21
jena_weather/H/short|H=192|L=4096|Hsrc=controlled|Lsrc=controlled|origins=shared_origin_v1:Hmax=720,joint-scaling,release,standard_hl_shared_origin_v1,jena_weather/H/short,Toto-2.0-2.5B,toto2,Toto-2.0-2.5B,2454.281792,2454.281792,192,controlled,shared_origin_v1:Hmax=720,720,720,4096,controlled,7344,8064,4096,4096,256,256,100,[],merged,2,1,8064,1349853.3219126405,,100,,float32,native_horizon,192,,direct_full_horizon,2082.6726190476193,2082.6726190476193,13.830060686383929,1.06176546802872,3.2921765031406083,0.6806245834108383,8.59950580900402,45.636308122454636,0.2726305019407813,0.08262053925753697,0.06395542650867554,1.06176546802872,1.2442303483332282,0.8533512057884312,-0.15858408611264926,0.06395542650867554,0.24899536052535107,0.2568538882561389,-1.3592478839465767,Nature,21
jena_weather/H/short|H=336|L=128|Hsrc=controlled|Lsrc=controlled|origins=shared_origin_v1:Hmax=720,joint-scaling,release,standard_hl_shared_origin_v1,jena_weather/H/short,Toto-2.0-2.5B,toto2,Toto-2.0-2.5B,2454.281792,2454.281792,336,controlled,shared_origin_v1:Hmax=720,720,720,128,controlled,7344,8064,128,128,256,256,100,[],merged,2,1,14112,2353072.8469861536,,100,,float32,native_horizon,336,,direct_full_horizon,4343.622448979592,4343.622448979592,17.81964706455499,1.2180404850249569,3.0160446378332755,0.780512872466695,15.021070910823815,65.90616396802041,0.3952566904624083,0.10686913484088993,0.09623515615948912,1.2180404850249569,1.1513268748449759,1.0579449777796284,0.056328326204386735,0.09623515615948912,0.3039908079990565,0.3165725858388054,-1.1502027245489623,Nature,21
jena_weather/H/short|H=336|L=256|Hsrc=controlled|Lsrc=controlled|origins=shared_origin_v1:Hmax=720,joint-scaling,release,standard_hl_shared_origin_v1,jena_weather/H/short,Toto-2.0-2.5B,toto2,Toto-2.0-2.5B,2454.281792,2454.281792,336,controlled,shared_origin_v1:Hmax=720,720,720,256,controlled,7344,8064,256,256,256,256,100,[],merged,2,1,14112,2353072.8469861536,,100,,float32,native_horizon,336,,direct_full_horizon,4343.622448979592,4343.622448979592,17.81964706455499,1.2180404850249569,3.0160446378332755,0.780512872466695,15.021070910823815,65.90616396802041,0.3952566904624083,0.10686913484088993,0.09623515615948912,1.2180404850249569,1.1513268748449759,1.0579449777796284,0.056328326204386735,0.09623515615948912,0.3039908079990565,0.3165725858388054,-1.1502027245489623,Nature,21
jena_weather/H/short|H=336|L=512|Hsrc=controlled|Lsrc=controlled|origins=shared_origin_v1:Hmax=720,joint-scaling,release,standard_hl_shared_origin_v1,jena_weather/H/short,Toto-2.0-2.5B,toto2,Toto-2.0-2.5B,2454.281792,2454.281792,336,controlled,shared_origin_v1:Hmax=720,720,720,512,controlled,7344,8064,512,512,256,256,100,[],merged,2,1,14112,2353072.8469861536,,100,,float32,native_horizon,336,,direct_full_horizon,1381.8642290249434,1381.8642290249434,11.899102935445011,1.031058609145876,2.4524637576285495,0.6747099515261834,9.110969580140846,37.17343445291198,0.22293891481999695,0.07136206634659624,0.06241356560090926,1.031058609145876,1.1513268748449759,0.8955394264419531,-0.11032903115634685,0.06241356560090926,0.3039908079990565,0.205313989629262,-1.5832148149054206,Nature,21
jena_weather/H/short|H=336|L=1024|Hsrc=controlled|Lsrc=controlled|origins=shared_origin_v1:Hmax=720,joint-scaling,release,standard_hl_shared_origin_v1,jena_weather/H/short,Toto-2.0-2.5B,toto2,Toto-2.0-2.5B,2454.281792,2454.281792,336,controlled,shared_origin_v1:Hmax=720,720,720,1024,controlled,7344,8064,1024,1024,256,256,100,[],merged,2,1,14112,2353072.8469861536,,100,,float32,native_horizon,336,,direct_full_horizon,1312.375283446712,1312.375283446712,11.62185329861111,1.0005021982993783,2.7023817574878803,0.649145563173186,8.545487788160036,36.226720572620316,0.2172612213751095,0.06969932697156532,0.058227324709033884,1.0005021982993783,1.1513268748449759,0.8689992565613428,-0.1404130092276486,0.058227324709033884,0.3039908079990565,0.19154304398972027,-1.6526427228267828,Nature,21
jena_weather/H/short|H=336|L=2048|Hsrc=controlled|Lsrc=controlled|origins=shared_origin_v1:Hmax=720,joint-scaling,release,standard_hl_shared_origin_v1,jena_weather/H/short,Toto-2.0-2.5B,toto2,Toto-2.0-2.5B,2454.281792,2454.281792,336,controlled,shared_origin_v1:Hmax=720,720,720,2048,controlled,7344,8064,2048,2048,256,256,100,[],merged,2,1,14112,2353072.8469861536,,100,,float32,native_horizon,336,,direct_full_horizon,1650.918934240363,1650.918934240363,12.125467244189343,0.93063971912893,2.5184111449857167,0.6358367158712444,8.143330064065744,40.631501747294095,0.24367785867412556,0.07271963295533575,0.059356403067550655,0.93063971912893,1.1513268748449759,0.808319287477971,-0.21279814074554526,0.059356403067550655,0.3039908079990565,0.19525722984273552,-1.633437462303913,Nature,21
jena_weather/H/short|H=336|L=4096|Hsrc=controlled|Lsrc=controlled|origins=shared_origin_v1:Hmax=720,joint-scaling,release,standard_hl_shared_origin_v1,jena_weather/H/short,Toto-2.0-2.5B,toto2,Toto-2.0-2.5B,2454.281792,2454.281792,336,controlled,shared_origin_v1:Hmax=720,720,720,4096,controlled,7344,8064,4096,4096,256,256,100,[],merged,2,1,14112,2353072.8469861536,,100,,float32,native_horizon,336,,direct_full_horizon,1883.7386621315193,1883.7386621315193,12.664000496031745,0.9396465599093142,2.384437624437327,0.648397086699263,7.696536565252007,43.4020582706802,0.26029361866137035,0.07594935925120197,0.05995368080398666,0.9396465599093142,1.1513268748449759,0.8161422967181549,-0.2031665559879857,0.05995368080398666,0.3039908079990565,0.19722201864792155,-1.6234251866170948,Nature,21
jena_weather/H/short|H=720|L=128|Hsrc=controlled|Lsrc=controlled|origins=shared_origin_v1:Hmax=720,joint-scaling,release,standard_hl_shared_origin_v1,jena_weather/H/short,Toto-2.0-2.5B,toto2,Toto-2.0-2.5B,2454.281792,2454.281792,720,controlled,shared_origin_v1:Hmax=720,720,720,128,controlled,7344,8064,128,128,256,256,100,[],merged,2,1,30240,5022331.196592151,,100,,float32,native_horizon,720,,direct_full_horizon,3644.5449735449733,3644.5449735449733,17.04646164021164,1.318659711456158,2.512649986150282,0.7890507450810185,20.74195213118509,60.370066867156716,0.3634947100465127,0.10263859148711195,0.09557590548352299,1.318659711456158,1.2677178475879953,1.0401839131357868,0.03939753707265177,0.09557590548352299,0.4191434094146837,0.22802674057786274,-1.4782923736685973,Nature,21
jena_weather/H/short|H=720|L=256|Hsrc=controlled|Lsrc=controlled|origins=shared_origin_v1:Hmax=720,joint-scaling,release,standard_hl_shared_origin_v1,jena_weather/H/short,Toto-2.0-2.5B,toto2,Toto-2.0-2.5B,2454.281792,2454.281792,720,controlled,shared_origin_v1:Hmax=720,720,720,256,controlled,7344,8064,256,256,256,256,100,[],merged,2,1,30240,5022331.196592151,,100,,float32,native_horizon,720,,direct_full_horizon,3644.5449735449733,3644.5449735449733,17.04646164021164,1.318659711456158,2.512649986150282,0.7890507450810185,20.74195213118509,60.370066867156716,0.3634947100465127,0.10263859148711195,0.09557590548352299,1.318659711456158,1.2677178475879953,1.0401839131357868,0.03939753707265177,0.09557590548352299,0.4191434094146837,0.22802674057786274,-1.4782923736685973,Nature,21
jena_weather/H/short|H=720|L=512|Hsrc=controlled|Lsrc=controlled|origins=shared_origin_v1:Hmax=720,joint-scaling,release,standard_hl_shared_origin_v1,jena_weather/H/short,Toto-2.0-2.5B,toto2,Toto-2.0-2.5B,2454.281792,2454.281792,720,controlled,shared_origin_v1:Hmax=720,720,720,512,controlled,7344,8064,512,512,256,256,100,[],merged,2,1,30240,5022331.196592151,,100,,float32,native_horizon,720,,direct_full_horizon,3644.5449735449733,3644.5449735449733,17.04646164021164,1.318659711456158,2.512649986150282,0.7890507450810185,20.74195213118509,60.370066867156716,0.3634947100465127,0.10263859148711195,0.09557590548352299,1.318659711456158,1.2677178475879953,1.0401839131357868,0.03939753707265177,0.09557590548352299,0.4191434094146837,0.22802674057786274,-1.4782923736685973,Nature,21
jena_weather/H/short|H=720|L=1024|Hsrc=controlled|Lsrc=controlled|origins=shared_origin_v1:Hmax=720,joint-scaling,release,standard_hl_shared_origin_v1,jena_weather/H/short,Toto-2.0-2.5B,toto2,Toto-2.0-2.5B,2454.281792,2454.281792,720,controlled,shared_origin_v1:Hmax=720,720,720,1024,controlled,7344,8064,1024,1024,256,256,100,[],merged,2,1,30240,5022331.196592151,,100,,float32,native_horizon,720,,direct_full_horizon,1185.9048941798942,1185.9048941798942,11.446327298280423,1.1703825612919572,2.3847091244460112,0.6832761088376322,9.63793559521248,34.436969875119594,0.20734872477749566,0.06891957617905954,0.06078016945792098,1.1703825612919572,1.2677178475879953,0.9232200710266628,-0.07988764275117156,0.06078016945792098,0.4191434094146837,0.14501043817627468,-1.9309495517299489,Nature,21
jena_weather/H/short|H=720|L=2048|Hsrc=controlled|Lsrc=controlled|origins=shared_origin_v1:Hmax=720,joint-scaling,release,standard_hl_shared_origin_v1,jena_weather/H/short,Toto-2.0-2.5B,toto2,Toto-2.0-2.5B,2454.281792,2454.281792,720,controlled,shared_origin_v1:Hmax=720,720,720,2048,controlled,7344,8064,2048,2048,256,256,100,[],merged,2,1,30240,5022331.196592151,,100,,float32,native_horizon,720,,direct_full_horizon,1494.1809523809525,1494.1809523809525,11.537815186838625,1.0125834433313183,2.1749941768231262,0.6571809637483466,8.54537289616465,38.6546368807282,0.23274375454696739,0.0694704346632386,0.060916368204286135,1.0125834433313183,1.2677178475879953,0.7987451192376089,-0.22471338380970776,0.060916368204286135,0.4191434094146837,0.1453353836324262,-1.9287112168381575,Nature,21
jena_weather/H/short|H=720|L=4096|Hsrc=controlled|Lsrc=controlled|origins=shared_origin_v1:Hmax=720,joint-scaling,release,standard_hl_shared_origin_v1,jena_weather/H/short,Toto-2.0-2.5B,toto2,Toto-2.0-2.5B,2454.281792,2454.281792,720,controlled,shared_origin_v1:Hmax=720,720,720,4096,controlled,7344,8064,4096,4096,256,256,100,[],merged,2,1,30240,5022331.196592151,,100,,float32,native_horizon,720,,direct_full_horizon,1748.5285714285715,1748.5285714285715,12.467249503968254,1.0884862094277963,2.047848572219984,0.6811076492228836,8.296331271657525,41.81541069305157,0.25177511594932067,0.07506665933457671,0.06074648723335399,1.0884862094277963,1.2677178475879953,0.8586186677885687,-0.15243038130298256,0.06074648723335399,0.4191434094146837,0.14493007850984446,-1.9315038700391411,Nature,21
kdd_cup_2018/H/short|H=48|L=128|Hsrc=controlled|Lsrc=controlled|origins=shared_origin_v1:Hmax=720,joint-scaling,release,standard_hl_shared_origin_v1,kdd_cup_2018/H/short,Toto-2.0-2.5B,toto2,Toto-2.0-2.5B,2454.281792,2454.281792,48,controlled,shared_origin_v1:Hmax=720,720,720,128,controlled,8064,10200,128,128,256,256,100,[],merged,2,270,23531,1125444.1999045536,,100,,float32,native_horizon,48,,direct_full_horizon,1669.5234451362032,1669.5234451362032,23.1750026892716,1.166625390129047,0.8789678594185266,0.6034178205132409,7.700054904713219,40.85980231396382,0.854304467810508,0.48454733546762985,0.36137685328103003,1.166625390129047,1.478995375991201,0.7887958333522118,-0.23724775796905734,0.36137685328103003,0.5363321992970804,0.6737929472715833,-0.39483241515917655,Nature,1
kdd_cup_2018/H/short|H=48|L=256|Hsrc=controlled|Lsrc=controlled|origins=shared_origin_v1:Hmax=720,joint-scaling,release,standard_hl_shared_origin_v1,kdd_cup_2018/H/short,Toto-2.0-2.5B,toto2,Toto-2.0-2.5B,2454.281792,2454.281792,48,controlled,shared_origin_v1:Hmax=720,720,720,256,controlled,8064,10200,256,256,256,256,100,[],merged,2,270,23531,1125444.1999045536,,100,,float32,native_horizon,48,,direct_full_horizon,2059.3288746759595,2059.3288746759595,24.97598824921115,1.201705311836652,0.8389848485787255,0.6225594075607294,6.491070951778446,45.379828940576225,0.9488100386418621,0.5222026818762138,0.3869064520202994,1.201705311836652,1.478995375991201,0.8125145834423497,-0.20762141608720047,0.3869064520202994,0.5363321992970804,0.7213932941698836,-0.3265708061341066,Nature,1
kdd_cup_2018/H/short|H=48|L=512|Hsrc=controlled|Lsrc=controlled|origins=shared_origin_v1:Hmax=720,joint-scaling,release,standard_hl_shared_origin_v1,kdd_cup_2018/H/short,Toto-2.0-2.5B,toto2,Toto-2.0-2.5B,2454.281792,2454.281792,48,controlled,shared_origin_v1:Hmax=720,720,720,512,controlled,8064,10200,512,512,256,256,100,[],merged,2,270,23531,1125444.1999045536,,100,,float32,native_horizon,48,,direct_full_horizon,2083.5752318749733,2083.5752318749733,25.034350153288482,1.2022083123358889,0.8285127979196649,0.6094887097852218,6.983235695976788,45.64619624760614,0.9543792966310655,0.5234229235949593,0.38810884862191486,1.2022083123358889,1.478995375991201,0.812854679501744,-0.20720293141161164,0.38810884862191486,0.5363321992970804,0.7236351819461375,-0.32346790593241814,Nature,1
kdd_cup_2018/H/short|H=48|L=1024|Hsrc=controlled|Lsrc=controlled|origins=shared_origin_v1:Hmax=720,joint-scaling,release,standard_hl_shared_origin_v1,kdd_cup_2018/H/short,Toto-2.0-2.5B,toto2,Toto-2.0-2.5B,2454.281792,2454.281792,48,controlled,shared_origin_v1:Hmax=720,720,720,1024,controlled,8064,10200,1024,1024,256,256,100,[],merged,2,270,23531,1125444.1999045536,,100,,float32,native_horizon,48,,direct_full_horizon,2183.284049498534,2183.284049498534,25.379110435436232,1.20590276648647,0.8139601501768355,0.6095922284553654,7.656640857575769,46.725625191093314,0.9769482009546656,0.5306312367213735,0.40016675506128263,1.20590276648647,1.478995375991201,0.8153526279135875,-0.20413458703032691,0.40016675506128263,0.5363321992970804,0.7461173421728979,-0.2928723960100264,Nature,1
kdd_cup_2018/H/short|H=48|L=2048|Hsrc=controlled|Lsrc=controlled|origins=shared_origin_v1:Hmax=720,joint-scaling,release,standard_hl_shared_origin_v1,kdd_cup_2018/H/short,Toto-2.0-2.5B,toto2,Toto-2.0-2.5B,2454.281792,2454.281792,48,controlled,shared_origin_v1:Hmax=720,720,720,2048,controlled,8064,10200,2048,2048,256,256,100,[],merged,2,270,23531,1125444.1999045536,,100,,float32,native_horizon,48,,direct_full_horizon,2210.5660159736094,2210.5660159736094,25.14489338864158,1.1896082426970693,0.767178106261283,0.5951910208188633,7.861919096774426,47.016656792817685,0.9830331446780034,0.5257341824484096,0.401947159715612,1.1896082426970693,1.478995375991201,0.8043353360045574,-0.2177390121759847,0.401947159715612,0.5363321992970804,0.7494369352472328,-0.2884331074116353,Nature,1
kdd_cup_2018/H/short|H=48|L=4096|Hsrc=controlled|Lsrc=controlled|origins=shared_origin_v1:Hmax=720,joint-scaling,release,standard_hl_shared_origin_v1,kdd_cup_2018/H/short,Toto-2.0-2.5B,toto2,Toto-2.0-2.5B,2454.281792,2454.281792,48,controlled,shared_origin_v1:Hmax=720,720,720,4096,controlled,8064,10200,4096,4096,256,256,100,[],merged,2,270,23531,1125444.1999045536,,100,,float32,native_horizon,48,,direct_full_horizon,2119.01674918193,2119.01674918193,24.638778200830817,1.170362243565239,0.773201393385726,0.5839345425482608,7.455862658476194,46.032779072981576,0.9624620433942376,0.515152230464131,0.3926931858978051,1.170362243565239,1.478995375991201,0.7913224493895928,-0.23404974650580992,0.3926931858978051,0.5363321992970804,0.7321827524293165,-0.31172513439245986,Nature,1
kdd_cup_2018/H/short|H=96|L=128|Hsrc=controlled|Lsrc=controlled|origins=shared_origin_v1:Hmax=720,joint-scaling,release,standard_hl_shared_origin_v1,kdd_cup_2018/H/short,Toto-2.0-2.5B,toto2,Toto-2.0-2.5B,2454.281792,2454.281792,96,controlled,shared_origin_v1:Hmax=720,720,720,128,controlled,8064,10200,128,128,256,256,100,[],merged,2,270,46102,1926428.5999522582,,100,,float32,native_horizon,96,,direct_full_horizon,1692.7941595538155,1692.7941595538155,21.66411535071011,0.9944340213148791,1.0106182171897378,0.5820552472938741,9.775466076946994,41.143579809659435,0.9846206168408872,0.5184511099571452,0.4267834440859104,0.9944340213148791,1.278123908838329,0.7780419523007812,-0.25097483299176687,0.4267834440859104,0.6076938681984665,0.7023000665633299,-0.3533945210381124,Nature,1
kdd_cup_2018/H/short|H=96|L=256|Hsrc=controlled|Lsrc=controlled|origins=shared_origin_v1:Hmax=720,joint-scaling,release,standard_hl_shared_origin_v1,kdd_cup_2018/H/short,Toto-2.0-2.5B,toto2,Toto-2.0-2.5B,2454.281792,2454.281792,96,controlled,shared_origin_v1:Hmax=720,720,720,256,controlled,8064,10200,256,256,256,256,100,[],merged,2,270,46102,1926428.5999522582,,100,,float32,native_horizon,96,,direct_full_horizon,1845.2328118899397,1845.2328118899397,21.840424895984718,0.9834552987100689,0.8477156074090872,0.5788729487569684,6.978628727544393,42.95617315229488,1.0279983876465377,0.5226704320002521,0.40711525659010744,0.9834552987100689,1.278123908838329,0.7694522353501072,-0.2620763999493181,0.40711525659010744,0.6076938681984665,0.6699347778463149,-0.4005749178336406,Nature,1
kdd_cup_2018/H/short|H=96|L=512|Hsrc=controlled|Lsrc=controlled|origins=shared_origin_v1:Hmax=720,joint-scaling,release,standard_hl_shared_origin_v1,kdd_cup_2018/H/short,Toto-2.0-2.5B,toto2,Toto-2.0-2.5B,2454.281792,2454.281792,96,controlled,shared_origin_v1:Hmax=720,720,720,512,controlled,8064,10200,512,512,256,256,100,[],merged,2,270,46102,1926428.5999522582,,100,,float32,native_horizon,96,,direct_full_horizon,1940.3084176798186,1940.3084176798186,22.691445988650166,0.9947659618768161,0.9166427044473242,0.5858721137951834,6.637220973616679,44.04893208330729,1.0541495630593107,0.5430364992477145,0.4189067300800881,0.9947659618768161,1.278123908838329,0.7783016615196148,-0.2506410902129384,0.4189067300800881,0.6076938681984665,0.689338418572421,-0.37202295500984184,Nature,1
kdd_cup_2018/H/short|H=96|L=1024|Hsrc=controlled|Lsrc=controlled|origins=shared_origin_v1:Hmax=720,joint-scaling,release,standard_hl_shared_origin_v1,kdd_cup_2018/H/short,Toto-2.0-2.5B,toto2,Toto-2.0-2.5B,2454.281792,2454.281792,96,controlled,shared_origin_v1:Hmax=720,720,720,1024,controlled,8064,10200,1024,1024,256,256,100,[],merged,2,270,46102,1926428.5999522582,,100,,float32,native_horizon,96,,direct_full_horizon,2057.151311900785,2057.151311900785,23.285599369841602,1.0099868938809895,0.9278931973662549,0.5959859332274595,6.868798499362984,45.3558299659568,1.08542536855109,0.5572553803317921,0.4298928527184321,1.0099868938809895,1.278123908838329,0.7902104693424866,-0.23545595211452375,0.4298928527184321,0.6076938681984665,0.7074168018065858,-0.3461352509992004,Nature,1
kdd_cup_2018/H/short|H=96|L=2048|Hsrc=controlled|Lsrc=controlled|origins=shared_origin_v1:Hmax=720,joint-scaling,release,standard_hl_shared_origin_v1,kdd_cup_2018/H/short,Toto-2.0-2.5B,toto2,Toto-2.0-2.5B,2454.281792,2454.281792,96,controlled,shared_origin_v1:Hmax=720,720,720,2048,controlled,8064,10200,2048,2048,256,256,100,[],merged,2,270,46102,1926428.5999522582,,100,,float32,native_horizon,96,,direct_full_horizon,2124.17123104746,2124.17123104746,23.438653903640297,1.0017825538297969,0.9087880790539019,0.5946166642673787,6.943910610002091,46.08873214840543,1.1029646930898163,0.5609181790035739,0.43427217717294503,1.0017825538297969,1.278123908838329,0.7837914203015768,-0.24361233956182346,0.43427217717294503,0.6076938681984665,0.7146232665805281,-0.3359997750360275,Nature,1
kdd_cup_2018/H/short|H=96|L=4096|Hsrc=controlled|Lsrc=controlled|origins=shared_origin_v1:Hmax=720,joint-scaling,release,standard_hl_shared_origin_v1,kdd_cup_2018/H/short,Toto-2.0-2.5B,toto2,Toto-2.0-2.5B,2454.281792,2454.281792,96,controlled,shared_origin_v1:Hmax=720,720,720,4096,controlled,8064,10200,4096,4096,256,256,100,[],merged,2,270,46102,1926428.5999522582,,100,,float32,native_horizon,96,,direct_full_horizon,2042.1900188711986,2042.1900188711986,23.078083842112328,0.9910972000825168,0.9279130529820465,0.5879916523362514,6.696244103620896,45.19059657573906,1.081471113638135,0.5522892576010499,0.42778464549590034,0.9910972000825168,1.278123908838329,0.7754312341933364,-0.25433597316202894,0.42778464549590034,0.6076938681984665,0.7039476089566044,-0.3510513446890654,Nature,1
kdd_cup_2018/H/short|H=192|L=128|Hsrc=controlled|Lsrc=controlled|origins=shared_origin_v1:Hmax=720,joint-scaling,release,standard_hl_shared_origin_v1,kdd_cup_2018/H/short,Toto-2.0-2.5B,toto2,Toto-2.0-2.5B,2454.281792,2454.281792,192,controlled,shared_origin_v1:Hmax=720,720,720,128,controlled,8064,10200,128,128,256,256,100,[],merged,2,270,91920,3382365.100021012,,100,,float32,native_horizon,192,,direct_full_horizon,1331.1220660628808,1331.1220660628808,20.706402221360968,0.9943016717071979,1.2074669448666375,0.6206259319946182,12.609763537810306,36.484545578407314,0.9915131366351807,0.5627223661264942,0.491230476580121,0.9943016717071979,1.1902104596437932,0.8353998770980159,-0.17984477403660237,0.491230476580121,0.713423030713114,0.6885542734569464,-0.3731611353698402,Nature,1
kdd_cup_2018/H/short|H=192|L=256|Hsrc=controlled|Lsrc=controlled|origins=shared_origin_v1:Hmax=720,joint-scaling,release,standard_hl_shared_origin_v1,kdd_cup_2018/H/short,Toto-2.0-2.5B,toto2,Toto-2.0-2.5B,2454.281792,2454.281792,192,controlled,shared_origin_v1:Hmax=720,720,720,256,controlled,8064,10200,256,256,256,256,100,[],merged,2,270,91920,3382365.100021012,,100,,float32,native_horizon,192,,direct_full_horizon,1097.4401272845953,1097.4401272845953,18.902868577975415,0.8889006911482521,1.0354949728081058,0.5709068643621408,14.744603473772791,33.12763389203333,0.9002848649711963,0.5137090847101947,0.49253867528709416,0.8889006911482521,1.1902104596437932,0.7468432863665833,-0.29189990653237946,0.49253867528709416,0.713423030713114,0.6903879663020814,-0.3705015694023651,Nature,1
kdd_cup_2018/H/short|H=192|L=512|Hsrc=controlled|Lsrc=controlled|origins=shared_origin_v1:Hmax=720,joint-scaling,release,standard_hl_shared_origin_v1,kdd_cup_2018/H/short,Toto-2.0-2.5B,toto2,Toto-2.0-2.5B,2454.281792,2454.281792,192,controlled,shared_origin_v1:Hmax=720,720,720,512,controlled,8064,10200,512,512,256,256,100,[],merged,2,270,91920,3382365.100021012,,100,,float32,native_horizon,192,,direct_full_horizon,1202.697569217798,1202.697569217798,18.733531344341547,0.8705804725138477,0.9379750317469577,0.5629678199973908,6.543150485625706,34.67993035197444,0.9424704618474474,0.5091071336920954,0.4030204968411196,0.8705804725138477,1.1902104596437932,0.7314508669117187,-0.31272522836260147,0.4030204968411196,0.713423030713114,0.5649109707578037,-0.5710871341317577,Nature,1
kdd_cup_2018/H/short|H=192|L=1024|Hsrc=controlled|Lsrc=controlled|origins=shared_origin_v1:Hmax=720,joint-scaling,release,standard_hl_shared_origin_v1,kdd_cup_2018/H/short,Toto-2.0-2.5B,toto2,Toto-2.0-2.5B,2454.281792,2454.281792,192,controlled,shared_origin_v1:Hmax=720,720,720,1024,controlled,8064,10200,1024,1024,256,256,100,[],merged,2,270,91920,3382365.100021012,,100,,float32,native_horizon,192,,direct_full_horizon,1325.544119206919,1325.544119206919,19.41586087511559,0.8847773545245358,0.946107701447448,0.5777218133911451,6.291453600390912,36.40802273135578,0.9894335326028031,0.5276502916936845,0.40911417201999156,0.8847773545245358,1.1902104596437932,0.7433789103057726,-0.29654939076302933,0.40911417201999156,0.713423030713114,0.5734524320178656,-0.5560802891519727,Nature,1
kdd_cup_2018/H/short|H=192|L=2048|Hsrc=controlled|Lsrc=controlled|origins=shared_origin_v1:Hmax=720,joint-scaling,release,standard_hl_shared_origin_v1,kdd_cup_2018/H/short,Toto-2.0-2.5B,toto2,Toto-2.0-2.5B,2454.281792,2454.281792,192,controlled,shared_origin_v1:Hmax=720,720,720,2048,controlled,8064,10200,2048,2048,256,256,100,[],merged,2,270,91920,3382365.100021012,,100,,float32,native_horizon,192,,direct_full_horizon,1364.4563428116842,1364.4563428116842,19.49526715656277,0.8745382755707897,0.900313575416224,0.5779004328555911,6.046351563354858,36.93854819577624,1.0038512253259293,0.5298082566604408,0.4079822377172204,0.8745382755707897,1.1902104596437932,0.7347761637320193,-0.30818936529087104,0.4079822377172204,0.713423030713114,0.5718658077374023,-0.5588509169833481,Nature,1
kdd_cup_2018/H/short|H=192|L=4096|Hsrc=controlled|Lsrc=controlled|origins=shared_origin_v1:Hmax=720,joint-scaling,release,standard_hl_shared_origin_v1,kdd_cup_2018/H/short,Toto-2.0-2.5B,toto2,Toto-2.0-2.5B,2454.281792,2454.281792,192,controlled,shared_origin_v1:Hmax=720,720,720,4096,controlled,8064,10200,4096,4096,256,256,100,[],merged,2,270,91920,3382365.100021012,,100,,float32,native_horizon,192,,direct_full_horizon,1320.3545729302655,1320.3545729302655,19.213641681455343,0.8639926475951433,0.9185038506645888,0.5704919879803769,5.8970339902120426,36.33668357088007,0.9874948017334222,0.5221547323050381,0.4028472248157857,0.8639926475951433,1.1902104596437932,0.7259158584891948,-0.3203211682717666,0.4028472248157857,0.713423030713114,0.5646680965893588,-0.5715171601108298,Nature,1
kdd_cup_2018/H/short|H=336|L=128|Hsrc=controlled|Lsrc=controlled|origins=shared_origin_v1:Hmax=720,joint-scaling,release,standard_hl_shared_origin_v1,kdd_cup_2018/H/short,Toto-2.0-2.5B,toto2,Toto-2.0-2.5B,2454.281792,2454.281792,336,controlled,shared_origin_v1:Hmax=720,720,720,128,controlled,8064,10200,128,128,256,256,100,[],merged,2,270,160686,6279566.400042564,,100,,float32,native_horizon,336,,direct_full_horizon,1830.8520635743002,1830.8520635743002,23.288138483206378,1.1019792061832039,1.2661587081543293,0.6646184233633453,16.657767281501997,42.78845713009877,1.0949013967525605,0.5959134089715391,0.529918107786971,1.1019792061832039,1.2954560131853796,0.8506496515258452,-0.1617549255104016,0.529918107786971,0.783824851835104,0.6760669893871287,-0.39146311112240745,Nature,1
kdd_cup_2018/H/short|H=336|L=256|Hsrc=controlled|Lsrc=controlled|origins=shared_origin_v1:Hmax=720,joint-scaling,release,standard_hl_shared_origin_v1,kdd_cup_2018/H/short,Toto-2.0-2.5B,toto2,Toto-2.0-2.5B,2454.281792,2454.281792,336,controlled,shared_origin_v1:Hmax=720,720,720,256,controlled,8064,10200,256,256,256,256,100,[],merged,2,270,160686,6279566.400042564,,100,,float32,native_horizon,336,,direct_full_horizon,1830.8520635743002,1830.8520635743002,23.288138483206378,1.1019792061832039,1.2661587081543293,0.6646184233633453,16.657767281501997,42.78845713009877,1.0949013967525605,0.5959134089715391,0.529918107786971,1.1019792061832039,1.2954560131853796,0.8506496515258452,-0.1617549255104016,0.529918107786971,0.783824851835104,0.6760669893871287,-0.39146311112240745,Nature,1
kdd_cup_2018/H/short|H=336|L=512|Hsrc=controlled|Lsrc=controlled|origins=shared_origin_v1:Hmax=720,joint-scaling,release,standard_hl_shared_origin_v1,kdd_cup_2018/H/short,Toto-2.0-2.5B,toto2,Toto-2.0-2.5B,2454.281792,2454.281792,336,controlled,shared_origin_v1:Hmax=720,720,720,512,controlled,8064,10200,512,512,256,256,100,[],merged,2,270,160686,6279566.400042564,,100,,float32,native_horizon,336,,direct_full_horizon,1666.938785115069,1666.938785115069,21.108317789625417,0.9697875762277902,0.9681265582882738,0.6040948554167755,9.97097726735489,40.828161667102634,1.0447399657396068,0.5401346106190962,0.43308212269660773,0.9697875762277902,1.2954560131853796,0.7486071054185718,-0.2895409919477541,0.43308212269660773,0.783824851835104,0.552524102396943,-0.5932582222938783,Nature,1
kdd_cup_2018/H/short|H=336|L=1024|Hsrc=controlled|Lsrc=controlled|origins=shared_origin_v1:Hmax=720,joint-scaling,release,standard_hl_shared_origin_v1,kdd_cup_2018/H/short,Toto-2.0-2.5B,toto2,Toto-2.0-2.5B,2454.281792,2454.281792,336,controlled,shared_origin_v1:Hmax=720,720,720,1024,controlled,8064,10200,1024,1024,256,256,100,[],merged,2,270,160686,6279566.400042564,,100,,float32,native_horizon,336,,direct_full_horizon,1814.6571321552594,1814.6571321552594,21.84247186185324,0.9785495975688616,0.9781335761746652,0.6192222088031938,6.707377605804175,42.598792613820166,1.0900481265550295,0.5589206658552031,0.4265408271686539,0.9785495975688616,1.2954560131853796,0.755370763352064,-0.2805465729846005,0.4265408271686539,0.783824851835104,0.5441787488238339,-0.6084775037008143,Nature,1
kdd_cup_2018/H/short|H=336|L=2048|Hsrc=controlled|Lsrc=controlled|origins=shared_origin_v1:Hmax=720,joint-scaling,release,standard_hl_shared_origin_v1,kdd_cup_2018/H/short,Toto-2.0-2.5B,toto2,Toto-2.0-2.5B,2454.281792,2454.281792,336,controlled,shared_origin_v1:Hmax=720,720,720,2048,controlled,8064,10200,2048,2048,256,256,100,[],merged,2,270,160686,6279566.400042564,,100,,float32,native_horizon,336,,direct_full_horizon,1867.1070846246716,1867.1070846246716,22.240160108456866,0.984489364862017,0.9903408319132526,0.6293447956085063,6.377253518351417,43.210034536258725,1.105689018503922,0.5690969948439875,0.4358530505253093,0.984489364862017,1.2954560131853796,0.759955841681779,-0.2744949504400987,0.4358530505253093,0.783824851835104,0.556059238878281,-0.5868804456619332,Nature,1
kdd_cup_2018/H/short|H=336|L=4096|Hsrc=controlled|Lsrc=controlled|origins=shared_origin_v1:Hmax=720,joint-scaling,release,standard_hl_shared_origin_v1,kdd_cup_2018/H/short,Toto-2.0-2.5B,toto2,Toto-2.0-2.5B,2454.281792,2454.281792,336,controlled,shared_origin_v1:Hmax=720,720,720,4096,controlled,8064,10200,4096,4096,256,256,100,[],merged,2,270,160686,6279566.400042564,,100,,float32,native_horizon,336,,direct_full_horizon,1819.740316128972,1819.740316128972,21.82878486613644,0.9665098483143554,0.9858540987002652,0.6184277740608042,6.286826160674532,42.65841436491717,1.0915737702199662,0.5585704332987426,0.4291979489739922,0.9665098483143554,1.2954560131853796,0.7460769323520426,-0.29292655761827685,0.4291979489739922,0.783824851835104,0.5475686921244545,-0.6022673600940677,Nature,1
kdd_cup_2018/H/short|H=720|L=128|Hsrc=controlled|Lsrc=controlled|origins=shared_origin_v1:Hmax=720,joint-scaling,release,standard_hl_shared_origin_v1,kdd_cup_2018/H/short,Toto-2.0-2.5B,toto2,Toto-2.0-2.5B,2454.281792,2454.281792,720,controlled,shared_origin_v1:Hmax=720,720,720,128,controlled,8064,10200,128,128,256,256,100,[],merged,2,270,341362,14548303.999882698,,100,,float32,native_horizon,720,,direct_full_horizon,4231.018664570163,4231.018664570163,26.277395862017446,1.1767578590607792,1.2636900236152449,0.683651477018669,21.897394703971372,65.04628094341876,1.5262485960965861,0.6165738911093915,0.5801862808329786,1.1767578590607792,1.3355336656461645,0.8811143360369238,-0.12656788162903418,0.5801862808329786,0.9362833367919572,0.6196695573168108,-0.4785689150927587,Nature,1
kdd_cup_2018/H/short|H=720|L=256|Hsrc=controlled|Lsrc=controlled|origins=shared_origin_v1:Hmax=720,joint-scaling,release,standard_hl_shared_origin_v1,kdd_cup_2018/H/short,Toto-2.0-2.5B,toto2,Toto-2.0-2.5B,2454.281792,2454.281792,720,controlled,shared_origin_v1:Hmax=720,720,720,256,controlled,8064,10200,256,256,256,256,100,[],merged,2,270,341362,14548303.999882698,,100,,float32,native_horizon,720,,direct_full_horizon,4231.018664570163,4231.018664570163,26.277395862017446,1.1767578590607792,1.2636900236152449,0.683651477018669,21.897394703971372,65.04628094341876,1.5262485960965861,0.6165738911093915,0.5801862808329786,1.1767578590607792,1.3355336656461645,0.8811143360369238,-0.12656788162903418,0.5801862808329786,0.9362833367919572,0.6196695573168108,-0.4785689150927587,Nature,1
kdd_cup_2018/H/short|H=720|L=512|Hsrc=controlled|Lsrc=controlled|origins=shared_origin_v1:Hmax=720,joint-scaling,release,standard_hl_shared_origin_v1,kdd_cup_2018/H/short,Toto-2.0-2.5B,toto2,Toto-2.0-2.5B,2454.281792,2454.281792,720,controlled,shared_origin_v1:Hmax=720,720,720,512,controlled,8064,10200,512,512,256,256,100,[],merged,2,270,341362,14548303.999882698,,100,,float32,native_horizon,720,,direct_full_horizon,4230.904767885705,4230.904767885705,26.273454298515944,1.176139599417861,1.2634172703940212,0.6828830936748873,21.8726643182599,65.04540543255692,1.52622805307392,0.6164814061022037,0.5800938026923119,1.176139599417861,1.3355336656461645,0.8806514052559021,-0.12709341210204292,0.5800938026923119,0.9362833367919572,0.6195707857836299,-0.4787283216742826,Nature,1
kdd_cup_2018/H/short|H=720|L=1024|Hsrc=controlled|Lsrc=controlled|origins=shared_origin_v1:Hmax=720,joint-scaling,release,standard_hl_shared_origin_v1,kdd_cup_2018/H/short,Toto-2.0-2.5B,toto2,Toto-2.0-2.5B,2454.281792,2454.281792,720,controlled,shared_origin_v1:Hmax=720,720,720,1024,controlled,8064,10200,1024,1024,256,256,100,[],merged,2,270,341362,14548303.999882698,,100,,float32,native_horizon,720,,direct_full_horizon,4005.831319464381,4005.831319464381,23.622777881325398,1.018635085604734,0.9601699885775097,0.6037343304061195,9.540459037514502,63.2916370420641,1.4850775598397785,0.5542858262509512,0.44599160556905837,1.018635085604734,1.3355336656461645,0.7627176400019036,-0.2708673817171303,0.44599160556905837,0.9362833367919572,0.47634256431091226,-0.7416180106690103,Nature,1
kdd_cup_2018/H/short|H=720|L=2048|Hsrc=controlled|Lsrc=controlled|origins=shared_origin_v1:Hmax=720,joint-scaling,release,standard_hl_shared_origin_v1,kdd_cup_2018/H/short,Toto-2.0-2.5B,toto2,Toto-2.0-2.5B,2454.281792,2454.281792,720,controlled,shared_origin_v1:Hmax=720,720,720,2048,controlled,8064,10200,2048,2048,256,256,100,[],merged,2,270,341362,14548303.999882698,,100,,float32,native_horizon,720,,direct_full_horizon,4275.789173223733,4275.789173223733,24.781969933128174,1.0394398245951957,0.9270699908533813,0.628707641592265,7.753782159625917,65.38951883309537,1.5343023439765264,0.5814851559591214,0.4524354399543268,1.0394398245951957,1.3355336656461645,0.7782954869148048,-0.2506490236783392,0.4524354399543268,0.9362833367919572,0.48322491939729806,-0.7272730620909327,Nature,1
kdd_cup_2018/H/short|H=720|L=4096|Hsrc=controlled|Lsrc=controlled|origins=shared_origin_v1:Hmax=720,joint-scaling,release,standard_hl_shared_origin_v1,kdd_cup_2018/H/short,Toto-2.0-2.5B,toto2,Toto-2.0-2.5B,2454.281792,2454.281792,720,controlled,shared_origin_v1:Hmax=720,720,720,4096,controlled,8064,10200,4096,4096,256,256,100,[],merged,2,270,341362,14548303.999882698,,100,,float32,native_horizon,720,,direct_full_horizon,4269.303101619395,4269.303101619395,24.542502099127905,1.0269143180470712,0.9265101203316396,0.6211157200958495,7.602268583692578,65.33990435881732,1.5331381879231034,0.575866272909203,0.4507743639433931,1.0269143180470712,1.3355336656461645,0.7689168341183107,-0.2627724634155428,0.4507743639433931,0.9362833367919572,0.4814508025828035,-0.730951228285491,Nature,1
loop_seattle/5T/short|H=48|L=128|Hsrc=controlled|Lsrc=controlled|origins=shared_origin_v1:Hmax=720,joint-scaling,release,standard_hl_shared_origin_v1,loop_seattle/5T/short,Toto-2.0-2.5B,toto2,Toto-2.0-2.5B,2454.281792,2454.281792,48,controlled,shared_origin_v1:Hmax=720,720,720,128,controlled,94320,104400,128,128,256,256,100,[],merged,2,323,232560,13486058.610530853,,100,,float32,native_horizon,48,,direct_full_horizon,81.76716663844815,81.76716663844815,4.958032864838644,0.7727092901321446,0.16462247643144343,0.10435902818929792,9.563344654069201,9.042519927456514,0.15593350845199308,0.08549867358180552,0.07197641917947213,0.7727092901321446,1.0786574227120576,0.716362094082966,-0.3335695218607701,0.07197641917947213,0.10341127324220856,0.6960210132109087,-0.36237542770848463,Transport,1
loop_seattle/5T/short|H=48|L=256|Hsrc=controlled|Lsrc=controlled|origins=shared_origin_v1:Hmax=720,joint-scaling,release,standard_hl_shared_origin_v1,loop_seattle/5T/short,Toto-2.0-2.5B,toto2,Toto-2.0-2.5B,2454.281792,2454.281792,48,controlled,shared_origin_v1:Hmax=720,720,720,256,controlled,94320,104400,256,256,256,256,100,[],merged,2,323,232560,13486058.610530853,,100,,float32,native_horizon,48,,direct_full_horizon,83.91493052196208,83.91493052196208,4.871961444425632,0.7616614665539466,0.1611952049116273,0.10283948329457065,7.697544464629841,9.160509293809055,0.15796817312544484,0.08401441712783908,0.06928730121542563,0.7616614665539466,1.0786574227120576,0.7061198954519858,-0.3479702323209056,0.06928730121542563,0.10341127324220856,0.6700169047637756,-0.4004523359247115,Transport,1
loop_seattle/5T/short|H=48|L=512|Hsrc=controlled|Lsrc=controlled|origins=shared_origin_v1:Hmax=720,joint-scaling,release,standard_hl_shared_origin_v1,loop_seattle/5T/short,Toto-2.0-2.5B,toto2,Toto-2.0-2.5B,2454.281792,2454.281792,48,controlled,shared_origin_v1:Hmax=720,720,720,512,controlled,94320,104400,512,512,256,256,100,[],merged,2,323,232560,13486058.610530853,,100,,float32,native_horizon,48,,direct_full_horizon,67.8928395494711,67.8928395494711,4.442894861137986,0.6957706003754975,0.1425271871125202,0.09484480879829231,6.079356499435675,8.239711132647255,0.14208949229333187,0.07661538917674765,0.06092995625931939,0.6957706003754975,1.0786574227120576,0.6450338965138055,-0.438452410832629,0.06092995625931939,0.10341127324220856,0.5892003294129261,-0.5289890353087433,Transport,1
loop_seattle/5T/short|H=48|L=1024|Hsrc=controlled|Lsrc=controlled|origins=shared_origin_v1:Hmax=720,joint-scaling,release,standard_hl_shared_origin_v1,loop_seattle/5T/short,Toto-2.0-2.5B,toto2,Toto-2.0-2.5B,2454.281792,2454.281792,48,controlled,shared_origin_v1:Hmax=720,720,720,1024,controlled,94320,104400,1024,1024,256,256,100,[],merged,2,323,232560,13486058.610530853,,100,,float32,native_horizon,48,,direct_full_horizon,57.73991674863476,57.73991674863476,4.16857036305819,0.6555111368975957,0.12426406340702399,0.08952762845212912,5.220901706956555,7.59867861859118,0.13103522315702024,0.07188480723907015,0.056672591591294744,0.6555111368975957,1.0786574227120576,0.6077102174381284,-0.498057126689215,0.056672591591294744,0.10341127324220856,0.5480310783772764,-0.6014232812749144,Transport,1
loop_seattle/5T/short|H=48|L=2048|Hsrc=controlled|Lsrc=controlled|origins=shared_origin_v1:Hmax=720,joint-scaling,release,standard_hl_shared_origin_v1,loop_seattle/5T/short,Toto-2.0-2.5B,toto2,Toto-2.0-2.5B,2454.281792,2454.281792,48,controlled,shared_origin_v1:Hmax=720,720,720,2048,controlled,94320,104400,2048,2048,256,256,100,[],merged,2,323,232560,13486058.610530853,,100,,float32,native_horizon,48,,direct_full_horizon,45.68261465119217,45.68261465119217,3.8042318296219255,0.6018482800997113,0.1050308468992209,0.08103214699581475,4.534134998392446,6.75889152533107,0.11655353565671038,0.06560198052276224,0.05151117697522717,0.6018482800997113,1.0786574227120576,0.5579605418989193,-0.5834670325439364,0.05151117697522717,0.10341127324220856,0.49811955080156833,-0.6969151689171806,Transport,1
loop_seattle/5T/short|H=48|L=4096|Hsrc=controlled|Lsrc=controlled|origins=shared_origin_v1:Hmax=720,joint-scaling,release,standard_hl_shared_origin_v1,loop_seattle/5T/short,Toto-2.0-2.5B,toto2,Toto-2.0-2.5B,2454.281792,2454.281792,48,controlled,shared_origin_v1:Hmax=720,720,720,4096,controlled,94320,104400,4096,4096,256,256,100,[],merged,2,323,232560,13486058.610530853,,100,,float32,native_horizon,48,,direct_full_horizon,41.38912604206979,41.38912604206979,3.6468442325703583,0.579370580156663,0.09727576800052104,0.0773441718868837,4.313575039593415,6.433438119860157,0.11094126255586433,0.06288791404660656,0.049412929516231184,0.579370580156663,1.0786574227120576,0.5371219517499424,-0.621530112025367,0.049412929516231184,0.10341127324220856,0.4778292343475634,-0.7385018606386837,Transport,1
loop_seattle/5T/short|H=96|L=128|Hsrc=controlled|Lsrc=controlled|origins=shared_origin_v1:Hmax=720,joint-scaling,release,standard_hl_shared_origin_v1,loop_seattle/5T/short,Toto-2.0-2.5B,toto2,Toto-2.0-2.5B,2454.281792,2454.281792,96,controlled,shared_origin_v1:Hmax=720,720,720,128,controlled,94320,104400,128,128,256,256,100,[],merged,2,323,465120,26184961.315769076,,100,,float32,native_horizon,96,,direct_full_horizon,155.31030775660045,155.31030775660045,6.98352426188403,1.083329008937972,0.3036915645592804,0.15525529190236692,15.337285482393801,12.462355626309195,0.22136717251585844,0.12404741658836772,0.10547352790206767,1.083329008937972,1.184716577264144,0.9144204020844332,-0.08946485475959495,0.10547352790206767,0.11731650359111231,0.8990510684641487,-0.10641544026834797,Transport,1
loop_seattle/5T/short|H=96|L=256|Hsrc=controlled|Lsrc=controlled|origins=shared_origin_v1:Hmax=720,joint-scaling,release,standard_hl_shared_origin_v1,loop_seattle/5T/short,Toto-2.0-2.5B,toto2,Toto-2.0-2.5B,2454.281792,2454.281792,96,controlled,shared_origin_v1:Hmax=720,720,720,256,controlled,94320,104400,256,256,256,256,100,[],merged,2,323,465120,26184961.315769076,,100,,float32,native_horizon,96,,direct_full_horizon,155.53460692939456,155.53460692939456,6.835345267921451,1.0609519878728988,0.30583896630401664,0.15173990350020558,13.398629854810324,12.471351447593582,0.2215269640979554,0.1214153327429595,0.1031057741538345,1.0609519878728988,1.184716577264144,0.8955323224420024,-0.11033696383682723,0.1031057741538345,0.11731650359111231,0.8788684541195754,-0.12912004651265,Transport,1
loop_seattle/5T/short|H=96|L=512|Hsrc=controlled|Lsrc=controlled|origins=shared_origin_v1:Hmax=720,joint-scaling,release,standard_hl_shared_origin_v1,loop_seattle/5T/short,Toto-2.0-2.5B,toto2,Toto-2.0-2.5B,2454.281792,2454.281792,96,controlled,shared_origin_v1:Hmax=720,720,720,512,controlled,94320,104400,512,512,256,256,100,[],merged,2,323,465120,26184961.315769076,,100,,float32,native_horizon,96,,direct_full_horizon,116.48819588896414,116.48819588896414,5.854067843043193,0.9139558185149627,0.23868815668432172,0.13343894388981606,8.274821454027142,10.79296974372504,0.19171409217160984,0.10398503180207114,0.0826259734038662,0.9139558185149627,1.184716577264144,0.7714552459673969,-0.25947661797700866,0.0826259734038662,0.11731650359111231,0.7042996583996882,-0.3505513622519205,Transport,1
loop_seattle/5T/short|H=96|L=1024|Hsrc=controlled|Lsrc=controlled|origins=shared_origin_v1:Hmax=720,joint-scaling,release,standard_hl_shared_origin_v1,loop_seattle/5T/short,Toto-2.0-2.5B,toto2,Toto-2.0-2.5B,2454.281792,2454.281792,96,controlled,shared_origin_v1:Hmax=720,720,720,1024,controlled,94320,104400,1024,1024,256,256,100,[],merged,2,323,465120,26184961.315769076,,100,,float32,native_horizon,96,,direct_full_horizon,101.12672761196035,101.12672761196035,5.488217737324508,0.8597202429710558,0.2060184108050451,0.1272447623458563,6.6057258766214915,10.056178578961312,0.17862656829016238,0.09748648482620072,0.07636701743662563,0.8597202429710558,1.184716577264144,0.7256758784927282,-0.32065181220220385,0.07636701743662563,0.11731650359111231,0.6509486312581435,-0.42932454732449105,Transport,1
loop_seattle/5T/short|H=96|L=2048|Hsrc=controlled|Lsrc=controlled|origins=shared_origin_v1:Hmax=720,joint-scaling,release,standard_hl_shared_origin_v1,loop_seattle/5T/short,Toto-2.0-2.5B,toto2,Toto-2.0-2.5B,2454.281792,2454.281792,96,controlled,shared_origin_v1:Hmax=720,720,720,2048,controlled,94320,104400,2048,2048,256,256,100,[],merged,2,323,465120,26184961.315769076,,100,,float32,native_horizon,96,,direct_full_horizon,66.97347838326668,66.97347838326668,4.54020097048208,0.7168416274890135,0.15276358446633648,0.10610334713269559,5.400601050013962,8.183732545927114,0.1453665573861025,0.0806469885490683,0.0633748787702821,0.7168416274890135,1.184716577264144,0.6050743622955035,-0.5024039156193356,0.0633748787702821,0.11731650359111231,0.5402042920675934,-0.6158078923245799,Transport,1
loop_seattle/5T/short|H=96|L=4096|Hsrc=controlled|Lsrc=controlled|origins=shared_origin_v1:Hmax=720,joint-scaling,release,standard_hl_shared_origin_v1,loop_seattle/5T/short,Toto-2.0-2.5B,toto2,Toto-2.0-2.5B,2454.281792,2454.281792,96,controlled,shared_origin_v1:Hmax=720,720,720,4096,controlled,94320,104400,4096,4096,256,256,100,[],merged,2,323,465120,26184961.315769076,,100,,float32,native_horizon,96,,direct_full_horizon,58.8783777405562,58.8783777405562,4.229229772021199,0.6710830954093767,0.1341862903905973,0.09920013711179373,5.061879835597591,7.673224728923049,0.1362984746426716,0.0751232483348324,0.059130360680716094,0.6710830954093767,1.184716577264144,0.5664503293767554,-0.5683658821873818,0.059130360680716094,0.11731650359111231,0.5040242324882559,-0.6851309317327495,Transport,1
loop_seattle/5T/short|H=192|L=128|Hsrc=controlled|Lsrc=controlled|origins=shared_origin_v1:Hmax=720,joint-scaling,release,standard_hl_shared_origin_v1,loop_seattle/5T/short,Toto-2.0-2.5B,toto2,Toto-2.0-2.5B,2454.281792,2454.281792,192,controlled,shared_origin_v1:Hmax=720,720,720,128,controlled,94320,104400,128,128,256,256,100,[],merged,2,323,930240,53017427.57837188,,100,,float32,native_horizon,192,,direct_full_horizon,180.47703959462075,180.47703959462075,8.184053720343675,1.2643375685312206,0.30255500365665045,0.1685293937082097,19.24219124437763,13.434174317561194,0.23571506366835115,0.14359682241388544,0.12450988263834901,1.2643375685312206,1.0971770242236139,1.1523551264900878,0.14180778429105853,0.12450988263834901,0.10738030835162748,1.159522491131512,0.14800827479269177,Transport,1
loop_seattle/5T/short|H=192|L=256|Hsrc=controlled|Lsrc=controlled|origins=shared_origin_v1:Hmax=720,joint-scaling,release,standard_hl_shared_origin_v1,loop_seattle/5T/short,Toto-2.0-2.5B,toto2,Toto-2.0-2.5B,2454.281792,2454.281792,192,controlled,shared_origin_v1:Hmax=720,720,720,256,controlled,94320,104400,256,256,256,256,100,[],merged,2,323,930240,53017427.57837188,,100,,float32,native_horizon,192,,direct_full_horizon,172.86971352822928,172.86971352822928,8.021701859197627,1.2412256183504244,0.29603398247276913,0.1660218988450729,13.861585039221191,13.147992756623701,0.23069374242727503,0.1407482082466053,0.11536787608479795,1.2412256183504244,1.0971770242236139,1.1312902028993383,0.12335875387507543,0.11536787608479795,0.10738030835162748,1.0743857775767824,0.07174912858974128,Transport,1
loop_seattle/5T/short|H=192|L=512|Hsrc=controlled|Lsrc=controlled|origins=shared_origin_v1:Hmax=720,joint-scaling,release,standard_hl_shared_origin_v1,loop_seattle/5T/short,Toto-2.0-2.5B,toto2,Toto-2.0-2.5B,2454.281792,2454.281792,192,controlled,shared_origin_v1:Hmax=720,720,720,512,controlled,94320,104400,512,512,256,256,100,[],merged,2,323,930240,53017427.57837188,,100,,float32,native_horizon,192,,direct_full_horizon,129.24452348990582,129.24452348990582,6.596475657491615,1.0247926785797163,0.24666196825088485,0.14148724467064616,9.54952125576945,11.36857614171211,0.19947222551364377,0.11574129104159453,0.09362783003506885,1.0247926785797163,1.0971770242236139,0.9340267394907232,-0.06825021215803957,0.09362783003506885,0.10738030835162748,0.8719273717158198,-0.1370491478586256,Transport,1
loop_seattle/5T/short|H=192|L=1024|Hsrc=controlled|Lsrc=controlled|origins=shared_origin_v1:Hmax=720,joint-scaling,release,standard_hl_shared_origin_v1,loop_seattle/5T/short,Toto-2.0-2.5B,toto2,Toto-2.0-2.5B,2454.281792,2454.281792,192,controlled,shared_origin_v1:Hmax=720,720,720,1024,controlled,94320,104400,1024,1024,256,256,100,[],merged,2,323,930240,53017427.57837188,,100,,float32,native_horizon,192,,direct_full_horizon,97.50698280820004,97.50698280820004,5.5518355310188765,0.8735813059154511,0.19331713880834853,0.12224069312548039,7.020157069925494,9.874562410972956,0.17325836723414953,0.09741210994706655,0.07724710430753581,0.8735813059154511,1.0971770242236139,0.7962081657092812,-0.2278946126166131,0.07724710430753581,0.10738030835162748,0.719378678394017,-0.3293673861998386,Transport,1
loop_seattle/5T/short|H=192|L=2048|Hsrc=controlled|Lsrc=controlled|origins=shared_origin_v1:Hmax=720,joint-scaling,release,standard_hl_shared_origin_v1,loop_seattle/5T/short,Toto-2.0-2.5B,toto2,Toto-2.0-2.5B,2454.281792,2454.281792,192,controlled,shared_origin_v1:Hmax=720,720,720,2048,controlled,94320,104400,2048,2048,256,256,100,[],merged,2,323,930240,53017427.57837188,,100,,float32,native_horizon,192,,direct_full_horizon,68.98700664613433,68.98700664613433,4.687688304059974,0.7427632810387509,0.15253041139123036,0.10529580340993991,5.585193649729408,8.30584171810024,0.1457337059295105,0.08224984438414472,0.06460186598602816,0.7427632810387509,1.0971770242236139,0.6769766998760717,-0.3901184233887609,0.06460186598602816,0.10738030835162748,0.6016174378498051,-0.5081335209790118,Transport,1
loop_seattle/5T/short|H=192|L=4096|Hsrc=controlled|Lsrc=controlled|origins=shared_origin_v1:Hmax=720,joint-scaling,release,standard_hl_shared_origin_v1,loop_seattle/5T/short,Toto-2.0-2.5B,toto2,Toto-2.0-2.5B,2454.281792,2454.281792,192,controlled,shared_origin_v1:Hmax=720,720,720,4096,controlled,94320,104400,4096,4096,256,256,100,[],merged,2,323,930240,53017427.57837188,,100,,float32,native_horizon,192,,direct_full_horizon,59.539515676062095,59.539515676062095,4.354476700905143,0.6934389665812073,0.13537661641333823,0.09792385895226803,5.16934915075965,7.71618530596966,0.13538763661089803,0.07640333737924433,0.0601194217388045,0.6934389665812073,1.0971770242236139,0.6320210424310514,-0.45883259040370455,0.0601194217388045,0.10738030835162748,0.5598738042541048,-0.5800438701942078,Transport,1
loop_seattle/5T/short|H=336|L=128|Hsrc=controlled|Lsrc=controlled|origins=shared_origin_v1:Hmax=720,joint-scaling,release,standard_hl_shared_origin_v1,loop_seattle/5T/short,Toto-2.0-2.5B,toto2,Toto-2.0-2.5B,2454.281792,2454.281792,336,controlled,shared_origin_v1:Hmax=720,720,720,128,controlled,94320,104400,128,128,256,256,100,[],merged,2,323,1627920,92063261.14741683,,100,,float32,native_horizon,336,,direct_full_horizon,181.327999072436,181.327999072436,8.08801788670512,1.2527540328629265,0.3138392567699023,0.16854072565926728,19.27834575620191,13.465808519076603,0.23811082435232922,0.1430173764651008,0.12522788575790106,1.2527540328629265,1.1369492698328763,1.101855699372649,0.09699575784882729,0.12522788575790106,0.11269141332273826,1.1112460307801753,0.10548193598823735,Transport,1
loop_seattle/5T/short|H=336|L=256|Hsrc=controlled|Lsrc=controlled|origins=shared_origin_v1:Hmax=720,joint-scaling,release,standard_hl_shared_origin_v1,loop_seattle/5T/short,Toto-2.0-2.5B,toto2,Toto-2.0-2.5B,2454.281792,2454.281792,336,controlled,shared_origin_v1:Hmax=720,720,720,256,controlled,94320,104400,256,256,256,256,100,[],merged,2,323,1627920,92063261.14741683,,100,,float32,native_horizon,336,,direct_full_horizon,181.327999072436,181.327999072436,8.08801788670512,1.2527540328629265,0.3138392567699023,0.16854072565926728,19.27834575620191,13.465808519076603,0.23811082435232922,0.1430173764651008,0.12522788575790106,1.2527540328629265,1.1369492698328763,1.101855699372649,0.09699575784882729,0.12522788575790106,0.11269141332273826,1.1112460307801753,0.10548193598823735,Transport,1
loop_seattle/5T/short|H=336|L=512|Hsrc=controlled|Lsrc=controlled|origins=shared_origin_v1:Hmax=720,joint-scaling,release,standard_hl_shared_origin_v1,loop_seattle/5T/short,Toto-2.0-2.5B,toto2,Toto-2.0-2.5B,2454.281792,2454.281792,336,controlled,shared_origin_v1:Hmax=720,720,720,512,controlled,94320,104400,512,512,256,256,100,[],merged,2,323,1627920,92063261.14741683,,100,,float32,native_horizon,336,,direct_full_horizon,159.80660720428523,159.80660720428523,7.501866712968082,1.168136209709216,0.29616771204781256,0.15852394034642367,12.306623142837864,12.641463807814553,0.22353424705501967,0.13265268585065396,0.10968462628725925,1.168136209709216,1.1369492698328763,1.0274303706452304,0.02706089929665112,0.10968462628725925,0.11269141332273826,0.973318401581602,-0.02704401334641109,Transport,1
loop_seattle/5T/short|H=336|L=1024|Hsrc=controlled|Lsrc=controlled|origins=shared_origin_v1:Hmax=720,joint-scaling,release,standard_hl_shared_origin_v1,loop_seattle/5T/short,Toto-2.0-2.5B,toto2,Toto-2.0-2.5B,2454.281792,2454.281792,336,controlled,shared_origin_v1:Hmax=720,720,720,1024,controlled,94320,104400,1024,1024,256,256,100,[],merged,2,323,1627920,92063261.14741683,,100,,float32,native_horizon,336,,direct_full_horizon,113.47752358070422,113.47752358070422,6.08138567447264,0.9537914224671669,0.2191782889913778,0.13351641585653587,8.977083341637373,10.652582953476786,0.18836561539847768,0.10753485422741058,0.08683042045286228,0.9537914224671669,1.1369492698328763,0.8389041162824861,-0.17565886238011189,0.08683042045286228,0.11269141332273826,0.7705149655385688,-0.26069620125865484,Transport,1
loop_seattle/5T/short|H=336|L=2048|Hsrc=controlled|Lsrc=controlled|origins=shared_origin_v1:Hmax=720,joint-scaling,release,standard_hl_shared_origin_v1,loop_seattle/5T/short,Toto-2.0-2.5B,toto2,Toto-2.0-2.5B,2454.281792,2454.281792,336,controlled,shared_origin_v1:Hmax=720,720,720,2048,controlled,94320,104400,2048,2048,256,256,100,[],merged,2,323,1627920,92063261.14741683,,100,,float32,native_horizon,336,,direct_full_horizon,90.38712421372058,90.38712421372058,5.367569707433412,0.8470142229335335,0.1833679956571787,0.11943415974017074,6.816758368342879,9.507214324591645,0.16811249297922026,0.09491271511806722,0.07509772913367567,0.8470142229335335,1.1369492698328763,0.7449885807640642,-0.2943863885535209,0.07509772913367567,0.11269141332273826,0.6664015200395296,-0.4058629071604225,Transport,1
loop_seattle/5T/short|H=336|L=4096|Hsrc=controlled|Lsrc=controlled|origins=shared_origin_v1:Hmax=720,joint-scaling,release,standard_hl_shared_origin_v1,loop_seattle/5T/short,Toto-2.0-2.5B,toto2,Toto-2.0-2.5B,2454.281792,2454.281792,336,controlled,shared_origin_v1:Hmax=720,720,720,4096,controlled,94320,104400,4096,4096,256,256,100,[],merged,2,323,1627920,92063261.14741683,,100,,float32,native_horizon,336,,direct_full_horizon,73.5704036439137,73.5704036439137,4.849007864521905,0.7691050850657464,0.15566863968680605,0.10888158862049137,5.783328357725578,8.577319140845448,0.15166950639958848,0.08574318120419949,0.06764035761980813,0.7691050850657464,1.1369492698328763,0.6764638541689724,-0.3908762634432966,0.06764035761980813,0.11269141332273826,0.6002263670799134,-0.5104484164510936,Transport,1
loop_seattle/5T/short|H=720|L=128|Hsrc=controlled|Lsrc=controlled|origins=shared_origin_v1:Hmax=720,joint-scaling,release,standard_hl_shared_origin_v1,loop_seattle/5T/short,Toto-2.0-2.5B,toto2,Toto-2.0-2.5B,2454.281792,2454.281792,720,controlled,shared_origin_v1:Hmax=720,720,720,128,controlled,94320,104400,128,128,256,256,100,[],merged,2,323,3488400,197305397.9755218,,100,,float32,native_horizon,720,,direct_full_horizon,197.28780694587778,197.28780694587778,8.637873622219356,1.340351868394718,0.33486180369671625,0.17866018628817115,20.486986834219167,14.045917803613895,0.24833471445218896,0.15271938149146985,0.13432459818202364,1.340351868394718,1.2506857542723633,1.0716935599658457,0.06924016354253978,0.13432459818202364,0.12716656793492073,1.056288617073995,0.054761459564353306,Transport,1
loop_seattle/5T/short|H=720|L=256|Hsrc=controlled|Lsrc=controlled|origins=shared_origin_v1:Hmax=720,joint-scaling,release,standard_hl_shared_origin_v1,loop_seattle/5T/short,Toto-2.0-2.5B,toto2,Toto-2.0-2.5B,2454.281792,2454.281792,720,controlled,shared_origin_v1:Hmax=720,720,720,256,controlled,94320,104400,256,256,256,256,100,[],merged,2,323,3488400,197305397.9755218,,100,,float32,native_horizon,720,,direct_full_horizon,197.28780694587778,197.28780694587778,8.637873622219356,1.340351868394718,0.33486180369671625,0.17866018628817115,20.486986834219167,14.045917803613895,0.24833471445218896,0.15271938149146985,0.13432459818202364,1.340351868394718,1.2506857542723633,1.0716935599658457,0.06924016354253978,0.13432459818202364,0.12716656793492073,1.056288617073995,0.054761459564353306,Transport,1
loop_seattle/5T/short|H=720|L=512|Hsrc=controlled|Lsrc=controlled|origins=shared_origin_v1:Hmax=720,joint-scaling,release,standard_hl_shared_origin_v1,loop_seattle/5T/short,Toto-2.0-2.5B,toto2,Toto-2.0-2.5B,2454.281792,2454.281792,720,controlled,shared_origin_v1:Hmax=720,720,720,512,controlled,94320,104400,512,512,256,256,100,[],merged,2,323,3488400,197305397.9755218,,100,,float32,native_horizon,720,,direct_full_horizon,197.28780694587778,197.28780694587778,8.637873622219356,1.340351868394718,0.33486180369671625,0.17866018628817115,20.486986834219167,14.045917803613895,0.24833471445218896,0.15271938149146985,0.13432459818202364,1.340351868394718,1.2506857542723633,1.0716935599658457,0.06924016354253978,0.13432459818202364,0.12716656793492073,1.056288617073995,0.054761459564353306,Transport,1
loop_seattle/5T/short|H=720|L=1024|Hsrc=controlled|Lsrc=controlled|origins=shared_origin_v1:Hmax=720,joint-scaling,release,standard_hl_shared_origin_v1,loop_seattle/5T/short,Toto-2.0-2.5B,toto2,Toto-2.0-2.5B,2454.281792,2454.281792,720,controlled,shared_origin_v1:Hmax=720,720,720,1024,controlled,94320,104400,1024,1024,256,256,100,[],merged,2,323,3488400,197305397.9755218,,100,,float32,native_horizon,720,,direct_full_horizon,159.63566194387113,159.63566194387113,7.6524940427559915,1.1898245233791307,0.29613464152508134,0.1623033633569473,12.139290511411325,12.634700706541137,0.22338410604542175,0.13529766794348852,0.11173762838752897,1.1898245233791307,1.2506857542723633,0.9513377115831618,-0.049886167399288056,0.11173762838752897,0.12716656793492073,0.8786714165684826,-0.1293442662361447,Transport,1
loop_seattle/5T/short|H=720|L=2048|Hsrc=controlled|Lsrc=controlled|origins=shared_origin_v1:Hmax=720,joint-scaling,release,standard_hl_shared_origin_v1,loop_seattle/5T/short,Toto-2.0-2.5B,toto2,Toto-2.0-2.5B,2454.281792,2454.281792,720,controlled,shared_origin_v1:Hmax=720,720,720,2048,controlled,94320,104400,2048,2048,256,256,100,[],merged,2,323,3488400,197305397.9755218,,100,,float32,native_horizon,720,,direct_full_horizon,112.96476715686275,112.96476715686275,6.074835217255762,0.9538721936565596,0.21379723327447755,0.1357499663505296,7.696495481861478,10.62848846999717,0.18791386124842827,0.1074043355595576,0.08493369540174411,0.9538721936565596,1.2506857542723633,0.7626793464290421,-0.27091758972620616,0.08493369540174411,0.12716656793492073,0.6678932740027247,-0.40362688766698956,Transport,1
loop_seattle/5T/short|H=720|L=4096|Hsrc=controlled|Lsrc=controlled|origins=shared_origin_v1:Hmax=720,joint-scaling,release,standard_hl_shared_origin_v1,loop_seattle/5T/short,Toto-2.0-2.5B,toto2,Toto-2.0-2.5B,2454.281792,2454.281792,720,controlled,shared_origin_v1:Hmax=720,720,720,4096,controlled,94320,104400,4096,4096,256,256,100,[],merged,2,323,3488400,197305397.9755218,,100,,float32,native_horizon,720,,direct_full_horizon,89.67217707258342,89.67217707258342,5.299061451883385,0.8386407165211613,0.17251681633682348,0.11926242705455492,6.270026702619833,9.469539432970508,0.16742340400678013,0.09368849589732627,0.07386117145970329,0.8386407165211613,1.2506857542723633,0.6705447100971214,-0.3996648967577724,0.07386117145970329,0.12716656793492073,0.5808222448647256,-0.5433105158180677,Transport,1
loop_seattle/H/short|H=48|L=128|Hsrc=controlled|Lsrc=controlled|origins=shared_origin_v1:Hmax=720,joint-scaling,release,standard_hl_shared_origin_v1,loop_seattle/H/short,Toto-2.0-2.5B,toto2,Toto-2.0-2.5B,2454.281792,2454.281792,48,controlled,shared_origin_v1:Hmax=720,720,720,128,controlled,7320,8040,128,128,256,256,100,[],merged,2,323,31008,1656976.6854760647,,100,,float32,native_horizon,48,,direct_full_horizon,138.4335373129515,138.4335373129515,6.662474767096395,1.3857637931682227,0.2777656027653146,0.1543948347723521,11.704789269974388,11.765778228105079,0.22018007525088523,0.12467889221915623,0.09918721435836272,1.3857637931682227,1.344619756005659,1.0305990128278248,0.030140199049918204,0.09918721435836272,0.1135796516928088,0.8732833115796804,-0.13549524935264357,Transport,1
loop_seattle/H/short|H=48|L=256|Hsrc=controlled|Lsrc=controlled|origins=shared_origin_v1:Hmax=720,joint-scaling,release,standard_hl_shared_origin_v1,loop_seattle/H/short,Toto-2.0-2.5B,toto2,Toto-2.0-2.5B,2454.281792,2454.281792,48,controlled,shared_origin_v1:Hmax=720,720,720,256,controlled,7320,8040,256,256,256,256,100,[],merged,2,323,31008,1656976.6854760647,,100,,float32,native_horizon,48,,direct_full_horizon,100.32660976602813,100.32660976602813,5.2599783032302145,1.082855785261553,0.21142714336068513,0.12606012169175596,8.414388513180576,10.016317175790117,0.18744135974228615,0.09843313346301065,0.07678433488176588,1.082855785261553,1.344619756005659,0.8053249109460472,-0.2165094669125878,0.07678433488176588,0.1135796516928088,0.6760395346997478,-0.391503721365603,Transport,1
loop_seattle/H/short|H=48|L=512|Hsrc=controlled|Lsrc=controlled|origins=shared_origin_v1:Hmax=720,joint-scaling,release,standard_hl_shared_origin_v1,loop_seattle/H/short,Toto-2.0-2.5B,toto2,Toto-2.0-2.5B,2454.281792,2454.281792,48,controlled,shared_origin_v1:Hmax=720,720,720,512,controlled,7320,8040,512,512,256,256,100,[],merged,2,323,31008,1656976.6854760647,,100,,float32,native_horizon,48,,direct_full_horizon,39.02813134916796,39.02813134916796,3.4320938220580173,0.7249739111950454,0.10999417378806477,0.08852213996359684,5.894549926149105,6.247249902890708,0.11690853992503766,0.06422683322414936,0.05144962706630178,0.7249739111950454,1.344619756005659,0.5391664877427208,-0.6177308731280051,0.05144962706630178,0.1135796516928088,0.4529827860843781,-0.7919011540348492,Transport,1
loop_seattle/H/short|H=48|L=1024|Hsrc=controlled|Lsrc=controlled|origins=shared_origin_v1:Hmax=720,joint-scaling,release,standard_hl_shared_origin_v1,loop_seattle/H/short,Toto-2.0-2.5B,toto2,Toto-2.0-2.5B,2454.281792,2454.281792,48,controlled,shared_origin_v1:Hmax=720,720,720,1024,controlled,7320,8040,1024,1024,256,256,100,[],merged,2,323,31008,1656976.6854760647,,100,,float32,native_horizon,48,,direct_full_horizon,38.711159720878484,38.711159720878484,3.335739812860794,0.7039328543618593,0.11035307026992026,0.08606165973517671,5.446197996006658,6.221829290560653,0.11643282873728256,0.06242370277374771,0.049411435279403775,0.7039328543618593,1.344619756005659,0.5235181553876386,-0.6471835684942305,0.049411435279403775,0.1135796516928088,0.435037742614703,-0.8323224870257847,Transport,1
loop_seattle/H/short|H=48|L=2048|Hsrc=controlled|Lsrc=controlled|origins=shared_origin_v1:Hmax=720,joint-scaling,release,standard_hl_shared_origin_v1,loop_seattle/H/short,Toto-2.0-2.5B,toto2,Toto-2.0-2.5B,2454.281792,2454.281792,48,controlled,shared_origin_v1:Hmax=720,720,720,2048,controlled,7320,8040,2048,2048,256,256,100,[],merged,2,323,31008,1656976.6854760647,,100,,float32,native_horizon,48,,direct_full_horizon,38.413080898477816,38.413080898477816,3.301138737130337,0.6953264451386333,0.1089512635064691,0.08550089923712983,5.252688210861316,6.197828724519403,0.1159836917286992,0.06177619206001564,0.04853250520280317,0.6953264451386333,1.344619756005659,0.5171175286046495,-0.6594851022534001,0.04853250520280317,0.1135796516928088,0.42729929595193467,-0.8502705840004128,Transport,1
loop_seattle/H/short|H=48|L=4096|Hsrc=controlled|Lsrc=controlled|origins=shared_origin_v1:Hmax=720,joint-scaling,release,standard_hl_shared_origin_v1,loop_seattle/H/short,Toto-2.0-2.5B,toto2,Toto-2.0-2.5B,2454.281792,2454.281792,48,controlled,shared_origin_v1:Hmax=720,720,720,4096,controlled,7320,8040,4096,4096,256,256,100,[],merged,2,323,31008,1656976.6854760647,,100,,float32,native_horizon,48,,direct_full_horizon,37.703752862164606,37.703752862164606,3.268731746142125,0.6887776382187023,0.10686308385417927,0.08460605255221434,5.171832302852526,6.140338171645321,0.11490783648031508,0.06116974057197084,0.047903611460370546,0.6887776382187023,1.344619756005659,0.5122471502759949,-0.6689480550294176,0.047903611460370546,0.1135796516928088,0.42176226768094166,-0.8633134704131391,Transport,1
loop_seattle/H/short|H=96|L=128|Hsrc=controlled|Lsrc=controlled|origins=shared_origin_v1:Hmax=720,joint-scaling,release,standard_hl_shared_origin_v1,loop_seattle/H/short,Toto-2.0-2.5B,toto2,Toto-2.0-2.5B,2454.281792,2454.281792,96,controlled,shared_origin_v1:Hmax=720,720,720,128,controlled,7320,8040,128,128,256,256,100,[],merged,2,323,62016,3347817.30120945,,100,,float32,native_horizon,96,,direct_full_horizon,174.46219523993807,174.46219523993807,7.8857380932944725,1.6121560923235734,0.30511074833825647,0.17120365756953096,16.660613051616718,13.2084138048419,0.2446767301863071,0.14607784403798743,0.12049398993103548,1.6121560923235734,1.493892268216058,1.0791648947007009,0.07618749638001387,0.12049398993103548,0.1278238151544749,0.9426568107470322,-0.05905299604873216,Transport,1
loop_seattle/H/short|H=96|L=256|Hsrc=controlled|Lsrc=controlled|origins=shared_origin_v1:Hmax=720,joint-scaling,release,standard_hl_shared_origin_v1,loop_seattle/H/short,Toto-2.0-2.5B,toto2,Toto-2.0-2.5B,2454.281792,2454.281792,96,controlled,shared_origin_v1:Hmax=720,720,720,256,controlled,7320,8040,256,256,256,256,100,[],merged,2,323,62016,3347817.30120945,,100,,float32,native_horizon,96,,direct_full_horizon,88.98040324271156,88.98040324271156,5.03264621856658,1.0327625024173968,0.19571263379233786,0.11874205212351953,8.548542549318242,9.432942448817949,0.1747387346061436,0.09322629038862798,0.0731880591848035,1.0327625024173968,1.493892268216058,0.6913232797239639,-0.36914772131372253,0.0731880591848035,0.1278238151544749,0.5725698227388678,-0.5576205898744683,Transport,1
loop_seattle/H/short|H=96|L=512|Hsrc=controlled|Lsrc=controlled|origins=shared_origin_v1:Hmax=720,joint-scaling,release,standard_hl_shared_origin_v1,loop_seattle/H/short,Toto-2.0-2.5B,toto2,Toto-2.0-2.5B,2454.281792,2454.281792,96,controlled,shared_origin_v1:Hmax=720,720,720,512,controlled,7320,8040,512,512,256,256,100,[],merged,2,323,62016,3347817.30120945,,100,,float32,native_horizon,96,,direct_full_horizon,44.27427800890093,44.27427800890093,3.5630622918883836,0.7520719150726177,0.11551791349554702,0.08829753735978291,6.719280206985075,6.653891944486395,0.12325874613294847,0.06600326457896086,0.05318712979116899,0.7520719150726177,1.493892268216058,0.5034311583730932,-0.6863083023420143,0.05318712979116899,0.1278238151544749,0.41609718601257845,-0.8768364257832841,Transport,1
loop_seattle/H/short|H=96|L=1024|Hsrc=controlled|Lsrc=controlled|origins=shared_origin_v1:Hmax=720,joint-scaling,release,standard_hl_shared_origin_v1,loop_seattle/H/short,Toto-2.0-2.5B,toto2,Toto-2.0-2.5B,2454.281792,2454.281792,96,controlled,shared_origin_v1:Hmax=720,720,720,1024,controlled,7320,8040,1024,1024,256,256,100,[],merged,2,323,62016,3347817.30120945,,100,,float32,native_horizon,96,,direct_full_horizon,42.78891460469879,42.78891460469879,3.4343107398695496,0.724523209028305,0.11255592999689597,0.08525517702840799,6.535624692170639,6.54132361259545,0.12117349564212067,0.0636182311283256,0.050942524105764705,0.724523209028305,1.493892268216058,0.484990266328575,-0.723626457671666,0.050942524105764705,0.1278238151544749,0.39853703352697406,-0.919954852756196,Transport,1
loop_seattle/H/short|H=96|L=2048|Hsrc=controlled|Lsrc=controlled|origins=shared_origin_v1:Hmax=720,joint-scaling,release,standard_hl_shared_origin_v1,loop_seattle/H/short,Toto-2.0-2.5B,toto2,Toto-2.0-2.5B,2454.281792,2454.281792,96,controlled,shared_origin_v1:Hmax=720,720,720,2048,controlled,7320,8040,2048,2048,256,256,100,[],merged,2,323,62016,3347817.30120945,,100,,float32,native_horizon,96,,direct_full_horizon,43.28815547600619,43.28815547600619,3.4175391418645993,0.7211995108528715,0.11265163008273571,0.08464917900392514,6.347586047366484,6.579373486587168,0.12187834324076888,0.06330754887529487,0.0504868982519885,0.7211995108528715,1.493892268216058,0.48276540832097414,-0.7282244403766112,0.0504868982519885,0.1278238151544749,0.3949725502323268,-0.9289390095784883,Transport,1
loop_seattle/H/short|H=96|L=4096|Hsrc=controlled|Lsrc=controlled|origins=shared_origin_v1:Hmax=720,joint-scaling,release,standard_hl_shared_origin_v1,loop_seattle/H/short,Toto-2.0-2.5B,toto2,Toto-2.0-2.5B,2454.281792,2454.281792,96,controlled,shared_origin_v1:Hmax=720,720,720,4096,controlled,7320,8040,4096,4096,256,256,100,[],merged,2,323,62016,3347817.30120945,,100,,float32,native_horizon,96,,direct_full_horizon,42.73180459478199,42.73180459478199,3.399785312459688,0.7175327361239937,0.11100972080132294,0.08413011001728636,6.199235750456367,6.536956829808653,0.1210926040112637,0.06297867146493641,0.05008500414093694,0.7175327361239937,1.493892268216058,0.4803108975059095,-0.7333216816120354,0.05008500414093694,0.1278238151544749,0.39182842477678576,-0.9369312269026865,Transport,1
loop_seattle/H/short|H=192|L=128|Hsrc=controlled|Lsrc=controlled|origins=shared_origin_v1:Hmax=720,joint-scaling,release,standard_hl_shared_origin_v1,loop_seattle/H/short,Toto-2.0-2.5B,toto2,Toto-2.0-2.5B,2454.281792,2454.281792,192,controlled,shared_origin_v1:Hmax=720,720,720,128,controlled,7320,8040,128,128,256,256,100,[],merged,2,323,124032,6757989.810523033,,100,,float32,native_horizon,192,,direct_full_horizon,163.39319087009804,163.39319087009804,7.712039849091363,1.5810533154415176,0.28635777334679763,0.16812242049304815,22.83588208694291,12.782534602734234,0.23460279998907357,0.1415420492456275,0.12367664522743502,1.5810533154415176,1.4321323015188605,1.1039855143024968,0.09892682666601028,0.12367664522743502,0.135466303338544,0.9129698100519843,-0.09105246568965328,Transport,1
loop_seattle/H/short|H=192|L=256|Hsrc=controlled|Lsrc=controlled|origins=shared_origin_v1:Hmax=720,joint-scaling,release,standard_hl_shared_origin_v1,loop_seattle/H/short,Toto-2.0-2.5B,toto2,Toto-2.0-2.5B,2454.281792,2454.281792,192,controlled,shared_origin_v1:Hmax=720,720,720,256,controlled,7320,8040,256,256,256,256,100,[],merged,2,323,124032,6757989.810523033,,100,,float32,native_horizon,192,,direct_full_horizon,130.92237083978327,130.92237083978327,6.58030469203512,1.3590360867963756,0.2602949624706225,0.14883321579026734,13.249334069146974,11.442131394097135,0.21000186162796505,0.12077087631763281,0.09815739483969772,1.3590360867963756,1.4321323015188605,0.9489598728797877,-0.052388764849127474,0.09815739483969772,0.135466303338544,0.7245890115890478,-0.32215066543183035,Transport,1
loop_seattle/H/short|H=192|L=512|Hsrc=controlled|Lsrc=controlled|origins=shared_origin_v1:Hmax=720,joint-scaling,release,standard_hl_shared_origin_v1,loop_seattle/H/short,Toto-2.0-2.5B,toto2,Toto-2.0-2.5B,2454.281792,2454.281792,192,controlled,shared_origin_v1:Hmax=720,720,720,512,controlled,7320,8040,512,512,256,256,100,[],merged,2,323,124032,6757989.810523033,,100,,float32,native_horizon,192,,direct_full_horizon,50.51752420746259,50.51752420746259,3.8997540075343458,0.8208277776130692,0.13011707979090073,0.0948124650339101,6.873559750288475,7.107568093761929,0.13044794539831528,0.07157369315788663,0.05727791277873929,0.8208277776130692,1.4321323015188605,0.573150802298456,-0.5566064166167137,0.05727791277873929,0.135466303338544,0.4228203720566286,-0.8608078424745973,Transport,1
loop_seattle/H/short|H=192|L=1024|Hsrc=controlled|Lsrc=controlled|origins=shared_origin_v1:Hmax=720,joint-scaling,release,standard_hl_shared_origin_v1,loop_seattle/H/short,Toto-2.0-2.5B,toto2,Toto-2.0-2.5B,2454.281792,2454.281792,192,controlled,shared_origin_v1:Hmax=720,720,720,1024,controlled,7320,8040,1024,1024,256,256,100,[],merged,2,323,124032,6757989.810523033,,100,,float32,native_horizon,192,,direct_full_horizon,43.88333655830753,43.88333655830753,3.5660273155314757,0.7535965572393093,0.11454638214426267,0.08682609367173769,6.436968535609672,6.624449906090885,0.12158109050014589,0.06544867814261593,0.05222364033388561,0.7535965572393093,1.4321323015188605,0.5262059632619667,-0.6420625777492305,0.05222364033388561,0.135466303338544,0.3855101899649055,-0.9531876532155061,Transport,1
loop_seattle/H/short|H=192|L=2048|Hsrc=controlled|Lsrc=controlled|origins=shared_origin_v1:Hmax=720,joint-scaling,release,standard_hl_shared_origin_v1,loop_seattle/H/short,Toto-2.0-2.5B,toto2,Toto-2.0-2.5B,2454.281792,2454.281792,192,controlled,shared_origin_v1:Hmax=720,720,720,2048,controlled,7320,8040,2048,2048,256,256,100,[],merged,2,323,124032,6757989.810523033,,100,,float32,native_horizon,192,,direct_full_horizon,44.713968219894866,44.713968219894866,3.5629552126668926,0.7533984308515321,0.11551967616912873,0.08661598317763385,6.330202180788629,6.6868503961053944,0.1227263508208152,0.0653922946508997,0.052083029145372654,0.7533984308515321,1.4321323015188605,0.5260676196273967,-0.6423255200821306,0.052083029145372654,0.135466303338544,0.38447221088783895,-0.9558837660219153,Transport,1
loop_seattle/H/short|H=192|L=4096|Hsrc=controlled|Lsrc=controlled|origins=shared_origin_v1:Hmax=720,joint-scaling,release,standard_hl_shared_origin_v1,loop_seattle/H/short,Toto-2.0-2.5B,toto2,Toto-2.0-2.5B,2454.281792,2454.281792,192,controlled,shared_origin_v1:Hmax=720,720,720,4096,controlled,7320,8040,4096,4096,256,256,100,[],merged,2,323,124032,6757989.810523033,,100,,float32,native_horizon,192,,direct_full_horizon,44.86901565724974,44.86901565724974,3.5619634386186627,0.7531157501936634,0.11491995280987215,0.08640424336688314,6.299659497711583,6.698433821218938,0.12293894590070803,0.0653740922383186,0.052032603026392274,0.7531157501936634,1.4321323015188605,0.5258702351695719,-0.6427007978787063,0.052032603026392274,0.135466303338544,0.38409996983794215,-0.9568524221568571,Transport,1
loop_seattle/H/short|H=336|L=128|Hsrc=controlled|Lsrc=controlled|origins=shared_origin_v1:Hmax=720,joint-scaling,release,standard_hl_shared_origin_v1,loop_seattle/H/short,Toto-2.0-2.5B,toto2,Toto-2.0-2.5B,2454.281792,2454.281792,336,controlled,shared_origin_v1:Hmax=720,720,720,128,controlled,7320,8040,128,128,256,256,100,[],merged,2,323,217056,11889516.385464072,,100,,float32,native_horizon,336,,direct_full_horizon,162.97562610570543,162.97562610570543,7.84338279925457,1.6092114317639528,0.28108734531281676,0.1686274413072692,26.3060375192078,12.766190743745975,0.23306063999897245,0.14318944872782138,0.12947096719489162,1.6092114317639528,1.4759900186073378,1.0902590203708256,0.0864153013784457,0.12947096719489162,0.15223418257634255,0.8504723775158999,-0.16196334560909004,Transport,1
loop_seattle/H/short|H=336|L=256|Hsrc=controlled|Lsrc=controlled|origins=shared_origin_v1:Hmax=720,joint-scaling,release,standard_hl_shared_origin_v1,loop_seattle/H/short,Toto-2.0-2.5B,toto2,Toto-2.0-2.5B,2454.281792,2454.281792,336,controlled,shared_origin_v1:Hmax=720,720,720,256,controlled,7320,8040,256,256,256,256,100,[],merged,2,323,217056,11889516.385464072,,100,,float32,native_horizon,336,,direct_full_horizon,162.97562610570543,162.97562610570543,7.84338279925457,1.6092114317639528,0.28108734531281676,0.1686274413072692,26.3060375192078,12.766190743745975,0.23306063999897245,0.14318944872782138,0.12947096719489162,1.6092114317639528,1.4759900186073378,1.0902590203708256,0.0864153013784457,0.12947096719489162,0.15223418257634255,0.8504723775158999,-0.16196334560909004,Transport,1
loop_seattle/H/short|H=336|L=512|Hsrc=controlled|Lsrc=controlled|origins=shared_origin_v1:Hmax=720,joint-scaling,release,standard_hl_shared_origin_v1,loop_seattle/H/short,Toto-2.0-2.5B,toto2,Toto-2.0-2.5B,2454.281792,2454.281792,336,controlled,shared_origin_v1:Hmax=720,720,720,512,controlled,7320,8040,512,512,256,256,100,[],merged,2,323,217056,11889516.385464072,,100,,float32,native_horizon,336,,direct_full_horizon,87.66360927594722,87.66360927594722,5.160035601411617,1.0682137857491254,0.1890225124345071,0.11899369476151891,9.168156901935944,9.36288466638072,0.17092960119307746,0.09420203910642774,0.07512506973360134,1.0682137857491254,1.4759900186073378,0.7237269712413317,-0.3233410692659832,0.07512506973360134,0.15223418257634255,0.49348358208530163,-0.7062656889795281,Transport,1
loop_seattle/H/short|H=336|L=1024|Hsrc=controlled|Lsrc=controlled|origins=shared_origin_v1:Hmax=720,joint-scaling,release,standard_hl_shared_origin_v1,loop_seattle/H/short,Toto-2.0-2.5B,toto2,Toto-2.0-2.5B,2454.281792,2454.281792,336,controlled,shared_origin_v1:Hmax=720,720,720,1024,controlled,7320,8040,1024,1024,256,256,100,[],merged,2,323,217056,11889516.385464072,,100,,float32,native_horizon,336,,direct_full_horizon,44.7648066627967,44.7648066627967,3.6263044948653804,0.7685906863121292,0.11293046263208717,0.08667437713546562,6.539493596500856,6.690650690538006,0.1221450754768217,0.0662021164628537,0.052977719789432144,0.7685906863121292,1.4759900186073378,0.5207289186395235,-0.652525682349847,0.052977719789432144,0.15223418257634255,0.348001473078261,-1.055548566233113,Transport,1
loop_seattle/H/short|H=336|L=2048|Hsrc=controlled|Lsrc=controlled|origins=shared_origin_v1:Hmax=720,joint-scaling,release,standard_hl_shared_origin_v1,loop_seattle/H/short,Toto-2.0-2.5B,toto2,Toto-2.0-2.5B,2454.281792,2454.281792,336,controlled,shared_origin_v1:Hmax=720,720,720,2048,controlled,7320,8040,2048,2048,256,256,100,[],merged,2,323,217056,11889516.385464072,,100,,float32,native_horizon,336,,direct_full_horizon,45.25521322838346,45.25521322838346,3.614135832170039,0.7664233266806597,0.11329052157586925,0.08636912486905741,6.3032968213598055,6.727199508590737,0.1228123137390064,0.06597996434460363,0.05250029117679779,0.7664233266806597,1.4759900186073378,0.5192605078751238,-0.6553495797910512,0.05250029117679779,0.15223418257634255,0.34486532714470935,-1.0646012942618452,Transport,1
loop_seattle/H/short|H=336|L=4096|Hsrc=controlled|Lsrc=controlled|origins=shared_origin_v1:Hmax=720,joint-scaling,release,standard_hl_shared_origin_v1,loop_seattle/H/short,Toto-2.0-2.5B,toto2,Toto-2.0-2.5B,2454.281792,2454.281792,336,controlled,shared_origin_v1:Hmax=720,720,720,4096,controlled,7320,8040,4096,4096,256,256,100,[],merged,2,323,217056,11889516.385464072,,100,,float32,native_horizon,336,,direct_full_horizon,45.63073671080274,45.63073671080274,3.619351939994748,0.7680076560929199,0.11284362442036848,0.08617382339191844,6.2984966328465655,6.755052680090863,0.12332080355449819,0.06607519004288216,0.05260356168999468,0.7680076560929199,1.4759900186073378,0.5203339090447029,-0.6532845407074264,0.05260356168999468,0.15223418257634255,0.3455436932741107,-1.0626361798799613,Transport,1
loop_seattle/H/short|H=720|L=128|Hsrc=controlled|Lsrc=controlled|origins=shared_origin_v1:Hmax=720,joint-scaling,release,standard_hl_shared_origin_v1,loop_seattle/H/short,Toto-2.0-2.5B,toto2,Toto-2.0-2.5B,2454.281792,2454.281792,720,controlled,shared_origin_v1:Hmax=720,720,720,128,controlled,7320,8040,128,128,256,256,100,[],merged,2,323,465120,26026034.384654045,,100,,float32,native_horizon,720,,direct_full_horizon,161.45882352941177,161.45882352941177,7.863218698937908,1.6125061760498172,0.2670197971424041,0.16577257931252956,29.8628018218773,12.706644857294618,0.22708471712116482,0.1405262218283439,0.1314373145324817,1.6125061760498172,1.546026875629892,1.0430000936386308,0.04210126579680085,0.1314373145324817,0.1870944876868091,0.7025183700361287,-0.35308372859850795,Transport,1
loop_seattle/H/short|H=720|L=256|Hsrc=controlled|Lsrc=controlled|origins=shared_origin_v1:Hmax=720,joint-scaling,release,standard_hl_shared_origin_v1,loop_seattle/H/short,Toto-2.0-2.5B,toto2,Toto-2.0-2.5B,2454.281792,2454.281792,720,controlled,shared_origin_v1:Hmax=720,720,720,256,controlled,7320,8040,256,256,256,256,100,[],merged,2,323,465120,26026034.384654045,,100,,float32,native_horizon,720,,direct_full_horizon,161.45882352941177,161.45882352941177,7.863218698937908,1.6125061760498172,0.2670197971424041,0.16577257931252956,29.8628018218773,12.706644857294618,0.22708471712116482,0.1405262218283439,0.1314373145324817,1.6125061760498172,1.546026875629892,1.0430000936386308,0.04210126579680085,0.1314373145324817,0.1870944876868091,0.7025183700361287,-0.35308372859850795,Transport,1
loop_seattle/H/short|H=720|L=512|Hsrc=controlled|Lsrc=controlled|origins=shared_origin_v1:Hmax=720,joint-scaling,release,standard_hl_shared_origin_v1,loop_seattle/H/short,Toto-2.0-2.5B,toto2,Toto-2.0-2.5B,2454.281792,2454.281792,720,controlled,shared_origin_v1:Hmax=720,720,720,512,controlled,7320,8040,512,512,256,256,100,[],merged,2,323,465120,26026034.384654045,,100,,float32,native_horizon,720,,direct_full_horizon,161.45882352941177,161.45882352941177,7.863218698937908,1.6125061760498172,0.2670197971424041,0.16577257931252956,29.8628018218773,12.706644857294618,0.22708471712116482,0.1405262218283439,0.1314373145324817,1.6125061760498172,1.546026875629892,1.0430000936386308,0.04210126579680085,0.1314373145324817,0.1870944876868091,0.7025183700361287,-0.35308372859850795,Transport,1
loop_seattle/H/short|H=720|L=1024|Hsrc=controlled|Lsrc=controlled|origins=shared_origin_v1:Hmax=720,joint-scaling,release,standard_hl_shared_origin_v1,loop_seattle/H/short,Toto-2.0-2.5B,toto2,Toto-2.0-2.5B,2454.281792,2454.281792,720,controlled,shared_origin_v1:Hmax=720,720,720,1024,controlled,7320,8040,1024,1024,256,256,100,[],merged,2,323,465120,26026034.384654045,,100,,float32,native_horizon,720,,direct_full_horizon,62.33272112573099,62.33272112573099,4.396374557909787,0.9185770868858164,0.13143343825417367,0.10124468677102146,7.796537793662037,7.895107416984964,0.14109611581675696,0.07856908602183042,0.0632478452013247,0.9185770868858164,1.546026875629892,0.5941533755754174,-0.5206177849100275,0.0632478452013247,0.1870944876868091,0.33805295914008865,-1.084552711926334,Transport,1
loop_seattle/H/short|H=720|L=2048|Hsrc=controlled|Lsrc=controlled|origins=shared_origin_v1:Hmax=720,joint-scaling,release,standard_hl_shared_origin_v1,loop_seattle/H/short,Toto-2.0-2.5B,toto2,Toto-2.0-2.5B,2454.281792,2454.281792,720,controlled,shared_origin_v1:Hmax=720,720,720,2048,controlled,7320,8040,2048,2048,256,256,100,[],merged,2,323,465120,26026034.384654045,,100,,float32,native_horizon,720,,direct_full_horizon,57.68388372893017,57.68388372893017,4.044499739314586,0.8481241196788428,0.12046848293182405,0.09312216093091567,6.661655117635669,7.594990699726377,0.1357326291837868,0.07228061297956384,0.057372586405284066,0.8481241196788428,1.546026875629892,0.5485830376223536,-0.6004166203471814,0.057372586405284066,0.1870944876868091,0.30665033007986936,-1.1820471705048232,Transport,1
loop_seattle/H/short|H=720|L=4096|Hsrc=controlled|Lsrc=controlled|origins=shared_origin_v1:Hmax=720,joint-scaling,release,standard_hl_shared_origin_v1,loop_seattle/H/short,Toto-2.0-2.5B,toto2,Toto-2.0-2.5B,2454.281792,2454.281792,720,controlled,shared_origin_v1:Hmax=720,720,720,4096,controlled,7320,8040,4096,4096,256,256,100,[],merged,2,323,465120,26026034.384654045,,100,,float32,native_horizon,720,,direct_full_horizon,57.89871592277262,57.89871592277262,4.021326687199003,0.8429144210217837,0.11946103647479414,0.09261047709714025,6.613898983641488,7.609120574860975,0.1359851489271127,0.07186647958372253,0.05701704272559494,0.8429144210217837,1.546026875629892,0.5452133040561524,-0.6065781773002011,0.05701704272559494,0.1870944876868091,0.30474998718850477,-1.188263552660118,Transport,1
m_dense/H/short|H=48|L=128|Hsrc=controlled|Lsrc=controlled|origins=shared_origin_v1:Hmax=720,joint-scaling,release,standard_hl_shared_origin_v1,m_dense/H/short,Toto-2.0-2.5B,toto2,Toto-2.0-2.5B,2454.281792,2454.281792,48,controlled,shared_origin_v1:Hmax=720,720,720,128,controlled,15360,16800,128,128,256,256,100,[],merged,2,30,4320,2481933.9528036118,,100,,float32,native_horizon,48,,direct_full_horizon,114682.25925925926,114682.25925925926,156.52586805555555,1.2236057780270118,0.45517292006530596,0.32081868207013164,7.729742247481491,338.64769194438526,0.589442772055709,0.27244550534318956,0.21257724726173538,1.2236057780270118,1.1204480776464614,1.0920682559402812,0.08807338080914767,0.21257724726173538,0.2198618001220286,0.9668675829259556,-0.03369372886617648,Transport,1
m_dense/H/short|H=48|L=256|Hsrc=controlled|Lsrc=controlled|origins=shared_origin_v1:Hmax=720,joint-scaling,release,standard_hl_shared_origin_v1,m_dense/H/short,Toto-2.0-2.5B,toto2,Toto-2.0-2.5B,2454.281792,2454.281792,48,controlled,shared_origin_v1:Hmax=720,720,720,256,controlled,15360,16800,256,256,256,256,100,[],merged,2,30,4320,2481933.9528036118,,100,,float32,native_horizon,48,,direct_full_horizon,17862.17037037037,17862.17037037037,67.61655454282408,0.5892721389439137,0.23574665172160753,0.18322043242277922,5.159431394727473,133.64943086437134,0.23262727869204078,0.1176918971977629,0.0973553852601728,0.5892721389439137,1.1204480776464614,0.5259254317091601,-0.6425958411054906,0.0973553852601728,0.2198618001220286,0.44280263877644144,-0.814631118869022,Transport,1
m_dense/H/short|H=48|L=512|Hsrc=controlled|Lsrc=controlled|origins=shared_origin_v1:Hmax=720,joint-scaling,release,standard_hl_shared_origin_v1,m_dense/H/short,Toto-2.0-2.5B,toto2,Toto-2.0-2.5B,2454.281792,2454.281792,48,controlled,shared_origin_v1:Hmax=720,720,720,512,controlled,15360,16800,512,512,256,256,100,[],merged,2,30,4320,2481933.9528036118,,100,,float32,native_horizon,48,,direct_full_horizon,12518.065277777778,12518.065277777778,56.86720377604167,0.49067654795036514,0.18587493673818467,0.15305393360279224,4.018697015513011,111.88416008433802,0.19474312401357666,0.0989818121610341,0.07901206926631499,0.49067654795036514,1.1204480776464614,0.4379288587660819,-0.8256988047062088,0.07901206926631499,0.2198618001220286,0.359371519847747,-1.0233985513793329,Transport,1
m_dense/H/short|H=48|L=1024|Hsrc=controlled|Lsrc=controlled|origins=shared_origin_v1:Hmax=720,joint-scaling,release,standard_hl_shared_origin_v1,m_dense/H/short,Toto-2.0-2.5B,toto2,Toto-2.0-2.5B,2454.281792,2454.281792,48,controlled,shared_origin_v1:Hmax=720,720,720,1024,controlled,15360,16800,1024,1024,256,256,100,[],merged,2,30,4320,2481933.9528036118,,100,,float32,native_horizon,48,,direct_full_horizon,10822.779166666667,10822.779166666667,53.70398401331018,0.47281945763040745,0.1830836152962044,0.14757279996518735,4.016160783807361,104.03258704207383,0.18107684755836864,0.0934759809685627,0.07592094696548674,0.47281945763040745,1.1204480776464614,0.42199140420998404,-0.8627703343242336,0.07592094696548674,0.2198618001220286,0.3453121320909261,-1.0633065402745743,Transport,1
m_dense/H/short|H=48|L=2048|Hsrc=controlled|Lsrc=controlled|origins=shared_origin_v1:Hmax=720,joint-scaling,release,standard_hl_shared_origin_v1,m_dense/H/short,Toto-2.0-2.5B,toto2,Toto-2.0-2.5B,2454.281792,2454.281792,48,controlled,shared_origin_v1:Hmax=720,720,720,2048,controlled,15360,16800,2048,2048,256,256,100,[],merged,2,30,4320,2481933.9528036118,,100,,float32,native_horizon,48,,direct_full_horizon,10083.160185185185,10083.160185185185,50.75026945891204,0.45171236821855154,0.16884143458350795,0.13957573219581887,3.7592727833150277,100.41494004970168,0.17478005026068316,0.08833480996335277,0.07204246908660557,0.45171236821855154,1.1204480776464614,0.40315332520127883,-0.9084383298353161,0.07204246908660557,0.2198618001220286,0.327671605738788,-1.11574337415141,Transport,1
m_dense/H/short|H=48|L=4096|Hsrc=controlled|Lsrc=controlled|origins=shared_origin_v1:Hmax=720,joint-scaling,release,standard_hl_shared_origin_v1,m_dense/H/short,Toto-2.0-2.5B,toto2,Toto-2.0-2.5B,2454.281792,2454.281792,48,controlled,shared_origin_v1:Hmax=720,720,720,4096,controlled,15360,16800,4096,4096,256,256,100,[],merged,2,30,4320,2481933.9528036118,,100,,float32,native_horizon,48,,direct_full_horizon,10889.856944444444,10889.856944444444,52.856193938078704,0.4693805169224339,0.17538106200491924,0.145243446915238,3.7430783630305196,104.3544773569608,0.18163712280612088,0.09200033609055824,0.07404628727378541,0.4693805169224339,1.1204480776464614,0.41892214934973454,-0.8700701773977766,0.07404628727378541,0.2198618001220286,0.33678559546354997,-1.0883087663422648,Transport,1
m_dense/H/short|H=96|L=128|Hsrc=controlled|Lsrc=controlled|origins=shared_origin_v1:Hmax=720,joint-scaling,release,standard_hl_shared_origin_v1,m_dense/H/short,Toto-2.0-2.5B,toto2,Toto-2.0-2.5B,2454.281792,2454.281792,96,controlled,shared_origin_v1:Hmax=720,720,720,128,controlled,15360,16800,128,128,256,256,100,[],merged,2,30,8640,5043646.119029522,,100,,float32,native_horizon,96,,direct_full_horizon,171695.6074074074,171695.6074074074,195.7759403935185,1.567136106905747,0.5799920088416488,0.4387121695059317,15.773338560151121,414.36168670306307,0.7098208099110908,0.33537327660995225,0.2810819897824747,1.567136106905747,1.6112164314292674,0.9726415870247687,-0.027739623315873076,0.2810819897824747,0.288525055629236,0.97420305203467,-0.02613552475207913,Transport,1
m_dense/H/short|H=96|L=256|Hsrc=controlled|Lsrc=controlled|origins=shared_origin_v1:Hmax=720,joint-scaling,release,standard_hl_shared_origin_v1,m_dense/H/short,Toto-2.0-2.5B,toto2,Toto-2.0-2.5B,2454.281792,2454.281792,96,controlled,shared_origin_v1:Hmax=720,720,720,256,controlled,15360,16800,256,256,256,256,100,[],merged,2,30,8640,5043646.119029522,,100,,float32,native_horizon,96,,direct_full_horizon,19827.97685185185,19827.97685185185,70.97190031828704,0.618883658224132,0.23327040427043216,0.18250784697356048,5.596053275860285,140.811849117366,0.24121723603561193,0.12157816077468753,0.10049213531307634,0.618883658224132,1.6112164314292674,0.3841095746988732,-0.9568274163208846,0.10049213531307634,0.288525055629236,0.3482960434542363,-1.0547024612663292,Transport,1
m_dense/H/short|H=96|L=512|Hsrc=controlled|Lsrc=controlled|origins=shared_origin_v1:Hmax=720,joint-scaling,release,standard_hl_shared_origin_v1,m_dense/H/short,Toto-2.0-2.5B,toto2,Toto-2.0-2.5B,2454.281792,2454.281792,96,controlled,shared_origin_v1:Hmax=720,720,720,512,controlled,15360,16800,512,512,256,256,100,[],merged,2,30,8640,5043646.119029522,,100,,float32,native_horizon,96,,direct_full_horizon,20848.937962962962,20848.937962962962,64.24269748263889,0.5492191393380847,0.1877522247909168,0.16268299950493706,4.589657959191618,144.39161320160864,0.24734953813570607,0.11005072385149849,0.08902525977366031,0.5492191393380847,1.6112164314292674,0.34087235496406093,-1.0762471973945327,0.08902525977366031,0.288525055629236,0.30855295939379573,-1.1758617829669535,Transport,1
m_dense/H/short|H=96|L=1024|Hsrc=controlled|Lsrc=controlled|origins=shared_origin_v1:Hmax=720,joint-scaling,release,standard_hl_shared_origin_v1,m_dense/H/short,Toto-2.0-2.5B,toto2,Toto-2.0-2.5B,2454.281792,2454.281792,96,controlled,shared_origin_v1:Hmax=720,720,720,1024,controlled,15360,16800,1024,1024,256,256,100,[],merged,2,30,8640,5043646.119029522,,100,,float32,native_horizon,96,,direct_full_horizon,15163.28287037037,15163.28287037037,58.570207609953705,0.5114762479714947,0.17673562449433233,0.1520326402452257,4.4202677495339975,123.13928240155686,0.21094330863842747,0.10033348530157613,0.0818064183580927,0.5114762479714947,1.6112164314292674,0.3174472640635732,-1.1474435718826623,0.0818064183580927,0.288525055629236,0.2835331516692144,-1.2604262255461278,Transport,1
m_dense/H/short|H=96|L=2048|Hsrc=controlled|Lsrc=controlled|origins=shared_origin_v1:Hmax=720,joint-scaling,release,standard_hl_shared_origin_v1,m_dense/H/short,Toto-2.0-2.5B,toto2,Toto-2.0-2.5B,2454.281792,2454.281792,96,controlled,shared_origin_v1:Hmax=720,720,720,2048,controlled,15360,16800,2048,2048,256,256,100,[],merged,2,30,8640,5043646.119029522,,100,,float32,native_horizon,96,,direct_full_horizon,14290.402314814815,14290.402314814815,56.74552589699074,0.4927132785219204,0.17303676243129407,0.14715073903401693,4.1679833633956616,119.54247075752959,0.204781803276831,0.09720772079947948,0.07910953601160105,0.4927132785219204,1.6112164314292674,0.3058020442882695,-1.184817300459587,0.07910953601160105,0.288525055629236,0.274186017706758,-1.2939485062002176,Transport,1
m_dense/H/short|H=96|L=4096|Hsrc=controlled|Lsrc=controlled|origins=shared_origin_v1:Hmax=720,joint-scaling,release,standard_hl_shared_origin_v1,m_dense/H/short,Toto-2.0-2.5B,toto2,Toto-2.0-2.5B,2454.281792,2454.281792,96,controlled,shared_origin_v1:Hmax=720,720,720,4096,controlled,15360,16800,4096,4096,256,256,100,[],merged,2,30,8640,5043646.119029522,,100,,float32,native_horizon,96,,direct_full_horizon,12133.365277777777,12133.365277777777,55.375895182291664,0.4863573174884144,0.1731706634307424,0.14553503813566984,4.143237079169758,110.1515559480563,0.18869473014778654,0.09486147978737672,0.07796107635508116,0.4863573174884144,1.6112164314292674,0.30185722290392714,-1.1978011452404114,0.07796107635508116,0.288525055629236,0.2702055673641864,-1.3085722490636238,Transport,1
m_dense/H/short|H=192|L=128|Hsrc=controlled|Lsrc=controlled|origins=shared_origin_v1:Hmax=720,joint-scaling,release,standard_hl_shared_origin_v1,m_dense/H/short,Toto-2.0-2.5B,toto2,Toto-2.0-2.5B,2454.281792,2454.281792,192,controlled,shared_origin_v1:Hmax=720,720,720,128,controlled,15360,16800,128,128,256,256,100,[],merged,2,30,17280,9801028.528793812,,100,,float32,native_horizon,192,,direct_full_horizon,194494.13333333333,194494.13333333333,216.83226273148148,1.7181078235189724,0.739274656855275,0.5237749452944155,34.10272220173269,441.0148901492254,0.7775446504813388,0.3822926837721507,0.4038059696057223,1.7181078235189724,1.3606427928826206,1.2627177628884039,0.23326635274963337,0.4038059696057223,0.29794983608119385,1.3552817310350247,0.3040093523024275,Transport,1
m_dense/H/short|H=192|L=256|Hsrc=controlled|Lsrc=controlled|origins=shared_origin_v1:Hmax=720,joint-scaling,release,standard_hl_shared_origin_v1,m_dense/H/short,Toto-2.0-2.5B,toto2,Toto-2.0-2.5B,2454.281792,2454.281792,192,controlled,shared_origin_v1:Hmax=720,720,720,256,controlled,15360,16800,256,256,256,256,100,[],merged,2,30,17280,9801028.528793812,,100,,float32,native_horizon,192,,direct_full_horizon,70529.8,70529.8,125.36591435185186,1.0257855469654467,0.3871821813106181,0.27948653609664353,9.013196891545752,265.5744716647291,0.4682291105351258,0.22103016980674006,0.17964360330441126,1.0257855469654467,1.3606427928826206,0.7538977550399143,-0.2824985235644918,0.17964360330441126,0.29794983608119385,0.6029323783734416,-0.5059502305442619,Transport,1
m_dense/H/short|H=192|L=512|Hsrc=controlled|Lsrc=controlled|origins=shared_origin_v1:Hmax=720,joint-scaling,release,standard_hl_shared_origin_v1,m_dense/H/short,Toto-2.0-2.5B,toto2,Toto-2.0-2.5B,2454.281792,2454.281792,192,controlled,shared_origin_v1:Hmax=720,720,720,512,controlled,15360,16800,512,512,256,256,100,[],merged,2,30,17280,9801028.528793812,,100,,float32,native_horizon,192,,direct_full_horizon,38115.101851851854,38115.101851851854,83.97113715277777,0.7084041610985897,0.2712622228219521,0.1987242239492911,6.775159102640048,195.2308936921917,0.3442077362687007,0.14804785495084907,0.12329839376230979,0.7084041610985897,1.3606427928826206,0.5206393366460157,-0.6526977290648762,0.12329839376230979,0.29794983608119385,0.41382266016320257,-0.8823177540216443,Transport,1
m_dense/H/short|H=192|L=1024|Hsrc=controlled|Lsrc=controlled|origins=shared_origin_v1:Hmax=720,joint-scaling,release,standard_hl_shared_origin_v1,m_dense/H/short,Toto-2.0-2.5B,toto2,Toto-2.0-2.5B,2454.281792,2454.281792,192,controlled,shared_origin_v1:Hmax=720,720,720,1024,controlled,15360,16800,1024,1024,256,256,100,[],merged,2,30,17280,9801028.528793812,,100,,float32,native_horizon,192,,direct_full_horizon,36112.30740740741,36112.30740740741,79.75043764467593,0.6798920095936195,0.24958459657961107,0.18868977582013166,6.543373654000275,190.03238515423473,0.3350423484451688,0.14060642293320594,0.11842050851233345,0.6798920095936195,1.3606427928826206,0.4996844235313362,-0.6937785327581352,0.11842050851233345,0.29794983608119385,0.39745116181256385,-0.9226832158006911,Transport,1
m_dense/H/short|H=192|L=2048|Hsrc=controlled|Lsrc=controlled|origins=shared_origin_v1:Hmax=720,joint-scaling,release,standard_hl_shared_origin_v1,m_dense/H/short,Toto-2.0-2.5B,toto2,Toto-2.0-2.5B,2454.281792,2454.281792,192,controlled,shared_origin_v1:Hmax=720,720,720,2048,controlled,15360,16800,2048,2048,256,256,100,[],merged,2,30,17280,9801028.528793812,,100,,float32,native_horizon,192,,direct_full_horizon,39793.346296296295,39793.346296296295,81.88148509837963,0.6960011907342769,0.2542790667528218,0.18982393476698134,6.904796107242281,199.48269673406838,0.35170400631299076,0.14436363064786728,0.12062048473003223,0.6960011907342769,1.3606427928826206,0.5115238138731091,-0.6703611377375218,0.12062048473003223,0.29794983608119385,0.40483487528136153,-0.9042760103687647,Transport,1
m_dense/H/short|H=192|L=4096|Hsrc=controlled|Lsrc=controlled|origins=shared_origin_v1:Hmax=720,joint-scaling,release,standard_hl_shared_origin_v1,m_dense/H/short,Toto-2.0-2.5B,toto2,Toto-2.0-2.5B,2454.281792,2454.281792,192,controlled,shared_origin_v1:Hmax=720,720,720,4096,controlled,15360,16800,4096,4096,256,256,100,[],merged,2,30,17280,9801028.528793812,,100,,float32,native_horizon,192,,direct_full_horizon,34640.62777777778,34640.62777777778,77.54460720486111,0.6669927248986494,0.2485989482258199,0.18406702677408854,6.23066101689043,186.11992848101403,0.32814437328729273,0.13671736681138982,0.11437434289114756,0.6669927248986494,1.3606427928826206,0.490204136153602,-0.7129333702378754,0.11437434289114756,0.29794983608119385,0.38387113883150314,-0.9574483586722494,Transport,1
m_dense/H/short|H=336|L=128|Hsrc=controlled|Lsrc=controlled|origins=shared_origin_v1:Hmax=720,joint-scaling,release,standard_hl_shared_origin_v1,m_dense/H/short,Toto-2.0-2.5B,toto2,Toto-2.0-2.5B,2454.281792,2454.281792,336,controlled,shared_origin_v1:Hmax=720,720,720,128,controlled,15360,16800,128,128,256,256,100,[],merged,2,30,30240,17556057.090857506,,100,,float32,native_horizon,336,,direct_full_horizon,189213.04550264552,189213.04550264552,219.3166583994709,1.7325650712371705,0.7642069905445897,0.5023134423311425,42.2178157440405,434.9862589814137,0.749256191382974,0.3777690922099901,0.42291556638036115,1.7325650712371705,1.4734938128038875,1.1758210697473515,0.16196668632482858,0.42291556638036115,0.336977925961787,1.255024539584588,0.22715512584643593,Transport,1
m_dense/H/short|H=336|L=256|Hsrc=controlled|Lsrc=controlled|origins=shared_origin_v1:Hmax=720,joint-scaling,release,standard_hl_shared_origin_v1,m_dense/H/short,Toto-2.0-2.5B,toto2,Toto-2.0-2.5B,2454.281792,2454.281792,336,controlled,shared_origin_v1:Hmax=720,720,720,256,controlled,15360,16800,256,256,256,256,100,[],merged,2,30,30240,17556057.090857506,,100,,float32,native_horizon,336,,direct_full_horizon,189213.04550264552,189213.04550264552,219.3166583994709,1.7325650712371705,0.7642069905445897,0.5023134423311425,42.2178157440405,434.9862589814137,0.749256191382974,0.3777690922099901,0.42291556638036115,1.7325650712371705,1.4734938128038875,1.1758210697473515,0.16196668632482858,0.42291556638036115,0.336977925961787,1.255024539584588,0.22715512584643593,Transport,1
m_dense/H/short|H=336|L=512|Hsrc=controlled|Lsrc=controlled|origins=shared_origin_v1:Hmax=720,joint-scaling,release,standard_hl_shared_origin_v1,m_dense/H/short,Toto-2.0-2.5B,toto2,Toto-2.0-2.5B,2454.281792,2454.281792,336,controlled,shared_origin_v1:Hmax=720,720,720,512,controlled,15360,16800,512,512,256,256,100,[],merged,2,30,30240,17556057.090857506,,100,,float32,native_horizon,336,,direct_full_horizon,39871.53015873016,39871.53015873016,89.39477926587301,0.7614201072964841,0.28199552168973263,0.21100422692677331,7.129634895042018,199.67856709905087,0.34394282485101924,0.1539809372349199,0.12937754581712732,0.7614201072964841,1.4734938128038875,0.516744692566839,-0.660206351267704,0.12937754581712732,0.336977925961787,0.38393477984607993,-0.9572825849703949,Transport,1
m_dense/H/short|H=336|L=1024|Hsrc=controlled|Lsrc=controlled|origins=shared_origin_v1:Hmax=720,joint-scaling,release,standard_hl_shared_origin_v1,m_dense/H/short,Toto-2.0-2.5B,toto2,Toto-2.0-2.5B,2454.281792,2454.281792,336,controlled,shared_origin_v1:Hmax=720,720,720,1024,controlled,15360,16800,1024,1024,256,256,100,[],merged,2,30,30240,17556057.090857506,,100,,float32,native_horizon,336,,direct_full_horizon,27457.37777777778,27457.37777777778,71.7853587962963,0.6202004249501286,0.22419172291650732,0.17638118683345735,6.746177421687457,165.7026788491296,0.28541995406287035,0.12364901975230307,0.1066869853295403,0.6202004249501286,1.4734938128038875,0.4209046685916918,-0.8653489113410359,0.1066869853295403,0.336977925961787,0.3165993292440126,-1.1501182501602978,Transport,1
m_dense/H/short|H=336|L=2048|Hsrc=controlled|Lsrc=controlled|origins=shared_origin_v1:Hmax=720,joint-scaling,release,standard_hl_shared_origin_v1,m_dense/H/short,Toto-2.0-2.5B,toto2,Toto-2.0-2.5B,2454.281792,2454.281792,336,controlled,shared_origin_v1:Hmax=720,720,720,2048,controlled,15360,16800,2048,2048,256,256,100,[],merged,2,30,30240,17556057.090857506,,100,,float32,native_horizon,336,,direct_full_horizon,30739.213756613757,30739.213756613757,74.62442956349206,0.6397949870511542,0.22408333026366484,0.17657373821924602,6.76808319799659,175.3260213334397,0.30199599247624986,0.12853926928587908,0.11082065778010768,0.6397949870511542,1.4734938128038875,0.4342026966734925,-0.8342438108858994,0.11082065778010768,0.336977925961787,0.32886622310291813,-1.112104227616211,Transport,1
m_dense/H/short|H=336|L=4096|Hsrc=controlled|Lsrc=controlled|origins=shared_origin_v1:Hmax=720,joint-scaling,release,standard_hl_shared_origin_v1,m_dense/H/short,Toto-2.0-2.5B,toto2,Toto-2.0-2.5B,2454.281792,2454.281792,336,controlled,shared_origin_v1:Hmax=720,720,720,4096,controlled,15360,16800,4096,4096,256,256,100,[],merged,2,30,30240,17556057.090857506,,100,,float32,native_horizon,336,,direct_full_horizon,27923.685714285715,27923.685714285715,71.94520709325397,0.6181261905753137,0.22226262248986195,0.17245063579902448,6.321304243952649,167.103817174491,0.28783339021995563,0.12392435563637906,0.10628674438332539,0.6181261905753137,1.4734938128038875,0.41949697053636853,-0.8686989747067482,0.10628674438332539,0.336977925961787,0.31541159285127246,-1.1538768491005544,Transport,1
m_dense/H/short|H=720|L=128|Hsrc=controlled|Lsrc=controlled|origins=shared_origin_v1:Hmax=720,joint-scaling,release,standard_hl_shared_origin_v1,m_dense/H/short,Toto-2.0-2.5B,toto2,Toto-2.0-2.5B,2454.281792,2454.281792,720,controlled,shared_origin_v1:Hmax=720,720,720,128,controlled,15360,16800,128,128,256,256,100,[],merged,2,30,64800,37431809.903151035,,100,,float32,native_horizon,720,,direct_full_horizon,173520.38716049382,173520.38716049382,215.8197762345679,1.720647373013153,0.7931550297404142,0.48747013044945986,56.31358657038317,416.5577836993252,0.7211231424170059,0.37361595755546734,0.4814520642417374,1.720647373013153,1.4779178745268122,1.1642374739963517,0.1520663439617053,0.4814520642417374,0.41895078948633335,1.1491852416176027,0.1390532057307559,Transport,1
m_dense/H/short|H=720|L=256|Hsrc=controlled|Lsrc=controlled|origins=shared_origin_v1:Hmax=720,joint-scaling,release,standard_hl_shared_origin_v1,m_dense/H/short,Toto-2.0-2.5B,toto2,Toto-2.0-2.5B,2454.281792,2454.281792,720,controlled,shared_origin_v1:Hmax=720,720,720,256,controlled,15360,16800,256,256,256,256,100,[],merged,2,30,64800,37431809.903151035,,100,,float32,native_horizon,720,,direct_full_horizon,173520.38716049382,173520.38716049382,215.8197762345679,1.720647373013153,0.7931550297404142,0.48747013044945986,56.31358657038317,416.5577836993252,0.7211231424170059,0.37361595755546734,0.4814520642417374,1.720647373013153,1.4779178745268122,1.1642374739963517,0.1520663439617053,0.4814520642417374,0.41895078948633335,1.1491852416176027,0.1390532057307559,Transport,1
m_dense/H/short|H=720|L=512|Hsrc=controlled|Lsrc=controlled|origins=shared_origin_v1:Hmax=720,joint-scaling,release,standard_hl_shared_origin_v1,m_dense/H/short,Toto-2.0-2.5B,toto2,Toto-2.0-2.5B,2454.281792,2454.281792,720,controlled,shared_origin_v1:Hmax=720,720,720,512,controlled,15360,16800,512,512,256,256,100,[],merged,2,30,64800,37431809.903151035,,100,,float32,native_horizon,720,,direct_full_horizon,173520.38716049382,173520.38716049382,215.8197762345679,1.720647373013153,0.7931550297404142,0.48747013044945986,56.31358657038317,416.5577836993252,0.7211231424170059,0.37361595755546734,0.4814520642417374,1.720647373013153,1.4779178745268122,1.1642374739963517,0.1520663439617053,0.4814520642417374,0.41895078948633335,1.1491852416176027,0.1390532057307559,Transport,1
m_dense/H/short|H=720|L=1024|Hsrc=controlled|Lsrc=controlled|origins=shared_origin_v1:Hmax=720,joint-scaling,release,standard_hl_shared_origin_v1,m_dense/H/short,Toto-2.0-2.5B,toto2,Toto-2.0-2.5B,2454.281792,2454.281792,720,controlled,shared_origin_v1:Hmax=720,720,720,1024,controlled,15360,16800,1024,1024,256,256,100,[],merged,2,30,64800,37431809.903151035,,100,,float32,native_horizon,720,,direct_full_horizon,39154.27160493827,39154.27160493827,86.96345679012346,0.7542053994603797,0.27627373476555184,0.20467548888406636,8.44045840274259,197.87438339749355,0.3425498280027917,0.15054660767353445,0.13150175173059375,0.7542053994603797,1.4779178745268122,0.5103161768727204,-0.6727247907038699,0.13150175173059375,0.41895078948633335,0.3138835276854956,-1.1587332928236929,Transport,1
m_dense/H/short|H=720|L=2048|Hsrc=controlled|Lsrc=controlled|origins=shared_origin_v1:Hmax=720,joint-scaling,release,standard_hl_shared_origin_v1,m_dense/H/short,Toto-2.0-2.5B,toto2,Toto-2.0-2.5B,2454.281792,2454.281792,720,controlled,shared_origin_v1:Hmax=720,720,720,2048,controlled,15360,16800,2048,2048,256,256,100,[],merged,2,30,64800,37431809.903151035,,100,,float32,native_horizon,720,,direct_full_horizon,35362.36839506173,35362.36839506173,81.10900848765432,0.7032704175913642,0.251269692865212,0.1917608039761767,7.981476065002891,188.04884576902282,0.32554036893649885,0.14041169164939465,0.12352080628780229,0.7032704175913642,1.4779178745268122,0.4758521631768826,-0.7426480545523297,0.12352080628780229,0.41895078948633335,0.29483368784016023,-1.2213438516537518,Transport,1
m_dense/H/short|H=720|L=4096|Hsrc=controlled|Lsrc=controlled|origins=shared_origin_v1:Hmax=720,joint-scaling,release,standard_hl_shared_origin_v1,m_dense/H/short,Toto-2.0-2.5B,toto2,Toto-2.0-2.5B,2454.281792,2454.281792,720,controlled,shared_origin_v1:Hmax=720,720,720,4096,controlled,15360,16800,4096,4096,256,256,100,[],merged,2,30,64800,37431809.903151035,,100,,float32,native_horizon,720,,direct_full_horizon,36816.584691358024,36816.584691358024,84.2658912037037,0.7275799516647419,0.2538028338451914,0.1947227496865355,7.314749674870392,191.876482903346,0.33216657501485525,0.1458767226091394,0.12386507510488363,0.7275799516647419,1.4779178745268122,0.49230066447209897,-0.7086656424888524,0.12386507510488363,0.41895078948633335,0.29565542830639363,-1.2185605963007513,Transport,1
saugeen/D/short|H=48|L=128|Hsrc=controlled|Lsrc=controlled|origins=shared_origin_v1:Hmax=720,joint-scaling,release,standard_hl_shared_origin_v1,saugeen/D/short,Toto-2.0-2.5B,toto2,Toto-2.0-2.5B,2454.281792,2454.281792,48,controlled,shared_origin_v1:Hmax=720,720,720,128,controlled,20861,23021,128,128,256,256,100,[],merged,2,1,192,6793.600008964539,,100,,float32,native_horizon,48,,direct_full_horizon,2104.3053385416665,2104.3053385416665,21.416412353515625,4.83226767333165,0.4554811716079712,0.5065720876057943,77.27252402849689,45.87270799224378,1.2964495882726,0.6052683652921939,0.5335895447577643,4.83226767333165,6.287958974414405,0.7684954200550708,-0.26332067561126343,0.5335895447577643,0.781620444657756,0.6826709157939239,-0.38174235720271354,Nature,1
saugeen/D/short|H=48|L=256|Hsrc=controlled|Lsrc=controlled|origins=shared_origin_v1:Hmax=720,joint-scaling,release,standard_hl_shared_origin_v1,saugeen/D/short,Toto-2.0-2.5B,toto2,Toto-2.0-2.5B,2454.281792,2454.281792,48,controlled,shared_origin_v1:Hmax=720,720,720,256,controlled,20861,23021,256,256,256,256,100,[],merged,2,1,192,6793.600008964539,,100,,float32,native_horizon,48,,direct_full_horizon,2163.7657877604165,2163.7657877604165,20.57187779744466,4.642190800871107,0.3903056780497233,0.472673495610555,95.61194075942274,46.516295937664864,1.3146386022501364,0.5814002196033605,0.5245588136099661,4.642190800871107,6.287958974414405,0.7382667125787715,-0.30345012051238357,0.5245588136099661,0.781620444657756,0.6711170584076162,-0.3988117035631087,Nature,1
saugeen/D/short|H=48|L=512|Hsrc=controlled|Lsrc=controlled|origins=shared_origin_v1:Hmax=720,joint-scaling,release,standard_hl_shared_origin_v1,saugeen/D/short,Toto-2.0-2.5B,toto2,Toto-2.0-2.5B,2454.281792,2454.281792,48,controlled,shared_origin_v1:Hmax=720,720,720,512,controlled,20861,23021,512,512,256,256,100,[],merged,2,1,192,6793.600008964539,,100,,float32,native_horizon,48,,direct_full_horizon,2058.4749348958335,2058.4749348958335,20.201019287109375,4.561920235778014,0.4037206967671712,0.451239546140035,77.21386694641289,45.37041916156201,1.282253954828823,0.5709190558771453,0.5101999924996039,4.561920235778014,6.287958974414405,0.7255009541793112,-0.3208928914564008,0.5101999924996039,0.781620444657756,0.6527464781489978,-0.4265664668230492,Nature,1
saugeen/D/short|H=48|L=1024|Hsrc=controlled|Lsrc=controlled|origins=shared_origin_v1:Hmax=720,joint-scaling,release,standard_hl_shared_origin_v1,saugeen/D/short,Toto-2.0-2.5B,toto2,Toto-2.0-2.5B,2454.281792,2454.281792,48,controlled,shared_origin_v1:Hmax=720,720,720,1024,controlled,20861,23021,1024,1024,256,256,100,[],merged,2,1,192,6793.600008964539,,100,,float32,native_horizon,48,,direct_full_horizon,1971.1276041666667,1971.1276041666667,22.263165791829426,5.02630230504171,0.5854310194651285,0.5034898122151693,45.824638416021976,44.39738285267124,1.2547541062860026,0.6291992207946846,0.5169946514846049,5.02630230504171,6.287958974414405,0.7993535462768836,-0.2239519451303564,0.5169946514846049,0.781620444657756,0.6614395196775829,-0.41333672866584953,Nature,1
saugeen/D/short|H=48|L=2048|Hsrc=controlled|Lsrc=controlled|origins=shared_origin_v1:Hmax=720,joint-scaling,release,standard_hl_shared_origin_v1,saugeen/D/short,Toto-2.0-2.5B,toto2,Toto-2.0-2.5B,2454.281792,2454.281792,48,controlled,shared_origin_v1:Hmax=720,720,720,2048,controlled,20861,23021,2048,2048,256,256,100,[],merged,2,1,192,6793.600008964539,,100,,float32,native_horizon,48,,direct_full_horizon,1837.0751953125,1837.0751953125,21.737274169921875,4.904388520587303,0.6099535624186198,0.4886908531188965,49.56522654823933,42.86111518979062,1.2113362731954675,0.6143365277787559,0.5090262675127084,4.904388520587303,6.287958974414405,0.7799650952786388,-0.24850610994256556,0.5090262675127084,0.781620444657756,0.6512448222047121,-0.42886963649555254,Nature,1
saugeen/D/short|H=48|L=4096|Hsrc=controlled|Lsrc=controlled|origins=shared_origin_v1:Hmax=720,joint-scaling,release,standard_hl_shared_origin_v1,saugeen/D/short,Toto-2.0-2.5B,toto2,Toto-2.0-2.5B,2454.281792,2454.281792,48,controlled,shared_origin_v1:Hmax=720,720,720,4096,controlled,20861,23021,4096,4096,256,256,100,[],merged,2,1,192,6793.600008964539,,100,,float32,native_horizon,48,,direct_full_horizon,1768.302734375,1768.302734375,18.844515482584637,4.253362572565036,0.4758461316426595,0.4125460783640544,45.718382075991656,42.05119183061284,1.1884463054674683,0.5325816898083344,0.45297048383723154,4.253362572565036,6.287958974414405,0.6764297588250646,-0.39092666702800943,0.45297048383723154,0.781620444657756,0.5795274252780981,-0.5455422915618519,Nature,1
saugeen/D/short|H=96|L=128|Hsrc=controlled|Lsrc=controlled|origins=shared_origin_v1:Hmax=720,joint-scaling,release,standard_hl_shared_origin_v1,saugeen/D/short,Toto-2.0-2.5B,toto2,Toto-2.0-2.5B,2454.281792,2454.281792,96,controlled,shared_origin_v1:Hmax=720,720,720,128,controlled,20861,23021,128,128,256,256,100,[],merged,2,1,384,22887.600024223328,,100,,float32,native_horizon,96,,direct_full_horizon,6335.87890625,6335.87890625,43.029459635416664,9.69884621017174,0.5321388244628906,0.7129445870717367,157.20793962018215,79.59823431615804,1.3354708202282082,0.7219329454600911,0.639739555508179,9.69884621017174,10.79500131911943,0.8984571584066182,-0.10707625513446586,0.639739555508179,0.7336308511462726,0.8720183379810271,-0.13694482549952458,Nature,1
saugeen/D/short|H=96|L=256|Hsrc=controlled|Lsrc=controlled|origins=shared_origin_v1:Hmax=720,joint-scaling,release,standard_hl_shared_origin_v1,saugeen/D/short,Toto-2.0-2.5B,toto2,Toto-2.0-2.5B,2454.281792,2454.281792,96,controlled,shared_origin_v1:Hmax=720,720,720,256,controlled,20861,23021,256,256,256,256,100,[],merged,2,1,384,22887.600024223328,,100,,float32,native_horizon,96,,direct_full_horizon,6457.742838541667,6457.742838541667,44.07475280761719,9.935744581917744,0.5508418083190918,0.751541535059611,216.2022862112261,80.36008237017721,1.3482528354868522,0.739470501940464,0.6724657640287028,9.935744581917744,10.79500131911943,0.9204023499580473,-0.08294436763204388,0.6724657640287028,0.7336308511462726,0.9166268880023224,-0.08705477283777335,Nature,1
saugeen/D/short|H=96|L=512|Hsrc=controlled|Lsrc=controlled|origins=shared_origin_v1:Hmax=720,joint-scaling,release,standard_hl_shared_origin_v1,saugeen/D/short,Toto-2.0-2.5B,toto2,Toto-2.0-2.5B,2454.281792,2454.281792,96,controlled,shared_origin_v1:Hmax=720,720,720,512,controlled,20861,23021,512,512,256,256,100,[],merged,2,1,384,22887.600024223328,,100,,float32,native_horizon,96,,direct_full_horizon,6367.766927083333,6367.766927083333,42.71454874674479,9.628887702812369,0.5020389556884766,0.6992063522338867,183.90165769435262,79.79828899846997,1.338827266422937,0.716649482750064,0.6450579782642961,9.628887702812369,10.79500131911943,0.8919765193319881,-0.11431547036744766,0.6450579782642961,0.7336308511462726,0.879267791500883,-0.12866577297250797,Nature,1
saugeen/D/short|H=96|L=1024|Hsrc=controlled|Lsrc=controlled|origins=shared_origin_v1:Hmax=720,joint-scaling,release,standard_hl_shared_origin_v1,saugeen/D/short,Toto-2.0-2.5B,toto2,Toto-2.0-2.5B,2454.281792,2454.281792,96,controlled,shared_origin_v1:Hmax=720,720,720,1024,controlled,20861,23021,1024,1024,256,256,100,[],merged,2,1,384,22887.600024223328,,100,,float32,native_horizon,96,,direct_full_horizon,5589.11328125,5589.11328125,43.23128763834635,9.743809221721156,0.7005770206451416,0.683231512705485,108.98310864689017,74.76037239908587,1.2543028963659615,0.7253191437964381,0.6040405785116065,9.743809221721156,10.79500131911943,0.9026223280272816,-0.10245105443976044,0.6040405785116065,0.7336308511462726,0.823357656739509,-0.1943645958660039,Nature,1
saugeen/D/short|H=96|L=2048|Hsrc=controlled|Lsrc=controlled|origins=shared_origin_v1:Hmax=720,joint-scaling,release,standard_hl_shared_origin_v1,saugeen/D/short,Toto-2.0-2.5B,toto2,Toto-2.0-2.5B,2454.281792,2454.281792,96,controlled,shared_origin_v1:Hmax=720,720,720,2048,controlled,20861,23021,2048,2048,256,256,100,[],merged,2,1,384,22887.600024223328,,100,,float32,native_horizon,96,,direct_full_horizon,5080.173502604167,5080.173502604167,39.7158457438151,8.948054556600772,0.6772357622782389,0.6062995990117391,70.99364632054665,71.27533586454831,1.1958321948574562,0.6663383119892023,0.5432822337428777,8.948054556600772,10.79500131911943,0.8289072221559193,-0.1876470454826703,0.5432822337428777,0.7336308511462726,0.7405389684662499,-0.3003770221264953,Nature,1
saugeen/D/short|H=96|L=4096|Hsrc=controlled|Lsrc=controlled|origins=shared_origin_v1:Hmax=720,joint-scaling,release,standard_hl_shared_origin_v1,saugeen/D/short,Toto-2.0-2.5B,toto2,Toto-2.0-2.5B,2454.281792,2454.281792,96,controlled,shared_origin_v1:Hmax=720,720,720,4096,controlled,20861,23021,4096,4096,256,256,100,[],merged,2,1,384,22887.600024223328,,100,,float32,native_horizon,96,,direct_full_horizon,4944.688802083333,4944.688802083333,37.253621419270836,8.388126380099276,0.5862665971120199,0.5405802726745605,70.2261452888838,70.31848122708092,1.1797784286085442,0.6250279893855075,0.5132049354574896,8.388126380099276,10.79500131911943,0.7770380134407906,-0.2522660064639767,0.5132049354574896,0.7336308511462726,0.6995411038884539,-0.3573307247896366,Nature,1
saugeen/D/short|H=192|L=128|Hsrc=controlled|Lsrc=controlled|origins=shared_origin_v1:Hmax=720,joint-scaling,release,standard_hl_shared_origin_v1,saugeen/D/short,Toto-2.0-2.5B,toto2,Toto-2.0-2.5B,2454.281792,2454.281792,192,controlled,shared_origin_v1:Hmax=720,720,720,128,controlled,20861,23021,128,128,256,256,100,[],merged,2,1,768,32805.300033569336,,100,,float32,native_horizon,192,,direct_full_horizon,3518.9700520833335,3518.9700520833335,29.55974833170573,6.660785326802325,0.6006969213485718,0.6253783305486044,141.81487379407554,59.320907377444364,1.3887529398986675,0.6920188718139869,0.6509168297136368,6.660785326802325,8.364690063972306,0.7962979232776481,-0.22778188768691554,0.6509168297136368,1.0359365198829344,0.62833659902944,-0.4646792703873079,Nature,1
saugeen/D/short|H=192|L=256|Hsrc=controlled|Lsrc=controlled|origins=shared_origin_v1:Hmax=720,joint-scaling,release,standard_hl_shared_origin_v1,saugeen/D/short,Toto-2.0-2.5B,toto2,Toto-2.0-2.5B,2454.281792,2454.281792,192,controlled,shared_origin_v1:Hmax=720,720,720,256,controlled,20861,23021,256,256,256,256,100,[],merged,2,1,768,32805.300033569336,,100,,float32,native_horizon,192,,direct_full_horizon,3477.0218098958335,3477.0218098958335,28.565867106119793,6.434398215057769,0.530274232228597,0.6134672164916992,116.43814975867808,58.966276886842984,1.38045073822689,0.668751266260344,0.5971082804683533,6.434398215057769,8.364690063972306,0.7692333088073964,-0.2623609630233255,0.5971082804683533,1.0359365198829344,0.5763946622287525,-0.5509626754326947,Nature,1
saugeen/D/short|H=192|L=512|Hsrc=controlled|Lsrc=controlled|origins=shared_origin_v1:Hmax=720,joint-scaling,release,standard_hl_shared_origin_v1,saugeen/D/short,Toto-2.0-2.5B,toto2,Toto-2.0-2.5B,2454.281792,2454.281792,192,controlled,shared_origin_v1:Hmax=720,720,720,512,controlled,20861,23021,512,512,256,256,100,[],merged,2,1,768,32805.300033569336,,100,,float32,native_horizon,192,,direct_full_horizon,3620.1871744791665,3620.1871744791665,29.466389973958332,6.63925501194323,0.4922218720118205,0.6643224557240804,128.8874393167019,60.16799127841286,1.40858389511865,0.6898332731858192,0.6178156519951962,6.63925501194323,8.364690063972306,0.7937239707827639,-0.23101952202755663,0.6178156519951962,1.0359365198829344,0.5963836973958715,-0.5168710314821449,Nature,1
saugeen/D/short|H=192|L=1024|Hsrc=controlled|Lsrc=controlled|origins=shared_origin_v1:Hmax=720,joint-scaling,release,standard_hl_shared_origin_v1,saugeen/D/short,Toto-2.0-2.5B,toto2,Toto-2.0-2.5B,2454.281792,2454.281792,192,controlled,shared_origin_v1:Hmax=720,720,720,1024,controlled,20861,23021,1024,1024,256,256,100,[],merged,2,1,768,32805.300033569336,,100,,float32,native_horizon,192,,direct_full_horizon,3052.810546875,3052.810546875,27.51787567138672,6.200028443067974,0.5260650316874186,0.53938889503479,65.41795406501834,55.25224472249974,1.293502083610203,0.6442168946480924,0.5329372195182291,6.200028443067974,8.364690063972306,0.7412143660614777,-0.2994654025927121,0.5329372195182291,1.0359365198829344,0.5144496880739888,-0.6646575164896127,Nature,1
saugeen/D/short|H=192|L=2048|Hsrc=controlled|Lsrc=controlled|origins=shared_origin_v1:Hmax=720,joint-scaling,release,standard_hl_shared_origin_v1,saugeen/D/short,Toto-2.0-2.5B,toto2,Toto-2.0-2.5B,2454.281792,2454.281792,192,controlled,shared_origin_v1:Hmax=720,720,720,2048,controlled,20861,23021,2048,2048,256,256,100,[],merged,2,1,768,32805.300033569336,,100,,float32,native_horizon,192,,direct_full_horizon,2752.5224609375,2752.5224609375,25.236709594726562,5.683425803923583,0.4799545605977376,0.4846620559692383,46.09375005241335,52.46448761722066,1.2282383166376873,0.5908128549020069,0.4782632988722837,5.683425803923583,8.364690063972306,0.6794544400877158,-0.3864650968107027,0.4782632988722837,1.0359365198829344,0.4616723995079637,-0.7728997313991264,Nature,1
saugeen/D/short|H=192|L=4096|Hsrc=controlled|Lsrc=controlled|origins=shared_origin_v1:Hmax=720,joint-scaling,release,standard_hl_shared_origin_v1,saugeen/D/short,Toto-2.0-2.5B,toto2,Toto-2.0-2.5B,2454.281792,2454.281792,192,controlled,shared_origin_v1:Hmax=720,720,720,4096,controlled,20861,23021,4096,4096,256,256,100,[],merged,2,1,768,32805.300033569336,,100,,float32,native_horizon,192,,direct_full_horizon,2705.5817057291665,2705.5817057291665,24.099385579427082,5.425182936437371,0.43587470054626465,0.4498219887415568,46.190603957140176,52.01520648549967,1.2177202628839146,0.5641871315324235,0.46094228724903696,5.425182936437371,8.364690063972306,0.6485814650568185,-0.43296766236458045,0.46094228724903696,1.0359365198829344,0.444952251805087,-0.8097883018872913,Nature,1
saugeen/D/short|H=336|L=128|Hsrc=controlled|Lsrc=controlled|origins=shared_origin_v1:Hmax=720,joint-scaling,release,standard_hl_shared_origin_v1,saugeen/D/short,Toto-2.0-2.5B,toto2,Toto-2.0-2.5B,2454.281792,2454.281792,336,controlled,shared_origin_v1:Hmax=720,720,720,128,controlled,20861,23021,128,128,256,256,100,[],merged,2,1,1344,43361.500032901764,,100,,float32,native_horizon,336,,direct_full_horizon,2131.731398809524,2131.731398809524,21.70431373232887,4.893031339728483,0.6733502887544178,0.5861097063337054,143.76329514781224,46.17067682858379,1.4310711024879639,0.6727303629744354,0.7110551098333454,4.893031339728483,7.385081578500397,0.6625561664712246,-0.41164994513613823,0.7110551098333454,1.5617052718269562,0.4553068512098443,-0.7867836890721114,Nature,1
saugeen/D/short|H=336|L=256|Hsrc=controlled|Lsrc=controlled|origins=shared_origin_v1:Hmax=720,joint-scaling,release,standard_hl_shared_origin_v1,saugeen/D/short,Toto-2.0-2.5B,toto2,Toto-2.0-2.5B,2454.281792,2454.281792,336,controlled,shared_origin_v1:Hmax=720,720,720,256,controlled,20861,23021,256,256,256,256,100,[],merged,2,1,1344,43361.500032901764,,100,,float32,native_horizon,336,,direct_full_horizon,2131.731398809524,2131.731398809524,21.70431373232887,4.893031339728483,0.6733502887544178,0.5861097063337054,143.76329514781224,46.17067682858379,1.4310711024879639,0.6727303629744354,0.7110551098333454,4.893031339728483,7.385081578500397,0.6625561664712246,-0.41164994513613823,0.7110551098333454,1.5617052718269562,0.4553068512098443,-0.7867836890721114,Nature,1
saugeen/D/short|H=336|L=512|Hsrc=controlled|Lsrc=controlled|origins=shared_origin_v1:Hmax=720,joint-scaling,release,standard_hl_shared_origin_v1,saugeen/D/short,Toto-2.0-2.5B,toto2,Toto-2.0-2.5B,2454.281792,2454.281792,336,controlled,shared_origin_v1:Hmax=720,720,720,512,controlled,20861,23021,512,512,256,256,100,[],merged,2,1,1344,43361.500032901764,,100,,float32,native_horizon,336,,direct_full_horizon,2145.7734375,2145.7734375,21.520260765438987,4.844351269056882,0.6326385225568499,0.5811929248628163,83.23745272752863,46.322493860974284,1.435776707491896,0.6670255975186209,0.582675320486747,4.844351269056882,7.385081578500397,0.6559644897031142,-0.4216486230533441,0.582675320486747,1.5617052718269562,0.3731019744878661,-0.9859035066546724,Nature,1
saugeen/D/short|H=336|L=1024|Hsrc=controlled|Lsrc=controlled|origins=shared_origin_v1:Hmax=720,joint-scaling,release,standard_hl_shared_origin_v1,saugeen/D/short,Toto-2.0-2.5B,toto2,Toto-2.0-2.5B,2454.281792,2454.281792,336,controlled,shared_origin_v1:Hmax=720,720,720,1024,controlled,20861,23021,1024,1024,256,256,100,[],merged,2,1,1344,43361.500032901764,,100,,float32,native_horizon,336,,direct_full_horizon,1916.75,1916.75,19.740469796316965,4.446358814711912,0.5218883696056548,0.5165352594284784,59.31167391570861,43.780703511935485,1.3569933114720159,0.6118605533968776,0.527773009005424,4.446358814711912,7.385081578500397,0.6020730803646427,-0.5073764450866527,0.527773009005424,1.5617052718269562,0.33794661420846095,-1.0848673421027355,Nature,1
saugeen/D/short|H=336|L=2048|Hsrc=controlled|Lsrc=controlled|origins=shared_origin_v1:Hmax=720,joint-scaling,release,standard_hl_shared_origin_v1,saugeen/D/short,Toto-2.0-2.5B,toto2,Toto-2.0-2.5B,2454.281792,2454.281792,336,controlled,shared_origin_v1:Hmax=720,720,720,2048,controlled,20861,23021,2048,2048,256,256,100,[],merged,2,1,1344,43361.500032901764,,100,,float32,native_horizon,336,,direct_full_horizon,1645.5379464285713,1645.5379464285713,17.314551943824405,3.8999409859936764,0.41157327379499165,0.41672093527657644,34.70438212934401,40.56523075773847,1.2573289691784684,0.5366686529488752,0.4379960102248318,3.8999409859936764,7.385081578500397,0.5280836703750525,-0.6385005412109663,0.4379960102248318,1.5617052718269562,0.2804600958492274,-1.2713238249264798,Nature,1
saugeen/D/short|H=336|L=4096|Hsrc=controlled|Lsrc=controlled|origins=shared_origin_v1:Hmax=720,joint-scaling,release,standard_hl_shared_origin_v1,saugeen/D/short,Toto-2.0-2.5B,toto2,Toto-2.0-2.5B,2454.281792,2454.281792,336,controlled,shared_origin_v1:Hmax=720,720,720,4096,controlled,20861,23021,4096,4096,256,256,100,[],merged,2,1,1344,43361.500032901764,,100,,float32,native_horizon,336,,direct_full_horizon,1662.8720238095239,1662.8720238095239,16.969512939453125,3.820562419678766,0.3947724387759254,0.39764186314174105,34.67325181382967,40.77832786921901,1.2639339647992964,0.5259740869969795,0.43462948517963795,3.820562419678766,7.385081578500397,0.5173351680773935,-0.6590643203720181,0.43462948517963795,1.5617052718269562,0.2783044233891763,-1.2790397162568916,Nature,1
saugeen/D/short|H=720|L=128|Hsrc=controlled|Lsrc=controlled|origins=shared_origin_v1:Hmax=720,joint-scaling,release,standard_hl_shared_origin_v1,saugeen/D/short,Toto-2.0-2.5B,toto2,Toto-2.0-2.5B,2454.281792,2454.281792,720,controlled,shared_origin_v1:Hmax=720,720,720,128,controlled,20861,23021,128,128,256,256,100,[],merged,2,1,2880,94972.20006084442,,100,,float32,native_horizon,720,,direct_full_horizon,2183.519097222222,2183.519097222222,21.716229926215277,4.891037141995339,0.6372081332736546,0.5866859436035157,155.8683506155556,46.72814031418565,1.4170151267280027,0.6585373630118253,0.7279861406596572,4.891037141995339,7.510913121627286,0.6511907490863994,-0.4289526703431158,0.7279861406596572,2.036616431144664,0.35744882027220926,-1.028763087174193,Nature,1
saugeen/D/short|H=720|L=256|Hsrc=controlled|Lsrc=controlled|origins=shared_origin_v1:Hmax=720,joint-scaling,release,standard_hl_shared_origin_v1,saugeen/D/short,Toto-2.0-2.5B,toto2,Toto-2.0-2.5B,2454.281792,2454.281792,720,controlled,shared_origin_v1:Hmax=720,720,720,256,controlled,20861,23021,256,256,256,256,100,[],merged,2,1,2880,94972.20006084442,,100,,float32,native_horizon,720,,direct_full_horizon,2183.519097222222,2183.519097222222,21.716229926215277,4.891037141995339,0.6372081332736546,0.5866859436035157,155.8683506155556,46.72814031418565,1.4170151267280027,0.6585373630118253,0.7279861406596572,4.891037141995339,7.510913121627286,0.6511907490863994,-0.4289526703431158,0.7279861406596572,2.036616431144664,0.35744882027220926,-1.028763087174193,Nature,1
saugeen/D/short|H=720|L=512|Hsrc=controlled|Lsrc=controlled|origins=shared_origin_v1:Hmax=720,joint-scaling,release,standard_hl_shared_origin_v1,saugeen/D/short,Toto-2.0-2.5B,toto2,Toto-2.0-2.5B,2454.281792,2454.281792,720,controlled,shared_origin_v1:Hmax=720,720,720,512,controlled,20861,23021,512,512,256,256,100,[],merged,2,1,2880,94972.20006084442,,100,,float32,native_horizon,720,,direct_full_horizon,2183.519097222222,2183.519097222222,21.716229926215277,4.891037141995339,0.6372081332736546,0.5866859436035157,155.8683506155556,46.72814031418565,1.4170151267280027,0.6585373630118253,0.7279861406596572,4.891037141995339,7.510913121627286,0.6511907490863994,-0.4289526703431158,0.7279861406596572,2.036616431144664,0.35744882027220926,-1.028763087174193,Nature,1
saugeen/D/short|H=720|L=1024|Hsrc=controlled|Lsrc=controlled|origins=shared_origin_v1:Hmax=720,joint-scaling,release,standard_hl_shared_origin_v1,saugeen/D/short,Toto-2.0-2.5B,toto2,Toto-2.0-2.5B,2454.281792,2454.281792,720,controlled,shared_origin_v1:Hmax=720,720,720,1024,controlled,20861,23021,1024,1024,256,256,100,[],merged,2,1,2880,94972.20006084442,,100,,float32,native_horizon,720,,direct_full_horizon,2274.865625,2274.865625,21.77461208767361,4.901303490422918,0.563582780626085,0.6037573920355903,75.020967430119,47.69555141729677,1.446351542807393,0.660307782407104,0.578770846536415,4.901303490422918,7.510913121627286,0.6525576066523613,-0.4268558576250145,0.578770846536415,2.036616431144664,0.28418254791901165,-1.2581384729491747,Nature,1
saugeen/D/short|H=720|L=2048|Hsrc=controlled|Lsrc=controlled|origins=shared_origin_v1:Hmax=720,joint-scaling,release,standard_hl_shared_origin_v1,saugeen/D/short,Toto-2.0-2.5B,toto2,Toto-2.0-2.5B,2454.281792,2454.281792,720,controlled,shared_origin_v1:Hmax=720,720,720,2048,controlled,20861,23021,2048,2048,256,256,100,[],merged,2,1,2880,94972.20006084442,,100,,float32,native_horizon,720,,direct_full_horizon,1814.301736111111,1814.301736111111,18.240938313802083,4.104266025311072,0.4461694505479601,0.45544908311631943,42.997928146606604,42.59462097625839,1.2916675441132606,0.5531503146193717,0.46364441110393984,4.104266025311072,7.510913121627286,0.5464403540353903,-0.6043301190687075,0.46364441110393984,2.036616431144664,0.2276542622428673,-1.4799271945878285,Nature,1
saugeen/D/short|H=720|L=4096|Hsrc=controlled|Lsrc=controlled|origins=shared_origin_v1:Hmax=720,joint-scaling,release,standard_hl_shared_origin_v1,saugeen/D/short,Toto-2.0-2.5B,toto2,Toto-2.0-2.5B,2454.281792,2454.281792,720,controlled,shared_origin_v1:Hmax=720,720,720,4096,controlled,20861,23021,4096,4096,256,256,100,[],merged,2,1,2880,94972.20006084442,,100,,float32,native_horizon,720,,direct_full_horizon,1791.6409722222222,1791.6409722222222,17.839729817708335,4.01367325384345,0.4338629828559028,0.4349907769097222,39.60717157669586,42.32778014758419,1.283575685800098,0.5409838020187399,0.45223053076978675,4.01367325384345,7.510913121627286,0.5343788683011504,-0.6266502003911838,0.45223053076978675,2.036616431144664,0.22204992744540228,-1.5048530239929994,Nature,1
saugeen/W/short|H=48|L=128|Hsrc=controlled|Lsrc=controlled|origins=shared_origin_v1:Hmax=720,joint-scaling,release,standard_hl_shared_origin_v1,saugeen/W/short,Toto-2.0-2.5B,toto2,Toto-2.0-2.5B,2454.281792,2454.281792,48,controlled,shared_origin_v1:Hmax=720,720,720,128,controlled,2671,2671,128,128,256,256,100,[],merged,2,1,48,1301.8571429252625,,100,,float32,native_horizon,48,,direct_full_horizon,459.1648763020833,459.1648763020833,15.565663655598959,1.3276518386915726,0.8375043869018555,0.6060187816619873,10.195156845796387,21.428132823512257,0.7900639337565442,0.5739123217390089,0.4374745944887474,1.3276518386915726,2.4447283905978785,0.5430672150728713,-0.6105221820443031,0.4374745944887474,1.3379684481783347,0.3269692907066501,-1.1178890247069908,Nature,1
saugeen/W/short|H=48|L=256|Hsrc=controlled|Lsrc=controlled|origins=shared_origin_v1:Hmax=720,joint-scaling,release,standard_hl_shared_origin_v1,saugeen/W/short,Toto-2.0-2.5B,toto2,Toto-2.0-2.5B,2454.281792,2454.281792,48,controlled,shared_origin_v1:Hmax=720,720,720,256,controlled,2671,2671,256,256,256,256,100,[],merged,2,1,48,1301.8571429252625,,100,,float32,native_horizon,48,,direct_full_horizon,415.5951334635417,415.5951334635417,13.066939036051432,1.1145265559744646,0.6123232444127401,0.5094252824783325,11.924243415270189,20.38615053077804,0.7516456247100854,0.4817833332473992,0.4012157511103152,1.1145265559744646,2.4447283905978785,0.45588972593470717,-0.785504327803675,0.4012157511103152,1.3379684481783347,0.29986936661815666,-1.204408343765614,Nature,1
saugeen/W/short|H=48|L=512|Hsrc=controlled|Lsrc=controlled|origins=shared_origin_v1:Hmax=720,joint-scaling,release,standard_hl_shared_origin_v1,saugeen/W/short,Toto-2.0-2.5B,toto2,Toto-2.0-2.5B,2454.281792,2454.281792,48,controlled,shared_origin_v1:Hmax=720,720,720,512,controlled,2671,2671,512,512,256,256,100,[],merged,2,1,48,1301.8571429252625,,100,,float32,native_horizon,48,,direct_full_horizon,392.6486409505208,392.6486409505208,12.069404602050781,1.0294433444900373,0.42824538548787433,0.4223971764246623,10.178885449478033,19.815363760237176,0.7306004853606183,0.445003834750013,0.375724941904558,1.0294433444900373,2.4447283905978785,0.4210870002774739,-0.8649158151587968,0.375724941904558,1.3379684481783347,0.2808174904394147,-1.2700503208806377,Nature,1
saugeen/W/short|H=48|L=1024|Hsrc=controlled|Lsrc=controlled|origins=shared_origin_v1:Hmax=720,joint-scaling,release,standard_hl_shared_origin_v1,saugeen/W/short,Toto-2.0-2.5B,toto2,Toto-2.0-2.5B,2454.281792,2454.281792,48,controlled,shared_origin_v1:Hmax=720,720,720,1024,controlled,2671,2671,1024,1024,256,256,100,[],merged,2,1,48,1301.8571429252625,,100,,float32,native_horizon,48,,direct_full_horizon,435.359375,435.359375,12.368518829345703,1.0549557102099258,0.3594977060953776,0.3680817286173503,7.965236724486664,20.865267192154526,0.7693108500161402,0.4560322974259523,0.36210704319037146,1.0549557102099258,2.4447283905978785,0.43152266495826463,-0.8404352438629743,0.36210704319037146,1.3379684481783347,0.2706394486980511,-1.306967791542312,Nature,1
saugeen/W/short|H=48|L=2048|Hsrc=controlled|Lsrc=controlled|origins=shared_origin_v1:Hmax=720,joint-scaling,release,standard_hl_shared_origin_v1,saugeen/W/short,Toto-2.0-2.5B,toto2,Toto-2.0-2.5B,2454.281792,2454.281792,48,controlled,shared_origin_v1:Hmax=720,720,720,2048,controlled,2671,2671,2048,2048,256,256,100,[],merged,2,1,48,1301.8571429252625,,100,,float32,native_horizon,48,,direct_full_horizon,430.3750813802083,430.3750813802083,11.881593068440756,1.0134241450128672,0.31387120485305786,0.35291409492492676,7.705901218541594,20.745483397120644,0.7648943729910904,0.43807914745826854,0.3495527659733837,1.0134241450128672,2.4447283905978785,0.41453445254301885,-0.880599189542422,0.3495527659733837,1.3379684481783347,0.26125635955713705,-1.342253133196959,Nature,1
saugeen/W/short|H=48|L=4096|Hsrc=controlled|Lsrc=controlled|origins=shared_origin_v1:Hmax=720,joint-scaling,release,standard_hl_shared_origin_v1,saugeen/W/short,Toto-2.0-2.5B,toto2,Toto-2.0-2.5B,2454.281792,2454.281792,48,controlled,shared_origin_v1:Hmax=720,720,720,4096,controlled,2671,2671,2671,2671,256,256,100,[],merged,2,1,48,1301.8571429252625,,100,,float32,native_horizon,48,,direct_full_horizon,418.2008463541667,418.2008463541667,11.71065902709961,0.9988445558255529,0.3134072224299113,0.342489759127299,7.497748132940861,20.449959568521564,0.7539982897688698,0.4317767401404128,0.34394889388783,0.9988445558255529,2.4447283905978785,0.40857076788856583,-0.8950901412808173,0.34394889388783,1.3379684481783347,0.25706801558446457,-1.3584145770214726,Nature,1
saugeen/W/short|H=96|L=128|Hsrc=controlled|Lsrc=controlled|origins=shared_origin_v1:Hmax=720,joint-scaling,release,standard_hl_shared_origin_v1,saugeen/W/short,Toto-2.0-2.5B,toto2,Toto-2.0-2.5B,2454.281792,2454.281792,96,controlled,shared_origin_v1:Hmax=720,720,720,128,controlled,2671,2671,128,128,256,256,100,[],merged,2,1,96,3321.7142910957336,,100,,float32,native_horizon,96,,direct_full_horizon,1049.2262369791667,1049.2262369791667,19.30260467529297,1.6463890788290663,0.6419803301493326,0.5772244532903036,15.754701342370248,32.39176186901798,0.936145877374649,0.5578595527602885,0.4518612562737298,1.6463890788290663,2.322296545884376,0.7089486834688845,-0.3439721338157616,0.4518612562737298,1.4049036993226194,0.3216314801445798,-1.1343488604461462,Nature,1
saugeen/W/short|H=96|L=256|Hsrc=controlled|Lsrc=controlled|origins=shared_origin_v1:Hmax=720,joint-scaling,release,standard_hl_shared_origin_v1,saugeen/W/short,Toto-2.0-2.5B,toto2,Toto-2.0-2.5B,2454.281792,2454.281792,96,controlled,shared_origin_v1:Hmax=720,720,720,256,controlled,2671,2671,256,256,256,256,100,[],merged,2,1,96,3321.7142910957336,,100,,float32,native_horizon,96,,direct_full_horizon,1208.7025553385417,1208.7025553385417,20.9537353515625,1.7872201032932484,0.575873057047526,0.6643291314442953,15.621306920595343,34.766399804100246,1.0047746701576368,0.6055784506037235,0.4715168668443288,1.7872201032932484,2.322296545884376,0.7695916813296727,-0.2618951887721245,0.4715168668443288,1.4049036993226194,0.33562219750127553,-1.0917691638431795,Nature,1
saugeen/W/short|H=96|L=512|Hsrc=controlled|Lsrc=controlled|origins=shared_origin_v1:Hmax=720,joint-scaling,release,standard_hl_shared_origin_v1,saugeen/W/short,Toto-2.0-2.5B,toto2,Toto-2.0-2.5B,2454.281792,2454.281792,96,controlled,shared_origin_v1:Hmax=720,720,720,512,controlled,2671,2671,512,512,256,256,100,[],merged,2,1,96,3321.7142910957336,,100,,float32,native_horizon,96,,direct_full_horizon,829.9119466145834,829.9119466145834,17.498729705810547,1.4925301660592212,0.4255083401997884,0.5288250843683878,10.702586841135163,28.8081923524296,0.8325780676702805,0.5057262318619435,0.4105677029161454,1.4925301660592212,2.322296545884376,0.6426957697130952,-0.44208380868180164,0.4105677029161454,1.4049036993226194,0.2922390361090959,-1.2301831947858768,Nature,1
saugeen/W/short|H=96|L=1024|Hsrc=controlled|Lsrc=controlled|origins=shared_origin_v1:Hmax=720,joint-scaling,release,standard_hl_shared_origin_v1,saugeen/W/short,Toto-2.0-2.5B,toto2,Toto-2.0-2.5B,2454.281792,2454.281792,96,controlled,shared_origin_v1:Hmax=720,720,720,1024,controlled,2671,2671,1024,1024,256,256,100,[],merged,2,1,96,3321.7142910957336,,100,,float32,native_horizon,96,,direct_full_horizon,887.4156901041666,887.4156901041666,18.204305013020832,1.5527111946085208,0.4189215103785197,0.5290409723917643,9.736521225774355,29.789523160066974,0.860939253876368,0.5261178801363783,0.42535398996201385,1.5527111946085208,2.322296545884376,0.6686102157626118,-0.4025540257790171,0.42535398996201385,1.4049036993226194,0.30276380521106194,-1.1948022982126283,Nature,1
saugeen/W/short|H=96|L=2048|Hsrc=controlled|Lsrc=controlled|origins=shared_origin_v1:Hmax=720,joint-scaling,release,standard_hl_shared_origin_v1,saugeen/W/short,Toto-2.0-2.5B,toto2,Toto-2.0-2.5B,2454.281792,2454.281792,96,controlled,shared_origin_v1:Hmax=720,720,720,2048,controlled,2671,2671,2048,2048,256,256,100,[],merged,2,1,96,3321.7142910957336,,100,,float32,native_horizon,96,,direct_full_horizon,973.1365559895834,973.1365559895834,19.110008239746094,1.629961908116748,0.4302023649215698,0.5728128751118978,12.486723366047551,31.19513673618988,0.9015625259228289,0.5522933733143132,0.45501543535401767,1.629961908116748,2.322296545884376,0.701875008601034,-0.35399994123506223,0.45501543535401767,1.4049036993226194,0.32387660134527757,-1.1273926957808549,Nature,1
saugeen/W/short|H=96|L=4096|Hsrc=controlled|Lsrc=controlled|origins=shared_origin_v1:Hmax=720,joint-scaling,release,standard_hl_shared_origin_v1,saugeen/W/short,Toto-2.0-2.5B,toto2,Toto-2.0-2.5B,2454.281792,2454.281792,96,controlled,shared_origin_v1:Hmax=720,720,720,4096,controlled,2671,2671,2671,2671,256,256,100,[],merged,2,1,96,3321.7142910957336,,100,,float32,native_horizon,96,,direct_full_horizon,894.2166341145834,894.2166341145834,18.04803212483724,1.5393821735710225,0.4112236499786377,0.5323472023010254,10.411328843986313,29.903455220335047,0.8642319746907542,0.5216014780768031,0.4283383240213744,1.5393821735710225,2.322296545884376,0.6628706296356289,-0.41117543659107436,0.4283383240213744,1.4049036993226194,0.30488803198959447,-1.1878106780062858,Nature,1
saugeen/W/short|H=192|L=128|Hsrc=controlled|Lsrc=controlled|origins=shared_origin_v1:Hmax=720,joint-scaling,release,standard_hl_shared_origin_v1,saugeen/W/short,Toto-2.0-2.5B,toto2,Toto-2.0-2.5B,2454.281792,2454.281792,192,controlled,shared_origin_v1:Hmax=720,720,720,128,controlled,2671,2671,128,128,256,256,100,[],merged,2,1,192,6644.128565788269,,100,,float32,native_horizon,192,,direct_full_horizon,1137.2588704427083,1137.2588704427083,21.49840799967448,1.8336770772385378,0.8919124603271484,0.6136235396067301,26.406253907897746,33.72326897622335,0.9745247370400179,0.6212544346585479,0.5452427828670247,1.8336770772385378,2.5613281149382647,0.7159086985162518,-0.3342026361911071,0.5452427828670247,1.9253131793188218,0.2831969306208833,-1.2616127554244019,Nature,1
saugeen/W/short|H=192|L=256|Hsrc=controlled|Lsrc=controlled|origins=shared_origin_v1:Hmax=720,joint-scaling,release,standard_hl_shared_origin_v1,saugeen/W/short,Toto-2.0-2.5B,toto2,Toto-2.0-2.5B,2454.281792,2454.281792,192,controlled,shared_origin_v1:Hmax=720,720,720,256,controlled,2671,2671,256,256,256,256,100,[],merged,2,1,192,6644.128565788269,,100,,float32,native_horizon,192,,direct_full_horizon,1370.9280598958333,1370.9280598958333,21.356913248697918,1.8216085176129544,0.6109952131907145,0.6248465379079183,18.76146613159148,37.02604569618302,1.069967370931468,0.6171655625185073,0.515313737987698,1.8216085176129544,2.5613281149382647,0.7111968618893094,-0.3408060072087835,0.515313737987698,1.9253131793188218,0.26765190386844834,-1.3180680088915717,Nature,1
saugeen/W/short|H=192|L=512|Hsrc=controlled|Lsrc=controlled|origins=shared_origin_v1:Hmax=720,joint-scaling,release,standard_hl_shared_origin_v1,saugeen/W/short,Toto-2.0-2.5B,toto2,Toto-2.0-2.5B,2454.281792,2454.281792,192,controlled,shared_origin_v1:Hmax=720,720,720,512,controlled,2671,2671,512,512,256,256,100,[],merged,2,1,192,6644.128565788269,,100,,float32,native_horizon,192,,direct_full_horizon,1034.661865234375,1034.661865234375,18.877997080485027,1.610172790708163,0.574635903040568,0.5287737051645914,14.167959909184395,32.166160250088524,0.9295278841860097,0.5455305994704364,0.4523703249056528,1.610172790708163,2.5613281149382647,0.6286476071992724,-0.4641844222028394,0.4523703249056528,1.9253131793188218,0.23495934571314886,-1.4483427767690031,Nature,1
saugeen/W/short|H=192|L=1024|Hsrc=controlled|Lsrc=controlled|origins=shared_origin_v1:Hmax=720,joint-scaling,release,standard_hl_shared_origin_v1,saugeen/W/short,Toto-2.0-2.5B,toto2,Toto-2.0-2.5B,2454.281792,2454.281792,192,controlled,shared_origin_v1:Hmax=720,720,720,1024,controlled,2671,2671,1024,1024,256,256,100,[],merged,2,1,192,6644.128565788269,,100,,float32,native_horizon,192,,direct_full_horizon,883.431884765625,883.431884765625,16.95035680135091,1.445757308457133,0.3722461462020874,0.4655020634333293,10.160867045930496,29.72258206760686,0.8589141074670734,0.4898262388565415,0.390630268752204,1.445757308457133,2.5613281149382647,0.5644561116653263,-0.5718926456862402,0.390630268752204,1.9253131793188218,0.20289180635558185,-1.5950824156390977,Nature,1
saugeen/W/short|H=192|L=2048|Hsrc=controlled|Lsrc=controlled|origins=shared_origin_v1:Hmax=720,joint-scaling,release,standard_hl_shared_origin_v1,saugeen/W/short,Toto-2.0-2.5B,toto2,Toto-2.0-2.5B,2454.281792,2454.281792,192,controlled,shared_origin_v1:Hmax=720,720,720,2048,controlled,2671,2671,2048,2048,256,256,100,[],merged,2,1,192,6644.128565788269,,100,,float32,native_horizon,192,,direct_full_horizon,966.0978190104166,966.0978190104166,17.79627736409505,1.5179089380008162,0.39075664679209393,0.4955297311147054,11.842587184530153,31.082114133540156,0.8982014502802875,0.514271393166647,0.413507732157193,1.5179089380008162,2.5613281149382647,0.5926257277027556,-0.523192229829361,0.413507732157193,1.9253131793188218,0.21477426976503247,-1.5381677104636458,Nature,1
saugeen/W/short|H=192|L=4096|Hsrc=controlled|Lsrc=controlled|origins=shared_origin_v1:Hmax=720,joint-scaling,release,standard_hl_shared_origin_v1,saugeen/W/short,Toto-2.0-2.5B,toto2,Toto-2.0-2.5B,2454.281792,2454.281792,192,controlled,shared_origin_v1:Hmax=720,720,720,4096,controlled,2671,2671,2671,2671,256,256,100,[],merged,2,1,192,6644.128565788269,,100,,float32,native_horizon,192,,direct_full_horizon,917.2063802083334,917.2063802083334,17.15254847208659,1.4630030152741507,0.3719619909922282,0.4677787224451701,10.749264604034272,30.2854153051982,0.8751786906321218,0.495669112063593,0.3987985109695316,1.4630030152741507,2.5613281149382647,0.5711892227870279,-0.5600347358045282,0.3987985109695316,1.9253131793188218,0.20713435884266218,-1.5743876197412343,Nature,1
saugeen/W/short|H=336|L=128|Hsrc=controlled|Lsrc=controlled|origins=shared_origin_v1:Hmax=720,joint-scaling,release,standard_hl_shared_origin_v1,saugeen/W/short,Toto-2.0-2.5B,toto2,Toto-2.0-2.5B,2454.281792,2454.281792,336,controlled,shared_origin_v1:Hmax=720,720,720,128,controlled,2671,2671,128,128,256,256,100,[],merged,2,1,336,10768.314269065857,,100,,float32,native_horizon,336,,direct_full_horizon,1260.690662202381,1260.690662202381,20.987080891927082,1.790064242870558,0.9175032661074684,0.6152140299479166,35.726563767452056,35.50620596744154,1.1078879114191458,0.6548526541377796,0.6339791147647292,1.790064242870558,2.6937625935473966,0.6645219022487187,-0.4086874408773365,0.6339791147647292,2.7050943488662202,0.23436488085173346,-1.4508760582221343,Nature,1
saugeen/W/short|H=336|L=256|Hsrc=controlled|Lsrc=controlled|origins=shared_origin_v1:Hmax=720,joint-scaling,release,standard_hl_shared_origin_v1,saugeen/W/short,Toto-2.0-2.5B,toto2,Toto-2.0-2.5B,2454.281792,2454.281792,336,controlled,shared_origin_v1:Hmax=720,720,720,256,controlled,2671,2671,256,256,256,256,100,[],merged,2,1,336,10768.314269065857,,100,,float32,native_horizon,336,,direct_full_horizon,1260.690662202381,1260.690662202381,20.987080891927082,1.790064242870558,0.9175032661074684,0.6152140299479166,35.726563767452056,35.50620596744154,1.1078879114191458,0.6548526541377796,0.6339791147647292,1.790064242870558,2.6937625935473966,0.6645219022487187,-0.4086874408773365,0.6339791147647292,2.7050943488662202,0.23436488085173346,-1.4508760582221343,Nature,1
saugeen/W/short|H=336|L=512|Hsrc=controlled|Lsrc=controlled|origins=shared_origin_v1:Hmax=720,joint-scaling,release,standard_hl_shared_origin_v1,saugeen/W/short,Toto-2.0-2.5B,toto2,Toto-2.0-2.5B,2454.281792,2454.281792,336,controlled,shared_origin_v1:Hmax=720,720,720,512,controlled,2671,2671,512,512,256,256,100,[],merged,2,1,336,10768.314269065857,,100,,float32,native_horizon,336,,direct_full_horizon,1521.0731026785713,1521.0731026785713,20.567010788690474,1.7542349772456087,0.5800258091517857,0.6240505945114863,19.245974399261353,39.00093720256696,1.2169328060667093,0.6417453514383251,0.5351484805769288,1.7542349772456087,2.6937625935473966,0.6512210769604122,-0.42890609847788586,0.5351484805769288,2.7050943488662202,0.19782987635947866,-1.6203478279260113,Nature,1
saugeen/W/short|H=336|L=1024|Hsrc=controlled|Lsrc=controlled|origins=shared_origin_v1:Hmax=720,joint-scaling,release,standard_hl_shared_origin_v1,saugeen/W/short,Toto-2.0-2.5B,toto2,Toto-2.0-2.5B,2454.281792,2454.281792,336,controlled,shared_origin_v1:Hmax=720,720,720,1024,controlled,2671,2671,1024,1024,256,256,100,[],merged,2,1,336,10768.314269065857,,100,,float32,native_horizon,336,,direct_full_horizon,985.6872209821429,985.6872209821429,15.173459007626487,1.2941994026559562,0.3406479245140439,0.4097884041922433,10.83436235764078,31.395656084594616,0.9796278396821811,0.4734522135194678,0.39001976943942207,1.2941994026559562,2.6937625935473966,0.48044300776767207,-0.733046667871534,0.39001976943942207,2.7050943488662202,0.14417972874139867,-1.9366946413960255,Nature,1
saugeen/W/short|H=336|L=2048|Hsrc=controlled|Lsrc=controlled|origins=shared_origin_v1:Hmax=720,joint-scaling,release,standard_hl_shared_origin_v1,saugeen/W/short,Toto-2.0-2.5B,toto2,Toto-2.0-2.5B,2454.281792,2454.281792,336,controlled,shared_origin_v1:Hmax=720,720,720,2048,controlled,2671,2671,2048,2048,256,256,100,[],merged,2,1,336,10768.314269065857,,100,,float32,native_horizon,336,,direct_full_horizon,960.2340029761905,960.2340029761905,15.498189290364584,1.3218966672037078,0.36747871126447407,0.4322842643374488,11.59120885778527,30.987642746362468,0.9668967400670977,0.48358466064848954,0.397825355242748,1.3218966672037078,2.6937625935473966,0.4907250068622089,-0.7118713755744074,0.397825355242748,2.7050943488662202,0.14706524207168137,-1.9168789670470905,Nature,1
saugeen/W/short|H=336|L=4096|Hsrc=controlled|Lsrc=controlled|origins=shared_origin_v1:Hmax=720,joint-scaling,release,standard_hl_shared_origin_v1,saugeen/W/short,Toto-2.0-2.5B,toto2,Toto-2.0-2.5B,2454.281792,2454.281792,336,controlled,shared_origin_v1:Hmax=720,720,720,4096,controlled,2671,2671,2671,2671,256,256,100,[],merged,2,1,336,10768.314269065857,,100,,float32,native_horizon,336,,direct_full_horizon,956.8932291666666,956.8932291666666,15.322469075520834,1.3069089297527152,0.3589856284005301,0.41903613862537203,10.955450706935919,30.93369084294124,0.9652132974133475,0.47810172332773265,0.3930707693931719,1.3069089297527152,2.6937625935473966,0.4851611396205693,-0.7232741965859976,0.3930707693931719,2.7050943488662202,0.14530760066018353,-1.928902399655764,Nature,1
saugeen/W/short|H=720|L=128|Hsrc=controlled|Lsrc=controlled|origins=shared_origin_v1:Hmax=720,joint-scaling,release,standard_hl_shared_origin_v1,saugeen/W/short,Toto-2.0-2.5B,toto2,Toto-2.0-2.5B,2454.281792,2454.281792,720,controlled,shared_origin_v1:Hmax=720,720,720,128,controlled,2671,2671,128,128,256,256,100,[],merged,2,1,720,23266.02853870392,,100,,float32,native_horizon,720,,direct_full_horizon,1374.8499131944445,1374.8499131944445,21.251912434895832,1.8126526281454358,0.9015082465277777,0.6182933383517795,41.98077750673559,37.07896861017637,1.147460872186061,0.657670342304901,0.663879669083367,1.8126526281454358,2.73253347642006,0.6633597149998044,-0.41043787936607906,0.663879669083367,3.8595468091044376,0.17200974671878963,-1.760204136804489,Nature,1
saugeen/W/short|H=720|L=256|Hsrc=controlled|Lsrc=controlled|origins=shared_origin_v1:Hmax=720,joint-scaling,release,standard_hl_shared_origin_v1,saugeen/W/short,Toto-2.0-2.5B,toto2,Toto-2.0-2.5B,2454.281792,2454.281792,720,controlled,shared_origin_v1:Hmax=720,720,720,256,controlled,2671,2671,256,256,256,256,100,[],merged,2,1,720,23266.02853870392,,100,,float32,native_horizon,720,,direct_full_horizon,1374.8499131944445,1374.8499131944445,21.251912434895832,1.8126526281454358,0.9015082465277777,0.6182933383517795,41.98077750673559,37.07896861017637,1.147460872186061,0.657670342304901,0.663879669083367,1.8126526281454358,2.73253347642006,0.6633597149998044,-0.41043787936607906,0.663879669083367,3.8595468091044376,0.17200974671878963,-1.760204136804489,Nature,1
saugeen/W/short|H=720|L=512|Hsrc=controlled|Lsrc=controlled|origins=shared_origin_v1:Hmax=720,joint-scaling,release,standard_hl_shared_origin_v1,saugeen/W/short,Toto-2.0-2.5B,toto2,Toto-2.0-2.5B,2454.281792,2454.281792,720,controlled,shared_origin_v1:Hmax=720,720,720,512,controlled,2671,2671,512,512,256,256,100,[],merged,2,1,720,23266.02853870392,,100,,float32,native_horizon,720,,direct_full_horizon,1374.8499131944445,1374.8499131944445,21.251912434895832,1.8126526281454358,0.9015082465277777,0.6182933383517795,41.98077750673559,37.07896861017637,1.147460872186061,0.657670342304901,0.663879669083367,1.8126526281454358,2.73253347642006,0.6633597149998044,-0.41043787936607906,0.663879669083367,3.8595468091044376,0.17200974671878963,-1.760204136804489,Nature,1
saugeen/W/short|H=720|L=1024|Hsrc=controlled|Lsrc=controlled|origins=shared_origin_v1:Hmax=720,joint-scaling,release,standard_hl_shared_origin_v1,saugeen/W/short,Toto-2.0-2.5B,toto2,Toto-2.0-2.5B,2454.281792,2454.281792,720,controlled,shared_origin_v1:Hmax=720,720,720,1024,controlled,2671,2671,1024,1024,256,256,100,[],merged,2,1,720,23266.02853870392,,100,,float32,native_horizon,720,,direct_full_horizon,1381.1583333333333,1381.1583333333333,17.87923041449653,1.524984450801901,0.4835836622450087,0.4923709445529514,17.206655001524375,37.163938614379035,1.1500903885611546,0.5532979501431756,0.4815783914673508,1.524984450801901,2.73253347642006,0.5580844531133833,-0.5832449783874698,0.4815783914673508,3.8595468091044376,0.12477589087178229,-2.0812360238260075,Nature,1
saugeen/W/short|H=720|L=2048|Hsrc=controlled|Lsrc=controlled|origins=shared_origin_v1:Hmax=720,joint-scaling,release,standard_hl_shared_origin_v1,saugeen/W/short,Toto-2.0-2.5B,toto2,Toto-2.0-2.5B,2454.281792,2454.281792,720,controlled,shared_origin_v1:Hmax=720,720,720,2048,controlled,2671,2671,2048,2048,256,256,100,[],merged,2,1,720,23266.02853870392,,100,,float32,native_horizon,720,,direct_full_horizon,1152.2604166666667,1152.2604166666667,15.750135633680555,1.3433861197896502,0.3433555179172092,0.41379432678222655,11.186894458620836,33.94496157998513,1.0504746135307026,0.4874101154559025,0.40109644385938614,1.3433861197896502,2.73253347642006,0.4916265917260212,-0.7100358105521681,0.40109644385938614,3.8595468091044376,0.10392319712594854,-2.2641031418317894,Nature,1
saugeen/W/short|H=720|L=4096|Hsrc=controlled|Lsrc=controlled|origins=shared_origin_v1:Hmax=720,joint-scaling,release,standard_hl_shared_origin_v1,saugeen/W/short,Toto-2.0-2.5B,toto2,Toto-2.0-2.5B,2454.281792,2454.281792,720,controlled,shared_origin_v1:Hmax=720,720,720,4096,controlled,2671,2671,2671,2671,256,256,100,[],merged,2,1,720,23266.02853870392,,100,,float32,native_horizon,720,,direct_full_horizon,1101.5572048611111,1101.5572048611111,15.471321614583333,1.3196051244203297,0.34861085679796006,0.4062488979763455,11.339954524679516,33.18971534769636,1.0271024558655761,0.47878182320499035,0.39543657492313655,1.3196051244203297,2.73253347642006,0.4829236808286673,-0.7278966485212642,0.39543657492313655,3.8595468091044376,0.10245673766420596,-2.2783146410696724,Nature,1
solar/10T/short|H=48|L=128|Hsrc=controlled|Lsrc=controlled|origins=shared_origin_v1:Hmax=720,joint-scaling,release,standard_hl_shared_origin_v1,solar/10T/short,Toto-2.0-2.5B,toto2,Toto-2.0-2.5B,2454.281792,2454.281792,48,controlled,shared_origin_v1:Hmax=720,720,720,128,controlled,46800,51840,128,128,256,256,100,[],merged,2,137,52608,25625.249984469265,,100,,float32,native_horizon,48,,direct_full_horizon,9.705829258382755,9.705829258382755,1.1835275752120935,0.5251991117565369,6.752128940520315,1.9448653172402486,13.022338203770188,3.115417990957675,6.395875543365782,2.4297526351740433,3.1327986430113604,0.5251991117565369,0.06312709153425175,8.319710270060078,2.118627430916685,3.1327986430113604,2.7053515916525894,1.1580005544113625,0.14669485791697776,Energy,1
solar/10T/short|H=48|L=256|Hsrc=controlled|Lsrc=controlled|origins=shared_origin_v1:Hmax=720,joint-scaling,release,standard_hl_shared_origin_v1,solar/10T/short,Toto-2.0-2.5B,toto2,Toto-2.0-2.5B,2454.281792,2454.281792,48,controlled,shared_origin_v1:Hmax=720,720,720,256,controlled,46800,51840,256,256,256,256,100,[],merged,2,137,52608,25625.249984469265,,100,,float32,native_horizon,48,,direct_full_horizon,3.4257539670252743,3.4257539670252743,0.4009333538603029,0.16472422221582725,2.1079635905794585,1.925244045953681,13.950791134339765,1.850879241610666,3.7998089853432746,0.8231061898973183,1.501180918051442,0.16472422221582725,0.06312709153425175,2.6094061711436605,0.959122674813243,1.501180918051442,2.7053515916525894,0.554893095109472,-0.5889798052139664,Energy,1
solar/10T/short|H=48|L=512|Hsrc=controlled|Lsrc=controlled|origins=shared_origin_v1:Hmax=720,joint-scaling,release,standard_hl_shared_origin_v1,solar/10T/short,Toto-2.0-2.5B,toto2,Toto-2.0-2.5B,2454.281792,2454.281792,48,controlled,shared_origin_v1:Hmax=720,720,720,512,controlled,46800,51840,512,512,256,256,100,[],merged,2,137,52608,25625.249984469265,,100,,float32,native_horizon,48,,direct_full_horizon,1.593200588458356,1.593200588458356,0.2596743008226084,0.10644376055466888,2.712356649357636,1.8784693650665654,2.379082273659391,1.2622204991436148,2.5913072480928845,0.5331048721848682,0.5756882903736092,0.10644376055466888,0.06312709153425175,1.686181922335424,0.5224667554997476,0.5756882903736092,2.7053515916525894,0.21279610833205773,-1.5474208095951363,Energy,1
solar/10T/short|H=48|L=1024|Hsrc=controlled|Lsrc=controlled|origins=shared_origin_v1:Hmax=720,joint-scaling,release,standard_hl_shared_origin_v1,solar/10T/short,Toto-2.0-2.5B,toto2,Toto-2.0-2.5B,2454.281792,2454.281792,48,controlled,shared_origin_v1:Hmax=720,720,720,1024,controlled,46800,51840,1024,1024,256,256,100,[],merged,2,137,52608,25625.249984469265,,100,,float32,native_horizon,48,,direct_full_horizon,0.6899052675623093,0.6899052675623093,0.15700041290617336,0.06550716565777892,1.354456031605889,1.8596159988366194,0.7986970083609836,0.830605362107848,1.7052121214916094,0.3223179374708072,0.2843746310360229,0.06550716565777892,0.06312709153425175,1.0377028953129541,0.03700951575043612,0.2843746310360229,2.7053515916525894,0.10511559085830688,-2.252694669015281,Energy,1
solar/10T/short|H=48|L=2048|Hsrc=controlled|Lsrc=controlled|origins=shared_origin_v1:Hmax=720,joint-scaling,release,standard_hl_shared_origin_v1,solar/10T/short,Toto-2.0-2.5B,toto2,Toto-2.0-2.5B,2454.281792,2454.281792,48,controlled,shared_origin_v1:Hmax=720,720,720,2048,controlled,46800,51840,2048,2048,256,256,100,[],merged,2,137,52608,25625.249984469265,,100,,float32,native_horizon,48,,direct_full_horizon,0.555437936109928,0.555437936109928,0.1367705091652789,0.05695043752212835,1.476332369329258,1.853368912300054,0.5192017988362597,0.745277086800559,1.5300352974572495,0.28078644893329086,0.23326174037705918,0.05695043752212835,0.06312709153425175,0.9021552575605032,-0.10296864783291393,0.23326174037705918,2.7053515916525894,0.08622233838174397,-2.450825988925097,Energy,1
solar/10T/short|H=48|L=4096|Hsrc=controlled|Lsrc=controlled|origins=shared_origin_v1:Hmax=720,joint-scaling,release,standard_hl_shared_origin_v1,solar/10T/short,Toto-2.0-2.5B,toto2,Toto-2.0-2.5B,2454.281792,2454.281792,48,controlled,shared_origin_v1:Hmax=720,720,720,4096,controlled,46800,51840,4096,4096,256,256,100,[],merged,2,137,52608,25625.249984469265,,100,,float32,native_horizon,48,,direct_full_horizon,1.3506339251850064,1.3506339251850064,0.255598918074819,0.11242086829489738,1.2363732063768074,1.9091632223266561,0.5662741973925848,1.1621677698099386,2.3859014866670982,0.5247382129044458,0.37997138336906217,0.11242086829489738,0.06312709153425175,1.7808656404501009,0.5770995609508539,0.37997138336906217,2.7053515916525894,0.140451756637278,-1.9628912183027083,Energy,1
solar/10T/short|H=96|L=128|Hsrc=controlled|Lsrc=controlled|origins=shared_origin_v1:Hmax=720,joint-scaling,release,standard_hl_shared_origin_v1,solar/10T/short,Toto-2.0-2.5B,toto2,Toto-2.0-2.5B,2454.281792,2454.281792,96,controlled,shared_origin_v1:Hmax=720,720,720,128,controlled,46800,51840,128,128,256,256,100,[],merged,2,137,105216,788758.9999858476,,100,,float32,native_horizon,96,,direct_full_horizon,160.39428785189514,160.39428785189514,7.496063622244953,3.264466897116183,0.9973220525731031,1.9943209645811948,34.476360409815754,12.664686646415502,1.6893977377287137,0.999932590426577,0.8323005354189841,3.264466897116183,1.1131332342854092,2.9326829857989565,1.0759176988481722,0.8323005354189841,0.37923992534823775,2.1946543066496034,0.7860245428482743,Energy,1
solar/10T/short|H=96|L=256|Hsrc=controlled|Lsrc=controlled|origins=shared_origin_v1:Hmax=720,joint-scaling,release,standard_hl_shared_origin_v1,solar/10T/short,Toto-2.0-2.5B,toto2,Toto-2.0-2.5B,2454.281792,2454.281792,96,controlled,shared_origin_v1:Hmax=720,720,720,256,controlled,46800,51840,256,256,256,256,100,[],merged,2,137,105216,788758.9999858476,,100,,float32,native_horizon,96,,direct_full_horizon,124.23427045316302,124.23427045316302,6.541197830163069,2.8560131985507833,1.1353758414403683,1.8007176624307377,40.40430261938868,11.146042815868016,1.4868192197305024,0.8725588816239007,0.6680507941529048,2.8560131985507833,1.1131332342854092,2.5657424561438407,0.9422478933245502,0.6680507941529048,0.37923992534823775,1.7615518554368081,0.5661951565928295,Energy,1
solar/10T/short|H=96|L=512|Hsrc=controlled|Lsrc=controlled|origins=shared_origin_v1:Hmax=720,joint-scaling,release,standard_hl_shared_origin_v1,solar/10T/short,Toto-2.0-2.5B,toto2,Toto-2.0-2.5B,2454.281792,2454.281792,96,controlled,shared_origin_v1:Hmax=720,720,720,512,controlled,46800,51840,512,512,256,256,100,[],merged,2,137,105216,788758.9999858476,,100,,float32,native_horizon,96,,direct_full_horizon,36.08268971686816,36.08268971686816,2.670804726816442,1.1682919429500824,1.279739975805783,1.2725600995674735,9.81269661199825,6.00688685733868,0.8012848127160345,0.35627028045545067,0.3017236020209058,1.1682919429500824,1.1131332342854092,1.0495526563808717,0.04836403184592191,0.3017236020209058,0.37923992534823775,0.7956008369737114,-0.22865767999971665,Energy,1
solar/10T/short|H=96|L=1024|Hsrc=controlled|Lsrc=controlled|origins=shared_origin_v1:Hmax=720,joint-scaling,release,standard_hl_shared_origin_v1,solar/10T/short,Toto-2.0-2.5B,toto2,Toto-2.0-2.5B,2454.281792,2454.281792,96,controlled,shared_origin_v1:Hmax=720,720,720,1024,controlled,46800,51840,1024,1024,256,256,100,[],merged,2,137,105216,788758.9999858476,,100,,float32,native_horizon,96,,direct_full_horizon,27.816650910389104,27.816650910389104,2.3683139773180883,1.0395844677435222,1.856640406819041,1.1799394707436848,6.6335237452130436,5.274149306797173,0.7035417579690731,0.3159197212861863,0.245692977959003,1.0395844677435222,1.1131332342854092,0.9339263582502748,-0.06835768941821967,0.245692977959003,0.37923992534823775,0.6478563082022416,-0.43408635382075417,Energy,1
solar/10T/short|H=96|L=2048|Hsrc=controlled|Lsrc=controlled|origins=shared_origin_v1:Hmax=720,joint-scaling,release,standard_hl_shared_origin_v1,solar/10T/short,Toto-2.0-2.5B,toto2,Toto-2.0-2.5B,2454.281792,2454.281792,96,controlled,shared_origin_v1:Hmax=720,720,720,2048,controlled,46800,51840,2048,2048,256,256,100,[],merged,2,137,105216,788758.9999858476,,100,,float32,native_horizon,96,,direct_full_horizon,25.420634545839036,25.420634545839036,2.2475846747702346,0.9937726688389779,2.0022434618901586,1.170639192683933,5.689553008994494,5.041887994178276,0.6725594094076641,0.29981511354528834,0.2281588172021097,0.9937726688389779,1.1131332342854092,0.8927706389765134,-0.11342557434689957,0.2281588172021097,0.37923992534823775,0.6016213007968569,-0.5081271000636477,Energy,1
solar/10T/short|H=96|L=4096|Hsrc=controlled|Lsrc=controlled|origins=shared_origin_v1:Hmax=720,joint-scaling,release,standard_hl_shared_origin_v1,solar/10T/short,Toto-2.0-2.5B,toto2,Toto-2.0-2.5B,2454.281792,2454.281792,96,controlled,shared_origin_v1:Hmax=720,720,720,4096,controlled,46800,51840,4096,4096,256,256,100,[],merged,2,137,105216,788758.9999858476,,100,,float32,native_horizon,96,,direct_full_horizon,47.62971381491408,47.62971381491408,3.627859231619359,1.6623493463176198,1.5099018868505865,1.3706050998340535,6.286930641991743,6.901428389465045,0.9206116056222281,0.48393595118523064,0.33737209798314943,1.6623493463176198,1.1131332342854092,1.4933965630671222,0.40105309820200563,0.33737209798314943,0.37923992534823775,0.8896006866190497,-0.11698258365714927,Energy,1
solar/10T/short|H=192|L=128|Hsrc=controlled|Lsrc=controlled|origins=shared_origin_v1:Hmax=720,joint-scaling,release,standard_hl_shared_origin_v1,solar/10T/short,Toto-2.0-2.5B,toto2,Toto-2.0-2.5B,2454.281792,2454.281792,192,controlled,shared_origin_v1:Hmax=720,720,720,128,controlled,46800,51840,128,128,256,256,100,[],merged,2,137,210432,815527.549981378,,100,,float32,native_horizon,192,,direct_full_horizon,81.49574981466696,81.49574981466696,3.8754920402582544,1.6842033626785555,1.0,2.0,67.36813450729485,9.02749964357058,2.3293815212486964,0.9999999890061924,1.0000000110030083,1.6842033626785555,0.5851880213648835,2.878055088602712,1.0571147495615922,1.0000000110030083,0.5695499043319253,1.7557724150195326,0.5629088826105748,Energy,1
solar/10T/short|H=192|L=256|Hsrc=controlled|Lsrc=controlled|origins=shared_origin_v1:Hmax=720,joint-scaling,release,standard_hl_shared_origin_v1,solar/10T/short,Toto-2.0-2.5B,toto2,Toto-2.0-2.5B,2454.281792,2454.281792,192,controlled,shared_origin_v1:Hmax=720,720,720,256,controlled,46800,51840,256,256,256,256,100,[],merged,2,137,210432,815527.549981378,,100,,float32,native_horizon,192,,direct_full_horizon,67.29394018911097,67.29394018911097,4.12498116783272,1.8081039177239007,2.069241091796206,1.8580431544822236,35.80740057338458,8.203288376566496,2.1167088465583515,1.0643761049264318,1.0729785518462402,1.8081039177239007,0.5851880213648835,3.089782859031713,1.1281008162824286,1.0729785518462402,0.5695499043319253,1.8839061225105993,0.6333473460966446,Energy,1
solar/10T/short|H=192|L=512|Hsrc=controlled|Lsrc=controlled|origins=shared_origin_v1:Hmax=720,joint-scaling,release,standard_hl_shared_origin_v1,solar/10T/short,Toto-2.0-2.5B,toto2,Toto-2.0-2.5B,2454.281792,2454.281792,192,controlled,shared_origin_v1:Hmax=720,720,720,512,controlled,46800,51840,512,512,256,256,100,[],merged,2,137,210432,815527.549981378,,100,,float32,native_horizon,192,,direct_full_horizon,24.581032040635456,24.581032040635456,1.698787413084304,0.7294467942053479,1.7522430438966887,1.6297298921717744,9.84350540471175,4.957926183459719,1.2793023640484233,0.4383410872119759,0.40017627648863324,0.7294467942053479,0.5851880213648835,1.246516961341754,0.2203532310623877,0.40017627648863324,0.5695499043319253,0.702618459673055,-0.3529412661208625,Energy,1
solar/10T/short|H=192|L=1024|Hsrc=controlled|Lsrc=controlled|origins=shared_origin_v1:Hmax=720,joint-scaling,release,standard_hl_shared_origin_v1,solar/10T/short,Toto-2.0-2.5B,toto2,Toto-2.0-2.5B,2454.281792,2454.281792,192,controlled,shared_origin_v1:Hmax=720,720,720,1024,controlled,46800,51840,1024,1024,256,256,100,[],merged,2,137,210432,815527.549981378,,100,,float32,native_horizon,192,,direct_full_horizon,16.13717176154292,16.13717176154292,1.3268269958867354,0.5814731676386161,1.9714821040704202,1.565171803028401,4.226014946018811,4.017109876707746,1.036541887021066,0.3423634902399226,0.28094829363461465,0.5814731676386161,0.5851880213648835,0.9936518630070335,-0.006368372096871915,0.28094829363461465,0.5695499043319253,0.4932812585828864,-0.7066757633901921,Energy,1
solar/10T/short|H=192|L=2048|Hsrc=controlled|Lsrc=controlled|origins=shared_origin_v1:Hmax=720,joint-scaling,release,standard_hl_shared_origin_v1,solar/10T/short,Toto-2.0-2.5B,toto2,Toto-2.0-2.5B,2454.281792,2454.281792,192,controlled,shared_origin_v1:Hmax=720,720,720,2048,controlled,46800,51840,2048,2048,256,256,100,[],merged,2,137,210432,815527.549981378,,100,,float32,native_horizon,192,,direct_full_horizon,13.166010668678005,13.166010668678005,1.1973914334373752,0.5271807819412544,2.0012755127779855,1.5465919349204904,3.061563514094231,3.628499782097004,0.9362681446674266,0.3089650056909142,0.23653680497232726,0.5271807819412544,0.5851880213648835,0.9008741852091677,-0.10438967018176752,0.23653680497232726,0.5695499043319253,0.4153047927376652,-0.8787425879890355,Energy,1
solar/10T/short|H=192|L=4096|Hsrc=controlled|Lsrc=controlled|origins=shared_origin_v1:Hmax=720,joint-scaling,release,standard_hl_shared_origin_v1,solar/10T/short,Toto-2.0-2.5B,toto2,Toto-2.0-2.5B,2454.281792,2454.281792,192,controlled,shared_origin_v1:Hmax=720,720,720,4096,controlled,46800,51840,4096,4096,256,256,100,[],merged,2,137,210432,815527.549981378,,100,,float32,native_horizon,192,,direct_full_horizon,12.609466144348293,12.609466144348293,1.2020286272332037,0.5299767255402763,2.1441682270346427,1.5593012556832493,3.455885822922831,3.550981011544316,0.916265840728932,0.31016154891605235,0.2337608184094904,0.5299767255402763,0.5851880213648835,0.9056520403547681,-0.09910010812821148,0.2337608184094904,0.5695499043319253,0.4104307921598,-0.8905479583110169,Energy,1
solar/10T/short|H=336|L=128|Hsrc=controlled|Lsrc=controlled|origins=shared_origin_v1:Hmax=720,joint-scaling,release,standard_hl_shared_origin_v1,solar/10T/short,Toto-2.0-2.5B,toto2,Toto-2.0-2.5B,2454.281792,2454.281792,336,controlled,shared_origin_v1:Hmax=720,720,720,128,controlled,46800,51840,128,128,256,256,100,[],merged,2,137,368256,1659666.549766235,,100,,float32,native_horizon,336,,direct_full_horizon,95.33866080932829,95.33866080932829,4.506828151645866,1.964138915676564,1.0,2.0,78.56555663549717,9.764151822320681,2.166524049054903,0.9999999747215879,1.0000000252873056,1.964138915676564,0.8330046030785475,2.357896833243978,0.8577700493531123,1.0000000252873056,0.6140800217385534,1.6284523024477402,0.4876300560499102,Energy,1
solar/10T/short|H=336|L=256|Hsrc=controlled|Lsrc=controlled|origins=shared_origin_v1:Hmax=720,joint-scaling,release,standard_hl_shared_origin_v1,solar/10T/short,Toto-2.0-2.5B,toto2,Toto-2.0-2.5B,2454.281792,2454.281792,336,controlled,shared_origin_v1:Hmax=720,720,720,256,controlled,46800,51840,256,256,256,256,100,[],merged,2,137,368256,1659666.549766235,,100,,float32,native_horizon,336,,direct_full_horizon,95.33866080932829,95.33866080932829,4.506828151645866,1.964138915676564,1.0,2.0,78.56555663549717,9.764151822320681,2.166524049054903,0.9999999747215879,1.0000000252873056,1.964138915676564,0.8330046030785475,2.357896833243978,0.8577700493531123,1.0000000252873056,0.6140800217385534,1.6284523024477402,0.4876300560499102,Energy,1
solar/10T/short|H=336|L=512|Hsrc=controlled|Lsrc=controlled|origins=shared_origin_v1:Hmax=720,joint-scaling,release,standard_hl_shared_origin_v1,solar/10T/short,Toto-2.0-2.5B,toto2,Toto-2.0-2.5B,2454.281792,2454.281792,336,controlled,shared_origin_v1:Hmax=720,720,720,512,controlled,46800,51840,512,512,256,256,100,[],merged,2,137,368256,1659666.549766235,,100,,float32,native_horizon,336,,direct_full_horizon,85.07114666835028,85.07114666835028,4.426886660960718,1.9085775158902356,1.253631760837582,1.9021967097956314,37.223208746198075,9.223402120061246,2.0465395121710945,0.9822621143074604,0.960237766278039,1.9085775158902356,0.8330046030785475,2.291196841934219,0.8290743194374901,0.960237766278039,0.6140800217385534,1.5637013618509534,0.4470556787826952,Energy,1
solar/10T/short|H=336|L=1024|Hsrc=controlled|Lsrc=controlled|origins=shared_origin_v1:Hmax=720,joint-scaling,release,standard_hl_shared_origin_v1,solar/10T/short,Toto-2.0-2.5B,toto2,Toto-2.0-2.5B,2454.281792,2454.281792,336,controlled,shared_origin_v1:Hmax=720,720,720,1024,controlled,46800,51840,1024,1024,256,256,100,[],merged,2,137,368256,1659666.549766235,,100,,float32,native_horizon,336,,direct_full_horizon,26.417768481708375,26.417768481708375,1.9259630348436279,0.8482350668354933,1.7275154186364943,1.5551534458511216,7.902534177299236,5.139821833654195,1.140452116384919,0.4273433380092362,0.351991092539989,0.8482350668354933,0.8330046030785475,1.018283769021994,0.0181186307794338,0.351991092539989,0.6140800217385534,0.5732006905931397,-0.5565193782257412,Energy,1
solar/10T/short|H=336|L=2048|Hsrc=controlled|Lsrc=controlled|origins=shared_origin_v1:Hmax=720,joint-scaling,release,standard_hl_shared_origin_v1,solar/10T/short,Toto-2.0-2.5B,toto2,Toto-2.0-2.5B,2454.281792,2454.281792,336,controlled,shared_origin_v1:Hmax=720,720,720,2048,controlled,46800,51840,2048,2048,256,256,100,[],merged,2,137,368256,1659666.549766235,,100,,float32,native_horizon,336,,direct_full_horizon,21.59997331594733,21.59997331594733,1.717224709806154,0.7539016959255331,1.8021118597872667,1.515689104912329,4.38399977856043,4.647577144701025,1.0312301403195034,0.3810273231230971,0.29177427583405896,0.7539016959255331,0.8330046030785475,0.9050390515722572,-0.09977718530461314,0.29177427583405896,0.6140800217385534,0.4751404792619729,-0.7441447728569889,Energy,1
solar/10T/short|H=336|L=4096|Hsrc=controlled|Lsrc=controlled|origins=shared_origin_v1:Hmax=720,joint-scaling,release,standard_hl_shared_origin_v1,solar/10T/short,Toto-2.0-2.5B,toto2,Toto-2.0-2.5B,2454.281792,2454.281792,336,controlled,shared_origin_v1:Hmax=720,720,720,4096,controlled,46800,51840,4096,4096,256,256,100,[],merged,2,137,368256,1659666.549766235,,100,,float32,native_horizon,336,,direct_full_horizon,18.225675888512338,18.225675888512338,1.547913976622241,0.6801576024920606,1.8582900268810174,1.5046556133181794,3.736100979561373,4.2691540014986975,0.9472635188058357,0.3434597205416286,0.2601986029403884,0.6801576024920606,0.8330046030785475,0.8165112173190785,-0.20271462836950363,0.2601986029403884,0.6140800217385534,0.4237210033371983,-0.8586800513316044,Energy,1
solar/10T/short|H=720|L=128|Hsrc=controlled|Lsrc=controlled|origins=shared_origin_v1:Hmax=720,joint-scaling,release,standard_hl_shared_origin_v1,solar/10T/short,Toto-2.0-2.5B,toto2,Toto-2.0-2.5B,2454.281792,2454.281792,720,controlled,shared_origin_v1:Hmax=720,720,720,128,controlled,46800,51840,128,128,256,256,100,[],merged,2,137,789120,3651068.249705702,,100,,float32,native_horizon,720,,direct_full_horizon,94.56340528056569,94.56340528056569,4.626759188637343,2.0178572839866864,1.0,2.0,80.71429136522596,9.724371716494886,2.10176739630627,0.9999999893816824,1.0000000106275602,2.0178572839866864,0.8709317965851564,2.3168947234427764,0.8402278078373779,1.0000000106275602,0.673849495765364,1.4840109207053003,0.3947485036839474,Energy,1
solar/10T/short|H=720|L=256|Hsrc=controlled|Lsrc=controlled|origins=shared_origin_v1:Hmax=720,joint-scaling,release,standard_hl_shared_origin_v1,solar/10T/short,Toto-2.0-2.5B,toto2,Toto-2.0-2.5B,2454.281792,2454.281792,720,controlled,shared_origin_v1:Hmax=720,720,720,256,controlled,46800,51840,256,256,256,256,100,[],merged,2,137,789120,3651068.249705702,,100,,float32,native_horizon,720,,direct_full_horizon,94.56340528056569,94.56340528056569,4.626759188637343,2.0178572839866864,1.0,2.0,80.71429136522596,9.724371716494886,2.10176739630627,0.9999999893816824,1.0000000106275602,2.0178572839866864,0.8709317965851564,2.3168947234427764,0.8402278078373779,1.0000000106275602,0.673849495765364,1.4840109207053003,0.3947485036839474,Energy,1
solar/10T/short|H=720|L=512|Hsrc=controlled|Lsrc=controlled|origins=shared_origin_v1:Hmax=720,joint-scaling,release,standard_hl_shared_origin_v1,solar/10T/short,Toto-2.0-2.5B,toto2,Toto-2.0-2.5B,2454.281792,2454.281792,720,controlled,shared_origin_v1:Hmax=720,720,720,512,controlled,46800,51840,512,512,256,256,100,[],merged,2,137,789120,3651068.249705702,,100,,float32,native_horizon,720,,direct_full_horizon,94.56340528056569,94.56340528056569,4.626759188637343,2.0178572839866864,1.0,2.0,80.71429136522596,9.724371716494886,2.10176739630627,0.9999999893816824,1.0000000106275602,2.0178572839866864,0.8709317965851564,2.3168947234427764,0.8402278078373779,1.0000000106275602,0.673849495765364,1.4840109207053003,0.3947485036839474,Energy,1
solar/10T/short|H=720|L=1024|Hsrc=controlled|Lsrc=controlled|origins=shared_origin_v1:Hmax=720,joint-scaling,release,standard_hl_shared_origin_v1,solar/10T/short,Toto-2.0-2.5B,toto2,Toto-2.0-2.5B,2454.281792,2454.281792,720,controlled,shared_origin_v1:Hmax=720,720,720,1024,controlled,46800,51840,1024,1024,256,256,100,[],merged,2,137,789120,3651068.249705702,,100,,float32,native_horizon,720,,direct_full_horizon,59.5817583985959,59.5817583985959,3.5351922275762875,1.5362406246648013,1.8807619007506418,1.736223097295124,21.08323762323991,7.718922100824434,1.6683215408787717,0.7640752513596166,0.691945040951999,1.5362406246648013,0.8709317965851564,1.763904625698889,0.5675298890588013,0.691945040951999,0.673849495765364,1.0268539863876902,0.02649974594834097,Energy,1
solar/10T/short|H=720|L=2048|Hsrc=controlled|Lsrc=controlled|origins=shared_origin_v1:Hmax=720,joint-scaling,release,standard_hl_shared_origin_v1,solar/10T/short,Toto-2.0-2.5B,toto2,Toto-2.0-2.5B,2454.281792,2454.281792,720,controlled,shared_origin_v1:Hmax=720,720,720,2048,controlled,46800,51840,2048,2048,256,256,100,[],merged,2,137,789120,3651068.249705702,,100,,float32,native_horizon,720,,direct_full_horizon,23.67973228881539,23.67973228881539,1.9481800509388623,0.8500562722847125,2.4237714200470166,1.4799972785217717,6.870516556912385,4.866182517006056,1.0517475120135993,0.42106795508979994,0.33445187493432943,0.8500562722847125,0.8709317965851564,0.9760308162105288,-0.02426111908129485,0.33445187493432943,0.673849495765364,0.4963302295781288,-0.7005137883542345,Energy,1
solar/10T/short|H=720|L=4096|Hsrc=controlled|Lsrc=controlled|origins=shared_origin_v1:Hmax=720,joint-scaling,release,standard_hl_shared_origin_v1,solar/10T/short,Toto-2.0-2.5B,toto2,Toto-2.0-2.5B,2454.281792,2454.281792,720,controlled,shared_origin_v1:Hmax=720,720,720,4096,controlled,46800,51840,4096,4096,256,256,100,[],merged,2,137,789120,3651068.249705702,,100,,float32,native_horizon,720,,direct_full_horizon,20.706243208415703,20.706243208415703,1.7543570711084815,0.7667637181730349,2.8865678765019642,1.4526978132589254,4.501283850373201,4.5504113229922085,0.9834986194763828,0.37917621837518806,0.28838177496956835,0.7667637181730349,0.8709317965851564,0.880394677493054,-0.12738497490347292,0.28838177496956835,0.673849495765364,0.4279616988390291,-0.8487215760985495,Energy,1
solar/H/short|H=48|L=128|Hsrc=controlled|Lsrc=controlled|origins=shared_origin_v1:Hmax=720,joint-scaling,release,standard_hl_shared_origin_v1,solar/H/short,Toto-2.0-2.5B,toto2,Toto-2.0-2.5B,2454.281792,2454.281792,48,controlled,shared_origin_v1:Hmax=720,720,720,128,controlled,7320,8040,128,128,256,256,100,[],merged,2,137,13152,497771.299971804,,100,,float32,native_horizon,48,,direct_full_horizon,1148.1060295012164,1148.1060295012164,16.492822503231448,1.270439042689516,1.1456634823399496,1.4448903030432634,8.58697953849538,33.88371333695905,0.895267762189038,0.4357696025760966,0.325480184492733,1.270439042689516,0.9985551325387176,1.2722773147833741,0.24080845592296823,0.325480184492733,0.42567461696570436,0.7646220176641546,-0.2683736618171999,Energy,1
solar/H/short|H=48|L=256|Hsrc=controlled|Lsrc=controlled|origins=shared_origin_v1:Hmax=720,joint-scaling,release,standard_hl_shared_origin_v1,solar/H/short,Toto-2.0-2.5B,toto2,Toto-2.0-2.5B,2454.281792,2454.281792,48,controlled,shared_origin_v1:Hmax=720,720,720,256,controlled,7320,8040,256,256,256,256,100,[],merged,2,137,13152,497771.299971804,,100,,float32,native_horizon,48,,direct_full_horizon,944.3858348540145,944.3858348540145,13.260689914081508,1.006492069041005,1.0153761281521465,1.3715197338094967,6.404846304837474,30.730861277452256,0.8119638226308872,0.3503709309071838,0.262469788474947,1.006492069041005,0.9985551325387176,1.007948420917039,0.00791699861480217,0.262469788474947,0.42567461696570436,0.6165972271165363,-0.4835392605941458,Energy,1
solar/H/short|H=48|L=512|Hsrc=controlled|Lsrc=controlled|origins=shared_origin_v1:Hmax=720,joint-scaling,release,standard_hl_shared_origin_v1,solar/H/short,Toto-2.0-2.5B,toto2,Toto-2.0-2.5B,2454.281792,2454.281792,48,controlled,shared_origin_v1:Hmax=720,720,720,512,controlled,7320,8040,512,512,256,256,100,[],merged,2,137,13152,497771.299971804,,100,,float32,native_horizon,48,,direct_full_horizon,806.8683850364963,806.8683850364963,12.103836987720499,0.9325491583787162,1.049022087279571,1.350521386567461,5.755433344624986,28.405428795152808,0.7505217748291463,0.3198048261752279,0.23995931122094225,0.9325491583787162,0.9985551325387176,0.9338985179594557,-0.06838749980480976,0.23995931122094225,0.42567461696570436,0.56371533950373,-0.5732058720886416,Energy,1
solar/H/short|H=48|L=1024|Hsrc=controlled|Lsrc=controlled|origins=shared_origin_v1:Hmax=720,joint-scaling,release,standard_hl_shared_origin_v1,solar/H/short,Toto-2.0-2.5B,toto2,Toto-2.0-2.5B,2454.281792,2454.281792,48,controlled,shared_origin_v1:Hmax=720,720,720,1024,controlled,7320,8040,1024,1024,256,256,100,[],merged,2,137,13152,497771.299971804,,100,,float32,native_horizon,48,,direct_full_horizon,518.7634770377128,518.7634770377128,9.818662620228862,0.7514185356413954,1.0565238682646194,1.3045502822764599,5.223851181667935,22.776379805353457,0.6017923235368868,0.25942646912058764,0.20800042443860675,0.7514185356413954,0.9985551325387176,0.752505806796061,-0.28434656571637323,0.20800042443860675,0.42567461696570436,0.48863713303197703,-0.7161351242088144,Energy,1
solar/H/short|H=48|L=2048|Hsrc=controlled|Lsrc=controlled|origins=shared_origin_v1:Hmax=720,joint-scaling,release,standard_hl_shared_origin_v1,solar/H/short,Toto-2.0-2.5B,toto2,Toto-2.0-2.5B,2454.281792,2454.281792,48,controlled,shared_origin_v1:Hmax=720,720,720,2048,controlled,7320,8040,2048,2048,256,256,100,[],merged,2,137,13152,497771.299971804,,100,,float32,native_horizon,48,,direct_full_horizon,429.3940085158151,429.3940085158151,8.925287028588809,0.6819980348814778,1.0399950146676604,1.298340660522164,5.098789054098741,20.721824449498047,0.5475073295210788,0.23582190256177735,0.19027631286910485,0.6819980348814778,0.9985551325387176,0.6829848574785972,-0.3812825902594652,0.19027631286910485,0.42567461696570436,0.4469994340405667,-0.8051979504978559,Energy,1
solar/H/short|H=48|L=4096|Hsrc=controlled|Lsrc=controlled|origins=shared_origin_v1:Hmax=720,joint-scaling,release,standard_hl_shared_origin_v1,solar/H/short,Toto-2.0-2.5B,toto2,Toto-2.0-2.5B,2454.281792,2454.281792,48,controlled,shared_origin_v1:Hmax=720,720,720,4096,controlled,7320,8040,4096,4096,256,256,100,[],merged,2,137,13152,497771.299971804,,100,,float32,native_horizon,48,,direct_full_horizon,528.1391613442822,528.1391613442822,10.723800325045621,0.8178919826609722,0.9606668480427836,1.3223959372861542,5.139978067548697,22.981278496730383,0.6072061101275199,0.28334181155681154,0.2260919344279298,0.8178919826609722,0.9985551325387176,0.8190754381098326,-0.19957908934671975,0.2260919344279298,0.42567461696570436,0.5311379288705521,-0.6327335384182942,Energy,1
solar/H/short|H=96|L=128|Hsrc=controlled|Lsrc=controlled|origins=shared_origin_v1:Hmax=720,joint-scaling,release,standard_hl_shared_origin_v1,solar/H/short,Toto-2.0-2.5B,toto2,Toto-2.0-2.5B,2454.281792,2454.281792,96,controlled,shared_origin_v1:Hmax=720,720,720,128,controlled,7320,8040,128,128,256,256,100,[],merged,2,137,26304,1038078.1998032965,,100,,float32,native_horizon,96,,direct_full_horizon,2032.9379562043796,2032.9379562043796,22.057171675410583,1.6930863331755928,1.7420390518236368,1.5466511301750685,14.181769266006016,45.0881132473336,1.1424936301355675,0.5589095733442234,0.4154137070986037,1.6930863331755928,0.8598259443877844,1.9691035659328804,0.6775783965128965,0.4154137070986037,0.4221167147713504,0.9841204874429634,-0.01600694283747776,Energy,1
solar/H/short|H=96|L=256|Hsrc=controlled|Lsrc=controlled|origins=shared_origin_v1:Hmax=720,joint-scaling,release,standard_hl_shared_origin_v1,solar/H/short,Toto-2.0-2.5B,toto2,Toto-2.0-2.5B,2454.281792,2454.281792,96,controlled,shared_origin_v1:Hmax=720,720,720,256,controlled,7320,8040,256,256,256,256,100,[],merged,2,137,26304,1038078.1998032965,,100,,float32,native_horizon,96,,direct_full_horizon,621.8880018248175,621.8880018248175,11.154142430809003,0.848325601579682,0.6709225110125573,1.3348419857721259,7.67117261295956,24.937682366748067,0.631899212505607,0.28263628169399524,0.2255111401695826,0.848325601579682,0.8598259443877844,0.986624801352917,-0.013465452293596433,0.2255111401695826,0.4221167147713504,0.5342388308213194,-0.6269122912787812,Energy,1
solar/H/short|H=96|L=512|Hsrc=controlled|Lsrc=controlled|origins=shared_origin_v1:Hmax=720,joint-scaling,release,standard_hl_shared_origin_v1,solar/H/short,Toto-2.0-2.5B,toto2,Toto-2.0-2.5B,2454.281792,2454.281792,96,controlled,shared_origin_v1:Hmax=720,720,720,512,controlled,7320,8040,512,512,256,256,100,[],merged,2,137,26304,1038078.1998032965,,100,,float32,native_horizon,96,,direct_full_horizon,711.7427387469586,711.7427387469586,10.950275504676094,0.8405414837543639,0.6997722575945502,1.3340861002604167,6.682659980289323,26.678507056185857,0.6760101982094282,0.2774704708465888,0.22490218376247142,0.8405414837543639,0.8598259443877844,0.9775716692904034,-0.02268367084315571,0.22490218376247142,0.4221167147713504,0.5327962051545272,-0.6296162822390418,Energy,1
solar/H/short|H=96|L=1024|Hsrc=controlled|Lsrc=controlled|origins=shared_origin_v1:Hmax=720,joint-scaling,release,standard_hl_shared_origin_v1,solar/H/short,Toto-2.0-2.5B,toto2,Toto-2.0-2.5B,2454.281792,2454.281792,96,controlled,shared_origin_v1:Hmax=720,720,720,1024,controlled,7320,8040,1024,1024,256,256,100,[],merged,2,137,26304,1038078.1998032965,,100,,float32,native_horizon,96,,direct_full_horizon,387.45253573600974,387.45253573600974,8.882205118518096,0.6786576542958133,0.7355224866873071,1.291772401535888,5.060224397299988,19.683814054598507,0.4987707525216011,0.22506736340457928,0.18729650721352487,0.6786576542958133,0.8598259443877844,0.789296553244893,-0.23661316912782435,0.18729650721352487,0.4221167147713504,0.4437078671830811,-0.8125888898933383,Energy,1
solar/H/short|H=96|L=2048|Hsrc=controlled|Lsrc=controlled|origins=shared_origin_v1:Hmax=720,joint-scaling,release,standard_hl_shared_origin_v1,solar/H/short,Toto-2.0-2.5B,toto2,Toto-2.0-2.5B,2454.281792,2454.281792,96,controlled,shared_origin_v1:Hmax=720,720,720,2048,controlled,7320,8040,2048,2048,256,256,100,[],merged,2,137,26304,1038078.1998032965,,100,,float32,native_horizon,96,,direct_full_horizon,311.064657466545,311.064657466545,7.958238587762318,0.6046379340855534,0.7613992198453005,1.2893024082601505,5.020581850405929,17.637025187557708,0.44690690029077396,0.20165485399092883,0.17197107557076,0.6046379340855534,0.8598259443877844,0.7032096879980394,-0.35210015568951997,0.17197107557076,0.4221167147713504,0.40740171983929196,-0.897955553697871,Energy,1
solar/H/short|H=96|L=4096|Hsrc=controlled|Lsrc=controlled|origins=shared_origin_v1:Hmax=720,joint-scaling,release,standard_hl_shared_origin_v1,solar/H/short,Toto-2.0-2.5B,toto2,Toto-2.0-2.5B,2454.281792,2454.281792,96,controlled,shared_origin_v1:Hmax=720,720,720,4096,controlled,7320,8040,4096,4096,256,256,100,[],merged,2,137,26304,1038078.1998032965,,100,,float32,native_horizon,96,,direct_full_horizon,511.6198677007299,511.6198677007299,10.851748427045317,0.8345532117190969,0.8450608079691393,1.3196760117282542,4.932745938863106,22.619015621833103,0.5731462109785542,0.2749738802713402,0.21952718997448342,0.8345532117190969,0.8598259443877844,0.9706071527224243,-0.029833472655912217,0.21952718997448342,0.4221167147713504,0.5200627748024514,-0.6538057539188852,Energy,1
solar/H/short|H=192|L=128|Hsrc=controlled|Lsrc=controlled|origins=shared_origin_v1:Hmax=720,joint-scaling,release,standard_hl_shared_origin_v1,solar/H/short,Toto-2.0-2.5B,toto2,Toto-2.0-2.5B,2454.281792,2454.281792,192,controlled,shared_origin_v1:Hmax=720,720,720,128,controlled,7320,8040,128,128,256,256,100,[],merged,2,137,52608,1826336.7000688054,,100,,float32,native_horizon,192,,direct_full_horizon,4243.998175182482,4243.998175182482,33.25334312271898,2.563054126450325,1.140330386600925,1.9090251690569875,41.33415249238694,65.14597589400654,1.8765430819534972,0.9578693101518979,0.833680398487388,2.563054126450325,0.8782273706731201,2.9184402718920777,1.0710493201077909,0.833680398487388,0.5637361403600482,1.4788485938739553,0.3912638078825897,Energy,1
solar/H/short|H=192|L=256|Hsrc=controlled|Lsrc=controlled|origins=shared_origin_v1:Hmax=720,joint-scaling,release,standard_hl_shared_origin_v1,solar/H/short,Toto-2.0-2.5B,toto2,Toto-2.0-2.5B,2454.281792,2454.281792,192,controlled,shared_origin_v1:Hmax=720,720,720,256,controlled,7320,8040,256,256,256,256,100,[],merged,2,137,52608,1826336.7000688054,,100,,float32,native_horizon,192,,direct_full_horizon,1126.0235705596108,1126.0235705596108,16.07968310428072,1.2333653933333881,1.5798648892150569,1.459513940370286,16.4780646112323,33.55627468238408,0.9665953153240334,0.46317854134899156,0.37791502340024374,1.2333653933333881,0.8782273706731201,1.4043804993097304,0.33959627979116425,0.37791502340024374,0.5637361403600482,0.6703757242863234,-0.3999169412599806,Energy,1
solar/H/short|H=192|L=512|Hsrc=controlled|Lsrc=controlled|origins=shared_origin_v1:Hmax=720,joint-scaling,release,standard_hl_shared_origin_v1,solar/H/short,Toto-2.0-2.5B,toto2,Toto-2.0-2.5B,2454.281792,2454.281792,192,controlled,shared_origin_v1:Hmax=720,720,720,512,controlled,7320,8040,512,512,256,256,100,[],merged,2,137,52608,1826336.7000688054,,100,,float32,native_horizon,192,,direct_full_horizon,748.9757071167883,748.9757071167883,11.188746245818127,0.8537658165587683,1.795126589817383,1.3610995772981296,7.18486827312849,27.367420541892294,0.788324113408896,0.3222941106521182,0.2567133088066711,0.8537658165587683,0.8782273706731201,0.9721466730243181,-0.028248587732515318,0.2567133088066711,0.5637361403600482,0.4553784837046511,-0.7866263734940335,Energy,1
solar/H/short|H=192|L=1024|Hsrc=controlled|Lsrc=controlled|origins=shared_origin_v1:Hmax=720,joint-scaling,release,standard_hl_shared_origin_v1,solar/H/short,Toto-2.0-2.5B,toto2,Toto-2.0-2.5B,2454.281792,2454.281792,192,controlled,shared_origin_v1:Hmax=720,720,720,1024,controlled,7320,8040,1024,1024,256,256,100,[],merged,2,137,52608,1826336.7000688054,,100,,float32,native_horizon,192,,direct_full_horizon,537.2242814781022,537.2242814781022,10.337343536154197,0.7867042719892473,1.816292531697662,1.3378430294584474,5.05757528546207,23.17809917741535,0.6676498596778616,0.2977692824819826,0.23369421283920427,0.7867042719892473,0.8782273706731201,0.8957865562607954,-0.11005311284466433,0.23369421283920427,0.5637361403600482,0.414545380556847,-0.880572827753382,Energy,1
solar/H/short|H=192|L=2048|Hsrc=controlled|Lsrc=controlled|origins=shared_origin_v1:Hmax=720,joint-scaling,release,standard_hl_shared_origin_v1,solar/H/short,Toto-2.0-2.5B,toto2,Toto-2.0-2.5B,2454.281792,2454.281792,192,controlled,shared_origin_v1:Hmax=720,720,720,2048,controlled,7320,8040,2048,2048,256,256,100,[],merged,2,137,52608,1826336.7000688054,,100,,float32,native_horizon,192,,direct_full_horizon,514.0256044708029,514.0256044708029,9.607415637830748,0.7305998620583937,1.9663581020671796,1.3348648341303242,4.998279962903157,22.672132772873464,0.6530753945153662,0.27674356095234715,0.22233425920598784,0.7305998620583937,0.8782273706731201,0.8319028607573722,-0.1840395988745845,0.22233425920598784,0.5637361403600482,0.3943941913392087,-0.9304043842038753,Energy,1
solar/H/short|H=192|L=4096|Hsrc=controlled|Lsrc=controlled|origins=shared_origin_v1:Hmax=720,joint-scaling,release,standard_hl_shared_origin_v1,solar/H/short,Toto-2.0-2.5B,toto2,Toto-2.0-2.5B,2454.281792,2454.281792,192,controlled,shared_origin_v1:Hmax=720,720,720,4096,controlled,7320,8040,4096,4096,256,256,100,[],merged,2,137,52608,1826336.7000688054,,100,,float32,native_horizon,192,,direct_full_horizon,565.0429022201946,565.0429022201946,10.518448358614659,0.8036823575583064,2.126041936332869,1.3405014865731013,4.950129159072649,23.770631085862963,0.6847178617819849,0.30298604371754284,0.23694471307752185,0.8036823575583064,0.8782273706731201,0.9151187772049527,-0.08870141097840059,0.23694471307752185,0.5637361403600482,0.4203113763935545,-0.8667594700198573,Energy,1
solar/H/short|H=336|L=128|Hsrc=controlled|Lsrc=controlled|origins=shared_origin_v1:Hmax=720,joint-scaling,release,standard_hl_shared_origin_v1,solar/H/short,Toto-2.0-2.5B,toto2,Toto-2.0-2.5B,2454.281792,2454.281792,336,controlled,shared_origin_v1:Hmax=720,720,720,128,controlled,7320,8040,128,128,256,256,100,[],merged,2,137,92064,2863971.200091798,,100,,float32,native_horizon,336,,direct_full_horizon,3598.4294403892945,3598.4294403892945,29.931954944386515,2.3070865858432397,1.3118546625230252,1.8979823987932307,64.78637345263093,59.98691057546883,1.9283137117590243,0.9621798920015935,0.994478252288281,2.3070865858432397,0.9728773315767743,2.371405428990794,0.8634827874002626,0.994478252288281,0.7547623072249494,1.3176045528090827,0.2758153552556233,Energy,1
solar/H/short|H=336|L=256|Hsrc=controlled|Lsrc=controlled|origins=shared_origin_v1:Hmax=720,joint-scaling,release,standard_hl_shared_origin_v1,solar/H/short,Toto-2.0-2.5B,toto2,Toto-2.0-2.5B,2454.281792,2454.281792,336,controlled,shared_origin_v1:Hmax=720,720,720,256,controlled,7320,8040,256,256,256,256,100,[],merged,2,137,92064,2863971.200091798,,100,,float32,native_horizon,336,,direct_full_horizon,3598.4294403892945,3598.4294403892945,29.931954944386515,2.3070865858432397,1.3118546625230252,1.8979823987932307,64.78637345263093,59.98691057546883,1.9283137117590243,0.9621798920015935,0.994478252288281,2.3070865858432397,0.9728773315767743,2.371405428990794,0.8634827874002626,0.994478252288281,0.7547623072249494,1.3176045528090827,0.2758153552556233,Energy,1
solar/H/short|H=336|L=512|Hsrc=controlled|Lsrc=controlled|origins=shared_origin_v1:Hmax=720,joint-scaling,release,standard_hl_shared_origin_v1,solar/H/short,Toto-2.0-2.5B,toto2,Toto-2.0-2.5B,2454.281792,2454.281792,336,controlled,shared_origin_v1:Hmax=720,720,720,512,controlled,7320,8040,512,512,256,256,100,[],merged,2,137,92064,2863971.200091798,,100,,float32,native_horizon,336,,direct_full_horizon,679.0952380952381,679.0952380952381,11.498194530435349,0.8746671721846896,3.167893965396191,1.385003783034085,9.526197006475149,26.05945582883952,0.837696182611537,0.3696160705862091,0.3098509848884351,0.8746671721846896,0.9728773315767743,0.8990518576140404,-0.10641456251003925,0.3098509848884351,0.7547623072249494,0.4105278998731015,-0.8903113868130917,Energy,1
solar/H/short|H=336|L=1024|Hsrc=controlled|Lsrc=controlled|origins=shared_origin_v1:Hmax=720,joint-scaling,release,standard_hl_shared_origin_v1,solar/H/short,Toto-2.0-2.5B,toto2,Toto-2.0-2.5B,2454.281792,2454.281792,336,controlled,shared_origin_v1:Hmax=720,720,720,1024,controlled,7320,8040,1024,1024,256,256,100,[],merged,2,137,92064,2863971.200091798,,100,,float32,native_horizon,336,,direct_full_horizon,615.7010775112965,615.7010775112965,10.867834468413278,0.8268402921034871,3.2303790786443445,1.3694834995899592,5.148447796838308,24.813324596097488,0.7976385780492128,0.34935278415786103,0.2674691306991864,0.8268402921034871,0.9728773315767743,0.8498916207281754,-0.16264644265290779,0.2674691306991864,0.7547623072249494,0.35437531543221307,-1.037398714391979,Energy,1
solar/H/short|H=336|L=2048|Hsrc=controlled|Lsrc=controlled|origins=shared_origin_v1:Hmax=720,joint-scaling,release,standard_hl_shared_origin_v1,solar/H/short,Toto-2.0-2.5B,toto2,Toto-2.0-2.5B,2454.281792,2454.281792,336,controlled,shared_origin_v1:Hmax=720,720,720,2048,controlled,7320,8040,2048,2048,256,256,100,[],merged,2,137,92064,2863971.200091798,,100,,float32,native_horizon,336,,direct_full_horizon,614.921750086896,614.921750086896,10.598732946645812,0.8054191099973891,3.448546044980159,1.37214026871937,4.957951685009019,24.79761581456766,0.797133610239929,0.34070236110220814,0.26313673477414845,0.8054191099973891,0.9728773315767743,0.8278732414209096,-0.18889522638772369,0.26313673477414845,0.7547623072249494,0.34863523556393383,-1.0537290736549798,Energy,1
solar/H/short|H=336|L=4096|Hsrc=controlled|Lsrc=controlled|origins=shared_origin_v1:Hmax=720,joint-scaling,release,standard_hl_shared_origin_v1,solar/H/short,Toto-2.0-2.5B,toto2,Toto-2.0-2.5B,2454.281792,2454.281792,336,controlled,shared_origin_v1:Hmax=720,720,720,4096,controlled,7320,8040,4096,4096,256,256,100,[],merged,2,137,92064,2863971.200091798,,100,,float32,native_horizon,336,,direct_full_horizon,624.3467587765033,624.3467587765033,10.406203836461591,0.790298402806463,3.7654504581852777,1.3639558825925444,4.937156487263956,24.986931759952107,0.8032192800941912,0.33451340221902104,0.25859369800428095,0.790298402806463,0.9728773315767743,0.8123309868116676,-0.2078474026484154,0.25859369800428095,0.7547623072249494,0.342616073337125,-1.0711447784391974,Energy,1
solar/H/short|H=720|L=128|Hsrc=controlled|Lsrc=controlled|origins=shared_origin_v1:Hmax=720,joint-scaling,release,standard_hl_shared_origin_v1,solar/H/short,Toto-2.0-2.5B,toto2,Toto-2.0-2.5B,2454.281792,2454.281792,720,controlled,shared_origin_v1:Hmax=720,720,720,128,controlled,7320,8040,128,128,256,256,100,[],merged,2,137,197280,5689922.250655826,,100,,float32,native_horizon,720,,direct_full_horizon,3212.1964314679644,3212.1964314679644,27.683240825223034,2.1319544276132505,1.541513491253811,1.8746672717710868,82.02212370147956,56.67624221371742,1.9650688658590072,0.959828537089504,1.15942272439546,2.1319544276132505,1.0711966474341135,1.9902549477913498,0.6882627449984584,1.15942272439546,1.0779765484284825,1.075554682600204,0.07283651231989519,Energy,1
solar/H/short|H=720|L=256|Hsrc=controlled|Lsrc=controlled|origins=shared_origin_v1:Hmax=720,joint-scaling,release,standard_hl_shared_origin_v1,solar/H/short,Toto-2.0-2.5B,toto2,Toto-2.0-2.5B,2454.281792,2454.281792,720,controlled,shared_origin_v1:Hmax=720,720,720,256,controlled,7320,8040,256,256,256,256,100,[],merged,2,137,197280,5689922.250655826,,100,,float32,native_horizon,720,,direct_full_horizon,3212.1964314679644,3212.1964314679644,27.683240825223034,2.1319544276132505,1.541513491253811,1.8746672717710868,82.02212370147956,56.67624221371742,1.9650688658590072,0.959828537089504,1.15942272439546,2.1319544276132505,1.0711966474341135,1.9902549477913498,0.6882627449984584,1.15942272439546,1.0779765484284825,1.075554682600204,0.07283651231989519,Energy,1
solar/H/short|H=720|L=512|Hsrc=controlled|Lsrc=controlled|origins=shared_origin_v1:Hmax=720,joint-scaling,release,standard_hl_shared_origin_v1,solar/H/short,Toto-2.0-2.5B,toto2,Toto-2.0-2.5B,2454.281792,2454.281792,720,controlled,shared_origin_v1:Hmax=720,720,720,512,controlled,7320,8040,512,512,256,256,100,[],merged,2,137,197280,5689922.250655826,,100,,float32,native_horizon,720,,direct_full_horizon,3212.1964314679644,3212.1964314679644,27.683240825223034,2.1319544276132505,1.541513491253811,1.8746672717710868,82.02212370147956,56.67624221371742,1.9650688658590072,0.959828537089504,1.15942272439546,2.1319544276132505,1.0711966474341135,1.9902549477913498,0.6882627449984584,1.15942272439546,1.0779765484284825,1.075554682600204,0.07283651231989519,Energy,1
solar/H/short|H=720|L=1024|Hsrc=controlled|Lsrc=controlled|origins=shared_origin_v1:Hmax=720,joint-scaling,release,standard_hl_shared_origin_v1,solar/H/short,Toto-2.0-2.5B,toto2,Toto-2.0-2.5B,2454.281792,2454.281792,720,controlled,shared_origin_v1:Hmax=720,720,720,1024,controlled,7320,8040,1024,1024,256,256,100,[],merged,2,137,197280,5689922.250655826,,100,,float32,native_horizon,720,,direct_full_horizon,830.1542579075426,830.1542579075426,12.801765257502028,0.9744191731292655,4.460835604892056,1.4269028316352392,7.955408802824349,28.812397642465346,0.9989784669290354,0.44386059048678644,0.3422246906030735,0.9744191731292655,1.0711966474341135,0.9096548009773336,-0.09469009102405013,0.3422246906030735,1.0779765484284825,0.3174695136939504,-1.1473734851211663,Energy,1
solar/H/short|H=720|L=2048|Hsrc=controlled|Lsrc=controlled|origins=shared_origin_v1:Hmax=720,joint-scaling,release,standard_hl_shared_origin_v1,solar/H/short,Toto-2.0-2.5B,toto2,Toto-2.0-2.5B,2454.281792,2454.281792,720,controlled,shared_origin_v1:Hmax=720,720,720,2048,controlled,7320,8040,2048,2048,256,256,100,[],merged,2,137,197280,5689922.250655826,,100,,float32,native_horizon,720,,direct_full_horizon,714.2973641524736,714.2973641524736,12.07017563868613,0.9183703350460025,4.2708893784054265,1.414601787434104,4.904830828690725,26.726342139403844,0.9266511113844954,0.41849504177768687,0.30902240572554246,0.9183703350460025,1.0711966474341135,0.8573312260132788,-0.15393094028960036,0.30902240572554246,1.0779765484284825,0.2866689504294391,-1.2494272118201042,Energy,1
solar/H/short|H=720|L=4096|Hsrc=controlled|Lsrc=controlled|origins=shared_origin_v1:Hmax=720,joint-scaling,release,standard_hl_shared_origin_v1,solar/H/short,Toto-2.0-2.5B,toto2,Toto-2.0-2.5B,2454.281792,2454.281792,720,controlled,shared_origin_v1:Hmax=720,720,720,4096,controlled,7320,8040,4096,4096,256,256,100,[],merged,2,137,197280,5689922.250655826,,100,,float32,native_horizon,720,,direct_full_horizon,710.2099351175993,710.2099351175993,11.372930606244932,0.864903798720055,4.744621249742734,1.4008415822976374,4.847438524734236,26.649764260075536,0.9239960163992963,0.3943202826262511,0.29571981942004655,0.864903798720055,1.0711966474341135,0.8074183211754805,-0.21391337924843964,0.29571981942004655,1.0779765484284825,0.2743286204613252,-1.2934285464840785,Energy,1
sz_taxi/15T/short|H=48|L=128|Hsrc=controlled|Lsrc=controlled|origins=shared_origin_v1:Hmax=720,joint-scaling,release,standard_hl_shared_origin_v1,sz_taxi/15T/short,Toto-2.0-2.5B,toto2,Toto-2.0-2.5B,2454.281792,2454.281792,48,controlled,shared_origin_v1:Hmax=720,720,720,128,controlled,2256,2256,128,128,256,256,100,[],merged,2,156,7488,81925.4959676048,,100,,float32,native_horizon,48,,direct_full_horizon,15.406022031083067,15.406022031083067,2.659140823233841,0.5009547745083677,1.4873443994766626,0.3948477557581714,3.7253352166451643,3.9250505768821715,0.3587500859477919,0.24304578506608635,0.19224366144613675,0.5009547745083677,0.6215073574928317,0.806031929419509,-0.21563192259574568,0.19224366144613675,0.27437530071796695,0.7006595015771696,-0.3557332423686302,Transport,1
sz_taxi/15T/short|H=48|L=256|Hsrc=controlled|Lsrc=controlled|origins=shared_origin_v1:Hmax=720,joint-scaling,release,standard_hl_shared_origin_v1,sz_taxi/15T/short,Toto-2.0-2.5B,toto2,Toto-2.0-2.5B,2454.281792,2454.281792,48,controlled,shared_origin_v1:Hmax=720,720,720,256,controlled,2256,2256,256,256,256,256,100,[],merged,2,156,7488,81925.4959676048,,100,,float32,native_horizon,48,,direct_full_horizon,13.120950812967415,13.120950812967415,2.4648637038010817,0.46350634904861404,1.314153068086021,0.37304046826484877,3.341886248233324,3.6222853025358748,0.33107730414124004,0.22528883342202502,0.17925804996109648,0.46350634904861404,0.6215073574928317,0.7457777345040681,-0.29332766619625444,0.17925804996109648,0.27437530071796695,0.6533315844831004,-0.4256704922408476,Transport,1
sz_taxi/15T/short|H=48|L=512|Hsrc=controlled|Lsrc=controlled|origins=shared_origin_v1:Hmax=720,joint-scaling,release,standard_hl_shared_origin_v1,sz_taxi/15T/short,Toto-2.0-2.5B,toto2,Toto-2.0-2.5B,2454.281792,2454.281792,48,controlled,shared_origin_v1:Hmax=720,720,720,512,controlled,2256,2256,512,512,256,256,100,[],merged,2,156,7488,81925.4959676048,,100,,float32,native_horizon,48,,direct_full_horizon,12.26147930438702,12.26147930438702,2.387935279780983,0.44982914119129513,1.2541469019702358,0.3639997172559428,3.047570722840684,3.5016395166246084,0.32005026507075596,0.21825756638776403,0.17165712298834648,0.44982914119129513,0.6215073574928317,0.7237712245369249,-0.3232799247398815,0.17165712298834648,0.27437530071796695,0.6256289197284362,-0.4689978636320813,Transport,1
sz_taxi/15T/short|H=48|L=1024|Hsrc=controlled|Lsrc=controlled|origins=shared_origin_v1:Hmax=720,joint-scaling,release,standard_hl_shared_origin_v1,sz_taxi/15T/short,Toto-2.0-2.5B,toto2,Toto-2.0-2.5B,2454.281792,2454.281792,48,controlled,shared_origin_v1:Hmax=720,720,720,1024,controlled,2256,2256,1024,1024,256,256,100,[],merged,2,156,7488,81925.4959676048,,100,,float32,native_horizon,48,,direct_full_horizon,11.990536420773237,11.990536420773237,2.3583624424078526,0.44346846531647033,1.2194200825487447,0.35955577426486546,3.0011388280420888,3.462735395720158,0.3164944238287607,0.21555460556177694,0.16908613816925344,0.44346846531647033,0.6215073574928317,0.7135369516869882,-0.3375210540762205,0.16908613816925344,0.27437530071796695,0.6162585980837201,-0.48408860145689764,Transport,1
sz_taxi/15T/short|H=48|L=2048|Hsrc=controlled|Lsrc=controlled|origins=shared_origin_v1:Hmax=720,joint-scaling,release,standard_hl_shared_origin_v1,sz_taxi/15T/short,Toto-2.0-2.5B,toto2,Toto-2.0-2.5B,2454.281792,2454.281792,48,controlled,shared_origin_v1:Hmax=720,720,720,2048,controlled,2256,2256,2048,2048,256,256,100,[],merged,2,156,7488,81925.4959676048,,100,,float32,native_horizon,48,,direct_full_horizon,12.194549821380877,12.194549821380877,2.378191434420072,0.4472629704632772,1.304000006781684,0.3602770617884448,2.9640304586857646,3.4920695613605517,0.3191755700302085,0.2173669777718422,0.170671939771974,0.4472629704632772,0.6215073574928317,0.7196422778767116,-0.3290010267184227,0.170671939771974,0.27437530071796695,0.6220382786838723,-0.47475364684414606,Transport,1
sz_taxi/15T/short|H=48|L=4096|Hsrc=controlled|Lsrc=controlled|origins=shared_origin_v1:Hmax=720,joint-scaling,release,standard_hl_shared_origin_v1,sz_taxi/15T/short,Toto-2.0-2.5B,toto2,Toto-2.0-2.5B,2454.281792,2454.281792,48,controlled,shared_origin_v1:Hmax=720,720,720,4096,controlled,2256,2256,2256,2256,256,256,100,[],merged,2,156,7488,81925.4959676048,,100,,float32,native_horizon,48,,direct_full_horizon,12.156930776742788,12.156930776742788,2.376111804929554,0.4465081801548964,1.2879102005917802,0.3603561433971438,2.9637750081229814,3.4866790469933977,0.31868287638088094,0.21717689939097823,0.17048313795816242,0.4465081801548964,0.6215073574928317,0.7184278267535172,-0.3306900283992062,0.17048313795816242,0.27437530071796695,0.6213501634879435,-0.4758604856128534,Transport,1
sz_taxi/15T/short|H=96|L=128|Hsrc=controlled|Lsrc=controlled|origins=shared_origin_v1:Hmax=720,joint-scaling,release,standard_hl_shared_origin_v1,sz_taxi/15T/short,Toto-2.0-2.5B,toto2,Toto-2.0-2.5B,2454.281792,2454.281792,96,controlled,shared_origin_v1:Hmax=720,720,720,128,controlled,2256,2256,128,128,256,256,100,[],merged,2,156,14976,163561.76873346936,,100,,float32,native_horizon,96,,direct_full_horizon,21.45581732855903,21.45581732855903,2.9903003660022702,0.5662684563491978,11.403223803919605,0.4305652553199703,4.595977276634632,4.632042457551424,0.424117863125646,0.2737971020246505,0.21902084942867275,0.5662684563491978,0.6589804808090461,0.8593099080172699,-0.1516256443939629,0.21902084942867275,0.2865356133749313,0.7643756629375226,-0.26869590524750636,Transport,1
sz_taxi/15T/short|H=96|L=256|Hsrc=controlled|Lsrc=controlled|origins=shared_origin_v1:Hmax=720,joint-scaling,release,standard_hl_shared_origin_v1,sz_taxi/15T/short,Toto-2.0-2.5B,toto2,Toto-2.0-2.5B,2454.281792,2454.281792,96,controlled,shared_origin_v1:Hmax=720,720,720,256,controlled,2256,2256,256,256,256,256,100,[],merged,2,156,14976,163561.76873346936,,100,,float32,native_horizon,96,,direct_full_horizon,14.949994991987179,14.949994991987179,2.635772965912126,0.4987649312451945,10.744265303652512,0.39208651811648637,3.7339771444322847,3.8665223382242573,0.3540255096629893,0.24133595670405977,0.19125639859196544,0.4987649312451945,0.6589804808090461,0.7568736036503674,-0.2785590095645187,0.19125639859196544,0.2865356133749313,0.6674786297565979,-0.40424790456615534,Transport,1
sz_taxi/15T/short|H=96|L=512|Hsrc=controlled|Lsrc=controlled|origins=shared_origin_v1:Hmax=720,joint-scaling,release,standard_hl_shared_origin_v1,sz_taxi/15T/short,Toto-2.0-2.5B,toto2,Toto-2.0-2.5B,2454.281792,2454.281792,96,controlled,shared_origin_v1:Hmax=720,720,720,512,controlled,2256,2256,512,512,256,256,100,[],merged,2,156,14976,163561.76873346936,,100,,float32,native_horizon,96,,direct_full_horizon,13.901555509648771,13.901555509648771,2.5391091892861914,0.48116867272579555,9.409451998197115,0.3821038140190972,3.3149801129077026,3.728478980717039,0.34138601977463456,0.2324852532055608,0.1825035377458263,0.48116867272579555,0.6589804808090461,0.7301713582397057,-0.31447603507152766,0.1825035377458263,0.2865356133749313,0.636931429207792,-0.4510932756598548,Transport,1
sz_taxi/15T/short|H=96|L=1024|Hsrc=controlled|Lsrc=controlled|origins=shared_origin_v1:Hmax=720,joint-scaling,release,standard_hl_shared_origin_v1,sz_taxi/15T/short,Toto-2.0-2.5B,toto2,Toto-2.0-2.5B,2454.281792,2454.281792,96,controlled,shared_origin_v1:Hmax=720,720,720,1024,controlled,2256,2256,1024,1024,256,256,100,[],merged,2,156,14976,163561.76873346936,,100,,float32,native_horizon,96,,direct_full_horizon,13.407596425113516,13.407596425113516,2.494710416875334,0.47274703213491076,10.044030344384348,0.3772519103482238,3.212788028335679,3.6616384891348184,0.33526598812123204,0.22842002438849837,0.1790477807149673,0.47274703213491076,0.6589804808090461,0.7173915554441125,-0.3321334850096707,0.1790477807149673,0.2865356133749313,0.6248709492201363,-0.4702101318137052,Transport,1
sz_taxi/15T/short|H=96|L=2048|Hsrc=controlled|Lsrc=controlled|origins=shared_origin_v1:Hmax=720,joint-scaling,release,standard_hl_shared_origin_v1,sz_taxi/15T/short,Toto-2.0-2.5B,toto2,Toto-2.0-2.5B,2454.281792,2454.281792,96,controlled,shared_origin_v1:Hmax=720,720,720,2048,controlled,2256,2256,2048,2048,256,256,100,[],merged,2,156,14976,163561.76873346936,,100,,float32,native_horizon,96,,direct_full_horizon,13.559862968249199,13.559862968249199,2.5117432683961005,0.47599306682981435,10.298837515024038,0.3795743436894865,3.289347954663981,3.6823719214996737,0.3371643772466398,0.22997958189603956,0.18075027460739768,0.47599306682981435,0.6589804808090461,0.7223173989090333,-0.3252906260124431,0.18075027460739768,0.2865356133749313,0.6308125977027724,-0.46074645309905626,Transport,1
sz_taxi/15T/short|H=96|L=4096|Hsrc=controlled|Lsrc=controlled|origins=shared_origin_v1:Hmax=720,joint-scaling,release,standard_hl_shared_origin_v1,sz_taxi/15T/short,Toto-2.0-2.5B,toto2,Toto-2.0-2.5B,2454.281792,2454.281792,96,controlled,shared_origin_v1:Hmax=720,720,720,4096,controlled,2256,2256,2256,2256,256,256,100,[],merged,2,156,14976,163561.76873346936,,100,,float32,native_horizon,96,,direct_full_horizon,13.472687550080128,13.472687550080128,2.5028370914296207,0.4742128365561645,10.27337176983173,0.3788534637190338,3.2680305059473245,3.6705159787256245,0.3360788265072522,0.22916411684401175,0.18008887605709725,0.4742128365561645,0.6589804808090461,0.7196159072480599,-0.32903767146906887,0.18008887605709725,0.2865356133749313,0.6285043382075209,-0.4644123484975011,Transport,1
sz_taxi/15T/short|H=192|L=128|Hsrc=controlled|Lsrc=controlled|origins=shared_origin_v1:Hmax=720,joint-scaling,release,standard_hl_shared_origin_v1,sz_taxi/15T/short,Toto-2.0-2.5B,toto2,Toto-2.0-2.5B,2454.281792,2454.281792,192,controlled,shared_origin_v1:Hmax=720,720,720,128,controlled,2256,2256,128,128,256,256,100,[],merged,2,156,29952,325698.1201417807,,100,,float32,native_horizon,192,,direct_full_horizon,25.679710453392094,25.679710453392094,3.3291172125400643,0.6317763687615796,6.32682617709168,0.4920242179153312,9.069337773477756,5.067515214914711,0.46602115987360515,0.30615380496084316,0.273453004012911,0.6317763687615796,0.6639967647920173,0.9514750707550058,-0.04974179253134777,0.273453004012911,0.31348991628027995,0.8722864430778903,-0.13663741924588618,Transport,1
sz_taxi/15T/short|H=192|L=256|Hsrc=controlled|Lsrc=controlled|origins=shared_origin_v1:Hmax=720,joint-scaling,release,standard_hl_shared_origin_v1,sz_taxi/15T/short,Toto-2.0-2.5B,toto2,Toto-2.0-2.5B,2454.281792,2454.281792,192,controlled,shared_origin_v1:Hmax=720,720,720,256,controlled,2256,2256,256,256,256,256,100,[],merged,2,156,29952,325698.1201417807,,100,,float32,native_horizon,192,,direct_full_horizon,30.923971062032585,30.923971062032585,3.061199481670673,0.5730867382403063,7.324396117120727,0.40945225903111643,4.906395078514003,5.560932571253907,0.5113970332456657,0.2815154316367762,0.22424576178457958,0.5730867382403063,0.6639967647920173,0.8630866423269599,-0.14724019626724869,0.22424576178457958,0.31348991628027995,0.7153204940221732,-0.33502459333153123,Transport,1
sz_taxi/15T/short|H=192|L=512|Hsrc=controlled|Lsrc=controlled|origins=shared_origin_v1:Hmax=720,joint-scaling,release,standard_hl_shared_origin_v1,sz_taxi/15T/short,Toto-2.0-2.5B,toto2,Toto-2.0-2.5B,2454.281792,2454.281792,192,controlled,shared_origin_v1:Hmax=720,720,720,512,controlled,2256,2256,512,512,256,256,100,[],merged,2,156,29952,325698.1201417807,,100,,float32,native_horizon,192,,direct_full_horizon,14.194030240050747,14.194030240050747,2.5537166758480234,0.4821312980758189,6.157238560864049,0.3805951175526676,3.40832621853186,3.767496548113979,0.34646824660820086,0.2348460649441371,0.18489814845652205,0.4821312980758189,0.6639967647920173,0.7261048903255367,-0.32006079756072253,0.18489814845652205,0.31348991628027995,0.5898057285236931,-0.5279620699935118,Transport,1
sz_taxi/15T/short|H=192|L=1024|Hsrc=controlled|Lsrc=controlled|origins=shared_origin_v1:Hmax=720,joint-scaling,release,standard_hl_shared_origin_v1,sz_taxi/15T/short,Toto-2.0-2.5B,toto2,Toto-2.0-2.5B,2454.281792,2454.281792,192,controlled,shared_origin_v1:Hmax=720,720,720,1024,controlled,2256,2256,1024,1024,256,256,100,[],merged,2,156,29952,325698.1201417807,,100,,float32,native_horizon,192,,direct_full_horizon,13.666333320813301,13.666333320813301,2.499276055230035,0.4717411876924964,6.614515516493055,0.37385203695704794,3.2638769283801414,3.6968004166864756,0.33996685652466335,0.22983957160594964,0.18052158325316944,0.4717411876924964,0.6639967647920173,0.710457057483193,-0.3418467731263034,0.18052158325316944,0.31348991628027995,0.5758449438985197,-0.551916849146247,Transport,1
sz_taxi/15T/short|H=192|L=2048|Hsrc=controlled|Lsrc=controlled|origins=shared_origin_v1:Hmax=720,joint-scaling,release,standard_hl_shared_origin_v1,sz_taxi/15T/short,Toto-2.0-2.5B,toto2,Toto-2.0-2.5B,2454.281792,2454.281792,192,controlled,shared_origin_v1:Hmax=720,720,720,2048,controlled,2256,2256,2048,2048,256,256,100,[],merged,2,156,29952,325698.1201417807,,100,,float32,native_horizon,192,,direct_full_horizon,13.7603029430422,13.7603029430422,2.517420190012353,0.47499743372448633,6.808189978966346,0.375514413556482,3.4036635698434514,3.7094882319589857,0.3411336592156853,0.2315081508558496,0.18265451141364616,0.47499743372448633,0.6639967647920173,0.7153610663649379,-0.33496787582863063,0.18265451141364616,0.31348991628027995,0.5826487613411507,-0.5401707418706411,Transport,1
sz_taxi/15T/short|H=192|L=4096|Hsrc=controlled|Lsrc=controlled|origins=shared_origin_v1:Hmax=720,joint-scaling,release,standard_hl_shared_origin_v1,sz_taxi/15T/short,Toto-2.0-2.5B,toto2,Toto-2.0-2.5B,2454.281792,2454.281792,192,controlled,shared_origin_v1:Hmax=720,720,720,4096,controlled,2256,2256,2256,2256,256,256,100,[],merged,2,156,29952,325698.1201417807,,100,,float32,native_horizon,192,,direct_full_horizon,13.667130429520567,13.667130429520567,2.5079499595185633,0.47329046951062526,6.768407316289396,0.3751668196458083,3.355789147837167,3.6969082257368204,0.3399767709100289,0.23063724517292297,0.18167339185515324,0.47329046951062526,0.6639967647920173,0.7127903246017672,-0.3385679767086735,0.18167339185515324,0.31348991628027995,0.5795190927057624,-0.5455566698843894,Transport,1
sz_taxi/15T/short|H=336|L=128|Hsrc=controlled|Lsrc=controlled|origins=shared_origin_v1:Hmax=720,joint-scaling,release,standard_hl_shared_origin_v1,sz_taxi/15T/short,Toto-2.0-2.5B,toto2,Toto-2.0-2.5B,2454.281792,2454.281792,336,controlled,shared_origin_v1:Hmax=720,720,720,128,controlled,2256,2256,128,128,256,256,100,[],merged,2,156,52416,570457.3737188877,,100,,float32,native_horizon,336,,direct_full_horizon,34.75065461881868,34.75065461881868,3.51369140028808,0.6654130277084377,5.337603558550824,0.5036252013638488,13.3099010388559,5.894968585057827,0.5416542717995556,0.32285260375695984,0.3114080366250814,0.6654130277084377,0.6630630446052542,1.0035441322243837,0.0035378665875711738,0.3114080366250814,0.346640141093298,0.8983611524127152,-0.10718311735132587,Transport,1
sz_taxi/15T/short|H=336|L=256|Hsrc=controlled|Lsrc=controlled|origins=shared_origin_v1:Hmax=720,joint-scaling,release,standard_hl_shared_origin_v1,sz_taxi/15T/short,Toto-2.0-2.5B,toto2,Toto-2.0-2.5B,2454.281792,2454.281792,336,controlled,shared_origin_v1:Hmax=720,720,720,256,controlled,2256,2256,256,256,256,256,100,[],merged,2,156,52416,570457.3737188877,,100,,float32,native_horizon,336,,direct_full_horizon,34.75065461881868,34.75065461881868,3.51369140028808,0.6654130277084377,5.337603558550824,0.5036252013638488,13.3099010388559,5.894968585057827,0.5416542717995556,0.32285260375695984,0.3114080366250814,0.6654130277084377,0.6630630446052542,1.0035441322243837,0.0035378665875711738,0.3114080366250814,0.346640141093298,0.8983611524127152,-0.10718311735132587,Transport,1
sz_taxi/15T/short|H=336|L=512|Hsrc=controlled|Lsrc=controlled|origins=shared_origin_v1:Hmax=720,joint-scaling,release,standard_hl_shared_origin_v1,sz_taxi/15T/short,Toto-2.0-2.5B,toto2,Toto-2.0-2.5B,2454.281792,2454.281792,336,controlled,shared_origin_v1:Hmax=720,720,720,512,controlled,2256,2256,512,512,256,256,100,[],merged,2,156,52416,570457.3737188877,,100,,float32,native_horizon,336,,direct_full_horizon,15.251014718788156,15.251014718788156,2.669518551110348,0.5027009234289327,5.305933243189102,0.3925587114979205,4.042675228046423,3.9052547572198355,0.35883107622920607,0.24528648558402727,0.19625634476909562,0.5027009234289327,0.6630630446052542,0.7581495116021871,-0.2768746679322081,0.19625634476909562,0.346640141093298,0.566167392357117,-0.5688654982892574,Transport,1
sz_taxi/15T/short|H=336|L=1024|Hsrc=controlled|Lsrc=controlled|origins=shared_origin_v1:Hmax=720,joint-scaling,release,standard_hl_shared_origin_v1,sz_taxi/15T/short,Toto-2.0-2.5B,toto2,Toto-2.0-2.5B,2454.281792,2454.281792,336,controlled,shared_origin_v1:Hmax=720,720,720,1024,controlled,2256,2256,1024,1024,256,256,100,[],merged,2,156,52416,570457.3737188877,,100,,float32,native_horizon,336,,direct_full_horizon,13.57092777014652,13.57092777014652,2.502994896000267,0.4712914417620847,4.951533912593483,0.37547374906994047,3.2572819009099168,3.683874016595372,0.33848969151727826,0.22998559842159527,0.1805184629443414,0.4712914417620847,0.6630630446052542,0.7107792322261932,-0.34139340059303575,0.1805184629443414,0.346640141093298,0.5207661824016941,-0.6524541241405971,Transport,1
sz_taxi/15T/short|H=336|L=2048|Hsrc=controlled|Lsrc=controlled|origins=shared_origin_v1:Hmax=720,joint-scaling,release,standard_hl_shared_origin_v1,sz_taxi/15T/short,Toto-2.0-2.5B,toto2,Toto-2.0-2.5B,2454.281792,2454.281792,336,controlled,shared_origin_v1:Hmax=720,720,720,2048,controlled,2256,2256,2048,2048,256,256,100,[],merged,2,156,52416,570457.3737188877,,100,,float32,native_horizon,336,,direct_full_horizon,13.627081306280525,13.627081306280525,2.5167570195646367,0.4735293952223123,5.06562017084478,0.37605468228331995,3.6218889781901726,3.6914876819895426,0.3391892668119216,0.23125011966714845,0.18423787891592916,0.4735293952223123,0.6630630446052542,0.714154406696307,-0.3366560841453035,0.18423787891592916,0.346640141093298,0.5314960879453994,-0.6320594416309865,Transport,1
sz_taxi/15T/short|H=336|L=4096|Hsrc=controlled|Lsrc=controlled|origins=shared_origin_v1:Hmax=720,joint-scaling,release,standard_hl_shared_origin_v1,sz_taxi/15T/short,Toto-2.0-2.5B,toto2,Toto-2.0-2.5B,2454.281792,2454.281792,336,controlled,shared_origin_v1:Hmax=720,720,720,4096,controlled,2256,2256,2256,2256,256,256,100,[],merged,2,156,52416,570457.3737188877,,100,,float32,native_horizon,336,,direct_full_horizon,13.464282733325701,13.464282733325701,2.4982783465449483,0.4700086809469931,4.996079292343941,0.3745022914639614,3.446830231701811,3.6693708906739997,0.3371570838881774,0.22955222220868332,0.18148726352000596,0.4700086809469931,0.6630630446052542,0.7088446336604486,-0.34411891093392916,0.18148726352000596,0.346640141093298,0.5235610132963764,-0.6471017066636383,Transport,1
sz_taxi/15T/short|H=720|L=128|Hsrc=controlled|Lsrc=controlled|origins=shared_origin_v1:Hmax=720,joint-scaling,release,standard_hl_shared_origin_v1,sz_taxi/15T/short,Toto-2.0-2.5B,toto2,Toto-2.0-2.5B,2454.281792,2454.281792,720,controlled,shared_origin_v1:Hmax=720,720,720,128,controlled,2256,2256,128,128,256,256,100,[],merged,2,156,112320,1213506.5590510867,,100,,float32,native_horizon,720,,direct_full_horizon,73.37272302350428,73.37272302350428,4.101429926771724,0.7772730224490643,8561002297349.433,0.5317419850928151,16.09667558899068,8.565787939442831,0.7928340347089262,0.3796210296013789,0.3645635168969872,0.7772730224490643,0.6909431345378894,1.1249449970566874,0.11773414295598808,0.3645635168969872,0.4279704057318517,0.8518428190696143,-0.16035325383228652,Transport,1
sz_taxi/15T/short|H=720|L=256|Hsrc=controlled|Lsrc=controlled|origins=shared_origin_v1:Hmax=720,joint-scaling,release,standard_hl_shared_origin_v1,sz_taxi/15T/short,Toto-2.0-2.5B,toto2,Toto-2.0-2.5B,2454.281792,2454.281792,720,controlled,shared_origin_v1:Hmax=720,720,720,256,controlled,2256,2256,256,256,256,256,100,[],merged,2,156,112320,1213506.5590510867,,100,,float32,native_horizon,720,,direct_full_horizon,73.37272302350428,73.37272302350428,4.101429926771724,0.7772730224490643,8561002297349.433,0.5317419850928151,16.09667558899068,8.565787939442831,0.7928340347089262,0.3796210296013789,0.3645635168969872,0.7772730224490643,0.6909431345378894,1.1249449970566874,0.11773414295598808,0.3645635168969872,0.4279704057318517,0.8518428190696143,-0.16035325383228652,Transport,1
sz_taxi/15T/short|H=720|L=512|Hsrc=controlled|Lsrc=controlled|origins=shared_origin_v1:Hmax=720,joint-scaling,release,standard_hl_shared_origin_v1,sz_taxi/15T/short,Toto-2.0-2.5B,toto2,Toto-2.0-2.5B,2454.281792,2454.281792,720,controlled,shared_origin_v1:Hmax=720,720,720,512,controlled,2256,2256,512,512,256,256,100,[],merged,2,156,112320,1213506.5590510867,,100,,float32,native_horizon,720,,direct_full_horizon,73.37272302350428,73.37272302350428,4.101429926771724,0.7772730224490643,8561002297349.433,0.5317419850928151,16.09667558899068,8.565787939442831,0.7928340347089262,0.3796210296013789,0.3645635168969872,0.7772730224490643,0.6909431345378894,1.1249449970566874,0.11773414295598808,0.3645635168969872,0.4279704057318517,0.8518428190696143,-0.16035325383228652,Transport,1
sz_taxi/15T/short|H=720|L=1024|Hsrc=controlled|Lsrc=controlled|origins=shared_origin_v1:Hmax=720,joint-scaling,release,standard_hl_shared_origin_v1,sz_taxi/15T/short,Toto-2.0-2.5B,toto2,Toto-2.0-2.5B,2454.281792,2454.281792,720,controlled,shared_origin_v1:Hmax=720,720,720,1024,controlled,2256,2256,1024,1024,256,256,100,[],merged,2,156,112320,1213506.5590510867,,100,,float32,native_horizon,720,,direct_full_horizon,16.18545784366097,16.18545784366097,2.7460563290153135,0.517737502485888,7585798770038.138,0.40331836493945866,3.7480247688198967,4.023115440011754,0.3723723805625487,0.25417006984798285,0.20048495940872166,0.517737502485888,0.6909431345378894,0.7493199897443901,-0.2885891640758348,0.20048495940872166,0.4279704057318517,0.4684551939190326,-0.75831481918983,Transport,1
sz_taxi/15T/short|H=720|L=2048|Hsrc=controlled|Lsrc=controlled|origins=shared_origin_v1:Hmax=720,joint-scaling,release,standard_hl_shared_origin_v1,sz_taxi/15T/short,Toto-2.0-2.5B,toto2,Toto-2.0-2.5B,2454.281792,2454.281792,720,controlled,shared_origin_v1:Hmax=720,720,720,2048,controlled,2256,2256,2048,2048,256,256,100,[],merged,2,156,112320,1213506.5590510867,,100,,float32,native_horizon,720,,direct_full_horizon,15.573689569978633,15.573689569978633,2.6857907374020655,0.5071037275850687,6134757529096.075,0.39508581786413816,3.882527376667533,3.946351425048032,0.36526724042431374,0.24859199431183318,0.1973142349275866,0.5071037275850687,0.6909431345378894,0.7339297580896081,-0.3093419523725142,0.1973142349275866,0.4279704057318517,0.4610464468686076,-0.7742564886341927,Transport,1
sz_taxi/15T/short|H=720|L=4096|Hsrc=controlled|Lsrc=controlled|origins=shared_origin_v1:Hmax=720,joint-scaling,release,standard_hl_shared_origin_v1,sz_taxi/15T/short,Toto-2.0-2.5B,toto2,Toto-2.0-2.5B,2454.281792,2454.281792,720,controlled,shared_origin_v1:Hmax=720,720,720,4096,controlled,2256,2256,2256,2256,256,256,100,[],merged,2,156,112320,1213506.5590510867,,100,,float32,native_horizon,720,,direct_full_horizon,15.930023036858975,15.930023036858975,2.7126425892539174,0.5116533048032181,6261639550845.499,0.39589622910545763,4.012404273631197,3.9912432946212357,0.369422351703156,0.25107735376663365,0.2007932856999681,0.5116533048032181,0.6909431345378894,0.7405143480373645,-0.30041026931430864,0.2007932856999681,0.4279704057318517,0.46917563226504205,-0.7567780981954524,Transport,1
us_births/D/short|H=48|L=128|Hsrc=controlled|Lsrc=controlled|origins=shared_origin_v1:Hmax=720,joint-scaling,release,standard_hl_shared_origin_v1,us_births/D/short,Toto-2.0-2.5B,toto2,Toto-2.0-2.5B,2454.281792,2454.281792,48,controlled,shared_origin_v1:Hmax=720,720,720,128,controlled,5865,6585,128,128,256,256,100,[],merged,2,1,96,966203.0,,100,,float32,native_horizon,48,,direct_full_horizon,86265.40104166667,86265.40104166667,230.20113118489584,0.35294091888245926,0.023038273056348164,0.02332474539677302,4.428376288290917,293.7097224159709,0.02918241130687154,0.022872324546446245,0.019963976484604337,0.35294091888245926,1.9806011529499583,0.1781988859073317,-1.7248550158879137,0.019963976484604337,0.13560089778328527,0.1472259904688122,-1.9157865225883814,Healthcare,1
us_births/D/short|H=48|L=256|Hsrc=controlled|Lsrc=controlled|origins=shared_origin_v1:Hmax=720,joint-scaling,release,standard_hl_shared_origin_v1,us_births/D/short,Toto-2.0-2.5B,toto2,Toto-2.0-2.5B,2454.281792,2454.281792,48,controlled,shared_origin_v1:Hmax=720,720,720,256,controlled,5865,6585,256,256,256,256,100,[],merged,2,1,96,966203.0,,100,,float32,native_horizon,48,,direct_full_horizon,45597.583333333336,45597.583333333336,151.51522827148438,0.23170763329155905,0.015145987272262573,0.01524731641014417,6.441950601309395,213.53590642637442,0.02121650110476985,0.015054250415350088,0.018381326609932414,0.23170763329155905,1.9806011529499583,0.11698853802364385,-2.1456793145932065,0.018381326609932414,0.13560089778328527,0.13555460849019668,-1.9983807051631897,Healthcare,1
us_births/D/short|H=48|L=512|Hsrc=controlled|Lsrc=controlled|origins=shared_origin_v1:Hmax=720,joint-scaling,release,standard_hl_shared_origin_v1,us_births/D/short,Toto-2.0-2.5B,toto2,Toto-2.0-2.5B,2454.281792,2454.281792,48,controlled,shared_origin_v1:Hmax=720,720,720,512,controlled,5865,6585,512,512,256,256,100,[],merged,2,1,96,966203.0,,100,,float32,native_horizon,48,,direct_full_horizon,38396.6171875,38396.6171875,138.237548828125,0.21136100942048394,0.013776856164137522,0.013844768206278482,1.7952157923144838,195.95054781117608,0.019469255001146657,0.01373500670925261,0.011438023337857199,0.21136100942048394,1.9806011529499583,0.10671558435966647,-2.237588073610988,0.011438023337857199,0.13560089778328527,0.08435064608596639,-2.4727728104348303,Healthcare,1
us_births/D/short|H=48|L=1024|Hsrc=controlled|Lsrc=controlled|origins=shared_origin_v1:Hmax=720,joint-scaling,release,standard_hl_shared_origin_v1,us_births/D/short,Toto-2.0-2.5B,toto2,Toto-2.0-2.5B,2454.281792,2454.281792,48,controlled,shared_origin_v1:Hmax=720,720,720,1024,controlled,5865,6585,1024,1024,256,256,100,[],merged,2,1,96,966203.0,,100,,float32,native_horizon,48,,direct_full_horizon,35067.552083333336,35067.552083333336,136.04057820638022,0.2079532533318611,0.013611004998286566,0.013646381596724192,1.550204922963239,187.26332284602165,0.01860610968214555,0.013516720096928388,0.010985020458663678,0.2079532533318611,1.9806011529499583,0.10499501781170337,-2.2538423793627214,0.010985020458663678,0.13560089778328527,0.08100993900659659,-2.513183428052049,Healthcare,1
us_births/D/short|H=48|L=2048|Hsrc=controlled|Lsrc=controlled|origins=shared_origin_v1:Hmax=720,joint-scaling,release,standard_hl_shared_origin_v1,us_births/D/short,Toto-2.0-2.5B,toto2,Toto-2.0-2.5B,2454.281792,2454.281792,48,controlled,shared_origin_v1:Hmax=720,720,720,2048,controlled,5865,6585,2048,2048,256,256,100,[],merged,2,1,96,966203.0,,100,,float32,native_horizon,48,,direct_full_horizon,34031.549479166664,34031.549479166664,127.0972900390625,0.19452551315560632,0.012636721134185791,0.01263804609576861,1.712382789557717,184.47641984591598,0.018329208567151967,0.012628132849670307,0.010304760709504684,0.19452551315560632,1.9806011529499583,0.09821538923466494,-2.3205923627159843,0.010304760709504684,0.13560089778328527,0.07599330740400814,-2.577110003046934,Healthcare,1
us_births/D/short|H=48|L=4096|Hsrc=controlled|Lsrc=controlled|origins=shared_origin_v1:Hmax=720,joint-scaling,release,standard_hl_shared_origin_v1,us_births/D/short,Toto-2.0-2.5B,toto2,Toto-2.0-2.5B,2454.281792,2454.281792,48,controlled,shared_origin_v1:Hmax=720,720,720,4096,controlled,5865,6585,4096,4096,256,256,100,[],merged,2,1,96,966203.0,,100,,float32,native_horizon,48,,direct_full_horizon,45613.78125,45613.78125,156.2120564778646,0.23932611089467612,0.01548122987151146,0.015494765092929205,3.728282956150759,213.57383091099902,0.021220269205804478,0.015520917883586576,0.01441146724475573,0.23932611089467612,1.9806011529499583,0.12083508612434041,-2.113328587604116,0.01441146724475573,0.13560089778328527,0.10627855331598068,-2.241691770189372,Healthcare,1
us_births/D/short|H=96|L=128|Hsrc=controlled|Lsrc=controlled|origins=shared_origin_v1:Hmax=720,joint-scaling,release,standard_hl_shared_origin_v1,us_births/D/short,Toto-2.0-2.5B,toto2,Toto-2.0-2.5B,2454.281792,2454.281792,96,controlled,shared_origin_v1:Hmax=720,720,720,128,controlled,5865,6585,128,128,256,256,100,[],merged,2,1,192,1945491.0,,100,,float32,native_horizon,96,,direct_full_horizon,129324.67708333333,129324.67708333333,268.8031819661458,0.4109881820268244,0.02615187068780263,0.026530737678209942,5.652147099688404,359.6174037547868,0.03549054789814965,0.02652811600644773,0.0231354114598709,0.4109881820268244,2.0761689330647766,0.1979550774898343,-1.6197151553935454,0.0231354114598709,0.17051259046311812,0.13568154349795705,-1.997444730986468,Healthcare,1
us_births/D/short|H=96|L=256|Hsrc=controlled|Lsrc=controlled|origins=shared_origin_v1:Hmax=720,joint-scaling,release,standard_hl_shared_origin_v1,us_births/D/short,Toto-2.0-2.5B,toto2,Toto-2.0-2.5B,2454.281792,2454.281792,96,controlled,shared_origin_v1:Hmax=720,720,720,256,controlled,5865,6585,256,256,256,256,100,[],merged,2,1,192,1945491.0,,100,,float32,native_horizon,96,,direct_full_horizon,91871.78125,91871.78125,242.33536783854166,0.3713160534932219,0.023653045296669006,0.023958832025527954,8.35791597838093,303.1035817175376,0.029913213522841906,0.02391601432491849,0.027051559636853528,0.3713160534932219,2.0761689330647766,0.17884674391360658,-1.7212260191257736,0.027051559636853528,0.17051259046311812,0.15864845852954643,-1.8410644771706584,Healthcare,1
us_births/D/short|H=96|L=512|Hsrc=controlled|Lsrc=controlled|origins=shared_origin_v1:Hmax=720,joint-scaling,release,standard_hl_shared_origin_v1,us_births/D/short,Toto-2.0-2.5B,toto2,Toto-2.0-2.5B,2454.281792,2454.281792,96,controlled,shared_origin_v1:Hmax=720,720,720,512,controlled,5865,6585,512,512,256,256,100,[],merged,2,1,192,1945491.0,,100,,float32,native_horizon,96,,direct_full_horizon,67448.19791666667,67448.19791666667,202.68290201822916,0.3101360863420002,0.01967194303870201,0.01988239462176959,2.059433999658227,259.7079088450459,0.02563050587139638,0.020002722802367114,0.015444426693061243,0.3101360863420002,2.0761689330647766,0.14937902277739357,-1.9012684259316666,0.015444426693061243,0.17051259046311812,0.09057645919936846,-2.4015609319319986,Healthcare,1
us_births/D/short|H=96|L=1024|Hsrc=controlled|Lsrc=controlled|origins=shared_origin_v1:Hmax=720,joint-scaling,release,standard_hl_shared_origin_v1,us_births/D/short,Toto-2.0-2.5B,toto2,Toto-2.0-2.5B,2454.281792,2454.281792,96,controlled,shared_origin_v1:Hmax=720,720,720,1024,controlled,5865,6585,1024,1024,256,256,100,[],merged,2,1,192,1945491.0,,100,,float32,native_horizon,96,,direct_full_horizon,55740.479166666664,55740.479166666664,181.1141357421875,0.27718891935762574,0.01772319773832957,0.017824973911046982,1.658462302562696,236.09421671584136,0.023300076746405683,0.017874106877132815,0.01399235307316058,0.27718891935762574,2.0761689330647766,0.13350980979589555,-2.0135803222242794,0.01399235307316058,0.17051259046311812,0.08206052723236955,-2.500298167026885,Healthcare,1
us_births/D/short|H=96|L=2048|Hsrc=controlled|Lsrc=controlled|origins=shared_origin_v1:Hmax=720,joint-scaling,release,standard_hl_shared_origin_v1,us_births/D/short,Toto-2.0-2.5B,toto2,Toto-2.0-2.5B,2454.281792,2454.281792,96,controlled,shared_origin_v1:Hmax=720,720,720,2048,controlled,5865,6585,2048,2048,256,256,100,[],merged,2,1,192,1945491.0,,100,,float32,native_horizon,96,,direct_full_horizon,52239.130208333336,52239.130208333336,169.34898885091147,0.2597767805989668,0.01658811668554942,0.016679214934508007,1.796532143906883,228.55881126820145,0.022556409545710917,0.016713007595190624,0.013049695522092994,0.2597767805989668,2.0761689330647766,0.12512314217874956,-2.0784568891792623,0.013049695522092994,0.17051259046311812,0.07653215218095959,-2.570044336499543,Healthcare,1
us_births/D/short|H=96|L=4096|Hsrc=controlled|Lsrc=controlled|origins=shared_origin_v1:Hmax=720,joint-scaling,release,standard_hl_shared_origin_v1,us_births/D/short,Toto-2.0-2.5B,toto2,Toto-2.0-2.5B,2454.281792,2454.281792,96,controlled,shared_origin_v1:Hmax=720,720,720,4096,controlled,5865,6585,4096,4096,256,256,100,[],merged,2,1,192,1945491.0,,100,,float32,native_horizon,96,,direct_full_horizon,56285.416666666664,56285.416666666664,178.58467610677084,0.27366189603067176,0.017426644762357075,0.01752234747012456,3.1303132595239163,237.24547765271873,0.023413694388368794,0.017624475164624252,0.014854775723006928,0.27366189603067176,2.0761689330647766,0.13181099652941078,-2.0263862269387904,0.014854775723006928,0.17051259046311812,0.08711835110041341,-2.4404877272994767,Healthcare,1
us_births/D/short|H=192|L=128|Hsrc=controlled|Lsrc=controlled|origins=shared_origin_v1:Hmax=720,joint-scaling,release,standard_hl_shared_origin_v1,us_births/D/short,Toto-2.0-2.5B,toto2,Toto-2.0-2.5B,2454.281792,2454.281792,192,controlled,shared_origin_v1:Hmax=720,720,720,128,controlled,5865,6585,128,128,256,256,100,[],merged,2,1,384,3956119.0,,100,,float32,native_horizon,192,,direct_full_horizon,605521.3333333334,605521.3333333334,635.2965901692709,0.9757999581317538,0.06097779671351115,0.06199319660663605,13.13009168440918,778.152512900481,0.07553123779992077,0.061664952602537994,0.05203918947212603,0.9757999581317538,2.2883183061785637,0.4264266712795372,-0.8523148581815599,0.05203918947212603,0.221823182915226,0.2345976141367235,-1.4498835127346656,Healthcare,1
us_births/D/short|H=192|L=256|Hsrc=controlled|Lsrc=controlled|origins=shared_origin_v1:Hmax=720,joint-scaling,release,standard_hl_shared_origin_v1,us_births/D/short,Toto-2.0-2.5B,toto2,Toto-2.0-2.5B,2454.281792,2454.281792,192,controlled,shared_origin_v1:Hmax=720,720,720,256,controlled,5865,6585,256,256,256,256,100,[],merged,2,1,384,3956119.0,,100,,float32,native_horizon,192,,direct_full_horizon,326251.125,326251.125,450.4243977864583,0.6904235234849668,0.04270564019680023,0.04392156998316447,7.450886938616649,571.1839677371906,0.05544187210017727,0.04372036552742726,0.037555583854610025,0.6904235234849668,2.2883183061785637,0.3017165582343994,-1.1982672512127719,0.037555583854610025,0.221823182915226,0.1693041428810559,-1.7760585194923844,Healthcare,1
us_births/D/short|H=192|L=512|Hsrc=controlled|Lsrc=controlled|origins=shared_origin_v1:Hmax=720,joint-scaling,release,standard_hl_shared_origin_v1,us_births/D/short,Toto-2.0-2.5B,toto2,Toto-2.0-2.5B,2454.281792,2454.281792,192,controlled,shared_origin_v1:Hmax=720,720,720,512,controlled,5865,6585,512,512,256,256,100,[],merged,2,1,384,3956119.0,,100,,float32,native_horizon,192,,direct_full_horizon,193730.5,193730.5,336.35693359375,0.5147246990989144,0.03193013618389765,0.032396167516708374,5.4188571610458425,440.1482704725761,0.042722915023908334,0.03264842703164389,0.0265083517072303,0.5147246990989144,2.2883183061785637,0.22493579573660458,-1.4919402697801833,0.0265083517072303,0.221823182915226,0.11950216996643212,-2.124420749060526,Healthcare,1
us_births/D/short|H=192|L=1024|Hsrc=controlled|Lsrc=controlled|origins=shared_origin_v1:Hmax=720,joint-scaling,release,standard_hl_shared_origin_v1,us_births/D/short,Toto-2.0-2.5B,toto2,Toto-2.0-2.5B,2454.281792,2454.281792,192,controlled,shared_origin_v1:Hmax=720,720,720,1024,controlled,5865,6585,1024,1024,256,256,100,[],merged,2,1,384,3956119.0,,100,,float32,native_horizon,192,,direct_full_horizon,88351.625,88351.625,225.2779744466146,0.3454098738998122,0.021587364375591278,0.02175261825323105,2.142227879182191,297.2400124478533,0.02885154991039847,0.02186656725631863,0.01697926557561579,0.3454098738998122,2.2883183061785637,0.15094485455418935,-1.8908407104974527,0.01697926557561579,0.221823182915226,0.07654414363941728,-2.569887663535673,Healthcare,1
us_births/D/short|H=192|L=2048|Hsrc=controlled|Lsrc=controlled|origins=shared_origin_v1:Hmax=720,joint-scaling,release,standard_hl_shared_origin_v1,us_births/D/short,Toto-2.0-2.5B,toto2,Toto-2.0-2.5B,2454.281792,2454.281792,192,controlled,shared_origin_v1:Hmax=720,720,720,2048,controlled,5865,6585,2048,2048,256,256,100,[],merged,2,1,384,3956119.0,,100,,float32,native_horizon,192,,direct_full_horizon,77952.796875,77952.796875,205.15152994791666,0.3144969403027587,0.01972386986017227,0.019863237937291462,1.9406754053048665,279.20028093646323,0.02710052652096711,0.019912997435112545,0.015608891704310358,0.3144969403027587,2.2883183061785637,0.13743583637538653,-1.9845981153306027,0.015608891704310358,0.221823182915226,0.07036636792952157,-2.6540398582404894,Healthcare,1
us_births/D/short|H=192|L=4096|Hsrc=controlled|Lsrc=controlled|origins=shared_origin_v1:Hmax=720,joint-scaling,release,standard_hl_shared_origin_v1,us_births/D/short,Toto-2.0-2.5B,toto2,Toto-2.0-2.5B,2454.281792,2454.281792,192,controlled,shared_origin_v1:Hmax=720,720,720,4096,controlled,5865,6585,4096,4096,256,256,100,[],merged,2,1,384,3956119.0,,100,,float32,native_horizon,192,,direct_full_horizon,138771.3125,138771.3125,284.2590738932292,0.43717398629723636,0.026863694190979004,0.02727703998486201,4.004498450893202,372.5202175721474,0.036158609876928524,0.027591557376054662,0.022146554119662827,0.43717398629723636,2.2883183061785637,0.19104596817533936,-1.6552412088170692,0.022146554119662827,0.221823182915226,0.09983877171272292,-2.3041986769935585,Healthcare,1
us_births/D/short|H=336|L=128|Hsrc=controlled|Lsrc=controlled|origins=shared_origin_v1:Hmax=720,joint-scaling,release,standard_hl_shared_origin_v1,us_births/D/short,Toto-2.0-2.5B,toto2,Toto-2.0-2.5B,2454.281792,2454.281792,336,controlled,shared_origin_v1:Hmax=720,720,720,128,controlled,5865,6585,128,128,256,256,100,[],merged,2,1,672,7003570.0,,100,,float32,native_horizon,336,,direct_full_horizon,872912.0,872912.0,782.8324962797619,1.2022869443286912,0.07383944307054792,0.07560061273120698,18.406366947646784,934.2975971284525,0.08964684943112157,0.07511361170088969,0.0640541322158586,1.2022869443286912,2.4486101875872244,0.49100789926606614,-0.7112950631987679,0.0640541322158586,0.2803123367673056,0.22850985780562186,-1.476175928197163,Healthcare,1
us_births/D/short|H=336|L=256|Hsrc=controlled|Lsrc=controlled|origins=shared_origin_v1:Hmax=720,joint-scaling,release,standard_hl_shared_origin_v1,us_births/D/short,Toto-2.0-2.5B,toto2,Toto-2.0-2.5B,2454.281792,2454.281792,336,controlled,shared_origin_v1:Hmax=720,720,720,256,controlled,5865,6585,256,256,256,256,100,[],merged,2,1,672,7003570.0,,100,,float32,native_horizon,336,,direct_full_horizon,872912.0,872912.0,782.8324962797619,1.2022869443286912,0.07383944307054792,0.07560061273120698,18.406366947646784,934.2975971284525,0.08964684943112157,0.07511361170088969,0.0640541322158586,1.2022869443286912,2.4486101875872244,0.49100789926606614,-0.7112950631987679,0.0640541322158586,0.2803123367673056,0.22850985780562186,-1.476175928197163,Healthcare,1
us_births/D/short|H=336|L=512|Hsrc=controlled|Lsrc=controlled|origins=shared_origin_v1:Hmax=720,joint-scaling,release,standard_hl_shared_origin_v1,us_births/D/short,Toto-2.0-2.5B,toto2,Toto-2.0-2.5B,2454.281792,2454.281792,336,controlled,shared_origin_v1:Hmax=720,720,720,512,controlled,5865,6585,512,512,256,256,100,[],merged,2,1,672,7003570.0,,100,,float32,native_horizon,336,,direct_full_horizon,629113.4285714285,629113.4285714285,627.3780691964286,0.9635171034806171,0.057823868024916875,0.06019673461005801,11.847865422664176,793.1667091926063,0.07610519043536818,0.060197593869983454,0.05234895129699131,0.9635171034806171,2.4486101875872244,0.39349550547693896,-0.9326856331036607,0.05234895129699131,0.2803123367673056,0.18675222040065795,-1.6779725653442674,Healthcare,1
us_births/D/short|H=336|L=1024|Hsrc=controlled|Lsrc=controlled|origins=shared_origin_v1:Hmax=720,joint-scaling,release,standard_hl_shared_origin_v1,us_births/D/short,Toto-2.0-2.5B,toto2,Toto-2.0-2.5B,2454.281792,2454.281792,336,controlled,shared_origin_v1:Hmax=720,720,720,1024,controlled,5865,6585,1024,1024,256,256,100,[],merged,2,1,672,7003570.0,,100,,float32,native_horizon,336,,direct_full_horizon,126303.80952380953,126303.80952380953,251.69394066220238,0.38578318404080525,0.024117804708934966,0.024160762627919514,2.925730820923115,355.3924725199023,0.034100286215940495,0.024150301649730067,0.019139100735522205,0.38578318404080525,2.4486101875872244,0.15755189862251723,-1.848000359931013,0.019139100735522205,0.2803123367673056,0.06827776813622748,-2.6841710685229403,Healthcare,1
us_births/D/short|H=336|L=2048|Hsrc=controlled|Lsrc=controlled|origins=shared_origin_v1:Hmax=720,joint-scaling,release,standard_hl_shared_origin_v1,us_births/D/short,Toto-2.0-2.5B,toto2,Toto-2.0-2.5B,2454.281792,2454.281792,336,controlled,shared_origin_v1:Hmax=720,720,720,2048,controlled,5865,6585,2048,2048,256,256,100,[],merged,2,1,672,7003570.0,,100,,float32,native_horizon,336,,direct_full_horizon,110021.29761904762,110021.29761904762,232.86560639880952,0.3572587032081539,0.022243785006659373,0.022424195493970598,2.334339252065616,331.6945848503524,0.031826448656818856,0.02234370292579356,0.017279432236273293,0.3572587032081539,2.4486101875872244,0.14590264510831927,-1.9248156940199346,0.017279432236273293,0.2803123367673056,0.06164349537928967,-2.786387563789983,Healthcare,1
us_births/D/short|H=336|L=4096|Hsrc=controlled|Lsrc=controlled|origins=shared_origin_v1:Hmax=720,joint-scaling,release,standard_hl_shared_origin_v1,us_births/D/short,Toto-2.0-2.5B,toto2,Toto-2.0-2.5B,2454.281792,2454.281792,336,controlled,shared_origin_v1:Hmax=720,720,720,4096,controlled,5865,6585,4096,4096,256,256,100,[],merged,2,1,672,7003570.0,,100,,float32,native_horizon,336,,direct_full_horizon,129037.73809523809,129037.73809523809,253.9209449404762,0.3899085516745078,0.024259019465673538,0.02446577094850086,2.8862669922257007,359.2182318525023,0.03446737189817216,0.024363985081893948,0.019201705023853013,0.3899085516745078,2.4486101875872244,0.15923667787182988,-1.8373636434650946,0.019201705023853013,0.2803123367673056,0.06850110574973672,-2.6809053915123204,Healthcare,1
us_births/D/short|H=720|L=128|Hsrc=controlled|Lsrc=controlled|origins=shared_origin_v1:Hmax=720,joint-scaling,release,standard_hl_shared_origin_v1,us_births/D/short,Toto-2.0-2.5B,toto2,Toto-2.0-2.5B,2454.281792,2454.281792,720,controlled,shared_origin_v1:Hmax=720,720,720,128,controlled,5865,6585,128,128,256,256,100,[],merged,2,1,1440,15049224.0,,100,,float32,native_horizon,720,,direct_full_horizon,1201577.8666666667,1201577.8666666667,934.5419270833333,1.4336189876200949,0.08816264470418295,0.09041351742214626,25.12632565073781,1096.1650727270353,0.10488764767717795,0.08942257587500857,0.0772988445304809,1.4336189876200949,2.5540307133162745,0.5613162677118382,-0.5774707752486535,0.0772988445304809,0.3972298484429282,0.19459475372628443,-1.6368360688624763,Healthcare,1
us_births/D/short|H=720|L=256|Hsrc=controlled|Lsrc=controlled|origins=shared_origin_v1:Hmax=720,joint-scaling,release,standard_hl_shared_origin_v1,us_births/D/short,Toto-2.0-2.5B,toto2,Toto-2.0-2.5B,2454.281792,2454.281792,720,controlled,shared_origin_v1:Hmax=720,720,720,256,controlled,5865,6585,256,256,256,256,100,[],merged,2,1,1440,15049224.0,,100,,float32,native_horizon,720,,direct_full_horizon,1201577.8666666667,1201577.8666666667,934.5419270833333,1.4336189876200949,0.08816264470418295,0.09041351742214626,25.12632565073781,1096.1650727270353,0.10488764767717795,0.08942257587500857,0.0772988445304809,1.4336189876200949,2.5540307133162745,0.5613162677118382,-0.5774707752486535,0.0772988445304809,0.3972298484429282,0.19459475372628443,-1.6368360688624763,Healthcare,1
us_births/D/short|H=720|L=512|Hsrc=controlled|Lsrc=controlled|origins=shared_origin_v1:Hmax=720,joint-scaling,release,standard_hl_shared_origin_v1,us_births/D/short,Toto-2.0-2.5B,toto2,Toto-2.0-2.5B,2454.281792,2454.281792,720,controlled,shared_origin_v1:Hmax=720,720,720,512,controlled,5865,6585,512,512,256,256,100,[],merged,2,1,1440,15049224.0,,100,,float32,native_horizon,720,,direct_full_horizon,1201577.8666666667,1201577.8666666667,934.5419270833333,1.4336189876200949,0.08816264470418295,0.09041351742214626,25.12632565073781,1096.1650727270353,0.10488764767717795,0.08942257587500857,0.0772988445304809,1.4336189876200949,2.5540307133162745,0.5613162677118382,-0.5774707752486535,0.0772988445304809,0.3972298484429282,0.19459475372628443,-1.6368360688624763,Healthcare,1
us_births/D/short|H=720|L=1024|Hsrc=controlled|Lsrc=controlled|origins=shared_origin_v1:Hmax=720,joint-scaling,release,standard_hl_shared_origin_v1,us_births/D/short,Toto-2.0-2.5B,toto2,Toto-2.0-2.5B,2454.281792,2454.281792,720,controlled,shared_origin_v1:Hmax=720,720,720,1024,controlled,5865,6585,1024,1024,256,256,100,[],merged,2,1,1440,15049224.0,,100,,float32,native_horizon,720,,direct_full_horizon,531787.4666666667,531787.4666666667,551.3447048611112,0.844057441601691,0.0513214111328125,0.05271289613511827,9.050673118693123,729.237592740985,0.06977782598936784,0.05275596768311776,0.04393880710836518,0.844057441601691,2.5540307133162745,0.33048053698059365,-1.1072075110444468,0.04393880710836518,0.3972298484429282,0.11061305508787331,-2.201717158090732,Healthcare,1
us_births/D/short|H=720|L=2048|Hsrc=controlled|Lsrc=controlled|origins=shared_origin_v1:Hmax=720,joint-scaling,release,standard_hl_shared_origin_v1,us_births/D/short,Toto-2.0-2.5B,toto2,Toto-2.0-2.5B,2454.281792,2454.281792,720,controlled,shared_origin_v1:Hmax=720,720,720,2048,controlled,5865,6585,2048,2048,256,256,100,[],merged,2,1,1440,15049224.0,,100,,float32,native_horizon,720,,direct_full_horizon,205954.48888888888,205954.48888888888,329.71102430555555,0.5052244020163907,0.03126546012030707,0.03163620101081,3.156742149563667,453.82208946776586,0.04342441901546437,0.031548728027438494,0.0236890055614041,0.5052244020163907,2.5540307133162745,0.19781453659982948,-1.6204253710892884,0.0236890055614041,0.3972298484429282,0.059635512422495124,-2.8195040363415673,Healthcare,1
us_births/D/short|H=720|L=4096|Hsrc=controlled|Lsrc=controlled|origins=shared_origin_v1:Hmax=720,joint-scaling,release,standard_hl_shared_origin_v1,us_births/D/short,Toto-2.0-2.5B,toto2,Toto-2.0-2.5B,2454.281792,2454.281792,720,controlled,shared_origin_v1:Hmax=720,720,720,4096,controlled,5865,6585,4096,4096,256,256,100,[],merged,2,1,1440,15049224.0,,100,,float32,native_horizon,720,,direct_full_horizon,189872.95555555556,189872.95555555556,290.97256944444445,0.44460765566641086,0.02802708148956299,0.028154036733839247,3.2427467943793893,435.7441400128699,0.0416946124011798,0.0278420003582909,0.02186413383404677,0.44460765566641086,2.5540307133162745,0.17408077880516606,-1.7482358414897434,0.02186413383404677,0.3972298484429282,0.05504151795176109,-2.8996675066719173,Healthcare,1
