run_key,experiment_name,run_timestamp,experiment_protocol,dataset,model,adapter,checkpoint,parameters_total_m,parameters_active_m,H,H_source,origin_policy,origin_horizon,origin_distance,L,L_source,available_context_min,available_context_max,effective_context_min,effective_context_max,requested_batch_size,effective_batch_size,effective_samples_per_batch,batch_recovery_events,instance_shard_index,instance_shard_count,instance_count,valid_target_count,sum_absolute_label,per_core_batch_size,num_samples,seed,torch_dtype,output_strategy,model_call_horizon,native_output_block,native_rollout_mechanism,eval_metrics/MSE[mean],eval_metrics/MSE[0.5],eval_metrics/MAE[0.5],eval_metrics/MASE[0.5],eval_metrics/MAPE[0.5],eval_metrics/sMAPE[0.5],eval_metrics/MSIS,eval_metrics/RMSE[mean],eval_metrics/NRMSE[mean],eval_metrics/ND[0.5],eval_metrics/mean_weighted_sum_quantile_loss,raw_mase,seasonal_naive_mase,rel_mase,log_rel_mase,raw_crps,seasonal_naive_crps,rel_crps,log_rel_crps,domain,num_variates
bitbrains_fast_storage/5T/medium|H=480|L=128|Hsrc=gift_default|Lsrc=controlled|origins=gift_horizon_specific_v1,context-scaling,release,standard_hl_gift_v1,bitbrains_fast_storage/5T/medium,Toto-2.0-22m,toto2,Toto-2.0-22m,21.915584,21.915584,480,gift_default,gift_horizon_specific_v1,,480,128,controlled,7680,8160,128,128,256,256,100,[],merged,2,1250,2333990,768195469.1518865,,100,,float32,official_horizon_generation,,,direct_full_horizon,3907931.8631527983,3907931.8631527983,288.5961842167276,1.092659929645021,4.20634792041743,0.8085445082776704,29.5881588464429,1976.8489732786363,6.006213158529241,0.8768349138320948,0.737219509009842,1.092659929645021,1.2202713598056927,0.8954237275707334,-0.11045823411747017,0.737219509009842,1.197912864471234,0.6154199782596501,-0.4854503527608004,Web/CloudOps,2
bitbrains_fast_storage/5T/medium|H=480|L=256|Hsrc=gift_default|Lsrc=controlled|origins=gift_horizon_specific_v1,context-scaling,release,standard_hl_gift_v1,bitbrains_fast_storage/5T/medium,Toto-2.0-22m,toto2,Toto-2.0-22m,21.915584,21.915584,480,gift_default,gift_horizon_specific_v1,,480,256,controlled,7680,8160,256,256,256,256,100,[],merged,2,1250,2333990,768195469.1518865,,100,,float32,official_horizon_generation,,,direct_full_horizon,3907931.8631527983,3907931.8631527983,288.5961842167276,1.092659929645021,4.20634792041743,0.8085445082776704,29.5881588464429,1976.8489732786363,6.006213158529241,0.8768349138320948,0.737219509009842,1.092659929645021,1.2202713598056927,0.8954237275707334,-0.11045823411747017,0.737219509009842,1.197912864471234,0.6154199782596501,-0.4854503527608004,Web/CloudOps,2
bitbrains_fast_storage/5T/medium|H=480|L=512|Hsrc=gift_default|Lsrc=controlled|origins=gift_horizon_specific_v1,context-scaling,release,standard_hl_gift_v1,bitbrains_fast_storage/5T/medium,Toto-2.0-22m,toto2,Toto-2.0-22m,21.915584,21.915584,480,gift_default,gift_horizon_specific_v1,,480,512,controlled,7680,8160,512,512,256,256,100,[],merged,2,1250,2333990,768195469.1518865,,100,,float32,official_horizon_generation,,,direct_full_horizon,4490700.843215265,4490700.843215265,306.9792089940402,1.0856538539523675,5.030641287051999,0.808329894568957,26.856252118164946,2119.1273777702145,6.438494246656358,0.9326876202368453,0.7541296229883506,1.0856538539523675,1.2202713598056927,0.8896823196155642,-0.11689082422788954,0.7541296229883506,1.197912864471234,0.629536292125244,-0.46277177485576243,Web/CloudOps,2
bitbrains_fast_storage/5T/medium|H=480|L=1024|Hsrc=gift_default|Lsrc=controlled|origins=gift_horizon_specific_v1,context-scaling,release,standard_hl_gift_v1,bitbrains_fast_storage/5T/medium,Toto-2.0-22m,toto2,Toto-2.0-22m,21.915584,21.915584,480,gift_default,gift_horizon_specific_v1,,480,1024,controlled,7680,8160,1024,1024,256,256,100,[],merged,2,1250,2333990,768195469.1518865,,100,,float32,official_horizon_generation,,,direct_full_horizon,3373775.3600109685,3373775.3600109685,262.1243981336681,0.9686339045121214,2.9939782565728605,0.7992547792837618,21.180032272942288,1836.7839720584914,5.580657000851397,0.7964063165790902,0.5742172499512848,0.9686339045121214,1.2202713598056927,0.7937856581886505,-0.23094180608203804,0.5742172499512848,1.197912864471234,0.47934809532640565,-0.7353282329177283,Web/CloudOps,2
bitbrains_fast_storage/5T/medium|H=480|L=2048|Hsrc=gift_default|Lsrc=controlled|origins=gift_horizon_specific_v1,context-scaling,release,standard_hl_gift_v1,bitbrains_fast_storage/5T/medium,Toto-2.0-22m,toto2,Toto-2.0-22m,21.915584,21.915584,480,gift_default,gift_horizon_specific_v1,,480,2048,controlled,7680,8160,2048,2048,256,256,100,[],merged,2,1250,2333990,768195469.1518865,,100,,float32,official_horizon_generation,,,direct_full_horizon,3106356.531776057,3106356.531776057,245.22477045745697,0.9352356544699474,2.1415596651471778,0.7959919137420192,20.451380756880674,1762.4858954828708,5.354918924137427,0.7450605802607714,0.5532943281159155,0.9352356544699474,1.2202713598056927,0.7664161310963388,-0.2660300046655457,0.5532943281159155,1.197912864471234,0.46188194861747556,-0.7724459430248242,Web/CloudOps,2
bitbrains_fast_storage/5T/medium|H=480|L=4096|Hsrc=gift_default|Lsrc=controlled|origins=gift_horizon_specific_v1,context-scaling,release,standard_hl_gift_v1,bitbrains_fast_storage/5T/medium,Toto-2.0-22m,toto2,Toto-2.0-22m,21.915584,21.915584,480,gift_default,gift_horizon_specific_v1,,480,4096,controlled,7680,8160,4096,4096,256,256,100,[],merged,2,1250,2333990,768195469.1518865,,100,,float32,official_horizon_generation,,,direct_full_horizon,3420419.530270481,3420419.530270481,267.6650971083852,0.9299714832377788,3.2426408259069133,0.7950115044534677,20.35516406199826,1849.4376254068372,5.619102294483643,0.8132404903269219,0.5674691799373376,0.9299714832377788,1.2202713598056927,0.7621021961753334,-0.2716746165725388,0.5674691799373376,1.197912864471234,0.47371490595672155,-0.7471496024655553,Web/CloudOps,2
bitbrains_rnd/5T/medium|H=480|L=128|Hsrc=gift_default|Lsrc=controlled|origins=gift_horizon_specific_v1,context-scaling,release,standard_hl_gift_v1,bitbrains_rnd/5T/medium,Toto-2.0-22m,toto2,Toto-2.0-22m,21.915584,21.915584,480,gift_default,gift_horizon_specific_v1,,480,128,controlled,7680,8160,128,128,256,256,100,[],merged,2,500,940216,223461393.6527087,,100,,float32,official_horizon_generation,,,direct_full_horizon,2293999.1340202675,2293999.1340202675,148.42797825180597,4.621928635813452,0.3151867705036489,0.7148379999914913,172.4265676780044,1514.5953697341965,6.372674836008504,0.6245121706207902,0.6157377370333943,4.621928635813452,4.542392314885998,1.0175097867849952,0.01735825675026759,0.6157377370333943,1.169291240318518,0.5265905668340299,-0.6413319454225123,Web/CloudOps,2
bitbrains_rnd/5T/medium|H=480|L=256|Hsrc=gift_default|Lsrc=controlled|origins=gift_horizon_specific_v1,context-scaling,release,standard_hl_gift_v1,bitbrains_rnd/5T/medium,Toto-2.0-22m,toto2,Toto-2.0-22m,21.915584,21.915584,480,gift_default,gift_horizon_specific_v1,,480,256,controlled,7680,8160,256,256,256,256,100,[],merged,2,500,940216,223461393.6527087,,100,,float32,official_horizon_generation,,,direct_full_horizon,2293999.1340202675,2293999.1340202675,148.42797825180597,4.621928635813452,0.3151867705036489,0.7148379999914913,172.4265676780044,1514.5953697341965,6.372674836008504,0.6245121706207902,0.6157377370333943,4.621928635813452,4.542392314885998,1.0175097867849952,0.01735825675026759,0.6157377370333943,1.169291240318518,0.5265905668340299,-0.6413319454225123,Web/CloudOps,2
bitbrains_rnd/5T/medium|H=480|L=512|Hsrc=gift_default|Lsrc=controlled|origins=gift_horizon_specific_v1,context-scaling,release,standard_hl_gift_v1,bitbrains_rnd/5T/medium,Toto-2.0-22m,toto2,Toto-2.0-22m,21.915584,21.915584,480,gift_default,gift_horizon_specific_v1,,480,512,controlled,7680,8160,512,512,256,256,100,[],merged,2,500,940216,223461393.6527087,,100,,float32,official_horizon_generation,,,direct_full_horizon,2287042.3083716934,2287042.3083716934,147.0634683944966,4.587094339625269,0.28523804916404477,0.711887703250598,170.23598563436505,1512.2970304710955,6.363004551073495,0.6187709820466517,0.6094497624992432,4.587094339625269,4.542392314885998,1.0098410752837832,0.009792967267993507,0.6094497624992432,1.169291240318518,0.521212971999369,-0.6515965453240343,Web/CloudOps,2
bitbrains_rnd/5T/medium|H=480|L=1024|Hsrc=gift_default|Lsrc=controlled|origins=gift_horizon_specific_v1,context-scaling,release,standard_hl_gift_v1,bitbrains_rnd/5T/medium,Toto-2.0-22m,toto2,Toto-2.0-22m,21.915584,21.915584,480,gift_default,gift_horizon_specific_v1,,480,1024,controlled,7680,8160,1024,1024,256,256,100,[],merged,2,500,940216,223461393.6527087,,100,,float32,official_horizon_generation,,,direct_full_horizon,2240344.869315136,2240344.869315136,143.46382746092388,4.370088061745501,0.3456485358813497,0.7050429602080799,161.59343359627965,1496.778163027219,6.297708764476512,0.6036254576020136,0.5673718027649155,4.370088061745501,4.542392314885998,0.9620675095420901,-0.038670654539488765,0.5673718027649155,1.169291240318518,0.4852271044212748,-0.723138241103824,Web/CloudOps,2
bitbrains_rnd/5T/medium|H=480|L=2048|Hsrc=gift_default|Lsrc=controlled|origins=gift_horizon_specific_v1,context-scaling,release,standard_hl_gift_v1,bitbrains_rnd/5T/medium,Toto-2.0-22m,toto2,Toto-2.0-22m,21.915584,21.915584,480,gift_default,gift_horizon_specific_v1,,480,2048,controlled,7680,8160,2048,2048,256,256,100,[],merged,2,500,940216,223461393.6527087,,100,,float32,official_horizon_generation,,,direct_full_horizon,2248486.5959311477,2248486.5959311477,140.78357313638568,4.346982884140667,0.26912669175985343,0.6955735841794322,160.22359813565583,1499.4954471191793,6.30914176387764,0.5923482613095906,0.5541886873806102,4.346982884140667,4.542392314885998,0.9569809436967941,-0.043971800269975,0.5541886873806102,1.169291240318518,0.4739526546266162,-0.7466478470298491,Web/CloudOps,2
bitbrains_rnd/5T/medium|H=480|L=4096|Hsrc=gift_default|Lsrc=controlled|origins=gift_horizon_specific_v1,context-scaling,release,standard_hl_gift_v1,bitbrains_rnd/5T/medium,Toto-2.0-22m,toto2,Toto-2.0-22m,21.915584,21.915584,480,gift_default,gift_horizon_specific_v1,,480,4096,controlled,7680,8160,4096,4096,256,256,100,[],merged,2,500,940216,223461393.6527087,,100,,float32,official_horizon_generation,,,direct_full_horizon,2246423.0172811355,2246423.0172811355,140.22286580955864,4.34324004352135,0.2751312682381586,0.6970998552460286,159.8528564313769,1498.8071981683086,6.306245949683455,0.5899890797463568,0.5620543704062441,4.34324004352135,4.542392314885998,0.956156963652831,-0.044833191486726015,0.5620543704062441,1.169291240318518,0.48067953562462246,-0.7325544770195944,Web/CloudOps,2
bizitobs_l2c/5T/medium|H=480|L=128|Hsrc=gift_default|Lsrc=controlled|origins=gift_horizon_specific_v1,context-scaling,release,standard_hl_gift_v1,bizitobs_l2c/5T/medium,Toto-2.0-22m,toto2,Toto-2.0-22m,21.915584,21.915584,480,gift_default,gift_horizon_specific_v1,,480,128,controlled,28608,31488,128,128,256,256,100,[],merged,2,1,23520,447023.29999017715,,100,,float32,official_horizon_generation,,,direct_full_horizon,219.01500850340136,219.01500850340136,9.155701929209183,0.8747761334831934,0.679850302007206,0.8918916248139881,22.57521390832174,14.799155668598171,0.7786532409677026,0.481724575385068,0.4904567534314697,0.8747761334831934,1.2435997989543754,0.7034225433444982,-0.35179751034507156,0.4904567534314697,0.52039177455084,0.9424759910065686,-0.05924483371751593,Web/CloudOps,7
bizitobs_l2c/5T/medium|H=480|L=256|Hsrc=gift_default|Lsrc=controlled|origins=gift_horizon_specific_v1,context-scaling,release,standard_hl_gift_v1,bizitobs_l2c/5T/medium,Toto-2.0-22m,toto2,Toto-2.0-22m,21.915584,21.915584,480,gift_default,gift_horizon_specific_v1,,480,256,controlled,28608,31488,256,256,256,256,100,[],merged,2,1,23520,447023.29999017715,,100,,float32,official_horizon_generation,,,direct_full_horizon,219.01500850340136,219.01500850340136,9.155701929209183,0.8747761334831934,0.679850302007206,0.8918916248139881,22.57521390832174,14.799155668598171,0.7786532409677026,0.481724575385068,0.4904567534314697,0.8747761334831934,1.2435997989543754,0.7034225433444982,-0.35179751034507156,0.4904567534314697,0.52039177455084,0.9424759910065686,-0.05924483371751593,Web/CloudOps,7
bizitobs_l2c/5T/medium|H=480|L=512|Hsrc=gift_default|Lsrc=controlled|origins=gift_horizon_specific_v1,context-scaling,release,standard_hl_gift_v1,bizitobs_l2c/5T/medium,Toto-2.0-22m,toto2,Toto-2.0-22m,21.915584,21.915584,480,gift_default,gift_horizon_specific_v1,,480,512,controlled,28608,31488,512,512,256,256,100,[],merged,2,1,23520,447023.29999017715,,100,,float32,official_horizon_generation,,,direct_full_horizon,432.4672619047619,432.4672619047619,11.036966544430273,1.0552755233109126,0.8136514923084786,0.9029566758343962,18.145090998427396,20.795847227385615,1.094167410957902,0.5807067621099486,0.5014985819268356,1.0552755233109126,1.2435997989543754,0.8485652089990632,-0.16420834517000385,0.5014985819268356,0.52039177455084,0.9636942904404832,-0.0369811607657902,Web/CloudOps,7
bizitobs_l2c/5T/medium|H=480|L=1024|Hsrc=gift_default|Lsrc=controlled|origins=gift_horizon_specific_v1,context-scaling,release,standard_hl_gift_v1,bizitobs_l2c/5T/medium,Toto-2.0-22m,toto2,Toto-2.0-22m,21.915584,21.915584,480,gift_default,gift_horizon_specific_v1,,480,1024,controlled,28608,31488,1024,1024,256,256,100,[],merged,2,1,23520,447023.29999017715,,100,,float32,official_horizon_generation,,,direct_full_horizon,168.56630527210885,168.56630527210885,8.969822225765306,0.8515080513769279,0.6210202844713038,0.9189656575520834,11.386244863616373,12.983308718200798,0.6831129855172938,0.4719445692308116,0.3927554166382201,0.8515080513769279,1.2435997989543754,0.6847122780920999,-0.37875656094039023,0.3927554166382201,0.52039177455084,0.7547302548684879,-0.2813948718921009,Web/CloudOps,7
bizitobs_l2c/5T/medium|H=480|L=2048|Hsrc=gift_default|Lsrc=controlled|origins=gift_horizon_specific_v1,context-scaling,release,standard_hl_gift_v1,bizitobs_l2c/5T/medium,Toto-2.0-22m,toto2,Toto-2.0-22m,21.915584,21.915584,480,gift_default,gift_horizon_specific_v1,,480,2048,controlled,28608,31488,2048,2048,256,256,100,[],merged,2,1,23520,447023.29999017715,,100,,float32,official_horizon_generation,,,direct_full_horizon,196.31617772108842,196.31617772108842,9.501391103316326,0.90750812657883,0.6367728010649307,0.9764696601296768,11.17671290371239,14.011287511184989,0.7371997886246922,0.4999129100315589,0.39143555813679193,0.90750812657883,1.2435997989543754,0.7297429022920935,-0.3150629955136528,0.39143555813679193,0.52039177455084,0.7521939763068842,-0.28476104107835926,Web/CloudOps,7
bizitobs_l2c/5T/medium|H=480|L=4096|Hsrc=gift_default|Lsrc=controlled|origins=gift_horizon_specific_v1,context-scaling,release,standard_hl_gift_v1,bizitobs_l2c/5T/medium,Toto-2.0-22m,toto2,Toto-2.0-22m,21.915584,21.915584,480,gift_default,gift_horizon_specific_v1,,480,4096,controlled,28608,31488,4096,4096,256,256,100,[],merged,2,1,23520,447023.29999017715,,100,,float32,official_horizon_generation,,,direct_full_horizon,109.22995323129251,109.22995323129251,6.603742825255102,0.6368022625745058,0.49390241102685645,0.8256395820046769,5.358128305980515,10.451313469190966,0.5498927970885926,0.3474539945757033,0.282300426732625,0.6368022625745058,1.2435997989543754,0.5120636583488772,-0.6693063289586495,0.282300426732625,0.52039177455084,0.5424767272239918,-0.6116100936139988,Web/CloudOps,7
bizitobs_l2c/H/medium|H=480|L=128|Hsrc=gift_default|Lsrc=controlled|origins=gift_horizon_specific_v1,context-scaling,release,standard_hl_gift_v1,bizitobs_l2c/H/medium,Toto-2.0-22m,toto2,Toto-2.0-22m,21.915584,21.915584,480,gift_default,gift_horizon_specific_v1,,480,128,controlled,2184,2184,128,128,256,256,100,[],merged,2,1,3360,55489.936727546155,,100,,float32,official_horizon_generation,,,direct_full_horizon,485.31722470238094,485.31722470238094,15.125105794270834,1.430462659920909,1.0994080099076282,1.6066015334356398,27.113369326500063,22.02991658409947,1.3339449292583023,0.9158481423086919,0.7627862007335282,1.430462659920909,1.5102861219937118,0.9471467949613224,-0.05430118729012806,0.7627862007335282,0.9042051379030577,0.8435986135872948,-0.17007847382683525,Web/CloudOps,7
bizitobs_l2c/H/medium|H=480|L=256|Hsrc=gift_default|Lsrc=controlled|origins=gift_horizon_specific_v1,context-scaling,release,standard_hl_gift_v1,bizitobs_l2c/H/medium,Toto-2.0-22m,toto2,Toto-2.0-22m,21.915584,21.915584,480,gift_default,gift_horizon_specific_v1,,480,256,controlled,2184,2184,256,256,256,256,100,[],merged,2,1,3360,55489.936727546155,,100,,float32,official_horizon_generation,,,direct_full_horizon,485.31722470238094,485.31722470238094,15.125105794270834,1.430462659920909,1.0994080099076282,1.6066015334356398,27.113369326500063,22.02991658409947,1.3339449292583023,0.9158481423086919,0.7627862007335282,1.430462659920909,1.5102861219937118,0.9471467949613224,-0.05430118729012806,0.7627862007335282,0.9042051379030577,0.8435986135872948,-0.17007847382683525,Web/CloudOps,7
bizitobs_l2c/H/medium|H=480|L=512|Hsrc=gift_default|Lsrc=controlled|origins=gift_horizon_specific_v1,context-scaling,release,standard_hl_gift_v1,bizitobs_l2c/H/medium,Toto-2.0-22m,toto2,Toto-2.0-22m,21.915584,21.915584,480,gift_default,gift_horizon_specific_v1,,480,512,controlled,2184,2184,512,512,256,256,100,[],merged,2,1,3360,55489.936727546155,,100,,float32,official_horizon_generation,,,direct_full_horizon,497.0199776785714,497.0199776785714,15.403281947544643,1.4502108204963657,1.1499865368618394,1.6336978004092262,32.49857519041722,22.293944865782983,1.3499322429727225,0.9326921311492128,0.8239345962797185,1.4502108204963657,1.5102861219937118,0.9602225693380263,-0.04059017833126018,0.8239345962797185,0.9042051379030577,0.911225298045204,-0.0929651037960148,Web/CloudOps,7
bizitobs_l2c/H/medium|H=480|L=1024|Hsrc=gift_default|Lsrc=controlled|origins=gift_horizon_specific_v1,context-scaling,release,standard_hl_gift_v1,bizitobs_l2c/H/medium,Toto-2.0-22m,toto2,Toto-2.0-22m,21.915584,21.915584,480,gift_default,gift_horizon_specific_v1,,480,1024,controlled,2184,2184,1024,1024,256,256,100,[],merged,2,1,3360,55489.936727546155,,100,,float32,official_horizon_generation,,,direct_full_horizon,102.04021577380952,102.04021577380952,5.8922956194196425,0.596137462215643,0.5284442257492799,0.8343171619233631,4.478034104130495,10.101495719635261,0.6116609176295127,0.35678745460565425,0.2934141531262613,0.596137462215643,1.5102861219937118,0.39471822824451874,-0.9295831148498989,0.2934141531262613,0.9042051379030577,0.32449954200295533,-1.1254711542320381,Web/CloudOps,7
bizitobs_l2c/H/medium|H=480|L=2048|Hsrc=gift_default|Lsrc=controlled|origins=gift_horizon_specific_v1,context-scaling,release,standard_hl_gift_v1,bizitobs_l2c/H/medium,Toto-2.0-22m,toto2,Toto-2.0-22m,21.915584,21.915584,480,gift_default,gift_horizon_specific_v1,,480,2048,controlled,2184,2184,2048,2048,256,256,100,[],merged,2,1,3360,55489.936727546155,,100,,float32,official_horizon_generation,,,direct_full_horizon,72.01309988839286,72.01309988839286,4.982095772879465,0.5101758824879826,0.5122274975479241,0.7847414289202009,3.686918617032239,8.486053257456781,0.513843421466732,0.3016734706162506,0.2432041533448458,0.5101758824879826,1.5102861219937118,0.33780081473204904,-1.0852988627343505,0.2432041533448458,0.9042051379030577,0.26897010772230356,-1.3131550292639034,Web/CloudOps,7
bizitobs_l2c/H/medium|H=480|L=4096|Hsrc=gift_default|Lsrc=controlled|origins=gift_horizon_specific_v1,context-scaling,release,standard_hl_gift_v1,bizitobs_l2c/H/medium,Toto-2.0-22m,toto2,Toto-2.0-22m,21.915584,21.915584,480,gift_default,gift_horizon_specific_v1,,480,4096,controlled,2184,2184,2184,2184,256,256,100,[],merged,2,1,3360,55489.936727546155,,100,,float32,official_horizon_generation,,,direct_full_horizon,71.42460007440476,71.42460007440476,4.897797502790179,0.4991347006022175,0.5114974035930672,0.776987057640439,3.7129776644571426,8.451307595538383,0.5117395188326556,0.29656908224956874,0.23793546528396517,0.4991347006022175,1.5102861219937118,0.3304901590059739,-1.10717839621246,0.23793546528396517,0.9042051379030577,0.26314323521293115,-1.3350567744748492,Web/CloudOps,7
electricity/15T/medium|H=480|L=128|Hsrc=gift_default|Lsrc=controlled|origins=gift_horizon_specific_v1,context-scaling,release,standard_hl_gift_v1,electricity/15T/medium,Toto-2.0-22m,toto2,Toto-2.0-22m,21.915584,21.915584,480,gift_default,gift_horizon_specific_v1,,480,128,controlled,130656,139776,128,128,256,256,100,[],merged,2,370,3552000,2061400144.809679,,100,,float32,official_horizon_generation,,,direct_full_horizon,4710563.895981982,4710563.895981982,212.7429165259009,3.0880764662062474,0.44600256697187024,0.39042415474556585,71.30571574882781,2170.3833523094445,3.739789039412776,0.3665774650315489,0.35984907497418867,3.0880764662062474,1.1507882040712938,2.6834446645187673,0.9871012917844514,0.35984907497418867,0.1127548498424603,3.191428798645605,1.1604687157817655,Energy,1
electricity/15T/medium|H=480|L=256|Hsrc=gift_default|Lsrc=controlled|origins=gift_horizon_specific_v1,context-scaling,release,standard_hl_gift_v1,electricity/15T/medium,Toto-2.0-22m,toto2,Toto-2.0-22m,21.915584,21.915584,480,gift_default,gift_horizon_specific_v1,,480,256,controlled,130656,139776,256,256,256,256,100,[],merged,2,370,3552000,2061400144.809679,,100,,float32,official_horizon_generation,,,direct_full_horizon,4710563.895981982,4710563.895981982,212.7429165259009,3.0880764662062474,0.44600256697187024,0.39042415474556585,71.30571574882781,2170.3833523094445,3.739789039412776,0.3665774650315489,0.35984907497418867,3.0880764662062474,1.1507882040712938,2.6834446645187673,0.9871012917844514,0.35984907497418867,0.1127548498424603,3.191428798645605,1.1604687157817655,Energy,1
electricity/15T/medium|H=480|L=512|Hsrc=gift_default|Lsrc=controlled|origins=gift_horizon_specific_v1,context-scaling,release,standard_hl_gift_v1,electricity/15T/medium,Toto-2.0-22m,toto2,Toto-2.0-22m,21.915584,21.915584,480,gift_default,gift_horizon_specific_v1,,480,512,controlled,130656,139776,512,512,256,256,100,[],merged,2,370,3552000,2061400144.809679,,100,,float32,official_horizon_generation,,,direct_full_horizon,2652201.9711981984,2652201.9711981984,188.09109058277028,2.817863866123909,0.4342140656282077,0.3615549222928984,41.04820990716478,1628.5582492493777,2.8061698335952445,0.3240998868813425,0.27978561240559285,2.817863866123909,1.1507882040712938,2.448638121380445,0.895532001179976,0.27978561240559285,0.1127548498424603,2.4813621125521954,0.908807648332731,Energy,1
electricity/15T/medium|H=480|L=1024|Hsrc=gift_default|Lsrc=controlled|origins=gift_horizon_specific_v1,context-scaling,release,standard_hl_gift_v1,electricity/15T/medium,Toto-2.0-22m,toto2,Toto-2.0-22m,21.915584,21.915584,480,gift_default,gift_horizon_specific_v1,,480,1024,controlled,130656,139776,1024,1024,256,256,100,[],merged,2,370,3552000,2061400144.809679,,100,,float32,official_horizon_generation,,,direct_full_horizon,371089.65863063064,371089.65863063064,68.09154078688063,1.0934507331759715,0.19523558766391366,0.1755340394716005,9.22828488673632,609.1712884161816,1.0496634638851499,0.11732858052036767,0.09450679725719761,1.0934507331759715,1.1507882040712938,0.9501754791259834,-0.05110859657578528,0.09450679725719761,0.1127548498424603,0.8381617055873105,-0.1765442310209735,Energy,1
electricity/15T/medium|H=480|L=2048|Hsrc=gift_default|Lsrc=controlled|origins=gift_horizon_specific_v1,context-scaling,release,standard_hl_gift_v1,electricity/15T/medium,Toto-2.0-22m,toto2,Toto-2.0-22m,21.915584,21.915584,480,gift_default,gift_horizon_specific_v1,,480,2048,controlled,130656,139776,2048,2048,256,256,100,[],merged,2,370,3552000,2061400144.809679,,100,,float32,official_horizon_generation,,,direct_full_horizon,278100.7974684685,278100.7974684685,57.876314347550675,0.9083131451173407,0.14669598253000232,0.14391555744892842,7.837052150591071,527.3526310434684,0.9086816793831849,0.09972671685316102,0.08024281131969145,0.9083131451173407,1.1507882040712938,0.7892965377155263,-0.23661318880277005,0.08024281131969145,0.1127548498424603,0.7116572939594681,-0.3401588121546208,Energy,1
electricity/15T/medium|H=480|L=4096|Hsrc=gift_default|Lsrc=controlled|origins=gift_horizon_specific_v1,context-scaling,release,standard_hl_gift_v1,electricity/15T/medium,Toto-2.0-22m,toto2,Toto-2.0-22m,21.915584,21.915584,480,gift_default,gift_horizon_specific_v1,,480,4096,controlled,130656,139776,4096,4096,256,256,100,[],merged,2,370,3552000,2061400144.809679,,100,,float32,official_horizon_generation,,,direct_full_horizon,299803.37774324324,299803.37774324324,56.77597425746058,0.8787347329914377,0.13283436759030168,0.13752249819093995,7.70349173355081,547.5430373434067,0.9434717822935552,0.09783072009103756,0.07903960626387822,0.8787347329914377,1.1507882040712938,0.7635937958719275,-0.26971931200387655,0.07903960626387822,0.1127548498424603,0.700986311225738,-0.3552669196335919,Energy,1
electricity/H/medium|H=480|L=128|Hsrc=gift_default|Lsrc=controlled|origins=gift_horizon_specific_v1,context-scaling,release,standard_hl_gift_v1,electricity/H/medium,Toto-2.0-22m,toto2,Toto-2.0-22m,21.915584,21.915584,480,gift_default,gift_horizon_specific_v1,,480,128,controlled,31224,34584,128,128,256,256,100,[],merged,2,370,1420800,3639969419.768304,,100,,float32,official_horizon_generation,,,direct_full_horizon,32331369.61837838,32331369.61837838,613.1807207207207,2.398086562251609,0.5118678647585884,0.27202955641188065,40.56000555125287,5686.0680279414855,2.219459704860241,0.2393446393446501,0.21401509522798204,2.398086562251609,1.3924537850959529,1.7222019056714035,0.5436036498124729,0.21401509522798204,0.12738701471484642,1.6800385479403144,0.5188167383544985,Energy,1
electricity/H/medium|H=480|L=256|Hsrc=gift_default|Lsrc=controlled|origins=gift_horizon_specific_v1,context-scaling,release,standard_hl_gift_v1,electricity/H/medium,Toto-2.0-22m,toto2,Toto-2.0-22m,21.915584,21.915584,480,gift_default,gift_horizon_specific_v1,,480,256,controlled,31224,34584,256,256,256,256,100,[],merged,2,370,1420800,3639969419.768304,,100,,float32,official_horizon_generation,,,direct_full_horizon,32331369.61837838,32331369.61837838,613.1807207207207,2.398086562251609,0.5118678647585884,0.27202955641188065,40.56000555125287,5686.0680279414855,2.219459704860241,0.2393446393446501,0.21401509522798204,2.398086562251609,1.3924537850959529,1.7222019056714035,0.5436036498124729,0.21401509522798204,0.12738701471484642,1.6800385479403144,0.5188167383544985,Energy,1
electricity/H/medium|H=480|L=512|Hsrc=gift_default|Lsrc=controlled|origins=gift_horizon_specific_v1,context-scaling,release,standard_hl_gift_v1,electricity/H/medium,Toto-2.0-22m,toto2,Toto-2.0-22m,21.915584,21.915584,480,gift_default,gift_horizon_specific_v1,,480,512,controlled,31224,34584,512,512,256,256,100,[],merged,2,370,1420800,3639969419.768304,,100,,float32,official_horizon_generation,,,direct_full_horizon,19296876.141981978,19296876.141981978,419.7371361204955,1.6519937985912727,0.3809617592073392,0.20519688717953793,19.486945866756045,4392.820977684155,1.7146627691973653,0.16383723439027145,0.13840319492814288,1.6519937985912727,1.3924537850959529,1.1863903967753122,0.17091541738477958,0.13840319492814288,0.12738701471484642,1.0864780467456276,0.08294131502988951,Energy,1
electricity/H/medium|H=480|L=1024|Hsrc=gift_default|Lsrc=controlled|origins=gift_horizon_specific_v1,context-scaling,release,standard_hl_gift_v1,electricity/H/medium,Toto-2.0-22m,toto2,Toto-2.0-22m,21.915584,21.915584,480,gift_default,gift_horizon_specific_v1,,480,1024,controlled,31224,34584,1024,1024,256,256,100,[],merged,2,370,1420800,3639969419.768304,,100,,float32,official_horizon_generation,,,direct_full_horizon,8738946.726306308,8738946.726306308,279.1251889780405,1.153266022120815,0.2287983002825029,0.1386814729157869,10.020151687409191,2956.170956880929,1.1538909290627437,0.10895175831593762,0.08703642619661284,1.153266022120815,1.3924537850959529,0.8282257080735678,-0.18846956745220222,0.08703642619661284,0.12738701471484642,0.6832440998122323,-0.3809030896854756,Energy,1
electricity/H/medium|H=480|L=2048|Hsrc=gift_default|Lsrc=controlled|origins=gift_horizon_specific_v1,context-scaling,release,standard_hl_gift_v1,electricity/H/medium,Toto-2.0-22m,toto2,Toto-2.0-22m,21.915584,21.915584,480,gift_default,gift_horizon_specific_v1,,480,2048,controlled,31224,34584,2048,2048,256,256,100,[],merged,2,370,1420800,3639969419.768304,,100,,float32,official_horizon_generation,,,direct_full_horizon,7253327.953873874,7253327.953873874,266.5734082911036,1.1264551059650136,0.20363329476170489,0.1353633619428755,9.599912946899035,2693.200318185388,1.0512448240077161,0.10405238473792137,0.08273283250239476,1.1264551059650136,1.3924537850959529,0.8089712692959433,-0.21199187640354364,0.08273283250239476,0.12738701471484642,0.6494604861224729,-0.43161328210094585,Energy,1
electricity/H/medium|H=480|L=4096|Hsrc=gift_default|Lsrc=controlled|origins=gift_horizon_specific_v1,context-scaling,release,standard_hl_gift_v1,electricity/H/medium,Toto-2.0-22m,toto2,Toto-2.0-22m,21.915584,21.915584,480,gift_default,gift_horizon_specific_v1,,480,4096,controlled,31224,34584,4096,4096,256,256,100,[],merged,2,370,1420800,3639969419.768304,,100,,float32,official_horizon_generation,,,direct_full_horizon,7241001.472522522,7241001.472522522,262.36609375,1.1119557375838216,0.20383160312830254,0.13374121382429793,9.332710888626753,2690.9109001456222,1.050351188711432,0.10241013124328062,0.082104246850392,1.1119557375838216,1.3924537850959529,0.79855845090557,-0.2249471131225046,0.082104246850392,0.12738701471484642,0.64452602986404,-0.4392400697318149,Energy,1
ett1/15T/medium|H=480|L=128|Hsrc=gift_default|Lsrc=controlled|origins=gift_horizon_specific_v1,context-scaling,release,standard_hl_gift_v1,ett1/15T/medium,Toto-2.0-22m,toto2,Toto-2.0-22m,21.915584,21.915584,480,gift_default,gift_horizon_specific_v1,,480,128,controlled,62480,69200,128,128,256,256,100,[],merged,2,1,50400,264426.7650203854,,100,,float32,official_horizon_generation,,,direct_full_horizon,33.43562996031746,33.43562996031746,3.2588805183531746,1.9412330913315732,0.9662401650629238,0.717951156374008,42.96769576565123,5.782355053117844,1.1021225277806963,0.6211458137089023,0.6797234235014687,1.9412330913315732,1.188305978848509,1.6336138384262484,0.4907946395152102,0.6797234235014687,0.3215511684253036,2.113888830913605,0.7485292989856398,Energy,7
ett1/15T/medium|H=480|L=256|Hsrc=gift_default|Lsrc=controlled|origins=gift_horizon_specific_v1,context-scaling,release,standard_hl_gift_v1,ett1/15T/medium,Toto-2.0-22m,toto2,Toto-2.0-22m,21.915584,21.915584,480,gift_default,gift_horizon_specific_v1,,480,256,controlled,62480,69200,256,256,256,256,100,[],merged,2,1,50400,264426.7650203854,,100,,float32,official_horizon_generation,,,direct_full_horizon,33.43562996031746,33.43562996031746,3.2588805183531746,1.9412330913315732,0.9662401650629238,0.717951156374008,42.96769576565123,5.782355053117844,1.1021225277806963,0.6211458137089023,0.6797234235014687,1.9412330913315732,1.188305978848509,1.6336138384262484,0.4907946395152102,0.6797234235014687,0.3215511684253036,2.113888830913605,0.7485292989856398,Energy,7
ett1/15T/medium|H=480|L=512|Hsrc=gift_default|Lsrc=controlled|origins=gift_horizon_specific_v1,context-scaling,release,standard_hl_gift_v1,ett1/15T/medium,Toto-2.0-22m,toto2,Toto-2.0-22m,21.915584,21.915584,480,gift_default,gift_horizon_specific_v1,,480,512,controlled,62480,69200,512,512,256,256,100,[],merged,2,1,50400,264426.7650203854,,100,,float32,official_horizon_generation,,,direct_full_horizon,29.303531746031744,29.303531746031744,3.0424739583333333,1.8256926062493657,0.9603472018578898,0.674002433655754,15.726246857905371,5.413273662584568,1.0317752538145264,0.5798985117417238,0.4631242436148738,1.8256926062493657,1.188305978848509,1.5363825805357778,0.4294306795808828,0.4631242436148738,0.3215511684253036,1.4402816381693777,0.3648386765262991,Energy,7
ett1/15T/medium|H=480|L=1024|Hsrc=gift_default|Lsrc=controlled|origins=gift_horizon_specific_v1,context-scaling,release,standard_hl_gift_v1,ett1/15T/medium,Toto-2.0-22m,toto2,Toto-2.0-22m,21.915584,21.915584,480,gift_default,gift_horizon_specific_v1,,480,1024,controlled,62480,69200,1024,1024,256,256,100,[],merged,2,1,50400,264426.7650203854,,100,,float32,official_horizon_generation,,,direct_full_horizon,10.592673611111111,10.592673611111111,1.7007006448412698,1.0688103551100374,0.734659237758206,0.4067194087921627,8.016040530846485,3.2546387835074895,0.6203373348992552,0.32415520604879755,0.25701370104544347,1.0688103551100374,1.188305978848509,0.8994403580681591,-0.10598253343949454,0.25701370104544347,0.3215511684253036,0.7992933202640431,-0.2240272913673891,Energy,7
ett1/15T/medium|H=480|L=2048|Hsrc=gift_default|Lsrc=controlled|origins=gift_horizon_specific_v1,context-scaling,release,standard_hl_gift_v1,ett1/15T/medium,Toto-2.0-22m,toto2,Toto-2.0-22m,21.915584,21.915584,480,gift_default,gift_horizon_specific_v1,,480,2048,controlled,62480,69200,2048,2048,256,256,100,[],merged,2,1,50400,264426.7650203854,,100,,float32,official_horizon_generation,,,direct_full_horizon,9.066053447420636,9.066053447420636,1.5590404885912699,0.9910817452897235,0.7188897890614128,0.385106685577877,7.189337521076727,3.0109887823471935,0.5738974064089142,0.2971546417358409,0.2367609932468501,0.9910817452897235,1.188305978848509,0.83402908251804,-0.18148700610662566,0.2367609932468501,0.3215511684253036,0.7363089190635291,-0.30610552132550245,Energy,7
ett1/15T/medium|H=480|L=4096|Hsrc=gift_default|Lsrc=controlled|origins=gift_horizon_specific_v1,context-scaling,release,standard_hl_gift_v1,ett1/15T/medium,Toto-2.0-22m,toto2,Toto-2.0-22m,21.915584,21.915584,480,gift_default,gift_horizon_specific_v1,,480,4096,controlled,62480,69200,4096,4096,256,256,100,[],merged,2,1,50400,264426.7650203854,,100,,float32,official_horizon_generation,,,direct_full_horizon,9.202483878968254,9.202483878968254,1.5922665550595239,0.9947632946431969,0.7545094397999961,0.3857538132440476,6.9577155690088315,3.033559605309949,0.57819942733798,0.30348756249698583,0.23725573181646759,0.9947632946431969,1.188305978848509,0.8371272318322771,-0.17777921068735417,0.23725573181646759,0.3215511684253036,0.737847518882775,-0.3040180897092531,Energy,7
ett1/H/medium|H=480|L=128|Hsrc=gift_default|Lsrc=controlled|origins=gift_horizon_specific_v1,context-scaling,release,standard_hl_gift_v1,ett1/H/medium,Toto-2.0-22m,toto2,Toto-2.0-22m,21.915584,21.915584,480,gift_default,gift_horizon_specific_v1,,480,128,controlled,15500,16940,128,128,256,256,100,[],merged,2,1,13440,280598.42197935283,,100,,float32,official_horizon_generation,,,direct_full_horizon,302.5004464285714,302.5004464285714,10.94848865327381,1.8917654687535888,83863299239.70772,0.6243150983537946,23.017555710128487,17.392539964840427,0.8330614815241395,0.5244066821973343,0.4672022133711886,1.8917654687535888,1.5678007464523998,1.2066364128440763,0.18783666462659038,0.4672022133711886,0.4349118288751455,1.074245818007661,0.07161885072395269,Energy,7
ett1/H/medium|H=480|L=256|Hsrc=gift_default|Lsrc=controlled|origins=gift_horizon_specific_v1,context-scaling,release,standard_hl_gift_v1,ett1/H/medium,Toto-2.0-22m,toto2,Toto-2.0-22m,21.915584,21.915584,480,gift_default,gift_horizon_specific_v1,,480,256,controlled,15500,16940,256,256,256,256,100,[],merged,2,1,13440,280598.42197935283,,100,,float32,official_horizon_generation,,,direct_full_horizon,302.5004464285714,302.5004464285714,10.94848865327381,1.8917654687535888,83863299239.70772,0.6243150983537946,23.017555710128487,17.392539964840427,0.8330614815241395,0.5244066821973343,0.4672022133711886,1.8917654687535888,1.5678007464523998,1.2066364128440763,0.18783666462659038,0.4672022133711886,0.4349118288751455,1.074245818007661,0.07161885072395269,Energy,7
ett1/H/medium|H=480|L=512|Hsrc=gift_default|Lsrc=controlled|origins=gift_horizon_specific_v1,context-scaling,release,standard_hl_gift_v1,ett1/H/medium,Toto-2.0-22m,toto2,Toto-2.0-22m,21.915584,21.915584,480,gift_default,gift_horizon_specific_v1,,480,512,controlled,15500,16940,512,512,256,256,100,[],merged,2,1,13440,280598.42197935283,,100,,float32,official_horizon_generation,,,direct_full_horizon,179.17793898809524,179.17793898809524,8.015355282738096,1.429410227386798,5652883894169.287,0.47251881190708706,12.678976585161292,13.385736400665271,0.6411450782790897,0.3839165389459203,0.3150414810028937,1.429410227386798,1.5678007464523998,0.9117295234239745,-0.09241190808793583,0.3150414810028937,0.4349118288751455,0.7243801158908828,-0.32243900242348944,Energy,7
ett1/H/medium|H=480|L=1024|Hsrc=gift_default|Lsrc=controlled|origins=gift_horizon_specific_v1,context-scaling,release,standard_hl_gift_v1,ett1/H/medium,Toto-2.0-22m,toto2,Toto-2.0-22m,21.915584,21.915584,480,gift_default,gift_horizon_specific_v1,,480,1024,controlled,15500,16940,1024,1024,256,256,100,[],merged,2,1,13440,280598.42197935283,,100,,float32,official_horizon_generation,,,direct_full_horizon,142.70619419642858,142.70619419642858,6.854886881510416,1.24148010499954,2431906104262.777,0.4388067336309524,9.779616535425356,11.945969788863046,0.5721836667140391,0.32833285033327503,0.2587790709266947,1.24148010499954,1.5678007464523998,0.7918608967426161,-0.23336953801940868,0.2587790709266947,0.4349118288751455,0.5950150208514678,-0.5191686286266428,Energy,7
ett1/H/medium|H=480|L=2048|Hsrc=gift_default|Lsrc=controlled|origins=gift_horizon_specific_v1,context-scaling,release,standard_hl_gift_v1,ett1/H/medium,Toto-2.0-22m,toto2,Toto-2.0-22m,21.915584,21.915584,480,gift_default,gift_horizon_specific_v1,,480,2048,controlled,15500,16940,2048,2048,256,256,100,[],merged,2,1,13440,280598.42197935283,,100,,float32,official_horizon_generation,,,direct_full_horizon,139.70281808035713,139.70281808035713,6.891047595796131,1.2635718687328759,3086253432179.1514,0.44303047543480284,9.211931555905593,11.81959466650008,0.5661305975892126,0.3300648629246921,0.2567545611741695,1.2635718687328759,1.5678007464523998,0.8059518223805358,-0.2157313119834485,0.2567545611741695,0.4349118288751455,0.590360031913224,-0.5270227046113374,Energy,7
ett1/H/medium|H=480|L=4096|Hsrc=gift_default|Lsrc=controlled|origins=gift_horizon_specific_v1,context-scaling,release,standard_hl_gift_v1,ett1/H/medium,Toto-2.0-22m,toto2,Toto-2.0-22m,21.915584,21.915584,480,gift_default,gift_horizon_specific_v1,,480,4096,controlled,15500,16940,4096,4096,256,256,100,[],merged,2,1,13440,280598.42197935283,,100,,float32,official_horizon_generation,,,direct_full_horizon,139.33147321428572,139.33147321428572,6.937745303199405,1.2649448475832255,3423363142958.7266,0.4450307210286458,9.14143022195697,11.803875347286828,0.5653776794197667,0.33230157253650233,0.2583557037635994,1.2649448475832255,1.5678007464523998,0.8068275579314063,-0.2146453164063345,0.2583557037635994,0.4349118288751455,0.5940415656934641,-0.5208059861527695,Energy,7
ett2/15T/medium|H=480|L=128|Hsrc=gift_default|Lsrc=controlled|origins=gift_horizon_specific_v1,context-scaling,release,standard_hl_gift_v1,ett2/15T/medium,Toto-2.0-22m,toto2,Toto-2.0-22m,21.915584,21.915584,480,gift_default,gift_horizon_specific_v1,,480,128,controlled,62480,69200,128,128,256,256,100,[],merged,2,1,50400,945736.3714669943,,100,,float32,official_horizon_generation,,,direct_full_horizon,16.398757440476192,16.398757440476192,2.6655000620039684,1.122891000225772,0.17949812729246864,0.19933469742063492,19.846934407104502,4.0495379292551625,0.21580719298959844,0.14204931435238602,0.1268804907936747,1.122891000225772,1.051239150135547,1.0681594193680726,0.0659369984697128,0.1268804907936747,0.12412877712988989,1.0221682169711974,0.02192607409932837,Energy,7
ett2/15T/medium|H=480|L=256|Hsrc=gift_default|Lsrc=controlled|origins=gift_horizon_specific_v1,context-scaling,release,standard_hl_gift_v1,ett2/15T/medium,Toto-2.0-22m,toto2,Toto-2.0-22m,21.915584,21.915584,480,gift_default,gift_horizon_specific_v1,,480,256,controlled,62480,69200,256,256,256,256,100,[],merged,2,1,50400,945736.3714669943,,100,,float32,official_horizon_generation,,,direct_full_horizon,16.398757440476192,16.398757440476192,2.6655000620039684,1.122891000225772,0.17949812729246864,0.19933469742063492,19.846934407104502,4.0495379292551625,0.21580719298959844,0.14204931435238602,0.1268804907936747,1.122891000225772,1.051239150135547,1.0681594193680726,0.0659369984697128,0.1268804907936747,0.12412877712988989,1.0221682169711974,0.02192607409932837,Energy,7
ett2/15T/medium|H=480|L=512|Hsrc=gift_default|Lsrc=controlled|origins=gift_horizon_specific_v1,context-scaling,release,standard_hl_gift_v1,ett2/15T/medium,Toto-2.0-22m,toto2,Toto-2.0-22m,21.915584,21.915584,480,gift_default,gift_horizon_specific_v1,,480,512,controlled,62480,69200,512,512,256,256,100,[],merged,2,1,50400,945736.3714669943,,100,,float32,official_horizon_generation,,,direct_full_horizon,16.04756324404762,16.04756324404762,2.6046623883928572,1.1014480414918242,0.16927233566652897,0.19772641136532737,11.698149395709162,4.005940993580362,0.21348383351617395,0.13880716480362354,0.1142807305543098,1.1014480414918242,1.051239150135547,1.0477616262196887,0.046656104129590995,0.1142807305543098,0.12412877712988989,0.9206626633784125,-0.08266158193983389,Energy,7
ett2/15T/medium|H=480|L=1024|Hsrc=gift_default|Lsrc=controlled|origins=gift_horizon_specific_v1,context-scaling,release,standard_hl_gift_v1,ett2/15T/medium,Toto-2.0-22m,toto2,Toto-2.0-22m,21.915584,21.915584,480,gift_default,gift_horizon_specific_v1,,480,1024,controlled,62480,69200,1024,1024,256,256,100,[],merged,2,1,50400,945736.3714669943,,100,,float32,official_horizon_generation,,,direct_full_horizon,13.277823660714287,13.277823660714287,2.3335264756944443,0.9700860576176964,0.14787929137213063,0.17670334588913691,6.663298775769755,3.643874814083805,0.19418867262654826,0.12435784212525076,0.09553003792975995,0.9700860576176964,1.051239150135547,0.9228024446127348,-0.08034010356084717,0.09553003792975995,0.12412877712988989,0.7696042782230598,-0.2618788206244443,Energy,7
ett2/15T/medium|H=480|L=2048|Hsrc=gift_default|Lsrc=controlled|origins=gift_horizon_specific_v1,context-scaling,release,standard_hl_gift_v1,ett2/15T/medium,Toto-2.0-22m,toto2,Toto-2.0-22m,21.915584,21.915584,480,gift_default,gift_horizon_specific_v1,,480,2048,controlled,62480,69200,2048,2048,256,256,100,[],merged,2,1,50400,945736.3714669943,,100,,float32,official_horizon_generation,,,direct_full_horizon,11.72421378968254,11.72421378968254,2.13573490203373,0.8800905825330773,0.1325676360901318,0.1597703624906994,6.770704524428521,3.424063928971324,0.18247455340272642,0.11381717179337288,0.09056599912149839,0.8800905825330773,1.051239150135547,0.8371934991382296,-0.17770005344494377,0.09056599912149839,0.12412877712988989,0.7296132388924529,-0.3152406949748365,Energy,7
ett2/15T/medium|H=480|L=4096|Hsrc=gift_default|Lsrc=controlled|origins=gift_horizon_specific_v1,context-scaling,release,standard_hl_gift_v1,ett2/15T/medium,Toto-2.0-22m,toto2,Toto-2.0-22m,21.915584,21.915584,480,gift_default,gift_horizon_specific_v1,,480,4096,controlled,62480,69200,4096,4096,256,256,100,[],merged,2,1,50400,945736.3714669943,,100,,float32,official_horizon_generation,,,direct_full_horizon,12.024115823412698,12.024115823412698,2.16059818328373,0.8851418420142607,0.13154684988676213,0.15981771802145336,6.432821957586966,3.467580687368745,0.18479364008417434,0.11514218097437352,0.09038726833556633,0.8851418420142607,1.051239150135547,0.8419985518044399,-0.17197698468851041,0.09038726833556633,0.12412877712988989,0.7281733569403006,-0.3172161314680953,Energy,7
ett2/H/medium|H=480|L=128|Hsrc=gift_default|Lsrc=controlled|origins=gift_horizon_specific_v1,context-scaling,release,standard_hl_gift_v1,ett2/H/medium,Toto-2.0-22m,toto2,Toto-2.0-22m,21.915584,21.915584,480,gift_default,gift_horizon_specific_v1,,480,128,controlled,15500,16940,128,128,256,256,100,[],merged,2,1,13440,997355.0687755346,,100,,float32,official_horizon_generation,,,direct_full_horizon,383.2803943452381,383.2803943452381,12.653158714657739,1.3615981563483268,0.22853537557861678,0.20872886294410342,17.20698559734498,19.57754822099126,0.2638200339355181,0.17050943886391726,0.14133124337311573,1.3615981563483268,1.238424973001897,1.0994595442046542,0.09481873561509455,0.14133124337311573,0.18620508192429827,0.7590085185246125,-0.27574227829690284,Energy,7
ett2/H/medium|H=480|L=256|Hsrc=gift_default|Lsrc=controlled|origins=gift_horizon_specific_v1,context-scaling,release,standard_hl_gift_v1,ett2/H/medium,Toto-2.0-22m,toto2,Toto-2.0-22m,21.915584,21.915584,480,gift_default,gift_horizon_specific_v1,,480,256,controlled,15500,16940,256,256,256,256,100,[],merged,2,1,13440,997355.0687755346,,100,,float32,official_horizon_generation,,,direct_full_horizon,383.2803943452381,383.2803943452381,12.653158714657739,1.3615981563483268,0.22853537557861678,0.20872886294410342,17.20698559734498,19.57754822099126,0.2638200339355181,0.17050943886391726,0.14133124337311573,1.3615981563483268,1.238424973001897,1.0994595442046542,0.09481873561509455,0.14133124337311573,0.18620508192429827,0.7590085185246125,-0.27574227829690284,Energy,7
ett2/H/medium|H=480|L=512|Hsrc=gift_default|Lsrc=controlled|origins=gift_horizon_specific_v1,context-scaling,release,standard_hl_gift_v1,ett2/H/medium,Toto-2.0-22m,toto2,Toto-2.0-22m,21.915584,21.915584,480,gift_default,gift_horizon_specific_v1,,480,512,controlled,15500,16940,512,512,256,256,100,[],merged,2,1,13440,997355.0687755346,,100,,float32,official_horizon_generation,,,direct_full_horizon,383.06138392857144,383.06138392857144,12.01440662202381,1.2642236499558537,0.20356783841451967,0.19740237281436013,8.569914462807477,19.571954014062353,0.2637446484048497,0.1619018442431372,0.1252163881525006,1.2642236499558537,1.238424973001897,1.0208318448968463,0.020617829141440523,0.1252163881525006,0.18620508192429827,0.6724649341386255,-0.3968053114104074,Energy,7
ett2/H/medium|H=480|L=1024|Hsrc=gift_default|Lsrc=controlled|origins=gift_horizon_specific_v1,context-scaling,release,standard_hl_gift_v1,ett2/H/medium,Toto-2.0-22m,toto2,Toto-2.0-22m,21.915584,21.915584,480,gift_default,gift_horizon_specific_v1,,480,1024,controlled,15500,16940,1024,1024,256,256,100,[],merged,2,1,13440,997355.0687755346,,100,,float32,official_horizon_generation,,,direct_full_horizon,258.95736607142857,258.95736607142857,9.80478283110119,1.0448760447964869,0.17374875591527078,0.1691935584658668,7.742426931384973,16.092152313206228,0.21685208594269198,0.13212574475786582,0.10700168782798337,1.0448760447964869,1.238424973001897,0.8437136423886425,-0.16994212822616941,0.10700168782798337,0.18620508192429827,0.5746442939268701,-0.5540040488662464,Energy,7
ett2/H/medium|H=480|L=2048|Hsrc=gift_default|Lsrc=controlled|origins=gift_horizon_specific_v1,context-scaling,release,standard_hl_gift_v1,ett2/H/medium,Toto-2.0-22m,toto2,Toto-2.0-22m,21.915584,21.915584,480,gift_default,gift_horizon_specific_v1,,480,2048,controlled,15500,16940,2048,2048,256,256,100,[],merged,2,1,13440,997355.0687755346,,100,,float32,official_horizon_generation,,,direct_full_horizon,249.35677083333334,249.35677083333334,9.531468563988096,1.0237335758886081,0.16863513488929993,0.16704453967866442,7.895557892467478,15.791034508015406,0.2127943301559457,0.1284426595006667,0.10610847992387953,1.0237335758886081,1.238424973001897,0.826641579592113,-0.19038407621931172,0.10610847992387953,0.18620508192429827,0.5698473899171987,-0.5623866909888577,Energy,7
ett2/H/medium|H=480|L=4096|Hsrc=gift_default|Lsrc=controlled|origins=gift_horizon_specific_v1,context-scaling,release,standard_hl_gift_v1,ett2/H/medium,Toto-2.0-22m,toto2,Toto-2.0-22m,21.915584,21.915584,480,gift_default,gift_horizon_specific_v1,,480,4096,controlled,15500,16940,4096,4096,256,256,100,[],merged,2,1,13440,997355.0687755346,,100,,float32,official_horizon_generation,,,direct_full_horizon,251.2937313988095,251.2937313988095,9.697860863095238,1.0431324787229583,0.17218090473714603,0.16967172168550038,8.019784896095842,15.852246888022199,0.21361920628386408,0.13068490257939847,0.1064787676457698,1.0431324787229583,1.238424973001897,0.8423057524384728,-0.17161220424276138,0.1064787676457698,0.18620508192429827,0.5718359915067128,-0.5589030568518276,Energy,7
hierarchical_sales/D/short|H=30|L=128|Hsrc=gift_default|Lsrc=controlled|origins=gift_horizon_specific_v1,context-scaling,release,standard_hl_gift_v1,hierarchical_sales/D/short,Toto-2.0-22m,toto2,Toto-2.0-22m,21.915584,21.915584,30,gift_default,gift_horizon_specific_v1,,30,128,controlled,1615,1795,128,128,256,256,100,[],merged,2,118,24190,78849.0,,100,,float32,official_horizon_generation,,,direct_full_horizon,29.55449759714758,29.55449759714758,2.3460095371279452,0.7584913783363844,0.6446499811936157,1.071392532102625,7.6496539816598945,5.436404841174688,1.6678288007205633,0.7197297455024794,0.5865703480522835,0.7584913783363844,1.1348033996861053,0.668390118099918,-0.4028832667808442,0.5865703480522835,1.7364572064381938,0.337797180303367,-1.0853096218802,Sales,1
hierarchical_sales/D/short|H=30|L=256|Hsrc=gift_default|Lsrc=controlled|origins=gift_horizon_specific_v1,context-scaling,release,standard_hl_gift_v1,hierarchical_sales/D/short,Toto-2.0-22m,toto2,Toto-2.0-22m,21.915584,21.915584,30,gift_default,gift_horizon_specific_v1,,30,256,controlled,1615,1795,256,256,256,256,100,[],merged,2,118,24190,78849.0,,100,,float32,official_horizon_generation,,,direct_full_horizon,29.77319818365027,29.77319818365027,2.3491636846320794,0.7574996507065788,0.6418205713715769,1.064260194359756,7.565687397713662,5.4564822169278875,1.6739883172581211,0.7206974030266712,0.5885608400402108,0.7574996507065788,1.1348033996861053,0.6675161978860026,-0.4041916225062751,0.5885608400402108,1.7364572064381938,0.33894347517348944,-1.0819219254055406,Sales,1
hierarchical_sales/D/short|H=30|L=512|Hsrc=gift_default|Lsrc=controlled|origins=gift_horizon_specific_v1,context-scaling,release,standard_hl_gift_v1,hierarchical_sales/D/short,Toto-2.0-22m,toto2,Toto-2.0-22m,21.915584,21.915584,30,gift_default,gift_horizon_specific_v1,,30,512,controlled,1615,1795,512,512,256,256,100,[],merged,2,118,24190,78849.0,,100,,float32,official_horizon_generation,,,direct_full_horizon,29.873427488114924,29.873427488114924,2.3419836289530798,0.753982743672096,0.6327467078005506,1.056400158090895,7.0853494644396715,5.465658925336901,1.6768036297720912,0.7184946414586741,0.5859167796244715,0.753982743672096,1.1348033996861053,0.6644170645599519,-0.4088452174067373,0.5859167796244715,1.7364572064381938,0.3374207999207185,-1.086424463109713,Sales,1
hierarchical_sales/D/short|H=30|L=1024|Hsrc=gift_default|Lsrc=controlled|origins=gift_horizon_specific_v1,context-scaling,release,standard_hl_gift_v1,hierarchical_sales/D/short,Toto-2.0-22m,toto2,Toto-2.0-22m,21.915584,21.915584,30,gift_default,gift_horizon_specific_v1,,30,1024,controlled,1615,1795,1024,1024,256,256,100,[],merged,2,118,24190,78849.0,,100,,float32,official_horizon_generation,,,direct_full_horizon,29.052938326787928,29.052938326787928,2.3213418671196777,0.7492570758651652,0.6332184706850902,1.0545695373863166,7.060035725515847,5.390077766302443,1.6536161671911638,0.712161977521909,0.5780692967472836,0.7492570758651652,1.1348033996861053,0.6602527592642171,-0.4151325486932688,0.5780692967472836,1.7364572064381938,0.3329015506998957,-1.099908476256718,Sales,1
hierarchical_sales/D/short|H=30|L=2048|Hsrc=gift_default|Lsrc=controlled|origins=gift_horizon_specific_v1,context-scaling,release,standard_hl_gift_v1,hierarchical_sales/D/short,Toto-2.0-22m,toto2,Toto-2.0-22m,21.915584,21.915584,30,gift_default,gift_horizon_specific_v1,,30,2048,controlled,1615,1795,1615,1795,256,256,100,[],merged,2,118,24190,78849.0,,100,,float32,official_horizon_generation,,,direct_full_horizon,29.29785454991732,29.29785454991732,2.3280792198480778,0.7500702834229009,0.6360458528919823,1.051921353413084,6.973437929869995,5.412749259841742,1.6605715303373756,0.7142289227273015,0.5792306245049924,0.7500702834229009,1.1348033996861053,0.6609693658217588,-0.414047785405998,0.5792306245049924,1.7364572064381938,0.33357034216415005,-1.097901514835238,Sales,1
hierarchical_sales/D/short|H=30|L=4096|Hsrc=gift_default|Lsrc=controlled|origins=gift_horizon_specific_v1,context-scaling,release,standard_hl_gift_v1,hierarchical_sales/D/short,Toto-2.0-22m,toto2,Toto-2.0-22m,21.915584,21.915584,30,gift_default,gift_horizon_specific_v1,,30,4096,controlled,1615,1795,1615,1795,256,256,100,[],merged,2,118,24190,78849.0,,100,,float32,official_horizon_generation,,,direct_full_horizon,29.29785099731294,29.29785099731294,2.3280792198480778,0.7500702756678693,0.6360458468664285,1.0519213937835883,6.97343841932207,5.412748931671683,1.6605714296584357,0.7142289227273015,0.5792306105932901,0.7500702756678693,1.1348033996861053,0.6609693589879481,-0.4140477957450714,0.5792306105932901,1.7364572064381938,0.33357033415260656,-1.0979015388527917,Sales,1
jena_weather/10T/medium|H=480|L=128|Hsrc=gift_default|Lsrc=controlled|origins=gift_horizon_specific_v1,context-scaling,release,standard_hl_gift_v1,jena_weather/10T/medium,Toto-2.0-22m,toto2,Toto-2.0-22m,21.915584,21.915584,480,gift_default,gift_horizon_specific_v1,,480,128,controlled,47424,52224,128,128,256,256,100,[],merged,2,1,110880,18067509.70473349,,100,,float32,official_horizon_generation,,,direct_full_horizon,3140.824531024531,3140.824531024531,16.842761318542568,0.7345017781370409,2.3311371675509727,0.7391027321203102,23.466361371553806,56.043059615125685,0.3439353044042988,0.10336373996858729,0.12726688509275155,0.7345017781370409,0.7160100392244082,1.025826088880909,0.025498228366440116,0.12726688509275155,0.21183608983956295,0.6007799954631854,-0.5095264755859114,Nature,21
jena_weather/10T/medium|H=480|L=256|Hsrc=gift_default|Lsrc=controlled|origins=gift_horizon_specific_v1,context-scaling,release,standard_hl_gift_v1,jena_weather/10T/medium,Toto-2.0-22m,toto2,Toto-2.0-22m,21.915584,21.915584,480,gift_default,gift_horizon_specific_v1,,480,256,controlled,47424,52224,256,256,256,256,100,[],merged,2,1,110880,18067509.70473349,,100,,float32,official_horizon_generation,,,direct_full_horizon,3140.824531024531,3140.824531024531,16.842761318542568,0.7345017781370409,2.3311371675509727,0.7391027321203102,23.466361371553806,56.043059615125685,0.3439353044042988,0.10336373996858729,0.12726688509275155,0.7345017781370409,0.7160100392244082,1.025826088880909,0.025498228366440116,0.12726688509275155,0.21183608983956295,0.6007799954631854,-0.5095264755859114,Nature,21
jena_weather/10T/medium|H=480|L=512|Hsrc=gift_default|Lsrc=controlled|origins=gift_horizon_specific_v1,context-scaling,release,standard_hl_gift_v1,jena_weather/10T/medium,Toto-2.0-22m,toto2,Toto-2.0-22m,21.915584,21.915584,480,gift_default,gift_horizon_specific_v1,,480,512,controlled,47424,52224,512,512,256,256,100,[],merged,2,1,110880,18067509.70473349,,100,,float32,official_horizon_generation,,,direct_full_horizon,2550.3676767676766,2550.3676767676766,13.504433847402597,0.6524117888876948,0.931775647656867,0.7316309016504329,11.217503374768722,50.5011651030714,0.3099247919685097,0.08287648101319159,0.0826149767350103,0.6524117888876948,0.7160100392244082,0.9111768734337805,-0.09301824751170255,0.0826149767350103,0.21183608983956295,0.3899948153196177,-0.941621833999074,Nature,21
jena_weather/10T/medium|H=480|L=1024|Hsrc=gift_default|Lsrc=controlled|origins=gift_horizon_specific_v1,context-scaling,release,standard_hl_gift_v1,jena_weather/10T/medium,Toto-2.0-22m,toto2,Toto-2.0-22m,21.915584,21.915584,480,gift_default,gift_horizon_specific_v1,,480,1024,controlled,47424,52224,1024,1024,256,256,100,[],merged,2,1,110880,18067509.70473349,,100,,float32,official_horizon_generation,,,direct_full_horizon,1647.891774891775,1647.891774891775,10.015861742424242,0.6156065385531649,0.6937243815419184,0.6720381831709956,6.398817040641514,40.5942332713869,0.24912611968610943,0.061467173293342454,0.051802359282587,0.6156065385531649,0.7160100392244082,0.8597736132582698,-0.15108616478577935,0.051802359282587,0.21183608983956295,0.24453982001754399,-1.4083771202705186,Nature,21
jena_weather/10T/medium|H=480|L=2048|Hsrc=gift_default|Lsrc=controlled|origins=gift_horizon_specific_v1,context-scaling,release,standard_hl_gift_v1,jena_weather/10T/medium,Toto-2.0-22m,toto2,Toto-2.0-22m,21.915584,21.915584,480,gift_default,gift_horizon_specific_v1,,480,2048,controlled,47424,52224,2048,2048,256,256,100,[],merged,2,1,110880,18067509.70473349,,100,,float32,official_horizon_generation,,,direct_full_horizon,1463.5036075036076,1463.5036075036076,9.514238365800866,0.5993099912012807,0.6671494894383823,0.6544974719291126,5.759384806032522,38.2557656766089,0.23477498379929415,0.058388719156111345,0.04840606899578913,0.5993099912012807,0.7160100392244082,0.837013391391078,-0.1779152093481541,0.04840606899578913,0.21183608983956295,0.22850718700694556,-1.476187616158068,Nature,21
jena_weather/10T/medium|H=480|L=4096|Hsrc=gift_default|Lsrc=controlled|origins=gift_horizon_specific_v1,context-scaling,release,standard_hl_gift_v1,jena_weather/10T/medium,Toto-2.0-22m,toto2,Toto-2.0-22m,21.915584,21.915584,480,gift_default,gift_horizon_specific_v1,,480,4096,controlled,47424,52224,4096,4096,256,256,100,[],merged,2,1,110880,18067509.70473349,,100,,float32,official_horizon_generation,,,direct_full_horizon,1470.6180375180375,1470.6180375180375,9.305256809163058,0.5673647431152432,0.6647299442581284,0.6454849571379612,5.333423195132644,38.3486380138596,0.2353449397546331,0.05710620289467387,0.047046609019583276,0.5673647431152432,0.7160100392244082,0.792397748682156,-0.2326918052998944,0.047046609019583276,0.21183608983956295,0.22208967818096853,-1.5046740229078954,Nature,21
jena_weather/H/medium|H=480|L=128|Hsrc=gift_default|Lsrc=controlled|origins=gift_horizon_specific_v1,context-scaling,release,standard_hl_gift_v1,jena_weather/H/medium,Toto-2.0-22m,toto2,Toto-2.0-22m,21.915584,21.915584,480,gift_default,gift_horizon_specific_v1,,480,128,controlled,7824,8304,128,128,256,256,100,[],merged,2,1,20160,3294560.52297177,,100,,float32,official_horizon_generation,,,direct_full_horizon,2535.789087301587,2535.789087301587,14.354644097222222,0.8378801289883562,2.1928085661564936,0.7325352260044643,11.712236603155702,50.35661910118259,0.30814108103381166,0.08783861245898857,0.08420121966771554,0.8378801289883562,0.8886133410739714,0.9429074382067014,-0.058787157893088034,0.08420121966771554,0.3428055211637902,0.2456238726315168,-1.403953886164496,Nature,21
jena_weather/H/medium|H=480|L=256|Hsrc=gift_default|Lsrc=controlled|origins=gift_horizon_specific_v1,context-scaling,release,standard_hl_gift_v1,jena_weather/H/medium,Toto-2.0-22m,toto2,Toto-2.0-22m,21.915584,21.915584,480,gift_default,gift_horizon_specific_v1,,480,256,controlled,7824,8304,256,256,256,256,100,[],merged,2,1,20160,3294560.52297177,,100,,float32,official_horizon_generation,,,direct_full_horizon,2535.789087301587,2535.789087301587,14.354644097222222,0.8378801289883562,2.1928085661564936,0.7325352260044643,11.712236603155702,50.35661910118259,0.30814108103381166,0.08783861245898857,0.08420121966771554,0.8378801289883562,0.8886133410739714,0.9429074382067014,-0.058787157893088034,0.08420121966771554,0.3428055211637902,0.2456238726315168,-1.403953886164496,Nature,21
jena_weather/H/medium|H=480|L=512|Hsrc=gift_default|Lsrc=controlled|origins=gift_horizon_specific_v1,context-scaling,release,standard_hl_gift_v1,jena_weather/H/medium,Toto-2.0-22m,toto2,Toto-2.0-22m,21.915584,21.915584,480,gift_default,gift_horizon_specific_v1,,480,512,controlled,7824,8304,512,512,256,256,100,[],merged,2,1,20160,3294560.52297177,,100,,float32,official_horizon_generation,,,direct_full_horizon,1720.5492063492063,1720.5492063492063,12.302222842261905,0.9227384295887124,2.6413204978717624,0.7264565119667659,13.775185072709005,41.47950344868181,0.25382043635098545,0.07527948288419564,0.07092564411772129,0.9227384295887124,0.8886133410739714,1.0384026290596737,0.037683598801611415,0.07092564411772129,0.3428055211637902,0.2068976131916892,-1.575531230345082,Nature,21
jena_weather/H/medium|H=480|L=1024|Hsrc=gift_default|Lsrc=controlled|origins=gift_horizon_specific_v1,context-scaling,release,standard_hl_gift_v1,jena_weather/H/medium,Toto-2.0-22m,toto2,Toto-2.0-22m,21.915584,21.915584,480,gift_default,gift_horizon_specific_v1,,480,1024,controlled,7824,8304,1024,1024,256,256,100,[],merged,2,1,20160,3294560.52297177,,100,,float32,official_horizon_generation,,,direct_full_horizon,1618.900396825397,1618.900396825397,11.375050378224206,0.8431136336266354,2.2569026218076433,0.6772522217898953,6.549753135830406,40.235561345971014,0.24620853406059165,0.06960595017940271,0.05575071594896362,0.8431136336266354,0.8886133410739714,0.9487969566241877,-0.05256045834901885,0.05575071594896362,0.3428055211637902,0.16263074106769213,-1.8162730402810126,Nature,21
jena_weather/H/medium|H=480|L=2048|Hsrc=gift_default|Lsrc=controlled|origins=gift_horizon_specific_v1,context-scaling,release,standard_hl_gift_v1,jena_weather/H/medium,Toto-2.0-22m,toto2,Toto-2.0-22m,21.915584,21.915584,480,gift_default,gift_horizon_specific_v1,,480,2048,controlled,7824,8304,2048,2048,256,256,100,[],merged,2,1,20160,3294560.52297177,,100,,float32,official_horizon_generation,,,direct_full_horizon,1405.4970238095239,1405.4970238095239,10.661138237847222,0.8287775075001229,2.2726684194439413,0.6773542131696428,6.069746733870499,37.48995897316405,0.22940770631745455,0.06523739520836894,0.052599099457055466,0.8287775075001229,0.8886133410739714,0.932663813598014,-0.06971047147380152,0.052599099457055466,0.3428055211637902,0.15343714208127926,-1.8744642936638518,Nature,21
jena_weather/H/medium|H=480|L=4096|Hsrc=gift_default|Lsrc=controlled|origins=gift_horizon_specific_v1,context-scaling,release,standard_hl_gift_v1,jena_weather/H/medium,Toto-2.0-22m,toto2,Toto-2.0-22m,21.915584,21.915584,480,gift_default,gift_horizon_specific_v1,,480,4096,controlled,7824,8304,4096,4096,256,256,100,[],merged,2,1,20160,3294560.52297177,,100,,float32,official_horizon_generation,,,direct_full_horizon,1415.947023809524,1415.947023809524,10.639386470734127,0.8370669600164758,2.2247406210378555,0.6883354550316221,6.379569861573594,37.62907152468054,0.23025896068628998,0.06510429228858877,0.052538272750775876,0.8370669600164758,0.8886133410739714,0.9419923394406875,-0.059758136667410276,0.052538272750775876,0.3428055211637902,0.15325970413899326,-1.8756213838933065,Nature,21
kdd_cup_2018/H/medium|H=480|L=128|Hsrc=gift_default|Lsrc=controlled|origins=gift_horizon_specific_v1,context-scaling,release,standard_hl_gift_v1,kdd_cup_2018/H/medium,Toto-2.0-22m,toto2,Toto-2.0-22m,21.915584,21.915584,480,gift_default,gift_horizon_specific_v1,,480,128,controlled,8544,10440,128,128,256,256,100,[],merged,2,270,227893,10887399.999870755,,100,,float32,official_horizon_generation,,,direct_full_horizon,5586.688789804864,5586.688789804864,30.90805323797791,1.359813214292532,1.6325782822155637,0.654792213941274,28.230429236537788,74.7441555561695,1.5645305437812833,0.6469615313707696,0.6154080602352003,1.359813214292532,1.4289997073647827,0.9515839697407376,-0.049627346280828676,0.6154080602352003,0.7587891689610204,0.8110395949349856,-0.20943840369723227,Nature,1
kdd_cup_2018/H/medium|H=480|L=256|Hsrc=gift_default|Lsrc=controlled|origins=gift_horizon_specific_v1,context-scaling,release,standard_hl_gift_v1,kdd_cup_2018/H/medium,Toto-2.0-22m,toto2,Toto-2.0-22m,21.915584,21.915584,480,gift_default,gift_horizon_specific_v1,,480,256,controlled,8544,10440,256,256,256,256,100,[],merged,2,270,227893,10887399.999870755,,100,,float32,official_horizon_generation,,,direct_full_horizon,5586.687666470668,5586.687666470668,30.90731275889343,1.358849033598209,1.6317283518353403,0.6525296389609104,28.19186200902529,74.74414804164047,1.5645303864885813,0.646946031802461,0.6153925744429538,1.358849033598209,1.4289997073647827,0.9509092455337599,-0.05033665155440246,0.6153925744429538,0.7587891689610204,0.8110191863776682,-0.20946356746756356,Nature,1
kdd_cup_2018/H/medium|H=480|L=512|Hsrc=gift_default|Lsrc=controlled|origins=gift_horizon_specific_v1,context-scaling,release,standard_hl_gift_v1,kdd_cup_2018/H/medium,Toto-2.0-22m,toto2,Toto-2.0-22m,21.915584,21.915584,480,gift_default,gift_horizon_specific_v1,,480,512,controlled,8544,10440,512,512,256,256,100,[],merged,2,270,227893,10887399.999870755,,100,,float32,official_horizon_generation,,,direct_full_horizon,5469.940757285217,5469.940757285217,29.747499974631737,1.2743743793411841,1.5308549460953342,0.6140221908126154,18.940316098418403,73.959047839228,1.5480968173691856,0.6226690497087667,0.5605279798129341,1.2743743793411841,1.4289997073647827,0.8917947098052644,-0.11451931884799654,0.5605279798129341,0.7587891689610204,0.7387137333291705,-0.302844803407087,Nature,1
kdd_cup_2018/H/medium|H=480|L=1024|Hsrc=gift_default|Lsrc=controlled|origins=gift_horizon_specific_v1,context-scaling,release,standard_hl_gift_v1,kdd_cup_2018/H/medium,Toto-2.0-22m,toto2,Toto-2.0-22m,21.915584,21.915584,480,gift_default,gift_horizon_specific_v1,,480,1024,controlled,8544,10440,1024,1024,256,256,100,[],merged,2,270,227893,10887399.999870755,,100,,float32,official_horizon_generation,,,direct_full_horizon,4975.015016915833,4975.015016915833,25.483769161267567,1.059070696048037,1.0646595202194877,0.5588708383018566,9.548366322953243,70.53378635034301,1.4763998909684164,0.5334214418077495,0.42530708650096144,1.059070696048037,1.4289997073647827,0.7411273008593322,-0.299582872409811,0.42530708650096144,0.7587891689610204,0.5605075874808774,-0.5789124995751463,Nature,1
kdd_cup_2018/H/medium|H=480|L=2048|Hsrc=gift_default|Lsrc=controlled|origins=gift_horizon_specific_v1,context-scaling,release,standard_hl_gift_v1,kdd_cup_2018/H/medium,Toto-2.0-22m,toto2,Toto-2.0-22m,21.915584,21.915584,480,gift_default,gift_horizon_specific_v1,,480,2048,controlled,8544,10440,2048,2048,256,256,100,[],merged,2,270,227893,10887399.999870755,,100,,float32,official_horizon_generation,,,direct_full_horizon,5139.812163493394,5139.812163493394,25.46131915526146,1.0520943962668599,0.9462939479501069,0.5642991959819822,8.764635300208703,71.69248331236263,1.5006535168817356,0.532951522523181,0.42250525642989917,1.0520943962668599,1.4289997073647827,0.7362453545963465,-0.30619185358280404,0.42250525642989917,0.7587891689610204,0.5568150860777555,-0.5855220760801271,Nature,1
kdd_cup_2018/H/medium|H=480|L=4096|Hsrc=gift_default|Lsrc=controlled|origins=gift_horizon_specific_v1,context-scaling,release,standard_hl_gift_v1,kdd_cup_2018/H/medium,Toto-2.0-22m,toto2,Toto-2.0-22m,21.915584,21.915584,480,gift_default,gift_horizon_specific_v1,,480,4096,controlled,8544,10440,4096,4096,256,256,100,[],merged,2,270,227893,10887399.999870755,,100,,float32,official_horizon_generation,,,direct_full_horizon,5220.553306815041,5220.553306815041,25.514895936634737,1.047901233664569,0.9185495897178785,0.5614400018337142,8.686342699065824,72.25339650711959,1.5123944459092598,0.5340729815894085,0.4261145086495263,1.047901233664569,1.4289997073647827,0.7333110204738971,-0.3101853553932427,0.4261145086495263,0.7587891689610204,0.561571680356202,-0.5770158542581698,Nature,1
loop_seattle/5T/medium|H=480|L=128|Hsrc=gift_default|Lsrc=controlled|origins=gift_horizon_specific_v1,context-scaling,release,standard_hl_gift_v1,loop_seattle/5T/medium,Toto-2.0-22m,toto2,Toto-2.0-22m,21.915584,21.915584,480,gift_default,gift_horizon_specific_v1,,480,128,controlled,95520,104640,128,128,256,256,100,[],merged,2,323,3100800,174280038.2642001,,100,,float32,official_horizon_generation,,,direct_full_horizon,333.1699729908411,333.1699729908411,11.53420617260062,1.7687975137564755,0.3501488171273341,0.259707508224944,25.830110881050693,18.25294422800993,0.32475738487280026,0.20521722887036317,0.17660465823407975,1.7687975137564755,1.1532851467999472,1.5337035412832705,0.4276854256523516,0.17660465823407975,0.11727937957055946,1.5058457751119674,0.4093547171695856,Transport,1
loop_seattle/5T/medium|H=480|L=256|Hsrc=gift_default|Lsrc=controlled|origins=gift_horizon_specific_v1,context-scaling,release,standard_hl_gift_v1,loop_seattle/5T/medium,Toto-2.0-22m,toto2,Toto-2.0-22m,21.915584,21.915584,480,gift_default,gift_horizon_specific_v1,,480,256,controlled,95520,104640,256,256,256,256,100,[],merged,2,323,3100800,174280038.2642001,,100,,float32,official_horizon_generation,,,direct_full_horizon,333.1699729908411,333.1699729908411,11.53420617260062,1.7687975137564755,0.3501488171273341,0.259707508224944,25.830110881050693,18.25294422800993,0.32475738487280026,0.20521722887036317,0.17660465823407975,1.7687975137564755,1.1532851467999472,1.5337035412832705,0.4276854256523516,0.17660465823407975,0.11727937957055946,1.5058457751119674,0.4093547171695856,Transport,1
loop_seattle/5T/medium|H=480|L=512|Hsrc=gift_default|Lsrc=controlled|origins=gift_horizon_specific_v1,context-scaling,release,standard_hl_gift_v1,loop_seattle/5T/medium,Toto-2.0-22m,toto2,Toto-2.0-22m,21.915584,21.915584,480,gift_default,gift_horizon_specific_v1,,480,512,controlled,95520,104640,512,512,256,256,100,[],merged,2,323,3100800,174280038.2642001,,100,,float32,official_horizon_generation,,,direct_full_horizon,258.07054756030703,258.07054756030703,10.18814874387255,1.5614983964954818,0.33632562895185314,0.22209377040803985,17.754054040746926,16.06457430373762,0.2858217871487695,0.18126810126762166,0.15057519786751913,1.5614983964954818,1.1532851467999472,1.353956912415126,0.30303135154291594,0.15057519786751913,0.11727937957055946,1.2839017261080214,0.2499036650395922,Transport,1
loop_seattle/5T/medium|H=480|L=1024|Hsrc=gift_default|Lsrc=controlled|origins=gift_horizon_specific_v1,context-scaling,release,standard_hl_gift_v1,loop_seattle/5T/medium,Toto-2.0-22m,toto2,Toto-2.0-22m,21.915584,21.915584,480,gift_default,gift_horizon_specific_v1,,480,1024,controlled,95520,104640,1024,1024,256,256,100,[],merged,2,323,3100800,174280038.2642001,,100,,float32,official_horizon_generation,,,direct_full_horizon,142.75756103263674,142.75756103263674,7.167751245646285,1.1228538493359628,0.2538421474964626,0.15501991815242236,10.112404151591642,11.948119560526532,0.21258159857135556,0.12752902331136065,0.10338198746906169,1.1228538493359628,1.1532851467999472,0.9736133795285381,-0.026740995077301533,0.10338198746906169,0.11727937957055946,0.8815018279224729,-0.12612820349636453,Transport,1
loop_seattle/5T/medium|H=480|L=2048|Hsrc=gift_default|Lsrc=controlled|origins=gift_horizon_specific_v1,context-scaling,release,standard_hl_gift_v1,loop_seattle/5T/medium,Toto-2.0-22m,toto2,Toto-2.0-22m,21.915584,21.915584,480,gift_default,gift_horizon_specific_v1,,480,2048,controlled,95520,104640,2048,2048,256,256,100,[],merged,2,323,3100800,174280038.2642001,,100,,float32,official_horizon_generation,,,direct_full_horizon,116.24279613325594,116.24279613325594,6.250727554179567,0.9832016401726038,0.2238225686906907,0.13850434829822142,7.679681610406427,10.781595249927348,0.19182673405369624,0.11121328749433392,0.08810278909573505,0.9832016401726038,1.1532851467999472,0.85252258983888,-0.1595555718308129,0.08810278909573505,0.11727937957055946,0.7512214800107231,-0.28605475723341617,Transport,1
loop_seattle/5T/medium|H=480|L=4096|Hsrc=gift_default|Lsrc=controlled|origins=gift_horizon_specific_v1,context-scaling,release,standard_hl_gift_v1,loop_seattle/5T/medium,Toto-2.0-22m,toto2,Toto-2.0-22m,21.915584,21.915584,480,gift_default,gift_horizon_specific_v1,,480,4096,controlled,95520,104640,4096,4096,256,256,100,[],merged,2,323,3100800,174280038.2642001,,100,,float32,official_horizon_generation,,,direct_full_horizon,85.23104045730135,85.23104045730135,5.255862534466912,0.8325211323130597,0.1775814864214729,0.11980389070461656,6.427939564410488,9.232065882417723,0.16425742255578374,0.09351259449558398,0.07384368455876925,0.8325211323130597,1.1532851467999472,0.7218692919293026,-0.3259111925873244,0.07384368455876925,0.11727937957055946,0.6296391132794341,-0.4626084597942113,Transport,1
loop_seattle/H/medium|H=480|L=128|Hsrc=gift_default|Lsrc=controlled|origins=gift_horizon_specific_v1,context-scaling,release,standard_hl_gift_v1,loop_seattle/H/medium,Toto-2.0-22m,toto2,Toto-2.0-22m,21.915584,21.915584,480,gift_default,gift_horizon_specific_v1,,480,128,controlled,7800,8280,128,128,256,256,100,[],merged,2,323,310080,17543533.79753518,,100,,float32,official_horizon_generation,,,direct_full_horizon,139.85564289860682,139.85564289860682,7.05274833309146,1.4311107939034484,0.2519311816330665,0.14808049787554825,24.350872313073037,11.826057791952769,0.20902425032771457,0.12465653889139802,0.11505976700060112,1.4311107939034484,1.4805126193610998,0.9666319457114995,-0.03393747055023971,0.11505976700060112,0.16208091207003444,0.7098909151676313,-0.34264396135967345,Transport,1
loop_seattle/H/medium|H=480|L=256|Hsrc=gift_default|Lsrc=controlled|origins=gift_horizon_specific_v1,context-scaling,release,standard_hl_gift_v1,loop_seattle/H/medium,Toto-2.0-22m,toto2,Toto-2.0-22m,21.915584,21.915584,480,gift_default,gift_horizon_specific_v1,,480,256,controlled,7800,8280,256,256,256,256,100,[],merged,2,323,310080,17543533.79753518,,100,,float32,official_horizon_generation,,,direct_full_horizon,139.85564289860682,139.85564289860682,7.05274833309146,1.4311107939034484,0.2519311816330665,0.14808049787554825,24.350872313073037,11.826057791952769,0.20902425032771457,0.12465653889139802,0.11505976700060112,1.4311107939034484,1.4805126193610998,0.9666319457114995,-0.03393747055023971,0.11505976700060112,0.16208091207003444,0.7098909151676313,-0.34264396135967345,Transport,1
loop_seattle/H/medium|H=480|L=512|Hsrc=gift_default|Lsrc=controlled|origins=gift_horizon_specific_v1,context-scaling,release,standard_hl_gift_v1,loop_seattle/H/medium,Toto-2.0-22m,toto2,Toto-2.0-22m,21.915584,21.915584,480,gift_default,gift_horizon_specific_v1,,480,512,controlled,7800,8280,512,512,256,256,100,[],merged,2,323,310080,17543533.79753518,,100,,float32,official_horizon_generation,,,direct_full_horizon,131.41888786764707,131.41888786764707,6.854466790828173,1.3918937920822745,0.21690956485775847,0.1464810146020785,17.681075101748895,11.463807738602696,0.202621521103425,0.1211519347828667,0.10350699185802592,1.3918937920822745,1.4805126193610998,0.940143146286002,-0.06172313202902869,0.10350699185802592,0.16208091207003444,0.6386130885868967,-0.448456503160008,Transport,1
loop_seattle/H/medium|H=480|L=1024|Hsrc=gift_default|Lsrc=controlled|origins=gift_horizon_specific_v1,context-scaling,release,standard_hl_gift_v1,loop_seattle/H/medium,Toto-2.0-22m,toto2,Toto-2.0-22m,21.915584,21.915584,480,gift_default,gift_horizon_specific_v1,,480,1024,controlled,7800,8280,1024,1024,256,256,100,[],merged,2,323,310080,17543533.79753518,,100,,float32,official_horizon_generation,,,direct_full_horizon,74.27292755095459,74.27292755095459,4.992399844394995,1.017155902801134,0.1304139301626798,0.11326898627975039,7.804557140948097,8.618174258562807,0.15232526724294335,0.08824010952499751,0.06964944836993281,1.017155902801134,1.4805126193610998,0.6870295392957052,-0.375377990164933,0.06964944836993281,0.16208091207003444,0.4297202396037702,-0.8446208876028045,Transport,1
loop_seattle/H/medium|H=480|L=2048|Hsrc=gift_default|Lsrc=controlled|origins=gift_horizon_specific_v1,context-scaling,release,standard_hl_gift_v1,loop_seattle/H/medium,Toto-2.0-22m,toto2,Toto-2.0-22m,21.915584,21.915584,480,gift_default,gift_horizon_specific_v1,,480,2048,controlled,7800,8280,2048,2048,256,256,100,[],merged,2,323,310080,17543533.79753518,,100,,float32,official_horizon_generation,,,direct_full_horizon,71.49929735874613,71.49929735874613,4.669778212477425,0.9550368338778349,0.123156280832517,0.10681355479331947,7.269472128982171,8.455725714493472,0.1494540073744158,0.08253780822244836,0.06540411221674529,0.9550368338778349,1.4805126193610998,0.6450717281220956,-0.438393761978491,0.06540411221674529,0.16208091207003444,0.4035275430118783,-0.907510533349272,Transport,1
loop_seattle/H/medium|H=480|L=4096|Hsrc=gift_default|Lsrc=controlled|origins=gift_horizon_specific_v1,context-scaling,release,standard_hl_gift_v1,loop_seattle/H/medium,Toto-2.0-22m,toto2,Toto-2.0-22m,21.915584,21.915584,480,gift_default,gift_horizon_specific_v1,,480,4096,controlled,7800,8280,4096,4096,256,256,100,[],merged,2,323,310080,17543533.79753518,,100,,float32,official_horizon_generation,,,direct_full_horizon,69.95957212654798,69.95957212654798,4.583303703882869,0.939044552780472,0.12103473990079174,0.10490130807347096,7.567681613286374,8.364183888852994,0.1478360158327922,0.08100938094351741,0.0647502864477928,0.939044552780472,1.4805126193610998,0.634269874164063,-0.45528074608778013,0.0647502864477928,0.16208091207003444,0.3994935962589752,-0.9175575432935784,Transport,1
m_dense/H/medium|H=480|L=128|Hsrc=gift_default|Lsrc=controlled|origins=gift_horizon_specific_v1,context-scaling,release,standard_hl_gift_v1,m_dense/H/medium,Toto-2.0-22m,toto2,Toto-2.0-22m,21.915584,21.915584,480,gift_default,gift_horizon_specific_v1,,480,128,controlled,15600,17040,128,128,256,256,100,[],merged,2,30,57600,33105850.910811424,,100,,float32,official_horizon_generation,,,direct_full_horizon,186254.64,186254.64,244.140078125,1.9224014508401923,1.3859420645381837,0.5198748270670573,39.22943342502043,431.57228826698315,0.7508812829233196,0.4247729060909774,0.442141621595268,1.9224014508401923,1.5699465118628486,1.224501240210491,0.2025336102396998,0.442141621595268,0.3773835985181592,1.1715973437409275,0.15836806876242493,Transport,1
m_dense/H/medium|H=480|L=256|Hsrc=gift_default|Lsrc=controlled|origins=gift_horizon_specific_v1,context-scaling,release,standard_hl_gift_v1,m_dense/H/medium,Toto-2.0-22m,toto2,Toto-2.0-22m,21.915584,21.915584,480,gift_default,gift_horizon_specific_v1,,480,256,controlled,15600,17040,256,256,256,256,100,[],merged,2,30,57600,33105850.910811424,,100,,float32,official_horizon_generation,,,direct_full_horizon,186254.64,186254.64,244.140078125,1.9224014508401923,1.3859420645381837,0.5198748270670573,39.22943342502043,431.57228826698315,0.7508812829233196,0.4247729060909774,0.442141621595268,1.9224014508401923,1.5699465118628486,1.224501240210491,0.2025336102396998,0.442141621595268,0.3773835985181592,1.1715973437409275,0.15836806876242493,Transport,1
m_dense/H/medium|H=480|L=512|Hsrc=gift_default|Lsrc=controlled|origins=gift_horizon_specific_v1,context-scaling,release,standard_hl_gift_v1,m_dense/H/medium,Toto-2.0-22m,toto2,Toto-2.0-22m,21.915584,21.915584,480,gift_default,gift_horizon_specific_v1,,480,512,controlled,15600,17040,512,512,256,256,100,[],merged,2,30,57600,33105850.910811424,,100,,float32,official_horizon_generation,,,direct_full_horizon,128904.19555555556,128904.19555555556,189.15403645833334,1.540526817115524,0.8156475252960349,0.4402984110514323,23.8046501065619,359.0323043342417,0.624670871181225,0.3291041371917106,0.31946849108513425,1.540526817115524,1.5699465118628486,0.9812607024984462,-0.01891710294021386,0.31946849108513425,0.3773835985181592,0.8465351762492186,-0.16660352334117914,Transport,1
m_dense/H/medium|H=480|L=1024|Hsrc=gift_default|Lsrc=controlled|origins=gift_horizon_specific_v1,context-scaling,release,standard_hl_gift_v1,m_dense/H/medium,Toto-2.0-22m,toto2,Toto-2.0-22m,21.915584,21.915584,480,gift_default,gift_horizon_specific_v1,,480,1024,controlled,15600,17040,1024,1024,256,256,100,[],merged,2,30,57600,33105850.910811424,,100,,float32,official_horizon_generation,,,direct_full_horizon,37207.53333333333,37207.53333333333,85.84026041666667,0.74006355223145,0.29020862487416604,0.21118833753797744,7.009200236578125,192.89254348816425,0.33560866732743766,0.14935121327406511,0.12280338291435113,0.74006355223145,1.5699465118628486,0.4713941186144706,-0.7520607649803588,0.12280338291435113,0.3773835985181592,0.3254073133982318,-1.122677609347635,Transport,1
m_dense/H/medium|H=480|L=2048|Hsrc=gift_default|Lsrc=controlled|origins=gift_horizon_specific_v1,context-scaling,release,standard_hl_gift_v1,m_dense/H/medium,Toto-2.0-22m,toto2,Toto-2.0-22m,21.915584,21.915584,480,gift_default,gift_horizon_specific_v1,,480,2048,controlled,15600,17040,2048,2048,256,256,100,[],merged,2,30,57600,33105850.910811424,,100,,float32,official_horizon_generation,,,direct_full_horizon,35770.09444444445,35770.09444444445,82.38714409722222,0.716424231383509,0.2812597225325258,0.20227007548014322,7.171162109178693,189.12983488716011,0.32906202951402747,0.1433432269354616,0.1184197180054766,0.716424231383509,1.5699465118628486,0.45633671336574566,-0.7845243354518755,0.1184197180054766,0.3773835985181592,0.3137913742686896,-1.1590269270511608,Transport,1
m_dense/H/medium|H=480|L=4096|Hsrc=gift_default|Lsrc=controlled|origins=gift_horizon_specific_v1,context-scaling,release,standard_hl_gift_v1,m_dense/H/medium,Toto-2.0-22m,toto2,Toto-2.0-22m,21.915584,21.915584,480,gift_default,gift_horizon_specific_v1,,480,4096,controlled,15600,17040,4096,4096,256,256,100,[],merged,2,30,57600,33105850.910811424,,100,,float32,official_horizon_generation,,,direct_full_horizon,36256.677777777775,36256.677777777775,85.22504774305555,0.7374616097577621,0.28559224048805704,0.20656767103407117,7.00266820801878,190.41186354263164,0.33129259748082285,0.1482808209106286,0.1212574927233911,0.7374616097577621,1.5699465118628486,0.4697367739507976,-0.7555827965914872,0.1212574927233911,0.3773835985181592,0.32131097694632943,-1.1353458492785484,Transport,1
saugeen/D/short|H=30|L=128|Hsrc=gift_default|Lsrc=controlled|origins=gift_horizon_specific_v1,context-scaling,release,standard_hl_gift_v1,saugeen/D/short,Toto-2.0-22m,toto2,Toto-2.0-22m,21.915584,21.915584,30,gift_default,gift_horizon_specific_v1,,30,128,controlled,23141,23711,128,128,256,256,100,[],merged,2,1,600,18524.10002040863,,100,,float32,official_horizon_generation,,,direct_full_horizon,1641.0791666666667,1641.0791666666667,17.8521630859375,3.9636203340234095,0.4841868082682292,0.45523162841796877,53.34447848651807,40.51023533215608,1.312136145481548,0.5782358030760739,0.49320569871023134,3.9636203340234095,3.4130492934385144,1.161313533221847,0.1495517207122624,0.49320569871023134,0.5850141690880181,0.8430662448382961,-0.170709741815871,Nature,1
saugeen/D/short|H=30|L=256|Hsrc=gift_default|Lsrc=controlled|origins=gift_horizon_specific_v1,context-scaling,release,standard_hl_gift_v1,saugeen/D/short,Toto-2.0-22m,toto2,Toto-2.0-22m,21.915584,21.915584,30,gift_default,gift_horizon_specific_v1,,30,256,controlled,23141,23711,256,256,256,256,100,[],merged,2,1,600,18524.10002040863,,100,,float32,official_horizon_generation,,,direct_full_horizon,1644.2173958333333,1644.2173958333333,17.867293294270834,3.9680478856535215,0.5188284810384115,0.4477397664388021,48.31782296604748,40.54895061321974,1.3133901426318875,0.5787258741181217,0.4889838179948655,3.9680478856535215,3.4130492934385144,1.1626107754382498,0.1506681446390737,0.4889838179948655,0.5850141690880181,0.8358495295201912,-0.17930667070954107,Nature,1
saugeen/D/short|H=30|L=512|Hsrc=gift_default|Lsrc=controlled|origins=gift_horizon_specific_v1,context-scaling,release,standard_hl_gift_v1,saugeen/D/short,Toto-2.0-22m,toto2,Toto-2.0-22m,21.915584,21.915584,30,gift_default,gift_horizon_specific_v1,,30,512,controlled,23141,23711,512,512,256,256,100,[],merged,2,1,600,18524.10002040863,,100,,float32,official_horizon_generation,,,direct_full_horizon,1390.5385416666666,1390.5385416666666,14.808004557291667,3.2895559144517414,0.3540564473470052,0.38278587341308595,36.630122731989225,37.28992547145498,1.2078295441194358,0.47963478520340047,0.4031477850832823,3.2895559144517414,3.4130492934385144,0.9638172881873739,-0.03685353741097203,0.4031477850832823,0.5850141690880181,0.6891248219026074,-0.37233286051221776,Nature,1
saugeen/D/short|H=30|L=1024|Hsrc=gift_default|Lsrc=controlled|origins=gift_horizon_specific_v1,context-scaling,release,standard_hl_gift_v1,saugeen/D/short,Toto-2.0-22m,toto2,Toto-2.0-22m,21.915584,21.915584,30,gift_default,gift_horizon_specific_v1,,30,1024,controlled,23141,23711,1024,1024,256,256,100,[],merged,2,1,600,18524.10002040863,,100,,float32,official_horizon_generation,,,direct_full_horizon,1376.9578125,1376.9578125,14.491570638020834,3.2198121454049127,0.353806889851888,0.3731098429361979,32.99393014001317,37.10738218333382,1.2019169236546343,0.4693854153903826,0.3908174401776386,3.2198121454049127,3.4130492934385144,0.9433828429008938,-0.058283094749658045,0.3908174401776386,0.5850141690880181,0.6680478197423596,-0.4033955215670202,Nature,1
saugeen/D/short|H=30|L=2048|Hsrc=gift_default|Lsrc=controlled|origins=gift_horizon_specific_v1,context-scaling,release,standard_hl_gift_v1,saugeen/D/short,Toto-2.0-22m,toto2,Toto-2.0-22m,21.915584,21.915584,30,gift_default,gift_horizon_specific_v1,,30,2048,controlled,23141,23711,2048,2048,256,256,100,[],merged,2,1,600,18524.10002040863,,100,,float32,official_horizon_generation,,,direct_full_horizon,1340.1786458333333,1340.1786458333333,13.953523763020833,3.1002467496867805,0.3092864990234375,0.3475106302897135,28.762518728851475,36.608450470258,1.185756406948523,0.4519579492978691,0.3668697962988918,3.1002467496867805,3.4130492934385144,0.9083510032061103,-0.09612440767116372,0.3668697962988918,0.5850141690880181,0.6271126678364171,-0.46662906097315643,Nature,1
saugeen/D/short|H=30|L=4096|Hsrc=gift_default|Lsrc=controlled|origins=gift_horizon_specific_v1,context-scaling,release,standard_hl_gift_v1,saugeen/D/short,Toto-2.0-22m,toto2,Toto-2.0-22m,21.915584,21.915584,30,gift_default,gift_horizon_specific_v1,,30,4096,controlled,23141,23711,4096,4096,256,256,100,[],merged,2,1,600,18524.10002040863,,100,,float32,official_horizon_generation,,,direct_full_horizon,1276.6263541666667,1276.6263541666667,13.482350260416666,2.9952021428854003,0.29419108072916667,0.3347064717610677,30.155705520226125,35.729908398520514,1.1573002205501695,0.4366965276228061,0.35204453187496115,2.9952021428854003,3.4130492934385144,0.8775736549259887,-0.13059438992705502,0.35204453187496115,0.5850141690880181,0.6017709492810497,-0.507878388997153,Nature,1
saugeen/W/short|H=8|L=128|Hsrc=gift_default|Lsrc=controlled|origins=gift_horizon_specific_v1,context-scaling,release,standard_hl_gift_v1,saugeen/W/short,Toto-2.0-22m,toto2,Toto-2.0-22m,21.915584,21.915584,8,gift_default,gift_horizon_specific_v1,,8,128,controlled,3231,3383,128,128,256,256,100,[],merged,2,1,160,5300.499998092651,,100,,float32,official_horizon_generation,,,direct_full_horizon,1298.97607421875,1298.97607421875,16.62275848388672,1.3488149752731766,0.4157692909240723,0.4268608093261719,14.424528075756086,36.04131066177741,1.0879369319799002,0.501771787261377,0.4228130794458335,1.3488149752731766,1.9906580047824172,0.6775724268220571,-0.389238828883619,0.4228130794458335,0.7340352249903721,0.5760119746996873,-0.5516268290931632,Nature,1
saugeen/W/short|H=8|L=256|Hsrc=gift_default|Lsrc=controlled|origins=gift_horizon_specific_v1,context-scaling,release,standard_hl_gift_v1,saugeen/W/short,Toto-2.0-22m,toto2,Toto-2.0-22m,21.915584,21.915584,8,gift_default,gift_horizon_specific_v1,,8,256,controlled,3231,3383,256,256,256,256,100,[],merged,2,1,160,5300.499998092651,,100,,float32,official_horizon_generation,,,direct_full_horizon,1166.9779296875,1166.9779296875,16.13843231201172,1.3093762562069773,0.4197836399078369,0.4226799488067627,12.707157429827388,34.16105867340033,1.0311799622131634,0.48715199902859047,0.4020385744426524,1.3093762562069773,1.9906580047824172,0.6577605259473461,-0.4189143562291635,0.4020385744426524,0.7340352249903721,0.5477101925836403,-0.6020089775725955,Nature,1
saugeen/W/short|H=8|L=512|Hsrc=gift_default|Lsrc=controlled|origins=gift_horizon_specific_v1,context-scaling,release,standard_hl_gift_v1,saugeen/W/short,Toto-2.0-22m,toto2,Toto-2.0-22m,21.915584,21.915584,8,gift_default,gift_horizon_specific_v1,,8,512,controlled,3231,3383,512,512,256,256,100,[],merged,2,1,160,5300.499998092651,,100,,float32,official_horizon_generation,,,direct_full_horizon,918.52294921875,918.52294921875,14.362564086914062,1.1651963373997678,0.384502649307251,0.3904179811477661,9.816962512607915,30.307143534466423,0.9148463290745323,0.4335459399553199,0.34758835590539555,1.1651963373997678,1.9906580047824172,0.5853322542598803,-0.5355756369764507,0.34758835590539555,0.7340352249903721,0.4735308934390099,-0.7475381236290036,Nature,1
saugeen/W/short|H=8|L=1024|Hsrc=gift_default|Lsrc=controlled|origins=gift_horizon_specific_v1,context-scaling,release,standard_hl_gift_v1,saugeen/W/short,Toto-2.0-22m,toto2,Toto-2.0-22m,21.915584,21.915584,8,gift_default,gift_horizon_specific_v1,,8,1024,controlled,3231,3383,1024,1024,256,256,100,[],merged,2,1,160,5300.499998092651,,100,,float32,official_horizon_generation,,,direct_full_horizon,878.4060546875,878.4060546875,14.16114501953125,1.1488388300799248,0.3724691390991211,0.3793391466140747,10.34655621680615,29.637915829010314,0.8946451342982832,0.42746593791912585,0.34013255013100036,1.1488388300799248,1.9906580047824172,0.577115118377903,-0.5497135204537847,0.34013255013100036,0.7340352249903721,0.4633736073571424,-0.7692216229494935,Nature,1
saugeen/W/short|H=8|L=2048|Hsrc=gift_default|Lsrc=controlled|origins=gift_horizon_specific_v1,context-scaling,release,standard_hl_gift_v1,saugeen/W/short,Toto-2.0-22m,toto2,Toto-2.0-22m,21.915584,21.915584,8,gift_default,gift_horizon_specific_v1,,8,2048,controlled,3231,3383,2048,2048,256,256,100,[],merged,2,1,160,5300.499998092651,,100,,float32,official_horizon_generation,,,direct_full_horizon,968.55888671875,968.55888671875,14.850462341308594,1.2048701368217103,0.38652973175048827,0.38594534397125246,9.687402351471711,31.121678725909856,0.939433751143742,0.4482735544692744,0.3526159991611682,1.2048701368217103,1.9906580047824172,0.6052622469189051,-0.5020934488888734,0.3526159991611682,0.7340352249903721,0.48038021494921207,-0.7331773741597769,Nature,1
saugeen/W/short|H=8|L=4096|Hsrc=gift_default|Lsrc=controlled|origins=gift_horizon_specific_v1,context-scaling,release,standard_hl_gift_v1,saugeen/W/short,Toto-2.0-22m,toto2,Toto-2.0-22m,21.915584,21.915584,8,gift_default,gift_horizon_specific_v1,,8,4096,controlled,3231,3383,3231,3383,256,256,100,[],merged,2,1,160,5300.499998092651,,100,,float32,official_horizon_generation,,,direct_full_horizon,1013.9375,1013.9375,15.465403747558593,1.2546828012843778,0.41734066009521487,0.3906405925750732,9.492676737519947,31.842385274975868,0.9611888776208775,0.46683607216296463,0.37023725189882933,1.2546828012843778,1.9906580047824172,0.630285462530525,-0.4615824470944011,0.37023725189882933,0.7340352249903721,0.504386219208602,-0.6844129964212198,Nature,1
solar/10T/medium|H=480|L=128|Hsrc=gift_default|Lsrc=controlled|origins=gift_horizon_specific_v1,context-scaling,release,standard_hl_gift_v1,solar/10T/medium,Toto-2.0-22m,toto2,Toto-2.0-22m,21.915584,21.915584,480,gift_default,gift_horizon_specific_v1,,480,128,controlled,47280,52080,128,128,256,256,100,[],merged,2,137,723360,3259788.3996440507,,100,,float32,official_horizon_generation,,,direct_full_horizon,168.36908178500332,168.36908178500332,7.41970033938841,3.293945318135635,3.4250041472038784,1.8353015787436409,249.9068874207831,12.975711224630553,2.879361885106918,1.6464609905618588,2.771573253842607,3.293945318135635,0.9270005407497468,3.553336997486034,1.2678871612564964,2.771573253842607,0.655063598207076,4.230998732685599,1.4424380722071835,Energy,1
solar/10T/medium|H=480|L=256|Hsrc=gift_default|Lsrc=controlled|origins=gift_horizon_specific_v1,context-scaling,release,standard_hl_gift_v1,solar/10T/medium,Toto-2.0-22m,toto2,Toto-2.0-22m,21.915584,21.915584,480,gift_default,gift_horizon_specific_v1,,480,256,controlled,47280,52080,256,256,256,256,100,[],merged,2,137,723360,3259788.3996440507,,100,,float32,official_horizon_generation,,,direct_full_horizon,168.36908178500332,168.36908178500332,7.41970033938841,3.293945318135635,3.4250041472038784,1.8353015787436409,249.9068874207831,12.975711224630553,2.879361885106918,1.6464609905618588,2.771573253842607,3.293945318135635,0.9270005407497468,3.553336997486034,1.2678871612564964,2.771573253842607,0.655063598207076,4.230998732685599,1.4424380722071835,Energy,1
solar/10T/medium|H=480|L=512|Hsrc=gift_default|Lsrc=controlled|origins=gift_horizon_specific_v1,context-scaling,release,standard_hl_gift_v1,solar/10T/medium,Toto-2.0-22m,toto2,Toto-2.0-22m,21.915584,21.915584,480,gift_default,gift_horizon_specific_v1,,480,512,controlled,47280,52080,512,512,256,256,100,[],merged,2,137,723360,3259788.3996440507,,100,,float32,official_horizon_generation,,,direct_full_horizon,362.71481696527314,362.71481696527314,5.207404076117009,2.266412783282079,1.7898401721245116,1.860655223540146,185.3180224158736,19.045073299026,4.226177448538609,1.1555436582666883,1.9850090179716653,2.266412783282079,0.9270005407497468,2.444888307669197,0.8939994399484952,1.9850090179716653,0.655063598207076,3.0302538919956477,1.1086464087487,Energy,1
solar/10T/medium|H=480|L=1024|Hsrc=gift_default|Lsrc=controlled|origins=gift_horizon_specific_v1,context-scaling,release,standard_hl_gift_v1,solar/10T/medium,Toto-2.0-22m,toto2,Toto-2.0-22m,21.915584,21.915584,480,gift_default,gift_horizon_specific_v1,,480,1024,controlled,47280,52080,1024,1024,256,256,100,[],merged,2,137,723360,3259788.3996440507,,100,,float32,official_horizon_generation,,,direct_full_horizon,30.552560965494358,30.552560965494358,2.4429408420426895,1.0710089315303104,3.5267889172244735,1.5163401494156348,9.9319851579547,5.527437106425939,1.2265602594760017,0.5420982808862561,0.44030088131795975,1.0710089315303104,0.9270005407497468,1.1553487667483897,0.1444022609449593,0.44030088131795975,0.655063598207076,0.6721498225868042,-0.39727401303072485,Energy,1
solar/10T/medium|H=480|L=2048|Hsrc=gift_default|Lsrc=controlled|origins=gift_horizon_specific_v1,context-scaling,release,standard_hl_gift_v1,solar/10T/medium,Toto-2.0-22m,toto2,Toto-2.0-22m,21.915584,21.915584,480,gift_default,gift_horizon_specific_v1,,480,2048,controlled,47280,52080,2048,2048,256,256,100,[],merged,2,137,723360,3259788.3996440507,,100,,float32,official_horizon_generation,,,direct_full_horizon,21.669026141893386,21.669026141893386,1.9703981463240987,0.8630845249991425,2.9364177959245374,1.4721586994434566,6.1930770645091835,4.655000122652349,1.0329630257870375,0.4372391788622338,0.3409731203229819,0.8630845249991425,0.9270005407497468,0.9310507244160723,-0.07144151939111397,0.3409731203229819,0.655063598207076,0.5205191087647567,-0.652928679276774,Energy,1
solar/10T/medium|H=480|L=4096|Hsrc=gift_default|Lsrc=controlled|origins=gift_horizon_specific_v1,context-scaling,release,standard_hl_gift_v1,solar/10T/medium,Toto-2.0-22m,toto2,Toto-2.0-22m,21.915584,21.915584,480,gift_default,gift_horizon_specific_v1,,480,4096,controlled,47280,52080,4096,4096,256,256,100,[],merged,2,137,723360,3259788.3996440507,,100,,float32,official_horizon_generation,,,direct_full_horizon,21.526925044238002,21.526925044238002,1.9819799918090577,0.8691743319789479,3.1766811735041967,1.4710984879359623,5.384766273238614,4.6397117415026985,1.0295704732552171,0.43980923640060493,0.33517395585961474,0.8691743319789479,0.9270005407497468,0.9376200916516945,-0.06441043157958144,0.33517395585961474,0.655063598207076,0.5116662821396174,-0.6700826591478947,Energy,1
solar/H/medium|H=480|L=128|Hsrc=gift_default|Lsrc=controlled|origins=gift_horizon_specific_v1,context-scaling,release,standard_hl_gift_v1,solar/H/medium,Toto-2.0-22m,toto2,Toto-2.0-22m,21.915584,21.915584,480,gift_default,gift_horizon_specific_v1,,480,128,controlled,7800,8280,128,128,256,256,100,[],merged,2,137,131520,3651068.2511000372,,100,,float32,official_horizon_generation,,,direct_full_horizon,3210.30498783455,3210.30498783455,29.297245666058394,2.2441886882924744,1.8246582424074034,1.8597088370590025,31.861489096557094,56.65955336776447,2.0410093557366933,1.055355168679487,0.9598430666002278,2.2441886882924744,0.9349685904330063,2.4002824386358657,0.8755864131947706,0.9598430666002278,0.9459874280739857,1.0146467470021794,0.014540519406212822,Energy,1
solar/H/medium|H=480|L=256|Hsrc=gift_default|Lsrc=controlled|origins=gift_horizon_specific_v1,context-scaling,release,standard_hl_gift_v1,solar/H/medium,Toto-2.0-22m,toto2,Toto-2.0-22m,21.915584,21.915584,480,gift_default,gift_horizon_specific_v1,,480,256,controlled,7800,8280,256,256,256,256,100,[],merged,2,137,131520,3651068.2511000372,,100,,float32,official_horizon_generation,,,direct_full_horizon,3210.30498783455,3210.30498783455,29.297245666058394,2.2441886882924744,1.8246582424074034,1.8597088370590025,31.861489096557094,56.65955336776447,2.0410093557366933,1.055355168679487,0.9598430666002278,2.2441886882924744,0.9349685904330063,2.4002824386358657,0.8755864131947706,0.9598430666002278,0.9459874280739857,1.0146467470021794,0.014540519406212822,Energy,1
solar/H/medium|H=480|L=512|Hsrc=gift_default|Lsrc=controlled|origins=gift_horizon_specific_v1,context-scaling,release,standard_hl_gift_v1,solar/H/medium,Toto-2.0-22m,toto2,Toto-2.0-22m,21.915584,21.915584,480,gift_default,gift_horizon_specific_v1,,480,512,controlled,7800,8280,512,512,256,256,100,[],merged,2,137,131520,3651068.2511000372,,100,,float32,official_horizon_generation,,,direct_full_horizon,825.1748783454988,825.1748783454988,12.365262412560828,0.9449919838192427,3.460495772900458,1.4374776055923053,15.39438730481394,28.725857312628612,1.0347724265682043,0.44542561262995156,0.40753542083385824,0.9449919838192427,0.9349685904330063,1.0107205669674895,0.010663509122157792,0.40753542083385824,0.9459874280739857,0.4308042673078578,-0.8421014282061177,Energy,1
solar/H/medium|H=480|L=1024|Hsrc=gift_default|Lsrc=controlled|origins=gift_horizon_specific_v1,context-scaling,release,standard_hl_gift_v1,solar/H/medium,Toto-2.0-22m,toto2,Toto-2.0-22m,21.915584,21.915584,480,gift_default,gift_horizon_specific_v1,,480,1024,controlled,7800,8280,1024,1024,256,256,100,[],merged,2,137,131520,3651068.2511000372,,100,,float32,official_horizon_generation,,,direct_full_horizon,783.170894160584,783.170894160584,11.714787674878346,0.8966259958701409,4.462748224108272,1.4093549816567823,5.725941633178284,27.985190622194875,1.0080918836623038,0.4219939943702205,0.3369249589421661,0.8966259958701409,0.9349685904330063,0.9589904998358202,-0.04187411047120767,0.3369249589421661,0.9459874280739857,0.3561621951236071,-1.032369047606428,Energy,1
solar/H/medium|H=480|L=2048|Hsrc=gift_default|Lsrc=controlled|origins=gift_horizon_specific_v1,context-scaling,release,standard_hl_gift_v1,solar/H/medium,Toto-2.0-22m,toto2,Toto-2.0-22m,21.915584,21.915584,480,gift_default,gift_horizon_specific_v1,,480,2048,controlled,7800,8280,2048,2048,256,256,100,[],merged,2,137,131520,3651068.2511000372,,100,,float32,official_horizon_generation,,,direct_full_horizon,705.1624695863746,705.1624695863746,11.975809287560827,0.9159856261109093,3.807536493338003,1.4217760963161497,5.30575405376343,26.55489539776752,0.9565693113685625,0.4313966020836361,0.32838114935722973,0.9159856261109093,0.9349685904330063,0.9796966823096105,-0.02051226307229487,0.32838114935722973,0.9459874280739857,0.3471305639080301,-1.0580543049405104,Energy,1
solar/H/medium|H=480|L=4096|Hsrc=gift_default|Lsrc=controlled|origins=gift_horizon_specific_v1,context-scaling,release,standard_hl_gift_v1,solar/H/medium,Toto-2.0-22m,toto2,Toto-2.0-22m,21.915584,21.915584,480,gift_default,gift_horizon_specific_v1,,480,4096,controlled,7800,8280,4096,4096,256,256,100,[],merged,2,137,131520,3651068.2511000372,,100,,float32,official_horizon_generation,,,direct_full_horizon,706.6769464720195,706.6769464720195,11.38215765663017,0.870927500539277,4.353236843466928,1.4093258748669404,4.962287807942408,26.583396067320283,0.957595972006432,0.4100118847542693,0.3181216212354962,0.870927500539277,0.9349685904330063,0.9315045547529353,-0.07095419925525547,0.3181216212354962,0.9459874280739857,0.33628525263087944,-1.089795513023542,Energy,1
sz_taxi/15T/medium|H=480|L=128|Hsrc=gift_default|Lsrc=controlled|origins=gift_horizon_specific_v1,context-scaling,release,standard_hl_gift_v1,sz_taxi/15T/medium,Toto-2.0-22m,toto2,Toto-2.0-22m,21.915584,21.915584,480,gift_default,gift_horizon_specific_v1,,480,128,controlled,2496,2496,128,128,256,256,100,[],merged,2,156,74880,804584.3353402718,,100,,float32,official_horizon_generation,,,direct_full_horizon,25.001640958867522,25.001640958867522,3.309053026509081,0.6516133981447326,11382909609098.996,0.4592152782994458,10.552914175462659,5.000164093194095,0.46534871591805077,0.3079626084445318,0.27793117385747856,0.6516133981447326,0.7134840539481987,0.9132837581147145,-0.09070864917775671,0.27793117385747856,0.3791721589395142,0.7329946761777262,-0.3106168401808983,Transport,1
sz_taxi/15T/medium|H=480|L=256|Hsrc=gift_default|Lsrc=controlled|origins=gift_horizon_specific_v1,context-scaling,release,standard_hl_gift_v1,sz_taxi/15T/medium,Toto-2.0-22m,toto2,Toto-2.0-22m,21.915584,21.915584,480,gift_default,gift_horizon_specific_v1,,480,256,controlled,2496,2496,256,256,256,256,100,[],merged,2,156,74880,804584.3353402718,,100,,float32,official_horizon_generation,,,direct_full_horizon,25.001640958867522,25.001640958867522,3.309053026509081,0.6516133981447326,11382909609098.996,0.4592152782994458,10.552914175462659,5.000164093194095,0.46534871591805077,0.3079626084445318,0.27793117385747856,0.6516133981447326,0.7134840539481987,0.9132837581147145,-0.09070864917775671,0.27793117385747856,0.3791721589395142,0.7329946761777262,-0.3106168401808983,Transport,1
sz_taxi/15T/medium|H=480|L=512|Hsrc=gift_default|Lsrc=controlled|origins=gift_horizon_specific_v1,context-scaling,release,standard_hl_gift_v1,sz_taxi/15T/medium,Toto-2.0-22m,toto2,Toto-2.0-22m,21.915584,21.915584,480,gift_default,gift_horizon_specific_v1,,480,512,controlled,2496,2496,512,512,256,256,100,[],merged,2,156,74880,804584.3353402718,,100,,float32,official_horizon_generation,,,direct_full_horizon,20.23403779380342,20.23403779380342,3.146853298611111,0.6155243423391289,11600344163915.084,0.44174129127437234,7.768147010529362,4.498226071886941,0.4186350062612696,0.29286721683482136,0.25022700799676073,0.6155243423391289,0.7134840539481987,0.8627023111911314,-0.14768559388252325,0.25022700799676073,0.3791721589395142,0.6599298025904826,-0.415621809329651,Transport,1
sz_taxi/15T/medium|H=480|L=1024|Hsrc=gift_default|Lsrc=controlled|origins=gift_horizon_specific_v1,context-scaling,release,standard_hl_gift_v1,sz_taxi/15T/medium,Toto-2.0-22m,toto2,Toto-2.0-22m,21.915584,21.915584,480,gift_default,gift_horizon_specific_v1,,480,1024,controlled,2496,2496,1024,1024,256,256,100,[],merged,2,156,74880,804584.3353402718,,100,,float32,official_horizon_generation,,,direct_full_horizon,16.74462640224359,16.74462640224359,2.8009388980702457,0.546132394337662,11813829734911.68,0.4115115956363515,3.8296616051527117,4.092019843823291,0.38083073762044106,0.2606741089469508,0.20525623476829635,0.546132394337662,0.7134840539481987,0.7654444290878476,-0.26729866078748793,0.20525623476829635,0.3791721589395142,0.5413272834755755,-0.6137312228366856,Transport,1
sz_taxi/15T/medium|H=480|L=2048|Hsrc=gift_default|Lsrc=controlled|origins=gift_horizon_specific_v1,context-scaling,release,standard_hl_gift_v1,sz_taxi/15T/medium,Toto-2.0-22m,toto2,Toto-2.0-22m,21.915584,21.915584,480,gift_default,gift_horizon_specific_v1,,480,2048,controlled,2496,2496,2048,2048,256,256,100,[],merged,2,156,74880,804584.3353402718,,100,,float32,official_horizon_generation,,,direct_full_horizon,16.395928485576924,16.395928485576924,2.757848912426549,0.537940380736319,10191041500809.934,0.40579458383413464,3.8213823436338807,4.049188620646971,0.3768445774995304,0.2566638666599997,0.20202464920994503,0.537940380736319,0.7134840539481987,0.7539627238471895,-0.28241235006472154,0.20202464920994503,0.3791721589395142,0.5328045439174033,-0.6296006314188194,Transport,1
sz_taxi/15T/medium|H=480|L=4096|Hsrc=gift_default|Lsrc=controlled|origins=gift_horizon_specific_v1,context-scaling,release,standard_hl_gift_v1,sz_taxi/15T/medium,Toto-2.0-22m,toto2,Toto-2.0-22m,21.915584,21.915584,480,gift_default,gift_horizon_specific_v1,,480,4096,controlled,2496,2496,2496,2496,256,256,100,[],merged,2,156,74880,804584.3353402718,,100,,float32,official_horizon_generation,,,direct_full_horizon,16.44674813034188,16.44674813034188,2.7638447557759083,0.5393639159561388,10395038681449.117,0.4069790310329861,3.8916387467474296,4.05545905297315,0.37742814587385837,0.25722187994745715,0.2026357097817663,0.5393639159561388,0.7134840539481987,0.7559579124038817,-0.27976957577575223,0.2026357097817663,0.3791721589395142,0.5344161088949858,-0.6265805133237012,Transport,1
us_births/D/short|H=30|L=128|Hsrc=gift_default|Lsrc=controlled|origins=gift_horizon_specific_v1,context-scaling,release,standard_hl_gift_v1,us_births/D/short,Toto-2.0-22m,toto2,Toto-2.0-22m,21.915584,21.915584,30,gift_default,gift_horizon_specific_v1,,30,128,controlled,6705,7275,128,128,256,256,100,[],merged,2,1,600,6400554.0,,100,,float32,official_horizon_generation,,,direct_full_horizon,289945.0933333333,289945.0933333333,356.37580729166666,0.5243362500130307,0.033992280960083006,0.03359517415364583,4.907702767280713,538.4654987400152,0.05047677111137709,0.03340734011071542,0.02727800216821184,0.5243362500130307,1.8648391912491094,0.2811696860906377,-1.268796926810311,0.02727800216821184,0.11952686586312443,0.22821649318111548,-1.4774605690514409,Healthcare,1
us_births/D/short|H=30|L=256|Hsrc=gift_default|Lsrc=controlled|origins=gift_horizon_specific_v1,context-scaling,release,standard_hl_gift_v1,us_births/D/short,Toto-2.0-22m,toto2,Toto-2.0-22m,21.915584,21.915584,30,gift_default,gift_horizon_specific_v1,,30,256,controlled,6705,7275,256,256,256,256,100,[],merged,2,1,600,6400554.0,,100,,float32,official_horizon_generation,,,direct_full_horizon,273766.50666666665,273766.50666666665,351.3999479166667,0.5170966097180195,0.033604669570922854,0.03314773559570312,4.903804220495293,523.2270125544616,0.04904828668466463,0.032940893671079094,0.026965816365596373,0.5170966097180195,1.8648391912491094,0.27728750668933394,-1.2827003807856034,0.026965816365596373,0.11952686586312443,0.22560464687893797,-1.4889711617027335,Healthcare,1
us_births/D/short|H=30|L=512|Hsrc=gift_default|Lsrc=controlled|origins=gift_horizon_specific_v1,context-scaling,release,standard_hl_gift_v1,us_births/D/short,Toto-2.0-22m,toto2,Toto-2.0-22m,21.915584,21.915584,30,gift_default,gift_horizon_specific_v1,,30,512,controlled,6705,7275,512,512,256,256,100,[],merged,2,1,600,6400554.0,,100,,float32,official_horizon_generation,,,direct_full_horizon,225864.0,225864.0,305.7753125,0.4499861277140628,0.029330425262451172,0.02889092763264974,4.350268708126794,475.2515123595084,0.04455097284011744,0.028663954323328886,0.023622774294564212,0.4499861277140628,1.8648391912491094,0.24130023104708156,-1.4217133488419469,0.023622774294564212,0.11952686586312443,0.1976356873743825,-1.6213299058539616,Healthcare,1
us_births/D/short|H=30|L=1024|Hsrc=gift_default|Lsrc=controlled|origins=gift_horizon_specific_v1,context-scaling,release,standard_hl_gift_v1,us_births/D/short,Toto-2.0-22m,toto2,Toto-2.0-22m,21.915584,21.915584,30,gift_default,gift_horizon_specific_v1,,30,1024,controlled,6705,7275,1024,1024,256,256,100,[],merged,2,1,600,6400554.0,,100,,float32,official_horizon_generation,,,direct_full_horizon,196601.46666666667,196601.46666666667,269.17755208333335,0.3964811977236184,0.025951234499613444,0.025566641489664713,4.170797471841037,443.3976394464304,0.041564930733786205,0.025233211257962983,0.02076403630247931,0.3964811977236184,1.8648391912491094,0.21260878663647495,-1.5483014844999403,0.02076403630247931,0.11952686586312443,0.17371857073753727,-1.7503186987409265,Healthcare,1
us_births/D/short|H=30|L=2048|Hsrc=gift_default|Lsrc=controlled|origins=gift_horizon_specific_v1,context-scaling,release,standard_hl_gift_v1,us_births/D/short,Toto-2.0-22m,toto2,Toto-2.0-22m,21.915584,21.915584,30,gift_default,gift_horizon_specific_v1,,30,2048,controlled,6705,7275,2048,2048,256,256,100,[],merged,2,1,600,6400554.0,,100,,float32,official_horizon_generation,,,direct_full_horizon,185175.73333333334,185175.73333333334,254.22177083333332,0.3744122175906283,0.02462609608968099,0.024188270568847658,4.053976725776294,430.32050071235665,0.040339055092327006,0.023831228124940436,0.019610011575823597,0.3744122175906283,1.8648391912491094,0.20077453291821853,-1.6055727273044473,0.019610011575823597,0.11952686586312443,0.16406363066760155,-1.8075009345317037,Healthcare,1
us_births/D/short|H=30|L=4096|Hsrc=gift_default|Lsrc=controlled|origins=gift_horizon_specific_v1,context-scaling,release,standard_hl_gift_v1,us_births/D/short,Toto-2.0-22m,toto2,Toto-2.0-22m,21.915584,21.915584,30,gift_default,gift_horizon_specific_v1,,30,4096,controlled,6705,7275,4096,4096,256,256,100,[],merged,2,1,600,6400554.0,,100,,float32,official_horizon_generation,,,direct_full_horizon,189675.97333333333,189675.97333333333,263.7568229166667,0.3884804830092023,0.025464798609415692,0.02504704157511393,3.956627553209182,435.51805167333,0.04082628331922487,0.02472506188526806,0.020668754860473367,0.3884804830092023,1.8648391912491094,0.20831848924678043,-1.5686871720678162,0.020668754860473367,0.11952686586312443,0.17292141571035657,-1.754918032133427,Healthcare,1
