run_key,experiment_name,run_timestamp,experiment_protocol,dataset,model,adapter,checkpoint,parameters_total_m,parameters_active_m,H,H_source,origin_policy,origin_horizon,origin_distance,L,L_source,available_context_min,available_context_max,effective_context_min,effective_context_max,requested_batch_size,effective_batch_size,effective_samples_per_batch,batch_recovery_events,instance_shard_index,instance_shard_count,instance_count,valid_target_count,sum_absolute_label,per_core_batch_size,num_samples,seed,torch_dtype,output_strategy,model_call_horizon,native_output_block,native_rollout_mechanism,eval_metrics/MSE[mean],eval_metrics/MSE[0.5],eval_metrics/MAE[0.5],eval_metrics/MASE[0.5],eval_metrics/MAPE[0.5],eval_metrics/sMAPE[0.5],eval_metrics/MSIS,eval_metrics/RMSE[mean],eval_metrics/NRMSE[mean],eval_metrics/ND[0.5],eval_metrics/mean_weighted_sum_quantile_loss,raw_mase,seasonal_naive_mase,rel_mase,log_rel_mase,raw_crps,seasonal_naive_crps,rel_crps,log_rel_crps,domain,num_variates
bitbrains_fast_storage/5T/short|H=48|L=128|Hsrc=controlled|Lsrc=controlled|origins=shared_origin_v1:Hmax=720,joint-scaling,release,standard_hl_shared_origin_v1,bitbrains_fast_storage/5T/short,Granite-PatchTST-FM-r1,patchtstfm,granite-timeseries-patchtst-fm-r1,257.895552,257.895552,48,controlled,shared_origin_v1:Hmax=720,720,720,128,controlled,7200,7920,128,128,256,256,100,[],merged,2,2500,233280,93999895.05028507,,100,,float32,native_horizon,48,,direct_full_horizon,2146275.4936337234,2146275.4936337234,197.99685099618753,0.6631491456552303,0.7562055419843478,0.729576077350046,10.481485432682025,1465.01723322073,3.6357404439963306,0.4913697549947483,0.38611079262740616,0.6631491456552303,0.9937511465312888,0.6673191250847534,-0.4044868990835272,0.38611079262740616,1.078099624364623,0.35814017916475965,-1.0268308073090604,Web/CloudOps,2
bitbrains_fast_storage/5T/short|H=48|L=256|Hsrc=controlled|Lsrc=controlled|origins=shared_origin_v1:Hmax=720,joint-scaling,release,standard_hl_shared_origin_v1,bitbrains_fast_storage/5T/short,Granite-PatchTST-FM-r1,patchtstfm,granite-timeseries-patchtst-fm-r1,257.895552,257.895552,48,controlled,shared_origin_v1:Hmax=720,720,720,256,controlled,7200,7920,256,256,256,256,100,[],merged,2,2500,233280,93999895.05028507,,100,,float32,native_horizon,48,,direct_full_horizon,2502528.040097201,2502528.040097201,205.76694719395684,0.7276098761714089,1.4111347733729454,0.7286555181641965,12.50599179786904,1581.938064557902,3.925903443856539,0.5106528407901736,0.41873491951046216,0.7276098761714089,0.9937511465312888,0.7321851941616851,-0.3117217995306523,0.41873491951046216,1.078099624364623,0.38840095112475637,-0.9457170937400655,Web/CloudOps,2
bitbrains_fast_storage/5T/short|H=48|L=512|Hsrc=controlled|Lsrc=controlled|origins=shared_origin_v1:Hmax=720,joint-scaling,release,standard_hl_shared_origin_v1,bitbrains_fast_storage/5T/short,Granite-PatchTST-FM-r1,patchtstfm,granite-timeseries-patchtst-fm-r1,257.895552,257.895552,48,controlled,shared_origin_v1:Hmax=720,720,720,512,controlled,7200,7920,512,512,256,256,100,[],merged,2,2500,233280,93999895.05028507,,100,,float32,native_horizon,48,,direct_full_horizon,1786258.9612828468,1786258.9612828468,187.5223939955807,0.6039314515977059,1.1501348747091718,0.7300960148312918,9.3266819558923,1336.5099929603396,3.3168233963559355,0.46537524374774714,0.3625374888358907,0.6039314515977059,0.9937511465312888,0.607729061451393,-0.498026118948074,0.3625374888358907,1.078099624364623,0.33627457114601245,-1.08982727669568,Web/CloudOps,2
bitbrains_fast_storage/5T/short|H=48|L=1024|Hsrc=controlled|Lsrc=controlled|origins=shared_origin_v1:Hmax=720,joint-scaling,release,standard_hl_shared_origin_v1,bitbrains_fast_storage/5T/short,Granite-PatchTST-FM-r1,patchtstfm,granite-timeseries-patchtst-fm-r1,257.895552,257.895552,48,controlled,shared_origin_v1:Hmax=720,720,720,1024,controlled,7200,7920,1024,1024,256,256,100,[],merged,2,2500,233280,93999895.05028507,,100,,float32,native_horizon,48,,direct_full_horizon,1675358.174708237,1675358.174708237,187.9383796681429,0.5716748412520436,0.9754816135210734,0.7285578870315447,7.845236845654309,1294.356278119837,3.212210315748431,0.46640759742902943,0.35713988182198625,0.5716748412520436,0.9937511465312888,0.5752696167923809,-0.5529164493141037,0.35713988182198625,1.078099624364623,0.33126797723583873,-1.1048276322536719,Web/CloudOps,2
bitbrains_fast_storage/5T/short|H=48|L=2048|Hsrc=controlled|Lsrc=controlled|origins=shared_origin_v1:Hmax=720,joint-scaling,release,standard_hl_shared_origin_v1,bitbrains_fast_storage/5T/short,Granite-PatchTST-FM-r1,patchtstfm,granite-timeseries-patchtst-fm-r1,257.895552,257.895552,48,controlled,shared_origin_v1:Hmax=720,720,720,2048,controlled,7200,7920,2048,2048,256,256,100,[],merged,2,2500,233280,93999895.05028507,,100,,float32,native_horizon,48,,direct_full_horizon,2112518.218562457,2112518.218562457,203.72922499752175,0.5389556912620844,0.782818367189531,0.7316409619910891,6.316362921311965,1453.450452737367,3.607035108211482,0.5055958156336021,0.3724910988000477,0.5389556912620844,0.9937511465312888,0.5423447239717123,-0.6118534576307878,0.3724910988000477,1.078099624364623,0.34550712233071684,-1.062742021426204,Web/CloudOps,2
bitbrains_fast_storage/5T/short|H=48|L=4096|Hsrc=controlled|Lsrc=controlled|origins=shared_origin_v1:Hmax=720,joint-scaling,release,standard_hl_shared_origin_v1,bitbrains_fast_storage/5T/short,Granite-PatchTST-FM-r1,patchtstfm,granite-timeseries-patchtst-fm-r1,257.895552,257.895552,48,controlled,shared_origin_v1:Hmax=720,720,720,4096,controlled,7200,7920,4096,4096,256,256,100,[],merged,2,2500,233280,93999895.05028507,,100,,float32,native_horizon,48,,direct_full_horizon,2317418.6188405566,2317418.6188405566,212.26591981068887,0.5335408223589851,0.7114357839408,0.7383591828522859,6.003228004179878,1522.3070054494779,3.777916752367451,0.5267813729680045,0.3772560033999735,0.5335408223589851,0.9937511465312888,0.5368958055759951,-0.6219512338843806,0.3772560033999735,1.078099624364623,0.3499268480149123,-1.050031152015086,Web/CloudOps,2
bitbrains_fast_storage/5T/short|H=48|L=6144|Hsrc=controlled|Lsrc=controlled|origins=shared_origin_v1:Hmax=720,joint-scaling-l6144,release,standard_hl_shared_origin_v1,bitbrains_fast_storage/5T/short,Granite-PatchTST-FM-r1,patchtstfm,granite-timeseries-patchtst-fm-r1,257.895552,257.895552,48,controlled,shared_origin_v1:Hmax=720,720,720,6144,controlled,7200,7920,6144,6144,256,256,100,[],merged,6,2500,233280,93999895.05028507,,100,,float32,native_horizon,48,,direct_full_horizon,2322141.356368286,2322141.356368286,212.6419915260765,0.5393303128907583,0.6678017151748787,0.7393991844913056,6.000410063083037,1523.8573937111983,3.7817643585110607,0.5277146719862501,0.3755596035269181,0.5393303128907583,0.9937511465312888,0.5427217012763237,-0.611158611101567,0.3755596035269181,1.078099624364623,0.3483533386334809,-1.0545379734167828,Web/CloudOps,2
bitbrains_fast_storage/5T/short|H=48|L=8192|Hsrc=controlled|Lsrc=controlled|origins=shared_origin_v1:Hmax=720,joint-scaling,release,standard_hl_shared_origin_v1,bitbrains_fast_storage/5T/short,Granite-PatchTST-FM-r1,patchtstfm,granite-timeseries-patchtst-fm-r1,257.895552,257.895552,48,controlled,shared_origin_v1:Hmax=720,720,720,8192,controlled,7200,7920,7200,7920,256,256,100,[],merged,2,2500,233280,93999895.05028507,,100,,float32,native_horizon,48,,direct_full_horizon,2335691.631112022,2335691.631112022,213.82875589755338,0.5246879897146909,0.6561353399612505,0.7414682710121688,5.974228880813554,1528.2969708508951,3.7927820788456894,0.5306598709402492,0.3774735818000162,0.5246879897146909,0.9937511465312888,0.5279873050170824,-0.6386830390931789,0.3774735818000162,1.078099624364623,0.3501286646143485,-1.049454578867996,Web/CloudOps,2
bitbrains_fast_storage/5T/short|H=96|L=128|Hsrc=controlled|Lsrc=controlled|origins=shared_origin_v1:Hmax=720,joint-scaling,release,standard_hl_shared_origin_v1,bitbrains_fast_storage/5T/short,Granite-PatchTST-FM-r1,patchtstfm,granite-timeseries-patchtst-fm-r1,257.895552,257.895552,96,controlled,shared_origin_v1:Hmax=720,720,720,128,controlled,7200,7920,128,128,256,256,100,[],merged,2,2500,466604,216676457.21785882,,100,,float32,native_horizon,96,,direct_full_horizon,3911483.0833099373,3911483.0833099373,268.4133344167377,0.7287589853058635,1.1115527420544962,0.7517722971459739,11.048157004077298,1977.7469715082204,4.258998230554238,0.5780172756205872,0.4685694273842435,0.7287589853058635,0.892038671048877,0.8169589603654447,-0.20216641749464773,0.4685694273842435,0.9134181472559556,0.5129845830104164,-0.6675094868742304,Web/CloudOps,2
bitbrains_fast_storage/5T/short|H=96|L=256|Hsrc=controlled|Lsrc=controlled|origins=shared_origin_v1:Hmax=720,joint-scaling,release,standard_hl_shared_origin_v1,bitbrains_fast_storage/5T/short,Granite-PatchTST-FM-r1,patchtstfm,granite-timeseries-patchtst-fm-r1,257.895552,257.895552,96,controlled,shared_origin_v1:Hmax=720,720,720,256,controlled,7200,7920,256,256,256,256,100,[],merged,2,2500,466604,216676457.21785882,,100,,float32,native_horizon,96,,direct_full_horizon,11081833.805414762,11081833.805414762,335.1937858775857,0.8540352957371513,2.915211340932079,0.7505962777557361,15.145741011017636,3328.9388407441133,7.168735352197466,0.7218262808698629,0.6061256873831181,0.8540352957371513,0.892038671048877,0.9573971661261719,-0.04353696199659473,0.6061256873831181,0.9134181472559556,0.6635796422525764,-0.4101063988751527,Web/CloudOps,2
bitbrains_fast_storage/5T/short|H=96|L=512|Hsrc=controlled|Lsrc=controlled|origins=shared_origin_v1:Hmax=720,joint-scaling,release,standard_hl_shared_origin_v1,bitbrains_fast_storage/5T/short,Granite-PatchTST-FM-r1,patchtstfm,granite-timeseries-patchtst-fm-r1,257.895552,257.895552,96,controlled,shared_origin_v1:Hmax=720,720,720,512,controlled,7200,7920,512,512,256,256,100,[],merged,2,2500,466604,216676457.21785882,,100,,float32,native_horizon,96,,direct_full_horizon,3674087.0435299524,3674087.0435299524,231.39803855691872,0.6349881014343531,1.705090570582908,0.7475594037080961,9.91228348493655,1916.7908189288555,4.127731617728164,0.4983063308730956,0.4126355693397679,0.6349881014343531,0.892038671048877,0.7118392083694324,-0.3399032240156166,0.4126355693397679,0.9134181472559556,0.451748819069762,-0.7946289636365984,Web/CloudOps,2
bitbrains_fast_storage/5T/short|H=96|L=1024|Hsrc=controlled|Lsrc=controlled|origins=shared_origin_v1:Hmax=720,joint-scaling,release,standard_hl_shared_origin_v1,bitbrains_fast_storage/5T/short,Granite-PatchTST-FM-r1,patchtstfm,granite-timeseries-patchtst-fm-r1,257.895552,257.895552,96,controlled,shared_origin_v1:Hmax=720,720,720,1024,controlled,7200,7920,1024,1024,256,256,100,[],merged,2,2500,466604,216676457.21785882,,100,,float32,native_horizon,96,,direct_full_horizon,1994610.5612256324,1994610.5612256324,205.57539279995726,0.5930662378569831,1.2881640026499332,0.74330652512958,7.759283839095066,1412.3068226223481,3.0413457055940976,0.4426983060997048,0.3588540545671005,0.5930662378569831,0.892038671048877,0.6648436408700128,-0.40820339248411375,0.3588540545671005,0.9134181472559556,0.39286941653737845,-0.9342779957697124,Web/CloudOps,2
bitbrains_fast_storage/5T/short|H=96|L=2048|Hsrc=controlled|Lsrc=controlled|origins=shared_origin_v1:Hmax=720,joint-scaling,release,standard_hl_shared_origin_v1,bitbrains_fast_storage/5T/short,Granite-PatchTST-FM-r1,patchtstfm,granite-timeseries-patchtst-fm-r1,257.895552,257.895552,96,controlled,shared_origin_v1:Hmax=720,720,720,2048,controlled,7200,7920,2048,2048,256,256,100,[],merged,2,2500,466604,216676457.21785882,,100,,float32,native_horizon,96,,direct_full_horizon,2518287.753367952,2518287.753367952,234.44842334184875,0.5679452536409149,1.2494927215536957,0.7480774483019863,6.744285693167496,1586.911388001218,3.4173495856193576,0.5048752113156829,0.38332523022218706,0.5679452536409149,0.892038671048877,0.6366823233942464,-0.451484455193231,0.38332523022218706,0.9134181472559556,0.41966018671049315,-0.8683099744467295,Web/CloudOps,2
bitbrains_fast_storage/5T/short|H=96|L=4096|Hsrc=controlled|Lsrc=controlled|origins=shared_origin_v1:Hmax=720,joint-scaling,release,standard_hl_shared_origin_v1,bitbrains_fast_storage/5T/short,Granite-PatchTST-FM-r1,patchtstfm,granite-timeseries-patchtst-fm-r1,257.895552,257.895552,96,controlled,shared_origin_v1:Hmax=720,720,720,4096,controlled,7200,7920,4096,4096,256,256,100,[],merged,2,2500,466604,216676457.21785882,,100,,float32,native_horizon,96,,direct_full_horizon,2720887.897174317,2720887.897174317,245.23250610227035,0.5656459549943229,1.0503218669354593,0.7574472528498469,6.376648379567799,1649.511411653256,3.552156208411638,0.5280982980181039,0.387476329075484,0.5656459549943229,0.892038671048877,0.6341047460747694,-0.4555411235623711,0.387476329075484,0.9134181472559556,0.4242047634366809,-0.857539007690932,Web/CloudOps,2
bitbrains_fast_storage/5T/short|H=96|L=6144|Hsrc=controlled|Lsrc=controlled|origins=shared_origin_v1:Hmax=720,joint-scaling-l6144,release,standard_hl_shared_origin_v1,bitbrains_fast_storage/5T/short,Granite-PatchTST-FM-r1,patchtstfm,granite-timeseries-patchtst-fm-r1,257.895552,257.895552,96,controlled,shared_origin_v1:Hmax=720,720,720,6144,controlled,7200,7920,6144,6144,256,256,100,[],merged,6,2500,466604,216676457.21785882,,100,,float32,native_horizon,96,,direct_full_horizon,2749455.558391189,2749455.558391189,241.2386085505087,0.5684234405667135,0.8631284791195817,0.755867853656203,6.389686953443903,1658.148231730562,3.5707552516445595,0.5194976009365172,0.3844739101333151,0.5684234405667135,0.892038671048877,0.6372183841518325,-0.45064284990005277,0.3844739101333151,0.9134181472559556,0.4209177486656381,-0.8653178357277492,Web/CloudOps,2
bitbrains_fast_storage/5T/short|H=96|L=8192|Hsrc=controlled|Lsrc=controlled|origins=shared_origin_v1:Hmax=720,joint-scaling,release,standard_hl_shared_origin_v1,bitbrains_fast_storage/5T/short,Granite-PatchTST-FM-r1,patchtstfm,granite-timeseries-patchtst-fm-r1,257.895552,257.895552,96,controlled,shared_origin_v1:Hmax=720,720,720,8192,controlled,7200,7920,7200,7920,256,256,100,[],merged,2,2500,466604,216676457.21785882,,100,,float32,native_horizon,96,,direct_full_horizon,2803108.275607367,2803108.275607367,244.41586229804878,0.5505322707789967,0.8646010841015409,0.7574399527624067,6.347445326022621,1674.2485704361127,3.6054266808243867,0.5263396885664002,0.39039868536550604,0.5505322707789967,0.892038671048877,0.6171618884321122,-0.4826239095375488,0.39039868536550604,0.9134181472559556,0.4274041265091152,-0.8500252812323383,Web/CloudOps,2
bitbrains_fast_storage/5T/short|H=192|L=128|Hsrc=controlled|Lsrc=controlled|origins=shared_origin_v1:Hmax=720,joint-scaling,release,standard_hl_shared_origin_v1,bitbrains_fast_storage/5T/short,Granite-PatchTST-FM-r1,patchtstfm,granite-timeseries-patchtst-fm-r1,257.895552,257.895552,192,controlled,shared_origin_v1:Hmax=720,720,720,128,controlled,7200,7920,128,128,256,256,100,[],merged,2,2500,926464,387266142.7755317,,100,,float32,native_horizon,192,,direct_full_horizon,6221637.2268782165,6221637.2268782165,317.34733892284265,1.0138656655602951,2.561745842321028,0.7920940722770934,20.044794776223505,2494.320995156441,5.967210533547898,0.7591959444237497,0.6328753193035958,1.0138656655602951,1.036139598574382,0.978502961333846,-0.021731465749107948,0.6328753193035958,1.049700674173019,0.6029102723042367,-0.505986895475951,Web/CloudOps,2
bitbrains_fast_storage/5T/short|H=192|L=256|Hsrc=controlled|Lsrc=controlled|origins=shared_origin_v1:Hmax=720,joint-scaling,release,standard_hl_shared_origin_v1,bitbrains_fast_storage/5T/short,Granite-PatchTST-FM-r1,patchtstfm,granite-timeseries-patchtst-fm-r1,257.895552,257.895552,192,controlled,shared_origin_v1:Hmax=720,720,720,256,controlled,7200,7920,256,256,256,256,100,[],merged,2,2500,926464,387266142.7755317,,100,,float32,native_horizon,192,,direct_full_horizon,26498582.090296008,26498582.090296008,492.5958582173727,1.257656984174017,7.211382844292787,0.7983812457061202,27.155525006070405,5147.677349086285,12.314884315379404,1.1784462383328558,0.983235609870964,1.257656984174017,1.036139598574382,1.2137910624248118,0.19374857109115062,0.983235609870964,1.049700674173019,0.9366818885255858,-0.0654115543595715,Web/CloudOps,2
bitbrains_fast_storage/5T/short|H=192|L=512|Hsrc=controlled|Lsrc=controlled|origins=shared_origin_v1:Hmax=720,joint-scaling,release,standard_hl_shared_origin_v1,bitbrains_fast_storage/5T/short,Granite-PatchTST-FM-r1,patchtstfm,granite-timeseries-patchtst-fm-r1,257.895552,257.895552,192,controlled,shared_origin_v1:Hmax=720,720,720,512,controlled,7200,7920,512,512,256,256,100,[],merged,2,2500,926464,387266142.7755317,,100,,float32,native_horizon,192,,direct_full_horizon,6468519.556796054,6468519.556796054,297.8523775360537,0.8780318804225393,3.2749045642399497,0.7842128423736648,17.898747839754407,2543.328440606139,6.084451957277072,0.7125577855162751,0.5877213977325475,0.8780318804225393,1.036139598574382,0.8474069339986793,-0.16557425814829266,0.5877213977325475,1.049700674173019,0.5598942748089301,-0.580007308061012,Web/CloudOps,2
bitbrains_fast_storage/5T/short|H=192|L=1024|Hsrc=controlled|Lsrc=controlled|origins=shared_origin_v1:Hmax=720,joint-scaling,release,standard_hl_shared_origin_v1,bitbrains_fast_storage/5T/short,Granite-PatchTST-FM-r1,patchtstfm,granite-timeseries-patchtst-fm-r1,257.895552,257.895552,192,controlled,shared_origin_v1:Hmax=720,720,720,1024,controlled,7200,7920,1024,1024,256,256,100,[],merged,2,2500,926464,387266142.7755317,,100,,float32,native_horizon,192,,direct_full_horizon,3178816.4780191137,3178816.4780191137,273.9881681351083,0.8143305217074204,2.6288752180248425,0.7781816868862417,14.102852784478042,1782.9235760455672,4.265321249409892,0.65546699327717,0.5183052008729423,0.8143305217074204,1.036139598574382,0.785927420231649,-0.2408908314887952,0.5183052008729423,1.049700674173019,0.4937647594456166,-0.7056960706654944,Web/CloudOps,2
bitbrains_fast_storage/5T/short|H=192|L=2048|Hsrc=controlled|Lsrc=controlled|origins=shared_origin_v1:Hmax=720,joint-scaling,release,standard_hl_shared_origin_v1,bitbrains_fast_storage/5T/short,Granite-PatchTST-FM-r1,patchtstfm,granite-timeseries-patchtst-fm-r1,257.895552,257.895552,192,controlled,shared_origin_v1:Hmax=720,720,720,2048,controlled,7200,7920,2048,2048,256,256,100,[],merged,2,2500,926464,387266142.7755317,,100,,float32,native_horizon,192,,direct_full_horizon,3210357.0829341454,3210357.0829341454,283.52471040934944,0.7890437980613494,2.562530222330262,0.781667409466261,13.118363873077225,1791.7469360749988,4.286429537802263,0.6782814408254124,0.509667747595949,0.7890437980613494,1.036139598574382,0.7615226743066184,-0.27243533124435754,0.509667747595949,1.049700674173019,0.4855362677531652,-0.722501292180524,Web/CloudOps,2
bitbrains_fast_storage/5T/short|H=192|L=4096|Hsrc=controlled|Lsrc=controlled|origins=shared_origin_v1:Hmax=720,joint-scaling,release,standard_hl_shared_origin_v1,bitbrains_fast_storage/5T/short,Granite-PatchTST-FM-r1,patchtstfm,granite-timeseries-patchtst-fm-r1,257.895552,257.895552,192,controlled,shared_origin_v1:Hmax=720,720,720,4096,controlled,7200,7920,4096,4096,256,256,100,[],merged,2,2500,926464,387266142.7755317,,100,,float32,native_horizon,192,,direct_full_horizon,3049836.7106563235,3049836.7106563235,278.3094462267962,0.7760287699637093,2.0723975002438735,0.7901331555550188,12.613385565758925,1746.3781694284671,4.177892993086101,0.6658048672706062,0.48917642563711156,0.7760287699637093,1.036139598574382,0.7489615984481651,-0.2890675672089771,0.48917642563711156,1.049700674173019,0.4660151581044732,-0.7635371172643319,Web/CloudOps,2
bitbrains_fast_storage/5T/short|H=192|L=6144|Hsrc=controlled|Lsrc=controlled|origins=shared_origin_v1:Hmax=720,joint-scaling-l6144,release,standard_hl_shared_origin_v1,bitbrains_fast_storage/5T/short,Granite-PatchTST-FM-r1,patchtstfm,granite-timeseries-patchtst-fm-r1,257.895552,257.895552,192,controlled,shared_origin_v1:Hmax=720,720,720,6144,controlled,7200,7920,6144,6144,256,256,100,[],merged,6,2500,926464,387266142.7755317,,100,,float32,native_horizon,192,,direct_full_horizon,3091367.011601638,3091367.011601638,275.84755975576223,0.7752052160919737,1.973961877567552,0.7873284845070208,12.645145545830902,1758.228372994145,4.206242455596785,0.6599152504526907,0.48694950636741346,0.7752052160919737,1.036139598574382,0.7481667693798921,-0.2901293721417127,0.48694950636741346,1.049700674173019,0.46389367783444047,-0.7680998956112468,Web/CloudOps,2
bitbrains_fast_storage/5T/short|H=192|L=8192|Hsrc=controlled|Lsrc=controlled|origins=shared_origin_v1:Hmax=720,joint-scaling,release,standard_hl_shared_origin_v1,bitbrains_fast_storage/5T/short,Granite-PatchTST-FM-r1,patchtstfm,granite-timeseries-patchtst-fm-r1,257.895552,257.895552,192,controlled,shared_origin_v1:Hmax=720,720,720,8192,controlled,7200,7920,7200,7920,256,256,100,[],merged,2,2500,926464,387266142.7755317,,100,,float32,native_horizon,192,,direct_full_horizon,3253510.264685406,3253510.264685406,287.15446802304245,0.7650911961314674,2.042356358556626,0.7891039209294695,12.59500577094145,1803.7489472444345,4.3151421724684065,0.6869649775108325,0.5014215190760709,0.7650911961314674,1.036139598574382,0.7384055171563287,-0.3032621240495654,0.5014215190760709,1.049700674173019,0.47768047731426255,-0.738813227509553,Web/CloudOps,2
bitbrains_fast_storage/5T/short|H=336|L=128|Hsrc=controlled|Lsrc=controlled|origins=shared_origin_v1:Hmax=720,joint-scaling,release,standard_hl_shared_origin_v1,bitbrains_fast_storage/5T/short,Granite-PatchTST-FM-r1,patchtstfm,granite-timeseries-patchtst-fm-r1,257.895552,257.895552,336,controlled,shared_origin_v1:Hmax=720,720,720,128,controlled,7200,7920,128,128,256,256,100,[],merged,2,2500,1626788,602772443.3393706,,100,,float32,native_horizon,336,,direct_full_horizon,7094279.692199598,7094279.692199598,333.3847065121577,0.9043755246223395,3.495435360604515,0.8133728801049004,17.31820638710848,2663.5089059733964,7.18839152985486,0.8997528767786591,0.7614177372564146,0.9043755246223395,1.028563515064899,0.8792607470286133,-0.12867378475294294,0.7614177372564146,1.1477310845581272,0.6634112707242377,-0.41036016327940855,Web/CloudOps,2
bitbrains_fast_storage/5T/short|H=336|L=256|Hsrc=controlled|Lsrc=controlled|origins=shared_origin_v1:Hmax=720,joint-scaling,release,standard_hl_shared_origin_v1,bitbrains_fast_storage/5T/short,Granite-PatchTST-FM-r1,patchtstfm,granite-timeseries-patchtst-fm-r1,257.895552,257.895552,336,controlled,shared_origin_v1:Hmax=720,720,720,256,controlled,7200,7920,256,256,256,256,100,[],merged,2,2500,1626788,602772443.3393706,,100,,float32,native_horizon,336,,direct_full_horizon,31515850.1903524,31515850.1903524,500.22163596877715,1.0534261870863386,7.955384296316789,0.8192705863294726,23.11271900251218,5613.897949762927,15.151027421399753,1.3500195035893803,1.1881040333344934,1.0534261870863386,1.028563515064899,1.024172228216622,0.02388470409248648,1.1881040333344934,1.1477310845581272,1.035176313789488,0.03457176369659346,Web/CloudOps,2
bitbrains_fast_storage/5T/short|H=336|L=512|Hsrc=controlled|Lsrc=controlled|origins=shared_origin_v1:Hmax=720,joint-scaling,release,standard_hl_shared_origin_v1,bitbrains_fast_storage/5T/short,Granite-PatchTST-FM-r1,patchtstfm,granite-timeseries-patchtst-fm-r1,257.895552,257.895552,336,controlled,shared_origin_v1:Hmax=720,720,720,512,controlled,7200,7920,512,512,256,256,100,[],merged,2,2500,1626788,602772443.3393706,,100,,float32,native_horizon,336,,direct_full_horizon,7339403.239562562,7339403.239562562,324.98755924634924,0.8342414295059242,4.633149621389682,0.8096097511250713,16.551115996989708,2709.133300441778,7.311524593166849,0.8770902972974685,0.7351245094390967,0.8342414295059242,1.028563515064899,0.8110742966157868,-0.20939561794588982,0.7351245094390967,1.1477310845581272,0.6405023958396293,-0.4455024170752491,Web/CloudOps,2
bitbrains_fast_storage/5T/short|H=336|L=1024|Hsrc=controlled|Lsrc=controlled|origins=shared_origin_v1:Hmax=720,joint-scaling,release,standard_hl_shared_origin_v1,bitbrains_fast_storage/5T/short,Granite-PatchTST-FM-r1,patchtstfm,granite-timeseries-patchtst-fm-r1,257.895552,257.895552,336,controlled,shared_origin_v1:Hmax=720,720,720,1024,controlled,7200,7920,1024,1024,256,256,100,[],merged,2,2500,1626788,602772443.3393706,,100,,float32,native_horizon,336,,direct_full_horizon,3611632.029927686,3611632.029927686,317.74458549608187,0.7798142657598524,3.8452676298924433,0.8040942825294384,12.739132712565379,1900.4294330302523,5.1289600755019915,0.8575426505670154,0.647485748726348,0.7798142657598524,1.028563515064899,0.7581585914124599,-0.2768626917246619,0.647485748726348,1.1477310845581272,0.5641441252552883,-0.5724455188963969,Web/CloudOps,2
bitbrains_fast_storage/5T/short|H=336|L=2048|Hsrc=controlled|Lsrc=controlled|origins=shared_origin_v1:Hmax=720,joint-scaling,release,standard_hl_shared_origin_v1,bitbrains_fast_storage/5T/short,Granite-PatchTST-FM-r1,patchtstfm,granite-timeseries-patchtst-fm-r1,257.895552,257.895552,336,controlled,shared_origin_v1:Hmax=720,720,720,2048,controlled,7200,7920,2048,2048,256,256,100,[],merged,2,2500,1626788,602772443.3393706,,100,,float32,native_horizon,336,,direct_full_horizon,3346125.991957772,3346125.991957772,308.41229177526515,0.7470195361942826,3.3482772508662046,0.8042249824692892,11.581213228492278,1829.2419172864402,4.936836169305697,0.8323562579154317,0.6308573042402051,0.7470195361942826,1.028563515064899,0.7262745812514535,-0.3198271245709705,0.6308573042402051,1.1477310845581272,0.5496560237218662,-0.5984626078217073,Web/CloudOps,2
bitbrains_fast_storage/5T/short|H=336|L=4096|Hsrc=controlled|Lsrc=controlled|origins=shared_origin_v1:Hmax=720,joint-scaling,release,standard_hl_shared_origin_v1,bitbrains_fast_storage/5T/short,Granite-PatchTST-FM-r1,patchtstfm,granite-timeseries-patchtst-fm-r1,257.895552,257.895552,336,controlled,shared_origin_v1:Hmax=720,720,720,4096,controlled,7200,7920,4096,4096,256,256,100,[],merged,2,2500,1626788,602772443.3393706,,100,,float32,native_horizon,336,,direct_full_horizon,2825795.643420962,2825795.643420962,274.92631171440286,0.7250333445397643,2.514960565306766,0.8110730436487422,10.99763095435877,1681.0103043767942,4.536782364977601,0.741982865546232,0.568804027910213,0.7250333445397643,1.028563515064899,0.7048989526855004,-0.34970081596663916,0.568804027910213,1.1477310845581272,0.4955899823251722,-0.7020063426574844,Web/CloudOps,2
bitbrains_fast_storage/5T/short|H=336|L=6144|Hsrc=controlled|Lsrc=controlled|origins=shared_origin_v1:Hmax=720,joint-scaling-l6144,release,standard_hl_shared_origin_v1,bitbrains_fast_storage/5T/short,Granite-PatchTST-FM-r1,patchtstfm,granite-timeseries-patchtst-fm-r1,257.895552,257.895552,336,controlled,shared_origin_v1:Hmax=720,720,720,6144,controlled,7200,7920,6144,6144,256,256,100,[],merged,6,2500,1626788,602772443.3393706,,100,,float32,native_horizon,336,,direct_full_horizon,2877946.288563261,2877946.288563261,279.78257270567445,0.7254844218696972,2.5193230447292274,0.8081896669714339,10.950357093400795,1696.4510864045744,4.578454606618657,0.7550891500036004,0.5768524019631736,0.7254844218696972,1.028563515064899,0.7053375034636742,-0.34907886240644226,0.5768524019631736,1.1477310845581272,0.5026024037549353,-0.6879558712439403,Web/CloudOps,2
bitbrains_fast_storage/5T/short|H=336|L=8192|Hsrc=controlled|Lsrc=controlled|origins=shared_origin_v1:Hmax=720,joint-scaling,release,standard_hl_shared_origin_v1,bitbrains_fast_storage/5T/short,Granite-PatchTST-FM-r1,patchtstfm,granite-timeseries-patchtst-fm-r1,257.895552,257.895552,336,controlled,shared_origin_v1:Hmax=720,720,720,8192,controlled,7200,7920,7200,7856,256,256,100,[],merged,2,2500,1626788,602772443.3393706,,100,,float32,native_horizon,336,,direct_full_horizon,3109002.395478698,3109002.395478698,296.1564094303468,0.7223587339248558,2.700339493044551,0.8070706662453866,10.866989442071835,1763.2363413560583,4.758697503473923,0.7992795594889579,0.6022455848767039,0.7223587339248558,1.028563515064899,0.7022986168037249,-0.35339658534248947,0.6022455848767039,1.1477310845581272,0.5247270837040773,-0.644876992118126,Web/CloudOps,2
bitbrains_fast_storage/5T/short|H=720|L=128|Hsrc=controlled|Lsrc=controlled|origins=shared_origin_v1:Hmax=720,joint-scaling,release,standard_hl_shared_origin_v1,bitbrains_fast_storage/5T/short,Granite-PatchTST-FM-r1,patchtstfm,granite-timeseries-patchtst-fm-r1,257.895552,257.895552,720,controlled,shared_origin_v1:Hmax=720,720,720,128,controlled,7200,7920,128,128,256,256,100,[],merged,2,2500,3493116,1321797441.170471,,100,,float32,native_horizon,720,,direct_full_horizon,4283448.84041927,4283448.84041927,308.47238143716095,1.0993046388847525,2.8358752868815995,0.8318545005734136,23.480046821343702,2069.6494486794786,5.469465576489251,0.81520040635128,0.6779922973711826,1.0993046388847525,1.1366422321001453,0.9671509713778582,-0.03340067226307398,0.6779922973711826,1.1773076884933498,0.5758836912369424,-0.5518495636116945,Web/CloudOps,2
bitbrains_fast_storage/5T/short|H=720|L=256|Hsrc=controlled|Lsrc=controlled|origins=shared_origin_v1:Hmax=720,joint-scaling,release,standard_hl_shared_origin_v1,bitbrains_fast_storage/5T/short,Granite-PatchTST-FM-r1,patchtstfm,granite-timeseries-patchtst-fm-r1,257.895552,257.895552,720,controlled,shared_origin_v1:Hmax=720,720,720,256,controlled,7200,7920,256,256,256,256,100,[],merged,2,2500,3493116,1321797441.170471,,100,,float32,native_horizon,720,,direct_full_horizon,19749510.031543184,19749510.031543184,455.10358551469517,1.1457150750365983,6.174771397577351,0.8368802426329386,27.530278657992092,4444.042082557633,11.744276407063593,1.2027029003861751,1.0301336560320842,1.1457150750365983,1.1366422321001453,1.0079821448475388,0.007950456047389958,1.0301336560320842,1.1773076884933498,0.8749910206994312,-0.13354165473497076,Web/CloudOps,2
bitbrains_fast_storage/5T/short|H=720|L=512|Hsrc=controlled|Lsrc=controlled|origins=shared_origin_v1:Hmax=720,joint-scaling,release,standard_hl_shared_origin_v1,bitbrains_fast_storage/5T/short,Granite-PatchTST-FM-r1,patchtstfm,granite-timeseries-patchtst-fm-r1,257.895552,257.895552,720,controlled,shared_origin_v1:Hmax=720,720,720,512,controlled,7200,7920,512,512,256,256,100,[],merged,2,2500,3493116,1321797441.170471,,100,,float32,native_horizon,720,,direct_full_horizon,5086335.703305587,5086335.703305587,325.2355082199532,0.9930670710902514,4.37027549428987,0.830334571357636,20.857234905133595,2255.290602850459,5.960059721775908,0.8595003456242356,0.6934328171862051,0.9930670710902514,1.1366422321001453,0.8736848262758866,-0.1350355790305861,0.6934328171862051,1.1773076884933498,0.5889988012170551,-0.5293311306177573,Web/CloudOps,2
bitbrains_fast_storage/5T/short|H=720|L=1024|Hsrc=controlled|Lsrc=controlled|origins=shared_origin_v1:Hmax=720,joint-scaling,release,standard_hl_shared_origin_v1,bitbrains_fast_storage/5T/short,Granite-PatchTST-FM-r1,patchtstfm,granite-timeseries-patchtst-fm-r1,257.895552,257.895552,720,controlled,shared_origin_v1:Hmax=720,720,720,1024,controlled,7200,7920,1024,1024,256,256,100,[],merged,2,2500,3493116,1321797441.170471,,100,,float32,native_horizon,720,,direct_full_horizon,4570125.085787589,4570125.085787589,371.8380720823471,0.9610882745300536,4.344131565168579,0.8265262595237318,17.343707901200617,2137.785088774732,5.649527730624012,0.9826570082098423,0.7047474037066199,0.9610882745300536,1.1366422321001453,0.8455503828625784,-0.16776752298945705,0.7047474037066199,1.1773076884933498,0.5986093615072835,-0.5131460446826799,Web/CloudOps,2
bitbrains_fast_storage/5T/short|H=720|L=2048|Hsrc=controlled|Lsrc=controlled|origins=shared_origin_v1:Hmax=720,joint-scaling,release,standard_hl_shared_origin_v1,bitbrains_fast_storage/5T/short,Granite-PatchTST-FM-r1,patchtstfm,granite-timeseries-patchtst-fm-r1,257.895552,257.895552,720,controlled,shared_origin_v1:Hmax=720,720,720,2048,controlled,7200,7920,2048,2048,256,256,100,[],merged,2,2500,3493116,1321797441.170471,,100,,float32,native_horizon,720,,direct_full_horizon,3917535.648888843,3917535.648888843,351.0762381817552,0.8989953523478981,4.0140725340514845,0.8241955876537977,15.991765804162819,1979.276546844539,5.230636978753038,0.9277896798820772,0.6812652822931695,0.8989953523478981,1.1366422321001453,0.7909220042676463,-0.23455592003616532,0.6812652822931695,1.1773076884933498,0.5786637503106884,-0.5470337122283278,Web/CloudOps,2
bitbrains_fast_storage/5T/short|H=720|L=4096|Hsrc=controlled|Lsrc=controlled|origins=shared_origin_v1:Hmax=720,joint-scaling,release,standard_hl_shared_origin_v1,bitbrains_fast_storage/5T/short,Granite-PatchTST-FM-r1,patchtstfm,granite-timeseries-patchtst-fm-r1,257.895552,257.895552,720,controlled,shared_origin_v1:Hmax=720,720,720,4096,controlled,7200,7920,4096,4096,256,256,100,[],merged,2,2500,3493116,1321797441.170471,,100,,float32,native_horizon,720,,direct_full_horizon,3369205.335595497,3369205.335595497,318.4278855898287,0.8759130275699998,3.2150984262494124,0.8265057638545356,15.424075937456434,1835.5395216653596,4.850782935457882,0.8415098315026524,0.6374023348227983,0.8759130275699998,1.1366422321001453,0.7706145371280084,-0.2605669822807482,0.6374023348227983,1.1773076884933498,0.54140675462547,-0.6135844256598337,Web/CloudOps,2
bitbrains_fast_storage/5T/short|H=720|L=6144|Hsrc=controlled|Lsrc=controlled|origins=shared_origin_v1:Hmax=720,joint-scaling-l6144,release,standard_hl_shared_origin_v1,bitbrains_fast_storage/5T/short,Granite-PatchTST-FM-r1,patchtstfm,granite-timeseries-patchtst-fm-r1,257.895552,257.895552,720,controlled,shared_origin_v1:Hmax=720,720,720,6144,controlled,7200,7920,6144,6144,256,256,100,[],merged,6,2500,3493116,1321797441.1704721,,100,,float32,native_horizon,720,,direct_full_horizon,3293039.0548962587,3293039.0548962587,317.7801316217383,0.8775207771601303,3.2871557037039745,0.8289109353314491,15.332890511944871,1814.6732639503616,4.795639646165504,0.8397980111589866,0.6430542427330813,0.8775207771601303,1.1366422321001453,0.7720290099891478,-0.2587331519572352,0.6430542427330813,1.1773076884933498,0.5462074604779188,-0.604756411160093,Web/CloudOps,2
bitbrains_fast_storage/5T/short|H=720|L=8192|Hsrc=controlled|Lsrc=controlled|origins=shared_origin_v1:Hmax=720,joint-scaling,release,standard_hl_shared_origin_v1,bitbrains_fast_storage/5T/short,Granite-PatchTST-FM-r1,patchtstfm,granite-timeseries-patchtst-fm-r1,257.895552,257.895552,720,controlled,shared_origin_v1:Hmax=720,720,720,8192,controlled,7200,7920,7200,7472,256,256,100,[],merged,2,2500,3493116,1321797441.170471,,100,,float32,native_horizon,720,,direct_full_horizon,3318555.5148577946,3318555.5148577946,322.0853930362605,0.8740306942326536,3.2856342553813316,0.8284730239980717,15.279188969030173,1821.6902905976622,4.814183552584639,0.8511755316949121,0.6434451672774244,0.8740306942326536,1.1366422321001453,0.7689584897947431,-0.2627182903941087,0.6434451672774244,1.1773076884933498,0.5465395100756271,-0.6041486774085916,Web/CloudOps,2
bitbrains_rnd/5T/short|H=48|L=128|Hsrc=controlled|Lsrc=controlled|origins=shared_origin_v1:Hmax=720,joint-scaling,release,standard_hl_shared_origin_v1,bitbrains_rnd/5T/short,Granite-PatchTST-FM-r1,patchtstfm,granite-timeseries-patchtst-fm-r1,257.895552,257.895552,48,controlled,shared_origin_v1:Hmax=720,720,720,128,controlled,7200,7920,128,128,256,256,100,[],merged,2,1000,92736,41168952.07374331,,100,,float32,native_horizon,48,,direct_full_horizon,2998144.7584028854,2998144.7584028854,179.11544730302955,0.7910152859468171,0.3666902956978366,0.5955508477610502,14.944413735692368,1731.5151626257523,3.90036136537156,0.4034703164496514,0.37770403056821533,0.7910152859468171,0.7074620825156427,1.118102730161976,0.1116332579551427,0.37770403056821533,0.8671435291452065,0.4355726795776704,-0.8310936089497803,Web/CloudOps,2
bitbrains_rnd/5T/short|H=48|L=256|Hsrc=controlled|Lsrc=controlled|origins=shared_origin_v1:Hmax=720,joint-scaling,release,standard_hl_shared_origin_v1,bitbrains_rnd/5T/short,Granite-PatchTST-FM-r1,patchtstfm,granite-timeseries-patchtst-fm-r1,257.895552,257.895552,48,controlled,shared_origin_v1:Hmax=720,720,720,256,controlled,7200,7920,256,256,256,256,100,[],merged,2,1000,92736,41168952.07374331,,100,,float32,native_horizon,48,,direct_full_horizon,2980102.1264530495,2980102.1264530495,178.76321282659916,0.7589023493081157,0.37557172174835235,0.5971045536860011,11.903513356692107,1726.2972300426857,3.8886076001759697,0.4026768831762531,0.35885777620648174,0.7589023493081157,0.7074620825156427,1.0727109877176146,0.07018907761681019,0.35885777620648174,0.8671435291452065,0.41383895992423375,-0.8822783665216378,Web/CloudOps,2
bitbrains_rnd/5T/short|H=48|L=512|Hsrc=controlled|Lsrc=controlled|origins=shared_origin_v1:Hmax=720,joint-scaling,release,standard_hl_shared_origin_v1,bitbrains_rnd/5T/short,Granite-PatchTST-FM-r1,patchtstfm,granite-timeseries-patchtst-fm-r1,257.895552,257.895552,48,controlled,shared_origin_v1:Hmax=720,720,720,512,controlled,7200,7920,512,512,256,256,100,[],merged,2,1000,92736,41168952.07374331,,100,,float32,native_horizon,48,,direct_full_horizon,2983069.918848937,2983069.918848937,183.07026479653936,0.6972247181984381,0.3799421954053021,0.5986862972409582,10.299492387252528,1727.1565993994109,3.890543390927275,0.41237882484260696,0.36386639429374923,0.6972247181984381,0.7074620825156427,0.9855294515844555,-0.014576267920173733,0.36386639429374923,0.8671435291452065,0.41961495653716446,-0.8684177583451004,Web/CloudOps,2
bitbrains_rnd/5T/short|H=48|L=1024|Hsrc=controlled|Lsrc=controlled|origins=shared_origin_v1:Hmax=720,joint-scaling,release,standard_hl_shared_origin_v1,bitbrains_rnd/5T/short,Granite-PatchTST-FM-r1,patchtstfm,granite-timeseries-patchtst-fm-r1,257.895552,257.895552,48,controlled,shared_origin_v1:Hmax=720,720,720,1024,controlled,7200,7920,1024,1024,256,256,100,[],merged,2,1000,92736,41168952.07374331,,100,,float32,native_horizon,48,,direct_full_horizon,3003811.0214911145,3003811.0214911145,175.2530930165672,0.6388670280319608,0.35522651092382557,0.5891446889557453,7.03396711659239,1733.150605542148,3.9040453171520957,0.39477008802343866,0.3465855075151942,0.6388670280319608,0.7074620825156427,0.9030406629854044,-0.10198769558742779,0.3465855075151942,0.8671435291452065,0.3996864369810192,-0.9170749468377963,Web/CloudOps,2
bitbrains_rnd/5T/short|H=48|L=2048|Hsrc=controlled|Lsrc=controlled|origins=shared_origin_v1:Hmax=720,joint-scaling,release,standard_hl_shared_origin_v1,bitbrains_rnd/5T/short,Granite-PatchTST-FM-r1,patchtstfm,granite-timeseries-patchtst-fm-r1,257.895552,257.895552,48,controlled,shared_origin_v1:Hmax=720,720,720,2048,controlled,7200,7920,2048,2048,256,256,100,[],merged,2,1000,92736,41168952.07374331,,100,,float32,native_horizon,48,,direct_full_horizon,3022027.285377308,3022027.285377308,176.60551712741682,0.5593607177313792,0.3059881836185592,0.5899928785999369,6.3949995534246264,1738.397907665937,3.915865239332288,0.3978165197645016,0.35759353740700933,0.5593607177313792,0.7074620825156427,0.7906582296854209,-0.23488947830783358,0.35759353740700933,0.8671435291452065,0.41238102504150603,-0.8858075389514473,Web/CloudOps,2
bitbrains_rnd/5T/short|H=48|L=4096|Hsrc=controlled|Lsrc=controlled|origins=shared_origin_v1:Hmax=720,joint-scaling,release,standard_hl_shared_origin_v1,bitbrains_rnd/5T/short,Granite-PatchTST-FM-r1,patchtstfm,granite-timeseries-patchtst-fm-r1,257.895552,257.895552,48,controlled,shared_origin_v1:Hmax=720,720,720,4096,controlled,7200,7920,4096,4096,256,256,100,[],merged,2,1000,92736,41168952.07374331,,100,,float32,native_horizon,48,,direct_full_horizon,3032045.965777853,3032045.965777853,180.8989342057022,0.5752379512430267,0.3101457557898252,0.5946402223954289,6.488073408075371,1741.2771076936183,3.9223508426891276,0.40748774786519953,0.36970643547377396,0.5752379512430267,0.7074620825156427,0.8131007519124639,-0.2069002510209387,0.36970643547377396,0.8671435291452065,0.42634975992753466,-0.8524952368819944,Web/CloudOps,2
bitbrains_rnd/5T/short|H=48|L=6144|Hsrc=controlled|Lsrc=controlled|origins=shared_origin_v1:Hmax=720,joint-scaling-l6144,release,standard_hl_shared_origin_v1,bitbrains_rnd/5T/short,Granite-PatchTST-FM-r1,patchtstfm,granite-timeseries-patchtst-fm-r1,257.895552,257.895552,48,controlled,shared_origin_v1:Hmax=720,720,720,6144,controlled,7200,7920,6144,6144,256,256,100,[],merged,6,1000,92736,41168952.07374331,,100,,float32,native_horizon,48,,direct_full_horizon,3031400.509205757,3031400.509205757,178.0682457844252,0.4538673892167337,0.29898218090985124,0.599586472336879,5.789849850171421,1741.0917578363747,3.921933328919757,0.4011114203607896,0.36095918870252697,0.4538673892167337,0.7074620825156427,0.6415430599514826,-0.44387897332648896,0.36095918870252697,0.8671435291452065,0.41626233324758277,-0.8764396087028039,Web/CloudOps,2
bitbrains_rnd/5T/short|H=48|L=8192|Hsrc=controlled|Lsrc=controlled|origins=shared_origin_v1:Hmax=720,joint-scaling,release,standard_hl_shared_origin_v1,bitbrains_rnd/5T/short,Granite-PatchTST-FM-r1,patchtstfm,granite-timeseries-patchtst-fm-r1,257.895552,257.895552,48,controlled,shared_origin_v1:Hmax=720,720,720,8192,controlled,7200,7920,7200,7920,256,256,100,[],merged,2,1000,92736,41168952.07374331,,100,,float32,native_horizon,48,,direct_full_horizon,3053420.7142102313,3053420.7142102313,179.11421733300713,0.4569407316583772,0.29867404696968564,0.6089278985254513,5.876295142820278,1747.4039928448806,3.9361520883552723,0.40346754585447586,0.36609220279447136,0.4569407316583772,0.7074620825156427,0.6458872396857732,-0.437130342005444,0.36609220279447136,0.8671435291452065,0.42218178477944657,-0.8623192880811799,Web/CloudOps,2
bitbrains_rnd/5T/short|H=96|L=128|Hsrc=controlled|Lsrc=controlled|origins=shared_origin_v1:Hmax=720,joint-scaling,release,standard_hl_shared_origin_v1,bitbrains_rnd/5T/short,Granite-PatchTST-FM-r1,patchtstfm,granite-timeseries-patchtst-fm-r1,257.895552,257.895552,96,controlled,shared_origin_v1:Hmax=720,720,720,128,controlled,7200,7920,128,128,256,256,100,[],merged,2,1000,185472,78410919.91535383,,100,,float32,native_horizon,96,,direct_full_horizon,2655397.8669340927,2655397.8669340927,170.08826985171615,0.9293181348204396,0.6080270483808295,0.6075345731094182,18.815683922275284,1629.5391578400602,3.8544871939926124,0.40232421223973264,0.37998798877037354,0.9293181348204396,0.7043199277369718,1.3194545521470653,0.2772184331297614,0.37998798877037354,0.8704516141640497,0.4365411960724552,-0.8288725299829557,Web/CloudOps,2
bitbrains_rnd/5T/short|H=96|L=256|Hsrc=controlled|Lsrc=controlled|origins=shared_origin_v1:Hmax=720,joint-scaling,release,standard_hl_shared_origin_v1,bitbrains_rnd/5T/short,Granite-PatchTST-FM-r1,patchtstfm,granite-timeseries-patchtst-fm-r1,257.895552,257.895552,96,controlled,shared_origin_v1:Hmax=720,720,720,256,controlled,7200,7920,256,256,256,256,100,[],merged,2,1000,185472,78410919.91535383,,100,,float32,native_horizon,96,,direct_full_horizon,2673977.64324669,2673977.64324669,172.2352162447364,0.8697824066401404,0.6022846346107336,0.6084911222701405,13.456002863799213,1635.2301499320179,3.8679485803201676,0.4074025666556242,0.37008203019035446,0.8697824066401404,0.7043199277369718,1.2349251702061177,0.2110103773180157,0.37008203019035446,0.8704516141640497,0.4251609442367085,-0.855287489421893,Web/CloudOps,2
bitbrains_rnd/5T/short|H=96|L=512|Hsrc=controlled|Lsrc=controlled|origins=shared_origin_v1:Hmax=720,joint-scaling,release,standard_hl_shared_origin_v1,bitbrains_rnd/5T/short,Granite-PatchTST-FM-r1,patchtstfm,granite-timeseries-patchtst-fm-r1,257.895552,257.895552,96,controlled,shared_origin_v1:Hmax=720,720,720,512,controlled,7200,7920,512,512,256,256,100,[],merged,2,1000,185472,78410919.91535383,,100,,float32,native_horizon,96,,direct_full_horizon,2680122.9474260267,2680122.9474260267,172.77353294904353,0.7182921737236899,0.4155369906460197,0.6038771340401112,11.017595947925885,1637.1081049906345,3.872390666715886,0.40867589281847283,0.37616690037108036,0.7182921737236899,0.7043199277369718,1.0198379251196426,0.01964371772919634,0.37616690037108036,0.8704516141640497,0.4321514191599696,-0.8389792448366211,Web/CloudOps,2
bitbrains_rnd/5T/short|H=96|L=1024|Hsrc=controlled|Lsrc=controlled|origins=shared_origin_v1:Hmax=720,joint-scaling,release,standard_hl_shared_origin_v1,bitbrains_rnd/5T/short,Granite-PatchTST-FM-r1,patchtstfm,granite-timeseries-patchtst-fm-r1,257.895552,257.895552,96,controlled,shared_origin_v1:Hmax=720,720,720,1024,controlled,7200,7920,1024,1024,256,256,100,[],merged,2,1000,185472,78410919.91535383,,100,,float32,native_horizon,96,,direct_full_horizon,2653405.5201593773,2653405.5201593773,164.34492373680393,0.660522778485451,0.4658014734801334,0.5951463634841108,7.6220468409526045,1628.927720974561,3.8530409105101553,0.38873898850080785,0.3467716176540731,0.660522778485451,0.7043199277369718,0.9378163991579167,-0.06420108564022155,0.3467716176540731,0.8704516141640497,0.3983812678515164,-0.9203457728220846,Web/CloudOps,2
bitbrains_rnd/5T/short|H=96|L=2048|Hsrc=controlled|Lsrc=controlled|origins=shared_origin_v1:Hmax=720,joint-scaling,release,standard_hl_shared_origin_v1,bitbrains_rnd/5T/short,Granite-PatchTST-FM-r1,patchtstfm,granite-timeseries-patchtst-fm-r1,257.895552,257.895552,96,controlled,shared_origin_v1:Hmax=720,720,720,2048,controlled,7200,7920,2048,2048,256,256,100,[],merged,2,1000,185472,78410919.91535383,,100,,float32,native_horizon,96,,direct_full_horizon,2684203.2017770875,2684203.2017770875,166.44797694362222,0.5651901736756518,0.34229673819187617,0.5952158441536998,6.752466121741021,1638.353808484934,3.8753372348564477,0.3937135186401823,0.3681850546143602,0.5651901736756518,0.7043199277369718,0.802462278032721,-0.22007043064946524,0.3681850546143602,0.8704516141640497,0.4229816438079121,-0.8604264961306233,Web/CloudOps,2
bitbrains_rnd/5T/short|H=96|L=4096|Hsrc=controlled|Lsrc=controlled|origins=shared_origin_v1:Hmax=720,joint-scaling,release,standard_hl_shared_origin_v1,bitbrains_rnd/5T/short,Granite-PatchTST-FM-r1,patchtstfm,granite-timeseries-patchtst-fm-r1,257.895552,257.895552,96,controlled,shared_origin_v1:Hmax=720,720,720,4096,controlled,7200,7920,4096,4096,256,256,100,[],merged,2,1000,185472,78410919.91535383,,100,,float32,native_horizon,96,,direct_full_horizon,2920078.0381984883,2920078.0381984883,187.38586703788172,0.6066807819908698,0.37083264358823614,0.6019729814338551,6.7940385121206,1708.8235831116353,4.04202537030586,0.443239686114747,0.396118112833354,0.6066807819908698,0.7043199277369718,0.8613710305488257,-0.14922993758840514,0.396118112833354,0.8704516141640497,0.4550719493050416,-0.7872997421917204,Web/CloudOps,2
bitbrains_rnd/5T/short|H=96|L=6144|Hsrc=controlled|Lsrc=controlled|origins=shared_origin_v1:Hmax=720,joint-scaling-l6144,release,standard_hl_shared_origin_v1,bitbrains_rnd/5T/short,Granite-PatchTST-FM-r1,patchtstfm,granite-timeseries-patchtst-fm-r1,257.895552,257.895552,96,controlled,shared_origin_v1:Hmax=720,720,720,6144,controlled,7200,7920,6144,6144,256,256,100,[],merged,6,1000,185472,78410919.91535383,,100,,float32,native_horizon,96,,direct_full_horizon,2754952.0981949936,2754952.0981949936,173.85818484604482,0.47972761764091215,0.3160922488595716,0.6106768779873107,6.090172582373734,1659.8048373814897,3.9260771730665454,0.41124151195491193,0.375229109514632,0.47972761764091215,0.7043199277369718,0.6811217441799635,-0.3840142161527495,0.375229109514632,0.8704516141640497,0.43107405789003966,-0.8414753755880019,Web/CloudOps,2
bitbrains_rnd/5T/short|H=96|L=8192|Hsrc=controlled|Lsrc=controlled|origins=shared_origin_v1:Hmax=720,joint-scaling,release,standard_hl_shared_origin_v1,bitbrains_rnd/5T/short,Granite-PatchTST-FM-r1,patchtstfm,granite-timeseries-patchtst-fm-r1,257.895552,257.895552,96,controlled,shared_origin_v1:Hmax=720,720,720,8192,controlled,7200,7920,7200,7920,256,256,100,[],merged,2,1000,185472,78410919.91535383,,100,,float32,native_horizon,96,,direct_full_horizon,2805079.985840181,2805079.985840181,176.7056447957778,0.48416555929587785,0.3155198867334973,0.6195538654419535,6.177163109628654,1674.8373013042733,3.961634735096124,0.4179768505068253,0.37982471687042135,0.48416555929587785,0.7043199277369718,0.6874227751180276,-0.3748057828516227,0.37982471687042135,0.8704516141640497,0.43635362458968074,-0.8293022987963832,Web/CloudOps,2
bitbrains_rnd/5T/short|H=192|L=128|Hsrc=controlled|Lsrc=controlled|origins=shared_origin_v1:Hmax=720,joint-scaling,release,standard_hl_shared_origin_v1,bitbrains_rnd/5T/short,Granite-PatchTST-FM-r1,patchtstfm,granite-timeseries-patchtst-fm-r1,257.895552,257.895552,192,controlled,shared_origin_v1:Hmax=720,720,720,128,controlled,7200,7920,128,128,256,256,100,[],merged,2,1000,371492,142552570.1272524,,100,,float32,native_horizon,192,,direct_full_horizon,4015758.999374145,4015758.999374145,248.85627552628992,1.8814264072578881,1.7566163450677659,0.6361316695160999,51.464762976559705,2003.9358770614756,5.22225692722886,0.6485194579465445,0.5573734421145164,1.8814264072578881,1.4781188921497603,1.2728518776467037,0.24125995588988464,0.5573734421145164,0.882401511928171,0.6316551304366845,-0.4594117134614152,Web/CloudOps,2
bitbrains_rnd/5T/short|H=192|L=256|Hsrc=controlled|Lsrc=controlled|origins=shared_origin_v1:Hmax=720,joint-scaling,release,standard_hl_shared_origin_v1,bitbrains_rnd/5T/short,Granite-PatchTST-FM-r1,patchtstfm,granite-timeseries-patchtst-fm-r1,257.895552,257.895552,192,controlled,shared_origin_v1:Hmax=720,720,720,256,controlled,7200,7920,256,256,256,256,100,[],merged,2,1000,371492,142552570.1272524,,100,,float32,native_horizon,192,,direct_full_horizon,4032952.422375179,4032952.422375179,248.65298640768174,1.786528671537467,1.5468710565752404,0.6349632813004722,43.42205397619777,2008.2212085263861,5.233424501094006,0.6479896865002452,0.5338562437378502,1.786528671537467,1.4781188921497603,1.208650184383449,0.1895041868231808,0.5338562437378502,0.882401511928171,0.6050037726831401,-0.5025205851308374,Web/CloudOps,2
bitbrains_rnd/5T/short|H=192|L=512|Hsrc=controlled|Lsrc=controlled|origins=shared_origin_v1:Hmax=720,joint-scaling,release,standard_hl_shared_origin_v1,bitbrains_rnd/5T/short,Granite-PatchTST-FM-r1,patchtstfm,granite-timeseries-patchtst-fm-r1,257.895552,257.895552,192,controlled,shared_origin_v1:Hmax=720,720,720,512,controlled,7200,7920,512,512,256,256,100,[],merged,2,1000,371492,142552570.1272524,,100,,float32,native_horizon,192,,direct_full_horizon,3846574.675632315,3846574.675632315,235.34435265850274,1.4663706013164555,1.0105598637024007,0.6249897373294714,41.13785607668925,1961.2686393333054,5.111066105036288,0.6133073867399771,0.5143509094071766,1.4663706013164555,1.4781188921497603,0.9920518634220159,-0.007979891388484164,0.5143509094071766,0.882401511928171,0.582898943909613,-0.5397414457188362,Web/CloudOps,2
bitbrains_rnd/5T/short|H=192|L=1024|Hsrc=controlled|Lsrc=controlled|origins=shared_origin_v1:Hmax=720,joint-scaling,release,standard_hl_shared_origin_v1,bitbrains_rnd/5T/short,Granite-PatchTST-FM-r1,patchtstfm,granite-timeseries-patchtst-fm-r1,257.895552,257.895552,192,controlled,shared_origin_v1:Hmax=720,720,720,1024,controlled,7200,7920,1024,1024,256,256,100,[],merged,2,1000,371492,142552570.1272524,,100,,float32,native_horizon,192,,direct_full_horizon,3591654.7599248434,3591654.7599248434,224.88104603783526,1.4443253123319983,1.0772045602277256,0.6260172977311759,37.875016514191,1895.1661562841512,4.938803033167605,0.5860400095214874,0.47728886210963606,1.4443253123319983,1.4781188921497603,0.9771374413809075,-0.023127959882653294,0.47728886210963606,0.882401511928171,0.5408976023473634,-0.6145252928242061,Web/CloudOps,2
bitbrains_rnd/5T/short|H=192|L=2048|Hsrc=controlled|Lsrc=controlled|origins=shared_origin_v1:Hmax=720,joint-scaling,release,standard_hl_shared_origin_v1,bitbrains_rnd/5T/short,Granite-PatchTST-FM-r1,patchtstfm,granite-timeseries-patchtst-fm-r1,257.895552,257.895552,192,controlled,shared_origin_v1:Hmax=720,720,720,2048,controlled,7200,7920,2048,2048,256,256,100,[],merged,2,1000,371492,142552570.1272524,,100,,float32,native_horizon,192,,direct_full_horizon,3380825.501049821,3380825.501049821,210.5470661422386,1.3585037592437037,0.7218568585643914,0.62430113421857,37.1405753537251,1838.7021240673598,4.79165776432008,0.5486856576874828,0.4898408475640016,1.3585037592437037,1.4781188921497603,0.9190761084637179,-0.08438634344650502,0.4898408475640016,0.882401511928171,0.555122402831825,-0.5885666439093897,Web/CloudOps,2
bitbrains_rnd/5T/short|H=192|L=4096|Hsrc=controlled|Lsrc=controlled|origins=shared_origin_v1:Hmax=720,joint-scaling,release,standard_hl_shared_origin_v1,bitbrains_rnd/5T/short,Granite-PatchTST-FM-r1,patchtstfm,granite-timeseries-patchtst-fm-r1,257.895552,257.895552,192,controlled,shared_origin_v1:Hmax=720,720,720,4096,controlled,7200,7920,4096,4096,256,256,100,[],merged,2,1000,371492,142552570.1272524,,100,,float32,native_horizon,192,,direct_full_horizon,3334950.0542380456,3334950.0542380456,207.94584090135186,1.355281304750856,0.6375218716418668,0.6226261160233598,37.10991042723867,1826.1845619318015,4.759036997197384,0.5419068646687046,0.4875875250904008,1.355281304750856,1.4781188921497603,0.9168960033923587,-0.08676122276187104,0.4875875250904008,0.882401511928171,0.552568777930756,-0.5931773683952919,Web/CloudOps,2
bitbrains_rnd/5T/short|H=192|L=6144|Hsrc=controlled|Lsrc=controlled|origins=shared_origin_v1:Hmax=720,joint-scaling-l6144,release,standard_hl_shared_origin_v1,bitbrains_rnd/5T/short,Granite-PatchTST-FM-r1,patchtstfm,granite-timeseries-patchtst-fm-r1,257.895552,257.895552,192,controlled,shared_origin_v1:Hmax=720,720,720,6144,controlled,7200,7920,6144,6144,256,256,100,[],merged,6,1000,371492,142552570.1272524,,100,,float32,native_horizon,192,,direct_full_horizon,3259742.9648049283,3259742.9648049283,199.8199678093884,1.2577364413599155,0.5088461403256878,0.6288185704116778,36.35599284776213,1805.4758278096465,4.705070035748424,0.5207308392628843,0.47009417432426465,1.2577364413599155,1.4781188921497603,0.850903434114611,-0.1614566302731982,0.47009417432426465,0.882401511928171,0.5327440716834709,-0.629714135829809,Web/CloudOps,2
bitbrains_rnd/5T/short|H=192|L=8192|Hsrc=controlled|Lsrc=controlled|origins=shared_origin_v1:Hmax=720,joint-scaling,release,standard_hl_shared_origin_v1,bitbrains_rnd/5T/short,Granite-PatchTST-FM-r1,patchtstfm,granite-timeseries-patchtst-fm-r1,257.895552,257.895552,192,controlled,shared_origin_v1:Hmax=720,720,720,8192,controlled,7200,7920,7200,7920,256,256,100,[],merged,2,1000,371492,142552570.1272524,,100,,float32,native_horizon,192,,direct_full_horizon,3296540.280621117,3296540.280621117,201.4476416004584,1.2586146234499875,0.46102129413688425,0.6331332031965022,36.38333421783826,1815.6377063227997,4.731551891313977,0.524972557188085,0.47463558253016475,1.2586146234499875,1.4781188921497603,0.8514975555311872,-0.16075864966309525,0.47463558253016475,0.882401511928171,0.5378907176768312,-0.6200998664481724,Web/CloudOps,2
bitbrains_rnd/5T/short|H=336|L=128|Hsrc=controlled|Lsrc=controlled|origins=shared_origin_v1:Hmax=720,joint-scaling,release,standard_hl_shared_origin_v1,bitbrains_rnd/5T/short,Granite-PatchTST-FM-r1,patchtstfm,granite-timeseries-patchtst-fm-r1,257.895552,257.895552,336,controlled,shared_origin_v1:Hmax=720,720,720,128,controlled,7200,7920,128,128,256,256,100,[],merged,2,1000,651232,199613313.8158857,,100,,float32,native_horizon,336,,direct_full_horizon,4175293.3881627438,4175293.3881627438,254.78484669249974,1.4647432801149407,3.5305640777184717,0.6619717272415975,38.70196572336015,2043.3534662810407,6.666374797928106,0.8312273470610826,0.673730676756198,1.4647432801149407,1.2395395786277248,1.1816833486967278,0.1669399885901495,0.673730676756198,1.0477434277744575,0.6430302103514876,-0.44156357240887745,Web/CloudOps,2
bitbrains_rnd/5T/short|H=336|L=256|Hsrc=controlled|Lsrc=controlled|origins=shared_origin_v1:Hmax=720,joint-scaling,release,standard_hl_shared_origin_v1,bitbrains_rnd/5T/short,Granite-PatchTST-FM-r1,patchtstfm,granite-timeseries-patchtst-fm-r1,257.895552,257.895552,336,controlled,shared_origin_v1:Hmax=720,720,720,256,controlled,7200,7920,256,256,256,256,100,[],merged,2,1000,651232,199613313.8158857,,100,,float32,native_horizon,336,,direct_full_horizon,3869431.438366051,3869431.438366051,243.02007713840842,1.4644812098558517,2.775780005455035,0.659745202170655,33.207023965368094,1967.0870439220657,6.417558054113659,0.7928451657336552,0.6335338239729076,1.4644812098558517,1.2395395786277248,1.1814719232097102,0.16676105368045893,0.6335338239729076,1.0477434277744575,0.6046650422027607,-0.5030806235232708,Web/CloudOps,2
bitbrains_rnd/5T/short|H=336|L=512|Hsrc=controlled|Lsrc=controlled|origins=shared_origin_v1:Hmax=720,joint-scaling,release,standard_hl_shared_origin_v1,bitbrains_rnd/5T/short,Granite-PatchTST-FM-r1,patchtstfm,granite-timeseries-patchtst-fm-r1,257.895552,257.895552,336,controlled,shared_origin_v1:Hmax=720,720,720,512,controlled,7200,7920,512,512,256,256,100,[],merged,2,1000,651232,199613313.8158857,,100,,float32,native_horizon,336,,direct_full_horizon,3718283.5988357454,3718283.5988357454,235.26445387837975,1.2560390794808456,2.439633938477563,0.6559433176542342,30.63773357279876,1928.2851445872172,6.290968108660727,0.7675426949198418,0.6157754507193935,1.2560390794808456,1.2395395786277248,1.013310991546867,0.013223178691372194,0.6157754507193935,1.0477434277744575,0.587715880048401,-0.5315116450574916,Web/CloudOps,2
bitbrains_rnd/5T/short|H=336|L=1024|Hsrc=controlled|Lsrc=controlled|origins=shared_origin_v1:Hmax=720,joint-scaling,release,standard_hl_shared_origin_v1,bitbrains_rnd/5T/short,Granite-PatchTST-FM-r1,patchtstfm,granite-timeseries-patchtst-fm-r1,257.895552,257.895552,336,controlled,shared_origin_v1:Hmax=720,720,720,1024,controlled,7200,7920,1024,1024,256,256,100,[],merged,2,1000,651232,199613313.8158857,,100,,float32,native_horizon,336,,direct_full_horizon,2768043.202015564,2768043.202015564,196.52856381731087,1.1779930813106243,1.6232140548244658,0.6569782410972588,27.50281678106337,1663.7437308719043,5.427910276278103,0.6411681025942148,0.5448229070485017,1.1779930813106243,1.2395395786277248,0.9503472915441412,-0.05092779114553489,0.5448229070485017,1.0477434277744575,0.5199964920856397,-0.6539332134185727,Web/CloudOps,2
bitbrains_rnd/5T/short|H=336|L=2048|Hsrc=controlled|Lsrc=controlled|origins=shared_origin_v1:Hmax=720,joint-scaling,release,standard_hl_shared_origin_v1,bitbrains_rnd/5T/short,Granite-PatchTST-FM-r1,patchtstfm,granite-timeseries-patchtst-fm-r1,257.895552,257.895552,336,controlled,shared_origin_v1:Hmax=720,720,720,2048,controlled,7200,7920,2048,2048,256,256,100,[],merged,2,1000,651232,199613313.8158857,,100,,float32,native_horizon,336,,direct_full_horizon,2483790.4071482974,2483790.4071482974,174.1069437067934,1.0957108689954336,1.1144403076584684,0.6531132410377561,26.496280734300683,1576.0045707891513,5.141664095566363,0.5680182899455433,0.5430555657415339,1.0957108689954336,1.2395395786277248,0.8839660208417696,-0.12333665504505013,0.5430555657415339,1.0477434277744575,0.5183096847431953,-0.6571823683673872,Web/CloudOps,2
bitbrains_rnd/5T/short|H=336|L=4096|Hsrc=controlled|Lsrc=controlled|origins=shared_origin_v1:Hmax=720,joint-scaling,release,standard_hl_shared_origin_v1,bitbrains_rnd/5T/short,Granite-PatchTST-FM-r1,patchtstfm,granite-timeseries-patchtst-fm-r1,257.895552,257.895552,336,controlled,shared_origin_v1:Hmax=720,720,720,4096,controlled,7200,7920,4096,4096,256,256,100,[],merged,2,1000,651232,199613313.8158857,,100,,float32,native_horizon,336,,direct_full_horizon,2567197.7622191478,2567197.7622191478,179.4811840288868,1.0788102409384002,1.1219247234839342,0.6551519010314296,26.547502643285252,1602.2477218642402,5.227281529765645,0.5855515757095663,0.5387030073450615,1.0788102409384002,1.2395395786277248,0.8703314194555485,-0.1388811979705233,0.5387030073450615,1.0477434277744575,0.5141554631264414,-0.6652296018135653,Web/CloudOps,2
bitbrains_rnd/5T/short|H=336|L=6144|Hsrc=controlled|Lsrc=controlled|origins=shared_origin_v1:Hmax=720,joint-scaling-l6144,release,standard_hl_shared_origin_v1,bitbrains_rnd/5T/short,Granite-PatchTST-FM-r1,patchtstfm,granite-timeseries-patchtst-fm-r1,257.895552,257.895552,336,controlled,shared_origin_v1:Hmax=720,720,720,6144,controlled,7200,7920,6144,6144,256,256,100,[],merged,6,1000,651232,199613313.8158857,,100,,float32,native_horizon,336,,direct_full_horizon,2488247.1053794962,2488247.1053794962,172.96564078798434,1.012120405425071,1.0161212428664914,0.6644970474591813,25.630827217348045,1577.417860105399,5.146274906390572,0.564294825973058,0.5215111850338061,1.012120405425071,1.2395395786277248,0.816529316914248,-0.2026924616261916,0.5215111850338061,1.0477434277744575,0.4977470353992707,-0.6976632920590428,Web/CloudOps,2
bitbrains_rnd/5T/short|H=336|L=8192|Hsrc=controlled|Lsrc=controlled|origins=shared_origin_v1:Hmax=720,joint-scaling,release,standard_hl_shared_origin_v1,bitbrains_rnd/5T/short,Granite-PatchTST-FM-r1,patchtstfm,granite-timeseries-patchtst-fm-r1,257.895552,257.895552,336,controlled,shared_origin_v1:Hmax=720,720,720,8192,controlled,7200,7920,7200,7856,256,256,100,[],merged,2,1000,651232,199613313.8158857,,100,,float32,native_horizon,336,,direct_full_horizon,2525189.2334782383,2525189.2334782383,171.87201282530648,1.0118004227227155,0.9356750736840076,0.6587951399232531,25.63147010754363,1589.0844009926718,5.184336619859786,0.5607269000077211,0.51385262261371,1.0118004227227155,1.2395395786277248,0.8162711704961162,-0.20300866243856652,0.51385262261371,1.0477434277744575,0.4904374572935279,-0.7124575161727659,Web/CloudOps,2
bitbrains_rnd/5T/short|H=720|L=128|Hsrc=controlled|Lsrc=controlled|origins=shared_origin_v1:Hmax=720,joint-scaling,release,standard_hl_shared_origin_v1,bitbrains_rnd/5T/short,Granite-PatchTST-FM-r1,patchtstfm,granite-timeseries-patchtst-fm-r1,257.895552,257.895552,720,controlled,shared_origin_v1:Hmax=720,720,720,128,controlled,7200,7920,128,128,256,256,100,[],merged,2,1000,1403896,366478349.169548,,100,,float32,native_horizon,720,,direct_full_horizon,3951693.340580784,3951693.340580784,258.32969740992206,3.9136760247508797,4.468085789793831,0.7157762832414224,128.2546813692099,1987.8866518443108,7.6151459569211495,0.9896028774873541,0.7579911238955749,3.9136760247508797,3.5012579045235244,1.117791414249868,0.11135478688807736,0.7579911238955749,1.1752204699604023,0.6449778090753597,-0.4385393673125401,Web/CloudOps,2
bitbrains_rnd/5T/short|H=720|L=256|Hsrc=controlled|Lsrc=controlled|origins=shared_origin_v1:Hmax=720,joint-scaling,release,standard_hl_shared_origin_v1,bitbrains_rnd/5T/short,Granite-PatchTST-FM-r1,patchtstfm,granite-timeseries-patchtst-fm-r1,257.895552,257.895552,720,controlled,shared_origin_v1:Hmax=720,720,720,256,controlled,7200,7920,256,256,256,256,100,[],merged,2,1000,1403896,366478349.169548,,100,,float32,native_horizon,720,,direct_full_horizon,3898213.8109019473,3898213.8109019473,249.9072216709785,3.8030127011802275,3.7857388243838885,0.7158626389080815,123.39401443897749,1974.389478016419,7.563441324461359,0.957338270241676,0.7290156074236902,3.8030127011802275,3.5012579045235244,1.0861846813017815,0.08267126350109774,0.7290156074236902,1.1752204699604023,0.6203224212459927,-0.47751590184622916,Web/CloudOps,2
bitbrains_rnd/5T/short|H=720|L=512|Hsrc=controlled|Lsrc=controlled|origins=shared_origin_v1:Hmax=720,joint-scaling,release,standard_hl_shared_origin_v1,bitbrains_rnd/5T/short,Granite-PatchTST-FM-r1,patchtstfm,granite-timeseries-patchtst-fm-r1,257.895552,257.895552,720,controlled,shared_origin_v1:Hmax=720,720,720,512,controlled,7200,7920,512,512,256,256,100,[],merged,2,1000,1403896,366478349.169548,,100,,float32,native_horizon,720,,direct_full_horizon,3134181.6229435797,3134181.6229435797,220.57489132029724,3.603931454404516,2.8544641459576137,0.7130699863540462,119.92756834188589,1770.3620033607758,6.781858029818644,0.844972720289505,0.6867920805215844,3.603931454404516,3.5012579045235244,1.0293247606091342,0.02890301503596999,0.6867920805215844,1.1752204699604023,0.5843942460810991,-0.5371794450111833,Web/CloudOps,2
bitbrains_rnd/5T/short|H=720|L=1024|Hsrc=controlled|Lsrc=controlled|origins=shared_origin_v1:Hmax=720,joint-scaling,release,standard_hl_shared_origin_v1,bitbrains_rnd/5T/short,Granite-PatchTST-FM-r1,patchtstfm,granite-timeseries-patchtst-fm-r1,257.895552,257.895552,720,controlled,shared_origin_v1:Hmax=720,720,720,1024,controlled,7200,7920,1024,1024,256,256,100,[],merged,2,1000,1403896,366478349.169548,,100,,float32,native_horizon,720,,direct_full_horizon,2307625.6307276324,2307625.6307276324,185.06174778527043,3.538482747337557,1.9869865954743013,0.7142172568338395,116.98104935257417,1519.0871043911973,5.819280495939303,0.7089298673645585,0.6307361643628564,3.538482747337557,3.5012579045235244,1.0106318482754266,0.010575727603753792,0.6307361643628564,1.1752204699604023,0.5366960331997181,-0.6223233909209142,Web/CloudOps,2
bitbrains_rnd/5T/short|H=720|L=2048|Hsrc=controlled|Lsrc=controlled|origins=shared_origin_v1:Hmax=720,joint-scaling,release,standard_hl_shared_origin_v1,bitbrains_rnd/5T/short,Granite-PatchTST-FM-r1,patchtstfm,granite-timeseries-patchtst-fm-r1,257.895552,257.895552,720,controlled,shared_origin_v1:Hmax=720,720,720,2048,controlled,7200,7920,2048,2048,256,256,100,[],merged,2,1000,1403896,366478349.169548,,100,,float32,native_horizon,720,,direct_full_horizon,2251501.4848664002,2251501.4848664002,178.47067586826233,3.378868317102247,1.9056997268955866,0.711579936521295,115.8370246466013,1500.5004114849153,5.748079062393537,0.6836809556049198,0.6389425596290048,3.378868317102247,3.5012579045235244,0.9650441096432361,-0.03558146921294132,0.6389425596290048,1.1752204699604023,0.5436788891624167,-0.6093964836833811,Web/CloudOps,2
bitbrains_rnd/5T/short|H=720|L=4096|Hsrc=controlled|Lsrc=controlled|origins=shared_origin_v1:Hmax=720,joint-scaling,release,standard_hl_shared_origin_v1,bitbrains_rnd/5T/short,Granite-PatchTST-FM-r1,patchtstfm,granite-timeseries-patchtst-fm-r1,257.895552,257.895552,720,controlled,shared_origin_v1:Hmax=720,720,720,4096,controlled,7200,7920,4096,4096,256,256,100,[],merged,2,1000,1403896,366478349.169548,,100,,float32,native_horizon,720,,direct_full_horizon,2536220.5643715775,2536220.5643715775,198.02735483522284,3.3502628616971393,2.4538850743571263,0.71368225014531,115.83673534770783,1592.5515892339492,6.10070638820964,0.7585981872427918,0.6694476127819465,3.3502628616971393,3.5012579045235244,0.956874058711498,-0.044083496281713326,0.6694476127819465,1.1752204699604023,0.569635766133739,-0.5627581291883064,Web/CloudOps,2
bitbrains_rnd/5T/short|H=720|L=6144|Hsrc=controlled|Lsrc=controlled|origins=shared_origin_v1:Hmax=720,joint-scaling-l6144,release,standard_hl_shared_origin_v1,bitbrains_rnd/5T/short,Granite-PatchTST-FM-r1,patchtstfm,granite-timeseries-patchtst-fm-r1,257.895552,257.895552,720,controlled,shared_origin_v1:Hmax=720,720,720,6144,controlled,7200,7920,6144,6144,256,256,100,[],merged,6,1000,1403896,366478349.169548,,100,,float32,native_horizon,720,,direct_full_horizon,2504140.477233534,2504140.477233534,199.70875925371251,3.299151428943305,2.486113577119715,0.7197084989290518,114.7592181172029,1582.447622271756,6.062000366873049,0.7650392688042238,0.6807330721159219,3.299151428943305,3.5012579045235244,0.9422760387576409,-0.05945701255751213,0.6807330721159219,1.1752204699604023,0.579238610555225,-0.5460407782622253,Web/CloudOps,2
bitbrains_rnd/5T/short|H=720|L=8192|Hsrc=controlled|Lsrc=controlled|origins=shared_origin_v1:Hmax=720,joint-scaling,release,standard_hl_shared_origin_v1,bitbrains_rnd/5T/short,Granite-PatchTST-FM-r1,patchtstfm,granite-timeseries-patchtst-fm-r1,257.895552,257.895552,720,controlled,shared_origin_v1:Hmax=720,720,720,8192,controlled,7200,7920,7200,7472,256,256,100,[],merged,2,1000,1403896,366478349.169548,,100,,float32,native_horizon,720,,direct_full_horizon,2706685.883489945,2706685.883489945,203.31584154916033,3.3024419725931486,2.5544317394895164,0.7159744761186014,114.91563256049835,1645.2008641773639,6.30239390034631,0.7788571885196043,0.668327249711889,3.3024419725931486,3.5012579045235244,0.9432158563145231,-0.05846011871016033,0.668327249711889,1.1752204699604023,0.568682444524139,-0.5644330946304009,Web/CloudOps,2
bizitobs_l2c/5T/short|H=48|L=128|Hsrc=controlled|Lsrc=controlled|origins=shared_origin_v1:Hmax=720,joint-scaling,release,standard_hl_shared_origin_v1,bizitobs_l2c/5T/short,Granite-PatchTST-FM-r1,patchtstfm,granite-timeseries-patchtst-fm-r1,257.895552,257.895552,48,controlled,shared_origin_v1:Hmax=720,720,720,128,controlled,28368,31248,128,128,256,256,100,[],merged,2,7,1680,27004.650024414062,,100,,float32,native_horizon,48,,direct_full_horizon,11.301519194103422,11.301519194103422,1.7337587629045759,0.162431892382974,0.1744649296715146,0.8724193028041295,1.9710744344719924,3.361773221694679,0.20914098154729202,0.10785974708231334,0.09117765044532196,0.162431892382974,0.6625521029117435,0.24516093401428846,-1.4058404105566877,0.09117765044532196,0.3954327593876954,0.23057687629751578,-1.4671709524218566,Web/CloudOps,7
bizitobs_l2c/5T/short|H=48|L=256|Hsrc=controlled|Lsrc=controlled|origins=shared_origin_v1:Hmax=720,joint-scaling,release,standard_hl_shared_origin_v1,bizitobs_l2c/5T/short,Granite-PatchTST-FM-r1,patchtstfm,granite-timeseries-patchtst-fm-r1,257.895552,257.895552,48,controlled,shared_origin_v1:Hmax=720,720,720,256,controlled,28368,31248,256,256,256,256,100,[],merged,2,7,1680,27004.650024414062,,100,,float32,native_horizon,48,,direct_full_horizon,10.328559802827382,10.328559802827382,1.680878412155878,0.15914751429709395,0.17005668704051402,0.8711500621977306,1.8039321018913397,3.213807679813368,0.1999358220604678,0.10456998072068688,0.0866422777470844,0.15914751429709395,0.6625521029117435,0.24020377204703175,-1.4262676656834048,0.0866422777470844,0.3954327593876954,0.21910748588772697,-1.5181928664297968,Web/CloudOps,7
bizitobs_l2c/5T/short|H=48|L=512|Hsrc=controlled|Lsrc=controlled|origins=shared_origin_v1:Hmax=720,joint-scaling,release,standard_hl_shared_origin_v1,bizitobs_l2c/5T/short,Granite-PatchTST-FM-r1,patchtstfm,granite-timeseries-patchtst-fm-r1,257.895552,257.895552,48,controlled,shared_origin_v1:Hmax=720,720,720,512,controlled,28368,31248,512,512,256,256,100,[],merged,2,7,1680,27004.650024414062,,100,,float32,native_horizon,48,,direct_full_horizon,8.053196207682292,8.053196207682292,1.5448200044177827,0.15109559394155775,0.16460020622038127,0.8668745495024182,1.841981880876237,2.8378153935170434,0.1765447749479611,0.09610558200441581,0.0777196028378721,0.15109559394155775,0.6625521029117435,0.22805088577567267,-1.478186491702733,0.0777196028378721,0.3954327593876954,0.19654315681436305,-1.6268732442334113,Web/CloudOps,7
bizitobs_l2c/5T/short|H=48|L=1024|Hsrc=controlled|Lsrc=controlled|origins=shared_origin_v1:Hmax=720,joint-scaling,release,standard_hl_shared_origin_v1,bizitobs_l2c/5T/short,Granite-PatchTST-FM-r1,patchtstfm,granite-timeseries-patchtst-fm-r1,257.895552,257.895552,48,controlled,shared_origin_v1:Hmax=720,720,720,1024,controlled,28368,31248,1024,1024,256,256,100,[],merged,2,7,1680,27004.650024414062,,100,,float32,native_horizon,48,,direct_full_horizon,8.477035086495535,8.477035086495535,1.6004361107235863,0.1533300724180688,0.16727790378388904,0.8660762968517485,1.9728751629548538,2.9115348334676567,0.18113097247338958,0.09956554384466473,0.08178687100890863,0.1533300724180688,0.6625521029117435,0.23142341824020055,-1.4635062669222618,0.08178687100890863,0.3954327593876954,0.20682876941088757,-1.5758640289498214,Web/CloudOps,7
bizitobs_l2c/5T/short|H=48|L=2048|Hsrc=controlled|Lsrc=controlled|origins=shared_origin_v1:Hmax=720,joint-scaling,release,standard_hl_shared_origin_v1,bizitobs_l2c/5T/short,Granite-PatchTST-FM-r1,patchtstfm,granite-timeseries-patchtst-fm-r1,257.895552,257.895552,48,controlled,shared_origin_v1:Hmax=720,720,720,2048,controlled,28368,31248,2048,2048,256,256,100,[],merged,2,7,1680,27004.650024414062,,100,,float32,native_horizon,48,,direct_full_horizon,7.957948521205357,7.957948521205357,1.5507161458333334,0.14334233753525827,0.16068671283688285,0.8601332891555059,1.5479401450929835,2.8209836088154354,0.17549764423998537,0.09647238985303334,0.07831540607278545,0.14334233753525827,0.6625521029117435,0.2163487775607475,-1.530863462612635,0.07831540607278545,0.3954327593876954,0.1980498686908295,-1.6192364179246332,Web/CloudOps,7
bizitobs_l2c/5T/short|H=48|L=4096|Hsrc=controlled|Lsrc=controlled|origins=shared_origin_v1:Hmax=720,joint-scaling,release,standard_hl_shared_origin_v1,bizitobs_l2c/5T/short,Granite-PatchTST-FM-r1,patchtstfm,granite-timeseries-patchtst-fm-r1,257.895552,257.895552,48,controlled,shared_origin_v1:Hmax=720,720,720,4096,controlled,28368,31248,4096,4096,256,256,100,[],merged,2,7,1680,27004.650024414062,,100,,float32,native_horizon,48,,direct_full_horizon,7.547525460379465,7.547525460379465,1.5144135248093378,0.14360680212340318,0.15571962967120784,0.8572552635556175,1.5813452321019923,2.7472760073169686,0.17091218320251683,0.09421394905616412,0.07618653728933371,0.14360680212340318,0.6625521029117435,0.21674793799957587,-1.529020176632823,0.07618653728933371,0.3954327593876954,0.19266622575050213,-1.6467959874726914,Web/CloudOps,7
bizitobs_l2c/5T/short|H=48|L=6144|Hsrc=controlled|Lsrc=controlled|origins=shared_origin_v1:Hmax=720,joint-scaling-l6144,release,standard_hl_shared_origin_v1,bizitobs_l2c/5T/short,Granite-PatchTST-FM-r1,patchtstfm,granite-timeseries-patchtst-fm-r1,257.895552,257.895552,48,controlled,shared_origin_v1:Hmax=720,720,720,6144,controlled,28368,31248,6144,6144,256,256,100,[],merged,6,7,1680,27004.650024414062,,100,,float32,native_horizon,48,,direct_full_horizon,6.58429008665539,6.58429008665539,1.4432529676528203,0.13692055807195275,0.15153209016140026,0.8584410985310872,1.692641906362137,2.5659871563699204,0.15963393040843532,0.08978694348805388,0.07301555824984335,0.13692055807195275,0.6625521029117435,0.20665628781528675,-1.5766983111208008,0.07301555824984335,0.3954327593876954,0.18464721628755212,-1.6893082134129511,Web/CloudOps,7
bizitobs_l2c/5T/short|H=48|L=8192|Hsrc=controlled|Lsrc=controlled|origins=shared_origin_v1:Hmax=720,joint-scaling,release,standard_hl_shared_origin_v1,bizitobs_l2c/5T/short,Granite-PatchTST-FM-r1,patchtstfm,granite-timeseries-patchtst-fm-r1,257.895552,257.895552,48,controlled,shared_origin_v1:Hmax=720,720,720,8192,controlled,28368,31248,8064,8064,256,256,100,[],merged,2,7,1680,27004.650024414062,,100,,float32,native_horizon,48,,direct_full_horizon,6.738835216703869,6.738835216703869,1.4509974888392858,0.13684187666446146,0.15226738120723232,0.856559826078869,1.6502010217427159,2.595926658575675,0.16149651198828155,0.09026874182950616,0.0733999398361834,0.13684187666446146,0.6625521029117435,0.2065375327662189,-1.5772731263596667,0.0733999398361834,0.3954327593876954,0.18561926925285333,-1.6840576426136462,Web/CloudOps,7
bizitobs_l2c/5T/short|H=96|L=128|Hsrc=controlled|Lsrc=controlled|origins=shared_origin_v1:Hmax=720,joint-scaling,release,standard_hl_shared_origin_v1,bizitobs_l2c/5T/short,Granite-PatchTST-FM-r1,patchtstfm,granite-timeseries-patchtst-fm-r1,257.895552,257.895552,96,controlled,shared_origin_v1:Hmax=720,720,720,128,controlled,28368,31248,128,128,256,256,100,[],merged,2,7,3360,51878.349986076355,,100,,float32,native_horizon,96,,direct_full_horizon,38.029564267113095,38.029564267113095,3.2619994390578495,0.32293474911555153,0.3486583492527184,0.9354983738490513,4.642782251189861,6.166811515452138,0.3994052759480662,0.21126959739806717,0.18304994417030807,0.32293474911555153,0.6910206422486538,0.46733010473419134,-0.7607194086369408,0.18304994417030807,0.4076755597141003,0.44900887435753956,-0.8007126267190785,Web/CloudOps,7
bizitobs_l2c/5T/short|H=96|L=256|Hsrc=controlled|Lsrc=controlled|origins=shared_origin_v1:Hmax=720,joint-scaling,release,standard_hl_shared_origin_v1,bizitobs_l2c/5T/short,Granite-PatchTST-FM-r1,patchtstfm,granite-timeseries-patchtst-fm-r1,257.895552,257.895552,96,controlled,shared_origin_v1:Hmax=720,720,720,256,controlled,28368,31248,256,256,256,256,100,[],merged,2,7,3360,51878.349986076355,,100,,float32,native_horizon,96,,direct_full_horizon,34.69269438244048,34.69269438244048,3.2045581635974703,0.31666568778119136,0.3411607061035907,0.9335863385881696,4.307792609114115,5.890050456697335,0.38148031962879775,0.20754930395005514,0.17672850279200117,0.31666568778119136,0.6910206422486538,0.458257928085517,-0.7803230916252539,0.17672850279200117,0.4076755597141003,0.43350281512077765,-0.8358569888477295,Web/CloudOps,7
bizitobs_l2c/5T/short|H=96|L=512|Hsrc=controlled|Lsrc=controlled|origins=shared_origin_v1:Hmax=720,joint-scaling,release,standard_hl_shared_origin_v1,bizitobs_l2c/5T/short,Granite-PatchTST-FM-r1,patchtstfm,granite-timeseries-patchtst-fm-r1,257.895552,257.895552,96,controlled,shared_origin_v1:Hmax=720,720,720,512,controlled,28368,31248,512,512,256,256,100,[],merged,2,7,3360,51878.349986076355,,100,,float32,native_horizon,96,,direct_full_horizon,25.971078636532738,25.971078636532738,2.901063900902158,0.2831506161952627,0.3101354581514091,0.9219543820335752,3.8922372801258445,5.096182751484952,0.33006396790925563,0.1878929208359056,0.15076157753298103,0.2831506161952627,0.6910206422486538,0.4097571025864884,-0.8921907275572677,0.15076157753298103,0.4076755597141003,0.36980774034800845,-0.9947720290745363,Web/CloudOps,7
bizitobs_l2c/5T/short|H=96|L=1024|Hsrc=controlled|Lsrc=controlled|origins=shared_origin_v1:Hmax=720,joint-scaling,release,standard_hl_shared_origin_v1,bizitobs_l2c/5T/short,Granite-PatchTST-FM-r1,patchtstfm,granite-timeseries-patchtst-fm-r1,257.895552,257.895552,96,controlled,shared_origin_v1:Hmax=720,720,720,1024,controlled,28368,31248,1024,1024,256,256,100,[],merged,2,7,3360,51878.349986076355,,100,,float32,native_horizon,96,,direct_full_horizon,29.540513392857143,29.540513392857143,3.0928354899088544,0.3040397402498727,0.3258804898665111,0.9255257742745536,3.999265558745405,5.435118526109356,0.35201578794677896,0.2003133725124805,0.16229243308662353,0.3040397402498727,0.6910206422486538,0.43998648037560123,-0.8210112789609844,0.16229243308662353,0.4076755597141003,0.3980921328726155,-0.9210718108576021,Web/CloudOps,7
bizitobs_l2c/5T/short|H=96|L=2048|Hsrc=controlled|Lsrc=controlled|origins=shared_origin_v1:Hmax=720,joint-scaling,release,standard_hl_shared_origin_v1,bizitobs_l2c/5T/short,Granite-PatchTST-FM-r1,patchtstfm,granite-timeseries-patchtst-fm-r1,257.895552,257.895552,96,controlled,shared_origin_v1:Hmax=720,720,720,2048,controlled,28368,31248,2048,2048,256,256,100,[],merged,2,7,3360,51878.349986076355,,100,,float32,native_horizon,96,,direct_full_horizon,25.481673177083334,25.481673177083334,2.8752207438151043,0.2827888023792609,0.3088831512426216,0.9140029543922061,2.8504885493734338,5.047937517153252,0.3269392735541341,0.18621913961819525,0.1470091801213282,0.2827888023792609,0.6910206422486538,0.40923350923213586,-0.8934693586383371,0.1470091801213282,0.4076755597141003,0.36060336858168435,-1.019976626654544,Web/CloudOps,7
bizitobs_l2c/5T/short|H=96|L=4096|Hsrc=controlled|Lsrc=controlled|origins=shared_origin_v1:Hmax=720,joint-scaling,release,standard_hl_shared_origin_v1,bizitobs_l2c/5T/short,Granite-PatchTST-FM-r1,patchtstfm,granite-timeseries-patchtst-fm-r1,257.895552,257.895552,96,controlled,shared_origin_v1:Hmax=720,720,720,4096,controlled,28368,31248,4096,4096,256,256,100,[],merged,2,7,3360,51878.349986076355,,100,,float32,native_horizon,96,,direct_full_horizon,25.233218238467263,25.233218238467263,2.857246762230283,0.2835929074257909,0.3071509908233525,0.9105259486607142,2.9967706266372005,5.023267685328671,0.3253414849784982,0.1850550205176223,0.14443426509029736,0.2835929074257909,0.6910206422486538,0.410397157605813,-0.8906299110613232,0.14443426509029736,0.4076755597141003,0.3542872797956983,-1.0376471701100045,Web/CloudOps,7
bizitobs_l2c/5T/short|H=96|L=6144|Hsrc=controlled|Lsrc=controlled|origins=shared_origin_v1:Hmax=720,joint-scaling-l6144,release,standard_hl_shared_origin_v1,bizitobs_l2c/5T/short,Granite-PatchTST-FM-r1,patchtstfm,granite-timeseries-patchtst-fm-r1,257.895552,257.895552,96,controlled,shared_origin_v1:Hmax=720,720,720,6144,controlled,28368,31248,6144,6144,256,256,100,[],merged,6,7,3360,51878.349986076355,,100,,float32,native_horizon,96,,direct_full_horizon,18.06455339704241,18.06455339704241,2.5034253801618305,0.25297868084784164,0.2847560703957593,0.9011118389311291,2.5296612837532115,4.250241569257259,0.27527497841656917,0.16213910580427707,0.1279252284795722,0.25297868084784164,0.6910206422486538,0.36609424578782834,-1.0048644765762234,0.1279252284795722,0.4076755597141003,0.3137917528568187,-1.1590257205555978,Web/CloudOps,7
bizitobs_l2c/5T/short|H=96|L=8192|Hsrc=controlled|Lsrc=controlled|origins=shared_origin_v1:Hmax=720,joint-scaling,release,standard_hl_shared_origin_v1,bizitobs_l2c/5T/short,Granite-PatchTST-FM-r1,patchtstfm,granite-timeseries-patchtst-fm-r1,257.895552,257.895552,96,controlled,shared_origin_v1:Hmax=720,720,720,8192,controlled,28368,31248,8064,8064,256,256,100,[],merged,2,7,3360,51878.349986076355,,100,,float32,native_horizon,96,,direct_full_horizon,17.944322567894346,17.944322567894346,2.4485133579799108,0.24577809773888545,0.27432601410349045,0.8940503438313802,2.8138782379019274,4.236073956849,0.27435738605473564,0.15858262425502254,0.12583755990446896,0.24577809773888545,0.6910206422486538,0.35567403158767835,-1.0337406091935954,0.12583755990446896,0.4076755597141003,0.30867084598526795,-1.1754797931866556,Web/CloudOps,7
bizitobs_l2c/5T/short|H=192|L=128|Hsrc=controlled|Lsrc=controlled|origins=shared_origin_v1:Hmax=720,joint-scaling,release,standard_hl_shared_origin_v1,bizitobs_l2c/5T/short,Granite-PatchTST-FM-r1,patchtstfm,granite-timeseries-patchtst-fm-r1,257.895552,257.895552,192,controlled,shared_origin_v1:Hmax=720,720,720,128,controlled,28368,31248,128,128,256,256,100,[],merged,2,7,6720,96848.35990285873,,100,,float32,native_horizon,192,,direct_full_horizon,142.1927455357143,142.1927455357143,6.428630138578869,0.6080090478508777,0.8397822490240124,1.0650610424223401,10.843362225388397,11.924459968305245,0.8274003924009241,0.44606222113189165,0.39191240921852466,0.6080090478508777,0.7391127356907388,0.8226201748271352,-0.195260697803199,0.39191240921852466,0.4569876225288572,0.8575996151707078,-0.15361793739388604,Web/CloudOps,7
bizitobs_l2c/5T/short|H=192|L=256|Hsrc=controlled|Lsrc=controlled|origins=shared_origin_v1:Hmax=720,joint-scaling,release,standard_hl_shared_origin_v1,bizitobs_l2c/5T/short,Granite-PatchTST-FM-r1,patchtstfm,granite-timeseries-patchtst-fm-r1,257.895552,257.895552,192,controlled,shared_origin_v1:Hmax=720,720,720,256,controlled,28368,31248,256,256,256,256,100,[],merged,2,7,6720,96848.35990285873,,100,,float32,native_horizon,192,,direct_full_horizon,134.2329334077381,134.2329334077381,6.317747279575893,0.602637064275601,0.8677473341600248,1.0635718936011904,10.410778625771927,11.585893725032097,0.8039083564275984,0.43836841182786845,0.38649131378359686,0.602637064275601,0.7391127356907388,0.8153520230068906,-0.20413532892641045,0.38649131378359686,0.4569876225288572,0.8457369406305775,-0.16754691261041116,Web/CloudOps,7
bizitobs_l2c/5T/short|H=192|L=512|Hsrc=controlled|Lsrc=controlled|origins=shared_origin_v1:Hmax=720,joint-scaling,release,standard_hl_shared_origin_v1,bizitobs_l2c/5T/short,Granite-PatchTST-FM-r1,patchtstfm,granite-timeseries-patchtst-fm-r1,257.895552,257.895552,192,controlled,shared_origin_v1:Hmax=720,720,720,512,controlled,28368,31248,512,512,256,256,100,[],merged,2,7,6720,96848.35990285873,,100,,float32,native_horizon,192,,direct_full_horizon,93.01864769345238,93.01864769345238,5.678448486328125,0.5322691259764077,0.7323387593829945,1.0559222266787573,7.4078456277221365,9.644617550398376,0.6692093702328561,0.3940094996590503,0.3270479330055347,0.5322691259764077,0.7391127356907388,0.720146061992796,-0.328301223667247,0.3270479330055347,0.4569876225288572,0.7156603743351555,-0.3345495620758531,Web/CloudOps,7
bizitobs_l2c/5T/short|H=192|L=1024|Hsrc=controlled|Lsrc=controlled|origins=shared_origin_v1:Hmax=720,joint-scaling,release,standard_hl_shared_origin_v1,bizitobs_l2c/5T/short,Granite-PatchTST-FM-r1,patchtstfm,granite-timeseries-patchtst-fm-r1,257.895552,257.895552,192,controlled,shared_origin_v1:Hmax=720,720,720,1024,controlled,28368,31248,1024,1024,256,256,100,[],merged,2,7,6720,96848.35990285873,,100,,float32,native_horizon,192,,direct_full_horizon,106.83731398809523,106.83731398809523,6.146035621279762,0.5739094107006584,0.8031588934078318,1.063605244954427,7.21866160903687,10.336213716254866,0.7171970309347739,0.42645388539802087,0.34911652670645477,0.5739094107006584,0.7391127356907388,0.7764842668612801,-0.25297889820680336,0.34911652670645477,0.4569876225288572,0.7639518216588224,-0.269250552460015,Web/CloudOps,7
bizitobs_l2c/5T/short|H=192|L=2048|Hsrc=controlled|Lsrc=controlled|origins=shared_origin_v1:Hmax=720,joint-scaling,release,standard_hl_shared_origin_v1,bizitobs_l2c/5T/short,Granite-PatchTST-FM-r1,patchtstfm,granite-timeseries-patchtst-fm-r1,257.895552,257.895552,192,controlled,shared_origin_v1:Hmax=720,720,720,2048,controlled,28368,31248,2048,2048,256,256,100,[],merged,2,7,6720,96848.35990285873,,100,,float32,native_horizon,192,,direct_full_horizon,84.42929222470238,84.42929222470238,5.490683128720238,0.5253998133094843,0.6994492785876619,1.0384950183686756,4.395630248870599,9.188541354573227,0.6375636919888559,0.3809810580376269,0.3055093852879276,0.5253998133094843,0.7391127356907388,0.7108520634791541,-0.3412909390711987,0.3055093852879276,0.4569876225288572,0.6685287964634878,-0.40267580713230966,Web/CloudOps,7
bizitobs_l2c/5T/short|H=192|L=4096|Hsrc=controlled|Lsrc=controlled|origins=shared_origin_v1:Hmax=720,joint-scaling,release,standard_hl_shared_origin_v1,bizitobs_l2c/5T/short,Granite-PatchTST-FM-r1,patchtstfm,granite-timeseries-patchtst-fm-r1,257.895552,257.895552,192,controlled,shared_origin_v1:Hmax=720,720,720,4096,controlled,28368,31248,4096,4096,256,256,100,[],merged,2,7,6720,96848.35990285873,,100,,float32,native_horizon,192,,direct_full_horizon,84.24822823660715,84.24822823660715,5.387369501023065,0.5132868663611111,0.6980031175300541,1.028293209984189,3.131202815324187,9.178683360733562,0.6368796771158214,0.3738124536459638,0.2850580407055249,0.5132868663611111,0.7391127356907388,0.6944635663481271,-0.36461557842570225,0.2850580407055249,0.4569876225288572,0.6237762833226942,-0.47196349521267833,Web/CloudOps,7
bizitobs_l2c/5T/short|H=192|L=6144|Hsrc=controlled|Lsrc=controlled|origins=shared_origin_v1:Hmax=720,joint-scaling-l6144,release,standard_hl_shared_origin_v1,bizitobs_l2c/5T/short,Granite-PatchTST-FM-r1,patchtstfm,granite-timeseries-patchtst-fm-r1,257.895552,257.895552,192,controlled,shared_origin_v1:Hmax=720,720,720,6144,controlled,28368,31248,6144,6144,256,256,100,[],merged,6,7,6720,96848.35990285873,,100,,float32,native_horizon,192,,direct_full_horizon,52.51182650611514,52.51182650611514,4.4763721647716705,0.43636455801607454,0.6117719288898373,0.9847967147827148,2.819339990322576,7.246504433595217,0.5028119200222249,0.31060124278240564,0.23444991487301634,0.43636455801607454,0.7391127356907388,0.5903897158642104,-0.5269724247767685,0.23444991487301634,0.4569876225288572,0.5130334024707893,-0.6674143239022345,Web/CloudOps,7
bizitobs_l2c/5T/short|H=192|L=8192|Hsrc=controlled|Lsrc=controlled|origins=shared_origin_v1:Hmax=720,joint-scaling,release,standard_hl_shared_origin_v1,bizitobs_l2c/5T/short,Granite-PatchTST-FM-r1,patchtstfm,granite-timeseries-patchtst-fm-r1,257.895552,257.895552,192,controlled,shared_origin_v1:Hmax=720,720,720,8192,controlled,28368,31248,8000,8000,256,256,100,[],merged,2,7,6720,96848.35990285873,,100,,float32,native_horizon,192,,direct_full_horizon,51.43546316964286,51.43546316964286,4.400054786318824,0.4283451547403996,0.5858590695040926,0.9764061337425596,2.740261443834493,7.1718521435988105,0.4976320347946481,0.305305822356933,0.23074886603323755,0.4283451547403996,0.7391127356907388,0.5795396751485943,-0.5455211540962259,0.23074886603323755,0.4569876225288572,0.5049346079798179,-0.6833263472400962,Web/CloudOps,7
bizitobs_l2c/5T/short|H=336|L=128|Hsrc=controlled|Lsrc=controlled|origins=shared_origin_v1:Hmax=720,joint-scaling,release,standard_hl_shared_origin_v1,bizitobs_l2c/5T/short,Granite-PatchTST-FM-r1,patchtstfm,granite-timeseries-patchtst-fm-r1,257.895552,257.895552,336,controlled,shared_origin_v1:Hmax=720,720,720,128,controlled,28368,31248,128,128,256,256,100,[],merged,2,7,11760,177970.49996738136,,100,,float32,native_horizon,336,,direct_full_horizon,205.4202274659864,205.4202274659864,8.820341730442177,0.8248614329028613,1.3121814370507991,1.1477156658561862,17.91158884140838,14.33248853011878,0.9470674361486253,0.5828337773339471,0.5281996617165138,0.8248614329028613,0.9677479555394671,0.8523515117560189,-0.15975626475385662,0.5281996617165138,0.5559218172835492,0.950132995854531,-0.05115330854967669,Web/CloudOps,7
bizitobs_l2c/5T/short|H=336|L=256|Hsrc=controlled|Lsrc=controlled|origins=shared_origin_v1:Hmax=720,joint-scaling,release,standard_hl_shared_origin_v1,bizitobs_l2c/5T/short,Granite-PatchTST-FM-r1,patchtstfm,granite-timeseries-patchtst-fm-r1,257.895552,257.895552,336,controlled,shared_origin_v1:Hmax=720,720,720,256,controlled,28368,31248,256,256,256,256,100,[],merged,2,7,11760,177970.49996738136,,100,,float32,native_horizon,336,,direct_full_horizon,218.44287840136053,218.44287840136053,8.974255620216837,0.82628797332781,1.3318231204098212,1.1445354850924745,17.022286931140606,14.779813205902181,0.9766259202129897,0.5930041558184811,0.5341120118899922,0.82628797332781,0.9677479555394671,0.8538255943586046,-0.15802832811225606,0.5341120118899922,0.5559218172835492,0.9607682146742718,-0.040022090909434906,Web/CloudOps,7
bizitobs_l2c/5T/short|H=336|L=512|Hsrc=controlled|Lsrc=controlled|origins=shared_origin_v1:Hmax=720,joint-scaling,release,standard_hl_shared_origin_v1,bizitobs_l2c/5T/short,Granite-PatchTST-FM-r1,patchtstfm,granite-timeseries-patchtst-fm-r1,257.895552,257.895552,336,controlled,shared_origin_v1:Hmax=720,720,720,512,controlled,28368,31248,512,512,256,256,100,[],merged,2,7,11760,177970.49996738136,,100,,float32,native_horizon,336,,direct_full_horizon,187.93968431122448,187.93968431122448,8.415882427189626,0.7683223232105459,1.2320856735887957,1.1168224516369047,11.125582598935804,13.709109537501861,0.9058755703364902,0.5561077670843734,0.469563153085235,0.7683223232105459,0.9677479555394671,0.7939281285097087,-0.23076234008176244,0.469563153085235,0.5559218172835492,0.8446568177153106,-0.16882486700054752,Web/CloudOps,7
bizitobs_l2c/5T/short|H=336|L=1024|Hsrc=controlled|Lsrc=controlled|origins=shared_origin_v1:Hmax=720,joint-scaling,release,standard_hl_shared_origin_v1,bizitobs_l2c/5T/short,Granite-PatchTST-FM-r1,patchtstfm,granite-timeseries-patchtst-fm-r1,257.895552,257.895552,336,controlled,shared_origin_v1:Hmax=720,720,720,1024,controlled,28368,31248,1024,1024,256,256,100,[],merged,2,7,11760,177970.49996738136,,100,,float32,native_horizon,336,,direct_full_horizon,191.52527104591837,191.52527104591837,8.737984295280611,0.8004366847212556,1.237554458166169,1.0935929278938137,7.401590539181134,13.839265552980706,0.9144760672857697,0.577391732513724,0.4637141515567406,0.8004366847212556,0.9677479555394671,0.8271127623049903,-0.18981424221955745,0.4637141515567406,0.5559218172835492,0.8341355513309926,-0.18135935825828167,Web/CloudOps,7
bizitobs_l2c/5T/short|H=336|L=2048|Hsrc=controlled|Lsrc=controlled|origins=shared_origin_v1:Hmax=720,joint-scaling,release,standard_hl_shared_origin_v1,bizitobs_l2c/5T/short,Granite-PatchTST-FM-r1,patchtstfm,granite-timeseries-patchtst-fm-r1,257.895552,257.895552,336,controlled,shared_origin_v1:Hmax=720,720,720,2048,controlled,28368,31248,2048,2048,256,256,100,[],merged,2,7,11760,177970.49996738136,,100,,float32,native_horizon,336,,direct_full_horizon,211.46142644557824,211.46142644557824,8.996683673469388,0.8273900737271586,1.2397228130199125,1.1379878660448555,5.046786328063814,14.541713325656582,0.9608926689595435,0.5944861649508841,0.46444254670526497,0.8273900737271586,0.9677479555394671,0.8549644243535842,-0.15669541985422927,0.46444254670526497,0.5559218172835492,0.8354457987900392,-0.1797898058337365,Web/CloudOps,7
bizitobs_l2c/5T/short|H=336|L=4096|Hsrc=controlled|Lsrc=controlled|origins=shared_origin_v1:Hmax=720,joint-scaling,release,standard_hl_shared_origin_v1,bizitobs_l2c/5T/short,Granite-PatchTST-FM-r1,patchtstfm,granite-timeseries-patchtst-fm-r1,257.895552,257.895552,336,controlled,shared_origin_v1:Hmax=720,720,720,4096,controlled,28368,31248,4096,4096,256,256,100,[],merged,2,7,11760,177970.49996738136,,100,,float32,native_horizon,336,,direct_full_horizon,153.33482142857142,153.33482142857142,7.652319502019558,0.7133918178626549,1.1647242454329247,1.0560280313297195,3.7596378432307196,12.382843834457875,0.8182380985607975,0.5056527759389545,0.3739060569665236,0.7133918178626549,0.9677479555394671,0.7371669594124615,-0.304940873219003,0.3739060569665236,0.5559218172835492,0.6725874850416457,-0.3966230866857621,Web/CloudOps,7
bizitobs_l2c/5T/short|H=336|L=6144|Hsrc=controlled|Lsrc=controlled|origins=shared_origin_v1:Hmax=720,joint-scaling-l6144,release,standard_hl_shared_origin_v1,bizitobs_l2c/5T/short,Granite-PatchTST-FM-r1,patchtstfm,granite-timeseries-patchtst-fm-r1,257.895552,257.895552,336,controlled,shared_origin_v1:Hmax=720,720,720,6144,controlled,28368,31248,6144,6144,256,256,100,[],merged,6,7,11760,177970.49996738136,,100,,float32,native_horizon,336,,direct_full_horizon,107.49442628613946,107.49442628613946,6.479643675096992,0.6161977715290198,0.924127410051055,0.9914759110431282,3.471405744323489,10.367951884829495,0.685097328983971,0.428164272354726,0.3157967778072016,0.6161977715290198,0.9677479555394671,0.6367337363017449,-0.4514037071814009,0.3157967778072016,0.5559218172835492,0.5680596947072662,-0.565528769467607,Web/CloudOps,7
bizitobs_l2c/5T/short|H=336|L=8192|Hsrc=controlled|Lsrc=controlled|origins=shared_origin_v1:Hmax=720,joint-scaling,release,standard_hl_shared_origin_v1,bizitobs_l2c/5T/short,Granite-PatchTST-FM-r1,patchtstfm,granite-timeseries-patchtst-fm-r1,257.895552,257.895552,336,controlled,shared_origin_v1:Hmax=720,720,720,8192,controlled,28368,31248,7856,7856,256,256,100,[],merged,2,7,11760,177970.49996738136,,100,,float32,native_horizon,336,,direct_full_horizon,109.87700361394558,109.87700361394558,6.508722961840986,0.6188628294286296,0.9649590639672572,0.9833221643149447,3.453849221132495,10.482223219047835,0.6926481921363136,0.4300857841343302,0.31598003947069053,0.6188628294286296,0.9677479555394671,0.639487612333572,-0.44708802901313716,0.31598003947069053,0.5559218172835492,0.5683893483704098,-0.5649486226068261,Web/CloudOps,7
bizitobs_l2c/5T/short|H=720|L=128|Hsrc=controlled|Lsrc=controlled|origins=shared_origin_v1:Hmax=720,joint-scaling,release,standard_hl_shared_origin_v1,bizitobs_l2c/5T/short,Granite-PatchTST-FM-r1,patchtstfm,granite-timeseries-patchtst-fm-r1,257.895552,257.895552,720,controlled,shared_origin_v1:Hmax=720,720,720,128,controlled,28368,31248,128,128,256,256,100,[],merged,2,7,25200,448809.8099897355,,100,,float32,native_horizon,720,,direct_full_horizon,372.3698809523809,372.3698809523809,13.716049107142856,1.28077213029153,1.0096129393597715,1.2881262400793652,32.38087360163496,19.2968878566566,1.0834914103122386,0.7701356561433117,0.7095660722388705,1.28077213029153,1.4542830442928587,0.8806897222089956,-0.1270499032638037,0.7095660722388705,0.648492126471023,1.0941783921112518,0.09000375479335378,Web/CloudOps,7
bizitobs_l2c/5T/short|H=720|L=256|Hsrc=controlled|Lsrc=controlled|origins=shared_origin_v1:Hmax=720,joint-scaling,release,standard_hl_shared_origin_v1,bizitobs_l2c/5T/short,Granite-PatchTST-FM-r1,patchtstfm,granite-timeseries-patchtst-fm-r1,257.895552,257.895552,720,controlled,shared_origin_v1:Hmax=720,720,720,256,controlled,28368,31248,256,256,256,256,100,[],merged,2,7,25200,448809.8099897355,,100,,float32,native_horizon,720,,direct_full_horizon,377.97804563492065,377.97804563492065,14.102127976190475,1.32599376265334,1.0136472925090134,1.3169208054315475,29.52227325284518,19.441657481678888,1.0916200083717265,0.7918134075726365,0.7134095582944038,1.32599376265334,1.4542830442928587,0.9117852043018909,-0.09235083824617683,0.7134095582944038,0.648492126471023,1.1001051966145676,0.09540580851772426,Web/CloudOps,7
bizitobs_l2c/5T/short|H=720|L=512|Hsrc=controlled|Lsrc=controlled|origins=shared_origin_v1:Hmax=720,joint-scaling,release,standard_hl_shared_origin_v1,bizitobs_l2c/5T/short,Granite-PatchTST-FM-r1,patchtstfm,granite-timeseries-patchtst-fm-r1,257.895552,257.895552,720,controlled,shared_origin_v1:Hmax=720,720,720,512,controlled,28368,31248,512,512,256,256,100,[],merged,2,7,25200,448809.8099897355,,100,,float32,native_horizon,720,,direct_full_horizon,323.82717261904764,323.82717261904764,12.817223152281747,1.1954673427911813,0.9118636518092896,1.1437156265500992,15.548110475747857,17.995198599044347,1.0104035041174542,0.7196679222428026,0.5762908820216902,1.1954673427911813,1.4542830442928587,0.8220320985537407,-0.1959758353529116,0.5762908820216902,0.648492126471023,0.888662881934683,-0.11803732580886551,Web/CloudOps,7
bizitobs_l2c/5T/short|H=720|L=1024|Hsrc=controlled|Lsrc=controlled|origins=shared_origin_v1:Hmax=720,joint-scaling,release,standard_hl_shared_origin_v1,bizitobs_l2c/5T/short,Granite-PatchTST-FM-r1,patchtstfm,granite-timeseries-patchtst-fm-r1,257.895552,257.895552,720,controlled,shared_origin_v1:Hmax=720,720,720,1024,controlled,28368,31248,1024,1024,256,256,100,[],merged,2,7,25200,448809.8099897355,,100,,float32,native_horizon,720,,direct_full_horizon,306.72195436507934,306.72195436507934,11.934462425595239,1.1535801698738555,0.9836729743623713,1.0171939716641865,10.709576119468839,17.513479219306465,0.9833556809656558,0.6701022268917836,0.5430661682536959,1.1535801698738555,1.4542830442928587,0.7932294709760442,-0.2316427284931179,0.5430661682536959,0.648492126471023,0.8374290852364915,-0.177418693212478,Web/CloudOps,7
bizitobs_l2c/5T/short|H=720|L=2048|Hsrc=controlled|Lsrc=controlled|origins=shared_origin_v1:Hmax=720,joint-scaling,release,standard_hl_shared_origin_v1,bizitobs_l2c/5T/short,Granite-PatchTST-FM-r1,patchtstfm,granite-timeseries-patchtst-fm-r1,257.895552,257.895552,720,controlled,shared_origin_v1:Hmax=720,720,720,2048,controlled,28368,31248,2048,2048,256,256,100,[],merged,2,7,25200,448809.8099897355,,100,,float32,native_horizon,720,,direct_full_horizon,434.2311111111111,434.2311111111111,14.225189112103175,1.3100898569326644,0.9172450282651237,1.1742123558407738,6.573860578105448,20.83821276192157,1.1700344999420433,0.7987231064160529,0.6006564489471989,1.3100898569326644,1.4542830442928587,0.9008492962040221,-0.1044172981784096,0.6006564489471989,0.648492126471023,0.9262355307470931,-0.07662672381953008,Web/CloudOps,7
bizitobs_l2c/5T/short|H=720|L=4096|Hsrc=controlled|Lsrc=controlled|origins=shared_origin_v1:Hmax=720,joint-scaling,release,standard_hl_shared_origin_v1,bizitobs_l2c/5T/short,Granite-PatchTST-FM-r1,patchtstfm,granite-timeseries-patchtst-fm-r1,257.895552,257.895552,720,controlled,shared_origin_v1:Hmax=720,720,720,4096,controlled,28368,31248,4096,4096,256,256,100,[],merged,2,7,25200,448809.8099897355,,100,,float32,native_horizon,720,,direct_full_horizon,203.44040674603175,203.44040674603175,9.598467261904762,0.9260415966834689,0.739936043914648,0.9201598152281746,5.335892677729616,14.263253722276406,0.8008603773825396,0.5389395900359931,0.39763548049138964,0.9260415966834689,1.4542830442928587,0.6367684752411826,-0.4513491506378292,0.39763548049138964,0.648492126471023,0.6131693265965311,-0.48911415509384654,Web/CloudOps,7
bizitobs_l2c/5T/short|H=720|L=6144|Hsrc=controlled|Lsrc=controlled|origins=shared_origin_v1:Hmax=720,joint-scaling-l6144,release,standard_hl_shared_origin_v1,bizitobs_l2c/5T/short,Granite-PatchTST-FM-r1,patchtstfm,granite-timeseries-patchtst-fm-r1,257.895552,257.895552,720,controlled,shared_origin_v1:Hmax=720,720,720,6144,controlled,28368,31248,6144,6144,256,256,100,[],merged,6,7,25200,448809.8099897355,,100,,float32,native_horizon,720,,direct_full_horizon,134.93476593501984,134.93476593501984,7.8300163922991075,0.7729629017636143,0.6281801024311174,0.8498854670448909,4.84025759492133,11.616142472224583,0.6522290372992389,0.43964371699105737,0.3326973402171856,0.7729629017636143,1.4542830442928587,0.5315078827309476,-0.6320372502076728,0.3326973402171856,0.648492126471023,0.5130321967479613,-0.6674166740888677,Web/CloudOps,7
bizitobs_l2c/5T/short|H=720|L=8192|Hsrc=controlled|Lsrc=controlled|origins=shared_origin_v1:Hmax=720,joint-scaling,release,standard_hl_shared_origin_v1,bizitobs_l2c/5T/short,Granite-PatchTST-FM-r1,patchtstfm,granite-timeseries-patchtst-fm-r1,257.895552,257.895552,720,controlled,shared_origin_v1:Hmax=720,720,720,8192,controlled,28368,31248,7472,7472,256,256,100,[],merged,2,7,25200,448809.8099897355,,100,,float32,native_horizon,720,,direct_full_horizon,143.05174603174603,143.05174603174603,8.023050285218254,0.8021437400340017,0.6587877358393672,0.8542528134300595,4.696246376051213,11.960424157685464,0.6715599393439439,0.45048228155290093,0.3395282827919165,0.8021437400340017,1.4542830442928587,0.5515733289897786,-0.5949804863172354,0.3395282827919165,0.648492126471023,0.5235657750226947,-0.6470926118216928,Web/CloudOps,7
bizitobs_l2c/H/short|H=48|L=128|Hsrc=controlled|Lsrc=controlled|origins=shared_origin_v1:Hmax=720,joint-scaling,release,standard_hl_shared_origin_v1,bizitobs_l2c/H/short,Granite-PatchTST-FM-r1,patchtstfm,granite-timeseries-patchtst-fm-r1,257.895552,257.895552,48,controlled,shared_origin_v1:Hmax=720,720,720,128,controlled,1944,1944,128,128,256,256,100,[],merged,2,7,336,6586.944159589708,,100,,float32,native_horizon,48,,direct_full_horizon,98.31256394159226,98.31256394159226,7.495871770949591,0.8383351311415291,1.462354622673105,0.5103512945629302,5.556905372922962,9.915269231926699,0.5057778510353863,0.3823643944775666,0.2925791210892583,0.8383351311415291,1.0508646017568088,0.7977575129469788,-0.22595059619720714,0.2925791210892583,0.38759898490519035,0.754850070520245,-0.2812361315455375,Web/CloudOps,7
bizitobs_l2c/H/short|H=48|L=256|Hsrc=controlled|Lsrc=controlled|origins=shared_origin_v1:Hmax=720,joint-scaling,release,standard_hl_shared_origin_v1,bizitobs_l2c/H/short,Granite-PatchTST-FM-r1,patchtstfm,granite-timeseries-patchtst-fm-r1,257.895552,257.895552,48,controlled,shared_origin_v1:Hmax=720,720,720,256,controlled,1944,1944,256,256,256,256,100,[],merged,2,7,336,6586.944159589708,,100,,float32,native_horizon,48,,direct_full_horizon,94.70896402994792,94.70896402994792,7.106510525658017,0.7875323545948114,1.1594976639522054,0.5109562419709706,4.727414233972219,9.731853062492668,0.49642179283347904,0.36250307863089976,0.27382602961085806,0.7875323545948114,1.0508646017568088,0.7494137239737971,-0.2884640795078808,0.27382602961085806,0.38759898490519035,0.7064673548560453,-0.34747828478139453,Web/CloudOps,7
bizitobs_l2c/H/short|H=48|L=512|Hsrc=controlled|Lsrc=controlled|origins=shared_origin_v1:Hmax=720,joint-scaling,release,standard_hl_shared_origin_v1,bizitobs_l2c/H/short,Granite-PatchTST-FM-r1,patchtstfm,granite-timeseries-patchtst-fm-r1,257.895552,257.895552,48,controlled,shared_origin_v1:Hmax=720,720,720,512,controlled,1944,1944,512,512,256,256,100,[],merged,2,7,336,6586.944159589708,,100,,float32,native_horizon,48,,direct_full_horizon,80.18602934337798,80.18602934337798,6.628991444905599,0.7439093394843239,1.1821043986442736,0.4862731524876186,4.140484022324853,8.954665227878593,0.4567774439360997,0.3381448318862049,0.2566601378166567,0.7439093394843239,1.0508646017568088,0.7079021771602879,-0.3454493626871751,0.2566601378166567,0.38759898490519035,0.662179592341909,-0.4122184723113933,Web/CloudOps,7
bizitobs_l2c/H/short|H=48|L=1024|Hsrc=controlled|Lsrc=controlled|origins=shared_origin_v1:Hmax=720,joint-scaling,release,standard_hl_shared_origin_v1,bizitobs_l2c/H/short,Granite-PatchTST-FM-r1,patchtstfm,granite-timeseries-patchtst-fm-r1,257.895552,257.895552,48,controlled,shared_origin_v1:Hmax=720,720,720,1024,controlled,1944,1944,1024,1024,256,256,100,[],merged,2,7,336,6586.944159589708,,100,,float32,native_horizon,48,,direct_full_horizon,68.96387736002605,68.96387736002605,5.960250127883184,0.6816980639065604,1.1680428839062937,0.44753587813604445,3.942510604699566,8.304449250854992,0.4236099290784152,0.30403233949587516,0.2325837574415929,0.6816980639065604,1.0508646017568088,0.6487020904186085,-0.4327816962947439,0.2325837574415929,0.38759898490519035,0.6000628652277937,-0.5107208538748912,Web/CloudOps,7
bizitobs_l2c/H/short|H=48|L=2048|Hsrc=controlled|Lsrc=controlled|origins=shared_origin_v1:Hmax=720,joint-scaling,release,standard_hl_shared_origin_v1,bizitobs_l2c/H/short,Granite-PatchTST-FM-r1,patchtstfm,granite-timeseries-patchtst-fm-r1,257.895552,257.895552,48,controlled,shared_origin_v1:Hmax=720,720,720,2048,controlled,1944,1944,1944,1944,256,256,100,[],merged,2,7,336,6586.944159589708,,100,,float32,native_horizon,48,,direct_full_horizon,73.32510230654762,73.32510230654762,6.044319879441034,0.6797857496773408,1.224225088093254,0.4425865468524751,3.8364272020016235,8.563007783865878,0.4367989990001904,0.30832073724740505,0.23823550708522045,0.6797857496773408,1.0508646017568088,0.6468823372115611,-0.4355908600434562,0.23823550708522045,0.38759898490519035,0.6146443008448401,-0.4867115511075927,Web/CloudOps,7
bizitobs_l2c/H/short|H=48|L=4096|Hsrc=controlled|Lsrc=controlled|origins=shared_origin_v1:Hmax=720,joint-scaling,release,standard_hl_shared_origin_v1,bizitobs_l2c/H/short,Granite-PatchTST-FM-r1,patchtstfm,granite-timeseries-patchtst-fm-r1,257.895552,257.895552,48,controlled,shared_origin_v1:Hmax=720,720,720,4096,controlled,1944,1944,1944,1944,256,256,100,[],merged,2,7,336,6586.944159589708,,100,,float32,native_horizon,48,,direct_full_horizon,73.32510230654762,73.32510230654762,6.044319879441034,0.6797857496773408,1.224225088093254,0.4425865468524751,3.8364272020016235,8.563007783865878,0.4367989990001904,0.30832073724740505,0.23823550708522045,0.6797857496773408,1.0508646017568088,0.6468823372115611,-0.4355908600434562,0.23823550708522045,0.38759898490519035,0.6146443008448401,-0.4867115511075927,Web/CloudOps,7
bizitobs_l2c/H/short|H=48|L=6144|Hsrc=controlled|Lsrc=controlled|origins=shared_origin_v1:Hmax=720,joint-scaling-l6144,release,standard_hl_shared_origin_v1,bizitobs_l2c/H/short,Granite-PatchTST-FM-r1,patchtstfm,granite-timeseries-patchtst-fm-r1,257.895552,257.895552,48,controlled,shared_origin_v1:Hmax=720,720,720,6144,controlled,1944,1944,1944,1944,256,256,100,[],merged,6,7,336,6586.944159589708,,100,,float32,native_horizon,48,,direct_full_horizon,73.32509921845936,73.32509921845936,6.044319924854097,0.6797857496773408,1.284809697874945,0.4425865440141587,3.8364272020016226,8.563007603550247,0.4367989898022907,0.3083207395639252,0.23823549789065107,0.6797857496773408,1.0508646017568088,0.6468823372115611,-0.4355908600434562,0.23823549789065107,0.38759898490519035,0.6146442771229788,-0.4867115897020477,Web/CloudOps,7
bizitobs_l2c/H/short|H=48|L=8192|Hsrc=controlled|Lsrc=controlled|origins=shared_origin_v1:Hmax=720,joint-scaling,release,standard_hl_shared_origin_v1,bizitobs_l2c/H/short,Granite-PatchTST-FM-r1,patchtstfm,granite-timeseries-patchtst-fm-r1,257.895552,257.895552,48,controlled,shared_origin_v1:Hmax=720,720,720,8192,controlled,1944,1944,1944,1944,256,256,100,[],merged,2,7,336,6586.944159589708,,100,,float32,native_horizon,48,,direct_full_horizon,73.32510230654762,73.32510230654762,6.044319879441034,0.6797857496773408,1.224225088093254,0.4425865468524751,3.8364272020016235,8.563007783865878,0.4367989990001904,0.30832073724740505,0.23823550708522045,0.6797857496773408,1.0508646017568088,0.6468823372115611,-0.4355908600434562,0.23823550708522045,0.38759898490519035,0.6146443008448401,-0.4867115511075927,Web/CloudOps,7
bizitobs_l2c/H/short|H=96|L=128|Hsrc=controlled|Lsrc=controlled|origins=shared_origin_v1:Hmax=720,joint-scaling,release,standard_hl_shared_origin_v1,bizitobs_l2c/H/short,Granite-PatchTST-FM-r1,patchtstfm,granite-timeseries-patchtst-fm-r1,257.895552,257.895552,96,controlled,shared_origin_v1:Hmax=720,720,720,128,controlled,1944,1944,128,128,256,256,100,[],merged,2,7,672,8627.715840272605,,100,,float32,native_horizon,96,,direct_full_horizon,230.5884254092262,230.5884254092262,11.956730797177268,1.2556115309321154,2.5714453418340257,1.0161692755562919,7.015801609528399,15.185138307214268,1.1827479174517603,0.9312920411909682,0.6864741910307642,1.2556115309321154,1.5614972218267393,0.8041074382849178,-0.2180223890232155,0.6864741910307642,0.856660679125936,0.8013373413277055,-0.22147327035078634,Web/CloudOps,7
bizitobs_l2c/H/short|H=96|L=256|Hsrc=controlled|Lsrc=controlled|origins=shared_origin_v1:Hmax=720,joint-scaling,release,standard_hl_shared_origin_v1,bizitobs_l2c/H/short,Granite-PatchTST-FM-r1,patchtstfm,granite-timeseries-patchtst-fm-r1,257.895552,257.895552,96,controlled,shared_origin_v1:Hmax=720,720,720,256,controlled,1944,1944,256,256,256,256,100,[],merged,2,7,672,8627.715840272605,,100,,float32,native_horizon,96,,direct_full_horizon,172.62393624441964,172.62393624441964,10.086839221772694,1.0263375559106585,1.9630954397841767,1.0216054916381836,5.497771846431419,13.138642861590371,1.0233494202226483,0.7856489576755784,0.5664550617496612,1.0263375559106585,1.5614972218267393,0.6572778622750177,-0.41964842406828523,0.5664550617496612,0.856660679125936,0.6612362112004767,-0.4136441486539253,Web/CloudOps,7
bizitobs_l2c/H/short|H=96|L=512|Hsrc=controlled|Lsrc=controlled|origins=shared_origin_v1:Hmax=720,joint-scaling,release,standard_hl_shared_origin_v1,bizitobs_l2c/H/short,Granite-PatchTST-FM-r1,patchtstfm,granite-timeseries-patchtst-fm-r1,257.895552,257.895552,96,controlled,shared_origin_v1:Hmax=720,720,720,512,controlled,1944,1944,512,512,256,256,100,[],merged,2,7,672,8627.715840272605,,100,,float32,native_horizon,96,,direct_full_horizon,78.99136788504464,78.99136788504464,6.408804575602214,0.7090601010634123,1.5294675091300827,0.9843023390997023,4.422811988678743,8.887708809645185,0.6922504670590603,0.49917229015607106,0.3925555206065199,0.7090601010634123,1.5614972218267393,0.4540898895957743,-0.789460105834805,0.3925555206065199,0.856660679125936,0.45823921906518494,-0.7803639188561795,Web/CloudOps,7
bizitobs_l2c/H/short|H=96|L=1024|Hsrc=controlled|Lsrc=controlled|origins=shared_origin_v1:Hmax=720,joint-scaling,release,standard_hl_shared_origin_v1,bizitobs_l2c/H/short,Granite-PatchTST-FM-r1,patchtstfm,granite-timeseries-patchtst-fm-r1,257.895552,257.895552,96,controlled,shared_origin_v1:Hmax=720,720,720,1024,controlled,1944,1944,1024,1024,256,256,100,[],merged,2,7,672,8627.715840272605,,100,,float32,native_horizon,96,,direct_full_horizon,54.38000778924851,54.38000778924851,4.279172261555989,0.48619348464165685,0.9151038372542418,0.9186732882545108,3.5848268514884594,7.374280153970862,0.5743717520617649,0.33329838545943186,0.26911251757497,0.48619348464165685,1.5614972218267393,0.3113636565250347,-1.1667937363322476,0.26911251757497,0.856660679125936,0.3141413212166451,-1.15791232675498,Web/CloudOps,7
bizitobs_l2c/H/short|H=96|L=2048|Hsrc=controlled|Lsrc=controlled|origins=shared_origin_v1:Hmax=720,joint-scaling,release,standard_hl_shared_origin_v1,bizitobs_l2c/H/short,Granite-PatchTST-FM-r1,patchtstfm,granite-timeseries-patchtst-fm-r1,257.895552,257.895552,96,controlled,shared_origin_v1:Hmax=720,720,720,2048,controlled,1944,1944,1944,1944,256,256,100,[],merged,2,7,672,8627.715840272605,,100,,float32,native_horizon,96,,direct_full_horizon,56.150489443824405,56.150489443824405,4.356226058233352,0.48983249419478675,0.9889181251988381,0.9686659858340309,3.5399068904981204,7.493363026293628,0.5836469404989366,0.3392999914842255,0.26567635593826927,0.48983249419478675,1.5614972218267393,0.3136941182781929,-1.159336913472937,0.26567635593826927,0.856660679125936,0.3101302095589854,-1.170763038855766,Web/CloudOps,7
bizitobs_l2c/H/short|H=96|L=4096|Hsrc=controlled|Lsrc=controlled|origins=shared_origin_v1:Hmax=720,joint-scaling,release,standard_hl_shared_origin_v1,bizitobs_l2c/H/short,Granite-PatchTST-FM-r1,patchtstfm,granite-timeseries-patchtst-fm-r1,257.895552,257.895552,96,controlled,shared_origin_v1:Hmax=720,720,720,4096,controlled,1944,1944,1944,1944,256,256,100,[],merged,2,7,672,8627.715840272605,,100,,float32,native_horizon,96,,direct_full_horizon,56.150489443824405,56.150489443824405,4.356226058233352,0.48983249419478675,0.9889181251988381,0.9686659858340309,3.5399068904981204,7.493363026293628,0.5836469404989366,0.3392999914842255,0.26567635593826927,0.48983249419478675,1.5614972218267393,0.3136941182781929,-1.159336913472937,0.26567635593826927,0.856660679125936,0.3101302095589854,-1.170763038855766,Web/CloudOps,7
bizitobs_l2c/H/short|H=96|L=6144|Hsrc=controlled|Lsrc=controlled|origins=shared_origin_v1:Hmax=720,joint-scaling-l6144,release,standard_hl_shared_origin_v1,bizitobs_l2c/H/short,Granite-PatchTST-FM-r1,patchtstfm,granite-timeseries-patchtst-fm-r1,257.895552,257.895552,96,controlled,shared_origin_v1:Hmax=720,720,720,6144,controlled,1944,1944,1944,1944,256,256,100,[],merged,6,7,672,8627.715840272605,,100,,float32,native_horizon,96,,direct_full_horizon,56.15048808143253,56.15048808143253,4.356225990113758,0.4898324941947867,0.9906380538516834,0.9686660085405622,3.5399068904981204,7.493362935387057,0.5836469334183585,0.33929998617849133,0.26567635808932205,0.4898324941947867,1.5614972218267393,0.3136941182781928,-1.159336913472937,0.26567635808932205,0.856660679125936,0.3101302120699595,-1.1707630307592505,Web/CloudOps,7
bizitobs_l2c/H/short|H=96|L=8192|Hsrc=controlled|Lsrc=controlled|origins=shared_origin_v1:Hmax=720,joint-scaling,release,standard_hl_shared_origin_v1,bizitobs_l2c/H/short,Granite-PatchTST-FM-r1,patchtstfm,granite-timeseries-patchtst-fm-r1,257.895552,257.895552,96,controlled,shared_origin_v1:Hmax=720,720,720,8192,controlled,1944,1944,1944,1944,256,256,100,[],merged,2,7,672,8627.715840272605,,100,,float32,native_horizon,96,,direct_full_horizon,56.150489443824405,56.150489443824405,4.356226058233352,0.48983249419478675,0.9889181251988381,0.9686659858340309,3.5399068904981204,7.493363026293628,0.5836469404989366,0.3392999914842255,0.26567635593826927,0.48983249419478675,1.5614972218267393,0.3136941182781929,-1.159336913472937,0.26567635593826927,0.856660679125936,0.3101302095589854,-1.170763038855766,Web/CloudOps,7
bizitobs_l2c/H/short|H=192|L=128|Hsrc=controlled|Lsrc=controlled|origins=shared_origin_v1:Hmax=720,joint-scaling,release,standard_hl_shared_origin_v1,bizitobs_l2c/H/short,Granite-PatchTST-FM-r1,patchtstfm,granite-timeseries-patchtst-fm-r1,257.895552,257.895552,192,controlled,shared_origin_v1:Hmax=720,720,720,128,controlled,1944,1944,128,128,256,256,100,[],merged,2,7,1344,22188.21000327915,,100,,float32,native_horizon,192,,direct_full_horizon,246.5095447358631,246.5095447358631,11.836797805059524,1.2681380657993446,1.995662536603057,0.8803181421189081,7.575323928845684,15.700622431479049,0.951029242322354,0.7169869154676692,0.5362741272895861,1.2681380657993446,1.4056832067668206,0.902150683521474,-0.10297371796977382,0.5362741272895861,0.6716249132023688,0.7984726545246545,-0.2250545579690154,Web/CloudOps,7
bizitobs_l2c/H/short|H=192|L=256|Hsrc=controlled|Lsrc=controlled|origins=shared_origin_v1:Hmax=720,joint-scaling,release,standard_hl_shared_origin_v1,bizitobs_l2c/H/short,Granite-PatchTST-FM-r1,patchtstfm,granite-timeseries-patchtst-fm-r1,257.895552,257.895552,192,controlled,shared_origin_v1:Hmax=720,720,720,256,controlled,1944,1944,256,256,256,256,100,[],merged,2,7,1344,22188.21000327915,,100,,float32,native_horizon,192,,direct_full_horizon,244.43516903831846,244.43516903831846,11.187378656296502,1.135123692353801,1.477843914502426,0.8914940697806222,6.9535040770181915,15.634422568112916,0.9470193372263171,0.6776498379923566,0.5058029692791559,1.135123692353801,1.4056832067668206,0.8075245452812038,-0.21378182771422405,0.5058029692791559,0.6716249132023688,0.7531033458354622,-0.28355281513411945,Web/CloudOps,7
bizitobs_l2c/H/short|H=192|L=512|Hsrc=controlled|Lsrc=controlled|origins=shared_origin_v1:Hmax=720,joint-scaling,release,standard_hl_shared_origin_v1,bizitobs_l2c/H/short,Granite-PatchTST-FM-r1,patchtstfm,granite-timeseries-patchtst-fm-r1,257.895552,257.895552,192,controlled,shared_origin_v1:Hmax=720,720,720,512,controlled,1944,1944,512,512,256,256,100,[],merged,2,7,1344,22188.21000327915,,100,,float32,native_horizon,192,,direct_full_horizon,147.74375697544642,147.74375697544642,8.006586710611979,0.8577434144170673,1.0475186962879537,0.8403049650646391,6.155254518200396,12.154988974715131,0.7362606167691234,0.484980651322129,0.3849556280361817,0.8577434144170673,1.4056832067668206,0.6101968141100177,-0.49397372777183784,0.3849556280361817,0.6716249132023688,0.5731705606343251,-0.5565719440220123,Web/CloudOps,7
bizitobs_l2c/H/short|H=192|L=1024|Hsrc=controlled|Lsrc=controlled|origins=shared_origin_v1:Hmax=720,joint-scaling,release,standard_hl_shared_origin_v1,bizitobs_l2c/H/short,Granite-PatchTST-FM-r1,patchtstfm,granite-timeseries-patchtst-fm-r1,257.895552,257.895552,192,controlled,shared_origin_v1:Hmax=720,720,720,1024,controlled,1944,1944,1024,1024,256,256,100,[],merged,2,7,1344,22188.21000327915,,100,,float32,native_horizon,192,,direct_full_horizon,105.16189429873512,105.16189429873512,5.891700018019903,0.6493737729977058,0.7023156132214884,0.7574350039164225,5.056938502798452,10.254847356188932,0.6211638904031032,0.35687623395706547,0.2865424624844546,0.6493737729977058,1.4056832067668206,0.46196310084070463,-0.7722702594002047,0.2865424624844546,0.6716249132023688,0.42664060973884066,-0.851813283526081,Web/CloudOps,7
bizitobs_l2c/H/short|H=192|L=2048|Hsrc=controlled|Lsrc=controlled|origins=shared_origin_v1:Hmax=720,joint-scaling,release,standard_hl_shared_origin_v1,bizitobs_l2c/H/short,Granite-PatchTST-FM-r1,patchtstfm,granite-timeseries-patchtst-fm-r1,257.895552,257.895552,192,controlled,shared_origin_v1:Hmax=720,720,720,2048,controlled,1944,1944,1944,1944,256,256,100,[],merged,2,7,1344,22188.21000327915,,100,,float32,native_horizon,192,,direct_full_horizon,102.314697265625,102.314697265625,5.837633587065197,0.6445126253599411,0.7556594666697087,0.7713757015409923,5.381552905418433,10.115072776091381,0.6126973653601481,0.3536012837383508,0.2821627624599284,0.6445126253599411,1.4056832067668206,0.458504890900966,-0.779784320164832,0.2821627624599284,0.6716249132023688,0.4201195591666643,-0.8672159435314921,Web/CloudOps,7
bizitobs_l2c/H/short|H=192|L=4096|Hsrc=controlled|Lsrc=controlled|origins=shared_origin_v1:Hmax=720,joint-scaling,release,standard_hl_shared_origin_v1,bizitobs_l2c/H/short,Granite-PatchTST-FM-r1,patchtstfm,granite-timeseries-patchtst-fm-r1,257.895552,257.895552,192,controlled,shared_origin_v1:Hmax=720,720,720,4096,controlled,1944,1944,1944,1944,256,256,100,[],merged,2,7,1344,22188.21000327915,,100,,float32,native_horizon,192,,direct_full_horizon,102.314697265625,102.314697265625,5.837633587065197,0.6445126253599411,0.7556594666697087,0.7713757015409923,5.381552905418433,10.115072776091381,0.6126973653601481,0.3536012837383508,0.2821627624599284,0.6445126253599411,1.4056832067668206,0.458504890900966,-0.779784320164832,0.2821627624599284,0.6716249132023688,0.4201195591666643,-0.8672159435314921,Web/CloudOps,7
bizitobs_l2c/H/short|H=192|L=6144|Hsrc=controlled|Lsrc=controlled|origins=shared_origin_v1:Hmax=720,joint-scaling-l6144,release,standard_hl_shared_origin_v1,bizitobs_l2c/H/short,Granite-PatchTST-FM-r1,patchtstfm,granite-timeseries-patchtst-fm-r1,257.895552,257.895552,192,controlled,shared_origin_v1:Hmax=720,720,720,6144,controlled,1944,1944,1944,1944,256,256,100,[],merged,6,7,1344,22188.21000327915,,100,,float32,native_horizon,192,,direct_full_horizon,102.31470053536552,102.31470053536552,5.8376334962390715,0.6445126253599412,0.7715969713541565,0.7713756561279297,5.381552905418433,10.115072937718518,0.6126973751503417,0.35360127823676635,0.28216277019893576,0.6445126253599412,1.4056832067668206,0.45850489090096613,-0.7797843201648318,0.28216277019893576,0.6716249132023688,0.420119570689476,-0.8672159161040344,Web/CloudOps,7
bizitobs_l2c/H/short|H=192|L=8192|Hsrc=controlled|Lsrc=controlled|origins=shared_origin_v1:Hmax=720,joint-scaling,release,standard_hl_shared_origin_v1,bizitobs_l2c/H/short,Granite-PatchTST-FM-r1,patchtstfm,granite-timeseries-patchtst-fm-r1,257.895552,257.895552,192,controlled,shared_origin_v1:Hmax=720,720,720,8192,controlled,1944,1944,1944,1944,256,256,100,[],merged,2,7,1344,22188.21000327915,,100,,float32,native_horizon,192,,direct_full_horizon,102.314697265625,102.314697265625,5.837633587065197,0.6445126253599411,0.7556594666697087,0.7713757015409923,5.381552905418433,10.115072776091381,0.6126973653601481,0.3536012837383508,0.2821627624599284,0.6445126253599411,1.4056832067668206,0.458504890900966,-0.779784320164832,0.2821627624599284,0.6716249132023688,0.4201195591666643,-0.8672159435314921,Web/CloudOps,7
bizitobs_l2c/H/short|H=336|L=128|Hsrc=controlled|Lsrc=controlled|origins=shared_origin_v1:Hmax=720,joint-scaling,release,standard_hl_shared_origin_v1,bizitobs_l2c/H/short,Granite-PatchTST-FM-r1,patchtstfm,granite-timeseries-patchtst-fm-r1,257.895552,257.895552,336,controlled,shared_origin_v1:Hmax=720,720,720,128,controlled,1944,1944,128,128,256,256,100,[],merged,2,7,2352,34637.90584325045,,100,,float32,native_horizon,336,,direct_full_horizon,211.6546024659864,211.6546024659864,11.329084539089074,1.1885656831073659,2.0203357171221,0.9644283891535129,7.80221070593183,14.548353943521803,0.9878694350060124,0.7692730315891699,0.570858989288454,1.1885656831073659,1.4724422034928037,0.8072070199346026,-0.21417511333213593,0.570858989288454,0.8512860008308335,0.6705842557393287,-0.3996059230971832,Web/CloudOps,7
bizitobs_l2c/H/short|H=336|L=256|Hsrc=controlled|Lsrc=controlled|origins=shared_origin_v1:Hmax=720,joint-scaling,release,standard_hl_shared_origin_v1,bizitobs_l2c/H/short,Granite-PatchTST-FM-r1,patchtstfm,granite-timeseries-patchtst-fm-r1,257.895552,257.895552,336,controlled,shared_origin_v1:Hmax=720,720,720,256,controlled,1944,1944,256,256,256,256,100,[],merged,2,7,2352,34637.90584325045,,100,,float32,native_horizon,336,,direct_full_horizon,203.5074537627551,203.5074537627551,10.535586402529763,1.0500667010624989,1.4882686711099653,1.0009796246379412,6.382846138997475,14.265603869544222,0.968670001385378,0.7153925335696523,0.5276102856461091,1.0500667010624989,1.4724422034928037,0.7131462943480015,-0.33806869820092167,0.5276102856461091,0.8512860008308335,0.6197802913840647,-0.4783902324818172,Web/CloudOps,7
bizitobs_l2c/H/short|H=336|L=512|Hsrc=controlled|Lsrc=controlled|origins=shared_origin_v1:Hmax=720,joint-scaling,release,standard_hl_shared_origin_v1,bizitobs_l2c/H/short,Granite-PatchTST-FM-r1,patchtstfm,granite-timeseries-patchtst-fm-r1,257.895552,257.895552,336,controlled,shared_origin_v1:Hmax=720,720,720,512,controlled,1944,1944,512,512,256,256,100,[],merged,2,7,2352,34637.90584325045,,100,,float32,native_horizon,336,,direct_full_horizon,144.27350393282313,144.27350393282313,8.55143810453869,0.8822797806334927,1.2595370330739837,0.9520406917649873,5.858284104392146,12.011390591135696,0.8156033103789994,0.5806639267654865,0.4432871436368789,0.8822797806334927,1.4724422034928037,0.5991948468609651,-0.512168446847875,0.4432871436368789,0.8512860008308335,0.5207264576232217,-0.6525304084597849,Web/CloudOps,7
bizitobs_l2c/H/short|H=336|L=1024|Hsrc=controlled|Lsrc=controlled|origins=shared_origin_v1:Hmax=720,joint-scaling,release,standard_hl_shared_origin_v1,bizitobs_l2c/H/short,Granite-PatchTST-FM-r1,patchtstfm,granite-timeseries-patchtst-fm-r1,257.895552,257.895552,336,controlled,shared_origin_v1:Hmax=720,720,720,1024,controlled,1944,1944,1024,1024,256,256,100,[],merged,2,7,2352,34637.90584325045,,100,,float32,native_horizon,336,,direct_full_horizon,82.60678411989795,82.60678411989795,5.328723933421025,0.5719256491862065,0.7724948088462618,0.83057232292331,4.984030883993733,9.088827433717617,0.6171539994606615,0.36183361511875184,0.3009051907905113,0.5719256491862065,1.4724422034928037,0.3884197612847095,-0.9456686651653473,0.3009051907905113,0.8512860008308335,0.35347132514435275,-1.0399529139247716,Web/CloudOps,7
bizitobs_l2c/H/short|H=336|L=2048|Hsrc=controlled|Lsrc=controlled|origins=shared_origin_v1:Hmax=720,joint-scaling,release,standard_hl_shared_origin_v1,bizitobs_l2c/H/short,Granite-PatchTST-FM-r1,patchtstfm,granite-timeseries-patchtst-fm-r1,257.895552,257.895552,336,controlled,shared_origin_v1:Hmax=720,720,720,2048,controlled,1944,1944,1944,1944,256,256,100,[],merged,2,7,2352,34637.90584325045,,100,,float32,native_horizon,336,,direct_full_horizon,78.97021816539116,78.97021816539116,5.092216024593431,0.5517822286394553,0.7952867155509001,0.8281017744622263,4.634029240874226,8.886518900300114,0.6034167466154325,0.34577413958117703,0.27823215670365503,0.5517822286394553,1.4724422034928037,0.37473948201876023,-0.9815242090543862,0.27823215670365503,0.8512860008308335,0.3268374628880394,-1.118292287046122,Web/CloudOps,7
bizitobs_l2c/H/short|H=336|L=4096|Hsrc=controlled|Lsrc=controlled|origins=shared_origin_v1:Hmax=720,joint-scaling,release,standard_hl_shared_origin_v1,bizitobs_l2c/H/short,Granite-PatchTST-FM-r1,patchtstfm,granite-timeseries-patchtst-fm-r1,257.895552,257.895552,336,controlled,shared_origin_v1:Hmax=720,720,720,4096,controlled,1944,1944,1944,1944,256,256,100,[],merged,2,7,2352,34637.90584325045,,100,,float32,native_horizon,336,,direct_full_horizon,78.97021816539116,78.97021816539116,5.092216024593431,0.5517822286394553,0.7952867155509001,0.8281017744622263,4.634029240874226,8.886518900300114,0.6034167466154325,0.34577413958117703,0.27823215670365503,0.5517822286394553,1.4724422034928037,0.37473948201876023,-0.9815242090543862,0.27823215670365503,0.8512860008308335,0.3268374628880394,-1.118292287046122,Web/CloudOps,7
bizitobs_l2c/H/short|H=336|L=6144|Hsrc=controlled|Lsrc=controlled|origins=shared_origin_v1:Hmax=720,joint-scaling-l6144,release,standard_hl_shared_origin_v1,bizitobs_l2c/H/short,Granite-PatchTST-FM-r1,patchtstfm,granite-timeseries-patchtst-fm-r1,257.895552,257.895552,336,controlled,shared_origin_v1:Hmax=720,720,720,6144,controlled,1944,1944,1944,1944,256,256,100,[],merged,6,7,2352,34637.90584325045,,100,,float32,native_horizon,336,,direct_full_horizon,78.97021588176285,78.97021588176285,5.092216128394718,0.5517822286394553,0.8131342487509639,0.828101767974646,4.634029240874226,8.886518771811764,0.6034167378907538,0.34577414662954264,0.278232165616357,0.5517822286394553,1.4724422034928037,0.37473948201876023,-0.9815242090543862,0.278232165616357,0.8512860008308335,0.3268374733577311,-1.1182922550127943,Web/CloudOps,7
bizitobs_l2c/H/short|H=336|L=8192|Hsrc=controlled|Lsrc=controlled|origins=shared_origin_v1:Hmax=720,joint-scaling,release,standard_hl_shared_origin_v1,bizitobs_l2c/H/short,Granite-PatchTST-FM-r1,patchtstfm,granite-timeseries-patchtst-fm-r1,257.895552,257.895552,336,controlled,shared_origin_v1:Hmax=720,720,720,8192,controlled,1944,1944,1944,1944,256,256,100,[],merged,2,7,2352,34637.90584325045,,100,,float32,native_horizon,336,,direct_full_horizon,78.97021816539116,78.97021816539116,5.092216024593431,0.5517822286394553,0.7952867155509001,0.8281017744622263,4.634029240874226,8.886518900300114,0.6034167466154325,0.34577413958117703,0.27823215670365503,0.5517822286394553,1.4724422034928037,0.37473948201876023,-0.9815242090543862,0.27823215670365503,0.8512860008308335,0.3268374628880394,-1.118292287046122,Web/CloudOps,7
bizitobs_l2c/H/short|H=720|L=128|Hsrc=controlled|Lsrc=controlled|origins=shared_origin_v1:Hmax=720,joint-scaling,release,standard_hl_shared_origin_v1,bizitobs_l2c/H/short,Granite-PatchTST-FM-r1,patchtstfm,granite-timeseries-patchtst-fm-r1,257.895552,257.895552,720,controlled,shared_origin_v1:Hmax=720,720,720,128,controlled,1944,1944,128,128,256,256,100,[],merged,2,7,5040,82510.83089736104,,100,,float32,native_horizon,720,,direct_full_horizon,248.50328621031747,248.50328621031747,11.890745520213294,1.1908558412875148,1.4560377465012384,0.9674036419580854,7.944625186051548,15.763987002351831,0.9629098825908722,0.7263210995466018,0.530067271210346,1.1908558412875148,1.4260541522843406,0.8350705612265349,-0.1802390532386665,0.530067271210346,0.9410651274656231,0.563263110851708,-0.5740084227960703,Web/CloudOps,7
bizitobs_l2c/H/short|H=720|L=256|Hsrc=controlled|Lsrc=controlled|origins=shared_origin_v1:Hmax=720,joint-scaling,release,standard_hl_shared_origin_v1,bizitobs_l2c/H/short,Granite-PatchTST-FM-r1,patchtstfm,granite-timeseries-patchtst-fm-r1,257.895552,257.895552,720,controlled,shared_origin_v1:Hmax=720,720,720,256,controlled,1944,1944,256,256,256,256,100,[],merged,2,7,5040,82510.83089736104,,100,,float32,native_horizon,720,,direct_full_horizon,253.0752666170635,253.0752666170635,11.8762451171875,1.1695799415533477,1.2850960515028909,1.0384655180431548,6.609623051558487,15.908339530480971,0.971727352174664,0.7254353730249418,0.5201538337983513,1.1695799415533477,1.4260541522843406,0.820151142002457,-0.1982666361934016,0.5201538337983513,0.9410651274656231,0.5527288373751289,-0.5928877460469302,Web/CloudOps,7
bizitobs_l2c/H/short|H=720|L=512|Hsrc=controlled|Lsrc=controlled|origins=shared_origin_v1:Hmax=720,joint-scaling,release,standard_hl_shared_origin_v1,bizitobs_l2c/H/short,Granite-PatchTST-FM-r1,patchtstfm,granite-timeseries-patchtst-fm-r1,257.895552,257.895552,720,controlled,shared_origin_v1:Hmax=720,720,720,512,controlled,1944,1944,512,512,256,256,100,[],merged,2,7,5040,82510.83089736104,,100,,float32,native_horizon,720,,direct_full_horizon,224.6139694940476,224.6139694940476,11.131825861855159,1.1228951266937968,1.2976496651732943,1.0127823118179564,6.320249469496556,14.987126792485864,0.9154570159169808,0.6799640936053694,0.4933612431738904,1.1228951266937968,1.4260541522843406,0.7874140858501585,-0.23900101156702794,0.4933612431738904,0.9410651274656231,0.5242583417181323,-0.6457706976087534,Web/CloudOps,7
bizitobs_l2c/H/short|H=720|L=1024|Hsrc=controlled|Lsrc=controlled|origins=shared_origin_v1:Hmax=720,joint-scaling,release,standard_hl_shared_origin_v1,bizitobs_l2c/H/short,Granite-PatchTST-FM-r1,patchtstfm,granite-timeseries-patchtst-fm-r1,257.895552,257.895552,720,controlled,shared_origin_v1:Hmax=720,720,720,1024,controlled,1944,1944,1024,1024,256,256,100,[],merged,2,7,5040,82510.83089736104,,100,,float32,native_horizon,720,,direct_full_horizon,105.77977740575396,105.77977740575396,6.109075055803571,0.6470939679225669,0.6611560851571497,0.8058411613343254,5.502637152214582,10.28492962570741,0.6282332240484471,0.3731599590791996,0.31639557202669694,0.6470939679225669,1.4260541522843406,0.4537653544825155,-0.7901750548956813,0.31639557202669694,0.9410651274656231,0.33621006962480904,-1.0900191071628482,Web/CloudOps,7
bizitobs_l2c/H/short|H=720|L=2048|Hsrc=controlled|Lsrc=controlled|origins=shared_origin_v1:Hmax=720,joint-scaling,release,standard_hl_shared_origin_v1,bizitobs_l2c/H/short,Granite-PatchTST-FM-r1,patchtstfm,granite-timeseries-patchtst-fm-r1,257.895552,257.895552,720,controlled,shared_origin_v1:Hmax=720,720,720,2048,controlled,1944,1944,1944,1944,256,256,100,[],merged,2,7,5040,82510.83089736104,,100,,float32,native_horizon,720,,direct_full_horizon,88.03064856150793,88.03064856150793,5.284607321118552,0.5605508803571124,0.5911922064274031,0.7767359657893105,4.646600292037129,9.382464951253905,0.5731080736920817,0.32279908720794803,0.2641398380176805,0.5605508803571124,1.4260541522843406,0.39307825685243986,-0.9337465600850037,0.2641398380176805,0.9410651274656231,0.28068178312911657,-1.270533695728402,Web/CloudOps,7
bizitobs_l2c/H/short|H=720|L=4096|Hsrc=controlled|Lsrc=controlled|origins=shared_origin_v1:Hmax=720,joint-scaling,release,standard_hl_shared_origin_v1,bizitobs_l2c/H/short,Granite-PatchTST-FM-r1,patchtstfm,granite-timeseries-patchtst-fm-r1,257.895552,257.895552,720,controlled,shared_origin_v1:Hmax=720,720,720,4096,controlled,1944,1944,1944,1944,256,256,100,[],merged,2,7,5040,82510.83089736104,,100,,float32,native_horizon,720,,direct_full_horizon,88.03064856150793,88.03064856150793,5.284607321118552,0.5605508803571124,0.5911922064274031,0.7767359657893105,4.646600292037129,9.382464951253905,0.5731080736920817,0.32279908720794803,0.2641398380176805,0.5605508803571124,1.4260541522843406,0.39307825685243986,-0.9337465600850037,0.2641398380176805,0.9410651274656231,0.28068178312911657,-1.270533695728402,Web/CloudOps,7
bizitobs_l2c/H/short|H=720|L=6144|Hsrc=controlled|Lsrc=controlled|origins=shared_origin_v1:Hmax=720,joint-scaling-l6144,release,standard_hl_shared_origin_v1,bizitobs_l2c/H/short,Granite-PatchTST-FM-r1,patchtstfm,granite-timeseries-patchtst-fm-r1,257.895552,257.895552,720,controlled,shared_origin_v1:Hmax=720,720,720,6144,controlled,1944,1944,1944,1944,256,256,100,[],merged,6,7,5040,82510.83089736104,,100,,float32,native_horizon,720,,direct_full_horizon,88.03065127418155,88.03065127418155,5.284607539101253,0.5605508803571123,0.5997815315229535,0.7767359900096106,4.64660029203713,9.382465095814721,0.5731080825222741,0.32279910052296135,0.2641398392157108,0.5605508803571123,1.4260541522843406,0.3930782568524398,-0.9337465600850039,0.2641398392157108,0.9410651274656231,0.28068178440217445,-1.2705336911928105,Web/CloudOps,7
bizitobs_l2c/H/short|H=720|L=8192|Hsrc=controlled|Lsrc=controlled|origins=shared_origin_v1:Hmax=720,joint-scaling,release,standard_hl_shared_origin_v1,bizitobs_l2c/H/short,Granite-PatchTST-FM-r1,patchtstfm,granite-timeseries-patchtst-fm-r1,257.895552,257.895552,720,controlled,shared_origin_v1:Hmax=720,720,720,8192,controlled,1944,1944,1944,1944,256,256,100,[],merged,2,7,5040,82510.83089736104,,100,,float32,native_horizon,720,,direct_full_horizon,88.03064856150793,88.03064856150793,5.284607321118552,0.5605508803571124,0.5911922064274031,0.7767359657893105,4.646600292037129,9.382464951253905,0.5731080736920817,0.32279908720794803,0.2641398380176805,0.5605508803571124,1.4260541522843406,0.39307825685243986,-0.9337465600850037,0.2641398380176805,0.9410651274656231,0.28068178312911657,-1.270533695728402,Web/CloudOps,7
electricity/15T/short|H=48|L=128|Hsrc=controlled|Lsrc=controlled|origins=shared_origin_v1:Hmax=720,joint-scaling,release,standard_hl_shared_origin_v1,electricity/15T/short,Granite-PatchTST-FM-r1,patchtstfm,granite-timeseries-patchtst-fm-r1,257.895552,257.895552,48,controlled,shared_origin_v1:Hmax=720,720,720,128,controlled,125856,139536,128,128,256,256,100,[],merged,2,370,355200,225501006.4677921,,100,,float32,native_horizon,48,,direct_full_horizon,1580387.4662035473,1580387.4662035473,129.72672697599944,1.8597859348505474,0.2860286599387543,0.24897684355039854,14.812267215784535,1257.1346253299791,1.9801872546452972,0.20434025614185616,0.16692198642182726,1.8597859348505474,1.0560089751972532,1.7611459547520945,0.565964707824084,0.16692198642182726,0.09051464705745935,1.8441433717999693,0.6120148725458167,Energy,1
electricity/15T/short|H=48|L=256|Hsrc=controlled|Lsrc=controlled|origins=shared_origin_v1:Hmax=720,joint-scaling,release,standard_hl_shared_origin_v1,electricity/15T/short,Granite-PatchTST-FM-r1,patchtstfm,granite-timeseries-patchtst-fm-r1,257.895552,257.895552,48,controlled,shared_origin_v1:Hmax=720,720,720,256,controlled,125856,139536,256,256,256,256,100,[],merged,2,370,355200,225501006.4677921,,100,,float32,native_horizon,48,,direct_full_horizon,273485.7707678772,273485.7707678772,62.02743106876407,1.069142227474245,0.16801912561099377,0.16829966467780036,10.18043648467966,522.9586702291848,0.8237431955406261,0.09770308284088218,0.08334601773611534,1.069142227474245,1.0560089751972532,1.0124366862265906,0.012359985921456637,0.08334601773611534,0.09051464705745935,0.9208014442480972,-0.0825108531046938,Energy,1
electricity/15T/short|H=48|L=512|Hsrc=controlled|Lsrc=controlled|origins=shared_origin_v1:Hmax=720,joint-scaling,release,standard_hl_shared_origin_v1,electricity/15T/short,Granite-PatchTST-FM-r1,patchtstfm,granite-timeseries-patchtst-fm-r1,257.895552,257.895552,48,controlled,shared_origin_v1:Hmax=720,720,720,512,controlled,125856,139536,512,512,256,256,100,[],merged,2,370,355200,225501006.4677921,,100,,float32,native_horizon,48,,direct_full_horizon,239951.52478955517,239951.52478955517,53.27474642366976,0.8609619146961974,0.13181955107868262,0.13913069424328503,7.842025071221565,489.8484712536676,0.7715893588002856,0.08391621051319018,0.0678525734281582,0.8609619146961974,1.0560089751972532,0.8152979140498093,-0.20420169382285017,0.0678525734281582,0.09051464705745935,0.7496308678647877,-0.288174369790516,Energy,1
electricity/15T/short|H=48|L=1024|Hsrc=controlled|Lsrc=controlled|origins=shared_origin_v1:Hmax=720,joint-scaling,release,standard_hl_shared_origin_v1,electricity/15T/short,Granite-PatchTST-FM-r1,patchtstfm,granite-timeseries-patchtst-fm-r1,257.895552,257.895552,48,controlled,shared_origin_v1:Hmax=720,720,720,1024,controlled,125856,139536,1024,1024,256,256,100,[],merged,2,370,355200,225501006.4677921,,100,,float32,native_horizon,48,,direct_full_horizon,209684.2570337134,209684.2570337134,48.51603146114865,0.7713436888673137,0.11402899773375683,0.1227537964485787,6.991669108604287,457.9129360847031,0.7212858046401566,0.07642047654213616,0.06173332673612973,0.7713436888673137,1.0560089751972532,0.7304328911818515,-0.31411791897670666,0.06173332673612973,0.09051464705745935,0.6820258239193152,-0.3826877568712022,Energy,1
electricity/15T/short|H=48|L=2048|Hsrc=controlled|Lsrc=controlled|origins=shared_origin_v1:Hmax=720,joint-scaling,release,standard_hl_shared_origin_v1,electricity/15T/short,Granite-PatchTST-FM-r1,patchtstfm,granite-timeseries-patchtst-fm-r1,257.895552,257.895552,48,controlled,shared_origin_v1:Hmax=720,720,720,2048,controlled,125856,139536,2048,2048,256,256,100,[],merged,2,370,355200,225501006.4677921,,100,,float32,native_horizon,48,,direct_full_horizon,191981.62811549832,191981.62811549832,46.03059915628519,0.7359767469958531,0.10211801143298876,0.11701370565740912,6.613626122729353,438.1570815535204,0.6901671873027285,0.07250552481524179,0.05836808999618068,0.7359767469958531,1.0560089751972532,0.6969417536042998,-0.3610534389957628,0.05836808999618068,0.09051464705745935,0.6448469048233508,-0.43874234722298494,Energy,1
electricity/15T/short|H=48|L=4096|Hsrc=controlled|Lsrc=controlled|origins=shared_origin_v1:Hmax=720,joint-scaling,release,standard_hl_shared_origin_v1,electricity/15T/short,Granite-PatchTST-FM-r1,patchtstfm,granite-timeseries-patchtst-fm-r1,257.895552,257.895552,48,controlled,shared_origin_v1:Hmax=720,720,720,4096,controlled,125856,139536,4096,4096,256,256,100,[],merged,2,370,355200,225501006.4677921,,100,,float32,native_horizon,48,,direct_full_horizon,180297.44806059968,180297.44806059968,45.70573138812642,0.7283701573017349,0.10009311166154379,0.11569416149242505,6.510329990331668,424.6144699142973,0.6688354170831614,0.07199380633975695,0.05779819084842684,0.7283701573017349,1.0560089751972532,0.6897386048879762,-0.3714425866620552,0.05779819084842684,0.09051464705745935,0.6385506956872531,-0.4485542085607741,Energy,1
electricity/15T/short|H=48|L=6144|Hsrc=controlled|Lsrc=controlled|origins=shared_origin_v1:Hmax=720,joint-scaling-l6144,release,standard_hl_shared_origin_v1,electricity/15T/short,Granite-PatchTST-FM-r1,patchtstfm,granite-timeseries-patchtst-fm-r1,257.895552,257.895552,48,controlled,shared_origin_v1:Hmax=720,720,720,6144,controlled,125856,139536,6144,6144,256,256,100,[],merged,6,370,355200,225501006.4677921,,100,,float32,native_horizon,48,,direct_full_horizon,187030.24170766468,187030.24170766468,46.17149359075873,0.7305609102582568,0.10016802568707328,0.11590545155980565,6.517796646350673,432.46993156480215,0.6812090202965815,0.07272745598933679,0.05834431862338534,0.7305609102582568,1.0560089751972532,0.6918131639191745,-0.36843935415595336,0.05834431862338534,0.09051464705745935,0.6445842802253645,-0.4391496967654236,Energy,1
electricity/15T/short|H=48|L=8192|Hsrc=controlled|Lsrc=controlled|origins=shared_origin_v1:Hmax=720,joint-scaling,release,standard_hl_shared_origin_v1,electricity/15T/short,Granite-PatchTST-FM-r1,patchtstfm,granite-timeseries-patchtst-fm-r1,257.895552,257.895552,48,controlled,shared_origin_v1:Hmax=720,720,720,8192,controlled,125856,139536,8064,8064,256,256,100,[],merged,2,370,355200,225501006.4677921,,100,,float32,native_horizon,48,,direct_full_horizon,193831.41969876125,193831.41969876125,46.56854117178702,0.7327010616229643,0.10063297330414209,0.11631727923144092,6.543185213505379,440.2628983899975,0.693484184206791,0.07335286916593559,0.0589170861424199,0.7327010616229643,1.0560089751972532,0.6938398051835707,-0.3655141733860253,0.0589170861424199,0.09051464705745935,0.6509121789429164,-0.4293805476510251,Energy,1
electricity/15T/short|H=96|L=128|Hsrc=controlled|Lsrc=controlled|origins=shared_origin_v1:Hmax=720,joint-scaling,release,standard_hl_shared_origin_v1,electricity/15T/short,Granite-PatchTST-FM-r1,patchtstfm,granite-timeseries-patchtst-fm-r1,257.895552,257.895552,96,controlled,shared_origin_v1:Hmax=720,720,720,128,controlled,125856,139536,128,128,256,256,100,[],merged,2,370,710400,449541917.5210018,,100,,float32,native_horizon,96,,direct_full_horizon,2957622.5108277025,2957622.5108277025,173.45182929511543,2.338290360821432,0.3734914283395133,0.2964628522030942,16.599999937952127,1719.773970854223,2.7177163714388506,0.27410164598386616,0.20849038298023315,2.338290360821432,1.0749568648612153,2.175241107114863,0.7771395122427279,0.20849038298023315,0.09292762757833782,2.2435780231715925,0.8080719232624729,Energy,1
electricity/15T/short|H=96|L=256|Hsrc=controlled|Lsrc=controlled|origins=shared_origin_v1:Hmax=720,joint-scaling,release,standard_hl_shared_origin_v1,electricity/15T/short,Granite-PatchTST-FM-r1,patchtstfm,granite-timeseries-patchtst-fm-r1,257.895552,257.895552,96,controlled,shared_origin_v1:Hmax=720,720,720,256,controlled,125856,139536,256,256,256,256,100,[],merged,2,370,710400,449541917.5210018,,100,,float32,native_horizon,96,,direct_full_horizon,292375.62800957204,292375.62800957204,68.6290821632179,1.1737301507194944,0.19416261466076007,0.18372103579409488,11.517787022935956,540.7176971484954,0.854482834821172,0.10845284514868915,0.09238103709749104,1.1737301507194944,1.0749568648612153,1.0918858133633402,0.08790630533816621,0.09238103709749104,0.09292762757833782,0.9941181057228002,-0.00589926074932999,Energy,1
electricity/15T/short|H=96|L=512|Hsrc=controlled|Lsrc=controlled|origins=shared_origin_v1:Hmax=720,joint-scaling,release,standard_hl_shared_origin_v1,electricity/15T/short,Granite-PatchTST-FM-r1,patchtstfm,granite-timeseries-patchtst-fm-r1,257.895552,257.895552,96,controlled,shared_origin_v1:Hmax=720,720,720,512,controlled,125856,139536,512,512,256,256,100,[],merged,2,370,710400,449541917.5210018,,100,,float32,native_horizon,96,,direct_full_horizon,257557.83868243243,257557.83868243243,59.15717324746622,0.962483185550407,0.1582006781539232,0.1552803573952065,9.188178275322718,507.50156520195327,0.8019922011001884,0.09348462120451015,0.07586167838052552,0.962483185550407,1.0749568648612153,0.8953691231830688,-0.11051921759488188,0.07586167838052552,0.09292762757833782,0.8163522555934645,-0.2029093313912237,Energy,1
electricity/15T/short|H=96|L=1024|Hsrc=controlled|Lsrc=controlled|origins=shared_origin_v1:Hmax=720,joint-scaling,release,standard_hl_shared_origin_v1,electricity/15T/short,Granite-PatchTST-FM-r1,patchtstfm,granite-timeseries-patchtst-fm-r1,257.895552,257.895552,96,controlled,shared_origin_v1:Hmax=720,720,720,1024,controlled,125856,139536,1024,1024,256,256,100,[],merged,2,370,710400,449541917.5210018,,100,,float32,native_horizon,96,,direct_full_horizon,242392.39289660755,242392.39289660755,54.967383450344876,0.862933244173015,0.13630293534888813,0.1366762319341436,8.444911120651756,492.3336195067401,0.7780226707807472,0.08686359976942686,0.07046977914696854,0.862933244173015,1.0749568648612153,0.8027608105785955,-0.21969847917252183,0.07046977914696854,0.09292762757833782,0.7583296914317827,-0.27663703878426726,Energy,1
electricity/15T/short|H=96|L=2048|Hsrc=controlled|Lsrc=controlled|origins=shared_origin_v1:Hmax=720,joint-scaling,release,standard_hl_shared_origin_v1,electricity/15T/short,Granite-PatchTST-FM-r1,patchtstfm,granite-timeseries-patchtst-fm-r1,257.895552,257.895552,96,controlled,shared_origin_v1:Hmax=720,720,720,2048,controlled,125856,139536,2048,2048,256,256,100,[],merged,2,370,710400,449541917.5210018,,100,,float32,native_horizon,96,,direct_full_horizon,229016.0697019285,229016.0697019285,52.21812005120355,0.8159494280381454,0.11978097145318545,0.1286329628540589,8.140754377186177,478.556234628626,0.7562506094090621,0.08251900665668614,0.06679940706859537,0.8159494280381454,1.0749568648612153,0.7590531813046195,-0.27568343644610727,0.06679940706859537,0.09292762757833782,0.718832588427845,-0.33012678783298316,Energy,1
electricity/15T/short|H=96|L=4096|Hsrc=controlled|Lsrc=controlled|origins=shared_origin_v1:Hmax=720,joint-scaling,release,standard_hl_shared_origin_v1,electricity/15T/short,Granite-PatchTST-FM-r1,patchtstfm,granite-timeseries-patchtst-fm-r1,257.895552,257.895552,96,controlled,shared_origin_v1:Hmax=720,720,720,4096,controlled,125856,139536,4096,4096,256,256,100,[],merged,2,370,710400,449541917.5210018,,100,,float32,native_horizon,96,,direct_full_horizon,219429.91283220722,219429.91283220722,51.673132753114444,0.8062898053925456,0.11523510380036715,0.1270015018909901,8.08974809598403,468.4334668148799,0.7402538492080531,0.08165777667684913,0.06596388002000975,0.8062898053925456,1.0749568648612153,0.7500671252484568,-0.28759257612542094,0.06596388002000975,0.09292762757833782,0.7098414297126258,-0.34271367232343924,Energy,1
electricity/15T/short|H=96|L=6144|Hsrc=controlled|Lsrc=controlled|origins=shared_origin_v1:Hmax=720,joint-scaling-l6144,release,standard_hl_shared_origin_v1,electricity/15T/short,Granite-PatchTST-FM-r1,patchtstfm,granite-timeseries-patchtst-fm-r1,257.895552,257.895552,96,controlled,shared_origin_v1:Hmax=720,720,720,6144,controlled,125856,139536,6144,6144,256,256,100,[],merged,6,370,710400,449541917.5210018,,100,,float32,native_horizon,96,,direct_full_horizon,225011.62907587274,225011.62907587274,52.11564028628238,0.8077483971848033,0.11415943353478626,0.1269230724025417,8.091089927142988,474.35390698915165,0.7496097747310743,0.08235706041282646,0.06654402845019058,0.8077483971848033,1.0749568648612153,0.7514240092685853,-0.2857851936396962,0.06654402845019058,0.09292762757833782,0.7160844431769668,-0.3339571815775612,Energy,1
electricity/15T/short|H=96|L=8192|Hsrc=controlled|Lsrc=controlled|origins=shared_origin_v1:Hmax=720,joint-scaling,release,standard_hl_shared_origin_v1,electricity/15T/short,Granite-PatchTST-FM-r1,patchtstfm,granite-timeseries-patchtst-fm-r1,257.895552,257.895552,96,controlled,shared_origin_v1:Hmax=720,720,720,8192,controlled,125856,139536,8064,8064,256,256,100,[],merged,2,370,710400,449541917.5210018,,100,,float32,native_horizon,96,,direct_full_horizon,230158.9909445383,230158.9909445383,52.39214224600577,0.8097597885784873,0.11457816082114618,0.12724397779585006,8.107289514074871,479.7488832134352,0.758135322539532,0.08279400963720736,0.06702452276874356,0.8097597885784873,1.0749568648612153,0.753295146110847,-0.2832981676720479,0.06702452276874356,0.09292762757833782,0.7212550725266499,-0.3267624282186665,Energy,1
electricity/15T/short|H=192|L=128|Hsrc=controlled|Lsrc=controlled|origins=shared_origin_v1:Hmax=720,joint-scaling,release,standard_hl_shared_origin_v1,electricity/15T/short,Granite-PatchTST-FM-r1,patchtstfm,granite-timeseries-patchtst-fm-r1,257.895552,257.895552,192,controlled,shared_origin_v1:Hmax=720,720,720,128,controlled,125856,139536,128,128,256,256,100,[],merged,2,370,1420800,899544419.732925,,100,,float32,native_horizon,192,,direct_full_horizon,3579079.15120777,3579079.15120777,190.68893264358107,2.527669648486984,0.4091009764356838,0.3176896296320735,18.0088445198385,1891.845435337615,2.9881059073500027,0.30118672247496064,0.22602566275814445,2.527669648486984,1.1437313288387232,2.210020469626752,0.7930017777613152,0.22602566275814445,0.10019956699000873,2.255754885454568,0.8134846776685021,Energy,1
electricity/15T/short|H=192|L=256|Hsrc=controlled|Lsrc=controlled|origins=shared_origin_v1:Hmax=720,joint-scaling,release,standard_hl_shared_origin_v1,electricity/15T/short,Granite-PatchTST-FM-r1,patchtstfm,granite-timeseries-patchtst-fm-r1,257.895552,257.895552,192,controlled,shared_origin_v1:Hmax=720,720,720,256,controlled,125856,139536,256,256,256,256,100,[],merged,2,370,1420800,899544419.732925,,100,,float32,native_horizon,192,,direct_full_horizon,356717.5536134572,356717.5536134572,78.26236680039415,1.3244082160561064,0.23597301680924498,0.20203105943696992,12.970016992641446,597.258364205523,0.9433493947026563,0.1236127625393017,0.10667128333502549,1.3244082160561064,1.1437313288387232,1.1579714419476748,0.14666971731619757,0.10667128333502549,0.10019956699000873,1.0645882665906339,0.06258812027049136,Energy,1
electricity/15T/short|H=192|L=512|Hsrc=controlled|Lsrc=controlled|origins=shared_origin_v1:Hmax=720,joint-scaling,release,standard_hl_shared_origin_v1,electricity/15T/short,Granite-PatchTST-FM-r1,patchtstfm,granite-timeseries-patchtst-fm-r1,257.895552,257.895552,192,controlled,shared_origin_v1:Hmax=720,720,720,512,controlled,125856,139536,512,512,256,256,100,[],merged,2,370,1420800,899544419.732925,,100,,float32,native_horizon,192,,direct_full_horizon,281311.37531179615,281311.37531179615,63.72768081802506,1.0247255078227038,0.17657517942206624,0.16316613515218098,9.904747573567672,530.3879479322623,0.8377298328924044,0.10065571740540909,0.08205086330767795,1.0247255078227038,1.1437313288387232,0.8959494961663323,-0.10987123348161261,0.08205086330767795,0.10019956699000873,0.8188744300248278,-0.19982452797695424,Energy,1
electricity/15T/short|H=192|L=1024|Hsrc=controlled|Lsrc=controlled|origins=shared_origin_v1:Hmax=720,joint-scaling,release,standard_hl_shared_origin_v1,electricity/15T/short,Granite-PatchTST-FM-r1,patchtstfm,granite-timeseries-patchtst-fm-r1,257.895552,257.895552,192,controlled,shared_origin_v1:Hmax=720,720,720,1024,controlled,125856,139536,1024,1024,256,256,100,[],merged,2,370,1420800,899544419.732925,,100,,float32,native_horizon,192,,direct_full_horizon,269427.4628417089,269427.4628417089,59.62258912232545,0.9169584421097944,0.153920237378229,0.14334896740612682,9.077770772540102,519.0640257634013,0.819844080655406,0.09417186385320576,0.07657085665282914,0.9169584421097944,1.1437313288387232,0.8017253868885619,-0.2209891401148256,0.07657085665282914,0.10019956699000873,0.7641835085022304,-0.2689473242830199,Energy,1
electricity/15T/short|H=192|L=2048|Hsrc=controlled|Lsrc=controlled|origins=shared_origin_v1:Hmax=720,joint-scaling,release,standard_hl_shared_origin_v1,electricity/15T/short,Granite-PatchTST-FM-r1,patchtstfm,granite-timeseries-patchtst-fm-r1,257.895552,257.895552,192,controlled,shared_origin_v1:Hmax=720,720,720,2048,controlled,125856,139536,2048,2048,256,256,100,[],merged,2,370,1420800,899544419.732925,,100,,float32,native_horizon,192,,direct_full_horizon,251624.46110677085,251624.46110677085,56.2359851184192,0.8563187941699164,0.1290326494928047,0.13267525440937764,8.643630358615768,501.62183077171875,0.792294723335686,0.08882283732022078,0.0719251131526808,0.8563187941699164,1.1437313288387232,0.7487062499541492,-0.2894085620387219,0.0719251131526808,0.10019956699000873,0.7178186025479802,-0.3315383845442891,Energy,1
electricity/15T/short|H=192|L=4096|Hsrc=controlled|Lsrc=controlled|origins=shared_origin_v1:Hmax=720,joint-scaling,release,standard_hl_shared_origin_v1,electricity/15T/short,Granite-PatchTST-FM-r1,patchtstfm,granite-timeseries-patchtst-fm-r1,257.895552,257.895552,192,controlled,shared_origin_v1:Hmax=720,720,720,4096,controlled,125856,139536,4096,4096,256,256,100,[],merged,2,370,1420800,899544419.732925,,100,,float32,native_horizon,192,,direct_full_horizon,244369.85611416103,244369.85611416103,55.62642023859797,0.8446574335145414,0.12368290462791916,0.1306511485469234,8.529192798449523,494.33779555498387,0.7807898359627983,0.08786005020015045,0.07096579163759738,0.8446574335145414,1.1437313288387232,0.7385103583480189,-0.303120150909991,0.07096579163759738,0.10019956699000873,0.7082444941570819,-0.3449659141710085,Energy,1
electricity/15T/short|H=192|L=6144|Hsrc=controlled|Lsrc=controlled|origins=shared_origin_v1:Hmax=720,joint-scaling-l6144,release,standard_hl_shared_origin_v1,electricity/15T/short,Granite-PatchTST-FM-r1,patchtstfm,granite-timeseries-patchtst-fm-r1,257.895552,257.895552,192,controlled,shared_origin_v1:Hmax=720,720,720,6144,controlled,125856,139536,6144,6144,256,256,100,[],merged,6,370,1420800,899544419.7329249,,100,,float32,native_horizon,192,,direct_full_horizon,245685.32718890766,245685.32718890766,55.78562796927787,0.8463723599183901,0.12217660193221425,0.13051839759757927,8.53095540302435,495.6665483860169,0.7828885561381648,0.08811151342841123,0.07114399104844803,0.8463723599183901,1.1437313288387232,0.7400097720307673,-0.30109188742412984,0.07114399104844803,0.10019956699000873,0.7100229390765935,-0.34245800091010375,Energy,1
electricity/15T/short|H=192|L=8192|Hsrc=controlled|Lsrc=controlled|origins=shared_origin_v1:Hmax=720,joint-scaling,release,standard_hl_shared_origin_v1,electricity/15T/short,Granite-PatchTST-FM-r1,patchtstfm,granite-timeseries-patchtst-fm-r1,257.895552,257.895552,192,controlled,shared_origin_v1:Hmax=720,720,720,8192,controlled,125856,139536,8000,8000,256,256,100,[],merged,2,370,1420800,899544419.732925,,100,,float32,native_horizon,192,,direct_full_horizon,247692.5128709178,247692.5128709178,55.84860432942708,0.8477678218110393,0.12074434662262602,0.13057792216807873,8.532043829293052,497.68716365897745,0.7860800496507081,0.08821098246022019,0.07136035874354567,0.8477678218110393,1.1437313288387232,0.7412298679199532,-0.299444488674845,0.07136035874354567,0.10019956699000873,0.7121823066427151,-0.33942135168952503,Energy,1
electricity/15T/short|H=336|L=128|Hsrc=controlled|Lsrc=controlled|origins=shared_origin_v1:Hmax=720,joint-scaling,release,standard_hl_shared_origin_v1,electricity/15T/short,Granite-PatchTST-FM-r1,patchtstfm,granite-timeseries-patchtst-fm-r1,257.895552,257.895552,336,controlled,shared_origin_v1:Hmax=720,720,720,128,controlled,125856,139536,128,128,256,256,100,[],merged,2,370,2486400,1571221544.6917512,,100,,float32,native_horizon,336,,direct_full_horizon,3662294.9225370013,3662294.9225370013,192.51314953346204,2.5465903465418225,0.4112174736533406,0.3225244678708424,19.158265003038323,1913.7123405927553,3.0283790212304664,0.30464494113967006,0.2294748875632823,2.5465903465418225,1.1622606248712446,2.1910665233315756,0.7843884222389353,0.2294748875632823,0.10413680885837828,2.2035905466947674,0.7900880966701956,Energy,1
electricity/15T/short|H=336|L=256|Hsrc=controlled|Lsrc=controlled|origins=shared_origin_v1:Hmax=720,joint-scaling,release,standard_hl_shared_origin_v1,electricity/15T/short,Granite-PatchTST-FM-r1,patchtstfm,granite-timeseries-patchtst-fm-r1,257.895552,257.895552,336,controlled,shared_origin_v1:Hmax=720,720,720,256,controlled,125856,139536,256,256,256,256,100,[],merged,2,370,2486400,1571221544.6917512,,100,,float32,native_horizon,336,,direct_full_horizon,545367.761320785,545367.761320785,91.26159326737452,1.4565152184723307,0.2522764687984797,0.21895905326538873,13.943979554040402,738.4901904025436,1.1686334213149516,0.14441809703196037,0.1244610217308573,1.4565152184723307,1.1622606248712446,1.2531743632231227,0.22567982283520116,0.1244610217308573,0.10413680885837828,1.1951683856581308,0.17828708395733156,Energy,1
electricity/15T/short|H=336|L=512|Hsrc=controlled|Lsrc=controlled|origins=shared_origin_v1:Hmax=720,joint-scaling,release,standard_hl_shared_origin_v1,electricity/15T/short,Granite-PatchTST-FM-r1,patchtstfm,granite-timeseries-patchtst-fm-r1,257.895552,257.895552,336,controlled,shared_origin_v1:Hmax=720,720,720,512,controlled,125856,139536,512,512,256,256,100,[],merged,2,370,2486400,1571221544.6917512,,100,,float32,native_horizon,336,,direct_full_horizon,318536.4167752574,318536.4167752574,65.0210131615991,1.0253630934174294,0.17513637527260764,0.16290400894145401,9.647927012762594,564.3903053519412,0.8931267904058506,0.10289334923593907,0.08419497732853573,1.0253630934174294,1.1622606248712446,0.8822144289117764,-0.12532013584339824,0.08419497732853573,0.10413680885837828,0.8085035277299248,-0.21257023667217578,Energy,1
electricity/15T/short|H=336|L=1024|Hsrc=controlled|Lsrc=controlled|origins=shared_origin_v1:Hmax=720,joint-scaling,release,standard_hl_shared_origin_v1,electricity/15T/short,Granite-PatchTST-FM-r1,patchtstfm,granite-timeseries-patchtst-fm-r1,257.895552,257.895552,336,controlled,shared_origin_v1:Hmax=720,720,720,1024,controlled,125856,139536,1024,1024,256,256,100,[],merged,2,370,2486400,1571221544.6917512,,100,,float32,native_horizon,336,,direct_full_horizon,309150.9931559685,309150.9931559685,60.70619211007883,0.9194324151397236,0.1555125422188627,0.14334288843810328,8.452686946522096,556.0134828904498,0.8798707785858637,0.09606530445845689,0.07779166185107383,0.9194324151397236,1.1622606248712446,0.7910724973941008,-0.2343656625773051,0.07779166185107383,0.10413680885837828,0.747014074119241,-0.2916712531710621,Energy,1
electricity/15T/short|H=336|L=2048|Hsrc=controlled|Lsrc=controlled|origins=shared_origin_v1:Hmax=720,joint-scaling,release,standard_hl_shared_origin_v1,electricity/15T/short,Granite-PatchTST-FM-r1,patchtstfm,granite-timeseries-patchtst-fm-r1,257.895552,257.895552,336,controlled,shared_origin_v1:Hmax=720,720,720,2048,controlled,125856,139536,2048,2048,256,256,100,[],merged,2,370,2486400,1571221544.6917512,,100,,float32,native_horizon,336,,direct_full_horizon,302199.0112616634,302199.0112616634,57.23310338240026,0.8559848992848329,0.13065830191411942,0.13161703868262095,7.803307781913552,549.7263057755772,0.8699215532641817,0.09056926996117398,0.07288331567679726,0.8559848992848329,1.1622606248712446,0.7364827483333689,-0.3058694672052966,0.07288331567679726,0.10413680885837828,0.6998804406990763,-0.35684575752786246,Energy,1
electricity/15T/short|H=336|L=4096|Hsrc=controlled|Lsrc=controlled|origins=shared_origin_v1:Hmax=720,joint-scaling,release,standard_hl_shared_origin_v1,electricity/15T/short,Granite-PatchTST-FM-r1,patchtstfm,granite-timeseries-patchtst-fm-r1,257.895552,257.895552,336,controlled,shared_origin_v1:Hmax=720,720,720,4096,controlled,125856,139536,4096,4096,256,256,100,[],merged,2,370,2486400,1571221544.6917512,,100,,float32,native_horizon,336,,direct_full_horizon,294683.883936213,294683.883936213,56.762447778414575,0.8439421194600721,0.12489548173233332,0.12938564226894306,7.62568905631243,542.8479381338875,0.859036790792539,0.08982447486992567,0.07196986118298525,0.8439421194600721,1.1622606248712446,0.7261212342572168,-0.32003828876349866,0.07196986118298525,0.10413680885837828,0.6911087632890812,-0.3694580677610414,Energy,1
electricity/15T/short|H=336|L=6144|Hsrc=controlled|Lsrc=controlled|origins=shared_origin_v1:Hmax=720,joint-scaling-l6144,release,standard_hl_shared_origin_v1,electricity/15T/short,Granite-PatchTST-FM-r1,patchtstfm,granite-timeseries-patchtst-fm-r1,257.895552,257.895552,336,controlled,shared_origin_v1:Hmax=720,720,720,6144,controlled,125856,139536,6144,6144,256,256,100,[],merged,6,370,2486400,1571221544.6917512,,100,,float32,native_horizon,336,,direct_full_horizon,291256.83484938066,291256.83484938066,56.65839329703587,0.8458459251958441,0.12214641161607455,0.12913881063768148,7.597042596492887,539.6821609515926,0.8540270654532633,0.08965981250046283,0.07186857036821657,0.8458459251958441,1.1622606248712446,0.7277592539018923,-0.3177849806668715,0.07186857036821657,0.10413680885837828,0.6901360926658971,-0.3708664650915678,Energy,1
electricity/15T/short|H=336|L=8192|Hsrc=controlled|Lsrc=controlled|origins=shared_origin_v1:Hmax=720,joint-scaling,release,standard_hl_shared_origin_v1,electricity/15T/short,Granite-PatchTST-FM-r1,patchtstfm,granite-timeseries-patchtst-fm-r1,257.895552,257.895552,336,controlled,shared_origin_v1:Hmax=720,720,720,8192,controlled,125856,139536,7856,7856,256,256,100,[],merged,2,370,2486400,1571221544.6917512,,100,,float32,native_horizon,336,,direct_full_horizon,291253.97024332365,291253.97024332365,56.64611299217744,0.8475357602715403,0.12055900663176489,0.12907877545252422,7.587730529738391,539.6795069699457,0.8540228656254357,0.08964037937207738,0.07194992670713915,0.8475357602715403,1.1622606248712446,0.7292131748551927,-0.3157891687939546,0.07194992670713915,0.10413680885837828,0.6909173374516214,-0.36973508979207453,Energy,1
electricity/15T/short|H=720|L=128|Hsrc=controlled|Lsrc=controlled|origins=shared_origin_v1:Hmax=720,joint-scaling,release,standard_hl_shared_origin_v1,electricity/15T/short,Granite-PatchTST-FM-r1,patchtstfm,granite-timeseries-patchtst-fm-r1,257.895552,257.895552,720,controlled,shared_origin_v1:Hmax=720,720,720,128,controlled,125856,139536,128,128,256,256,100,[],merged,2,370,5328000,3377233537.273105,,100,,float32,native_horizon,720,,direct_full_horizon,3638816.538036036,3638816.538036036,210.96492961711712,2.760344688209545,0.4053010317275847,0.3400036833708709,19.6537893174924,1907.5682263122428,3.0094227709221464,0.332823043652342,0.24236069480636416,2.760344688209545,1.1635317074801095,2.3723845860528323,0.86389560376559,0.24236069480636416,0.11255332059997462,2.153296708746048,0.767000020659489,Energy,1
electricity/15T/short|H=720|L=256|Hsrc=controlled|Lsrc=controlled|origins=shared_origin_v1:Hmax=720,joint-scaling,release,standard_hl_shared_origin_v1,electricity/15T/short,Granite-PatchTST-FM-r1,patchtstfm,granite-timeseries-patchtst-fm-r1,257.895552,257.895552,720,controlled,shared_origin_v1:Hmax=720,720,720,256,controlled,125856,139536,256,256,256,256,100,[],merged,2,370,5328000,3377233537.273105,,100,,float32,native_horizon,720,,direct_full_horizon,1689560.6510345344,1689560.6510345344,135.99117032657657,1.8904410272514602,0.33303618075498337,0.25829416452585396,15.598034476273948,1299.831008644791,2.0506427931695046,0.21454274556477235,0.17457120256333797,1.8904410272514602,1.1635317074801095,1.624743885446523,0.4853501944041183,0.17457120256333797,0.11255332059997462,1.5510089052261806,0.43890562578087217,Energy,1
electricity/15T/short|H=720|L=512|Hsrc=controlled|Lsrc=controlled|origins=shared_origin_v1:Hmax=720,joint-scaling,release,standard_hl_shared_origin_v1,electricity/15T/short,Granite-PatchTST-FM-r1,patchtstfm,granite-timeseries-patchtst-fm-r1,257.895552,257.895552,720,controlled,shared_origin_v1:Hmax=720,720,720,512,controlled,125856,139536,512,512,256,256,100,[],merged,2,370,5328000,3377233537.273105,,100,,float32,native_horizon,720,,direct_full_horizon,424549.1630427928,424549.1630427928,72.80097576482733,1.1109610860481896,0.19232698134924262,0.1729263450462181,10.942397781734874,651.5743726105201,1.0279384647091747,0.1148524656628249,0.09750325385966556,1.1109610860481896,1.1635317074801095,0.9548180585935441,-0.04623447121334517,0.09750325385966556,0.11255332059997462,0.8662850046530528,-0.1435413198825688,Energy,1
electricity/15T/short|H=720|L=1024|Hsrc=controlled|Lsrc=controlled|origins=shared_origin_v1:Hmax=720,joint-scaling,release,standard_hl_shared_origin_v1,electricity/15T/short,Granite-PatchTST-FM-r1,patchtstfm,granite-timeseries-patchtst-fm-r1,257.895552,257.895552,720,controlled,shared_origin_v1:Hmax=720,720,720,1024,controlled,125856,139536,1024,1024,256,256,100,[],merged,2,370,5328000,3377233537.273105,,100,,float32,native_horizon,720,,direct_full_horizon,338366.024051051,338366.024051051,63.0720625,0.9556232069813718,0.15850083584284966,0.14661673642636777,8.925409285143536,581.6923792272432,0.9176910516603478,0.09950391208993403,0.08149788907220018,0.9556232069813718,1.1635317074801095,0.8213125614350377,-0.19685153377723263,0.08149788907220018,0.11255332059997462,0.7240824938595242,-0.3228499512923711,Energy,1
electricity/15T/short|H=720|L=2048|Hsrc=controlled|Lsrc=controlled|origins=shared_origin_v1:Hmax=720,joint-scaling,release,standard_hl_shared_origin_v1,electricity/15T/short,Granite-PatchTST-FM-r1,patchtstfm,granite-timeseries-patchtst-fm-r1,257.895552,257.895552,720,controlled,shared_origin_v1:Hmax=720,720,720,2048,controlled,125856,139536,2048,2048,256,256,100,[],merged,2,370,5328000,3377233537.273105,,100,,float32,native_horizon,720,,direct_full_horizon,339204.60633671173,339204.60633671173,59.834980621246245,0.8953531139755088,0.13915603673850765,0.13536040324992962,7.758378098289096,582.4127456853187,0.918827518074727,0.09439701851575558,0.0755970937649738,0.8953531139755088,1.1635317074801095,0.7695132914895787,-0.2619970529614373,0.0755970937649738,0.11255332059997462,0.6716558282065545,-0.39800923006484024,Energy,1
electricity/15T/short|H=720|L=4096|Hsrc=controlled|Lsrc=controlled|origins=shared_origin_v1:Hmax=720,joint-scaling,release,standard_hl_shared_origin_v1,electricity/15T/short,Granite-PatchTST-FM-r1,patchtstfm,granite-timeseries-patchtst-fm-r1,257.895552,257.895552,720,controlled,shared_origin_v1:Hmax=720,720,720,4096,controlled,125856,139536,4096,4096,256,256,100,[],merged,2,370,5328000,3377233537.273105,,100,,float32,native_horizon,720,,direct_full_horizon,336977.50962687685,336977.50962687685,59.14541427364865,0.8812478498038431,0.1342537582581619,0.13247162158496387,7.450664418874211,580.4976396393674,0.9158062034690847,0.09330914305216932,0.07421434681285702,0.8812478498038431,1.1635317074801095,0.7573904897807935,-0.27787631999571283,0.07421434681285702,0.11255332059997462,0.6593705669210949,-0.41646958549314816,Energy,1
electricity/15T/short|H=720|L=6144|Hsrc=controlled|Lsrc=controlled|origins=shared_origin_v1:Hmax=720,joint-scaling-l6144,release,standard_hl_shared_origin_v1,electricity/15T/short,Granite-PatchTST-FM-r1,patchtstfm,granite-timeseries-patchtst-fm-r1,257.895552,257.895552,720,controlled,shared_origin_v1:Hmax=720,720,720,6144,controlled,125856,139536,6144,6144,256,256,100,[],merged,6,370,5328000,3377233537.273105,,100,,float32,native_horizon,720,,direct_full_horizon,336097.1848798799,336097.1848798799,59.27392234421922,0.8855890207200121,0.13176991931080592,0.13229482509853605,7.417955428642464,579.7388937098148,0.9146091887326028,0.09351188029033879,0.07453666395162394,0.8855890207200121,1.1635317074801095,0.7611215191014906,-0.27296225042369826,0.07453666395162394,0.11255332059997462,0.6622342508803845,-0.41213593234280843,Energy,1
electricity/15T/short|H=720|L=8192|Hsrc=controlled|Lsrc=controlled|origins=shared_origin_v1:Hmax=720,joint-scaling,release,standard_hl_shared_origin_v1,electricity/15T/short,Granite-PatchTST-FM-r1,patchtstfm,granite-timeseries-patchtst-fm-r1,257.895552,257.895552,720,controlled,shared_origin_v1:Hmax=720,720,720,8192,controlled,125856,139536,7472,7472,256,256,100,[],merged,2,370,5328000,3377233537.273105,,100,,float32,native_horizon,720,,direct_full_horizon,329247.7966313814,329247.7966313814,59.15587455424174,0.8856989633964432,0.12999017411497818,0.13215829275320243,7.376076028598251,573.8011821453327,0.9052417206951083,0.09332564542737817,0.074437194987779,0.8856989633964432,1.1635317074801095,0.7612160095874174,-0.2728381117431922,0.074437194987779,0.11255332059997462,0.6613505011756693,-0.41347132070335296,Energy,1
electricity/H/short|H=48|L=128|Hsrc=controlled|Lsrc=controlled|origins=shared_origin_v1:Hmax=720,joint-scaling,release,standard_hl_shared_origin_v1,electricity/H/short,Granite-PatchTST-FM-r1,patchtstfm,granite-timeseries-patchtst-fm-r1,257.895552,257.895552,48,controlled,shared_origin_v1:Hmax=720,720,720,128,controlled,31464,34344,128,128,256,256,100,[],merged,2,370,88800,233807888.7616248,,100,,float32,native_horizon,48,,direct_full_horizon,4279339.133693694,4279339.133693694,214.14956996058558,0.9190671594104581,0.1508309533242792,0.12463278624388549,8.30036510235028,2068.656359498526,0.7856735959442078,0.08133379037474632,0.06534685312061056,0.9190671594104581,1.094084047932727,0.8400334153002564,-0.17431360781663283,0.06534685312061056,0.08020420811235865,0.8147559169098171,-0.20486669905110966,Energy,1
electricity/H/short|H=48|L=256|Hsrc=controlled|Lsrc=controlled|origins=shared_origin_v1:Hmax=720,joint-scaling,release,standard_hl_shared_origin_v1,electricity/H/short,Granite-PatchTST-FM-r1,patchtstfm,granite-timeseries-patchtst-fm-r1,257.895552,257.895552,48,controlled,shared_origin_v1:Hmax=720,720,720,256,controlled,31464,34344,256,256,256,256,100,[],merged,2,370,88800,233807888.7616248,,100,,float32,native_horizon,48,,direct_full_horizon,3215848.289009009,3215848.289009009,187.4653490990991,0.7987934256249816,0.13083049925774368,0.10717164391869897,7.1059828346094545,1793.2786423222155,0.68108541709885,0.07119915024326706,0.056951100832143935,0.7987934256249816,1.094084047932727,0.7301024332950495,-0.31457043510131233,0.056951100832143935,0.08020420811235865,0.710076218848277,-0.34238296421789655,Energy,1
electricity/H/short|H=48|L=512|Hsrc=controlled|Lsrc=controlled|origins=shared_origin_v1:Hmax=720,joint-scaling,release,standard_hl_shared_origin_v1,electricity/H/short,Granite-PatchTST-FM-r1,patchtstfm,granite-timeseries-patchtst-fm-r1,257.895552,257.895552,48,controlled,shared_origin_v1:Hmax=720,720,720,512,controlled,31464,34344,512,512,256,256,100,[],merged,2,370,88800,233807888.7616248,,100,,float32,native_horizon,48,,direct_full_horizon,2837634.581081081,2837634.581081081,176.5534959177928,0.755373533333271,0.08867146253278126,0.10090458775425816,6.617569025538613,1684.5279994945413,0.6397820327936986,0.06705483942624456,0.053125778397526635,0.755373533333271,1.094084047932727,0.6904163667869485,-0.3704604332555694,0.053125778397526635,0.08020420811235865,0.6623814341898664,-0.41191370439888997,Energy,1
electricity/H/short|H=48|L=1024|Hsrc=controlled|Lsrc=controlled|origins=shared_origin_v1:Hmax=720,joint-scaling,release,standard_hl_shared_origin_v1,electricity/H/short,Granite-PatchTST-FM-r1,patchtstfm,granite-timeseries-patchtst-fm-r1,257.895552,257.895552,48,controlled,shared_origin_v1:Hmax=720,720,720,1024,controlled,31464,34344,1024,1024,256,256,100,[],merged,2,370,88800,233807888.7616248,,100,,float32,native_horizon,48,,direct_full_horizon,2714709.498918919,2714709.498918919,173.99333192567568,0.7389781720241959,0.08549120663732351,0.10000487456450591,6.5137932453954885,1647.6375508341994,0.6257710776527527,0.06608249172786648,0.052396670979648584,0.7389781720241959,1.094084047932727,0.6754308989519553,-0.392404422962596,0.052396670979648584,0.08020420811235865,0.6532907962415851,-0.4257329253387803,Energy,1
electricity/H/short|H=48|L=2048|Hsrc=controlled|Lsrc=controlled|origins=shared_origin_v1:Hmax=720,joint-scaling,release,standard_hl_shared_origin_v1,electricity/H/short,Granite-PatchTST-FM-r1,patchtstfm,granite-timeseries-patchtst-fm-r1,257.895552,257.895552,48,controlled,shared_origin_v1:Hmax=720,720,720,2048,controlled,31464,34344,2048,2048,256,256,100,[],merged,2,370,88800,233807888.7616248,,100,,float32,native_horizon,48,,direct_full_horizon,2729630.061981982,2729630.061981982,177.5881714527027,0.7434010645836654,0.08321439587142168,0.10021396190196544,6.568259026478028,1652.159212056145,0.6274884000178597,0.06744780814935583,0.05349313348067674,0.7434010645836654,1.094084047932727,0.6794734517776057,-0.3864371163858326,0.05349313348067674,0.08020420811235865,0.6669616811843317,-0.405022684215552,Energy,1
electricity/H/short|H=48|L=4096|Hsrc=controlled|Lsrc=controlled|origins=shared_origin_v1:Hmax=720,joint-scaling,release,standard_hl_shared_origin_v1,electricity/H/short,Granite-PatchTST-FM-r1,patchtstfm,granite-timeseries-patchtst-fm-r1,257.895552,257.895552,48,controlled,shared_origin_v1:Hmax=720,720,720,4096,controlled,31464,34344,4096,4096,256,256,100,[],merged,2,370,88800,233807888.7616248,,100,,float32,native_horizon,48,,direct_full_horizon,2607397.4576576576,2607397.4576576576,175.89210550394142,0.7458259468423142,0.08473109062548248,0.10058887034923107,6.605397110827991,1614.7437746149255,0.6132780546681881,0.06680364401508423,0.05312104881921911,0.7458259468423142,1.094084047932727,0.6816898100758833,-0.3831805485381093,0.05312104881921911,0.08020420811235865,0.6623224649858952,-0.41200273441389457,Energy,1
electricity/H/short|H=48|L=6144|Hsrc=controlled|Lsrc=controlled|origins=shared_origin_v1:Hmax=720,joint-scaling-l6144,release,standard_hl_shared_origin_v1,electricity/H/short,Granite-PatchTST-FM-r1,patchtstfm,granite-timeseries-patchtst-fm-r1,257.895552,257.895552,48,controlled,shared_origin_v1:Hmax=720,720,720,6144,controlled,31464,34344,6144,6144,256,256,100,[],merged,6,370,88800,233807888.7616248,,100,,float32,native_horizon,48,,direct_full_horizon,2471316.4765315317,2471316.4765315317,172.8277248733108,0.7432374180110506,0.08610511961368715,0.10032977851661476,6.569628882504065,1572.0421357366765,0.597060015351925,0.06563979534666985,0.05235805009148794,0.7432374180110506,1.094084047932727,0.6793238777362658,-0.38665727290026664,0.05235805009148794,0.08020420811235865,0.6528092642986908,-0.4264702837989162,Energy,1
electricity/H/short|H=48|L=8192|Hsrc=controlled|Lsrc=controlled|origins=shared_origin_v1:Hmax=720,joint-scaling,release,standard_hl_shared_origin_v1,electricity/H/short,Granite-PatchTST-FM-r1,patchtstfm,granite-timeseries-patchtst-fm-r1,257.895552,257.895552,48,controlled,shared_origin_v1:Hmax=720,720,720,8192,controlled,31464,34344,8064,8064,256,256,100,[],merged,2,370,88800,233807888.7616248,,100,,float32,native_horizon,48,,direct_full_horizon,2377173.7075675675,2377173.7075675675,171.21629222972973,0.7442699357444538,0.08588993967519162,0.10050073228440844,6.550497504800158,1541.8085833097334,0.5855773426767966,0.06502777485622398,0.051886012055726086,0.7442699357444538,1.094084047932727,0.6802676057207421,-0.38526902040306366,0.051886012055726086,0.08020420811235865,0.6469238120653046,-0.4355267471100297,Energy,1
electricity/H/short|H=96|L=128|Hsrc=controlled|Lsrc=controlled|origins=shared_origin_v1:Hmax=720,joint-scaling,release,standard_hl_shared_origin_v1,electricity/H/short,Granite-PatchTST-FM-r1,patchtstfm,granite-timeseries-patchtst-fm-r1,257.895552,257.895552,96,controlled,shared_origin_v1:Hmax=720,720,720,128,controlled,31464,34344,128,128,256,256,100,[],merged,2,370,177600,461364305.2107418,,100,,float32,native_horizon,96,,direct_full_horizon,6941089.078918919,6941089.078918919,246.5394946509009,0.9747179420926733,0.19816559008755677,0.12641434815552857,8.615913485521025,2634.5946707072267,1.014174716667503,0.09490420857330893,0.07707070353552581,0.9747179420926733,1.2416698443439862,0.7850057296089428,-0.24206426236146997,0.07707070353552581,0.09885782226113703,0.7796115853325228,-0.24895945084790894,Energy,1
electricity/H/short|H=96|L=256|Hsrc=controlled|Lsrc=controlled|origins=shared_origin_v1:Hmax=720,joint-scaling,release,standard_hl_shared_origin_v1,electricity/H/short,Granite-PatchTST-FM-r1,patchtstfm,granite-timeseries-patchtst-fm-r1,257.895552,257.895552,96,controlled,shared_origin_v1:Hmax=720,720,720,256,controlled,31464,34344,256,256,256,256,100,[],merged,2,370,177600,461364305.2107418,,100,,float32,native_horizon,96,,direct_full_horizon,6212540.500900901,6212540.500900901,229.0483769707207,0.900252930818952,0.18816800383879295,0.11438471132570559,7.718167547517939,2492.496840700285,0.9594748312966455,0.08817108582212199,0.0709702964146441,0.900252930818952,1.2416698443439862,0.7250340619285832,-0.32153664326062087,0.0709702964146441,0.09885782226113703,0.7179026888451288,-0.33142124997541594,Energy,1
electricity/H/short|H=96|L=512|Hsrc=controlled|Lsrc=controlled|origins=shared_origin_v1:Hmax=720,joint-scaling,release,standard_hl_shared_origin_v1,electricity/H/short,Granite-PatchTST-FM-r1,patchtstfm,granite-timeseries-patchtst-fm-r1,257.895552,257.895552,96,controlled,shared_origin_v1:Hmax=720,720,720,512,controlled,31464,34344,512,512,256,256,100,[],merged,2,370,177600,461364305.2107418,,100,,float32,native_horizon,96,,direct_full_horizon,5657343.707567568,5657343.707567568,221.37512246621623,0.8661419541893538,0.11567676291390534,0.10927920229800113,7.019800551903184,2378.517123664988,0.915598880086631,0.08521730291215561,0.06747222532687684,0.8661419541893538,1.2416698443439862,0.6975622047477236,-0.3601635868291209,0.06747222532687684,0.09885782226113703,0.6825178198711092,-0.38196664256261575,Energy,1
electricity/H/short|H=96|L=1024|Hsrc=controlled|Lsrc=controlled|origins=shared_origin_v1:Hmax=720,joint-scaling,release,standard_hl_shared_origin_v1,electricity/H/short,Granite-PatchTST-FM-r1,patchtstfm,granite-timeseries-patchtst-fm-r1,257.895552,257.895552,96,controlled,shared_origin_v1:Hmax=720,720,720,1024,controlled,31464,34344,1024,1024,256,256,100,[],merged,2,370,177600,461364305.2107418,,100,,float32,native_horizon,96,,direct_full_horizon,5175741.6086486485,5175741.6086486485,216.3395213963964,0.8500657385110603,0.09471665297412458,0.10825465915439365,7.002141101628975,2275.0256281300763,0.8757603199739135,0.08327887217553526,0.0665315783833159,0.8500657385110603,1.2416698443439862,0.6846149500877805,-0.37889871542688597,0.0665315783833159,0.09885782226113703,0.6730026705177663,-0.39600598126539155,Energy,1
electricity/H/short|H=96|L=2048|Hsrc=controlled|Lsrc=controlled|origins=shared_origin_v1:Hmax=720,joint-scaling,release,standard_hl_shared_origin_v1,electricity/H/short,Granite-PatchTST-FM-r1,patchtstfm,granite-timeseries-patchtst-fm-r1,257.895552,257.895552,96,controlled,shared_origin_v1:Hmax=720,720,720,2048,controlled,31464,34344,2048,2048,256,256,100,[],merged,2,370,177600,461364305.2107418,,100,,float32,native_horizon,96,,direct_full_horizon,5193850.34,5193850.34,218.98932432432431,0.8473004499427028,0.10082601005711996,0.10810324110426345,7.088905811140443,2279.00204914344,0.8772910243738796,0.08429890123865282,0.06753146307824455,0.8473004499427028,1.2416698443439862,0.682387877745681,-0.3821570471100473,0.06753146307824455,0.09885782226113703,0.6831170415615407,-0.38108907016634624,Energy,1
electricity/H/short|H=96|L=4096|Hsrc=controlled|Lsrc=controlled|origins=shared_origin_v1:Hmax=720,joint-scaling,release,standard_hl_shared_origin_v1,electricity/H/short,Granite-PatchTST-FM-r1,patchtstfm,granite-timeseries-patchtst-fm-r1,257.895552,257.895552,96,controlled,shared_origin_v1:Hmax=720,720,720,4096,controlled,31464,34344,4096,4096,256,256,100,[],merged,2,370,177600,461364305.2107418,,100,,float32,native_horizon,96,,direct_full_horizon,4936966.572792793,4936966.572792793,216.62164203265766,0.8479671100981776,0.1019871637906104,0.10851268184077632,7.051201052981745,2221.928570587451,0.8553208596319114,0.0833874731757299,0.0666489892830818,0.8479671100981776,1.2416698443439862,0.682924783879394,-0.38137055156733346,0.0666489892830818,0.09885782226113703,0.6741903448674577,-0.3942427971576706,Energy,1
electricity/H/short|H=96|L=6144|Hsrc=controlled|Lsrc=controlled|origins=shared_origin_v1:Hmax=720,joint-scaling-l6144,release,standard_hl_shared_origin_v1,electricity/H/short,Granite-PatchTST-FM-r1,patchtstfm,granite-timeseries-patchtst-fm-r1,257.895552,257.895552,96,controlled,shared_origin_v1:Hmax=720,720,720,6144,controlled,31464,34344,6144,6144,256,256,100,[],merged,6,370,177600,461364305.2107418,,100,,float32,native_horizon,96,,direct_full_horizon,4820565.450990991,4820565.450990991,214.13246656813064,0.8443976636629629,0.10274736802980901,0.1080741887479215,7.052937469710119,2195.5786141677986,0.8451775689454059,0.08242927689243039,0.06597043279863955,0.8443976636629629,1.2416698443439862,0.6800500692751261,-0.3855888522356846,0.06597043279863955,0.09885782226113703,0.6673263813598476,-0.4044760253720298,Energy,1
electricity/H/short|H=96|L=8192|Hsrc=controlled|Lsrc=controlled|origins=shared_origin_v1:Hmax=720,joint-scaling,release,standard_hl_shared_origin_v1,electricity/H/short,Granite-PatchTST-FM-r1,patchtstfm,granite-timeseries-patchtst-fm-r1,257.895552,257.895552,96,controlled,shared_origin_v1:Hmax=720,720,720,8192,controlled,31464,34344,8064,8064,256,256,100,[],merged,2,370,177600,461364305.2107418,,100,,float32,native_horizon,96,,direct_full_horizon,4766935.423423424,4766935.423423424,213.54130067567567,0.8436041760220944,0.10011172610619998,0.10798500885834565,6.9420415145711845,2183.3312674496797,0.8404630109430385,0.08220171038736224,0.06570483760894714,0.8436041760220944,1.2416698443439862,0.6794110204615603,-0.38652900251355676,0.06570483760894714,0.09885782226113703,0.6646397432808615,-0.4085101245473808,Energy,1
electricity/H/short|H=192|L=128|Hsrc=controlled|Lsrc=controlled|origins=shared_origin_v1:Hmax=720,joint-scaling,release,standard_hl_shared_origin_v1,electricity/H/short,Granite-PatchTST-FM-r1,patchtstfm,granite-timeseries-patchtst-fm-r1,257.895552,257.895552,192,controlled,shared_origin_v1:Hmax=720,720,720,128,controlled,31464,34344,128,128,256,256,100,[],merged,2,370,355200,922876130.8595798,,100,,float32,native_horizon,192,,direct_full_horizon,7124300.743423424,7124300.743423424,255.33329884572072,1.071385176178233,0.29300778771585395,0.1346631368001302,9.330402543558872,2669.1385770363113,1.0273079895134405,0.09827363035765804,0.07960946025516291,1.071385176178233,1.3024259480127716,0.8226073642136366,-0.19527627086308882,0.07960946025516291,0.10708945156262589,0.7433921744253897,-0.2965315479091379,Energy,1
electricity/H/short|H=192|L=256|Hsrc=controlled|Lsrc=controlled|origins=shared_origin_v1:Hmax=720,joint-scaling,release,standard_hl_shared_origin_v1,electricity/H/short,Granite-PatchTST-FM-r1,patchtstfm,granite-timeseries-patchtst-fm-r1,257.895552,257.895552,192,controlled,shared_origin_v1:Hmax=720,720,720,256,controlled,31464,34344,256,256,256,256,100,[],merged,2,370,355200,922876130.8595798,,100,,float32,native_horizon,192,,direct_full_horizon,6904281.221261261,6904281.221261261,242.31596143018018,1.0075286897454014,0.23874861155278887,0.12399473516790717,8.474472159138418,2627.5998974846343,1.0113204279291863,0.09326346908531766,0.07558244012004746,1.0075286897454014,1.3024259480127716,0.773578483508163,-0.2567281486887952,0.07558244012004746,0.10708945156262589,0.7057879092400325,-0.348440498462885,Energy,1
electricity/H/short|H=192|L=512|Hsrc=controlled|Lsrc=controlled|origins=shared_origin_v1:Hmax=720,joint-scaling,release,standard_hl_shared_origin_v1,electricity/H/short,Granite-PatchTST-FM-r1,patchtstfm,granite-timeseries-patchtst-fm-r1,257.895552,257.895552,192,controlled,shared_origin_v1:Hmax=720,720,720,512,controlled,31464,34344,512,512,256,256,100,[],merged,2,370,355200,922876130.8595798,,100,,float32,native_horizon,192,,direct_full_horizon,6697630.783783784,6697630.783783784,237.69910543355857,0.9749708055424479,0.2003979690660499,0.11966265291781039,7.815227952063981,2587.978126604586,0.9960706532888078,0.0914865163663514,0.07289586696452054,0.9749708055424479,1.3024259480127716,0.7485806060836308,-0.28957639076213154,0.07289586696452054,0.10708945156262589,0.6807007216942469,-0.3846325383051311,Energy,1
electricity/H/short|H=192|L=1024|Hsrc=controlled|Lsrc=controlled|origins=shared_origin_v1:Hmax=720,joint-scaling,release,standard_hl_shared_origin_v1,electricity/H/short,Granite-PatchTST-FM-r1,patchtstfm,granite-timeseries-patchtst-fm-r1,257.895552,257.895552,192,controlled,shared_origin_v1:Hmax=720,720,720,1024,controlled,31464,34344,1024,1024,256,256,100,[],merged,2,370,355200,922876130.8595798,,100,,float32,native_horizon,192,,direct_full_horizon,5585876.178378378,5585876.178378378,226.8652266328829,0.9583725113361901,0.1470026197672519,0.11828021418940914,7.836153787592917,2363.445827256969,0.9096518262529524,0.08731673277208318,0.06999203411751774,0.9583725113361901,1.3024259480127716,0.7358364694733434,-0.30674737315628536,0.06999203411751774,0.10708945156262589,0.6535847657842043,-0.4252830438716855,Energy,1
electricity/H/short|H=192|L=2048|Hsrc=controlled|Lsrc=controlled|origins=shared_origin_v1:Hmax=720,joint-scaling,release,standard_hl_shared_origin_v1,electricity/H/short,Granite-PatchTST-FM-r1,patchtstfm,granite-timeseries-patchtst-fm-r1,257.895552,257.895552,192,controlled,shared_origin_v1:Hmax=720,720,720,2048,controlled,31464,34344,2048,2048,256,256,100,[],merged,2,370,355200,922876130.8595798,,100,,float32,native_horizon,192,,direct_full_horizon,5257303.183063063,5257303.183063063,227.00546593468468,0.9535637731813541,0.17688723941718948,0.11826215451902097,7.906277034821855,2292.880978826215,0.8824925647611005,0.08737070859650244,0.06994861899771077,0.9535637731813541,1.3024259480127716,0.7321443300759573,-0.31177761222180156,0.06994861899771077,0.10708945156262589,0.6531793559219493,-0.42590352291381345,Energy,1
electricity/H/short|H=192|L=4096|Hsrc=controlled|Lsrc=controlled|origins=shared_origin_v1:Hmax=720,joint-scaling,release,standard_hl_shared_origin_v1,electricity/H/short,Granite-PatchTST-FM-r1,patchtstfm,granite-timeseries-patchtst-fm-r1,257.895552,257.895552,192,controlled,shared_origin_v1:Hmax=720,720,720,4096,controlled,31464,34344,4096,4096,256,256,100,[],merged,2,370,355200,922876130.8595798,,100,,float32,native_horizon,192,,direct_full_horizon,4729744.147387387,4729744.147387387,221.7741722972973,0.9530777276778355,0.17642512685539827,0.11837424682067321,7.791014247416214,2174.7974957194033,0.8370441543005622,0.08535726883154797,0.06834069071699392,0.9530777276778355,1.3024259480127716,0.7317711453246397,-0.3122874569029629,0.06834069071699392,0.10708945156262589,0.6381645411362322,-0.44915912742076514,Energy,1
electricity/H/short|H=192|L=6144|Hsrc=controlled|Lsrc=controlled|origins=shared_origin_v1:Hmax=720,joint-scaling-l6144,release,standard_hl_shared_origin_v1,electricity/H/short,Granite-PatchTST-FM-r1,patchtstfm,granite-timeseries-patchtst-fm-r1,257.895552,257.895552,192,controlled,shared_origin_v1:Hmax=720,720,720,6144,controlled,31464,34344,6144,6144,256,256,100,[],merged,6,370,355200,922876130.8595798,,100,,float32,native_horizon,192,,direct_full_horizon,4618267.333783784,4618267.333783784,219.69535226632883,0.9438726412142918,0.17577009611198513,0.1173600420221552,7.732591786454661,2149.015433584362,0.8271210582705057,0.08455716484108909,0.06765432927987683,0.9438726412142918,1.3024259480127716,0.7247034986169028,-0.3219926752024089,0.06765432927987683,0.10708945156262589,0.6317553063600535,-0.4592531332872116,Energy,1
electricity/H/short|H=192|L=8192|Hsrc=controlled|Lsrc=controlled|origins=shared_origin_v1:Hmax=720,joint-scaling,release,standard_hl_shared_origin_v1,electricity/H/short,Granite-PatchTST-FM-r1,patchtstfm,granite-timeseries-patchtst-fm-r1,257.895552,257.895552,192,controlled,shared_origin_v1:Hmax=720,720,720,8192,controlled,31464,34344,8000,8000,256,256,100,[],merged,2,370,355200,922876130.8595798,,100,,float32,native_horizon,192,,direct_full_horizon,4618864.9985585585,4618864.9985585585,220.38073338963963,0.9397897833365255,0.16782765230211683,0.11679987520784946,7.61009067199186,2149.1544845726094,0.8271745767323815,0.08482095687867625,0.06764356034699605,0.9397897833365255,1.3024259480127716,0.7215686886232936,-0.32632770277259704,0.06764356034699605,0.10708945156262589,0.6316547461954094,-0.459412321770243,Energy,1
electricity/H/short|H=336|L=128|Hsrc=controlled|Lsrc=controlled|origins=shared_origin_v1:Hmax=720,joint-scaling,release,standard_hl_shared_origin_v1,electricity/H/short,Granite-PatchTST-FM-r1,patchtstfm,granite-timeseries-patchtst-fm-r1,257.895552,257.895552,336,controlled,shared_origin_v1:Hmax=720,720,720,128,controlled,31464,34344,128,128,256,256,100,[],merged,2,370,621600,1596780052.5079927,,100,,float32,native_horizon,336,,direct_full_horizon,8576493.032277992,8576493.032277992,278.27039253539255,1.1568145809886514,0.33284542809218015,0.1412032095223013,10.14267000329794,2928.5650124724893,1.1400418040629219,0.1083260501208786,0.08694504867611422,1.1568145809886514,1.3838015311650305,0.8359685655317367,-0.17916426764296467,0.08694504867611422,0.12359715633134309,0.7034550895574752,-0.3517512430475872,Energy,1
electricity/H/short|H=336|L=256|Hsrc=controlled|Lsrc=controlled|origins=shared_origin_v1:Hmax=720,joint-scaling,release,standard_hl_shared_origin_v1,electricity/H/short,Granite-PatchTST-FM-r1,patchtstfm,granite-timeseries-patchtst-fm-r1,257.895552,257.895552,336,controlled,shared_origin_v1:Hmax=720,720,720,256,controlled,31464,34344,256,256,256,256,100,[],merged,2,370,621600,1596780052.5079927,,100,,float32,native_horizon,336,,direct_full_horizon,8446430.704350064,8446430.704350064,265.74203185328184,1.0981175905006333,0.28181618760941435,0.13229413006756757,9.022677901051708,2906.2743683881713,1.131364425897376,0.10344896702620424,0.08342096706394259,1.0981175905006333,1.3838015311650305,0.7935513625108666,-0.23123701204829497,0.08342096706394259,0.12359715633134309,0.6749424464128048,-0.3931278563184602,Energy,1
electricity/H/short|H=336|L=512|Hsrc=controlled|Lsrc=controlled|origins=shared_origin_v1:Hmax=720,joint-scaling,release,standard_hl_shared_origin_v1,electricity/H/short,Granite-PatchTST-FM-r1,patchtstfm,granite-timeseries-patchtst-fm-r1,257.895552,257.895552,336,controlled,shared_origin_v1:Hmax=720,720,720,512,controlled,31464,34344,512,512,256,256,100,[],merged,2,370,621600,1596780052.5079927,,100,,float32,native_horizon,336,,direct_full_horizon,8449564.713101674,8449564.713101674,264.7599042792793,1.0748365917726554,0.2469363962322381,0.12882147397467222,8.417255738878024,2906.8134981628377,1.13157430017994,0.10306664104521447,0.08148688147252572,1.0748365917726554,1.3838015311650305,0.7767274190452328,-0.25266580220302576,0.08148688147252572,0.12359715633134309,0.6592941447137599,-0.4165854939674498,Energy,1
electricity/H/short|H=336|L=1024|Hsrc=controlled|Lsrc=controlled|origins=shared_origin_v1:Hmax=720,joint-scaling,release,standard_hl_shared_origin_v1,electricity/H/short,Granite-PatchTST-FM-r1,patchtstfm,granite-timeseries-patchtst-fm-r1,257.895552,257.895552,336,controlled,shared_origin_v1:Hmax=720,720,720,1024,controlled,31464,34344,1024,1024,256,256,100,[],merged,2,370,621600,1596780052.5079927,,100,,float32,native_horizon,336,,direct_full_horizon,6668595.876241956,6668595.876241956,247.06352638352638,1.0523005056401733,0.20336173410611402,0.1268226959346344,8.390550274985793,2582.3624602758528,1.0052708904938146,0.09617773453443819,0.07666956552102447,1.0523005056401733,1.3838015311650305,0.7604417844184892,-0.2738557193009346,0.07666956552102447,0.12359715633134309,0.6203181998418015,-0.4775227070468964,Energy,1
electricity/H/short|H=336|L=2048|Hsrc=controlled|Lsrc=controlled|origins=shared_origin_v1:Hmax=720,joint-scaling,release,standard_hl_shared_origin_v1,electricity/H/short,Granite-PatchTST-FM-r1,patchtstfm,granite-timeseries-patchtst-fm-r1,257.895552,257.895552,336,controlled,shared_origin_v1:Hmax=720,720,720,2048,controlled,31464,34344,2048,2048,256,256,100,[],merged,2,370,621600,1596780052.5079927,,100,,float32,native_horizon,336,,direct_full_horizon,6129092.802471044,6129092.802471044,242.82471525096526,1.0461595475322327,0.21778279098422773,0.1264327724068935,8.40166305449492,2475.700467033733,0.9637491449690221,0.09452763563956437,0.0754609500982933,1.0461595475322327,1.3838015311650305,0.7560040395760113,-0.2797085594623675,0.0754609500982933,0.12359715633134309,0.6105395329322565,-0.4934122325201016,Energy,1
electricity/H/short|H=336|L=4096|Hsrc=controlled|Lsrc=controlled|origins=shared_origin_v1:Hmax=720,joint-scaling,release,standard_hl_shared_origin_v1,electricity/H/short,Granite-PatchTST-FM-r1,patchtstfm,granite-timeseries-patchtst-fm-r1,257.895552,257.895552,336,controlled,shared_origin_v1:Hmax=720,720,720,4096,controlled,31464,34344,4096,4096,256,256,100,[],merged,2,370,621600,1596780052.5079927,,100,,float32,native_horizon,336,,direct_full_horizon,5653304.128494209,5653304.128494209,238.20723294723294,1.031099561621961,0.2156456160556408,0.1255132294683076,8.092075696449896,2377.6677918696314,0.9255866498988374,0.09273012633608087,0.07395713686167107,1.031099561621961,1.3838015311650305,0.7451209862109867,-0.29420867618900026,0.07395713686167107,0.12359715633134309,0.5983724792454326,-0.5135418439452558,Energy,1
electricity/H/short|H=336|L=6144|Hsrc=controlled|Lsrc=controlled|origins=shared_origin_v1:Hmax=720,joint-scaling-l6144,release,standard_hl_shared_origin_v1,electricity/H/short,Granite-PatchTST-FM-r1,patchtstfm,granite-timeseries-patchtst-fm-r1,257.895552,257.895552,336,controlled,shared_origin_v1:Hmax=720,720,720,6144,controlled,31464,34344,6144,6144,256,256,100,[],merged,6,370,621600,1596780052.5079927,,100,,float32,native_horizon,336,,direct_full_horizon,5640798.564169884,5640798.564169884,235.36938887548263,1.0111688993117376,0.21369313884126823,0.12364604797756043,7.929107433321809,2375.0365395441568,0.9245623469944104,0.09162540069009766,0.07282513168551702,1.0111688993117376,1.3838015311650305,0.730718153245884,-0.313727456856114,0.07282513168551702,0.12359715633134309,0.5892136505979567,-0.5289664266410643,Energy,1
electricity/H/short|H=336|L=8192|Hsrc=controlled|Lsrc=controlled|origins=shared_origin_v1:Hmax=720,joint-scaling,release,standard_hl_shared_origin_v1,electricity/H/short,Granite-PatchTST-FM-r1,patchtstfm,granite-timeseries-patchtst-fm-r1,257.895552,257.895552,336,controlled,shared_origin_v1:Hmax=720,720,720,8192,controlled,31464,34344,7856,7856,256,256,100,[],merged,2,370,621600,1596780052.5079927,,100,,float32,native_horizon,336,,direct_full_horizon,5608106.91047619,5608106.91047619,235.66876367438869,0.9988901321254252,0.2100198108508172,0.12225092314691924,7.809216532325693,2368.14419123418,0.9218792700717295,0.09174194233570984,0.072499444358956,0.9988901321254252,1.3838015311650305,0.7218449391976419,-0.325944928808992,0.072499444358956,0.12359715633134309,0.5865785792401019,-0.5334486399140957,Energy,1
electricity/H/short|H=720|L=128|Hsrc=controlled|Lsrc=controlled|origins=shared_origin_v1:Hmax=720,joint-scaling,release,standard_hl_shared_origin_v1,electricity/H/short,Granite-PatchTST-FM-r1,patchtstfm,granite-timeseries-patchtst-fm-r1,257.895552,257.895552,720,controlled,shared_origin_v1:Hmax=720,720,720,128,controlled,31464,34344,128,128,256,256,100,[],merged,2,370,1332000,3377284407.603507,,100,,float32,native_horizon,720,,direct_full_horizon,10267989.08040841,10267989.08040841,303.40684684684686,1.2966761089816565,0.3390097195400111,0.15808499466263137,12.88093949333918,3204.370309500512,1.2638027293897278,0.1196635732217687,0.09670585204788901,1.2966761089816565,1.5240786163583666,0.8507934532143324,-0.16158589054422606,0.09670585204788901,0.1534183911456428,0.6303406737989087,-0.4614948536885088,Energy,1
electricity/H/short|H=720|L=256|Hsrc=controlled|Lsrc=controlled|origins=shared_origin_v1:Hmax=720,joint-scaling,release,standard_hl_shared_origin_v1,electricity/H/short,Granite-PatchTST-FM-r1,patchtstfm,granite-timeseries-patchtst-fm-r1,257.895552,257.895552,720,controlled,shared_origin_v1:Hmax=720,720,720,256,controlled,31464,34344,256,256,256,256,100,[],merged,2,370,1332000,3377284407.603507,,100,,float32,native_horizon,720,,direct_full_horizon,10812853.006606607,10812853.006606607,296.17335360360363,1.2420913665166693,0.33568510544337166,0.14854033818975226,11.04178728090004,3288.2902862439937,1.2969007441055322,0.11681068556495544,0.09379072196917367,1.2420913665166693,1.5240786163583666,0.8149785405982024,-0.20459349664228235,0.09379072196917367,0.1534183911456428,0.6113394963198152,-0.49210283366358,Energy,1
electricity/H/short|H=720|L=512|Hsrc=controlled|Lsrc=controlled|origins=shared_origin_v1:Hmax=720,joint-scaling,release,standard_hl_shared_origin_v1,electricity/H/short,Granite-PatchTST-FM-r1,patchtstfm,granite-timeseries-patchtst-fm-r1,257.895552,257.895552,720,controlled,shared_origin_v1:Hmax=720,720,720,512,controlled,31464,34344,512,512,256,256,100,[],merged,2,370,1332000,3377284407.603507,,100,,float32,native_horizon,720,,direct_full_horizon,9806503.294846848,9806503.294846848,288.91458108108105,1.2159012231212827,0.3077937911358936,0.1448799685916385,10.503870083207385,3131.533696904258,1.235075990309126,0.11394782776765759,0.08996936528184653,1.2159012231212827,1.5240786163583666,0.797794293595272,-0.2259044922121797,0.08996936528184653,0.1534183911456428,0.5864314220088321,-0.5336995452463352,Energy,1
electricity/H/short|H=720|L=1024|Hsrc=controlled|Lsrc=controlled|origins=shared_origin_v1:Hmax=720,joint-scaling,release,standard_hl_shared_origin_v1,electricity/H/short,Granite-PatchTST-FM-r1,patchtstfm,granite-timeseries-patchtst-fm-r1,257.895552,257.895552,720,controlled,shared_origin_v1:Hmax=720,720,720,1024,controlled,31464,34344,1024,1024,256,256,100,[],merged,2,370,1332000,3377284407.603507,,100,,float32,native_horizon,720,,direct_full_horizon,7303688.318078078,7303688.318078078,264.45594144144144,1.18652319612317,0.2843599398578579,0.14201488891234984,10.10286756420514,2702.533684910898,1.0658785088389067,0.10430134732122175,0.08323395138592572,1.18652319612317,1.5240786163583666,0.778518367351842,-0.25036269472777245,0.08323395138592572,0.1534183911456428,0.5425291633185637,-0.6115134377431508,Energy,1
electricity/H/short|H=720|L=2048|Hsrc=controlled|Lsrc=controlled|origins=shared_origin_v1:Hmax=720,joint-scaling,release,standard_hl_shared_origin_v1,electricity/H/short,Granite-PatchTST-FM-r1,patchtstfm,granite-timeseries-patchtst-fm-r1,257.895552,257.895552,720,controlled,shared_origin_v1:Hmax=720,720,720,2048,controlled,31464,34344,2048,2048,256,256,100,[],merged,2,370,1332000,3377284407.603507,,100,,float32,native_horizon,720,,direct_full_horizon,6995909.018138139,6995909.018138139,264.79161111111114,1.1908443504817392,0.2907946624328974,0.14235168567004505,10.065604035219273,2644.978075171539,1.043178592894538,0.10443373534249512,0.08349996619772992,1.1908443504817392,1.5240786163583666,0.781353624216015,-0.24672744773080058,0.08349996619772992,0.1534183911456428,0.5442630806789124,-0.6083225448358361,Energy,1
electricity/H/short|H=720|L=4096|Hsrc=controlled|Lsrc=controlled|origins=shared_origin_v1:Hmax=720,joint-scaling,release,standard_hl_shared_origin_v1,electricity/H/short,Granite-PatchTST-FM-r1,patchtstfm,granite-timeseries-patchtst-fm-r1,257.895552,257.895552,720,controlled,shared_origin_v1:Hmax=720,720,720,4096,controlled,31464,34344,4096,4096,256,256,100,[],merged,2,370,1332000,3377284407.603507,,100,,float32,native_horizon,720,,direct_full_horizon,6512042.363387387,6512042.363387387,258.0032995495495,1.1682111397450579,0.2859955527488212,0.14033842142924174,9.685738142575335,2551.8703657097058,1.0064569390344282,0.10175642721302779,0.08124301910313822,1.1682111397450579,1.5240786163583666,0.7665032021355838,-0.2659164030722315,0.08124301910313822,0.1534183911456428,0.5295520210873075,-0.6357238730869436,Energy,1
electricity/H/short|H=720|L=6144|Hsrc=controlled|Lsrc=controlled|origins=shared_origin_v1:Hmax=720,joint-scaling-l6144,release,standard_hl_shared_origin_v1,electricity/H/short,Granite-PatchTST-FM-r1,patchtstfm,granite-timeseries-patchtst-fm-r1,257.895552,257.895552,720,controlled,shared_origin_v1:Hmax=720,720,720,6144,controlled,31464,34344,6144,6144,256,256,100,[],merged,6,370,1332000,3377284407.6035066,,100,,float32,native_horizon,720,,direct_full_horizon,6006143.045141141,6006143.045141141,248.16065446696697,1.1383423838148865,0.283216076897355,0.13753149010827234,9.425640122412092,2450.743365826202,0.9665724793361082,0.09787449082043866,0.07773031862760495,1.1383423838148865,1.5240786163583666,0.7469052918902843,-0.2918168865052621,0.07773031862760495,0.1534183911456428,0.5066558060422768,-0.6799233894825418,Energy,1
electricity/H/short|H=720|L=8192|Hsrc=controlled|Lsrc=controlled|origins=shared_origin_v1:Hmax=720,joint-scaling,release,standard_hl_shared_origin_v1,electricity/H/short,Granite-PatchTST-FM-r1,patchtstfm,granite-timeseries-patchtst-fm-r1,257.895552,257.895552,720,controlled,shared_origin_v1:Hmax=720,720,720,8192,controlled,31464,34344,7472,7472,256,256,100,[],merged,2,370,1332000,3377284407.603507,,100,,float32,native_horizon,720,,direct_full_horizon,5788651.924372372,5788651.924372372,245.35219744744745,1.1190684101918287,0.27800472252600866,0.13563073180602478,9.463260170061432,2405.9617462404453,0.9489106214381071,0.0967668361788639,0.07654309590990754,1.1190684101918287,1.5240786163583666,0.7342589799374856,-0.30889347889649804,0.07654309590990754,0.1534183911456428,0.49891734190618536,-0.6953148444342724,Energy,1
ett1/15T/short|H=48|L=128|Hsrc=controlled|Lsrc=controlled|origins=shared_origin_v1:Hmax=720,joint-scaling,release,standard_hl_shared_origin_v1,ett1/15T/short,Granite-PatchTST-FM-r1,patchtstfm,granite-timeseries-patchtst-fm-r1,257.895552,257.895552,48,controlled,shared_origin_v1:Hmax=720,720,720,128,controlled,62480,68960,128,128,256,256,100,[],merged,2,7,3360,16478.703990906477,,100,,float32,native_horizon,48,,direct_full_horizon,16.1016603015718,16.1016603015718,2.335620371500651,1.6797934162957024,1.3041623370660826,0.5907612028576079,11.839782685680733,4.012687416379676,0.8181850785399081,0.47623189618387546,0.3873459097898107,1.6797934162957024,0.9939964905165176,1.6899389809946102,0.5246924223627987,0.3873459097898107,0.274987154404103,1.4085963783624333,0.34259373223573086,Energy,7
ett1/15T/short|H=48|L=256|Hsrc=controlled|Lsrc=controlled|origins=shared_origin_v1:Hmax=720,joint-scaling,release,standard_hl_shared_origin_v1,ett1/15T/short,Granite-PatchTST-FM-r1,patchtstfm,granite-timeseries-patchtst-fm-r1,257.895552,257.895552,48,controlled,shared_origin_v1:Hmax=720,720,720,256,controlled,62480,68960,256,256,256,256,100,[],merged,2,7,3360,16478.703990906477,,100,,float32,native_horizon,48,,direct_full_horizon,5.287635839553105,5.287635839553105,1.3608564104352678,1.0410386477448033,0.7129171847865715,0.40845427740187873,8.85969769400188,2.2994859946416515,0.46886411372275244,0.27747798258805745,0.23575967508929782,1.0410386477448033,0.9939964905165176,1.0473262810051178,0.046240517538369295,0.23575967508929782,0.274987154404103,0.8573479572170886,-0.15391142503103314,Energy,7
ett1/15T/short|H=48|L=512|Hsrc=controlled|Lsrc=controlled|origins=shared_origin_v1:Hmax=720,joint-scaling,release,standard_hl_shared_origin_v1,ett1/15T/short,Granite-PatchTST-FM-r1,patchtstfm,granite-timeseries-patchtst-fm-r1,257.895552,257.895552,48,controlled,shared_origin_v1:Hmax=720,720,720,512,controlled,62480,68960,512,512,256,256,100,[],merged,2,7,3360,16478.703990906477,,100,,float32,native_horizon,48,,direct_full_horizon,4.947379738943917,4.947379738943917,1.0748817807152158,0.7793573829329828,0.5801976113690668,0.30411204383486795,7.0010217374581725,2.2242706082992503,0.45352773179308553,0.21916788997460804,0.1847741607532946,0.7793573829329828,0.9939964905165176,0.7840645217248199,-0.24326396389964086,0.1847741607532946,0.274987154404103,0.6719374261452324,-0.39759005864984676,Energy,7
ett1/15T/short|H=48|L=1024|Hsrc=controlled|Lsrc=controlled|origins=shared_origin_v1:Hmax=720,joint-scaling,release,standard_hl_shared_origin_v1,ett1/15T/short,Granite-PatchTST-FM-r1,patchtstfm,granite-timeseries-patchtst-fm-r1,257.895552,257.895552,48,controlled,shared_origin_v1:Hmax=720,720,720,1024,controlled,62480,68960,1024,1024,256,256,100,[],merged,2,7,3360,16478.703990906477,,100,,float32,native_horizon,48,,direct_full_horizon,5.209189623878116,5.209189623878116,1.1258716946556455,0.7839046728255312,0.6159932965432672,0.3030924569992792,6.191245145739931,2.2823649190868047,0.46537313446273115,0.22956470946565463,0.18382973371515912,0.7839046728255312,0.9939964905165176,0.78863927619924,-0.23744625380896592,0.18382973371515912,0.274987154404103,0.6685029855795194,-0.4027144163625738,Energy,7
ett1/15T/short|H=48|L=2048|Hsrc=controlled|Lsrc=controlled|origins=shared_origin_v1:Hmax=720,joint-scaling,release,standard_hl_shared_origin_v1,ett1/15T/short,Granite-PatchTST-FM-r1,patchtstfm,granite-timeseries-patchtst-fm-r1,257.895552,257.895552,48,controlled,shared_origin_v1:Hmax=720,720,720,2048,controlled,62480,68960,2048,2048,256,256,100,[],merged,2,7,3360,16478.703990906477,,100,,float32,native_horizon,48,,direct_full_horizon,4.240340532575335,4.240340532575335,1.0323077247256325,0.7252537066392668,0.582360846278734,0.2916046051752,6.260379606090042,2.059208715156221,0.4198716893478404,0.21048705996492162,0.17147590922162267,0.7252537066392668,0.9939964905165176,0.7296340717082391,-0.31521214215087534,0.17147590922162267,0.274987154404103,0.6235778889134326,-0.47228159958968763,Energy,7
ett1/15T/short|H=48|L=4096|Hsrc=controlled|Lsrc=controlled|origins=shared_origin_v1:Hmax=720,joint-scaling,release,standard_hl_shared_origin_v1,ett1/15T/short,Granite-PatchTST-FM-r1,patchtstfm,granite-timeseries-patchtst-fm-r1,257.895552,257.895552,48,controlled,shared_origin_v1:Hmax=720,720,720,4096,controlled,62480,68960,4096,4096,256,256,100,[],merged,2,7,3360,16478.703990906477,,100,,float32,native_horizon,48,,direct_full_horizon,4.598869668869745,4.598869668869745,1.0417720249720983,0.7302532476774959,0.6613017165537309,0.290242440359933,5.907649255072038,2.144497532959585,0.4372620392186459,0.21241682633766998,0.16904950867877855,0.7302532476774959,0.9939964905165176,0.7346638088209236,-0.30834228737467606,0.16904950867877855,0.274987154404103,0.6147542020466692,-0.48653276253437844,Energy,7
ett1/15T/short|H=48|L=6144|Hsrc=controlled|Lsrc=controlled|origins=shared_origin_v1:Hmax=720,joint-scaling-l6144,release,standard_hl_shared_origin_v1,ett1/15T/short,Granite-PatchTST-FM-r1,patchtstfm,granite-timeseries-patchtst-fm-r1,257.895552,257.895552,48,controlled,shared_origin_v1:Hmax=720,720,720,6144,controlled,62480,68960,6144,6144,256,256,100,[],merged,6,7,3360,16478.703990906477,,100,,float32,native_horizon,48,,direct_full_horizon,4.938334529172806,4.938334529172806,1.0737270446050735,0.7445811730576377,0.6911352323262547,0.29296713783627465,5.580161256599111,2.222236380129892,0.453112953625287,0.21893243982438873,0.17181067828352373,0.7445811730576377,0.9939964905165176,0.7490782715648479,-0.288911799503118,0.17181067828352373,0.274987154404103,0.6247952878229435,-0.4703312223817985,Energy,7
ett1/15T/short|H=48|L=8192|Hsrc=controlled|Lsrc=controlled|origins=shared_origin_v1:Hmax=720,joint-scaling,release,standard_hl_shared_origin_v1,ett1/15T/short,Granite-PatchTST-FM-r1,patchtstfm,granite-timeseries-patchtst-fm-r1,257.895552,257.895552,48,controlled,shared_origin_v1:Hmax=720,720,720,8192,controlled,62480,68960,8064,8064,256,256,100,[],merged,2,7,3360,16478.703990906477,,100,,float32,native_horizon,48,,direct_full_horizon,4.718412453787668,4.718412453787668,1.0674293699718658,0.7431803680960991,0.6749760632852242,0.2933831714448475,5.3853138320492455,2.172190703825902,0.4429086637445901,0.21764834692610896,0.17106885724613388,0.7431803680960991,0.9939964905165176,0.7476690060645133,-0.2907949042033509,0.17106885724613388,0.274987154404103,0.6220976307669353,-0.4746582359124992,Energy,7
ett1/15T/short|H=96|L=128|Hsrc=controlled|Lsrc=controlled|origins=shared_origin_v1:Hmax=720,joint-scaling,release,standard_hl_shared_origin_v1,ett1/15T/short,Granite-PatchTST-FM-r1,patchtstfm,granite-timeseries-patchtst-fm-r1,257.895552,257.895552,96,controlled,shared_origin_v1:Hmax=720,720,720,128,controlled,62480,68960,128,128,256,256,100,[],merged,2,7,6720,34135.138978496194,,100,,float32,native_horizon,96,,direct_full_horizon,18.819842020670574,18.819842020670574,2.321809859502883,1.57202279195818,1.0764167800836841,0.5505481719970703,11.738983374666613,4.338184184733351,0.8540348331311357,0.45708213655401786,0.37326085952705157,1.57202279195818,0.9821805215765067,1.6005436449044135,0.4703433495994995,0.37326085952705157,0.25028356996012957,1.4913518277948186,0.3996829756158375,Energy,7
ett1/15T/short|H=96|L=256|Hsrc=controlled|Lsrc=controlled|origins=shared_origin_v1:Hmax=720,joint-scaling,release,standard_hl_shared_origin_v1,ett1/15T/short,Granite-PatchTST-FM-r1,patchtstfm,granite-timeseries-patchtst-fm-r1,257.895552,257.895552,96,controlled,shared_origin_v1:Hmax=720,720,720,256,controlled,62480,68960,256,256,256,256,100,[],merged,2,7,6720,34135.138978496194,,100,,float32,native_horizon,96,,direct_full_horizon,10.542512911841984,10.542512911841984,1.687753677368164,1.1452472234882243,0.718067626347809,0.43707733154296874,9.355184491330752,3.246923607330789,0.6392042714402958,0.3322589288140556,0.2715475893163195,1.1452472234882243,0.9821805215765067,1.1660251840974996,0.15360068640645796,0.2715475893163195,0.25028356996012957,1.0849597093392,0.08154285205334436,Energy,7
ett1/15T/short|H=96|L=512|Hsrc=controlled|Lsrc=controlled|origins=shared_origin_v1:Hmax=720,joint-scaling,release,standard_hl_shared_origin_v1,ett1/15T/short,Granite-PatchTST-FM-r1,patchtstfm,granite-timeseries-patchtst-fm-r1,257.895552,257.895552,96,controlled,shared_origin_v1:Hmax=720,720,720,512,controlled,62480,68960,512,512,256,256,100,[],merged,2,7,6720,34135.138978496194,,100,,float32,native_horizon,96,,direct_full_horizon,8.107685997372581,8.107685997372581,1.359563954671224,0.9033181539446752,0.6008186701794033,0.34969633193243116,7.191177432340331,2.8473998660835433,0.5605521955582315,0.2676499949552313,0.21011594064484776,0.9033181539446752,0.9821805215765067,0.9197068503198894,-0.08370030067250929,0.21011594064484776,0.25028356996012957,0.8395115215845749,-0.1749350782173557,Energy,7
ett1/15T/short|H=96|L=1024|Hsrc=controlled|Lsrc=controlled|origins=shared_origin_v1:Hmax=720,joint-scaling,release,standard_hl_shared_origin_v1,ett1/15T/short,Granite-PatchTST-FM-r1,patchtstfm,granite-timeseries-patchtst-fm-r1,257.895552,257.895552,96,controlled,shared_origin_v1:Hmax=720,720,720,1024,controlled,62480,68960,1024,1024,256,256,100,[],merged,2,7,6720,34135.138978496194,,100,,float32,native_horizon,96,,direct_full_horizon,7.864817773728143,7.864817773728143,1.358518582298642,0.8973220648140778,0.677837298275469,0.34462986900692893,6.234668999896351,2.8044282436404293,0.5520926049000644,0.26744419815598064,0.20804062884113628,0.8973220648140778,0.9821805215765067,0.9136019755042364,-0.09036027775322343,0.20804062884113628,0.25028356996012957,0.8312196796388887,-0.18486116329971444,Energy,7
ett1/15T/short|H=96|L=2048|Hsrc=controlled|Lsrc=controlled|origins=shared_origin_v1:Hmax=720,joint-scaling,release,standard_hl_shared_origin_v1,ett1/15T/short,Granite-PatchTST-FM-r1,patchtstfm,granite-timeseries-patchtst-fm-r1,257.895552,257.895552,96,controlled,shared_origin_v1:Hmax=720,720,720,2048,controlled,62480,68960,2048,2048,256,256,100,[],merged,2,7,6720,34135.138978496194,,100,,float32,native_horizon,96,,direct_full_horizon,7.568346405029297,7.568346405029297,1.2922141847156343,0.8745165043102295,0.7018752423119774,0.3388947986421131,6.264521731276851,2.751062777369738,0.5415868344807625,0.2543912103817548,0.20357463860665315,0.8745165043102295,0.9821805215765067,0.8903826588889538,-0.1161039548517914,0.20357463860665315,0.25028356996012957,0.8133759584741531,-0.20656184277622403,Energy,7
ett1/15T/short|H=96|L=4096|Hsrc=controlled|Lsrc=controlled|origins=shared_origin_v1:Hmax=720,joint-scaling,release,standard_hl_shared_origin_v1,ett1/15T/short,Granite-PatchTST-FM-r1,patchtstfm,granite-timeseries-patchtst-fm-r1,257.895552,257.895552,96,controlled,shared_origin_v1:Hmax=720,720,720,4096,controlled,62480,68960,4096,4096,256,256,100,[],merged,2,7,6720,34135.138978496194,,100,,float32,native_horizon,96,,direct_full_horizon,6.56242686680385,6.56242686680385,1.2215438479468936,0.8185086177291816,0.610980476277516,0.32242555164155506,6.181464530406306,2.56172341731184,0.5043126197663999,0.240478723797619,0.19243979443641157,0.8185086177291816,0.9821805215765067,0.833358633925448,-0.18229119654429413,0.19243979443641157,0.25028356996012957,0.76888704467124,-0.262811206258483,Energy,7
ett1/15T/short|H=96|L=6144|Hsrc=controlled|Lsrc=controlled|origins=shared_origin_v1:Hmax=720,joint-scaling-l6144,release,standard_hl_shared_origin_v1,ett1/15T/short,Granite-PatchTST-FM-r1,patchtstfm,granite-timeseries-patchtst-fm-r1,257.895552,257.895552,96,controlled,shared_origin_v1:Hmax=720,720,720,6144,controlled,62480,68960,6144,6144,256,256,100,[],merged,6,7,6720,34135.138978496194,,100,,float32,native_horizon,96,,direct_full_horizon,6.062771382785979,6.062771382785979,1.1784986223493303,0.8039804544309609,0.6176490182792687,0.3143934749421619,5.83005273002969,2.4622695593265127,0.48473367719691385,0.23200464328492942,0.18719378510765478,0.8039804544309609,0.9821805215765067,0.8185668894558046,-0.20020016351146858,0.18719378510765478,0.25028356996012957,0.747926782159432,-0.29045019061228444,Energy,7
ett1/15T/short|H=96|L=8192|Hsrc=controlled|Lsrc=controlled|origins=shared_origin_v1:Hmax=720,joint-scaling,release,standard_hl_shared_origin_v1,ett1/15T/short,Granite-PatchTST-FM-r1,patchtstfm,granite-timeseries-patchtst-fm-r1,257.895552,257.895552,96,controlled,shared_origin_v1:Hmax=720,720,720,8192,controlled,62480,68960,8064,8064,256,256,100,[],merged,2,7,6720,34135.138978496194,,100,,float32,native_horizon,96,,direct_full_horizon,5.954512587047758,5.954512587047758,1.1753499348958334,0.803538551054464,0.6195128673589164,0.3151360920497349,5.72724636345211,2.440186998376919,0.4803864029797281,0.23138477823323506,0.18633222725122328,0.803538551054464,0.9821805215765067,0.8181169687265811,-0.20074995904871598,0.18633222725122328,0.25028356996012957,0.744484455295672,-0.2950633064639998,Energy,7
ett1/15T/short|H=192|L=128|Hsrc=controlled|Lsrc=controlled|origins=shared_origin_v1:Hmax=720,joint-scaling,release,standard_hl_shared_origin_v1,ett1/15T/short,Granite-PatchTST-FM-r1,patchtstfm,granite-timeseries-patchtst-fm-r1,257.895552,257.895552,192,controlled,shared_origin_v1:Hmax=720,720,720,128,controlled,62480,68960,128,128,256,256,100,[],merged,2,7,13440,67466.7129554376,,100,,float32,native_horizon,192,,direct_full_horizon,17.950491478329614,17.950491478329614,2.351592218308222,1.5426490412675729,1.0720793306941465,0.5661670139857701,12.316797036676837,4.236802034356764,0.8440105771770153,0.4684591560720939,0.3821371956948827,1.5426490412675729,1.032985484626417,1.4933888851550294,0.4010479569474858,0.3821371956948827,0.2812593957645288,1.3586646400065834,0.3065023350376129,Energy,7
ett1/15T/short|H=192|L=256|Hsrc=controlled|Lsrc=controlled|origins=shared_origin_v1:Hmax=720,joint-scaling,release,standard_hl_shared_origin_v1,ett1/15T/short,Granite-PatchTST-FM-r1,patchtstfm,granite-timeseries-patchtst-fm-r1,257.895552,257.895552,192,controlled,shared_origin_v1:Hmax=720,720,720,256,controlled,62480,68960,256,256,256,256,100,[],merged,2,7,13440,67466.7129554376,,100,,float32,native_horizon,192,,direct_full_horizon,11.762107122512091,11.762107122512091,1.8026888892764137,1.181786959791501,0.7884002780433128,0.4545306432814825,10.850618548748004,3.429592850836975,0.6832069608266567,0.35911248096343323,0.3010018589503249,1.181786959791501,1.032985484626417,1.1440499187836104,0.13457452730597286,0.3010018589503249,0.2812593957645288,1.0701930797089692,0.06783908052111329,Energy,7
ett1/15T/short|H=192|L=512|Hsrc=controlled|Lsrc=controlled|origins=shared_origin_v1:Hmax=720,joint-scaling,release,standard_hl_shared_origin_v1,ett1/15T/short,Granite-PatchTST-FM-r1,patchtstfm,granite-timeseries-patchtst-fm-r1,257.895552,257.895552,192,controlled,shared_origin_v1:Hmax=720,720,720,512,controlled,62480,68960,512,512,256,256,100,[],merged,2,7,13440,67466.7129554376,,100,,float32,native_horizon,192,,direct_full_horizon,9.22169189453125,9.22169189453125,1.4858078366234189,0.9488005053577006,0.7161447655410549,0.3722928910028367,7.721567048799982,3.036723875252943,0.6049437877662323,0.2959868125991055,0.23062470184468375,0.9488005053577006,1.032985484626417,0.9185032311473744,-0.0850098564808042,0.23062470184468375,0.2812593957645288,0.8199715469692733,-0.19848563814381553,Energy,7
ett1/15T/short|H=192|L=1024|Hsrc=controlled|Lsrc=controlled|origins=shared_origin_v1:Hmax=720,joint-scaling,release,standard_hl_shared_origin_v1,ett1/15T/short,Granite-PatchTST-FM-r1,patchtstfm,granite-timeseries-patchtst-fm-r1,257.895552,257.895552,192,controlled,shared_origin_v1:Hmax=720,720,720,1024,controlled,62480,68960,1024,1024,256,256,100,[],merged,2,7,13440,67466.7129554376,,100,,float32,native_horizon,192,,direct_full_horizon,8.195970008486793,8.195970008486793,1.4499096461704801,0.9436645328549863,0.8214956831848255,0.37045382545107886,6.627768470201996,2.86286045913642,0.57030856974176,0.2888355574311507,0.21765212816538196,0.9436645328549863,1.032985484626417,0.913531261473888,-0.09043768210333057,0.21765212816538196,0.2812593957645288,0.7738483813980777,-0.256379314247863,Energy,7
ett1/15T/short|H=192|L=2048|Hsrc=controlled|Lsrc=controlled|origins=shared_origin_v1:Hmax=720,joint-scaling,release,standard_hl_shared_origin_v1,ett1/15T/short,Granite-PatchTST-FM-r1,patchtstfm,granite-timeseries-patchtst-fm-r1,257.895552,257.895552,192,controlled,shared_origin_v1:Hmax=720,720,720,2048,controlled,62480,68960,2048,2048,256,256,100,[],merged,2,7,13440,67466.7129554376,,100,,float32,native_horizon,192,,direct_full_horizon,8.870355006626674,8.870355006626674,1.4159643990652901,0.9224263423326426,0.8648674287029525,0.364521244594029,6.4700045148223255,2.978314121550424,0.5933080187273527,0.28207334683708934,0.22134113828215357,0.9224263423326426,1.032985484626417,0.8929712528015256,-0.11320089033541979,0.22134113828215357,0.2812593957645288,0.7869644236435075,-0.23957223661382127,Energy,7
ett1/15T/short|H=192|L=4096|Hsrc=controlled|Lsrc=controlled|origins=shared_origin_v1:Hmax=720,joint-scaling,release,standard_hl_shared_origin_v1,ett1/15T/short,Granite-PatchTST-FM-r1,patchtstfm,granite-timeseries-patchtst-fm-r1,257.895552,257.895552,192,controlled,shared_origin_v1:Hmax=720,720,720,4096,controlled,62480,68960,4096,4096,256,256,100,[],merged,2,7,13440,67466.7129554376,,100,,float32,native_horizon,192,,direct_full_horizon,7.094796498616536,7.094796498616536,1.3030679975237165,0.8460558272780315,0.7142372911535865,0.34747623261951266,6.3156832221357115,2.663605920292365,0.5306152026759459,0.25958332812636664,0.20544369750902916,0.8460558272780315,1.032985484626417,0.8190394152382603,-0.19962307023304715,0.20544369750902916,0.2812593957645288,0.7304420780347094,-0.3141053417842,Energy,7
ett1/15T/short|H=192|L=6144|Hsrc=controlled|Lsrc=controlled|origins=shared_origin_v1:Hmax=720,joint-scaling-l6144,release,standard_hl_shared_origin_v1,ett1/15T/short,Granite-PatchTST-FM-r1,patchtstfm,granite-timeseries-patchtst-fm-r1,257.895552,257.895552,192,controlled,shared_origin_v1:Hmax=720,720,720,6144,controlled,62480,68960,6144,6144,256,256,100,[],merged,6,7,13440,67466.7129554376,,100,,float32,native_horizon,192,,direct_full_horizon,6.6376456788608005,6.6376456788608005,1.2712383724394298,0.831123338213541,0.7101249849923292,0.3402682894752139,5.996965834120547,2.5763628779465053,0.5132355729628038,0.2532425692188537,0.19845310170425048,0.831123338213541,1.032985484626417,0.8045837531919626,-0.21743021207404384,0.19845310170425048,0.2812593957645288,0.7055874566067688,-0.3487245513654115,Energy,7
ett1/15T/short|H=192|L=8192|Hsrc=controlled|Lsrc=controlled|origins=shared_origin_v1:Hmax=720,joint-scaling,release,standard_hl_shared_origin_v1,ett1/15T/short,Granite-PatchTST-FM-r1,patchtstfm,granite-timeseries-patchtst-fm-r1,257.895552,257.895552,192,controlled,shared_origin_v1:Hmax=720,720,720,8192,controlled,62480,68960,8000,8000,256,256,100,[],merged,2,7,13440,67466.7129554376,,100,,float32,native_horizon,192,,direct_full_horizon,6.339538029261997,6.339538029261997,1.2563856034051804,0.8286474488633917,0.7024160261720779,0.34178134373256136,5.926600848380421,2.517843924722499,0.5015780503582843,0.2502837587614335,0.19635716905198738,0.8286474488633917,1.032985484626417,0.8021869244010481,-0.22041362545361046,0.19635716905198738,0.2812593957645288,0.6981355005696528,-0.3593420681693312,Energy,7
ett1/15T/short|H=336|L=128|Hsrc=controlled|Lsrc=controlled|origins=shared_origin_v1:Hmax=720,joint-scaling,release,standard_hl_shared_origin_v1,ett1/15T/short,Granite-PatchTST-FM-r1,patchtstfm,granite-timeseries-patchtst-fm-r1,257.895552,257.895552,336,controlled,shared_origin_v1:Hmax=720,720,720,128,controlled,62480,68960,128,128,256,256,100,[],merged,2,7,23520,120869.03296483308,,100,,float32,native_horizon,336,,direct_full_horizon,22.22238491343803,22.22238491343803,2.5827238121811225,1.6458104541360126,1.031862985972719,0.5859841898185055,14.6315158908322,4.714062463888024,0.9173131151211031,0.5025742539048359,0.41682976164755475,1.6458104541360126,1.1243643896038518,1.4637696367419484,0.3810150512057815,0.41682976164755475,0.3120969403608288,1.3355778533606892,0.2893640471594437,Energy,7
ett1/15T/short|H=336|L=256|Hsrc=controlled|Lsrc=controlled|origins=shared_origin_v1:Hmax=720,joint-scaling,release,standard_hl_shared_origin_v1,ett1/15T/short,Granite-PatchTST-FM-r1,patchtstfm,granite-timeseries-patchtst-fm-r1,257.895552,257.895552,336,controlled,shared_origin_v1:Hmax=720,720,720,256,controlled,62480,68960,256,256,256,256,100,[],merged,2,7,23520,120869.03296483308,,100,,float32,native_horizon,336,,direct_full_horizon,15.170932567362883,15.170932567362883,2.0290560560161564,1.296043990859146,0.7999971336952671,0.4826968861274979,11.922785850405402,3.8949881344315904,0.7579287984250278,0.39483561063473677,0.3301629045572586,1.296043990859146,1.1243643896038518,1.152690358074914,0.14209865194589175,0.3301629045572586,0.3120969403608288,1.057885745933757,0.05627233699388606,Energy,7
ett1/15T/short|H=336|L=512|Hsrc=controlled|Lsrc=controlled|origins=shared_origin_v1:Hmax=720,joint-scaling,release,standard_hl_shared_origin_v1,ett1/15T/short,Granite-PatchTST-FM-r1,patchtstfm,granite-timeseries-patchtst-fm-r1,257.895552,257.895552,336,controlled,shared_origin_v1:Hmax=720,720,720,512,controlled,62480,68960,512,512,256,256,100,[],merged,2,7,23520,120869.03296483308,,100,,float32,native_horizon,336,,direct_full_horizon,13.267496412627551,13.267496412627551,1.7788530207004676,1.1061654206846618,0.7866396887706055,0.41287958054315477,8.496046276160149,3.6424574688838236,0.7087886579937597,0.34614840559738713,0.2692736484170282,1.1061654206846618,1.1243643896038518,0.9838139938551398,-0.016318430433446492,0.2692736484170282,0.3120969403608288,0.8627884916324693,-0.14758570295146928,Energy,7
ett1/15T/short|H=336|L=1024|Hsrc=controlled|Lsrc=controlled|origins=shared_origin_v1:Hmax=720,joint-scaling,release,standard_hl_shared_origin_v1,ett1/15T/short,Granite-PatchTST-FM-r1,patchtstfm,granite-timeseries-patchtst-fm-r1,257.895552,257.895552,336,controlled,shared_origin_v1:Hmax=720,720,720,1024,controlled,62480,68960,1024,1024,256,256,100,[],merged,2,7,23520,120869.03296483308,,100,,float32,native_horizon,336,,direct_full_horizon,11.287375646059205,11.287375646059205,1.6792873460419324,1.0503344780531083,0.8371889421074055,0.3980941253454507,7.041420832762294,3.3596689786434624,0.6537606237048739,0.3267738428121443,0.2467936016755974,1.0503344780531083,1.1243643896038518,0.9341584345473388,-0.06810922500252214,0.2467936016755974,0.3120969403608288,0.7907594396480422,-0.23476147927921245,Energy,7
ett1/15T/short|H=336|L=2048|Hsrc=controlled|Lsrc=controlled|origins=shared_origin_v1:Hmax=720,joint-scaling,release,standard_hl_shared_origin_v1,ett1/15T/short,Granite-PatchTST-FM-r1,patchtstfm,granite-timeseries-patchtst-fm-r1,257.895552,257.895552,336,controlled,shared_origin_v1:Hmax=720,720,720,2048,controlled,62480,68960,2048,2048,256,256,100,[],merged,2,7,23520,120869.03296483308,,100,,float32,native_horizon,336,,direct_full_horizon,9.938821099728953,9.938821099728953,1.5899312337239584,1.0151628295265989,0.8737106435200064,0.395907094527264,6.942602454728788,3.152589586312965,0.61346488220564,0.3093859667766818,0.2371220777447356,1.0151628295265989,1.1243643896038518,0.9028770734052437,-0.10216886616603357,0.2371220777447356,0.3120969403608288,0.759770593939782,-0.2747387413468993,Energy,7
ett1/15T/short|H=336|L=4096|Hsrc=controlled|Lsrc=controlled|origins=shared_origin_v1:Hmax=720,joint-scaling,release,standard_hl_shared_origin_v1,ett1/15T/short,Granite-PatchTST-FM-r1,patchtstfm,granite-timeseries-patchtst-fm-r1,257.895552,257.895552,336,controlled,shared_origin_v1:Hmax=720,720,720,4096,controlled,62480,68960,4096,4096,256,256,100,[],merged,2,7,23520,120869.03296483308,,100,,float32,native_horizon,336,,direct_full_horizon,9.334066793221195,9.334066793221195,1.534421004730017,0.9613989822033784,0.773414677440024,0.3806613325261745,6.81669582260081,3.0551705014976163,0.5945080260229347,0.2985841877443521,0.23034257039687345,0.9613989822033784,1.1243643896038518,0.855059970853496,-0.15658367115604804,0.23034257039687345,0.3120969403608288,0.7380481530211876,-0.3037462085140332,Energy,7
ett1/15T/short|H=336|L=6144|Hsrc=controlled|Lsrc=controlled|origins=shared_origin_v1:Hmax=720,joint-scaling-l6144,release,standard_hl_shared_origin_v1,ett1/15T/short,Granite-PatchTST-FM-r1,patchtstfm,granite-timeseries-patchtst-fm-r1,257.895552,257.895552,336,controlled,shared_origin_v1:Hmax=720,720,720,6144,controlled,62480,68960,6144,6144,256,256,100,[],merged,6,7,23520,120869.03296483308,,100,,float32,native_horizon,336,,direct_full_horizon,8.789742343928538,8.789742343928538,1.5019277897010854,0.9441920921579446,0.744951011094889,0.3786065964471726,6.511182914383211,2.964749963138298,0.5769130224885726,0.2922613075265313,0.2238867662307349,0.9441920921579446,1.1243643896038518,0.8397563111106824,-0.1746435350542279,0.2238867662307349,0.3120969403608288,0.7173629000396149,-0.33217342969064645,Energy,7
ett1/15T/short|H=336|L=8192|Hsrc=controlled|Lsrc=controlled|origins=shared_origin_v1:Hmax=720,joint-scaling,release,standard_hl_shared_origin_v1,ett1/15T/short,Granite-PatchTST-FM-r1,patchtstfm,granite-timeseries-patchtst-fm-r1,257.895552,257.895552,336,controlled,shared_origin_v1:Hmax=720,720,720,8192,controlled,62480,68960,7856,7856,256,256,100,[],merged,2,7,23520,120869.03296483308,,100,,float32,native_horizon,336,,direct_full_horizon,8.261110848147853,8.261110848147853,1.4772036597842262,0.9409052744499439,0.7193259174794802,0.3797719112058886,6.4907397289209205,2.874214822894742,0.5592957184836007,0.2874502196789623,0.22105680099601702,0.9409052744499439,1.1243643896038518,0.8368330437621329,-0.17813069820765215,0.22105680099601702,0.3120969403608288,0.7082953160016361,-0.3448941592591995,Energy,7
ett1/15T/short|H=720|L=128|Hsrc=controlled|Lsrc=controlled|origins=shared_origin_v1:Hmax=720,joint-scaling,release,standard_hl_shared_origin_v1,ett1/15T/short,Granite-PatchTST-FM-r1,patchtstfm,granite-timeseries-patchtst-fm-r1,257.895552,257.895552,720,controlled,shared_origin_v1:Hmax=720,720,720,128,controlled,62480,68960,128,128,256,256,100,[],merged,2,7,50400,264426.7650203854,,100,,float32,native_horizon,720,,direct_full_horizon,26.351397801959326,26.351397801959326,2.8969947064112103,1.796059103660915,0.9958098426145872,0.6476619853670635,16.0388516532892,5.133361257690649,0.9784236757109788,0.5521700240589065,0.45160569369589615,1.796059103660915,1.1908857060716118,1.508170846710047,0.41089755674283374,0.45160569369589615,0.34017934522818005,1.3275517753524257,0.2833364755221128,Energy,7
ett1/15T/short|H=720|L=256|Hsrc=controlled|Lsrc=controlled|origins=shared_origin_v1:Hmax=720,joint-scaling,release,standard_hl_shared_origin_v1,ett1/15T/short,Granite-PatchTST-FM-r1,patchtstfm,granite-timeseries-patchtst-fm-r1,257.895552,257.895552,720,controlled,shared_origin_v1:Hmax=720,720,720,256,controlled,62480,68960,256,256,256,256,100,[],merged,2,7,50400,264426.7650203854,,100,,float32,native_horizon,720,,direct_full_horizon,20.2479105437748,20.2479105437748,2.3687149290054563,1.4635681192862655,0.8506351246569599,0.5265104360429067,12.937392038557196,4.499767832208102,0.8576601492129763,0.4514793818722224,0.3696748666954356,1.4635681192862655,1.1908857060716118,1.2289744614654536,0.20618005043752305,0.3696748666954356,0.34017934522818005,1.0867057976358647,0.08315091615651274,Energy,7
ett1/15T/short|H=720|L=512|Hsrc=controlled|Lsrc=controlled|origins=shared_origin_v1:Hmax=720,joint-scaling,release,standard_hl_shared_origin_v1,ett1/15T/short,Granite-PatchTST-FM-r1,patchtstfm,granite-timeseries-patchtst-fm-r1,257.895552,257.895552,720,controlled,shared_origin_v1:Hmax=720,720,720,512,controlled,62480,68960,512,512,256,256,100,[],merged,2,7,50400,264426.7650203854,,100,,float32,native_horizon,720,,direct_full_horizon,15.77357879154266,15.77357879154266,2.009851810515873,1.2430586785078155,0.843987152865824,0.45665668790302577,10.338196657013706,3.9715965041205608,0.756990177572398,0.38307972055019,0.30127475414763627,1.2430586785078155,1.1908857060716118,1.0438102264308027,0.04287769748786488,0.30127475414763627,0.34017934522818005,0.8856350580178582,-0.12145031163021194,Energy,7
ett1/15T/short|H=720|L=1024|Hsrc=controlled|Lsrc=controlled|origins=shared_origin_v1:Hmax=720,joint-scaling,release,standard_hl_shared_origin_v1,ett1/15T/short,Granite-PatchTST-FM-r1,patchtstfm,granite-timeseries-patchtst-fm-r1,257.895552,257.895552,720,controlled,shared_origin_v1:Hmax=720,720,720,1024,controlled,62480,68960,1024,1024,256,256,100,[],merged,2,7,50400,264426.7650203854,,100,,float32,native_horizon,720,,direct_full_horizon,11.868756704179068,11.868756704179068,1.7540689716641864,1.0988545136463603,0.8180090107515507,0.4110833255828373,7.982742699402559,3.4451061963572425,0.6566406100495128,0.3343272613309761,0.25706867580356196,1.0988545136463603,1.1908857060716118,0.9227203820181571,-0.08042903510203168,0.25706867580356196,0.34017934522818005,0.755685726983599,-0.2801296942800506,Energy,7
ett1/15T/short|H=720|L=2048|Hsrc=controlled|Lsrc=controlled|origins=shared_origin_v1:Hmax=720,joint-scaling,release,standard_hl_shared_origin_v1,ett1/15T/short,Granite-PatchTST-FM-r1,patchtstfm,granite-timeseries-patchtst-fm-r1,257.895552,257.895552,720,controlled,shared_origin_v1:Hmax=720,720,720,2048,controlled,62480,68960,2048,2048,256,256,100,[],merged,2,7,50400,264426.7650203854,,100,,float32,native_horizon,720,,direct_full_horizon,10.622172037760416,10.622172037760416,1.6464889865451389,1.0374340413107654,0.8011415158309904,0.39590471540178573,7.607381410074742,3.2591673841274886,0.6212004906060172,0.3138224109631172,0.24405239429842723,1.0374340413107654,1.1908857060716118,0.8711449268569701,-0.13794692463133293,0.24405239429842723,0.34017934522818005,0.7174227292804203,-0.3320900315305068,Energy,7
ett1/15T/short|H=720|L=4096|Hsrc=controlled|Lsrc=controlled|origins=shared_origin_v1:Hmax=720,joint-scaling,release,standard_hl_shared_origin_v1,ett1/15T/short,Granite-PatchTST-FM-r1,patchtstfm,granite-timeseries-patchtst-fm-r1,257.895552,257.895552,720,controlled,shared_origin_v1:Hmax=720,720,720,4096,controlled,62480,68960,4096,4096,256,256,100,[],merged,2,7,50400,264426.7650203854,,100,,float32,native_horizon,720,,direct_full_horizon,9.49934330047123,9.49934330047123,1.605844029017857,1.0120173413456333,0.7694011008057714,0.3932719494047619,7.45530044799857,3.0821004689125937,0.5874513634095221,0.30607544231107064,0.23679769937919393,1.0120173413456333,1.1908857060716118,0.8498022406230623,-0.16275161465738203,0.23679769937919393,0.34017934522818005,0.6960966404952028,-0.36226677700045407,Energy,7
ett1/15T/short|H=720|L=6144|Hsrc=controlled|Lsrc=controlled|origins=shared_origin_v1:Hmax=720,joint-scaling-l6144,release,standard_hl_shared_origin_v1,ett1/15T/short,Granite-PatchTST-FM-r1,patchtstfm,granite-timeseries-patchtst-fm-r1,257.895552,257.895552,720,controlled,shared_origin_v1:Hmax=720,720,720,6144,controlled,62480,68960,6144,6144,256,256,100,[],merged,6,7,50400,264426.7650203854,,100,,float32,native_horizon,720,,direct_full_horizon,9.304157033042301,9.304157033042301,1.5813426353817894,1.0000445019039457,0.7435269762747322,0.39118844410729786,7.229706610121485,3.0502716326652455,0.5813847560948553,0.3014054527237359,0.23243562088967362,1.0000445019039457,1.1908857060716118,0.8397485139046666,-0.17465282017910475,0.23243562088967362,0.34017934522818005,0.6832737617675294,-0.38085967721918346,Energy,7
ett1/15T/short|H=720|L=8192|Hsrc=controlled|Lsrc=controlled|origins=shared_origin_v1:Hmax=720,joint-scaling,release,standard_hl_shared_origin_v1,ett1/15T/short,Granite-PatchTST-FM-r1,patchtstfm,granite-timeseries-patchtst-fm-r1,257.895552,257.895552,720,controlled,shared_origin_v1:Hmax=720,720,720,8192,controlled,62480,68960,7472,7472,256,256,100,[],merged,2,7,50400,264426.7650203854,,100,,float32,native_horizon,720,,direct_full_horizon,9.284244636656746,9.284244636656746,1.591919642857143,1.0068466791600632,0.7520531053329645,0.3936557152157738,7.25500998313238,3.0470058478212256,0.5807622943099225,0.3034214406919611,0.23379284773450554,1.0068466791600632,1.1908857060716118,0.845460377957982,-0.1678739740029772,0.23379284773450554,0.34017934522818005,0.6872635008974037,-0.3750375073172197,Energy,7
ett1/H/short|H=48|L=128|Hsrc=controlled|Lsrc=controlled|origins=shared_origin_v1:Hmax=720,joint-scaling,release,standard_hl_shared_origin_v1,ett1/H/short,Granite-PatchTST-FM-r1,patchtstfm,granite-timeseries-patchtst-fm-r1,257.895552,257.895552,48,controlled,shared_origin_v1:Hmax=720,720,720,128,controlled,15260,16700,128,128,256,256,100,[],merged,2,7,1008,20577.4390123263,,100,,float32,native_horizon,48,,direct_full_horizon,117.77631317623077,117.77631317623077,5.398616064162481,0.9393585882832045,94.33650437612383,0.34617186349535745,8.438816254987008,10.852479586538312,0.5316161752042009,0.2644549202364799,0.21467991550199209,0.9393585882832045,1.0359567809514858,0.9067546113462768,-0.09788341525579347,0.21467991550199209,0.24896323633412581,0.8622956492013015,-0.14815708661086358,Energy,7
ett1/H/short|H=48|L=256|Hsrc=controlled|Lsrc=controlled|origins=shared_origin_v1:Hmax=720,joint-scaling,release,standard_hl_shared_origin_v1,ett1/H/short,Granite-PatchTST-FM-r1,patchtstfm,granite-timeseries-patchtst-fm-r1,257.895552,257.895552,48,controlled,shared_origin_v1:Hmax=720,720,720,256,controlled,15260,16700,256,256,256,256,100,[],merged,2,7,1008,20577.4390123263,,100,,float32,native_horizon,48,,direct_full_horizon,113.62482512943329,113.62482512943329,4.94727773515005,0.8551039973404796,74338.03138614836,0.3066843653482104,6.318928730667476,10.659494600094007,0.5221626729379892,0.24234580182908197,0.1946640029060441,0.8551039973404796,1.0359567809514858,0.8254243932407103,-0.1918576088646881,0.1946640029060441,0.24896323633412581,0.7818985878091318,-0.24603022995493445,Energy,7
ett1/H/short|H=48|L=512|Hsrc=controlled|Lsrc=controlled|origins=shared_origin_v1:Hmax=720,joint-scaling,release,standard_hl_shared_origin_v1,ett1/H/short,Granite-PatchTST-FM-r1,patchtstfm,granite-timeseries-patchtst-fm-r1,257.895552,257.895552,48,controlled,shared_origin_v1:Hmax=720,720,720,512,controlled,15260,16700,512,512,256,256,100,[],merged,2,7,1008,20577.4390123263,,100,,float32,native_horizon,48,,direct_full_horizon,122.17101469494048,122.17101469494048,5.565922388954768,0.9697611135086417,111140.5719869099,0.3385091963268462,5.474152079583393,11.05309977766149,0.5414436932219205,0.272650535603854,0.19601345832842257,0.9697611135086417,1.0359567809514858,0.9361019024538398,-0.06603093828747764,0.19601345832842257,0.24896323633412581,0.7873188877789129,-0.2391219185054813,Energy,7
ett1/H/short|H=48|L=1024|Hsrc=controlled|Lsrc=controlled|origins=shared_origin_v1:Hmax=720,joint-scaling,release,standard_hl_shared_origin_v1,ett1/H/short,Granite-PatchTST-FM-r1,patchtstfm,granite-timeseries-patchtst-fm-r1,257.895552,257.895552,48,controlled,shared_origin_v1:Hmax=720,720,720,1024,controlled,15260,16700,1024,1024,256,256,100,[],merged,2,7,1008,20577.4390123263,,100,,float32,native_horizon,48,,direct_full_horizon,99.99834914434524,99.99834914434524,4.923119923425099,0.8749816824037848,87550.11745228842,0.31503120301261783,5.808553485683218,9.999917456876593,0.4898528330222985,0.24116241480972728,0.17505394724269893,0.8749816824037848,1.0359567809514858,0.8446121483949827,-0.16887775297813257,0.17505394724269893,0.24896323633412581,0.7031317146269921,-0.35221104394322805,Energy,7
ett1/H/short|H=48|L=2048|Hsrc=controlled|Lsrc=controlled|origins=shared_origin_v1:Hmax=720,joint-scaling,release,standard_hl_shared_origin_v1,ett1/H/short,Granite-PatchTST-FM-r1,patchtstfm,granite-timeseries-patchtst-fm-r1,257.895552,257.895552,48,controlled,shared_origin_v1:Hmax=720,720,720,2048,controlled,15260,16700,2048,2048,256,256,100,[],merged,2,7,1008,20577.4390123263,,100,,float32,native_horizon,48,,direct_full_horizon,96.00943017384363,96.00943017384363,4.782815721299913,0.8533562554346666,75207.20806267147,0.30817045484270367,5.538523835973592,9.798440190859136,0.479983330601519,0.23428951698908643,0.17414703020368766,0.8533562554346666,1.0359567809514858,0.8237373132988157,-0.19390359443871927,0.17414703020368766,0.24896323633412581,0.6994889396841321,-0.3574052967469519,Energy,7
ett1/H/short|H=48|L=4096|Hsrc=controlled|Lsrc=controlled|origins=shared_origin_v1:Hmax=720,joint-scaling,release,standard_hl_shared_origin_v1,ett1/H/short,Granite-PatchTST-FM-r1,patchtstfm,granite-timeseries-patchtst-fm-r1,257.895552,257.895552,48,controlled,shared_origin_v1:Hmax=720,720,720,4096,controlled,15260,16700,4096,4096,256,256,100,[],merged,2,7,1008,20577.4390123263,,100,,float32,native_horizon,48,,direct_full_horizon,108.71256607297867,108.71256607297867,4.948229592943949,0.8622782223470221,31252.612702384828,0.30749988555908203,5.392142195812968,10.426531833403601,0.5107508316158857,0.24239242923765675,0.17910768196534285,0.8622782223470221,1.0359567809514858,0.8323496097540414,-0.18350272239061846,0.17910768196534285,0.24896323633412581,0.7194141777823293,-0.32931804012730687,Energy,7
ett1/H/short|H=48|L=6144|Hsrc=controlled|Lsrc=controlled|origins=shared_origin_v1:Hmax=720,joint-scaling-l6144,release,standard_hl_shared_origin_v1,ett1/H/short,Granite-PatchTST-FM-r1,patchtstfm,granite-timeseries-patchtst-fm-r1,257.895552,257.895552,48,controlled,shared_origin_v1:Hmax=720,720,720,6144,controlled,15260,16700,6144,6144,256,256,100,[],merged,6,7,1008,20577.4390123263,,100,,float32,native_horizon,48,,direct_full_horizon,96.9110048309205,96.9110048309205,4.713372972276476,0.837084731725333,20230.25071451399,0.29867142911941286,5.215589542879178,9.844338719838957,0.48223170160550766,0.2308878161761867,0.17487755968894345,0.837084731725333,1.0359567809514858,0.8080305540898177,-0.21315540670839445,0.17487755968894345,0.24896323633412581,0.7024232262720337,-0.3532191701919386,Energy,7
ett1/H/short|H=48|L=8192|Hsrc=controlled|Lsrc=controlled|origins=shared_origin_v1:Hmax=720,joint-scaling,release,standard_hl_shared_origin_v1,ett1/H/short,Granite-PatchTST-FM-r1,patchtstfm,granite-timeseries-patchtst-fm-r1,257.895552,257.895552,48,controlled,shared_origin_v1:Hmax=720,720,720,8192,controlled,15260,16700,8064,8064,256,256,100,[],merged,2,7,1008,20577.4390123263,,100,,float32,native_horizon,48,,direct_full_horizon,88.82496812608507,88.82496812608507,4.617123921712239,0.8312913386932516,205.2066324324835,0.3023266640920488,5.310512457272219,9.424699895810214,0.46167540524775436,0.2261729902490811,0.16952629444741574,0.8312913386932516,1.0359567809514858,0.8024382425777868,-0.22010038322861547,0.16952629444741574,0.24896323633412581,0.6809290276894528,-0.38429719604715123,Energy,7
ett1/H/short|H=96|L=128|Hsrc=controlled|Lsrc=controlled|origins=shared_origin_v1:Hmax=720,joint-scaling,release,standard_hl_shared_origin_v1,ett1/H/short,Granite-PatchTST-FM-r1,patchtstfm,granite-timeseries-patchtst-fm-r1,257.895552,257.895552,96,controlled,shared_origin_v1:Hmax=720,720,720,128,controlled,15260,16700,128,128,256,256,100,[],merged,2,7,2016,44362.64408172667,,100,,float32,native_horizon,96,,direct_full_horizon,250.42496066623264,250.42496066623264,7.466498359801277,1.2356907741334617,47.68650848146469,0.4044651606726268,12.116988566630315,15.824821031096453,0.7191374603352708,0.33930485896262447,0.2764642735983203,1.2356907741334617,1.2881323512107834,0.9592886732267619,-0.04156323455957789,0.2764642735983203,0.2992979528082596,0.9237092035020791,-0.07935797169814585,Energy,7
ett1/H/short|H=96|L=256|Hsrc=controlled|Lsrc=controlled|origins=shared_origin_v1:Hmax=720,joint-scaling,release,standard_hl_shared_origin_v1,ett1/H/short,Granite-PatchTST-FM-r1,patchtstfm,granite-timeseries-patchtst-fm-r1,257.895552,257.895552,96,controlled,shared_origin_v1:Hmax=720,720,720,256,controlled,15260,16700,256,256,256,256,100,[],merged,2,7,2016,44362.64408172667,,100,,float32,native_horizon,96,,direct_full_horizon,243.4007578047495,243.4007578047495,7.0026748899429565,1.1543666537963817,37169.548203422906,0.3773435259622241,9.8046734970451,15.601306285204117,0.708980136824778,0.31822703245815026,0.2570512276521261,1.1543666537963817,1.2881323512107834,0.8961553156485292,-0.10964153767169692,0.2570512276521261,0.2992979528082596,0.8588472632046429,-0.1521641804854887,Energy,7
ett1/H/short|H=96|L=512|Hsrc=controlled|Lsrc=controlled|origins=shared_origin_v1:Hmax=720,joint-scaling,release,standard_hl_shared_origin_v1,ett1/H/short,Granite-PatchTST-FM-r1,patchtstfm,granite-timeseries-patchtst-fm-r1,257.895552,257.895552,96,controlled,shared_origin_v1:Hmax=720,720,720,512,controlled,15260,16700,512,512,256,256,100,[],merged,2,7,2016,44362.64408172667,,100,,float32,native_horizon,96,,direct_full_horizon,242.44937036907862,242.44937036907862,7.2261514815073165,1.2108114106290822,55570.90756104484,0.38752645159524585,8.428258800498694,15.570785798060374,0.707593174813036,0.32838262209712143,0.2539224587193679,1.2108114106290822,1.2881323512107834,0.9399743818956001,-0.061902657392018536,0.2539224587193679,0.2992979528082596,0.8483935701425904,-0.16441063512444207,Energy,7
ett1/H/short|H=96|L=1024|Hsrc=controlled|Lsrc=controlled|origins=shared_origin_v1:Hmax=720,joint-scaling,release,standard_hl_shared_origin_v1,ett1/H/short,Granite-PatchTST-FM-r1,patchtstfm,granite-timeseries-patchtst-fm-r1,257.895552,257.895552,96,controlled,shared_origin_v1:Hmax=720,720,720,1024,controlled,15260,16700,1024,1024,256,256,100,[],merged,2,7,2016,44362.64408172667,,100,,float32,native_horizon,96,,direct_full_horizon,241.80380055261037,241.80380055261037,6.969724988180493,1.165248153233802,43775.70902149261,0.37341920156327507,8.911244970336297,15.550041818355679,0.7066504928798396,0.31672966900454835,0.24556411662057512,1.165248153233802,1.2881323512107834,0.9046028167358143,-0.10025930815171621,0.24556411662057512,0.2992979528082596,0.820467077427328,-0.19788149426941856,Energy,7
ett1/H/short|H=96|L=2048|Hsrc=controlled|Lsrc=controlled|origins=shared_origin_v1:Hmax=720,joint-scaling,release,standard_hl_shared_origin_v1,ett1/H/short,Granite-PatchTST-FM-r1,patchtstfm,granite-timeseries-patchtst-fm-r1,257.895552,257.895552,96,controlled,shared_origin_v1:Hmax=720,720,720,2048,controlled,15260,16700,2048,2048,256,256,100,[],merged,2,7,2016,44362.64408172667,,100,,float32,native_horizon,96,,direct_full_horizon,204.9154270717076,204.9154270717076,6.531496683756511,1.1141893989169713,37604.16941803221,0.3624920163835798,8.331311654961508,14.314867343838978,0.6505196694771974,0.2968149799681783,0.23165061577197016,1.1141893989169713,1.2881323512107834,0.8649649998074236,-0.1450662355192702,0.23165061577197016,0.2992979528082596,0.773979954083994,-0.25620930484408466,Energy,7
ett1/H/short|H=96|L=4096|Hsrc=controlled|Lsrc=controlled|origins=shared_origin_v1:Hmax=720,joint-scaling,release,standard_hl_shared_origin_v1,ett1/H/short,Granite-PatchTST-FM-r1,patchtstfm,granite-timeseries-patchtst-fm-r1,257.895552,257.895552,96,controlled,shared_origin_v1:Hmax=720,720,720,4096,controlled,15260,16700,4096,4096,256,256,100,[],merged,2,7,2016,44362.64408172667,,100,,float32,native_horizon,96,,direct_full_horizon,220.15616426013764,220.15616426013764,6.624614655025422,1.118723774844353,15626.850100804892,0.3568015628390842,8.311246878799963,14.837660336459304,0.6742772857090196,0.3010465994751736,0.2331341372436316,1.118723774844353,1.2881323512107834,0.8684851162947702,-0.14100483070197245,0.2331341372436316,0.2992979528082596,0.7789366250459628,-0.24982559066220733,Energy,7
ett1/H/short|H=96|L=6144|Hsrc=controlled|Lsrc=controlled|origins=shared_origin_v1:Hmax=720,joint-scaling-l6144,release,standard_hl_shared_origin_v1,ett1/H/short,Granite-PatchTST-FM-r1,patchtstfm,granite-timeseries-patchtst-fm-r1,257.895552,257.895552,96,controlled,shared_origin_v1:Hmax=720,720,720,6144,controlled,15260,16700,6144,6144,256,256,100,[],merged,6,7,2016,44362.64408172667,,100,,float32,native_horizon,96,,direct_full_horizon,199.23515324365525,199.23515324365525,6.3541166214715865,1.0952009590174303,10115.573408936698,0.3486907860589406,8.316538756650196,14.115068304604666,0.641440073987931,0.28875418438287404,0.22727770696959176,1.0952009590174303,1.2881323512107834,0.8502239369952888,-0.1622555089074503,0.22727770696959176,0.2992979528082596,0.7593694004154902,-0.2752669264188605,Energy,7
ett1/H/short|H=96|L=8192|Hsrc=controlled|Lsrc=controlled|origins=shared_origin_v1:Hmax=720,joint-scaling,release,standard_hl_shared_origin_v1,ett1/H/short,Granite-PatchTST-FM-r1,patchtstfm,granite-timeseries-patchtst-fm-r1,257.895552,257.895552,96,controlled,shared_origin_v1:Hmax=720,720,720,8192,controlled,15260,16700,8064,8064,256,256,100,[],merged,2,7,2016,44362.64408172667,,100,,float32,native_horizon,96,,direct_full_horizon,191.22638181656126,191.22638181656126,6.330426594567677,1.0957608222400206,103.06199997190446,0.35535836598229786,8.198094585930038,13.82846274234997,0.6284156741698989,0.28767762334313307,0.22496035961459904,1.0957608222400206,1.2881323512107834,0.8506585687488225,-0.16174444272677524,0.22496035961459904,0.2992979528082596,0.7516267903065686,-0.2855153677106312,Energy,7
ett1/H/short|H=192|L=128|Hsrc=controlled|Lsrc=controlled|origins=shared_origin_v1:Hmax=720,joint-scaling,release,standard_hl_shared_origin_v1,ett1/H/short,Granite-PatchTST-FM-r1,patchtstfm,granite-timeseries-patchtst-fm-r1,257.895552,257.895552,192,controlled,shared_origin_v1:Hmax=720,720,720,128,controlled,15260,16700,128,128,256,256,100,[],merged,2,7,4032,87160.2070671916,,100,,float32,native_horizon,192,,direct_full_horizon,215.44446575830852,215.44446575830852,7.131139482770648,1.207196589405069,30723.185136462016,0.40589820014105904,11.494801916365294,14.678026630249331,0.6790002612951823,0.3298839615234716,0.2697013680294223,1.207196589405069,1.242096558684659,0.9719023702017594,-0.028499921745611338,0.2697013680294223,0.3251852194564498,0.8293776958258764,-0.18707962347035073,Energy,7
ett1/H/short|H=192|L=256|Hsrc=controlled|Lsrc=controlled|origins=shared_origin_v1:Hmax=720,joint-scaling,release,standard_hl_shared_origin_v1,ett1/H/short,Granite-PatchTST-FM-r1,patchtstfm,granite-timeseries-patchtst-fm-r1,257.895552,257.895552,192,controlled,shared_origin_v1:Hmax=720,720,720,256,controlled,15260,16700,256,256,256,256,100,[],merged,2,7,4032,87160.2070671916,,100,,float32,native_horizon,192,,direct_full_horizon,219.33588130890377,219.33588130890377,6.77049788217696,1.1269582593053735,51808.528846861824,0.3834831298343719,8.81158025298102,14.809992616774114,0.6851049606249779,0.3132008100886341,0.25235746819978155,1.1269582593053735,1.242096558684659,0.9073032619128956,-0.09727852762631356,0.25235746819978155,0.3251852194564498,0.7760422463899174,-0.25354831905666764,Energy,7
ett1/H/short|H=192|L=512|Hsrc=controlled|Lsrc=controlled|origins=shared_origin_v1:Hmax=720,joint-scaling,release,standard_hl_shared_origin_v1,ett1/H/short,Granite-PatchTST-FM-r1,patchtstfm,granite-timeseries-patchtst-fm-r1,257.895552,257.895552,192,controlled,shared_origin_v1:Hmax=720,720,720,512,controlled,15260,16700,512,512,256,256,100,[],merged,2,7,4032,87160.2070671916,,100,,float32,native_horizon,192,,direct_full_horizon,218.85265338231648,218.85265338231648,7.132950555710566,1.191844490615568,60372.595668611066,0.402535287160722,8.038900804180917,14.793669368426363,0.6843498529955594,0.32996774110981564,0.25398110463023715,1.191844490615568,1.242096558684659,0.9595425430352159,-0.041298625762531294,0.25398110463023715,0.3251852194564498,0.7810352052739943,-0.24713505298298763,Energy,7
ett1/H/short|H=192|L=1024|Hsrc=controlled|Lsrc=controlled|origins=shared_origin_v1:Hmax=720,joint-scaling,release,standard_hl_shared_origin_v1,ett1/H/short,Granite-PatchTST-FM-r1,patchtstfm,granite-timeseries-patchtst-fm-r1,257.895552,257.895552,192,controlled,shared_origin_v1:Hmax=720,720,720,1024,controlled,15260,16700,1024,1024,256,256,100,[],merged,2,7,4032,87160.2070671916,,100,,float32,native_horizon,192,,direct_full_horizon,208.06216624426463,208.06216624426463,6.863234444270058,1.1367263199362114,40242.76008266873,0.38849821544828866,8.11874556881951,14.424360167586798,0.6672657414739195,0.31749077027736017,0.24375541605390172,1.1367263199362114,1.242096558684659,0.9151674336333148,-0.08864824286940716,0.24375541605390172,0.3251852194564498,0.7495894692303089,-0.28822959667540415,Energy,7
ett1/H/short|H=192|L=2048|Hsrc=controlled|Lsrc=controlled|origins=shared_origin_v1:Hmax=720,joint-scaling,release,standard_hl_shared_origin_v1,ett1/H/short,Granite-PatchTST-FM-r1,patchtstfm,granite-timeseries-patchtst-fm-r1,257.895552,257.895552,192,controlled,shared_origin_v1:Hmax=720,720,720,2048,controlled,15260,16700,2048,2048,256,256,100,[],merged,2,7,4032,87160.2070671916,,100,,float32,native_horizon,192,,direct_full_horizon,174.2369346013145,174.2369346013145,6.221255166190011,1.068061705196647,30089.55698231288,0.3685623956105066,7.818730267383594,13.199883885902727,0.610621906702575,0.28779303852204996,0.2261774735834216,1.068061705196647,1.242096558684659,0.8598862123309403,-0.150955209731581,0.2261774735834216,0.3251852194564498,0.6955342987651143,-0.36307495357203157,Energy,7
ett1/H/short|H=192|L=4096|Hsrc=controlled|Lsrc=controlled|origins=shared_origin_v1:Hmax=720,joint-scaling,release,standard_hl_shared_origin_v1,ett1/H/short,Granite-PatchTST-FM-r1,patchtstfm,granite-timeseries-patchtst-fm-r1,257.895552,257.895552,192,controlled,shared_origin_v1:Hmax=720,720,720,4096,controlled,15260,16700,4096,4096,256,256,100,[],merged,2,7,4032,87160.2070671916,,100,,float32,native_horizon,192,,direct_full_horizon,190.23209829179066,190.23209829179066,6.296285235692585,1.050541406039215,5696.441938006688,0.3614275796072824,7.495039113295351,13.792465272451864,0.6380345096662672,0.29126390269750063,0.22583927276680157,1.050541406039215,1.242096558684659,0.8457807878895544,-0.16749506892205082,0.22583927276680157,0.3251852194564498,0.6944942735844332,-0.36457136220051783,Energy,7
ett1/H/short|H=192|L=6144|Hsrc=controlled|Lsrc=controlled|origins=shared_origin_v1:Hmax=720,joint-scaling-l6144,release,standard_hl_shared_origin_v1,ett1/H/short,Granite-PatchTST-FM-r1,patchtstfm,granite-timeseries-patchtst-fm-r1,257.895552,257.895552,192,controlled,shared_origin_v1:Hmax=720,720,720,6144,controlled,15260,16700,6144,6144,256,256,100,[],merged,6,7,4032,87160.2070671916,,100,,float32,native_horizon,192,,direct_full_horizon,174.70088127681188,174.70088127681188,6.14218459053645,1.0388827340133726,11635.701104253058,0.35397562148079037,7.656277648780095,13.21744609509764,0.6114343282175825,0.28413526197742356,0.22251398966792346,1.0388827340133726,1.242096558684659,0.8363945031081291,-0.17865488353422712,0.22251398966792346,0.3251852194564498,0.6842684610323241,-0.3794049514730553,Energy,7
ett1/H/short|H=192|L=8192|Hsrc=controlled|Lsrc=controlled|origins=shared_origin_v1:Hmax=720,joint-scaling,release,standard_hl_shared_origin_v1,ett1/H/short,Granite-PatchTST-FM-r1,patchtstfm,granite-timeseries-patchtst-fm-r1,257.895552,257.895552,192,controlled,shared_origin_v1:Hmax=720,720,720,8192,controlled,15260,16700,8000,8000,256,256,100,[],merged,2,7,4032,87160.2070671916,,100,,float32,native_horizon,192,,direct_full_horizon,173.33855716765873,173.33855716765873,6.3282580299982945,1.0706662344163729,14149.208762153745,0.3649782453264509,7.584969399191776,13.165810159943016,0.6090456683285238,0.2927429527247825,0.22648584632185606,1.0706662344163729,1.242096558684659,0.8619830937702416,-0.1485196213063207,0.22648584632185606,0.3251852194564498,0.6964825975191287,-0.3617124716894566,Energy,7
ett1/H/short|H=336|L=128|Hsrc=controlled|Lsrc=controlled|origins=shared_origin_v1:Hmax=720,joint-scaling,release,standard_hl_shared_origin_v1,ett1/H/short,Granite-PatchTST-FM-r1,patchtstfm,granite-timeseries-patchtst-fm-r1,257.895552,257.895552,336,controlled,shared_origin_v1:Hmax=720,720,720,128,controlled,15260,16700,128,128,256,256,100,[],merged,2,7,7056,148002.10103227943,,100,,float32,native_horizon,336,,direct_full_horizon,178.41504570578232,178.41504570578232,6.902401601916808,1.2346234716785884,3529501395830.374,0.426574949234251,10.671946370519194,13.357209502953165,0.6368049480073383,0.32907198859631553,0.2698850466325626,1.2346234716785884,1.3360087461222394,0.9241133153222826,-0.07892057922941109,0.2698850466325626,0.3747062738871697,0.7202576136043813,-0.32814633429324963,Energy,7
ett1/H/short|H=336|L=256|Hsrc=controlled|Lsrc=controlled|origins=shared_origin_v1:Hmax=720,joint-scaling,release,standard_hl_shared_origin_v1,ett1/H/short,Granite-PatchTST-FM-r1,patchtstfm,granite-timeseries-patchtst-fm-r1,257.895552,257.895552,336,controlled,shared_origin_v1:Hmax=720,720,720,256,controlled,15260,16700,256,256,256,256,100,[],merged,2,7,7056,148002.10103227943,,100,,float32,native_horizon,336,,direct_full_horizon,172.26942495748298,172.26942495748298,6.573125653256094,1.1699927536677062,4685197605661.65,0.4093222066658695,9.240715612281543,13.12514475948677,0.6257412616239825,0.3133737581148221,0.2530320260152059,1.1699927536677062,1.3360087461222394,0.8757373460792124,-0.13268906624762764,0.2530320260152059,0.3747062738871697,0.6752809964729816,-0.39262638366361136,Energy,7
ett1/H/short|H=336|L=512|Hsrc=controlled|Lsrc=controlled|origins=shared_origin_v1:Hmax=720,joint-scaling,release,standard_hl_shared_origin_v1,ett1/H/short,Granite-PatchTST-FM-r1,patchtstfm,granite-timeseries-patchtst-fm-r1,257.895552,257.895552,336,controlled,shared_origin_v1:Hmax=720,720,720,512,controlled,15260,16700,512,512,256,256,100,[],merged,2,7,7056,148002.10103227943,,100,,float32,native_horizon,336,,direct_full_horizon,179.02807561826813,179.02807561826813,6.846388628693665,1.2217680438328697,5945766249546.971,0.420543869606762,9.249123726003504,13.38013735423774,0.6378980332915039,0.32640157016099686,0.25820309361558236,1.2217680438328697,1.3360087461222394,0.9144910520825908,-0.08938759569051119,0.25820309361558236,0.3747062738871697,0.6890813194479141,-0.37239598960938625,Energy,7
ett1/H/short|H=336|L=1024|Hsrc=controlled|Lsrc=controlled|origins=shared_origin_v1:Hmax=720,joint-scaling,release,standard_hl_shared_origin_v1,ett1/H/short,Granite-PatchTST-FM-r1,patchtstfm,granite-timeseries-patchtst-fm-r1,257.895552,257.895552,336,controlled,shared_origin_v1:Hmax=720,720,720,1024,controlled,15260,16700,1024,1024,256,256,100,[],merged,2,7,7056,148002.10103227943,,100,,float32,native_horizon,336,,direct_full_horizon,177.3929191468254,177.3929191468254,6.869796372324972,1.2085908389106275,6090960000479.633,0.4203191744226988,9.474146966030258,13.31889331539319,0.634978223808577,0.3275175343122522,0.2575141600897399,1.2085908389106275,1.3360087461222394,0.9046279393144379,-0.1002315365935099,0.2575141600897399,0.3747062738871697,0.6872427232624391,-0.3750677401886335,Energy,7
ett1/H/short|H=336|L=2048|Hsrc=controlled|Lsrc=controlled|origins=shared_origin_v1:Hmax=720,joint-scaling,release,standard_hl_shared_origin_v1,ett1/H/short,Granite-PatchTST-FM-r1,patchtstfm,granite-timeseries-patchtst-fm-r1,257.895552,257.895552,336,controlled,shared_origin_v1:Hmax=720,720,720,2048,controlled,15260,16700,2048,2048,256,256,100,[],merged,2,7,7056,148002.10103227943,,100,,float32,native_horizon,336,,direct_full_horizon,166.38825777706916,166.38825777706916,6.6149188190901365,1.178556558144006,6553111492120.275,0.41623992227913303,9.384872463167607,12.899157250652818,0.6149673073948828,0.315366247248883,0.25006030562803166,1.178556558144006,1.3360087461222394,0.8821473374068562,-0.12539618771238933,0.25006030562803166,0.3747062738871697,0.6673501968193065,-0.4044403381353601,Energy,7
ett1/H/short|H=336|L=4096|Hsrc=controlled|Lsrc=controlled|origins=shared_origin_v1:Hmax=720,joint-scaling,release,standard_hl_shared_origin_v1,ett1/H/short,Granite-PatchTST-FM-r1,patchtstfm,granite-timeseries-patchtst-fm-r1,257.895552,257.895552,336,controlled,shared_origin_v1:Hmax=720,720,720,4096,controlled,15260,16700,4096,4096,256,256,100,[],merged,2,7,7056,148002.10103227943,,100,,float32,native_horizon,336,,direct_full_horizon,172.0609698306406,172.0609698306406,6.573859735951673,1.163247193802691,6059685121023.272,0.40783063408468856,9.456328739242917,13.11720129565147,0.6253625569945823,0.31340875550650693,0.24809422645905335,1.163247193802691,1.3360087461222394,0.8706883073774867,-0.13847122222879382,0.24809422645905335,0.3747062738871697,0.662103209229314,-0.4123338300168458,Energy,7
ett1/H/short|H=336|L=6144|Hsrc=controlled|Lsrc=controlled|origins=shared_origin_v1:Hmax=720,joint-scaling-l6144,release,standard_hl_shared_origin_v1,ett1/H/short,Granite-PatchTST-FM-r1,patchtstfm,granite-timeseries-patchtst-fm-r1,257.895552,257.895552,336,controlled,shared_origin_v1:Hmax=720,720,720,6144,controlled,15260,16700,6144,6144,256,256,100,[],merged,6,7,7056,148002.10103227943,,100,,float32,native_horizon,336,,direct_full_horizon,167.00434593494788,167.00434593494788,6.658121199834914,1.185045903211526,5818437734291.971,0.40993878846806464,9.301692851859604,12.923016131497626,0.6161047795122837,0.3174259207022259,0.25081581237116757,1.185045903211526,1.3360087461222394,0.8870045998210097,-0.1199051108675037,0.25081581237116757,0.3747062738871697,0.6693664607459772,-0.4014235949169921,Energy,7
ett1/H/short|H=336|L=8192|Hsrc=controlled|Lsrc=controlled|origins=shared_origin_v1:Hmax=720,joint-scaling,release,standard_hl_shared_origin_v1,ett1/H/short,Granite-PatchTST-FM-r1,patchtstfm,granite-timeseries-patchtst-fm-r1,257.895552,257.895552,336,controlled,shared_origin_v1:Hmax=720,720,720,8192,controlled,15260,16700,7856,7856,256,256,100,[],merged,2,7,7056,148002.10103227943,,100,,float32,native_horizon,336,,direct_full_horizon,169.2291240389385,169.2291240389385,6.9688012086344955,1.2220309694684974,6813303974739.498,0.4204790803039966,9.209109853535534,13.00880947815512,0.6201949772175396,0.3322375897717868,0.2593362449022649,1.2220309694684974,1.3360087461222394,0.9146878514197141,-0.08917241789952993,0.2593362449022649,0.3747062738871697,0.692105424902374,-0.3680169868434466,Energy,7
ett1/H/short|H=720|L=128|Hsrc=controlled|Lsrc=controlled|origins=shared_origin_v1:Hmax=720,joint-scaling,release,standard_hl_shared_origin_v1,ett1/H/short,Granite-PatchTST-FM-r1,patchtstfm,granite-timeseries-patchtst-fm-r1,257.895552,257.895552,720,controlled,shared_origin_v1:Hmax=720,720,720,128,controlled,15260,16700,128,128,256,256,100,[],merged,2,7,15120,315737.81191634387,,100,,float32,native_horizon,720,,direct_full_horizon,175.78744522982805,175.78744522982805,7.399916294642857,1.412881191257755,1917798490640.5154,0.4865644505415013,10.285844675307214,13.258485781937093,0.6349201693840958,0.3543659648995252,0.2859126636002374,1.412881191257755,1.478701287480662,0.9554879022692623,-0.04553317653396419,0.2859126636002374,0.4710624864152012,0.6069527331204844,-0.4993043606078759,Energy,7
ett1/H/short|H=720|L=256|Hsrc=controlled|Lsrc=controlled|origins=shared_origin_v1:Hmax=720,joint-scaling,release,standard_hl_shared_origin_v1,ett1/H/short,Granite-PatchTST-FM-r1,patchtstfm,granite-timeseries-patchtst-fm-r1,257.895552,257.895552,720,controlled,shared_origin_v1:Hmax=720,720,720,256,controlled,15260,16700,256,256,256,256,100,[],merged,2,7,15120,315737.81191634387,,100,,float32,native_horizon,720,,direct_full_horizon,187.69493014219577,187.69493014219577,7.424275845320767,1.421461544751892,1867776908188.2524,0.48789112555286873,9.484399264003574,13.70017993101535,0.6560719455794434,0.35553249102452283,0.28024845890631606,1.421461544751892,1.478701287480662,0.9612905302691037,-0.03947859492205863,0.28024845890631606,0.4710624864152012,0.5949284160558289,-0.5193141898241009,Energy,7
ett1/H/short|H=720|L=512|Hsrc=controlled|Lsrc=controlled|origins=shared_origin_v1:Hmax=720,joint-scaling,release,standard_hl_shared_origin_v1,ett1/H/short,Granite-PatchTST-FM-r1,patchtstfm,granite-timeseries-patchtst-fm-r1,257.895552,257.895552,720,controlled,shared_origin_v1:Hmax=720,720,720,512,controlled,15260,16700,512,512,256,256,100,[],merged,2,7,15120,315737.81191634387,,100,,float32,native_horizon,720,,direct_full_horizon,193.88637979497355,193.88637979497355,7.831147435102514,1.5032835447863786,2770783265545.7324,0.5118644108847966,9.606548011311798,13.924308952151756,0.6668049989917485,0.3750166902725051,0.2899302442722386,1.5032835447863786,1.478701287480662,1.0166242212094092,0.016487551449581195,0.2899302442722386,0.4710624864152012,0.6154814968999462,-0.4853503957104778,Energy,7
ett1/H/short|H=720|L=1024|Hsrc=controlled|Lsrc=controlled|origins=shared_origin_v1:Hmax=720,joint-scaling,release,standard_hl_shared_origin_v1,ett1/H/short,Granite-PatchTST-FM-r1,patchtstfm,granite-timeseries-patchtst-fm-r1,257.895552,257.895552,720,controlled,shared_origin_v1:Hmax=720,720,720,1024,controlled,15260,16700,1024,1024,256,256,100,[],merged,2,7,15120,315737.81191634387,,100,,float32,native_horizon,720,,direct_full_horizon,176.68770151289684,176.68770151289684,7.268549649677579,1.3799218980645689,2686462993134.7876,0.4723150344122024,9.505458537121967,13.29239261806906,0.6365438943323487,0.34807510078090875,0.2713821954047908,1.3799218980645689,1.478701287480662,0.9331985504764194,-0.06913729211894525,0.2713821954047908,0.4710624864152012,0.5761065744589788,-0.5514626102988851,Energy,7
ett1/H/short|H=720|L=2048|Hsrc=controlled|Lsrc=controlled|origins=shared_origin_v1:Hmax=720,joint-scaling,release,standard_hl_shared_origin_v1,ett1/H/short,Granite-PatchTST-FM-r1,patchtstfm,granite-timeseries-patchtst-fm-r1,257.895552,257.895552,720,controlled,shared_origin_v1:Hmax=720,720,720,2048,controlled,15260,16700,2048,2048,256,256,100,[],merged,2,7,15120,315737.81191634387,,100,,float32,native_horizon,720,,direct_full_horizon,177.31243179563492,177.31243179563492,7.575384166253307,1.4604394482533025,2679291090603.8804,0.4966906673693783,10.59772752025643,13.315871424568313,0.637668243526112,0.3627687412494574,0.2846642242525776,1.4604394482533025,1.478701287480662,0.9876500822837092,-0.012426811695510898,0.2846642242525776,0.4710624864152012,0.6043024703981001,-0.5036804275903802,Energy,7
ett1/H/short|H=720|L=4096|Hsrc=controlled|Lsrc=controlled|origins=shared_origin_v1:Hmax=720,joint-scaling,release,standard_hl_shared_origin_v1,ett1/H/short,Granite-PatchTST-FM-r1,patchtstfm,granite-timeseries-patchtst-fm-r1,257.895552,257.895552,720,controlled,shared_origin_v1:Hmax=720,720,720,4096,controlled,15260,16700,4096,4096,256,256,100,[],merged,2,7,15120,315737.81191634387,,100,,float32,native_horizon,720,,direct_full_horizon,164.51151000330688,164.51151000330688,7.259811611276455,1.417316740733225,2962538486750.734,0.48755727293630124,10.901116177134819,12.82620403717744,0.6142191328465471,0.34765665504638266,0.2717595450390768,1.417316740733225,1.478701287480662,0.9584875273544795,-0.04239872925248629,0.2717595450390768,0.4710624864152012,0.5769076351359977,-0.550073103041752,Energy,7
ett1/H/short|H=720|L=6144|Hsrc=controlled|Lsrc=controlled|origins=shared_origin_v1:Hmax=720,joint-scaling-l6144,release,standard_hl_shared_origin_v1,ett1/H/short,Granite-PatchTST-FM-r1,patchtstfm,granite-timeseries-patchtst-fm-r1,257.895552,257.895552,720,controlled,shared_origin_v1:Hmax=720,720,720,6144,controlled,15260,16700,6144,6144,256,256,100,[],merged,6,7,15120,315737.81191634387,,100,,float32,native_horizon,720,,direct_full_horizon,161.00210035213087,161.00210035213087,7.40877443343874,1.416650856034986,3112942990812.369,0.49124358646453375,9.049351419239112,12.688660305648146,0.6076324614304737,0.35479016198184754,0.2713542686304911,1.416650856034986,1.478701287480662,0.9580372101038781,-0.042868660321036714,0.2713542686304911,0.4710624864152012,0.5760472898096911,-0.5515655212922492,Energy,7
ett1/H/short|H=720|L=8192|Hsrc=controlled|Lsrc=controlled|origins=shared_origin_v1:Hmax=720,joint-scaling,release,standard_hl_shared_origin_v1,ett1/H/short,Granite-PatchTST-FM-r1,patchtstfm,granite-timeseries-patchtst-fm-r1,257.895552,257.895552,720,controlled,shared_origin_v1:Hmax=720,720,720,8192,controlled,15260,16700,7472,7472,256,256,100,[],merged,2,7,15120,315737.81191634387,,100,,float32,native_horizon,720,,direct_full_horizon,168.0238136574074,168.0238136574074,7.835941116898148,1.4601156177411727,3106134961004.576,0.5057705672329695,9.077631219350858,12.962399996042684,0.6207412623486926,0.37524624931172845,0.2850168926162967,1.4601156177411727,1.478701287480662,0.9874310857122776,-0.012648571262538037,0.2850168926162967,0.4710624864152012,0.6050511361778843,-0.5024423019150567,Energy,7
ett2/15T/short|H=48|L=128|Hsrc=controlled|Lsrc=controlled|origins=shared_origin_v1:Hmax=720,joint-scaling,release,standard_hl_shared_origin_v1,ett2/15T/short,Granite-PatchTST-FM-r1,patchtstfm,granite-timeseries-patchtst-fm-r1,257.895552,257.895552,48,controlled,shared_origin_v1:Hmax=720,720,720,128,controlled,62480,68960,128,128,256,256,100,[],merged,2,7,3360,61217.23699820042,,100,,float32,native_horizon,48,,direct_full_horizon,7.982894316173735,7.982894316173735,1.9136838640485492,0.904827475970682,0.14776744068032588,0.1962744122459775,6.831804382169456,2.8254016203318306,0.1550764116419371,0.10503541320220226,0.0848042917164628,0.904827475970682,0.819992309386593,1.1034584905406628,0.09844932982288195,0.0848042917164628,0.08888418323744869,0.954098790444114,-0.0469880589705402,Energy,7
ett2/15T/short|H=48|L=256|Hsrc=controlled|Lsrc=controlled|origins=shared_origin_v1:Hmax=720,joint-scaling,release,standard_hl_shared_origin_v1,ett2/15T/short,Granite-PatchTST-FM-r1,patchtstfm,granite-timeseries-patchtst-fm-r1,257.895552,257.895552,48,controlled,shared_origin_v1:Hmax=720,720,720,256,controlled,62480,68960,256,256,256,256,100,[],merged,2,7,3360,61217.23699820042,,100,,float32,native_horizon,48,,direct_full_horizon,7.216079857235863,7.216079857235863,1.7508282616024926,0.8417849971462903,0.13838287539849636,0.18232027689615884,6.042324180786963,2.686276206430728,0.14744030433573108,0.09609683885532615,0.07690784293740492,0.8417849971462903,0.819992309386593,1.0265766977448845,0.026229672410788548,0.07690784293740492,0.08888418323744869,0.8652590386295197,-0.14472635025771483,Energy,7
ett2/15T/short|H=48|L=512|Hsrc=controlled|Lsrc=controlled|origins=shared_origin_v1:Hmax=720,joint-scaling,release,standard_hl_shared_origin_v1,ett2/15T/short,Granite-PatchTST-FM-r1,patchtstfm,granite-timeseries-patchtst-fm-r1,257.895552,257.895552,48,controlled,shared_origin_v1:Hmax=720,720,720,512,controlled,62480,68960,512,512,256,256,100,[],merged,2,7,3360,61217.23699820042,,100,,float32,native_horizon,48,,direct_full_horizon,6.522503807431176,6.522503807431176,1.6220857166108629,0.7753470967462728,0.12907281993724443,0.1711293720063709,5.900499844125132,2.5539193032339873,0.1401756969057335,0.08903061090412684,0.07159660115563371,0.7753470967462728,0.819992309386593,0.945554108094358,-0.05598416555713506,0.07159660115563371,0.08888418323744869,0.8055044052592321,-0.2162866074052247,Energy,7
ett2/15T/short|H=48|L=1024|Hsrc=controlled|Lsrc=controlled|origins=shared_origin_v1:Hmax=720,joint-scaling,release,standard_hl_shared_origin_v1,ett2/15T/short,Granite-PatchTST-FM-r1,patchtstfm,granite-timeseries-patchtst-fm-r1,257.895552,257.895552,48,controlled,shared_origin_v1:Hmax=720,720,720,1024,controlled,62480,68960,1024,1024,256,256,100,[],merged,2,7,3360,61217.23699820042,,100,,float32,native_horizon,48,,direct_full_horizon,6.729432460239956,6.729432460239956,1.6002531142461867,0.718737452511947,0.11519369716204202,0.1562953858148484,5.038301629217031,2.5941149666581773,0.14238189626604192,0.08783229573110674,0.06868750972916376,0.718737452511947,0.819992309386593,0.8765173091069706,-0.1317988268329838,0.06868750972916376,0.08888418323744869,0.7727753940841112,-0.2577668365440031,Energy,7
ett2/15T/short|H=48|L=2048|Hsrc=controlled|Lsrc=controlled|origins=shared_origin_v1:Hmax=720,joint-scaling,release,standard_hl_shared_origin_v1,ett2/15T/short,Granite-PatchTST-FM-r1,patchtstfm,granite-timeseries-patchtst-fm-r1,257.895552,257.895552,48,controlled,shared_origin_v1:Hmax=720,720,720,2048,controlled,62480,68960,2048,2048,256,256,100,[],merged,2,7,3360,61217.23699820042,,100,,float32,native_horizon,48,,direct_full_horizon,5.646806262788319,5.646806262788319,1.4786129179454985,0.6601354556086687,0.10481754746809273,0.14629047030494327,4.852477688720706,2.376300962165424,0.13042684747615346,0.08115589085542887,0.06371232948251361,0.6601354556086687,0.819992309386593,0.8050507889549507,-0.21684991168427795,0.06371232948251361,0.08888418323744869,0.7168016531390067,-0.3329561110475598,Energy,7
ett2/15T/short|H=48|L=4096|Hsrc=controlled|Lsrc=controlled|origins=shared_origin_v1:Hmax=720,joint-scaling,release,standard_hl_shared_origin_v1,ett2/15T/short,Granite-PatchTST-FM-r1,patchtstfm,granite-timeseries-patchtst-fm-r1,257.895552,257.895552,48,controlled,shared_origin_v1:Hmax=720,720,720,4096,controlled,62480,68960,4096,4096,256,256,100,[],merged,2,7,3360,61217.23699820042,,100,,float32,native_horizon,48,,direct_full_horizon,5.675441560291109,5.675441560291109,1.4738812401181176,0.6581819792844339,0.10221200350148706,0.14410526638939267,4.7193378730723925,2.3823185262032256,0.13075713051665735,0.08089618561096533,0.06331117832193402,0.6581819792844339,0.819992309386593,0.8026684784114578,-0.2198135040669506,0.06331117832193402,0.08888418323744869,0.7122884636606499,-0.3392723040286752,Energy,7
ett2/15T/short|H=48|L=6144|Hsrc=controlled|Lsrc=controlled|origins=shared_origin_v1:Hmax=720,joint-scaling-l6144,release,standard_hl_shared_origin_v1,ett2/15T/short,Granite-PatchTST-FM-r1,patchtstfm,granite-timeseries-patchtst-fm-r1,257.895552,257.895552,48,controlled,shared_origin_v1:Hmax=720,720,720,6144,controlled,62480,68960,6144,6144,256,256,100,[],merged,6,7,3360,61217.23699820042,,100,,float32,native_horizon,48,,direct_full_horizon,5.2706816809518,5.2706816809518,1.4231664248875209,0.6456621061083356,0.10143936828714563,0.14380131505784535,4.943524935165876,2.2957965242921246,0.1260082404870429,0.07811262680415715,0.06127976453713207,0.6456621061083356,0.819992309386593,0.7874001971937181,-0.2390186500360084,0.06127976453713207,0.08888418323744869,0.6894338486907947,-0.37188452733648053,Energy,7
ett2/15T/short|H=48|L=8192|Hsrc=controlled|Lsrc=controlled|origins=shared_origin_v1:Hmax=720,joint-scaling,release,standard_hl_shared_origin_v1,ett2/15T/short,Granite-PatchTST-FM-r1,patchtstfm,granite-timeseries-patchtst-fm-r1,257.895552,257.895552,48,controlled,shared_origin_v1:Hmax=720,720,720,8192,controlled,62480,68960,8064,8064,256,256,100,[],merged,2,7,3360,61217.23699820042,,100,,float32,native_horizon,48,,direct_full_horizon,5.316740199497768,5.316740199497768,1.4290036156063988,0.6525266395278789,0.10468362631257047,0.1474283082144601,5.0933629246759455,2.3058057592732673,0.1265576123827008,0.07843300978413395,0.061788842144153915,0.6525266395278789,0.819992309386593,0.7957716579269029,-0.22844299619137523,0.061788842144153915,0.08888418323744869,0.6951612749715974,-0.3636114100180106,Energy,7
ett2/15T/short|H=96|L=128|Hsrc=controlled|Lsrc=controlled|origins=shared_origin_v1:Hmax=720,joint-scaling,release,standard_hl_shared_origin_v1,ett2/15T/short,Granite-PatchTST-FM-r1,patchtstfm,granite-timeseries-patchtst-fm-r1,257.895552,257.895552,96,controlled,shared_origin_v1:Hmax=720,720,720,128,controlled,62480,68960,128,128,256,256,100,[],merged,2,7,6720,124424.0499805212,,100,,float32,native_horizon,96,,direct_full_horizon,9.818217395600819,9.818217395600819,2.0424310593377974,0.9128353163273806,0.14384129446679927,0.18380443028041293,6.974447952161011,3.133403484328314,0.16923152250696466,0.11030935515198784,0.09002232608476013,0.9128353163273806,0.8129763547178831,1.1228313234819114,0.11585346276689582,0.09002232608476013,0.08579978868907917,1.0492138437657763,0.048041163515390645,Energy,7
ett2/15T/short|H=96|L=256|Hsrc=controlled|Lsrc=controlled|origins=shared_origin_v1:Hmax=720,joint-scaling,release,standard_hl_shared_origin_v1,ett2/15T/short,Granite-PatchTST-FM-r1,patchtstfm,granite-timeseries-patchtst-fm-r1,257.895552,257.895552,96,controlled,shared_origin_v1:Hmax=720,720,720,256,controlled,62480,68960,256,256,256,256,100,[],merged,2,7,6720,124424.0499805212,,100,,float32,native_horizon,96,,direct_full_horizon,9.107091122581846,9.107091122581846,1.9335710797991073,0.8613099920052343,0.13582120525865257,0.17157135918026878,6.209410574461799,3.017795739042297,0.16298768099526612,0.1044299527164095,0.0830556399639759,0.8613099920052343,0.8129763547178831,1.059452697494657,0.057752451665046535,0.0830556399639759,0.08579978868907917,0.9680168358567001,-0.032505799442859966,Energy,7
ett2/15T/short|H=96|L=512|Hsrc=controlled|Lsrc=controlled|origins=shared_origin_v1:Hmax=720,joint-scaling,release,standard_hl_shared_origin_v1,ett2/15T/short,Granite-PatchTST-FM-r1,patchtstfm,granite-timeseries-patchtst-fm-r1,257.895552,257.895552,96,controlled,shared_origin_v1:Hmax=720,720,720,512,controlled,62480,68960,512,512,256,256,100,[],merged,2,7,6720,124424.0499805212,,100,,float32,native_horizon,96,,direct_full_horizon,8.232653372628349,8.232653372628349,1.81873045421782,0.8098922590795417,0.1295953318830821,0.1640370732262021,5.944010128457774,2.869260074065847,0.15496544036897233,0.09822754245868949,0.07852735352046789,0.8098922590795417,0.8129763547178831,0.996206414097478,-0.0038007997996602136,0.07852735352046789,0.08579978868907917,0.9152394745986485,-0.08856952707670887,Energy,7
ett2/15T/short|H=96|L=1024|Hsrc=controlled|Lsrc=controlled|origins=shared_origin_v1:Hmax=720,joint-scaling,release,standard_hl_shared_origin_v1,ett2/15T/short,Granite-PatchTST-FM-r1,patchtstfm,granite-timeseries-patchtst-fm-r1,257.895552,257.895552,96,controlled,shared_origin_v1:Hmax=720,720,720,1024,controlled,62480,68960,1024,1024,256,256,100,[],merged,2,7,6720,124424.0499805212,,100,,float32,native_horizon,96,,direct_full_horizon,7.764032418387277,7.764032418387277,1.7824135189964658,0.7741946741727758,0.12331070215295743,0.15559476216634113,5.174905283919141,2.786401338355133,0.15049033524208433,0.09626610650860021,0.0754343660322701,0.7741946741727758,0.8129763547178831,0.9522966685069638,-0.048878666153305037,0.0754343660322701,0.08579978868907917,0.8791905805925556,-0.12875358956185953,Energy,7
ett2/15T/short|H=96|L=2048|Hsrc=controlled|Lsrc=controlled|origins=shared_origin_v1:Hmax=720,joint-scaling,release,standard_hl_shared_origin_v1,ett2/15T/short,Granite-PatchTST-FM-r1,patchtstfm,granite-timeseries-patchtst-fm-r1,257.895552,257.895552,96,controlled,shared_origin_v1:Hmax=720,720,720,2048,controlled,62480,68960,2048,2048,256,256,100,[],merged,2,7,6720,124424.0499805212,,100,,float32,native_horizon,96,,direct_full_horizon,6.552211361839658,6.552211361839658,1.6402335757300968,0.717027639414919,0.11480582615807075,0.1479578971862793,5.0094692892340005,2.5597287672407125,0.13824801007964693,0.08858713111035865,0.06978921841351575,0.717027639414919,0.8129763547178831,0.8819784674595365,-0.12558763658453864,0.06978921841351575,0.08579978868907917,0.8133961572611508,-0.20653700981184836,Energy,7
ett2/15T/short|H=96|L=4096|Hsrc=controlled|Lsrc=controlled|origins=shared_origin_v1:Hmax=720,joint-scaling,release,standard_hl_shared_origin_v1,ett2/15T/short,Granite-PatchTST-FM-r1,patchtstfm,granite-timeseries-patchtst-fm-r1,257.895552,257.895552,96,controlled,shared_origin_v1:Hmax=720,720,720,4096,controlled,62480,68960,4096,4096,256,256,100,[],merged,2,7,6720,124424.0499805212,,100,,float32,native_horizon,96,,direct_full_horizon,6.537319001697359,6.537319001697359,1.6378839765276227,0.7142255458600384,0.11199516843128914,0.14553454717000325,4.766987091686513,2.5568181401299075,0.13809081045314647,0.08846023195667337,0.06898152447783008,0.7142255458600384,0.8129763547178831,0.8785317576768724,-0.12950322212007565,0.06898152447783008,0.08579978868907917,0.8039824518426844,-0.21817783610767572,Energy,7
ett2/15T/short|H=96|L=6144|Hsrc=controlled|Lsrc=controlled|origins=shared_origin_v1:Hmax=720,joint-scaling-l6144,release,standard_hl_shared_origin_v1,ett2/15T/short,Granite-PatchTST-FM-r1,patchtstfm,granite-timeseries-patchtst-fm-r1,257.895552,257.895552,96,controlled,shared_origin_v1:Hmax=720,720,720,6144,controlled,62480,68960,6144,6144,256,256,100,[],merged,6,7,6720,124424.0499805212,,100,,float32,native_horizon,96,,direct_full_horizon,5.959637601034982,5.959637601034982,1.5778076308114188,0.6956975246271053,0.11108504495689228,0.14517091115315756,4.937340069960055,2.441236899818406,0.13184840044467236,0.08521557754077794,0.06656633220901433,0.6956975246271053,0.8129763547178831,0.8557414008289631,-0.15578705031767046,0.06656633220901433,0.08579978868907917,0.7758332884739035,-0.25381761631998845,Energy,7
ett2/15T/short|H=96|L=8192|Hsrc=controlled|Lsrc=controlled|origins=shared_origin_v1:Hmax=720,joint-scaling,release,standard_hl_shared_origin_v1,ett2/15T/short,Granite-PatchTST-FM-r1,patchtstfm,granite-timeseries-patchtst-fm-r1,257.895552,257.895552,96,controlled,shared_origin_v1:Hmax=720,720,720,8192,controlled,62480,68960,8064,8064,256,256,100,[],merged,2,7,6720,124424.0499805212,,100,,float32,native_horizon,96,,direct_full_horizon,5.964375741141183,5.964375741141183,1.5640965779622396,0.691756333281553,0.11168897944774453,0.1469655263991583,5.078075061566769,2.442207145420139,0.13190080229499523,0.08447505932777243,0.06628333910012849,0.691756333281553,0.8129763547178831,0.8508935460018445,-0.1614682510633184,0.06628333910012849,0.08579978868907917,0.7725349923684044,-0.2580779736718627,Energy,7
ett2/15T/short|H=192|L=128|Hsrc=controlled|Lsrc=controlled|origins=shared_origin_v1:Hmax=720,joint-scaling,release,standard_hl_shared_origin_v1,ett2/15T/short,Granite-PatchTST-FM-r1,patchtstfm,granite-timeseries-patchtst-fm-r1,257.895552,257.895552,192,controlled,shared_origin_v1:Hmax=720,720,720,128,controlled,62480,68960,128,128,256,256,100,[],merged,2,7,13440,246436.99194276333,,100,,float32,native_horizon,192,,direct_full_horizon,34.674681018647696,34.674681018647696,2.562314714704241,1.0975067460049335,0.1686192706841339,0.20227337791806177,7.919820003029503,5.888521123223359,0.32114384805712587,0.1397416414400292,0.11310537442475814,1.0975067460049335,0.9157795009384372,1.1984399573044306,0.181020675434951,0.11310537442475814,0.10088154910380433,1.1211700794599797,0.11437285377686952,Energy,7
ett2/15T/short|H=192|L=256|Hsrc=controlled|Lsrc=controlled|origins=shared_origin_v1:Hmax=720,joint-scaling,release,standard_hl_shared_origin_v1,ett2/15T/short,Granite-PatchTST-FM-r1,patchtstfm,granite-timeseries-patchtst-fm-r1,257.895552,257.895552,192,controlled,shared_origin_v1:Hmax=720,720,720,256,controlled,62480,68960,256,256,256,256,100,[],merged,2,7,13440,246436.99194276333,,100,,float32,native_horizon,192,,direct_full_horizon,12.016397240048363,12.016397240048363,2.2488967532203312,0.9758598462232311,0.1566000367284744,0.19052763439360118,6.631818405165616,3.466467544929328,0.18905166564713974,0.12264868242792565,0.09619061475035152,0.9758598462232311,0.9157795009384372,1.0656056891677823,0.06354335972346523,0.09619061475035152,0.10088154910380433,0.9535005717584099,-0.047615254300091794,Energy,7
ett2/15T/short|H=192|L=512|Hsrc=controlled|Lsrc=controlled|origins=shared_origin_v1:Hmax=720,joint-scaling,release,standard_hl_shared_origin_v1,ett2/15T/short,Granite-PatchTST-FM-r1,patchtstfm,granite-timeseries-patchtst-fm-r1,257.895552,257.895552,192,controlled,shared_origin_v1:Hmax=720,720,720,512,controlled,62480,68960,512,512,256,256,100,[],merged,2,7,13440,246436.99194276333,,100,,float32,native_horizon,192,,direct_full_horizon,10.818189203171503,10.818189203171503,2.1328187488374257,0.9233948283057216,0.14953609024800707,0.18181929361252558,6.5735339394902645,3.2891015799411703,0.1793786106782068,0.11631810532337881,0.09185691668550797,0.9233948283057216,0.9157795009384372,1.0083156779109825,0.00828129315163245,0.09185691668550797,0.10088154910380433,0.910542289462563,-0.09371493447620269,Energy,7
ett2/15T/short|H=192|L=1024|Hsrc=controlled|Lsrc=controlled|origins=shared_origin_v1:Hmax=720,joint-scaling,release,standard_hl_shared_origin_v1,ett2/15T/short,Granite-PatchTST-FM-r1,patchtstfm,granite-timeseries-patchtst-fm-r1,257.895552,257.895552,192,controlled,shared_origin_v1:Hmax=720,720,720,1024,controlled,62480,68960,1024,1024,256,256,100,[],merged,2,7,13440,246436.99194276333,,100,,float32,native_horizon,192,,direct_full_horizon,10.191883341471355,10.191883341471355,2.0750886462983633,0.8840500290716642,0.14270059054037118,0.17372936067127046,6.2291474485507985,3.1924729194577917,0.17410874763265297,0.1131696633138886,0.08950809693812935,0.8840500290716642,0.9157795009384372,0.9653524982441095,-0.03526196118828264,0.08950809693812935,0.10088154910380433,0.8872593425981989,-0.11961795767360811,Energy,7
ett2/15T/short|H=192|L=2048|Hsrc=controlled|Lsrc=controlled|origins=shared_origin_v1:Hmax=720,joint-scaling,release,standard_hl_shared_origin_v1,ett2/15T/short,Granite-PatchTST-FM-r1,patchtstfm,granite-timeseries-patchtst-fm-r1,257.895552,257.895552,192,controlled,shared_origin_v1:Hmax=720,720,720,2048,controlled,62480,68960,2048,2048,256,256,100,[],merged,2,7,13440,246436.99194276333,,100,,float32,native_horizon,192,,direct_full_horizon,9.839601062593006,9.839601062593006,1.985556393577939,0.8421327357818114,0.13548473682831597,0.16742567788986934,6.251534713003318,3.1368138393269382,0.17107325352496475,0.10828681895243016,0.08682676464494671,0.8421327357818114,0.9157795009384372,0.9195802427536793,-0.08383797093278224,0.08682676464494671,0.10088154910380433,0.8606803267424489,-0.15003212486405354,Energy,7
ett2/15T/short|H=192|L=4096|Hsrc=controlled|Lsrc=controlled|origins=shared_origin_v1:Hmax=720,joint-scaling,release,standard_hl_shared_origin_v1,ett2/15T/short,Granite-PatchTST-FM-r1,patchtstfm,granite-timeseries-patchtst-fm-r1,257.895552,257.895552,192,controlled,shared_origin_v1:Hmax=720,720,720,4096,controlled,62480,68960,4096,4096,256,256,100,[],merged,2,7,13440,246436.99194276333,,100,,float32,native_horizon,192,,direct_full_horizon,9.48772982642764,9.48772982642764,1.9577913193475633,0.8284897088582527,0.13037713062997178,0.16323266256423224,5.812587648705174,3.0802158733484317,0.1679865551492282,0.10677258768903719,0.08463193040366503,0.8284897088582527,0.9157795009384372,0.9046825223858636,-0.10017120082184697,0.08463193040366503,0.10088154910380433,0.838923778981438,-0.17563542410136074,Energy,7
ett2/15T/short|H=192|L=6144|Hsrc=controlled|Lsrc=controlled|origins=shared_origin_v1:Hmax=720,joint-scaling-l6144,release,standard_hl_shared_origin_v1,ett2/15T/short,Granite-PatchTST-FM-r1,patchtstfm,granite-timeseries-patchtst-fm-r1,257.895552,257.895552,192,controlled,shared_origin_v1:Hmax=720,720,720,6144,controlled,62480,68960,6144,6144,256,256,100,[],merged,6,7,13440,246436.99194276333,,100,,float32,native_horizon,192,,direct_full_horizon,8.727269295283726,8.727269295283726,1.8974953061058408,0.8086378608941783,0.12958298833343687,0.16300013803300403,5.823362823896965,2.954195202637044,0.16111373219757316,0.10348420792275208,0.08217408601456822,0.8086378608941783,0.9157795009384372,0.8830049810740834,-0.12442443731358568,0.08217408601456822,0.10088154910380433,0.8145601127715967,-0.20510705038332028,Energy,7
ett2/15T/short|H=192|L=8192|Hsrc=controlled|Lsrc=controlled|origins=shared_origin_v1:Hmax=720,joint-scaling,release,standard_hl_shared_origin_v1,ett2/15T/short,Granite-PatchTST-FM-r1,patchtstfm,granite-timeseries-patchtst-fm-r1,257.895552,257.895552,192,controlled,shared_origin_v1:Hmax=720,720,720,8192,controlled,62480,68960,8000,8000,256,256,100,[],merged,2,7,13440,246436.99194276333,,100,,float32,native_horizon,192,,direct_full_horizon,8.561518060593379,8.561518060593379,1.8731112525576636,0.8007340732729601,0.12967081194478006,0.16488026210239956,5.876013465094671,2.926007187378968,0.15957643488647577,0.102154368286649,0.0812879330163874,0.8007340732729601,0.9157795009384372,0.8743743143981872,-0.13424671766770271,0.0812879330163874,0.10088154910380433,0.8057760188906731,-0.21594946728989434,Energy,7
ett2/15T/short|H=336|L=128|Hsrc=controlled|Lsrc=controlled|origins=shared_origin_v1:Hmax=720,joint-scaling,release,standard_hl_shared_origin_v1,ett2/15T/short,Granite-PatchTST-FM-r1,patchtstfm,granite-timeseries-patchtst-fm-r1,257.895552,257.895552,336,controlled,shared_origin_v1:Hmax=720,720,720,128,controlled,62480,68960,128,128,256,256,100,[],merged,2,7,23520,432522.33897304535,,100,,float32,native_horizon,336,,direct_full_horizon,13.247446322278911,13.247446322278911,2.381625013286565,1.043162701162969,0.16674103629582843,0.20593735052614795,8.247627916038706,3.639704153125486,0.19792235907344977,0.12950965826528302,0.10605993508358108,1.043162701162969,1.002767734501598,1.0402834727041237,0.03949324592066397,0.10605993508358108,0.11585109762181237,0.915484939381465,-0.08830136570581874,Energy,7
ett2/15T/short|H=336|L=256|Hsrc=controlled|Lsrc=controlled|origins=shared_origin_v1:Hmax=720,joint-scaling,release,standard_hl_shared_origin_v1,ett2/15T/short,Granite-PatchTST-FM-r1,patchtstfm,granite-timeseries-patchtst-fm-r1,257.895552,257.895552,336,controlled,shared_origin_v1:Hmax=720,720,720,256,controlled,62480,68960,256,256,256,256,100,[],merged,2,7,23520,432522.33897304535,,100,,float32,native_horizon,336,,direct_full_horizon,14.722154433062288,14.722154433062288,2.459175037202381,1.052463331998926,0.17007060205311736,0.20413487752278645,6.9799944573213875,3.83694597734478,0.20864811191352886,0.13372672729998475,0.1049300213727547,1.052463331998926,1.002767734501598,1.0495584329127106,0.04836953563451923,0.1049300213727547,0.11585109762181237,0.905731784391817,-0.0990120604863909,Energy,7
ett2/15T/short|H=336|L=512|Hsrc=controlled|Lsrc=controlled|origins=shared_origin_v1:Hmax=720,joint-scaling,release,standard_hl_shared_origin_v1,ett2/15T/short,Granite-PatchTST-FM-r1,patchtstfm,granite-timeseries-patchtst-fm-r1,257.895552,257.895552,336,controlled,shared_origin_v1:Hmax=720,720,720,512,controlled,62480,68960,512,512,256,256,100,[],merged,2,7,23520,432522.33897304535,,100,,float32,native_horizon,336,,direct_full_horizon,14.045739081765518,14.045739081765518,2.405043040165285,1.0204664888233252,0.16253857198759267,0.1957042356737617,7.2769923158416265,3.7477645446006234,0.20379854205518846,0.13078309998738055,0.10296774133644009,1.0204664888233252,1.002767734501598,1.0176499040732738,0.017495953353762105,0.10296774133644009,0.11585109762181237,0.8887938349325867,-0.11788997707525314,Energy,7
ett2/15T/short|H=336|L=1024|Hsrc=controlled|Lsrc=controlled|origins=shared_origin_v1:Hmax=720,joint-scaling,release,standard_hl_shared_origin_v1,ett2/15T/short,Granite-PatchTST-FM-r1,patchtstfm,granite-timeseries-patchtst-fm-r1,257.895552,257.895552,336,controlled,shared_origin_v1:Hmax=720,720,720,1024,controlled,62480,68960,1024,1024,256,256,100,[],merged,2,7,23520,432522.33897304535,,100,,float32,native_horizon,336,,direct_full_horizon,13.301446159518495,13.301446159518495,2.3589438094573767,0.977981248869344,0.1555171860184933,0.1878940608225712,7.17791022297745,3.647114771914711,0.19832533884632442,0.1282762840184658,0.10173542137991916,0.977981248869344,1.002767734501598,0.9752819274300111,-0.025028693443453844,0.10173542137991916,0.11585109762181237,0.8781567328091028,-0.12993019010614493,Energy,7
ett2/15T/short|H=336|L=2048|Hsrc=controlled|Lsrc=controlled|origins=shared_origin_v1:Hmax=720,joint-scaling,release,standard_hl_shared_origin_v1,ett2/15T/short,Granite-PatchTST-FM-r1,patchtstfm,granite-timeseries-patchtst-fm-r1,257.895552,257.895552,336,controlled,shared_origin_v1:Hmax=720,720,720,2048,controlled,62480,68960,2048,2048,256,256,100,[],merged,2,7,23520,432522.33897304535,,100,,float32,native_horizon,336,,direct_full_horizon,12.614844746492347,12.614844746492347,2.2510659561676234,0.9318655689083355,0.14872582849030752,0.18214258725951318,7.085355680564773,3.551738271113505,0.19313888927664297,0.1224100272248875,0.0980156101436119,0.9318655689083355,1.002767734501598,0.9292935311400873,-0.0733306254458828,0.0980156101436119,0.11585109762181237,0.8460481787024311,-0.16717897217659577,Energy,7
ett2/15T/short|H=336|L=4096|Hsrc=controlled|Lsrc=controlled|origins=shared_origin_v1:Hmax=720,joint-scaling,release,standard_hl_shared_origin_v1,ett2/15T/short,Granite-PatchTST-FM-r1,patchtstfm,granite-timeseries-patchtst-fm-r1,257.895552,257.895552,336,controlled,shared_origin_v1:Hmax=720,720,720,4096,controlled,62480,68960,4096,4096,256,256,100,[],merged,2,7,23520,432522.33897304535,,100,,float32,native_horizon,336,,direct_full_horizon,12.751733979724703,12.751733979724703,2.2483290484162417,0.9288422500587485,0.14602809665608923,0.1802931701244951,6.736519535744731,3.570957011744149,0.19418397929605333,0.12226119775525748,0.09708297907221275,0.9288422500587485,1.002767734501598,0.9262785569386192,-0.07658027214413411,0.09708297907221275,0.11585109762181237,0.8379979220320657,-0.17673965817846768,Energy,7
ett2/15T/short|H=336|L=6144|Hsrc=controlled|Lsrc=controlled|origins=shared_origin_v1:Hmax=720,joint-scaling-l6144,release,standard_hl_shared_origin_v1,ett2/15T/short,Granite-PatchTST-FM-r1,patchtstfm,granite-timeseries-patchtst-fm-r1,257.895552,257.895552,336,controlled,shared_origin_v1:Hmax=720,720,720,6144,controlled,62480,68960,6144,6144,256,256,100,[],merged,6,7,23520,432522.33897304535,,100,,float32,native_horizon,336,,direct_full_horizon,12.016790221337558,12.016790221337558,2.192670580805564,0.9087082981490823,0.14551923813793877,0.18059256741789734,6.809490255497748,3.466524227715358,0.18850506087026944,0.11923456296614726,0.09499001271806756,0.9087082981490823,1.002767734501598,0.9062001766548006,-0.0984950518089278,0.09499001271806756,0.11585109762181237,0.8199319183677972,-0.19853396855145408,Energy,7
ett2/15T/short|H=336|L=8192|Hsrc=controlled|Lsrc=controlled|origins=shared_origin_v1:Hmax=720,joint-scaling,release,standard_hl_shared_origin_v1,ett2/15T/short,Granite-PatchTST-FM-r1,patchtstfm,granite-timeseries-patchtst-fm-r1,257.895552,257.895552,336,controlled,shared_origin_v1:Hmax=720,720,720,8192,controlled,62480,68960,7856,7856,256,256,100,[],merged,2,7,23520,432522.33897304535,,100,,float32,native_horizon,336,,direct_full_horizon,12.260287288743623,12.260287288743623,2.1944576756483842,0.907549466584416,0.14547093623759386,0.18293171577713116,6.869745074591403,3.501469304269798,0.1904053285015597,0.11933174285008791,0.09528904021255388,0.907549466584416,1.002767734501598,0.9050445435756787,-0.09977111707280747,0.09528904021255388,0.11585109762181237,0.8225130548492354,-0.1953909243114463,Energy,7
ett2/15T/short|H=720|L=128|Hsrc=controlled|Lsrc=controlled|origins=shared_origin_v1:Hmax=720,joint-scaling,release,standard_hl_shared_origin_v1,ett2/15T/short,Granite-PatchTST-FM-r1,patchtstfm,granite-timeseries-patchtst-fm-r1,257.895552,257.895552,720,controlled,shared_origin_v1:Hmax=720,720,720,128,controlled,62480,68960,128,128,256,256,100,[],merged,2,7,50400,945736.3714669943,,100,,float32,native_horizon,720,,direct_full_horizon,13.757603081597223,13.757603081597223,2.4473719230530753,1.0667076381594125,0.16759957007578022,0.20177274673704118,8.32370132532445,3.709124301179083,0.19766593568718416,0.1304248717119153,0.10491137050336263,1.0667076381594125,1.0126577750962622,1.0533742636380907,0.051998596060026374,0.10491137050336263,0.13282444685997616,0.7898498580909615,-0.23591240463285504,Energy,7
ett2/15T/short|H=720|L=256|Hsrc=controlled|Lsrc=controlled|origins=shared_origin_v1:Hmax=720,joint-scaling,release,standard_hl_shared_origin_v1,ett2/15T/short,Granite-PatchTST-FM-r1,patchtstfm,granite-timeseries-patchtst-fm-r1,257.895552,257.895552,720,controlled,shared_origin_v1:Hmax=720,720,720,256,controlled,62480,68960,256,256,256,256,100,[],merged,2,7,50400,945736.3714669943,,100,,float32,native_horizon,720,,direct_full_horizon,14.358897956969246,14.358897956969246,2.4520533001612104,1.0566003526388525,0.16829289882493845,0.1960969761439732,7.5476726041755935,3.7893136524929214,0.20193937110550095,0.1306743507563598,0.10321388801258005,1.0566003526388525,1.0126577750962622,1.043393314724131,0.04247820438238104,0.10321388801258005,0.13282444685997616,0.7770699630421828,-0.2522248901427427,Energy,7
ett2/15T/short|H=720|L=512|Hsrc=controlled|Lsrc=controlled|origins=shared_origin_v1:Hmax=720,joint-scaling,release,standard_hl_shared_origin_v1,ett2/15T/short,Granite-PatchTST-FM-r1,patchtstfm,granite-timeseries-patchtst-fm-r1,257.895552,257.895552,720,controlled,shared_origin_v1:Hmax=720,720,720,512,controlled,62480,68960,512,512,256,256,100,[],merged,2,7,50400,945736.3714669943,,100,,float32,native_horizon,720,,direct_full_horizon,14.316185825892857,14.316185825892857,2.4394501023065476,1.0346408132586355,0.16177742631726946,0.18798106360057043,7.701411855902778,3.7836735887088433,0.20163880191593217,0.1300027035711197,0.10281650263996543,1.0346408132586355,1.0126577750962622,1.0217082598909426,0.02147599104076154,0.10281650263996543,0.13282444685997616,0.7740781540641749,-0.2560824362468456,Energy,7
ett2/15T/short|H=720|L=1024|Hsrc=controlled|Lsrc=controlled|origins=shared_origin_v1:Hmax=720,joint-scaling,release,standard_hl_shared_origin_v1,ett2/15T/short,Granite-PatchTST-FM-r1,patchtstfm,granite-timeseries-patchtst-fm-r1,257.895552,257.895552,720,controlled,shared_origin_v1:Hmax=720,720,720,1024,controlled,62480,68960,1024,1024,256,256,100,[],merged,2,7,50400,945736.3714669943,,100,,float32,native_horizon,720,,direct_full_horizon,12.119191390749007,12.119191390749007,2.259309857080853,0.9494643815726325,0.14655946356685848,0.1731674339657738,7.467274824199414,3.481262901699469,0.18552279000699992,0.12040270442411441,0.09646070652022004,0.9494643815726325,1.0126577750962622,0.9375964959952807,-0.06443559737277081,0.09646070652022004,0.13282444685997616,0.7262270523280187,-0.3198925687981618,Energy,7
ett2/15T/short|H=720|L=2048|Hsrc=controlled|Lsrc=controlled|origins=shared_origin_v1:Hmax=720,joint-scaling,release,standard_hl_shared_origin_v1,ett2/15T/short,Granite-PatchTST-FM-r1,patchtstfm,granite-timeseries-patchtst-fm-r1,257.895552,257.895552,720,controlled,shared_origin_v1:Hmax=720,720,720,2048,controlled,62480,68960,2048,2048,256,256,100,[],merged,2,7,50400,945736.3714669943,,100,,float32,native_horizon,720,,direct_full_horizon,11.049678664434524,11.049678664434524,2.1399380735367064,0.8998678515853504,0.13835120883666474,0.16640699598524306,7.373660873655118,3.3241056939325087,0.17714759845211825,0.11404116639709252,0.09205164766351964,0.8998678515853504,1.0126577750962622,0.8886199007357741,-0.11808569312478885,0.09205164766351964,0.13282444685997616,0.6930324186522734,-0.3666785007243808,Energy,7
ett2/15T/short|H=720|L=4096|Hsrc=controlled|Lsrc=controlled|origins=shared_origin_v1:Hmax=720,joint-scaling,release,standard_hl_shared_origin_v1,ett2/15T/short,Granite-PatchTST-FM-r1,patchtstfm,granite-timeseries-patchtst-fm-r1,257.895552,257.895552,720,controlled,shared_origin_v1:Hmax=720,720,720,4096,controlled,62480,68960,4096,4096,256,256,100,[],merged,2,7,50400,945736.3714669943,,100,,float32,native_horizon,720,,direct_full_horizon,11.448868350074404,11.448868350074404,2.148197544642857,0.8970208460697916,0.13528193600926977,0.1636820572141617,7.18767350149751,3.3836176424168265,0.1803190977135425,0.11448132853562198,0.09201405288681178,0.8970208460697916,1.0126577750962622,0.8858084815321955,-0.12125451254204529,0.09201405288681178,0.13282444685997616,0.6927493775585846,-0.36708699374745063,Energy,7
ett2/15T/short|H=720|L=6144|Hsrc=controlled|Lsrc=controlled|origins=shared_origin_v1:Hmax=720,joint-scaling-l6144,release,standard_hl_shared_origin_v1,ett2/15T/short,Granite-PatchTST-FM-r1,patchtstfm,granite-timeseries-patchtst-fm-r1,257.895552,257.895552,720,controlled,shared_origin_v1:Hmax=720,720,720,6144,controlled,62480,68960,6144,6144,256,256,100,[],merged,6,7,50400,945736.3714669943,,100,,float32,native_horizon,720,,direct_full_horizon,11.1546436515687,11.1546436515687,2.1268896193731397,0.8935394639183002,0.13850019549395107,0.16921400887625557,7.368451786417969,3.339856830998703,0.17798700500566422,0.11334579069865802,0.09164855548569702,0.8935394639183002,1.0126577750962622,0.8823706151205537,-0.12514311268465234,0.09164855548569702,0.13282444685997616,0.6899976446528187,-0.37106709494329776,Energy,7
ett2/15T/short|H=720|L=8192|Hsrc=controlled|Lsrc=controlled|origins=shared_origin_v1:Hmax=720,joint-scaling,release,standard_hl_shared_origin_v1,ett2/15T/short,Granite-PatchTST-FM-r1,patchtstfm,granite-timeseries-patchtst-fm-r1,257.895552,257.895552,720,controlled,shared_origin_v1:Hmax=720,720,720,8192,controlled,62480,68960,7472,7472,256,256,100,[],merged,2,7,50400,945736.3714669943,,100,,float32,native_horizon,720,,direct_full_horizon,11.838534846230159,11.838534846230159,2.168903382316468,0.9149905363452998,0.14167849869917162,0.1753316388811384,7.652383905006914,3.4407171993975556,0.183362036273011,0.1155847800367324,0.09420887183110599,0.9149905363452998,1.0126577750962622,0.9035535586129497,-0.10141989166644394,0.09420887183110599,0.13282444685997616,0.7092735867398056,-0.3435139499563906,Energy,7
ett2/H/short|H=48|L=128|Hsrc=controlled|Lsrc=controlled|origins=shared_origin_v1:Hmax=720,joint-scaling,release,standard_hl_shared_origin_v1,ett2/H/short,Granite-PatchTST-FM-r1,patchtstfm,granite-timeseries-patchtst-fm-r1,257.895552,257.895552,48,controlled,shared_origin_v1:Hmax=720,720,720,128,controlled,15260,16700,128,128,256,256,100,[],merged,2,7,1008,72264.01940023899,,100,,float32,native_horizon,48,,direct_full_horizon,70.44054400731646,70.44054400731646,5.461854722764757,0.6627347233744911,0.14249508902713698,0.12367244750734359,4.888453484809913,8.392886512238592,0.11707111885764442,0.07618659474300798,0.060690896868430294,0.6627347233744911,0.6947240034491291,0.9539539732097649,-0.047139854809089096,0.060690896868430294,0.08145786369717765,0.7450587839382916,-0.29429215910022644,Energy,7
ett2/H/short|H=48|L=256|Hsrc=controlled|Lsrc=controlled|origins=shared_origin_v1:Hmax=720,joint-scaling,release,standard_hl_shared_origin_v1,ett2/H/short,Granite-PatchTST-FM-r1,patchtstfm,granite-timeseries-patchtst-fm-r1,257.895552,257.895552,48,controlled,shared_origin_v1:Hmax=720,720,720,256,controlled,15260,16700,256,256,256,256,100,[],merged,2,7,1008,72264.01940023899,,100,,float32,native_horizon,48,,direct_full_horizon,101.16432117280506,101.16432117280506,6.1406458294580855,0.6782928972278138,0.12701932178789835,0.1210982534620497,4.531203287296075,10.058047582548268,0.14029820161339,0.0856549503814796,0.06758219233023907,0.6782928972278138,0.6947240034491291,0.9763487282147457,-0.023935452888023713,0.06758219233023907,0.08145786369717765,0.8296582952565285,-0.18674135542211553,Energy,7
ett2/H/short|H=48|L=512|Hsrc=controlled|Lsrc=controlled|origins=shared_origin_v1:Hmax=720,joint-scaling,release,standard_hl_shared_origin_v1,ett2/H/short,Granite-PatchTST-FM-r1,patchtstfm,granite-timeseries-patchtst-fm-r1,257.895552,257.895552,48,controlled,shared_origin_v1:Hmax=720,720,720,512,controlled,15260,16700,512,512,256,256,100,[],merged,2,7,1008,72264.01940023899,,100,,float32,native_horizon,48,,direct_full_horizon,52.93716382223462,52.93716382223462,4.645841568235367,0.5645068457091744,0.12028087979058091,0.10957307664174883,4.866388110624904,7.275793002981505,0.10148894855108354,0.06480414927993561,0.053229891947456066,0.5645068457091744,0.6947240034491291,0.8125627485253721,-0.2075621388059425,0.053229891947456066,0.08145786369717765,0.6534653565841105,-0.4254657594361194,Energy,7
ett2/H/short|H=48|L=1024|Hsrc=controlled|Lsrc=controlled|origins=shared_origin_v1:Hmax=720,joint-scaling,release,standard_hl_shared_origin_v1,ett2/H/short,Granite-PatchTST-FM-r1,patchtstfm,granite-timeseries-patchtst-fm-r1,257.895552,257.895552,48,controlled,shared_origin_v1:Hmax=720,720,720,1024,controlled,15260,16700,1024,1024,256,256,100,[],merged,2,7,1008,72264.01940023899,,100,,float32,native_horizon,48,,direct_full_horizon,55.02980453249008,55.02980453249008,4.862615191747272,0.583826481804201,0.12294877169784113,0.11200394327678377,4.605227188298904,7.418207636113327,0.10347546897145753,0.06782789213721815,0.054167203609490636,0.583826481804201,0.6947240034491291,0.8403718295404363,-0.17391083087244752,0.054167203609490636,0.08145786369717765,0.6649720622536707,-0.4080102508574125,Energy,7
ett2/H/short|H=48|L=2048|Hsrc=controlled|Lsrc=controlled|origins=shared_origin_v1:Hmax=720,joint-scaling,release,standard_hl_shared_origin_v1,ett2/H/short,Granite-PatchTST-FM-r1,patchtstfm,granite-timeseries-patchtst-fm-r1,257.895552,257.895552,48,controlled,shared_origin_v1:Hmax=720,720,720,2048,controlled,15260,16700,2048,2048,256,256,100,[],merged,2,7,1008,72264.01940023899,,100,,float32,native_horizon,48,,direct_full_horizon,56.466456821986604,56.466456821986604,4.968660384889633,0.5938069512404561,0.12523927593721576,0.11383664797222803,4.635167274975393,7.51441659891083,0.10481747340609547,0.06930710067799227,0.05528505948121799,0.5938069512404561,0.6947240034491291,0.8547379222430126,-0.15696038072574897,0.05528505948121799,0.08145786369717765,0.6786951802068129,-0.3875831768052093,Energy,7
ett2/H/short|H=48|L=4096|Hsrc=controlled|Lsrc=controlled|origins=shared_origin_v1:Hmax=720,joint-scaling,release,standard_hl_shared_origin_v1,ett2/H/short,Granite-PatchTST-FM-r1,patchtstfm,granite-timeseries-patchtst-fm-r1,257.895552,257.895552,48,controlled,shared_origin_v1:Hmax=720,720,720,4096,controlled,15260,16700,4096,4096,256,256,100,[],merged,2,7,1008,72264.01940023899,,100,,float32,native_horizon,48,,direct_full_horizon,55.790015811011905,55.790015811011905,5.0508362300812255,0.6101360905743685,0.12792127030609493,0.11629005083962092,4.681803544500881,7.469271437764991,0.10418775030443729,0.0704533592537068,0.05576661635428666,0.6101360905743685,0.6947240034491291,0.8782424207961679,-0.1298326177667855,0.05576661635428666,0.08145786369717765,0.6846069099184939,-0.3789104595707994,Energy,7
ett2/H/short|H=48|L=6144|Hsrc=controlled|Lsrc=controlled|origins=shared_origin_v1:Hmax=720,joint-scaling-l6144,release,standard_hl_shared_origin_v1,ett2/H/short,Granite-PatchTST-FM-r1,patchtstfm,granite-timeseries-patchtst-fm-r1,257.895552,257.895552,48,controlled,shared_origin_v1:Hmax=720,720,720,6144,controlled,15260,16700,6144,6144,256,256,100,[],merged,6,7,1008,72264.01940023899,,100,,float32,native_horizon,48,,direct_full_horizon,53.72184523325118,53.72184523325118,4.9093160477895585,0.5986117395463539,0.1276209461081559,0.1145430656652602,4.604995272861503,7.329518758639695,0.10223836108242243,0.06847931539434284,0.055016390041927384,0.5986117395463539,0.6947240034491291,0.8616540332195202,-0.14890144245598913,0.055016390041927384,0.08145786369717765,0.6753969174351621,-0.39245473509918094,Energy,7
ett2/H/short|H=48|L=8192|Hsrc=controlled|Lsrc=controlled|origins=shared_origin_v1:Hmax=720,joint-scaling,release,standard_hl_shared_origin_v1,ett2/H/short,Granite-PatchTST-FM-r1,patchtstfm,granite-timeseries-patchtst-fm-r1,257.895552,257.895552,48,controlled,shared_origin_v1:Hmax=720,720,720,8192,controlled,15260,16700,8064,8064,256,256,100,[],merged,2,7,1008,72264.01940023899,,100,,float32,native_horizon,48,,direct_full_horizon,51.173531668526785,51.173531668526785,4.74950445265997,0.5790073300743452,0.12262050657231831,0.11099351398528569,4.581498883131408,7.153567758016051,0.09978404688705057,0.06625012735266449,0.05359234707948091,0.5790073300743452,0.6947240034491291,0.8334350435564629,-0.18219951197397116,0.05359234707948091,0.08145786369717765,0.6579149593059826,-0.4186795971854985,Energy,7
ett2/H/short|H=96|L=128|Hsrc=controlled|Lsrc=controlled|origins=shared_origin_v1:Hmax=720,joint-scaling,release,standard_hl_shared_origin_v1,ett2/H/short,Granite-PatchTST-FM-r1,patchtstfm,granite-timeseries-patchtst-fm-r1,257.895552,257.895552,96,controlled,shared_origin_v1:Hmax=720,720,720,128,controlled,15260,16700,128,128,256,256,100,[],merged,2,7,2016,144151.83056032658,,100,,float32,native_horizon,96,,direct_full_horizon,118.3631078326513,118.3631078326513,7.077555096338665,0.8307460251885794,0.16525439069419987,0.14386691365923202,5.577602745137434,10.87948104610929,0.15215230846324565,0.09898140744211736,0.07677792726778153,0.8307460251885794,0.7989799974265753,1.0397582265692744,0.03898821167428627,0.07677792726778153,0.09816146652540124,0.7821595376013836,-0.2456965469665167,Energy,7
ett2/H/short|H=96|L=256|Hsrc=controlled|Lsrc=controlled|origins=shared_origin_v1:Hmax=720,joint-scaling,release,standard_hl_shared_origin_v1,ett2/H/short,Granite-PatchTST-FM-r1,patchtstfm,granite-timeseries-patchtst-fm-r1,257.895552,257.895552,96,controlled,shared_origin_v1:Hmax=720,720,720,256,controlled,15260,16700,256,256,256,256,100,[],merged,2,7,2016,144151.83056032658,,100,,float32,native_horizon,96,,direct_full_horizon,137.57230437748015,137.57230437748015,7.140731690421937,0.8083359883790127,0.15226312607478149,0.13842568321833534,5.32943378085491,11.729122063372014,0.1640347541050637,0.09986494817258748,0.07824239972874836,0.8083359883790127,0.7989799974265753,1.0117099188747802,0.011641888347684724,0.07824239972874836,0.09816146652540124,0.7970785533089155,-0.2268020438079646,Energy,7
ett2/H/short|H=96|L=512|Hsrc=controlled|Lsrc=controlled|origins=shared_origin_v1:Hmax=720,joint-scaling,release,standard_hl_shared_origin_v1,ett2/H/short,Granite-PatchTST-FM-r1,patchtstfm,granite-timeseries-patchtst-fm-r1,257.895552,257.895552,96,controlled,shared_origin_v1:Hmax=720,720,720,512,controlled,15260,16700,512,512,256,256,100,[],merged,2,7,2016,144151.83056032658,,100,,float32,native_horizon,96,,direct_full_horizon,80.32862587580605,80.32862587580605,5.881753830682664,0.7082687899312532,0.14228825671013906,0.126601014818464,5.3141469641101935,8.962623827641437,0.12534457291517728,0.08225782271765128,0.06454590664769226,0.7082687899312532,0.7989799974265753,0.8864662347148956,-0.12051224250132288,0.06454590664769226,0.09816146652540124,0.6575483123104087,-0.4192370388305515,Energy,7
ett2/H/short|H=96|L=1024|Hsrc=controlled|Lsrc=controlled|origins=shared_origin_v1:Hmax=720,joint-scaling,release,standard_hl_shared_origin_v1,ett2/H/short,Granite-PatchTST-FM-r1,patchtstfm,granite-timeseries-patchtst-fm-r1,257.895552,257.895552,96,controlled,shared_origin_v1:Hmax=720,720,720,1024,controlled,15260,16700,1024,1024,256,256,100,[],merged,2,7,2016,144151.83056032658,,100,,float32,native_horizon,96,,direct_full_horizon,79.5224095904638,79.5224095904638,6.006827218191964,0.7143951017385768,0.1452297614742291,0.1289297247689868,5.0401845080792835,8.917533828949784,0.12471397781965174,0.08400700584101944,0.06519421058471632,0.7143951017385768,0.7989799974265753,0.8941339007729393,-0.1118997378731617,0.06519421058471632,0.09816146652540124,0.6641527769743132,-0.4092430701666939,Energy,7
ett2/H/short|H=96|L=2048|Hsrc=controlled|Lsrc=controlled|origins=shared_origin_v1:Hmax=720,joint-scaling,release,standard_hl_shared_origin_v1,ett2/H/short,Granite-PatchTST-FM-r1,patchtstfm,granite-timeseries-patchtst-fm-r1,257.895552,257.895552,96,controlled,shared_origin_v1:Hmax=720,720,720,2048,controlled,15260,16700,2048,2048,256,256,100,[],merged,2,7,2016,144151.83056032658,,100,,float32,native_horizon,96,,direct_full_horizon,73.87729995969742,73.87729995969742,5.825120471772694,0.6969826342931917,0.14269428592003375,0.12731442375788612,5.252946943444938,8.595190513286918,0.12020592459653028,0.08146579079465244,0.06330859084073986,0.6969826342931917,0.7989799974265753,0.8723405298481745,-0.1365754154237043,0.06330859084073986,0.09816146652540124,0.6449434088717236,-0.43859270421895835,Energy,7
ett2/H/short|H=96|L=4096|Hsrc=controlled|Lsrc=controlled|origins=shared_origin_v1:Hmax=720,joint-scaling,release,standard_hl_shared_origin_v1,ett2/H/short,Granite-PatchTST-FM-r1,patchtstfm,granite-timeseries-patchtst-fm-r1,257.895552,257.895552,96,controlled,shared_origin_v1:Hmax=720,720,720,4096,controlled,15260,16700,4096,4096,256,256,100,[],merged,2,7,2016,144151.83056032658,,100,,float32,native_horizon,96,,direct_full_horizon,73.63687569754464,73.63687569754464,5.905536227756077,0.7182193751898377,0.14593839967238445,0.12966721398489817,5.387705968762937,8.581193139508319,0.12001016776550033,0.08259042558723423,0.06395415513046698,0.7182193751898377,0.7989799974265753,0.8989203453192088,-0.10656085208543038,0.06395415513046698,0.09816146652540124,0.6515199639353143,-0.42844723985477706,Energy,7
ett2/H/short|H=96|L=6144|Hsrc=controlled|Lsrc=controlled|origins=shared_origin_v1:Hmax=720,joint-scaling-l6144,release,standard_hl_shared_origin_v1,ett2/H/short,Granite-PatchTST-FM-r1,patchtstfm,granite-timeseries-patchtst-fm-r1,257.895552,257.895552,96,controlled,shared_origin_v1:Hmax=720,720,720,6144,controlled,15260,16700,6144,6144,256,256,100,[],merged,6,7,2016,144151.83056032658,,100,,float32,native_horizon,96,,direct_full_horizon,68.62041909354073,68.62041909354073,5.7455354418073386,0.7103283881025759,0.14746889186284604,0.12918180227279663,5.223187781465775,8.283744267753606,0.11585026966967596,0.08035277391663914,0.0627898363482688,0.7103283881025759,0.7989799974265753,0.889044019112448,-0.11760852938198507,0.0627898363482688,0.09816146652540124,0.639658702857915,-0.44682052165556374,Energy,7
ett2/H/short|H=96|L=8192|Hsrc=controlled|Lsrc=controlled|origins=shared_origin_v1:Hmax=720,joint-scaling,release,standard_hl_shared_origin_v1,ett2/H/short,Granite-PatchTST-FM-r1,patchtstfm,granite-timeseries-patchtst-fm-r1,257.895552,257.895552,96,controlled,shared_origin_v1:Hmax=720,720,720,8192,controlled,15260,16700,8064,8064,256,256,100,[],merged,2,7,2016,144151.83056032658,,100,,float32,native_horizon,96,,direct_full_horizon,66.90135071769593,66.90135071769593,5.523597596183656,0.684647534489573,0.142228204796212,0.1248960608527774,5.265201266325786,8.179324588112147,0.11438993390190307,0.0772489167194175,0.061159771995875786,0.684647534489573,0.7989799974265753,0.8569019708813058,-0.1544317532965151,0.061159771995875786,0.09816146652540124,0.6230527533943218,-0.47312408738414746,Energy,7
ett2/H/short|H=192|L=128|Hsrc=controlled|Lsrc=controlled|origins=shared_origin_v1:Hmax=720,joint-scaling,release,standard_hl_shared_origin_v1,ett2/H/short,Granite-PatchTST-FM-r1,patchtstfm,granite-timeseries-patchtst-fm-r1,257.895552,257.895552,192,controlled,shared_origin_v1:Hmax=720,720,720,128,controlled,15260,16700,128,128,256,256,100,[],merged,2,7,4032,286751.6341557503,,100,,float32,native_horizon,192,,direct_full_horizon,154.2434285481771,154.2434285481771,7.3304077632843505,0.8551064092809283,0.16847600694206089,0.1484558998592316,6.382980991387371,12.419477788867658,0.1746296393118924,0.10307248706212754,0.08184395925550457,0.8551064092809283,0.8715895895186347,0.9810883695308823,-0.01909274240259425,0.08184395925550457,0.1268224591465115,0.6453427871238046,-0.43797365045232145,Energy,7
ett2/H/short|H=192|L=256|Hsrc=controlled|Lsrc=controlled|origins=shared_origin_v1:Hmax=720,joint-scaling,release,standard_hl_shared_origin_v1,ett2/H/short,Granite-PatchTST-FM-r1,patchtstfm,granite-timeseries-patchtst-fm-r1,257.895552,257.895552,192,controlled,shared_origin_v1:Hmax=720,720,720,256,controlled,15260,16700,256,256,256,256,100,[],merged,2,7,4032,286751.6341557503,,100,,float32,native_horizon,192,,direct_full_horizon,151.0505865187872,151.0505865187872,7.1314840165395585,0.8215084361754326,0.15889235280508598,0.14356458376324366,5.773754221100634,12.290263891340462,0.17281276933532352,0.10027543047608083,0.07936851788328884,0.8215084361754326,0.8715895895186347,0.9425404411141932,-0.0591764522365363,0.07936851788328884,0.1268224591465115,0.6258238360730607,-0.468686359509697,Energy,7
ett2/H/short|H=192|L=512|Hsrc=controlled|Lsrc=controlled|origins=shared_origin_v1:Hmax=720,joint-scaling,release,standard_hl_shared_origin_v1,ett2/H/short,Granite-PatchTST-FM-r1,patchtstfm,granite-timeseries-patchtst-fm-r1,257.895552,257.895552,192,controlled,shared_origin_v1:Hmax=720,720,720,512,controlled,15260,16700,512,512,256,256,100,[],merged,2,7,4032,286751.6341557503,,100,,float32,native_horizon,192,,direct_full_horizon,128.68281094990078,128.68281094990078,6.709237719339038,0.7799006347609241,0.15028880482868515,0.1376312573750814,5.840691769038852,11.343844628251075,0.15950521668610737,0.09433824697815599,0.07545961370171465,0.7799006347609241,0.8715895895186347,0.8948026045052362,-0.11115213865824375,0.07545961370171465,0.1268224591465115,0.5950019752774233,-0.5191905536480291,Energy,7
ett2/H/short|H=192|L=1024|Hsrc=controlled|Lsrc=controlled|origins=shared_origin_v1:Hmax=720,joint-scaling,release,standard_hl_shared_origin_v1,ett2/H/short,Granite-PatchTST-FM-r1,patchtstfm,granite-timeseries-patchtst-fm-r1,257.895552,257.895552,192,controlled,shared_origin_v1:Hmax=720,720,720,1024,controlled,15260,16700,1024,1024,256,256,100,[],merged,2,7,4032,286751.6341557503,,100,,float32,native_horizon,192,,direct_full_horizon,146.26358468191964,146.26358468191964,7.333412170410156,0.8330015112144737,0.15871689114771254,0.1452464905996171,5.815880171748832,12.093948266877929,0.17005238542273174,0.10311473187641401,0.0817820737835747,0.8330015112144737,0.8715895895186347,0.95572677924541,-0.04528320254652877,0.0817820737835747,0.1268224591465115,0.6448548177818888,-0.43873007623288024,Energy,7
ett2/H/short|H=192|L=2048|Hsrc=controlled|Lsrc=controlled|origins=shared_origin_v1:Hmax=720,joint-scaling,release,standard_hl_shared_origin_v1,ett2/H/short,Granite-PatchTST-FM-r1,patchtstfm,granite-timeseries-patchtst-fm-r1,257.895552,257.895552,192,controlled,shared_origin_v1:Hmax=720,720,720,2048,controlled,15260,16700,2048,2048,256,256,100,[],merged,2,7,4032,286751.6341557503,,100,,float32,native_horizon,192,,direct_full_horizon,121.71617974175348,121.71617974175348,6.6640209621853295,0.7782241310330463,0.15239902856999304,0.1399019029405382,5.839872633916195,11.032505596724322,0.15512749455450817,0.09370245647819767,0.07428964171282551,0.7782241310330463,0.8715895895186347,0.8928791031830099,-0.11330409004449804,0.07428964171282551,0.1268224591465115,0.5857767008523506,-0.5348166185915812,Energy,7
ett2/H/short|H=192|L=4096|Hsrc=controlled|Lsrc=controlled|origins=shared_origin_v1:Hmax=720,joint-scaling,release,standard_hl_shared_origin_v1,ett2/H/short,Granite-PatchTST-FM-r1,patchtstfm,granite-timeseries-patchtst-fm-r1,257.895552,257.895552,192,controlled,shared_origin_v1:Hmax=720,720,720,4096,controlled,15260,16700,4096,4096,256,256,100,[],merged,2,7,4032,286751.6341557503,,100,,float32,native_horizon,192,,direct_full_horizon,119.18475051153274,119.18475051153274,6.678847539992559,0.7849776963777896,0.15251981938747292,0.13945960998535156,6.008522811838542,10.917176856290858,0.15350586305867803,0.09391093222723658,0.0740398977947022,0.7849776963777896,0.8715895895186347,0.900627664462262,-0.10466335377358787,0.0740398977947022,0.1268224591465115,0.5838074603897067,-0.5381840416274896,Energy,7
ett2/H/short|H=192|L=6144|Hsrc=controlled|Lsrc=controlled|origins=shared_origin_v1:Hmax=720,joint-scaling-l6144,release,standard_hl_shared_origin_v1,ett2/H/short,Granite-PatchTST-FM-r1,patchtstfm,granite-timeseries-patchtst-fm-r1,257.895552,257.895552,192,controlled,shared_origin_v1:Hmax=720,720,720,6144,controlled,15260,16700,6144,6144,256,256,100,[],merged,6,7,4032,286751.6341557503,,100,,float32,native_horizon,192,,direct_full_horizon,115.10508679586744,115.10508679586744,6.391438332815019,0.75934829464973,0.15144933317476705,0.13573941446485974,5.892402913698614,10.728703873062553,0.15085575412167448,0.08986968612675082,0.0721610760016151,0.75934829464973,0.8715895895186347,0.8712223089643671,-0.13785810052369704,0.0721610760016151,0.1268224591465115,0.5689928778170994,-0.5638873619515447,Energy,7
ett2/H/short|H=192|L=8192|Hsrc=controlled|Lsrc=controlled|origins=shared_origin_v1:Hmax=720,joint-scaling,release,standard_hl_shared_origin_v1,ett2/H/short,Granite-PatchTST-FM-r1,patchtstfm,granite-timeseries-patchtst-fm-r1,257.895552,257.895552,192,controlled,shared_origin_v1:Hmax=720,720,720,8192,controlled,15260,16700,8000,8000,256,256,100,[],merged,2,7,4032,286751.6341557503,,100,,float32,native_horizon,192,,direct_full_horizon,115.97266012524801,115.97266012524801,6.374150836278522,0.750527084950632,0.14945602248795659,0.13384943916684106,5.997277525271021,10.769060317652976,0.15142320401631118,0.08962660752585505,0.07225305173363226,0.750527084950632,0.8715895895186347,0.8611014793845075,-0.14954291926441338,0.07225305173363226,0.1268224591465115,0.5697181100246764,-0.5626135842970239,Energy,7
ett2/H/short|H=336|L=128|Hsrc=controlled|Lsrc=controlled|origins=shared_origin_v1:Hmax=720,joint-scaling,release,standard_hl_shared_origin_v1,ett2/H/short,Granite-PatchTST-FM-r1,patchtstfm,granite-timeseries-patchtst-fm-r1,257.895552,257.895552,336,controlled,shared_origin_v1:Hmax=720,720,720,128,controlled,15260,16700,128,128,256,256,100,[],merged,2,7,7056,500443.1288883686,,100,,float32,native_horizon,336,,direct_full_horizon,163.44952212655895,163.44952212655895,7.664376118285856,0.8935865231598679,0.17095630121665117,0.15559582699453478,6.825985553393117,12.784737859125581,0.18025846520137276,0.10806390330655999,0.08609081783135802,0.8935865231598679,0.935621923693908,0.9550722364776564,-0.04596830107124968,0.08609081783135802,0.15550102220996356,0.5536350604506949,-0.5912495449450752,Energy,7
ett2/H/short|H=336|L=256|Hsrc=controlled|Lsrc=controlled|origins=shared_origin_v1:Hmax=720,joint-scaling,release,standard_hl_shared_origin_v1,ett2/H/short,Granite-PatchTST-FM-r1,patchtstfm,granite-timeseries-patchtst-fm-r1,257.895552,257.895552,336,controlled,shared_origin_v1:Hmax=720,720,720,256,controlled,15260,16700,256,256,256,256,100,[],merged,2,7,7056,500443.1288883686,,100,,float32,native_horizon,336,,direct_full_horizon,154.5478272037982,154.5478272037982,7.359394653043509,0.8553503550732359,0.1612685675678654,0.1516321229826566,6.235055479904303,12.43172663807398,0.17528118200583165,0.10376381585500458,0.08227301082532677,0.8553503550732359,0.935621923693908,0.9142051221889353,-0.08970031018076761,0.08227301082532677,0.15550102220996356,0.5290834083022202,-0.6366091879038962,Energy,7
ett2/H/short|H=336|L=512|Hsrc=controlled|Lsrc=controlled|origins=shared_origin_v1:Hmax=720,joint-scaling,release,standard_hl_shared_origin_v1,ett2/H/short,Granite-PatchTST-FM-r1,patchtstfm,granite-timeseries-patchtst-fm-r1,257.895552,257.895552,336,controlled,shared_origin_v1:Hmax=720,720,720,512,controlled,15260,16700,512,512,256,256,100,[],merged,2,7,7056,500443.1288883686,,100,,float32,native_horizon,336,,direct_full_horizon,136.91561924248867,136.91561924248867,7.2157495892237105,0.8393246460057694,0.1555453997190295,0.14978424816174843,6.247941482111166,11.70109478820203,0.16497963516643752,0.10173849167368568,0.08159906404879787,0.8393246460057694,0.935621923693908,0.897076719506583,-0.10861389158789059,0.08159906404879787,0.15550102220996356,0.5247493739212827,-0.6448345133811388,Energy,7
ett2/H/short|H=336|L=1024|Hsrc=controlled|Lsrc=controlled|origins=shared_origin_v1:Hmax=720,joint-scaling,release,standard_hl_shared_origin_v1,ett2/H/short,Granite-PatchTST-FM-r1,patchtstfm,granite-timeseries-patchtst-fm-r1,257.895552,257.895552,336,controlled,shared_origin_v1:Hmax=720,720,720,1024,controlled,15260,16700,1024,1024,256,256,100,[],merged,2,7,7056,500443.1288883686,,100,,float32,native_horizon,336,,direct_full_horizon,167.59019362953515,167.59019362953515,8.208288629579435,0.925197208923744,0.16778683206614273,0.16196580052105478,6.418271552125288,12.94566312050237,0.18252743160080537,0.11573280004656016,0.09169435275133092,0.925197208923744,0.935621923693908,0.9888579836511244,-0.011204553574121378,0.09169435275133092,0.15550102220996356,0.5896704179058169,-0.5281915118840992,Energy,7
ett2/H/short|H=336|L=2048|Hsrc=controlled|Lsrc=controlled|origins=shared_origin_v1:Hmax=720,joint-scaling,release,standard_hl_shared_origin_v1,ett2/H/short,Granite-PatchTST-FM-r1,patchtstfm,granite-timeseries-patchtst-fm-r1,257.895552,257.895552,336,controlled,shared_origin_v1:Hmax=720,720,720,2048,controlled,15260,16700,2048,2048,256,256,100,[],merged,2,7,7056,500443.1288883686,,100,,float32,native_horizon,336,,direct_full_horizon,138.96339440724208,138.96339440724208,7.414063053606859,0.8613858944734993,0.16190874690473103,0.15499004268862493,6.554257530909964,11.788273597403569,0.16620881315333974,0.10453461319861451,0.08313347840682812,0.8613858944734993,0.935621923693908,0.920655953713313,-0.08266886983128002,0.08313347840682812,0.15550102220996356,0.5346169255053388,-0.6262048156487876,Energy,7
ett2/H/short|H=336|L=4096|Hsrc=controlled|Lsrc=controlled|origins=shared_origin_v1:Hmax=720,joint-scaling,release,standard_hl_shared_origin_v1,ett2/H/short,Granite-PatchTST-FM-r1,patchtstfm,granite-timeseries-patchtst-fm-r1,257.895552,257.895552,336,controlled,shared_origin_v1:Hmax=720,720,720,4096,controlled,15260,16700,4096,4096,256,256,100,[],merged,2,7,7056,500443.1288883686,,100,,float32,native_horizon,336,,direct_full_horizon,133.17861571712018,133.17861571712018,7.221992060170423,0.851644559316368,0.15954778333843392,0.1517587692018539,6.773247986043453,11.540303969875325,0.16271256434735487,0.10182650741904688,0.08166513497169314,0.851644559316368,0.935621923693908,0.9102443388179802,-0.09404221131645898,0.08166513497169314,0.15550102220996356,0.5251742645230054,-0.6440251390431208,Energy,7
ett2/H/short|H=336|L=6144|Hsrc=controlled|Lsrc=controlled|origins=shared_origin_v1:Hmax=720,joint-scaling-l6144,release,standard_hl_shared_origin_v1,ett2/H/short,Granite-PatchTST-FM-r1,patchtstfm,granite-timeseries-patchtst-fm-r1,257.895552,257.895552,336,controlled,shared_origin_v1:Hmax=720,720,720,6144,controlled,15260,16700,6144,6144,256,256,100,[],merged,6,7,7056,500443.1288883686,,100,,float32,native_horizon,336,,direct_full_horizon,145.69509008844423,145.69509008844423,7.062093116258548,0.8243980925533512,0.1577428526730105,0.14510640319512816,6.675144679418932,12.070422117243632,0.17018696739518882,0.09957201158702625,0.08087538822846918,0.8243980925533512,0.935621923693908,0.8811231029073833,-0.12655793192502063,0.08087538822846918,0.15550102220996356,0.5200955407178486,-0.6537427521336394,Energy,7
ett2/H/short|H=336|L=8192|Hsrc=controlled|Lsrc=controlled|origins=shared_origin_v1:Hmax=720,joint-scaling,release,standard_hl_shared_origin_v1,ett2/H/short,Granite-PatchTST-FM-r1,patchtstfm,granite-timeseries-patchtst-fm-r1,257.895552,257.895552,336,controlled,shared_origin_v1:Hmax=720,720,720,8192,controlled,15260,16700,7856,7856,256,256,100,[],merged,2,7,7056,500443.1288883686,,100,,float32,native_horizon,336,,direct_full_horizon,144.0067838984552,144.0067838984552,7.080098193248654,0.8245640908802486,0.15756031486981628,0.14487848260235084,6.669088130324523,12.000282659106627,0.1691980358102672,0.0998258742457551,0.08000703864466145,0.8245640908802486,0.935621923693908,0.8813005232122026,-0.12635659519440795,0.08000703864466145,0.15550102220996356,0.5145113357302104,-0.6645376914333294,Energy,7
ett2/H/short|H=720|L=128|Hsrc=controlled|Lsrc=controlled|origins=shared_origin_v1:Hmax=720,joint-scaling,release,standard_hl_shared_origin_v1,ett2/H/short,Granite-PatchTST-FM-r1,patchtstfm,granite-timeseries-patchtst-fm-r1,257.895552,257.895552,720,controlled,shared_origin_v1:Hmax=720,720,720,128,controlled,15260,16700,128,128,256,256,100,[],merged,2,7,15120,1104114.6179156303,,100,,float32,native_horizon,720,,direct_full_horizon,264.14546957671956,264.14546957671956,10.109214564732143,1.1288016707307407,0.1986548562034851,0.189877363739821,9.324667238934445,16.25255270955057,0.22256620189696869,0.13843791372611822,0.112447196180466,1.1288016707307407,1.1284016695734669,1.0003544847265469,0.0003544219116803577,0.112447196180466,0.20790633362858252,0.5408550774665145,-0.6146039150114478,Energy,7
ett2/H/short|H=720|L=256|Hsrc=controlled|Lsrc=controlled|origins=shared_origin_v1:Hmax=720,joint-scaling,release,standard_hl_shared_origin_v1,ett2/H/short,Granite-PatchTST-FM-r1,patchtstfm,granite-timeseries-patchtst-fm-r1,257.895552,257.895552,720,controlled,shared_origin_v1:Hmax=720,720,720,256,controlled,15260,16700,256,256,256,256,100,[],merged,2,7,15120,1104114.6179156303,,100,,float32,native_horizon,720,,direct_full_horizon,252.37488839285714,252.37488839285714,9.645958116319445,1.0613290714294377,0.18296927643969504,0.1794393953192171,7.696516300912549,15.88631135263492,0.21755080836199442,0.13209397317289637,0.1054856216522025,1.0613290714294377,1.1284016695734669,0.9405596429422313,-0.06128021604525544,0.1054856216522025,0.20790633362858252,0.507370890588879,-0.6785130032126055,Energy,7
ett2/H/short|H=720|L=512|Hsrc=controlled|Lsrc=controlled|origins=shared_origin_v1:Hmax=720,joint-scaling,release,standard_hl_shared_origin_v1,ett2/H/short,Granite-PatchTST-FM-r1,patchtstfm,granite-timeseries-patchtst-fm-r1,257.895552,257.895552,720,controlled,shared_origin_v1:Hmax=720,720,720,512,controlled,15260,16700,512,512,256,256,100,[],merged,2,7,15120,1104114.6179156303,,100,,float32,native_horizon,720,,direct_full_horizon,253.70127314814815,253.70127314814815,10.12871765459656,1.10360060711884,0.18210134297774147,0.1863736591641865,7.984992163595601,15.92800279847251,0.21812174062829698,0.13870499353283855,0.10988560999923287,1.10360060711884,1.1284016695734669,0.978021068983351,-0.022224066251603544,0.10988560999923287,0.20790633362858252,0.5285342109660772,-0.6376477435699535,Energy,7
ett2/H/short|H=720|L=1024|Hsrc=controlled|Lsrc=controlled|origins=shared_origin_v1:Hmax=720,joint-scaling,release,standard_hl_shared_origin_v1,ett2/H/short,Granite-PatchTST-FM-r1,patchtstfm,granite-timeseries-patchtst-fm-r1,257.895552,257.895552,720,controlled,shared_origin_v1:Hmax=720,720,720,1024,controlled,15260,16700,1024,1024,256,256,100,[],merged,2,7,15120,1104114.6179156303,,100,,float32,native_horizon,720,,direct_full_horizon,276.0854332010582,276.0854332010582,10.577585823826059,1.153735828819575,0.19244656082271977,0.19327293274894594,8.098355897351029,16.615818764089184,0.22754085095558982,0.1448518976754197,0.11494591033498962,1.153735828819575,1.1284016695734669,1.0224513663256847,0.02220304430797792,0.11494591033498962,0.20790633362858252,0.5528735384287836,-0.5926259863806203,Energy,7
ett2/H/short|H=720|L=2048|Hsrc=controlled|Lsrc=controlled|origins=shared_origin_v1:Hmax=720,joint-scaling,release,standard_hl_shared_origin_v1,ett2/H/short,Granite-PatchTST-FM-r1,patchtstfm,granite-timeseries-patchtst-fm-r1,257.895552,257.895552,720,controlled,shared_origin_v1:Hmax=720,720,720,2048,controlled,15260,16700,2048,2048,256,256,100,[],merged,2,7,15120,1104114.6179156303,,100,,float32,native_horizon,720,,direct_full_horizon,218.7839657738095,218.7839657738095,9.59308810763889,1.0719582903217522,0.18852974320662383,0.18672338011403564,8.221014046931527,14.791347665909605,0.20255612332237305,0.13136995909113455,0.10516648929870578,1.0719582903217522,1.1284016695734669,0.9499793550703889,-0.05131502612853691,0.10516648929870578,0.20790633362858252,0.5058359091964081,-0.6815429524137607,Energy,7
ett2/H/short|H=720|L=4096|Hsrc=controlled|Lsrc=controlled|origins=shared_origin_v1:Hmax=720,joint-scaling,release,standard_hl_shared_origin_v1,ett2/H/short,Granite-PatchTST-FM-r1,patchtstfm,granite-timeseries-patchtst-fm-r1,257.895552,257.895552,720,controlled,shared_origin_v1:Hmax=720,720,720,4096,controlled,15260,16700,4096,4096,256,256,100,[],merged,2,7,15120,1104114.6179156303,,100,,float32,native_horizon,720,,direct_full_horizon,230.61894427910053,230.61894427910053,10.096718439980158,1.1417880399907985,0.19729099382994753,0.19989285746579447,8.940503867346612,15.186143166686549,0.2079625438831445,0.1382667889142697,0.11076124045377626,1.1417880399907985,1.1284016695734669,1.0118631253198975,0.011793310057762898,0.11076124045377626,0.20790633362858252,0.5327458693569547,-0.6297107614694992,Energy,7
ett2/H/short|H=720|L=6144|Hsrc=controlled|Lsrc=controlled|origins=shared_origin_v1:Hmax=720,joint-scaling-l6144,release,standard_hl_shared_origin_v1,ett2/H/short,Granite-PatchTST-FM-r1,patchtstfm,granite-timeseries-patchtst-fm-r1,257.895552,257.895552,720,controlled,shared_origin_v1:Hmax=720,720,720,6144,controlled,15260,16700,6144,6144,256,256,100,[],merged,6,7,15120,1104114.6179156303,,100,,float32,native_horizon,720,,direct_full_horizon,253.85467884527944,253.85467884527944,9.985392155722966,1.1014011120471474,0.19587522184721146,0.1835137927342975,8.921901600384953,15.932817668111294,0.21818767656262583,0.1367422611246219,0.10953677586932238,1.1014011120471474,1.1284016695734669,0.976071856100208,-0.024219072225596782,0.10953677586932238,0.20790633362858252,0.5268563682384302,-0.6408273136253301,Energy,7
ett2/H/short|H=720|L=8192|Hsrc=controlled|Lsrc=controlled|origins=shared_origin_v1:Hmax=720,joint-scaling,release,standard_hl_shared_origin_v1,ett2/H/short,Granite-PatchTST-FM-r1,patchtstfm,granite-timeseries-patchtst-fm-r1,257.895552,257.895552,720,controlled,shared_origin_v1:Hmax=720,720,720,8192,controlled,15260,16700,7472,7472,256,256,100,[],merged,2,7,15120,1104114.6179156303,,100,,float32,native_horizon,720,,direct_full_horizon,219.33761987433863,219.33761987433863,9.038742921213624,1.004530858640991,0.1797174148975372,0.1679207897690869,8.59608572664929,14.810051312346578,0.2028122553665814,0.12377862836989734,0.09961596728583139,1.004530858640991,1.1284016695734669,0.8902245412493063,-0.11628155453806796,0.09961596728583139,0.20790633362858252,0.4791386849416135,-0.7357651933274808,Energy,7
hierarchical_sales/D/short|H=48|L=128|Hsrc=controlled|Lsrc=controlled|origins=shared_origin_v1:Hmax=720,joint-scaling,release,standard_hl_shared_origin_v1,hierarchical_sales/D/short,Granite-PatchTST-FM-r1,patchtstfm,granite-timeseries-patchtst-fm-r1,257.895552,257.895552,48,controlled,shared_origin_v1:Hmax=720,720,720,128,controlled,1105,1105,128,128,256,256,100,[],merged,2,118,5664,19987.0,,100,,float32,native_horizon,48,,direct_full_horizon,33.37511448402189,33.37511448402189,2.2867460951293257,0.7318624499686209,0.6527256432173972,0.9155789822508387,7.125520706196018,5.777119912553477,1.6371445031622003,0.6480277121535248,0.5328306239525403,0.7318624499686209,0.9146193419591229,0.8001825638204468,-0.22291537257340024,0.5328306239525403,1.867466512192648,0.28532271956348393,-1.254134389991888,Sales,1
hierarchical_sales/D/short|H=48|L=256|Hsrc=controlled|Lsrc=controlled|origins=shared_origin_v1:Hmax=720,joint-scaling,release,standard_hl_shared_origin_v1,hierarchical_sales/D/short,Granite-PatchTST-FM-r1,patchtstfm,granite-timeseries-patchtst-fm-r1,257.895552,257.895552,48,controlled,shared_origin_v1:Hmax=720,720,720,256,controlled,1105,1105,256,256,256,256,100,[],merged,2,118,5664,19987.0,,100,,float32,native_horizon,48,,direct_full_horizon,32.84416793564618,32.84416793564618,2.2704790190788313,0.7229499070736429,0.6421928044477493,0.9099825411866613,6.850251695459486,5.730983156112586,1.6240700753600685,0.6434178798250113,0.5270944793739237,0.7229499070736429,0.9146193419591229,0.7904380258622977,-0.23516802406211548,0.5270944793739237,1.867466512192648,0.28225110112151164,-1.264958174732299,Sales,1
hierarchical_sales/D/short|H=48|L=512|Hsrc=controlled|Lsrc=controlled|origins=shared_origin_v1:Hmax=720,joint-scaling,release,standard_hl_shared_origin_v1,hierarchical_sales/D/short,Granite-PatchTST-FM-r1,patchtstfm,granite-timeseries-patchtst-fm-r1,257.895552,257.895552,48,controlled,shared_origin_v1:Hmax=720,720,720,512,controlled,1105,1105,512,512,256,256,100,[],merged,2,118,5664,19987.0,,100,,float32,native_horizon,48,,direct_full_horizon,32.18165303893009,32.18165303893009,2.239002120023393,0.7142438663523557,0.6376077941040083,0.9159717452054643,6.653541504084716,5.6728875397746155,1.6076066956163217,0.6344978239762095,0.5172116327802213,0.7142438663523557,0.9146193419591229,0.7809192672685435,-0.2472835054605748,0.5172116327802213,1.867466512192648,0.2769589866288675,-1.2838858464688336,Sales,1
hierarchical_sales/D/short|H=48|L=1024|Hsrc=controlled|Lsrc=controlled|origins=shared_origin_v1:Hmax=720,joint-scaling,release,standard_hl_shared_origin_v1,hierarchical_sales/D/short,Granite-PatchTST-FM-r1,patchtstfm,granite-timeseries-patchtst-fm-r1,257.895552,257.895552,48,controlled,shared_origin_v1:Hmax=720,720,720,1024,controlled,1105,1105,1024,1024,256,256,100,[],merged,2,118,5664,19987.0,,100,,float32,native_horizon,48,,direct_full_horizon,30.054971641066384,30.054971641066384,2.211416212178893,0.7083475784642345,0.6345647423526687,0.9053633953891905,6.461203845676693,5.482241479638268,1.553580614432939,0.6266804135578751,0.504712687942394,0.7083475784642345,0.9146193419591229,0.7744725548302396,-0.25557305573727984,0.504712687942394,1.867466512192648,0.27026599119563105,-1.3083486523516805,Sales,1
hierarchical_sales/D/short|H=48|L=2048|Hsrc=controlled|Lsrc=controlled|origins=shared_origin_v1:Hmax=720,joint-scaling,release,standard_hl_shared_origin_v1,hierarchical_sales/D/short,Granite-PatchTST-FM-r1,patchtstfm,granite-timeseries-patchtst-fm-r1,257.895552,257.895552,48,controlled,shared_origin_v1:Hmax=720,720,720,2048,controlled,1105,1105,1105,1105,256,256,100,[],merged,2,118,5664,19987.0,,100,,float32,native_horizon,48,,direct_full_horizon,30.840089959613348,30.840089959613348,2.2146477133540783,0.7081797079231155,0.6328367155946455,0.9041513130489716,6.5156820277068075,5.5533854503008655,1.5737416916247613,0.627596169932331,0.507312131048221,0.7081797079231155,0.9146193419591229,0.7742890134011251,-0.2558100727626743,0.507312131048221,1.867466512192648,0.2716579535622145,-1.3032115277008511,Sales,1
hierarchical_sales/D/short|H=48|L=4096|Hsrc=controlled|Lsrc=controlled|origins=shared_origin_v1:Hmax=720,joint-scaling,release,standard_hl_shared_origin_v1,hierarchical_sales/D/short,Granite-PatchTST-FM-r1,patchtstfm,granite-timeseries-patchtst-fm-r1,257.895552,257.895552,48,controlled,shared_origin_v1:Hmax=720,720,720,4096,controlled,1105,1105,1105,1105,256,256,100,[],merged,2,118,5664,19987.0,,100,,float32,native_horizon,48,,direct_full_horizon,30.840089959613348,30.840089959613348,2.2146477133540783,0.7081797079231155,0.6328367155946455,0.9041513130489716,6.5156820277068075,5.5533854503008655,1.5737416916247613,0.627596169932331,0.507312131048221,0.7081797079231155,0.9146193419591229,0.7742890134011251,-0.2558100727626743,0.507312131048221,1.867466512192648,0.2716579535622145,-1.3032115277008511,Sales,1
hierarchical_sales/D/short|H=48|L=6144|Hsrc=controlled|Lsrc=controlled|origins=shared_origin_v1:Hmax=720,joint-scaling-l6144,release,standard_hl_shared_origin_v1,hierarchical_sales/D/short,Granite-PatchTST-FM-r1,patchtstfm,granite-timeseries-patchtst-fm-r1,257.895552,257.895552,48,controlled,shared_origin_v1:Hmax=720,720,720,6144,controlled,1105,1105,1105,1105,256,256,100,[],merged,6,118,5664,19987.0,,100,,float32,native_horizon,48,,direct_full_horizon,30.840091166523216,30.840091166523216,2.2146476486981928,0.7081797079231154,0.6326463622308793,0.9041513130489716,6.5156820277068075,5.553385558965199,1.5737417224185164,0.6275961516098746,0.507312131048221,0.7081797079231154,0.9146193419591229,0.7742890134011249,-0.2558100727626746,0.507312131048221,1.867466512192648,0.2716579535622145,-1.3032115277008511,Sales,1
hierarchical_sales/D/short|H=48|L=8192|Hsrc=controlled|Lsrc=controlled|origins=shared_origin_v1:Hmax=720,joint-scaling,release,standard_hl_shared_origin_v1,hierarchical_sales/D/short,Granite-PatchTST-FM-r1,patchtstfm,granite-timeseries-patchtst-fm-r1,257.895552,257.895552,48,controlled,shared_origin_v1:Hmax=720,720,720,8192,controlled,1105,1105,1105,1105,256,256,100,[],merged,2,118,5664,19987.0,,100,,float32,native_horizon,48,,direct_full_horizon,30.840089959613348,30.840089959613348,2.2146477133540783,0.7081797079231155,0.6328367155946455,0.9041513130489716,6.5156820277068075,5.5533854503008655,1.5737416916247613,0.627596169932331,0.507312131048221,0.7081797079231155,0.9146193419591229,0.7742890134011251,-0.2558100727626743,0.507312131048221,1.867466512192648,0.2716579535622145,-1.3032115277008511,Sales,1
hierarchical_sales/D/short|H=96|L=128|Hsrc=controlled|Lsrc=controlled|origins=shared_origin_v1:Hmax=720,joint-scaling,release,standard_hl_shared_origin_v1,hierarchical_sales/D/short,Granite-PatchTST-FM-r1,patchtstfm,granite-timeseries-patchtst-fm-r1,257.895552,257.895552,96,controlled,shared_origin_v1:Hmax=720,720,720,128,controlled,1105,1105,128,128,256,256,100,[],merged,2,118,11210,44867.0,,100,,float32,native_horizon,96,,direct_full_horizon,54.99623383140054,54.99623383140054,2.7418953152876897,0.8575053979065821,0.6650739273467462,0.9383878791257806,9.263630206868783,7.415944567713579,1.8528704527619235,0.6850613253476943,0.5714449493258968,0.8575053979065821,1.0414336391373997,0.8233893794873364,-0.1943260680932089,0.5714449493258968,2.251225579502112,0.2538372673662847,-1.3710618969468127,Sales,1
hierarchical_sales/D/short|H=96|L=256|Hsrc=controlled|Lsrc=controlled|origins=shared_origin_v1:Hmax=720,joint-scaling,release,standard_hl_shared_origin_v1,hierarchical_sales/D/short,Granite-PatchTST-FM-r1,patchtstfm,granite-timeseries-patchtst-fm-r1,257.895552,257.895552,96,controlled,shared_origin_v1:Hmax=720,720,720,256,controlled,1105,1105,256,256,256,256,100,[],merged,2,118,11210,44867.0,,100,,float32,native_horizon,96,,direct_full_horizon,54.675234165923285,54.675234165923285,2.717187761345896,0.8447480174087054,0.6408721150616744,0.9336329518844781,9.05933670388929,7.394270360618638,1.8474551617566346,0.6788881539814896,0.565634651778521,0.8447480174087054,1.0414336391373997,0.8111395538446354,-0.20931516341288808,0.565634651778521,2.251225579502112,0.2512563187486607,-1.3812816706766877,Sales,1
hierarchical_sales/D/short|H=96|L=512|Hsrc=controlled|Lsrc=controlled|origins=shared_origin_v1:Hmax=720,joint-scaling,release,standard_hl_shared_origin_v1,hierarchical_sales/D/short,Granite-PatchTST-FM-r1,patchtstfm,granite-timeseries-patchtst-fm-r1,257.895552,257.895552,96,controlled,shared_origin_v1:Hmax=720,720,720,512,controlled,1105,1105,512,512,256,256,100,[],merged,2,118,11210,44867.0,,100,,float32,native_horizon,96,,direct_full_horizon,53.85365466101695,53.85365466101695,2.6723506495316682,0.8315214725511424,0.6362075416663118,0.930579255756579,8.497372522555908,7.338504933637161,1.8335221946212712,0.6676856215314151,0.5522604596400422,0.8315214725511424,1.0414336391373997,0.7984392296372108,-0.22509641987483517,0.5522604596400422,2.251225579502112,0.24531546934633797,-1.4052102667369066,Sales,1
hierarchical_sales/D/short|H=96|L=1024|Hsrc=controlled|Lsrc=controlled|origins=shared_origin_v1:Hmax=720,joint-scaling,release,standard_hl_shared_origin_v1,hierarchical_sales/D/short,Granite-PatchTST-FM-r1,patchtstfm,granite-timeseries-patchtst-fm-r1,257.895552,257.895552,96,controlled,shared_origin_v1:Hmax=720,720,720,1024,controlled,1105,1105,1024,1024,256,256,100,[],merged,2,118,11210,44867.0,,100,,float32,native_horizon,96,,direct_full_horizon,52.525816793041926,52.525816793041926,2.6522566347011596,0.8264274085271709,0.6371793846570137,0.9225120741804193,8.167406308443391,7.247469682105743,1.8107770775047447,0.6626651408607662,0.5469039353410693,0.8264274085271709,1.0414336391373997,0.7935478339375378,-0.23124145861765452,0.5469039353410693,2.251225579502112,0.24293608793394408,-1.414956882852987,Sales,1
hierarchical_sales/D/short|H=96|L=2048|Hsrc=controlled|Lsrc=controlled|origins=shared_origin_v1:Hmax=720,joint-scaling,release,standard_hl_shared_origin_v1,hierarchical_sales/D/short,Granite-PatchTST-FM-r1,patchtstfm,granite-timeseries-patchtst-fm-r1,257.895552,257.895552,96,controlled,shared_origin_v1:Hmax=720,720,720,2048,controlled,1105,1105,1105,1105,256,256,100,[],merged,2,118,11210,44867.0,,100,,float32,native_horizon,96,,direct_full_horizon,53.02088258251561,53.02088258251561,2.652721917512266,0.826179187670768,0.6346989348316021,0.9221120842857939,8.221701620943247,7.2815439696890945,1.8192905231063978,0.6627813915642343,0.5477470315481757,0.826179187670768,1.0414336391373997,0.793309488596006,-0.23154185782801778,0.5477470315481757,2.251225579502112,0.24331059336546682,-1.413416489797452,Sales,1
hierarchical_sales/D/short|H=96|L=4096|Hsrc=controlled|Lsrc=controlled|origins=shared_origin_v1:Hmax=720,joint-scaling,release,standard_hl_shared_origin_v1,hierarchical_sales/D/short,Granite-PatchTST-FM-r1,patchtstfm,granite-timeseries-patchtst-fm-r1,257.895552,257.895552,96,controlled,shared_origin_v1:Hmax=720,720,720,4096,controlled,1105,1105,1105,1105,256,256,100,[],merged,2,118,11210,44867.0,,100,,float32,native_horizon,96,,direct_full_horizon,53.02088258251561,53.02088258251561,2.652721917512266,0.826179187670768,0.6346989348316021,0.9221120842857939,8.221701620943247,7.2815439696890945,1.8192905231063978,0.6627813915642343,0.5477470315481757,0.826179187670768,1.0414336391373997,0.793309488596006,-0.23154185782801778,0.5477470315481757,2.251225579502112,0.24331059336546682,-1.413416489797452,Sales,1
hierarchical_sales/D/short|H=96|L=6144|Hsrc=controlled|Lsrc=controlled|origins=shared_origin_v1:Hmax=720,joint-scaling-l6144,release,standard_hl_shared_origin_v1,hierarchical_sales/D/short,Granite-PatchTST-FM-r1,patchtstfm,granite-timeseries-patchtst-fm-r1,257.895552,257.895552,96,controlled,shared_origin_v1:Hmax=720,720,720,6144,controlled,1105,1105,1105,1105,256,256,100,[],merged,6,118,11210,44867.0,,100,,float32,native_horizon,96,,direct_full_horizon,53.02088258251561,53.02088258251561,2.6527218739546163,0.8261791876707681,0.6341352519450223,0.9221121060646187,8.221701620943247,7.2815439696890945,1.8192905231063978,0.6627813806813749,0.5477470315481757,0.8261791876707681,1.0414336391373997,0.7933094885960061,-0.23154185782801764,0.5477470315481757,2.251225579502112,0.24331059336546682,-1.413416489797452,Sales,1
hierarchical_sales/D/short|H=96|L=8192|Hsrc=controlled|Lsrc=controlled|origins=shared_origin_v1:Hmax=720,joint-scaling,release,standard_hl_shared_origin_v1,hierarchical_sales/D/short,Granite-PatchTST-FM-r1,patchtstfm,granite-timeseries-patchtst-fm-r1,257.895552,257.895552,96,controlled,shared_origin_v1:Hmax=720,720,720,8192,controlled,1105,1105,1105,1105,256,256,100,[],merged,2,118,11210,44867.0,,100,,float32,native_horizon,96,,direct_full_horizon,53.02088258251561,53.02088258251561,2.652721917512266,0.826179187670768,0.6346989348316021,0.9221120842857939,8.221701620943247,7.2815439696890945,1.8192905231063978,0.6627813915642343,0.5477470315481757,0.826179187670768,1.0414336391373997,0.793309488596006,-0.23154185782801778,0.5477470315481757,2.251225579502112,0.24331059336546682,-1.413416489797452,Sales,1
hierarchical_sales/D/short|H=192|L=128|Hsrc=controlled|Lsrc=controlled|origins=shared_origin_v1:Hmax=720,joint-scaling,release,standard_hl_shared_origin_v1,hierarchical_sales/D/short,Granite-PatchTST-FM-r1,patchtstfm,granite-timeseries-patchtst-fm-r1,257.895552,257.895552,192,controlled,shared_origin_v1:Hmax=720,720,720,128,controlled,1105,1105,128,128,256,256,100,[],merged,2,118,22538,84027.0,,100,,float32,native_horizon,192,,direct_full_horizon,51.28082155692608,51.28082155692608,2.647609038069039,0.8439652541610649,0.6626537550841124,1.004500732096903,9.945631336152958,7.161062878995414,1.920763982610335,0.7101504575910125,0.5947845141860257,0.8439652541610649,1.0187335912678954,0.8284454948723962,-0.18820423200153824,0.5947845141860257,3.325423783044172,0.1788597643460485,-1.721153219597965,Sales,1
hierarchical_sales/D/short|H=192|L=256|Hsrc=controlled|Lsrc=controlled|origins=shared_origin_v1:Hmax=720,joint-scaling,release,standard_hl_shared_origin_v1,hierarchical_sales/D/short,Granite-PatchTST-FM-r1,patchtstfm,granite-timeseries-patchtst-fm-r1,257.895552,257.895552,192,controlled,shared_origin_v1:Hmax=720,720,720,256,controlled,1105,1105,256,256,256,256,100,[],merged,2,118,22538,84027.0,,100,,float32,native_horizon,192,,direct_full_horizon,49.869842044546985,49.869842044546985,2.567431601628361,0.8100326140515945,0.6299581362150201,0.9697036411421821,8.922177529632188,7.061858257183231,1.8941549906624735,0.6886450002677711,0.5747205059087903,0.8100326140515945,1.0187335912678954,0.7951368453880511,-0.22924104657732877,0.5747205059087903,3.325423783044172,0.17282624513579364,-1.7554685525721403,Sales,1
hierarchical_sales/D/short|H=192|L=512|Hsrc=controlled|Lsrc=controlled|origins=shared_origin_v1:Hmax=720,joint-scaling,release,standard_hl_shared_origin_v1,hierarchical_sales/D/short,Granite-PatchTST-FM-r1,patchtstfm,granite-timeseries-patchtst-fm-r1,257.895552,257.895552,192,controlled,shared_origin_v1:Hmax=720,720,720,512,controlled,1105,1105,512,512,256,256,100,[],merged,2,118,22538,84027.0,,100,,float32,native_horizon,192,,direct_full_horizon,49.42943029550093,49.42943029550093,2.549791255324341,0.8056568703820028,0.6411083271911967,0.9661799481708669,8.821456896816208,7.030606680472243,1.8857725893401336,0.6839134482071239,0.5695310280010466,0.8056568703820028,1.0187335912678954,0.7908415676951405,-0.23465762496097314,0.5695310280010466,3.325423783044172,0.17126569879754824,-1.7645391342309054,Sales,1
hierarchical_sales/D/short|H=192|L=1024|Hsrc=controlled|Lsrc=controlled|origins=shared_origin_v1:Hmax=720,joint-scaling,release,standard_hl_shared_origin_v1,hierarchical_sales/D/short,Granite-PatchTST-FM-r1,patchtstfm,granite-timeseries-patchtst-fm-r1,257.895552,257.895552,192,controlled,shared_origin_v1:Hmax=720,720,720,1024,controlled,1105,1105,1024,1024,256,256,100,[],merged,2,118,22538,84027.0,,100,,float32,native_horizon,192,,direct_full_horizon,48.556187050758716,48.556187050758716,2.5370366679330463,0.800703985164888,0.6469974859965271,0.9604899052433667,8.364892597528982,6.968226966076716,1.8690408959196094,0.6804923705698763,0.5645101696737074,0.800703985164888,1.0187335912678954,0.7859797615668567,-0.2408242355271085,0.5645101696737074,3.325423783044172,0.16975585865237944,-1.7733939997228265,Sales,1
hierarchical_sales/D/short|H=192|L=2048|Hsrc=controlled|Lsrc=controlled|origins=shared_origin_v1:Hmax=720,joint-scaling,release,standard_hl_shared_origin_v1,hierarchical_sales/D/short,Granite-PatchTST-FM-r1,patchtstfm,granite-timeseries-patchtst-fm-r1,257.895552,257.895552,192,controlled,shared_origin_v1:Hmax=720,720,720,2048,controlled,1105,1105,1105,1105,256,256,100,[],merged,2,118,22538,84027.0,,100,,float32,native_horizon,192,,direct_full_horizon,48.82627257298784,48.82627257298784,2.536270080669314,0.8003927553244243,0.6448350908543944,0.9595403804130801,8.395002729465556,6.9875798795425474,1.874231798411581,0.680286753997227,0.5653213851892196,0.8003927553244243,1.0187335912678954,0.7856742549622532,-0.2412130063446528,0.5653213851892196,3.325423783044172,0.1699998021520466,-1.7719580057440432,Sales,1
hierarchical_sales/D/short|H=192|L=4096|Hsrc=controlled|Lsrc=controlled|origins=shared_origin_v1:Hmax=720,joint-scaling,release,standard_hl_shared_origin_v1,hierarchical_sales/D/short,Granite-PatchTST-FM-r1,patchtstfm,granite-timeseries-patchtst-fm-r1,257.895552,257.895552,192,controlled,shared_origin_v1:Hmax=720,720,720,4096,controlled,1105,1105,1105,1105,256,256,100,[],merged,2,118,22538,84027.0,,100,,float32,native_horizon,192,,direct_full_horizon,48.82627257298784,48.82627257298784,2.536270080669314,0.8003927553244243,0.6448350908543944,0.9595403804130801,8.395002729465556,6.9875798795425474,1.874231798411581,0.680286753997227,0.5653213851892196,0.8003927553244243,1.0187335912678954,0.7856742549622532,-0.2412130063446528,0.5653213851892196,3.325423783044172,0.1699998021520466,-1.7719580057440432,Sales,1
hierarchical_sales/D/short|H=192|L=6144|Hsrc=controlled|Lsrc=controlled|origins=shared_origin_v1:Hmax=720,joint-scaling-l6144,release,standard_hl_shared_origin_v1,hierarchical_sales/D/short,Granite-PatchTST-FM-r1,patchtstfm,granite-timeseries-patchtst-fm-r1,257.895552,257.895552,192,controlled,shared_origin_v1:Hmax=720,720,720,6144,controlled,1105,1105,1105,1105,256,256,100,[],merged,6,118,22538,84027.0,,100,,float32,native_horizon,192,,direct_full_horizon,48.82627083980389,48.82627083980389,2.5362700373397153,0.8003927553244243,0.6442014460314043,0.9595404020778796,8.395002729465556,6.987579755523646,1.8742317651468208,0.6802867423752188,0.5653213851892196,0.8003927553244243,1.0187335912678954,0.7856742549622532,-0.2412130063446528,0.5653213851892196,3.325423783044172,0.1699998021520466,-1.7719580057440432,Sales,1
hierarchical_sales/D/short|H=192|L=8192|Hsrc=controlled|Lsrc=controlled|origins=shared_origin_v1:Hmax=720,joint-scaling,release,standard_hl_shared_origin_v1,hierarchical_sales/D/short,Granite-PatchTST-FM-r1,patchtstfm,granite-timeseries-patchtst-fm-r1,257.895552,257.895552,192,controlled,shared_origin_v1:Hmax=720,720,720,8192,controlled,1105,1105,1105,1105,256,256,100,[],merged,2,118,22538,84027.0,,100,,float32,native_horizon,192,,direct_full_horizon,48.82627257298784,48.82627257298784,2.536270080669314,0.8003927553244243,0.6448350908543944,0.9595403804130801,8.395002729465556,6.9875798795425474,1.874231798411581,0.680286753997227,0.5653213851892196,0.8003927553244243,1.0187335912678954,0.7856742549622532,-0.2412130063446528,0.5653213851892196,3.325423783044172,0.1699998021520466,-1.7719580057440432,Sales,1
hierarchical_sales/D/short|H=336|L=128|Hsrc=controlled|Lsrc=controlled|origins=shared_origin_v1:Hmax=720,joint-scaling,release,standard_hl_shared_origin_v1,hierarchical_sales/D/short,Granite-PatchTST-FM-r1,patchtstfm,granite-timeseries-patchtst-fm-r1,257.895552,257.895552,336,controlled,shared_origin_v1:Hmax=720,720,720,128,controlled,1105,1105,128,128,256,256,100,[],merged,2,118,39530,142438.0,,100,,float32,native_horizon,336,,direct_full_horizon,47.54921578547938,47.54921578547938,2.546824405514799,0.797980698264864,0.6431995079827367,0.9866473050531243,8.729885798439712,6.895593940008314,1.9136945790345878,0.7068055487299737,0.5903137431350007,0.797980698264864,0.9843623022305182,0.8106575154866025,-0.20990961309015452,0.5903137431350007,4.483902756957517,0.13165177193440053,-2.027594933697046,Sales,1
hierarchical_sales/D/short|H=336|L=256|Hsrc=controlled|Lsrc=controlled|origins=shared_origin_v1:Hmax=720,joint-scaling,release,standard_hl_shared_origin_v1,hierarchical_sales/D/short,Granite-PatchTST-FM-r1,patchtstfm,granite-timeseries-patchtst-fm-r1,257.895552,257.895552,336,controlled,shared_origin_v1:Hmax=720,720,720,256,controlled,1105,1105,256,256,256,256,100,[],merged,2,118,39530,142438.0,,100,,float32,native_horizon,336,,direct_full_horizon,46.927722615734886,46.927722615734886,2.516946682108525,0.7842582988456196,0.629859436286682,0.9831515917499367,8.096400808620029,6.85038120222042,1.9011469476107021,0.6985137557656664,0.5805998080011151,0.7842582988456196,0.9843623022305182,0.796717120381924,-0.22725559370667942,0.5805998080011151,4.483902756957517,0.129485370105366,-2.0441873763837153,Sales,1
hierarchical_sales/D/short|H=336|L=512|Hsrc=controlled|Lsrc=controlled|origins=shared_origin_v1:Hmax=720,joint-scaling,release,standard_hl_shared_origin_v1,hierarchical_sales/D/short,Granite-PatchTST-FM-r1,patchtstfm,granite-timeseries-patchtst-fm-r1,257.895552,257.895552,336,controlled,shared_origin_v1:Hmax=720,720,720,512,controlled,1105,1105,512,512,256,256,100,[],merged,2,118,39530,142438.0,,100,,float32,native_horizon,336,,direct_full_horizon,46.45505786744245,46.45505786744245,2.496390597331141,0.7775261767830975,0.6377585061634566,0.974014790981533,8.07849433134499,6.815794734837783,1.891548363976871,0.6928089436281049,0.5747734456721849,0.7775261767830975,0.9843623022305182,0.7898780510196908,-0.2358767112345557,0.5747734456721849,4.483902756957517,0.12818597476948598,-2.0542731416543685,Sales,1
hierarchical_sales/D/short|H=336|L=1024|Hsrc=controlled|Lsrc=controlled|origins=shared_origin_v1:Hmax=720,joint-scaling,release,standard_hl_shared_origin_v1,hierarchical_sales/D/short,Granite-PatchTST-FM-r1,patchtstfm,granite-timeseries-patchtst-fm-r1,257.895552,257.895552,336,controlled,shared_origin_v1:Hmax=720,720,720,1024,controlled,1105,1105,1024,1024,256,256,100,[],merged,2,118,39530,142438.0,,100,,float32,native_horizon,336,,direct_full_horizon,45.57057930685555,45.57057930685555,2.477916989470023,0.7716302080074487,0.6432272558525285,0.9695786823298761,7.722904598680395,6.750598440646248,1.8734548109264815,0.6876820693477163,0.5684824102752681,0.7716302080074487,0.9843623022305182,0.7838884181758803,-0.24348859251597066,0.5684824102752681,4.483902756957517,0.12678294804524332,-2.065278725160601,Sales,1
hierarchical_sales/D/short|H=336|L=2048|Hsrc=controlled|Lsrc=controlled|origins=shared_origin_v1:Hmax=720,joint-scaling,release,standard_hl_shared_origin_v1,hierarchical_sales/D/short,Granite-PatchTST-FM-r1,patchtstfm,granite-timeseries-patchtst-fm-r1,257.895552,257.895552,336,controlled,shared_origin_v1:Hmax=720,720,720,2048,controlled,1105,1105,1105,1105,256,256,100,[],merged,2,118,39530,142438.0,,100,,float32,native_horizon,336,,direct_full_horizon,45.76141379964584,45.76141379964584,2.4807735027194537,0.7718464957323196,0.6446914919952168,0.9690808405008854,7.810654187271714,6.764718308964967,1.8773734168788183,0.6884748210624974,0.5701518418118877,0.7718464957323196,0.9843623022305182,0.7841081418735277,-0.24320833208086012,0.5701518418118877,4.483902756957517,0.1271552646691998,-2.062346382786753,Sales,1
hierarchical_sales/D/short|H=336|L=4096|Hsrc=controlled|Lsrc=controlled|origins=shared_origin_v1:Hmax=720,joint-scaling,release,standard_hl_shared_origin_v1,hierarchical_sales/D/short,Granite-PatchTST-FM-r1,patchtstfm,granite-timeseries-patchtst-fm-r1,257.895552,257.895552,336,controlled,shared_origin_v1:Hmax=720,720,720,4096,controlled,1105,1105,1105,1105,256,256,100,[],merged,2,118,39530,142438.0,,100,,float32,native_horizon,336,,direct_full_horizon,45.76141379964584,45.76141379964584,2.4807735027194537,0.7718464957323196,0.6446914919952168,0.9690808405008854,7.810654187271714,6.764718308964967,1.8773734168788183,0.6884748210624974,0.5701518418118877,0.7718464957323196,0.9843623022305182,0.7841081418735277,-0.24320833208086012,0.5701518418118877,4.483902756957517,0.1271552646691998,-2.062346382786753,Sales,1
hierarchical_sales/D/short|H=336|L=6144|Hsrc=controlled|Lsrc=controlled|origins=shared_origin_v1:Hmax=720,joint-scaling-l6144,release,standard_hl_shared_origin_v1,hierarchical_sales/D/short,Granite-PatchTST-FM-r1,patchtstfm,granite-timeseries-patchtst-fm-r1,257.895552,257.895552,336,controlled,shared_origin_v1:Hmax=720,720,720,6144,controlled,1105,1105,1105,1105,256,256,100,[],merged,6,118,39530,142438.0,,100,,float32,native_horizon,336,,direct_full_horizon,45.76141617126233,45.76141617126233,2.4807733050847456,0.7718464957323196,0.6441296304592503,0.9690808775573931,7.810654187271714,6.764718484258036,1.877373465526897,0.6884747662140721,0.5701518418118876,0.7718464957323196,0.9843623022305182,0.7841081418735277,-0.24320833208086012,0.5701518418118876,4.483902756957517,0.12715526466919977,-2.062346382786753,Sales,1
hierarchical_sales/D/short|H=336|L=8192|Hsrc=controlled|Lsrc=controlled|origins=shared_origin_v1:Hmax=720,joint-scaling,release,standard_hl_shared_origin_v1,hierarchical_sales/D/short,Granite-PatchTST-FM-r1,patchtstfm,granite-timeseries-patchtst-fm-r1,257.895552,257.895552,336,controlled,shared_origin_v1:Hmax=720,720,720,8192,controlled,1105,1105,1105,1105,256,256,100,[],merged,2,118,39530,142438.0,,100,,float32,native_horizon,336,,direct_full_horizon,45.76141379964584,45.76141379964584,2.4807735027194537,0.7718464957323196,0.6446914919952168,0.9690808405008854,7.810654187271714,6.764718308964967,1.8773734168788183,0.6884748210624974,0.5701518418118877,0.7718464957323196,0.9843623022305182,0.7841081418735277,-0.24320833208086012,0.5701518418118877,4.483902756957517,0.1271552646691998,-2.062346382786753,Sales,1
hierarchical_sales/D/short|H=720|L=128|Hsrc=controlled|Lsrc=controlled|origins=shared_origin_v1:Hmax=720,joint-scaling,release,standard_hl_shared_origin_v1,hierarchical_sales/D/short,Granite-PatchTST-FM-r1,patchtstfm,granite-timeseries-patchtst-fm-r1,257.895552,257.895552,720,controlled,shared_origin_v1:Hmax=720,720,720,128,controlled,1105,1105,128,128,256,256,100,[],merged,2,118,83544,294968.0,,100,,float32,native_horizon,720,,direct_full_horizon,42.52925554198985,42.52925554198985,2.63049869305396,0.8276775589483485,0.7408068612249159,0.9916922987437757,9.602084789715025,6.52144581684076,1.8470738158788222,0.7450380475593964,0.644072592839472,0.8276775589483485,0.9742282554481628,0.84957252504199,-0.16302196771559235,0.644072592839472,6.5888634602276355,0.09775169825984227,-2.3253247067653566,Sales,1
hierarchical_sales/D/short|H=720|L=256|Hsrc=controlled|Lsrc=controlled|origins=shared_origin_v1:Hmax=720,joint-scaling,release,standard_hl_shared_origin_v1,hierarchical_sales/D/short,Granite-PatchTST-FM-r1,patchtstfm,granite-timeseries-patchtst-fm-r1,257.895552,257.895552,720,controlled,shared_origin_v1:Hmax=720,720,720,256,controlled,1105,1105,256,256,256,256,100,[],merged,2,118,83544,294968.0,,100,,float32,native_horizon,720,,direct_full_horizon,42.11317688882505,42.11317688882505,2.566053516709758,0.803680296002597,0.7003896404138501,0.9847149686841664,8.46862332507035,6.489466610502365,1.8380163221359929,0.7267851936481246,0.6178722897728877,0.803680296002597,0.9742282554481628,0.8249404505650366,-0.19244407638592836,0.6178722897728877,6.5888634602276355,0.09377524568577736,-2.3668543630679797,Sales,1
hierarchical_sales/D/short|H=720|L=512|Hsrc=controlled|Lsrc=controlled|origins=shared_origin_v1:Hmax=720,joint-scaling,release,standard_hl_shared_origin_v1,hierarchical_sales/D/short,Granite-PatchTST-FM-r1,patchtstfm,granite-timeseries-patchtst-fm-r1,257.895552,257.895552,720,controlled,shared_origin_v1:Hmax=720,720,720,512,controlled,1105,1105,512,512,256,256,100,[],merged,2,118,83544,294968.0,,100,,float32,native_horizon,720,,direct_full_horizon,41.7614311021737,41.7614311021737,2.5070049165709087,0.7838943175560805,0.6824852858195841,0.9783782067682898,8.000501835732198,6.462308496363641,1.83032430982413,0.7100608159190149,0.5911974982850797,0.7838943175560805,0.9742282554481628,0.8046310637905639,-0.2173714124680302,0.5911974982850797,6.5888634602276355,0.08972677941404096,-2.4109860102806295,Sales,1
hierarchical_sales/D/short|H=720|L=1024|Hsrc=controlled|Lsrc=controlled|origins=shared_origin_v1:Hmax=720,joint-scaling,release,standard_hl_shared_origin_v1,hierarchical_sales/D/short,Granite-PatchTST-FM-r1,patchtstfm,granite-timeseries-patchtst-fm-r1,257.895552,257.895552,720,controlled,shared_origin_v1:Hmax=720,720,720,1024,controlled,1105,1105,1024,1024,256,256,100,[],merged,2,118,83544,294968.0,,100,,float32,native_horizon,720,,direct_full_horizon,40.99121271425835,40.99121271425835,2.475008023466676,0.7744287370837956,0.6706074757246576,0.9762334724067557,7.677388466457072,6.402438028927602,1.8133671540259537,0.700998312740704,0.5778966534700538,0.7744287370837956,0.9742282554481628,0.7949150856105525,-0.22951998058522266,0.5778966534700538,6.5888634602276355,0.08770809365809629,-2.433741095856617,Sales,1
hierarchical_sales/D/short|H=720|L=2048|Hsrc=controlled|Lsrc=controlled|origins=shared_origin_v1:Hmax=720,joint-scaling,release,standard_hl_shared_origin_v1,hierarchical_sales/D/short,Granite-PatchTST-FM-r1,patchtstfm,granite-timeseries-patchtst-fm-r1,257.895552,257.895552,720,controlled,shared_origin_v1:Hmax=720,720,720,2048,controlled,1105,1105,1105,1105,256,256,100,[],merged,2,118,83544,294968.0,,100,,float32,native_horizon,720,,direct_full_horizon,41.17134384276549,41.17134384276549,2.477256931975965,0.7743782276620353,0.670865722051576,0.9762721870361726,7.723068672659862,6.4164899939737685,1.8173471022502254,0.701635272724499,0.5789012861330405,0.7743782276620353,0.9742282554481628,0.7948632400379387,-0.22958520423533244,0.5789012861330405,6.5888634602276355,0.0878605680065254,-2.4320041755507185,Sales,1
hierarchical_sales/D/short|H=720|L=4096|Hsrc=controlled|Lsrc=controlled|origins=shared_origin_v1:Hmax=720,joint-scaling,release,standard_hl_shared_origin_v1,hierarchical_sales/D/short,Granite-PatchTST-FM-r1,patchtstfm,granite-timeseries-patchtst-fm-r1,257.895552,257.895552,720,controlled,shared_origin_v1:Hmax=720,720,720,4096,controlled,1105,1105,1105,1105,256,256,100,[],merged,2,118,83544,294968.0,,100,,float32,native_horizon,720,,direct_full_horizon,41.17134384276549,41.17134384276549,2.477256931975965,0.7743782276620353,0.670865722051576,0.9762721870361726,7.723068672659862,6.4164899939737685,1.8173471022502254,0.701635272724499,0.5789012861330405,0.7743782276620353,0.9742282554481628,0.7948632400379387,-0.22958520423533244,0.5789012861330405,6.5888634602276355,0.0878605680065254,-2.4320041755507185,Sales,1
hierarchical_sales/D/short|H=720|L=6144|Hsrc=controlled|Lsrc=controlled|origins=shared_origin_v1:Hmax=720,joint-scaling-l6144,release,standard_hl_shared_origin_v1,hierarchical_sales/D/short,Granite-PatchTST-FM-r1,patchtstfm,granite-timeseries-patchtst-fm-r1,257.895552,257.895552,720,controlled,shared_origin_v1:Hmax=720,720,720,6144,controlled,1105,1105,1105,1105,256,256,100,[],merged,6,118,83544,294968.0,,100,,float32,native_horizon,720,,direct_full_horizon,41.17134159843915,41.17134159843915,2.477256885219166,0.7743782276620353,0.6703173387827484,0.9762721402793737,7.723068672659862,6.416489819086379,1.8173470527167435,0.7016352594815369,0.5789012861330405,0.7743782276620353,0.9742282554481628,0.7948632400379387,-0.22958520423533244,0.5789012861330405,6.5888634602276355,0.0878605680065254,-2.4320041755507185,Sales,1
hierarchical_sales/D/short|H=720|L=8192|Hsrc=controlled|Lsrc=controlled|origins=shared_origin_v1:Hmax=720,joint-scaling,release,standard_hl_shared_origin_v1,hierarchical_sales/D/short,Granite-PatchTST-FM-r1,patchtstfm,granite-timeseries-patchtst-fm-r1,257.895552,257.895552,720,controlled,shared_origin_v1:Hmax=720,720,720,8192,controlled,1105,1105,1105,1105,256,256,100,[],merged,2,118,83544,294968.0,,100,,float32,native_horizon,720,,direct_full_horizon,41.17134384276549,41.17134384276549,2.477256931975965,0.7743782276620353,0.670865722051576,0.9762721870361726,7.723068672659862,6.4164899939737685,1.8173471022502254,0.701635272724499,0.5789012861330405,0.7743782276620353,0.9742282554481628,0.7948632400379387,-0.22958520423533244,0.5789012861330405,6.5888634602276355,0.0878605680065254,-2.4320041755507185,Sales,1
jena_weather/10T/short|H=48|L=128|Hsrc=controlled|Lsrc=controlled|origins=shared_origin_v1:Hmax=720,joint-scaling,release,standard_hl_shared_origin_v1,jena_weather/10T/short,Granite-PatchTST-FM-r1,patchtstfm,granite-timeseries-patchtst-fm-r1,257.895552,257.895552,48,controlled,shared_origin_v1:Hmax=720,720,720,128,controlled,46944,51984,128,128,256,256,100,[],merged,2,21,8064,1266753.2614265718,,100,,float32,native_horizon,48,,direct_full_horizon,902.1442464192709,902.1442464192709,4.3892715696304565,0.2983788674369878,0.5810907805491887,0.6076587495349702,4.472336799225552,30.03571617956314,0.19120378265237795,0.02794157869200142,0.03113805008552629,0.2983788674369878,0.7056584768569798,0.42283750174159973,-0.8607673303821679,0.03113805008552629,0.16264350565490623,0.19144969828426098,-1.653130177010658,Nature,21
jena_weather/10T/short|H=48|L=256|Hsrc=controlled|Lsrc=controlled|origins=shared_origin_v1:Hmax=720,joint-scaling,release,standard_hl_shared_origin_v1,jena_weather/10T/short,Granite-PatchTST-FM-r1,patchtstfm,granite-timeseries-patchtst-fm-r1,257.895552,257.895552,48,controlled,shared_origin_v1:Hmax=720,720,720,256,controlled,46944,51984,256,256,256,256,100,[],merged,2,21,8064,1266753.2614265718,,100,,float32,native_horizon,48,,direct_full_horizon,901.6073492140997,901.6073492140997,4.014246743822855,0.2640347624609879,0.5352684677606268,0.6064886062864273,4.074770128888556,30.02677720325809,0.19114687819661777,0.02555421543239808,0.025596291381520912,0.2640347624609879,0.7056584768569798,0.3741679170878882,-0.983050606156424,0.025596291381520912,0.16264350565490623,0.15737665809928258,-1.8491132506967503,Nature,21
jena_weather/10T/short|H=48|L=512|Hsrc=controlled|Lsrc=controlled|origins=shared_origin_v1:Hmax=720,joint-scaling,release,standard_hl_shared_origin_v1,jena_weather/10T/short,Granite-PatchTST-FM-r1,patchtstfm,granite-timeseries-patchtst-fm-r1,257.895552,257.895552,48,controlled,shared_origin_v1:Hmax=720,720,720,512,controlled,46944,51984,512,512,256,256,100,[],merged,2,21,8064,1266753.2614265718,,100,,float32,native_horizon,48,,direct_full_horizon,894.8796793619791,894.8796793619791,3.9176698714967757,0.27643840905714684,0.404589012673617,0.6166720011877636,3.766877002601962,29.914539598027897,0.190432387003947,0.024939418595356234,0.0222550624938377,0.27643840905714684,0.7056584768569798,0.39174532457742206,-0.9371433325270613,0.0222550624938377,0.16264350565490623,0.13683339155919358,-1.9889912132339063,Nature,21
jena_weather/10T/short|H=48|L=1024|Hsrc=controlled|Lsrc=controlled|origins=shared_origin_v1:Hmax=720,joint-scaling,release,standard_hl_shared_origin_v1,jena_weather/10T/short,Granite-PatchTST-FM-r1,patchtstfm,granite-timeseries-patchtst-fm-r1,257.895552,257.895552,48,controlled,shared_origin_v1:Hmax=720,720,720,1024,controlled,46944,51984,1024,1024,256,256,100,[],merged,2,21,8064,1266753.2614265718,,100,,float32,native_horizon,48,,direct_full_horizon,896.7822527204241,896.7822527204241,3.8949517144097223,0.265252031085205,0.3556026628365985,0.608330560108972,3.7538019205370925,29.946322858080993,0.19063471544222513,0.024794797520101462,0.022561523439436938,0.265252031085205,0.7056584768569798,0.3758929280728605,-0.9784509419093805,0.022561523439436938,0.16264350565490623,0.1387176410677444,-1.9753147710848005,Nature,21
jena_weather/10T/short|H=48|L=2048|Hsrc=controlled|Lsrc=controlled|origins=shared_origin_v1:Hmax=720,joint-scaling,release,standard_hl_shared_origin_v1,jena_weather/10T/short,Granite-PatchTST-FM-r1,patchtstfm,granite-timeseries-patchtst-fm-r1,257.895552,257.895552,48,controlled,shared_origin_v1:Hmax=720,720,720,2048,controlled,46944,51984,2048,2048,256,256,100,[],merged,2,21,8064,1266753.2614265718,,100,,float32,native_horizon,48,,direct_full_horizon,893.5729132758247,893.5729132758247,3.850560506184896,0.26322649319434793,0.37439302694274734,0.603292495485336,3.8182362102800655,29.89268996386616,0.190293294841925,0.02451220838926957,0.022058806343785216,0.26322649319434793,0.7056584768569798,0.3730225056840034,-0.9861165242040896,0.022058806343785216,0.16264350565490623,0.13562672702462006,-1.997848820946404,Nature,21
jena_weather/10T/short|H=48|L=4096|Hsrc=controlled|Lsrc=controlled|origins=shared_origin_v1:Hmax=720,joint-scaling,release,standard_hl_shared_origin_v1,jena_weather/10T/short,Granite-PatchTST-FM-r1,patchtstfm,granite-timeseries-patchtst-fm-r1,257.895552,257.895552,48,controlled,shared_origin_v1:Hmax=720,720,720,4096,controlled,46944,51984,4096,4096,256,256,100,[],merged,2,21,8064,1266753.2614265718,,100,,float32,native_horizon,48,,direct_full_horizon,894.3009440104166,894.3009440104166,3.9060862102205793,0.2718785699351716,0.39274834333205844,0.6086834196060423,3.7998993694409866,29.904864888683523,0.19037079895951192,0.02486567839086996,0.022220283667773455,0.2718785699351716,0.7056584768569798,0.38528350307095505,-0.9537758440700347,0.022220283667773455,0.16264350565490623,0.13661955685411756,-1.9905551733221254,Nature,21
jena_weather/10T/short|H=48|L=6144|Hsrc=controlled|Lsrc=controlled|origins=shared_origin_v1:Hmax=720,joint-scaling-l6144,release,standard_hl_shared_origin_v1,jena_weather/10T/short,Granite-PatchTST-FM-r1,patchtstfm,granite-timeseries-patchtst-fm-r1,257.895552,257.895552,48,controlled,shared_origin_v1:Hmax=720,720,720,6144,controlled,46944,51984,6144,6144,256,256,100,[],merged,6,21,8064,1266753.2614265718,,100,,float32,native_horizon,48,,direct_full_horizon,894.164568462069,894.164568462069,3.877762597704691,0.2647038604281328,0.3747765250084143,0.6076166440570165,3.629608733396983,29.902584645178568,0.19035628320164186,0.02468537365569927,0.0220413222686955,0.2647038604281328,0.7056584768569798,0.37511610660036326,-0.9805196833323956,0.0220413222686955,0.16264350565490623,0.13551922765033322,-1.9986417472509699,Nature,21
jena_weather/10T/short|H=48|L=8192|Hsrc=controlled|Lsrc=controlled|origins=shared_origin_v1:Hmax=720,joint-scaling,release,standard_hl_shared_origin_v1,jena_weather/10T/short,Granite-PatchTST-FM-r1,patchtstfm,granite-timeseries-patchtst-fm-r1,257.895552,257.895552,48,controlled,shared_origin_v1:Hmax=720,720,720,8192,controlled,46944,51984,8064,8064,256,256,100,[],merged,2,21,8064,1266753.2614265718,,100,,float32,native_horizon,48,,direct_full_horizon,895.0167919340588,895.0167919340588,3.9439556787884427,0.2678409035638927,0.39884605834442116,0.6071130964491103,3.482282712013754,29.916831248213082,0.19044697537538133,0.025106750905802618,0.022280437752223086,0.2678409035638927,0.7056584768569798,0.37956166098487565,-0.9687382158062837,0.022280437752223086,0.16264350565490623,0.13698940921439112,-1.9878516611466424,Nature,21
jena_weather/10T/short|H=96|L=128|Hsrc=controlled|Lsrc=controlled|origins=shared_origin_v1:Hmax=720,joint-scaling,release,standard_hl_shared_origin_v1,jena_weather/10T/short,Granite-PatchTST-FM-r1,patchtstfm,granite-timeseries-patchtst-fm-r1,257.895552,257.895552,96,controlled,shared_origin_v1:Hmax=720,720,720,128,controlled,46944,51984,128,128,256,256,100,[],merged,2,21,16128,2666546.043662604,,100,,float32,native_horizon,96,,direct_full_horizon,2840.17435515873,2840.17435515873,13.405487060546875,0.529910818857246,0.652593459029369,0.6283942025805277,6.138315793828125,53.29328621091713,0.322332375265906,0.0810800532870364,0.06619906679046546,0.529910818857246,0.7741562320408423,0.6845011341706663,-0.3790649773219656,0.06619906679046546,0.15759631843720967,0.4200546525891138,-0.8673704509580984,Nature,21
jena_weather/10T/short|H=96|L=256|Hsrc=controlled|Lsrc=controlled|origins=shared_origin_v1:Hmax=720,joint-scaling,release,standard_hl_shared_origin_v1,jena_weather/10T/short,Granite-PatchTST-FM-r1,patchtstfm,granite-timeseries-patchtst-fm-r1,257.895552,257.895552,96,controlled,shared_origin_v1:Hmax=720,720,720,256,controlled,46944,51984,256,256,256,256,100,[],merged,2,21,16128,2666546.043662604,,100,,float32,native_horizon,96,,direct_full_horizon,1553.2689732142858,1553.2689732142858,9.872969370039682,0.4722646037721666,0.5821744218921758,0.5660237509106832,5.611025843753627,39.411533504981584,0.2383717370562564,0.059714419849765554,0.052078024463421566,0.4722646037721666,0.7741562320408423,0.6100378505346079,-0.494234273683071,0.052078024463421566,0.15759631843720967,0.33045203707706383,-1.1072937525300874,Nature,21
jena_weather/10T/short|H=96|L=512|Hsrc=controlled|Lsrc=controlled|origins=shared_origin_v1:Hmax=720,joint-scaling,release,standard_hl_shared_origin_v1,jena_weather/10T/short,Granite-PatchTST-FM-r1,patchtstfm,granite-timeseries-patchtst-fm-r1,257.895552,257.895552,96,controlled,shared_origin_v1:Hmax=720,720,720,512,controlled,46944,51984,512,512,256,256,100,[],merged,2,21,16128,2666546.043662604,,100,,float32,native_horizon,96,,direct_full_horizon,1494.81640625,1494.81640625,9.786523728143601,0.4648811610835581,0.5276956052622391,0.5559348000420464,4.851240126708084,38.66285564013605,0.23384352850237608,0.059191572957316994,0.04795574391208064,0.4648811610835581,0.7741562320408423,0.6005004440228188,-0.5099918980405258,0.04795574391208064,0.15759631843720967,0.30429482355698184,-1.189758233209829,Nature,21
jena_weather/10T/short|H=96|L=1024|Hsrc=controlled|Lsrc=controlled|origins=shared_origin_v1:Hmax=720,joint-scaling,release,standard_hl_shared_origin_v1,jena_weather/10T/short,Granite-PatchTST-FM-r1,patchtstfm,granite-timeseries-patchtst-fm-r1,257.895552,257.895552,96,controlled,shared_origin_v1:Hmax=720,720,720,1024,controlled,46944,51984,1024,1024,256,256,100,[],merged,2,21,16128,2666546.043662604,,100,,float32,native_horizon,96,,direct_full_horizon,1415.434833829365,1415.434833829365,9.413538857111854,0.44638227043506845,0.5589835178535812,0.549306763543023,4.944132090420581,37.6222651342176,0.22754975243226508,0.05693565841412108,0.046837219397737294,0.44638227043506845,0.7741562320408423,0.5766048918295327,-0.5505980098916371,0.046837219397737294,0.15759631843720967,0.2971974209943135,-1.2133586438534605,Nature,21
jena_weather/10T/short|H=96|L=2048|Hsrc=controlled|Lsrc=controlled|origins=shared_origin_v1:Hmax=720,joint-scaling,release,standard_hl_shared_origin_v1,jena_weather/10T/short,Granite-PatchTST-FM-r1,patchtstfm,granite-timeseries-patchtst-fm-r1,257.895552,257.895552,96,controlled,shared_origin_v1:Hmax=720,720,720,2048,controlled,46944,51984,2048,2048,256,256,100,[],merged,2,21,16128,2666546.043662604,,100,,float32,native_horizon,96,,direct_full_horizon,1500.4590773809523,1500.4590773809523,9.714400518508185,0.44689376605885656,0.6033670977381675,0.5449963978358677,4.85749695740377,38.73575967218085,0.23428447203365801,0.05875535205358855,0.047322926698419095,0.44689376605885656,0.7741562320408423,0.577265605523511,-0.5494527968582764,0.047322926698419095,0.15759631843720967,0.30027939210568383,-1.2030419307043085,Nature,21
jena_weather/10T/short|H=96|L=4096|Hsrc=controlled|Lsrc=controlled|origins=shared_origin_v1:Hmax=720,joint-scaling,release,standard_hl_shared_origin_v1,jena_weather/10T/short,Granite-PatchTST-FM-r1,patchtstfm,granite-timeseries-patchtst-fm-r1,257.895552,257.895552,96,controlled,shared_origin_v1:Hmax=720,720,720,4096,controlled,46944,51984,4096,4096,256,256,100,[],merged,2,21,16128,2666546.043662604,,100,,float32,native_horizon,96,,direct_full_horizon,1330.3404947916667,1330.3404947916667,9.22657703218006,0.43869026175433246,0.6005733239774789,0.542585433475555,4.71832905139678,36.47383301480209,0.2206037207798385,0.05580486214691755,0.04460223750487713,0.43869026175433246,0.7741562320408423,0.5666689016994032,-0.5679800934383001,0.04460223750487713,0.15759631843720967,0.283015732519461,-1.2622527909425159,Nature,21
jena_weather/10T/short|H=96|L=6144|Hsrc=controlled|Lsrc=controlled|origins=shared_origin_v1:Hmax=720,joint-scaling-l6144,release,standard_hl_shared_origin_v1,jena_weather/10T/short,Granite-PatchTST-FM-r1,patchtstfm,granite-timeseries-patchtst-fm-r1,257.895552,257.895552,96,controlled,shared_origin_v1:Hmax=720,720,720,6144,controlled,46944,51984,6144,6144,256,256,100,[],merged,6,21,16128,2666546.043662604,,100,,float32,native_horizon,96,,direct_full_horizon,1354.9446556454614,1354.9446556454614,9.332556709410651,0.43064222220300585,0.6269782560515795,0.540202432208591,4.373121917716559,36.809572880508426,0.2226343673411386,0.0564458562292951,0.0448234804235506,0.43064222220300585,0.7741562320408423,0.5562730161943416,-0.5864960689296795,0.0448234804235506,0.15759631843720967,0.2844195909399331,-1.2573046982640164,Nature,21
jena_weather/10T/short|H=96|L=8192|Hsrc=controlled|Lsrc=controlled|origins=shared_origin_v1:Hmax=720,joint-scaling,release,standard_hl_shared_origin_v1,jena_weather/10T/short,Granite-PatchTST-FM-r1,patchtstfm,granite-timeseries-patchtst-fm-r1,257.895552,257.895552,96,controlled,shared_origin_v1:Hmax=720,720,720,8192,controlled,46944,51984,8064,8064,256,256,100,[],merged,2,21,16128,2666546.043662604,,100,,float32,native_horizon,96,,direct_full_horizon,1356.7578745039682,1356.7578745039682,9.278904506138392,0.4278880081646384,0.6816722876998597,0.5385489993625217,4.148652055576178,36.83419436480141,0.2227832848142199,0.05612135302544775,0.04478961017353474,0.4278880081646384,0.7741562320408423,0.5527153182460776,-0.5929122052274022,0.04478961017353474,0.15759631843720967,0.28420467316550957,-1.2580606202259312,Nature,21
jena_weather/10T/short|H=192|L=128|Hsrc=controlled|Lsrc=controlled|origins=shared_origin_v1:Hmax=720,joint-scaling,release,standard_hl_shared_origin_v1,jena_weather/10T/short,Granite-PatchTST-FM-r1,patchtstfm,granite-timeseries-patchtst-fm-r1,257.895552,257.895552,192,controlled,shared_origin_v1:Hmax=720,720,720,128,controlled,46944,51984,128,128,256,256,100,[],merged,2,21,32256,5192373.383527776,,100,,float32,native_horizon,192,,direct_full_horizon,1954.9354538690477,1954.9354538690477,10.733142671130953,0.6169269820450849,0.801329647507171,0.6935511997767857,7.268227977707538,44.214652027003986,0.2746697339423744,0.06667630087973006,0.06203793760136906,0.6169269820450849,0.7854218158507354,0.7854721750717554,-0.24147024511979073,0.06203793760136906,0.17200378014317172,0.36067775690586684,-1.019770359439674,Nature,21
jena_weather/10T/short|H=192|L=256|Hsrc=controlled|Lsrc=controlled|origins=shared_origin_v1:Hmax=720,joint-scaling,release,standard_hl_shared_origin_v1,jena_weather/10T/short,Granite-PatchTST-FM-r1,patchtstfm,granite-timeseries-patchtst-fm-r1,257.895552,257.895552,192,controlled,shared_origin_v1:Hmax=720,720,720,256,controlled,46944,51984,256,256,256,256,100,[],merged,2,21,32256,5192373.383527776,,100,,float32,native_horizon,192,,direct_full_horizon,1373.482886904762,1373.482886904762,8.947728717137897,0.606783278390026,0.6669190566236,0.6661534990583148,6.819006660671349,37.06053004079626,0.23022698267198474,0.05558497361064366,0.05015985087787422,0.606783278390026,0.7854218158507354,0.7725571993856374,-0.25804922843924416,0.05015985087787422,0.17200378014317172,0.2916206308728935,-1.2323015307574259,Nature,21
jena_weather/10T/short|H=192|L=512|Hsrc=controlled|Lsrc=controlled|origins=shared_origin_v1:Hmax=720,joint-scaling,release,standard_hl_shared_origin_v1,jena_weather/10T/short,Granite-PatchTST-FM-r1,patchtstfm,granite-timeseries-patchtst-fm-r1,257.895552,257.895552,192,controlled,shared_origin_v1:Hmax=720,720,720,512,controlled,46944,51984,512,512,256,256,100,[],merged,2,21,32256,5192373.383527776,,100,,float32,native_horizon,192,,direct_full_horizon,1230.4173797123017,1230.4173797123017,8.218585544162327,0.573978863198399,0.5800750985044297,0.651397462875124,5.682558565552255,35.07730576472916,0.2179068204795352,0.05105539908849698,0.042721675352622744,0.573978863198399,0.7854218158507354,0.73079057853351,-0.3136283465516587,0.042721675352622744,0.17200378014317172,0.24837637473468474,-1.3928100432097827,Nature,21
jena_weather/10T/short|H=192|L=1024|Hsrc=controlled|Lsrc=controlled|origins=shared_origin_v1:Hmax=720,joint-scaling,release,standard_hl_shared_origin_v1,jena_weather/10T/short,Granite-PatchTST-FM-r1,patchtstfm,granite-timeseries-patchtst-fm-r1,257.895552,257.895552,192,controlled,shared_origin_v1:Hmax=720,720,720,1024,controlled,46944,51984,1024,1024,256,256,100,[],merged,2,21,32256,5192373.383527776,,100,,float32,native_horizon,192,,direct_full_horizon,1197.09375,1197.09375,7.926111130487351,0.5463789028932913,0.6018381718439239,0.6415848202175565,5.748403351234242,34.59904261681239,0.21493575985663327,0.049238493024416824,0.0413719549682573,0.5463789028932913,0.7854218158507354,0.6956502758985335,-0.3629082220889487,0.0413719549682573,0.17200378014317172,0.2405293356565786,-1.4249132190929743,Nature,21
jena_weather/10T/short|H=192|L=2048|Hsrc=controlled|Lsrc=controlled|origins=shared_origin_v1:Hmax=720,joint-scaling,release,standard_hl_shared_origin_v1,jena_weather/10T/short,Granite-PatchTST-FM-r1,patchtstfm,granite-timeseries-patchtst-fm-r1,257.895552,257.895552,192,controlled,shared_origin_v1:Hmax=720,720,720,2048,controlled,46944,51984,2048,2048,256,256,100,[],merged,2,21,32256,5192373.383527776,,100,,float32,native_horizon,192,,direct_full_horizon,1248.1117311507937,1248.1117311507937,8.165208120194693,0.5593602320815224,0.6052510757799081,0.6452493818979415,5.579222699831159,35.328624812618926,0.21946806167117394,0.05072380849199596,0.041920577905747554,0.5593602320815224,0.7854218158507354,0.7121781198242466,-0.3394272305645495,0.041920577905747554,0.17200378014317172,0.2437189337981636,-1.4117396283112171,Nature,21
jena_weather/10T/short|H=192|L=4096|Hsrc=controlled|Lsrc=controlled|origins=shared_origin_v1:Hmax=720,joint-scaling,release,standard_hl_shared_origin_v1,jena_weather/10T/short,Granite-PatchTST-FM-r1,patchtstfm,granite-timeseries-patchtst-fm-r1,257.895552,257.895552,192,controlled,shared_origin_v1:Hmax=720,720,720,4096,controlled,46944,51984,4096,4096,256,256,100,[],merged,2,21,32256,5192373.383527776,,100,,float32,native_horizon,192,,direct_full_horizon,1167.033420138889,1167.033420138889,7.9773055788070435,0.551020670154197,0.6019070336086877,0.6380589500306144,5.557934132711626,34.16187085244145,0.21221996663646847,0.04955652256563561,0.04060204578044804,0.551020670154197,0.7854218158507354,0.7015601795544154,-0.3544485961562965,0.04060204578044804,0.17200378014317172,0.2360532178226077,-1.4436980001293231,Nature,21
jena_weather/10T/short|H=192|L=6144|Hsrc=controlled|Lsrc=controlled|origins=shared_origin_v1:Hmax=720,joint-scaling-l6144,release,standard_hl_shared_origin_v1,jena_weather/10T/short,Granite-PatchTST-FM-r1,patchtstfm,granite-timeseries-patchtst-fm-r1,257.895552,257.895552,192,controlled,shared_origin_v1:Hmax=720,720,720,6144,controlled,46944,51984,6144,6144,256,256,100,[],merged,6,21,32256,5192373.383527776,,100,,float32,native_horizon,192,,direct_full_horizon,1180.7526467943949,1180.7526467943949,7.9601333860367065,0.5387403520178923,0.5985858013593605,0.637821840861487,4.916982066220849,34.36208152592614,0.21346371299423417,0.049449845674532755,0.040302728203803165,0.5387403520178923,0.7854218158507354,0.6859248637426141,-0.37698718532688025,0.040302728203803165,0.17200378014317172,0.2343130375986863,-1.4510972901224124,Nature,21
jena_weather/10T/short|H=192|L=8192|Hsrc=controlled|Lsrc=controlled|origins=shared_origin_v1:Hmax=720,joint-scaling,release,standard_hl_shared_origin_v1,jena_weather/10T/short,Granite-PatchTST-FM-r1,patchtstfm,granite-timeseries-patchtst-fm-r1,257.895552,257.895552,192,controlled,shared_origin_v1:Hmax=720,720,720,8192,controlled,46944,51984,8000,8000,256,256,100,[],merged,2,21,32256,5192373.383527776,,100,,float32,native_horizon,192,,direct_full_horizon,1176.6270461309523,1176.6270461309523,7.923851376488095,0.5374952968233917,0.6438043117370278,0.6357357691204737,4.679727688469442,34.30199769883603,0.21309046096024775,0.04922445500757635,0.040344661154890535,0.5374952968233917,0.7854218158507354,0.6843396579724484,-0.37930090862952703,0.040344661154890535,0.17200378014317172,0.23455682846800593,-1.4500573815723723,Nature,21
jena_weather/10T/short|H=336|L=128|Hsrc=controlled|Lsrc=controlled|origins=shared_origin_v1:Hmax=720,joint-scaling,release,standard_hl_shared_origin_v1,jena_weather/10T/short,Granite-PatchTST-FM-r1,patchtstfm,granite-timeseries-patchtst-fm-r1,257.895552,257.895552,336,controlled,shared_origin_v1:Hmax=720,720,720,128,controlled,46944,51984,128,128,256,256,100,[],merged,2,21,56448,9144486.066630237,,100,,float32,native_horizon,336,,direct_full_horizon,2300.2390164399094,2300.2390164399094,12.068829387223639,0.6971137106495987,0.8717994106530818,0.7102002340649801,6.819131352009205,47.96080708703628,0.2960572763436521,0.07449967951026101,0.06777697127220891,0.6971137106495987,0.7997915522433136,0.8716192471579419,-0.1374025935970419,0.06777697127220891,0.19237704941727043,0.3523131864092532,-1.0432347648456204,Nature,21
jena_weather/10T/short|H=336|L=256|Hsrc=controlled|Lsrc=controlled|origins=shared_origin_v1:Hmax=720,joint-scaling,release,standard_hl_shared_origin_v1,jena_weather/10T/short,Granite-PatchTST-FM-r1,patchtstfm,granite-timeseries-patchtst-fm-r1,257.895552,257.895552,336,controlled,shared_origin_v1:Hmax=720,720,720,256,controlled,46944,51984,256,256,256,256,100,[],merged,2,21,56448,9144486.066630237,,100,,float32,native_horizon,336,,direct_full_horizon,1734.2518778344672,1734.2518778344672,10.48164239654195,0.6657730965850627,0.7273025054808333,0.677071430785856,7.150869751235765,41.64434989088517,0.25706641636416633,0.06470213259541122,0.05751122499512841,0.6657730965850627,0.7997915522433136,0.8324332692907969,-0.18340221734833462,0.05751122499512841,0.19237704941727043,0.298950551374687,-1.2074770992860029,Nature,21
jena_weather/10T/short|H=336|L=512|Hsrc=controlled|Lsrc=controlled|origins=shared_origin_v1:Hmax=720,joint-scaling,release,standard_hl_shared_origin_v1,jena_weather/10T/short,Granite-PatchTST-FM-r1,patchtstfm,granite-timeseries-patchtst-fm-r1,257.895552,257.895552,336,controlled,shared_origin_v1:Hmax=720,720,720,512,controlled,46944,51984,512,512,256,256,100,[],merged,2,21,56448,9144486.066630237,,100,,float32,native_horizon,336,,direct_full_horizon,1376.3537414965986,1376.3537414965986,9.05252760283801,0.6387149258124698,0.6683511700181841,0.6650460517866,6.254277802054193,37.09924179139782,0.2290099176030057,0.055880349579153936,0.047184914835438976,0.6387149258124698,0.7997915522433136,0.7986017406922538,-0.22489290467563483,0.047184914835438976,0.19237704941727043,0.24527309769209404,-1.4053830047793159,Nature,21
jena_weather/10T/short|H=336|L=1024|Hsrc=controlled|Lsrc=controlled|origins=shared_origin_v1:Hmax=720,joint-scaling,release,standard_hl_shared_origin_v1,jena_weather/10T/short,Granite-PatchTST-FM-r1,patchtstfm,granite-timeseries-patchtst-fm-r1,257.895552,257.895552,336,controlled,shared_origin_v1:Hmax=720,720,720,1024,controlled,46944,51984,1024,1024,256,256,100,[],merged,2,21,56448,9144486.066630237,,100,,float32,native_horizon,336,,direct_full_horizon,1387.3839994331065,1387.3839994331065,9.048156046272675,0.6199440441534285,0.6806694600755411,0.6524913035282472,6.191515058442746,37.24760394217468,0.22992574235532423,0.05585336439669513,0.04599483890117241,0.6199440441534285,0.7997915522433136,0.7751320233560411,-0.25472191141969414,0.04599483890117241,0.19237704941727043,0.23908693391698976,-1.4309280529496187,Nature,21
jena_weather/10T/short|H=336|L=2048|Hsrc=controlled|Lsrc=controlled|origins=shared_origin_v1:Hmax=720,joint-scaling,release,standard_hl_shared_origin_v1,jena_weather/10T/short,Granite-PatchTST-FM-r1,patchtstfm,granite-timeseries-patchtst-fm-r1,257.895552,257.895552,336,controlled,shared_origin_v1:Hmax=720,720,720,2048,controlled,46944,51984,2048,2048,256,256,100,[],merged,2,21,56448,9144486.066630237,,100,,float32,native_horizon,336,,direct_full_horizon,1368.498263888889,1368.498263888889,9.1731898162911,0.6273901173310773,0.6891717068251573,0.6550119966606435,6.036315281067588,36.993219160933926,0.2283554504846987,0.05662518538243161,0.04584324625398873,0.6273901173310773,0.7997915522433136,0.784442040643375,-0.24278259017140474,0.04584324625398873,0.19237704941727043,0.2382989363484499,-1.4342293583853043,Nature,21
jena_weather/10T/short|H=336|L=4096|Hsrc=controlled|Lsrc=controlled|origins=shared_origin_v1:Hmax=720,joint-scaling,release,standard_hl_shared_origin_v1,jena_weather/10T/short,Granite-PatchTST-FM-r1,patchtstfm,granite-timeseries-patchtst-fm-r1,257.895552,257.895552,336,controlled,shared_origin_v1:Hmax=720,720,720,4096,controlled,46944,51984,4096,4096,256,256,100,[],merged,2,21,56448,9144486.066630237,,100,,float32,native_horizon,336,,direct_full_horizon,1285.668703939909,1285.668703939909,8.942210640766723,0.6310307437762094,0.6846606338976299,0.6507266643636621,6.123827687873603,35.85622266692225,0.22133688458320108,0.05519937398034756,0.044753065427481184,0.6310307437762094,0.7997915522433136,0.7889940097594785,-0.2369965503583935,0.044753065427481184,0.19237704941727043,0.23263203985632772,-1.4582973017959397,Nature,21
jena_weather/10T/short|H=336|L=6144|Hsrc=controlled|Lsrc=controlled|origins=shared_origin_v1:Hmax=720,joint-scaling-l6144,release,standard_hl_shared_origin_v1,jena_weather/10T/short,Granite-PatchTST-FM-r1,patchtstfm,granite-timeseries-patchtst-fm-r1,257.895552,257.895552,336,controlled,shared_origin_v1:Hmax=720,720,720,6144,controlled,46944,51984,6144,6144,256,256,100,[],merged,6,21,56448,9144486.066630237,,100,,float32,native_horizon,336,,direct_full_horizon,1279.7279454099348,1279.7279454099348,8.800180171352395,0.61068460471695,0.6659561667156939,0.6508758095116302,5.518007403603174,35.773285359468105,0.22082492086024724,0.0543226340652684,0.043998978486439175,0.61068460471695,0.7997915522433136,0.763554707478539,-0.26977050334946123,0.043998978486439175,0.19237704941727043,0.22871220147994023,-1.4752908279120007,Nature,21
jena_weather/10T/short|H=336|L=8192|Hsrc=controlled|Lsrc=controlled|origins=shared_origin_v1:Hmax=720,joint-scaling,release,standard_hl_shared_origin_v1,jena_weather/10T/short,Granite-PatchTST-FM-r1,patchtstfm,granite-timeseries-patchtst-fm-r1,257.895552,257.895552,336,controlled,shared_origin_v1:Hmax=720,720,720,8192,controlled,46944,51984,7856,7856,256,256,100,[],merged,2,21,56448,9144486.066630237,,100,,float32,native_horizon,336,,direct_full_horizon,1297.935834750567,1297.935834750567,8.88168646364796,0.6169393732684902,0.7264055535093316,0.6492304553250337,5.259291558946447,36.026876561125405,0.22239031404329207,0.05482576427444324,0.04451657285055235,0.6169393732684902,0.7997915522433136,0.7713752058746479,-0.2595803754478639,0.04451657285055235,0.19237704941727043,0.23140272181841626,-1.4635957018958157,Nature,21
jena_weather/10T/short|H=720|L=128|Hsrc=controlled|Lsrc=controlled|origins=shared_origin_v1:Hmax=720,joint-scaling,release,standard_hl_shared_origin_v1,jena_weather/10T/short,Granite-PatchTST-FM-r1,patchtstfm,granite-timeseries-patchtst-fm-r1,257.895552,257.895552,720,controlled,shared_origin_v1:Hmax=720,720,720,128,controlled,46944,51984,128,128,256,256,100,[],merged,2,21,120960,19767382.773850746,,100,,float32,native_horizon,720,,direct_full_horizon,2575.3310185185187,2575.3310185185187,13.277558697089948,0.7084207827281556,0.836011238049922,0.7198164036665013,7.598042745817395,50.747719343025835,0.3105339842891411,0.08124765520929587,0.07446953658522691,0.7084207827281556,0.7614923704178127,0.9303058182178003,-0.07224191009647021,0.07446953658522691,0.23719491326378092,0.31395924794732194,-1.1584920851037597,Nature,21
jena_weather/10T/short|H=720|L=256|Hsrc=controlled|Lsrc=controlled|origins=shared_origin_v1:Hmax=720,joint-scaling,release,standard_hl_shared_origin_v1,jena_weather/10T/short,Granite-PatchTST-FM-r1,patchtstfm,granite-timeseries-patchtst-fm-r1,257.895552,257.895552,720,controlled,shared_origin_v1:Hmax=720,720,720,256,controlled,46944,51984,256,256,256,256,100,[],merged,2,21,120960,19767382.773850746,,100,,float32,native_horizon,720,,direct_full_horizon,2134.358796296296,2134.358796296296,11.82028976521164,0.66306957212173,0.7944010049014797,0.6740606398809523,7.160504060565814,46.19912116367903,0.2827003331645411,0.0723303770841826,0.06778732160697823,0.66306957212173,0.7614923704178127,0.8707501189511847,-0.13840023312830144,0.06778732160697823,0.23719491326378092,0.285787417083405,-1.2525070414555695,Nature,21
jena_weather/10T/short|H=720|L=512|Hsrc=controlled|Lsrc=controlled|origins=shared_origin_v1:Hmax=720,joint-scaling,release,standard_hl_shared_origin_v1,jena_weather/10T/short,Granite-PatchTST-FM-r1,patchtstfm,granite-timeseries-patchtst-fm-r1,257.895552,257.895552,720,controlled,shared_origin_v1:Hmax=720,720,720,512,controlled,46944,51984,512,512,256,256,100,[],merged,2,21,120960,19767382.773850746,,100,,float32,native_horizon,720,,direct_full_horizon,1508.0142195767196,1508.0142195767196,9.85841083829365,0.6251828599403705,0.6702673562891636,0.6490465921068949,6.666551048034273,38.83315876382862,0.23762674795200872,0.060325303994085734,0.051357160732459224,0.6251828599403705,0.7614923704178127,0.8209968795844239,-0.19723597028671988,0.051357160732459224,0.23719491326378092,0.21651881157900588,-1.5300778458038475,Nature,21
jena_weather/10T/short|H=720|L=1024|Hsrc=controlled|Lsrc=controlled|origins=shared_origin_v1:Hmax=720,joint-scaling,release,standard_hl_shared_origin_v1,jena_weather/10T/short,Granite-PatchTST-FM-r1,patchtstfm,granite-timeseries-patchtst-fm-r1,257.895552,257.895552,720,controlled,shared_origin_v1:Hmax=720,720,720,1024,controlled,46944,51984,1024,1024,256,256,100,[],merged,2,21,120960,19767382.773850746,,100,,float32,native_horizon,720,,direct_full_horizon,1534.5196097883597,1534.5196097883597,9.95023716517857,0.6268950921283122,0.7239806666956854,0.6425447978670635,6.326240912253826,39.17294487000383,0.2397059573179205,0.06088720501189237,0.04996072729340239,0.6268950921283122,0.7614923704178127,0.8232454013746058,-0.19450094368161613,0.04996072729340239,0.23719491326378092,0.21063152917550895,-1.5576449793031102,Nature,21
jena_weather/10T/short|H=720|L=2048|Hsrc=controlled|Lsrc=controlled|origins=shared_origin_v1:Hmax=720,joint-scaling,release,standard_hl_shared_origin_v1,jena_weather/10T/short,Granite-PatchTST-FM-r1,patchtstfm,granite-timeseries-patchtst-fm-r1,257.895552,257.895552,720,controlled,shared_origin_v1:Hmax=720,720,720,2048,controlled,46944,51984,2048,2048,256,256,100,[],merged,2,21,120960,19767382.773850746,,100,,float32,native_horizon,720,,direct_full_horizon,1496.5229497354496,1496.5229497354496,9.904895729993386,0.6221721617795064,0.7135748620339378,0.6463708948206018,6.092401516904333,38.68491889270869,0.23671964279722882,0.06060975300609344,0.048967281229424925,0.6221721617795064,0.7614923704178127,0.8170431982636088,-0.20206331126826496,0.048967281229424925,0.23719491326378092,0.20644321817715014,-1.5777298769006687,Nature,21
jena_weather/10T/short|H=720|L=4096|Hsrc=controlled|Lsrc=controlled|origins=shared_origin_v1:Hmax=720,joint-scaling,release,standard_hl_shared_origin_v1,jena_weather/10T/short,Granite-PatchTST-FM-r1,patchtstfm,granite-timeseries-patchtst-fm-r1,257.895552,257.895552,720,controlled,shared_origin_v1:Hmax=720,720,720,4096,controlled,46944,51984,4096,4096,256,256,100,[],merged,2,21,120960,19767382.773850746,,100,,float32,native_horizon,720,,direct_full_horizon,1386.9271825396825,1386.9271825396825,9.66539455191799,0.6308445000047828,0.7325831811049877,0.639467689473793,6.116656902537922,37.24147127248979,0.22788693964480916,0.05914420428720472,0.047565000877141085,0.6308445000047828,0.7614923704178127,0.8284318064259178,-0.18822075518821946,0.047565000877141085,0.23719491326378092,0.20053128552653554,-1.606785006869273,Nature,21
jena_weather/10T/short|H=720|L=6144|Hsrc=controlled|Lsrc=controlled|origins=shared_origin_v1:Hmax=720,joint-scaling-l6144,release,standard_hl_shared_origin_v1,jena_weather/10T/short,Granite-PatchTST-FM-r1,patchtstfm,granite-timeseries-patchtst-fm-r1,257.895552,257.895552,720,controlled,shared_origin_v1:Hmax=720,720,720,6144,controlled,46944,51984,6144,6144,256,256,100,[],merged,6,21,120960,19767382.773850746,,100,,float32,native_horizon,720,,direct_full_horizon,1365.9643043154763,1365.9643043154763,9.514349720465443,0.6179414972464224,0.7655690534757681,0.6316146446914269,5.837899761959688,36.9589543184798,0.22615817002730296,0.05821993509985084,0.04700735334489875,0.6179414972464224,0.7614923704178127,0.8114874439350885,-0.20888636480882244,0.04700735334489875,0.23719491326378092,0.19818027586714126,-1.6185781783494195,Nature,21
jena_weather/10T/short|H=720|L=8192|Hsrc=controlled|Lsrc=controlled|origins=shared_origin_v1:Hmax=720,joint-scaling,release,standard_hl_shared_origin_v1,jena_weather/10T/short,Granite-PatchTST-FM-r1,patchtstfm,granite-timeseries-patchtst-fm-r1,257.895552,257.895552,720,controlled,shared_origin_v1:Hmax=720,720,720,8192,controlled,46944,51984,7472,7472,256,256,100,[],merged,2,21,120960,19767382.773850746,,100,,float32,native_horizon,720,,direct_full_horizon,1384.4874338624338,1384.4874338624338,9.61880890376984,0.6462122290079991,0.8485565546227417,0.6365670986276455,5.758811341320155,37.20870105045907,0.2276864130448953,0.058859138729236454,0.04785695186295889,0.6462122290079991,0.7614923704178127,0.848612874024513,-0.16415217543043537,0.04785695186295889,0.23719491326378092,0.20176213395326015,-1.6006658301300443,Nature,21
jena_weather/H/short|H=48|L=128|Hsrc=controlled|Lsrc=controlled|origins=shared_origin_v1:Hmax=720,joint-scaling,release,standard_hl_shared_origin_v1,jena_weather/H/short,Granite-PatchTST-FM-r1,patchtstfm,granite-timeseries-patchtst-fm-r1,257.895552,257.895552,48,controlled,shared_origin_v1:Hmax=720,720,720,128,controlled,7344,8064,128,128,256,256,100,[],merged,2,21,2016,331233.4168627397,,100,,float32,native_horizon,48,,direct_full_horizon,408.4860026041667,408.4860026041667,7.400399344308036,0.7779702162888611,1.9526892310023325,0.6262091682070777,5.9394876712236355,20.211036653377448,0.12301128998132908,0.045041364544167926,0.038682174445589475,0.7779702162888611,0.8929280908209436,0.8712574106315861,-0.13781781119713676,0.038682174445589475,0.16072236972671894,0.24067697926157966,-1.4242995795580935,Nature,21
jena_weather/H/short|H=48|L=256|Hsrc=controlled|Lsrc=controlled|origins=shared_origin_v1:Hmax=720,joint-scaling,release,standard_hl_shared_origin_v1,jena_weather/H/short,Granite-PatchTST-FM-r1,patchtstfm,granite-timeseries-patchtst-fm-r1,257.895552,257.895552,48,controlled,shared_origin_v1:Hmax=720,720,720,256,controlled,7344,8064,256,256,256,256,100,[],merged,2,21,2016,331233.4168627397,,100,,float32,native_horizon,48,,direct_full_horizon,691.138671875,691.138671875,8.581677875821553,0.6957718605968434,1.8753013669547596,0.6206718020968967,4.279688729031434,26.289516387240752,0.16000699910854693,0.05223103019471461,0.042998449947433084,0.6957718605968434,0.8929280908209436,0.7792025670926782,-0.24948423213578097,0.042998449947433084,0.16072236972671894,0.26753245376200363,-1.3185143975302722,Nature,21
jena_weather/H/short|H=48|L=512|Hsrc=controlled|Lsrc=controlled|origins=shared_origin_v1:Hmax=720,joint-scaling,release,standard_hl_shared_origin_v1,jena_weather/H/short,Granite-PatchTST-FM-r1,patchtstfm,granite-timeseries-patchtst-fm-r1,257.895552,257.895552,48,controlled,shared_origin_v1:Hmax=720,720,720,512,controlled,7344,8064,512,512,256,256,100,[],merged,2,21,2016,331233.4168627397,,100,,float32,native_horizon,48,,direct_full_horizon,714.2061011904761,714.2061011904761,8.515507047138517,0.7005305405273072,2.30868964392161,0.6225050668867808,4.133292749912301,26.72463472510852,0.1626552783113211,0.05182829187233007,0.042568219695004655,0.7005305405273072,0.8929280908209436,0.7845318651396115,-0.2426680892278217,0.042568219695004655,0.16072236972671894,0.26485560017180354,-1.3285705065226665,Nature,21
jena_weather/H/short|H=48|L=1024|Hsrc=controlled|Lsrc=controlled|origins=shared_origin_v1:Hmax=720,joint-scaling,release,standard_hl_shared_origin_v1,jena_weather/H/short,Granite-PatchTST-FM-r1,patchtstfm,granite-timeseries-patchtst-fm-r1,257.895552,257.895552,48,controlled,shared_origin_v1:Hmax=720,720,720,1024,controlled,7344,8064,1024,1024,256,256,100,[],merged,2,21,2016,331233.4168627397,,100,,float32,native_horizon,48,,direct_full_horizon,631.6763702876984,631.6763702876984,8.266945490761408,0.7032789971675033,2.217784411017478,0.6272303566100106,4.261016457981576,25.133172706359584,0.15296909549744342,0.05031546112474912,0.041825047060625786,0.7032789971675033,0.8929280908209436,0.7876098919913249,-0.23875237263209118,0.041825047060625786,0.16072236972671894,0.26023164747845723,-1.346183092788393,Nature,21
jena_weather/H/short|H=48|L=2048|Hsrc=controlled|Lsrc=controlled|origins=shared_origin_v1:Hmax=720,joint-scaling,release,standard_hl_shared_origin_v1,jena_weather/H/short,Granite-PatchTST-FM-r1,patchtstfm,granite-timeseries-patchtst-fm-r1,257.895552,257.895552,48,controlled,shared_origin_v1:Hmax=720,720,720,2048,controlled,7344,8064,2048,2048,256,256,100,[],merged,2,21,2016,331233.4168627397,,100,,float32,native_horizon,48,,direct_full_horizon,631.8658854166666,631.8658854166666,8.492447868226067,0.7205836988544814,2.2807466098510583,0.627420637342665,4.2684432128411816,25.136942642586163,0.15299204062026578,0.051687945813264524,0.04272303624257426,0.7205836988544814,0.8929280908209436,0.8069896179343943,-0.2144444758080854,0.04272303624257426,0.16072236972671894,0.26581885468225436,-1.3249401996196517,Nature,21
jena_weather/H/short|H=48|L=4096|Hsrc=controlled|Lsrc=controlled|origins=shared_origin_v1:Hmax=720,joint-scaling,release,standard_hl_shared_origin_v1,jena_weather/H/short,Granite-PatchTST-FM-r1,patchtstfm,granite-timeseries-patchtst-fm-r1,257.895552,257.895552,48,controlled,shared_origin_v1:Hmax=720,720,720,4096,controlled,7344,8064,4096,4096,256,256,100,[],merged,2,21,2016,331233.4168627397,,100,,float32,native_horizon,48,,direct_full_horizon,604.485367063492,604.485367063492,8.31756616017175,0.7148740802761421,2.3910698449796204,0.623708997453962,4.469766399011038,24.586284124761352,0.14964054431760002,0.050623555852925474,0.04230874659915086,0.7148740802761421,0.8929280908209436,0.8005953532259227,-0.22239963655501852,0.04230874659915086,0.16072236972671894,0.263241182114784,-1.3346846247692006,Nature,21
jena_weather/H/short|H=48|L=6144|Hsrc=controlled|Lsrc=controlled|origins=shared_origin_v1:Hmax=720,joint-scaling-l6144,release,standard_hl_shared_origin_v1,jena_weather/H/short,Granite-PatchTST-FM-r1,patchtstfm,granite-timeseries-patchtst-fm-r1,257.895552,257.895552,48,controlled,shared_origin_v1:Hmax=720,720,720,6144,controlled,7344,8064,6144,6144,256,256,100,[],merged,6,21,2016,331233.4168627397,,100,,float32,native_horizon,48,,direct_full_horizon,623.58594476609,623.58594476609,8.355335538349454,0.7013400308040969,2.2578012672550147,0.6210370290847051,4.579755248506052,24.97170288078268,0.15198633484652174,0.05085343322196461,0.042423128498248135,0.7013400308040969,0.8929280908209436,0.7854384222130321,-0.24151321746816862,0.042423128498248135,0.16072236972671894,0.26395285591160367,-1.3319847678748402,Nature,21
jena_weather/H/short|H=48|L=8192|Hsrc=controlled|Lsrc=controlled|origins=shared_origin_v1:Hmax=720,joint-scaling,release,standard_hl_shared_origin_v1,jena_weather/H/short,Granite-PatchTST-FM-r1,patchtstfm,granite-timeseries-patchtst-fm-r1,257.895552,257.895552,48,controlled,shared_origin_v1:Hmax=720,720,720,8192,controlled,7344,8064,7344,8064,256,256,100,[],merged,2,21,2016,331233.4168627397,,100,,float32,native_horizon,48,,direct_full_horizon,732.0320250496031,732.0320250496031,8.964471241784475,0.7211338189567666,2.892538147991274,0.6255501641167535,4.580068339700906,27.056090350410997,0.16467263074797667,0.054560841700722895,0.04445100894040049,0.7211338189567666,0.8929280908209436,0.8076057034937358,-0.2136813302928403,0.04445100894040049,0.16072236972671894,0.2765701440065989,-1.2852908048159537,Nature,21
jena_weather/H/short|H=96|L=128|Hsrc=controlled|Lsrc=controlled|origins=shared_origin_v1:Hmax=720,joint-scaling,release,standard_hl_shared_origin_v1,jena_weather/H/short,Granite-PatchTST-FM-r1,patchtstfm,granite-timeseries-patchtst-fm-r1,257.895552,257.895552,96,controlled,shared_origin_v1:Hmax=720,720,720,128,controlled,7344,8064,128,128,256,256,100,[],merged,2,21,4032,670747.2639028188,,100,,float32,native_horizon,96,,direct_full_horizon,688.896980406746,688.896980406746,9.886665949745783,1.1667813756415526,1.7813990601045357,0.6673263670906188,12.00631190482957,26.246847056489393,0.15777520539703316,0.05943078601234601,0.0515559996322771,1.1667813756415526,1.1124114209687321,1.04887576093517,0.04771888668529245,0.0515559996322771,0.19834110075816852,0.2599360366318518,-1.3473196911871765,Nature,21
jena_weather/H/short|H=96|L=256|Hsrc=controlled|Lsrc=controlled|origins=shared_origin_v1:Hmax=720,joint-scaling,release,standard_hl_shared_origin_v1,jena_weather/H/short,Granite-PatchTST-FM-r1,patchtstfm,granite-timeseries-patchtst-fm-r1,257.895552,257.895552,96,controlled,shared_origin_v1:Hmax=720,720,720,256,controlled,7344,8064,256,256,256,256,100,[],merged,2,21,4032,670747.2639028188,,100,,float32,native_horizon,96,,direct_full_horizon,771.3906870039683,771.3906870039683,10.322305830698165,0.9964465125385163,1.6626209573706587,0.6516335199749659,9.067828245671931,27.773920987213316,0.16695476142362461,0.06204950709333799,0.05218621642552196,0.9964465125385163,1.1124114209687321,0.8957535797958377,-0.11008992638213161,0.05218621642552196,0.19834110075816852,0.2631134758556729,-1.3351698727277135,Nature,21
jena_weather/H/short|H=96|L=512|Hsrc=controlled|Lsrc=controlled|origins=shared_origin_v1:Hmax=720,joint-scaling,release,standard_hl_shared_origin_v1,jena_weather/H/short,Granite-PatchTST-FM-r1,patchtstfm,granite-timeseries-patchtst-fm-r1,257.895552,257.895552,96,controlled,shared_origin_v1:Hmax=720,720,720,512,controlled,7344,8064,512,512,256,256,100,[],merged,2,21,4032,670747.2639028188,,100,,float32,native_horizon,96,,direct_full_horizon,978.0926959325396,978.0926959325396,10.655819847470237,0.9516405195865419,1.8724306348507544,0.647442378695049,7.361828333346564,31.274473551644952,0.1879973041209487,0.06405432856335122,0.05196887743545877,0.9516405195865419,1.1124114209687321,0.8554753229320636,-0.15609803126514393,0.05196887743545877,0.19834110075816852,0.26201769192973723,-1.3393432510514696,Nature,21
jena_weather/H/short|H=96|L=1024|Hsrc=controlled|Lsrc=controlled|origins=shared_origin_v1:Hmax=720,joint-scaling,release,standard_hl_shared_origin_v1,jena_weather/H/short,Granite-PatchTST-FM-r1,patchtstfm,granite-timeseries-patchtst-fm-r1,257.895552,257.895552,96,controlled,shared_origin_v1:Hmax=720,720,720,1024,controlled,7344,8064,1024,1024,256,256,100,[],merged,2,21,4032,670747.2639028188,,100,,float32,native_horizon,96,,direct_full_horizon,1138.4674479166667,1138.4674479166667,11.011986626519096,0.9426696985778587,1.9121746217196807,0.653113289484902,7.021973905825605,33.74118326195255,0.20282520441544952,0.06619532045464735,0.052903863587592845,0.9426696985778587,1.1124114209687321,0.8474110215058241,-0.16556943461296064,0.052903863587592845,0.19834110075816852,0.2667317232049497,-1.3215119077176523,Nature,21
jena_weather/H/short|H=96|L=2048|Hsrc=controlled|Lsrc=controlled|origins=shared_origin_v1:Hmax=720,joint-scaling,release,standard_hl_shared_origin_v1,jena_weather/H/short,Granite-PatchTST-FM-r1,patchtstfm,granite-timeseries-patchtst-fm-r1,257.895552,257.895552,96,controlled,shared_origin_v1:Hmax=720,720,720,2048,controlled,7344,8064,2048,2048,256,256,100,[],merged,2,21,4032,670747.2639028188,,100,,float32,native_horizon,96,,direct_full_horizon,1172.275607638889,1172.275607638889,11.202321370442709,0.9626718521059547,2.0052414739525006,0.6553629012334914,6.834322608890378,34.23851059317401,0.2058147414697154,0.06733946181578332,0.053593787646229504,0.9626718521059547,1.1124114209687321,0.8653919170189944,-0.1445727914025313,0.053593787646229504,0.19834110075816852,0.2702101956748482,-1.3085551203602124,Nature,21
jena_weather/H/short|H=96|L=4096|Hsrc=controlled|Lsrc=controlled|origins=shared_origin_v1:Hmax=720,joint-scaling,release,standard_hl_shared_origin_v1,jena_weather/H/short,Granite-PatchTST-FM-r1,patchtstfm,granite-timeseries-patchtst-fm-r1,257.895552,257.895552,96,controlled,shared_origin_v1:Hmax=720,720,720,4096,controlled,7344,8064,4096,4096,256,256,100,[],merged,2,21,4032,670747.2639028188,,100,,float32,native_horizon,96,,direct_full_horizon,1072.663101438492,1072.663101438492,10.846740238250248,0.9506282962525474,2.241629475568159,0.6514879559713697,7.095892880629935,32.75153586381091,0.196876230004299,0.06520199036840411,0.05218088706510854,0.9506282962525474,1.1124114209687321,0.8545653868104864,-0.15716225880344092,0.05218088706510854,0.19834110075816852,0.2630866061832094,-1.3352719999352303,Nature,21
jena_weather/H/short|H=96|L=6144|Hsrc=controlled|Lsrc=controlled|origins=shared_origin_v1:Hmax=720,joint-scaling-l6144,release,standard_hl_shared_origin_v1,jena_weather/H/short,Granite-PatchTST-FM-r1,patchtstfm,granite-timeseries-patchtst-fm-r1,257.895552,257.895552,96,controlled,shared_origin_v1:Hmax=720,720,720,6144,controlled,7344,8064,6144,6144,256,256,100,[],merged,6,21,4032,670747.2639028188,,100,,float32,native_horizon,96,,direct_full_horizon,935.7686341300844,935.7686341300844,10.362689366416326,0.8950701394404617,2.023993238434376,0.6390581963554262,6.649259805138887,30.59033563284464,0.18388481013543087,0.06229226084691754,0.05048901768720581,0.8950701394404617,1.1124114209687321,0.804621493962188,-0.21738330597514938,0.05048901768720581,0.19834110075816852,0.2545565064134921,-1.3682324385067441,Nature,21
jena_weather/H/short|H=96|L=8192|Hsrc=controlled|Lsrc=controlled|origins=shared_origin_v1:Hmax=720,joint-scaling,release,standard_hl_shared_origin_v1,jena_weather/H/short,Granite-PatchTST-FM-r1,patchtstfm,granite-timeseries-patchtst-fm-r1,257.895552,257.895552,96,controlled,shared_origin_v1:Hmax=720,720,720,8192,controlled,7344,8064,7344,8064,256,256,100,[],merged,2,21,4032,670747.2639028188,,100,,float32,native_horizon,96,,direct_full_horizon,1094.1811135912699,1094.1811135912699,11.063460092695932,0.890085517146089,2.536342436013551,0.6453647613525391,5.717317710545474,33.078408571019104,0.19884112919418878,0.0665047380651157,0.052105072791716465,0.890085517146089,1.1124114209687321,0.8001405778187418,-0.22296784447813275,0.052105072791716465,0.19834110075816852,0.2627043643125015,-1.3367259691340039,Nature,21
jena_weather/H/short|H=192|L=128|Hsrc=controlled|Lsrc=controlled|origins=shared_origin_v1:Hmax=720,joint-scaling,release,standard_hl_shared_origin_v1,jena_weather/H/short,Granite-PatchTST-FM-r1,patchtstfm,granite-timeseries-patchtst-fm-r1,257.895552,257.895552,192,controlled,shared_origin_v1:Hmax=720,720,720,128,controlled,7344,8064,128,128,256,256,100,[],merged,2,21,8064,1349853.3219126405,,100,,float32,native_horizon,192,,direct_full_horizon,1048.9691530257937,1048.9691530257937,11.90833003937252,1.2354235757558365,3.964283253709403,0.7042145501999628,12.267076919105058,32.38779327193802,0.19348410727681337,0.07114015417722161,0.060572616209153114,1.2354235757558365,1.2442303483332282,0.9929219114537841,-0.007103257048525659,0.060572616209153114,0.24899536052535107,0.24326805158679254,-1.4135913506518032,Nature,21
jena_weather/H/short|H=192|L=256|Hsrc=controlled|Lsrc=controlled|origins=shared_origin_v1:Hmax=720,joint-scaling,release,standard_hl_shared_origin_v1,jena_weather/H/short,Granite-PatchTST-FM-r1,patchtstfm,granite-timeseries-patchtst-fm-r1,257.895552,257.895552,192,controlled,shared_origin_v1:Hmax=720,720,720,256,controlled,7344,8064,256,256,256,256,100,[],merged,2,21,8064,1349853.3219126405,,100,,float32,native_horizon,192,,direct_full_horizon,1101.450954861111,1101.450954861111,12.06518312484499,1.1400771474042406,3.7049202353388946,0.693679688468812,9.800246112077586,33.1881146626486,0.19826521318656185,0.07207719175065054,0.06117076413956144,1.1400771474042406,1.2442303483332282,0.9162910621264694,-0.08742121136775471,0.06117076413956144,0.24899536052535107,0.2456702968701838,-1.4037648986222573,Nature,21
jena_weather/H/short|H=192|L=512|Hsrc=controlled|Lsrc=controlled|origins=shared_origin_v1:Hmax=720,joint-scaling,release,standard_hl_shared_origin_v1,jena_weather/H/short,Granite-PatchTST-FM-r1,patchtstfm,granite-timeseries-patchtst-fm-r1,257.895552,257.895552,192,controlled,shared_origin_v1:Hmax=720,720,720,512,controlled,7344,8064,512,512,256,256,100,[],merged,2,21,8064,1349853.3219126405,,100,,float32,native_horizon,192,,direct_full_horizon,1328.8587549603174,1328.8587549603174,12.372260199652779,1.0515776694984975,3.5451880169008803,0.6726278274778336,8.151408291842818,36.453514987725356,0.21777265728730918,0.07391166479379667,0.06060480768296851,1.0515776694984975,1.2442303483332282,0.845163173287962,-0.1682255657844387,0.06060480768296851,0.24899536052535107,0.24339733702306526,-1.4130600392319244,Nature,21
jena_weather/H/short|H=192|L=1024|Hsrc=controlled|Lsrc=controlled|origins=shared_origin_v1:Hmax=720,joint-scaling,release,standard_hl_shared_origin_v1,jena_weather/H/short,Granite-PatchTST-FM-r1,patchtstfm,granite-timeseries-patchtst-fm-r1,257.895552,257.895552,192,controlled,shared_origin_v1:Hmax=720,720,720,1024,controlled,7344,8064,1024,1024,256,256,100,[],merged,2,21,8064,1349853.3219126405,,100,,float32,native_horizon,192,,direct_full_horizon,1610.4017857142858,1610.4017857142858,13.197762625558036,1.0462631488330698,3.5132405894947336,0.6796933431473989,7.88176160928275,40.12981168301548,0.239734789075683,0.07884320176484161,0.06270621832385359,1.0462631488330698,1.2442303483332282,0.8408918414782638,-0.17329223432108712,0.06270621832385359,0.24899536052535107,0.2518368944367108,-1.3789736453224977,Nature,21
jena_weather/H/short|H=192|L=2048|Hsrc=controlled|Lsrc=controlled|origins=shared_origin_v1:Hmax=720,joint-scaling,release,standard_hl_shared_origin_v1,jena_weather/H/short,Granite-PatchTST-FM-r1,patchtstfm,granite-timeseries-patchtst-fm-r1,257.895552,257.895552,192,controlled,shared_origin_v1:Hmax=720,720,720,2048,controlled,7344,8064,2048,2048,256,256,100,[],merged,2,21,8064,1349853.3219126405,,100,,float32,native_horizon,192,,direct_full_horizon,1769.5365203373017,1769.5365203373017,13.482570103236608,1.0594866773411897,3.607968961269377,0.685196043953063,7.157387849290352,42.065859320086425,0.2513007036027656,0.08054463662647958,0.06268677665085776,1.0594866773411897,1.2442303483332282,0.8515197196085748,-0.16073262047629566,0.06268677665085776,0.24899536052535107,0.2517588139738668,-1.3792837371766007,Nature,21
jena_weather/H/short|H=192|L=4096|Hsrc=controlled|Lsrc=controlled|origins=shared_origin_v1:Hmax=720,joint-scaling,release,standard_hl_shared_origin_v1,jena_weather/H/short,Granite-PatchTST-FM-r1,patchtstfm,granite-timeseries-patchtst-fm-r1,257.895552,257.895552,192,controlled,shared_origin_v1:Hmax=720,720,720,4096,controlled,7344,8064,4096,4096,256,256,100,[],merged,2,21,8064,1349853.3219126405,,100,,float32,native_horizon,192,,direct_full_horizon,1655.2175719246031,1655.2175719246031,13.180473206535218,1.0298864901697242,3.9104113807894625,0.6762968093629868,7.613868501986431,40.68436520242884,0.24304768204557467,0.07873991507973536,0.061377501853562645,1.0298864901697242,1.2442303483332282,0.8277297620568095,-0.1890685521960943,0.061377501853562645,0.24899536052535107,0.24650058428423446,-1.4003909151807634,Nature,21
jena_weather/H/short|H=192|L=6144|Hsrc=controlled|Lsrc=controlled|origins=shared_origin_v1:Hmax=720,joint-scaling-l6144,release,standard_hl_shared_origin_v1,jena_weather/H/short,Granite-PatchTST-FM-r1,patchtstfm,granite-timeseries-patchtst-fm-r1,257.895552,257.895552,192,controlled,shared_origin_v1:Hmax=720,720,720,6144,controlled,7344,8064,6144,6144,256,256,100,[],merged,6,21,8064,1349853.3219126405,,100,,float32,native_horizon,192,,direct_full_horizon,1320.2044406467014,1320.2044406467014,12.249591403537327,0.9666766816711689,3.6963116780386702,0.6662509025089325,7.0344949667657275,36.334617662041,0.21706236675517926,0.0731788435636549,0.058335615844617876,0.9666766816711689,1.2442303483332282,0.7769274258308597,-0.2524083360259126,0.058335615844617876,0.24899536052535107,0.2342839469841388,-1.4512214506080408,Nature,21
jena_weather/H/short|H=192|L=8192|Hsrc=controlled|Lsrc=controlled|origins=shared_origin_v1:Hmax=720,joint-scaling,release,standard_hl_shared_origin_v1,jena_weather/H/short,Granite-PatchTST-FM-r1,patchtstfm,granite-timeseries-patchtst-fm-r1,257.895552,257.895552,192,controlled,shared_origin_v1:Hmax=720,720,720,8192,controlled,7344,8064,7344,8000,256,256,100,[],merged,2,21,8064,1349853.3219126405,,100,,float32,native_horizon,192,,direct_full_horizon,1508.3275049603174,1508.3275049603174,12.841263059585813,0.9179652639166678,4.237021248490858,0.6613760448637462,6.106245281624036,38.83719228986974,0.23201270355934134,0.07671347962886418,0.059830892387872994,0.9179652639166678,1.2442303483332282,0.7377775868804154,-0.3041128725943353,0.059830892387872994,0.24899536052535107,0.2402891855560554,-1.4259121411806133,Nature,21
jena_weather/H/short|H=336|L=128|Hsrc=controlled|Lsrc=controlled|origins=shared_origin_v1:Hmax=720,joint-scaling,release,standard_hl_shared_origin_v1,jena_weather/H/short,Granite-PatchTST-FM-r1,patchtstfm,granite-timeseries-patchtst-fm-r1,257.895552,257.895552,336,controlled,shared_origin_v1:Hmax=720,720,720,128,controlled,7344,8064,128,128,256,256,100,[],merged,2,21,14112,2353072.8469861536,,100,,float32,native_horizon,336,,direct_full_horizon,1060.0879747732426,1060.0879747732426,11.65929096247874,1.1978166683312022,3.197203814958462,0.6984705849299355,9.390615514929754,32.558992226007895,0.19526488475778458,0.06992385054004585,0.0589365396274247,1.1978166683312022,1.1513268748449759,1.040379317552616,0.0395853750720179,0.0589365396274247,0.3039908079990565,0.19387605834321026,-1.6405361986056324,Nature,21
jena_weather/H/short|H=336|L=256|Hsrc=controlled|Lsrc=controlled|origins=shared_origin_v1:Hmax=720,joint-scaling,release,standard_hl_shared_origin_v1,jena_weather/H/short,Granite-PatchTST-FM-r1,patchtstfm,granite-timeseries-patchtst-fm-r1,257.895552,257.895552,336,controlled,shared_origin_v1:Hmax=720,720,720,256,controlled,7344,8064,256,256,256,256,100,[],merged,2,21,14112,2353072.8469861536,,100,,float32,native_horizon,336,,direct_full_horizon,1381.138180272109,1381.138180272109,12.393801596159298,1.063686409075115,2.8349390036447017,0.6784016096673045,8.443894406709806,37.16366747607277,0.22288033967756926,0.07432890500989628,0.06195700303865799,1.063686409075115,1.1513268748449759,0.923878728374458,-0.07917446230199773,0.06195700303865799,0.3039908079990565,0.20381209368294548,-1.5905568190171906,Nature,21
jena_weather/H/short|H=336|L=512|Hsrc=controlled|Lsrc=controlled|origins=shared_origin_v1:Hmax=720,joint-scaling,release,standard_hl_shared_origin_v1,jena_weather/H/short,Granite-PatchTST-FM-r1,patchtstfm,granite-timeseries-patchtst-fm-r1,257.895552,257.895552,336,controlled,shared_origin_v1:Hmax=720,720,720,512,controlled,7344,8064,512,512,256,256,100,[],merged,2,21,14112,2353072.8469861536,,100,,float32,native_horizon,336,,direct_full_horizon,1393.6441326530612,1393.6441326530612,11.90113356540533,0.9325777178055118,2.721969723588895,0.641377559324511,7.569108696449824,37.331543400361326,0.2238871359807923,0.07137424457135316,0.05958507612464882,0.9325777178055118,1.1513268748449759,0.8100025615497612,-0.21071786891354036,0.05958507612464882,0.3039908079990565,0.19600946659161406,-1.6295923219811694,Nature,21
jena_weather/H/short|H=336|L=1024|Hsrc=controlled|Lsrc=controlled|origins=shared_origin_v1:Hmax=720,joint-scaling,release,standard_hl_shared_origin_v1,jena_weather/H/short,Granite-PatchTST-FM-r1,patchtstfm,granite-timeseries-patchtst-fm-r1,257.895552,257.895552,336,controlled,shared_origin_v1:Hmax=720,720,720,1024,controlled,7344,8064,1024,1024,256,256,100,[],merged,2,21,14112,2353072.8469861536,,100,,float32,native_horizon,336,,direct_full_horizon,1593.7534722222222,1593.7534722222222,12.712819209715136,0.9639636087791559,2.667941466029212,0.6614941101766227,7.455734553723232,39.92184204445258,0.23942184180693576,0.07624213798450061,0.06086286583003557,0.9639636087791559,1.1513268748449759,0.8372631872325155,-0.1776168167809042,0.06086286583003557,0.3039908079990565,0.20021284929847113,-1.6083742318505676,Nature,21
jena_weather/H/short|H=336|L=2048|Hsrc=controlled|Lsrc=controlled|origins=shared_origin_v1:Hmax=720,joint-scaling,release,standard_hl_shared_origin_v1,jena_weather/H/short,Granite-PatchTST-FM-r1,patchtstfm,granite-timeseries-patchtst-fm-r1,257.895552,257.895552,336,controlled,shared_origin_v1:Hmax=720,720,720,2048,controlled,7344,8064,2048,2048,256,256,100,[],merged,2,21,14112,2353072.8469861536,,100,,float32,native_horizon,336,,direct_full_horizon,1654.6432114512472,1654.6432114512472,12.678119131767291,0.9767569977632328,2.7833143596967687,0.6704758624641263,6.779672271132237,40.67730585291075,0.2439525580058059,0.07603403244258031,0.05931232062070383,0.9767569977632328,1.1513268748449759,0.848375052388794,-0.16443246220628613,0.05931232062070383,0.3039908079990565,0.19511221740917878,-1.6341804120467673,Nature,21
jena_weather/H/short|H=336|L=4096|Hsrc=controlled|Lsrc=controlled|origins=shared_origin_v1:Hmax=720,joint-scaling,release,standard_hl_shared_origin_v1,jena_weather/H/short,Granite-PatchTST-FM-r1,patchtstfm,granite-timeseries-patchtst-fm-r1,257.895552,257.895552,336,controlled,shared_origin_v1:Hmax=720,720,720,4096,controlled,7344,8064,4096,4096,256,256,100,[],merged,2,21,14112,2353072.8469861536,,100,,float32,native_horizon,336,,direct_full_horizon,1583.3990929705215,1583.3990929705215,12.344508441397393,0.9258392826598727,3.1980532203619054,0.6502041113890218,7.2625898051779405,39.79194758956291,0.23864283041774273,0.07403328092801076,0.05816659582603623,0.9258392826598727,1.1513268748449759,0.8041498056618676,-0.2179697017095174,0.05816659582603623,0.3039908079990565,0.19134327188674982,-1.6536862290207344,Nature,21
jena_weather/H/short|H=336|L=6144|Hsrc=controlled|Lsrc=controlled|origins=shared_origin_v1:Hmax=720,joint-scaling-l6144,release,standard_hl_shared_origin_v1,jena_weather/H/short,Granite-PatchTST-FM-r1,patchtstfm,granite-timeseries-patchtst-fm-r1,257.895552,257.895552,336,controlled,shared_origin_v1:Hmax=720,720,720,6144,controlled,7344,8064,6144,6144,256,256,100,[],merged,6,21,14112,2353072.8469861536,,100,,float32,native_horizon,336,,direct_full_horizon,1271.094746492347,1271.094746492347,11.53027772795316,0.875168225045294,3.0660143798477555,0.6483589397266067,6.757131759586019,35.65241571748466,0.21381696331652245,0.06915012406236502,0.05568356114981415,0.875168225045294,1.1513268748449759,0.760138796519567,-0.2742542353766105,0.05568356114981415,0.3039908079990565,0.18317514768402793,-1.6973124926908882,Nature,21
jena_weather/H/short|H=336|L=8192|Hsrc=controlled|Lsrc=controlled|origins=shared_origin_v1:Hmax=720,joint-scaling,release,standard_hl_shared_origin_v1,jena_weather/H/short,Granite-PatchTST-FM-r1,patchtstfm,granite-timeseries-patchtst-fm-r1,257.895552,257.895552,336,controlled,shared_origin_v1:Hmax=720,720,720,8192,controlled,7344,8064,7344,7856,256,256,100,[],merged,2,21,14112,2353072.8469861536,,100,,float32,native_horizon,336,,direct_full_horizon,1561.1529903628118,1561.1529903628118,12.459345880279194,0.8121125297074451,3.5933078198613235,0.6318542065263606,6.0211752079853555,39.511428604428005,0.236960483896557,0.0747219914112309,0.057511832372053685,0.8121125297074451,1.1513268748449759,0.7053709484691691,-0.34903144650635975,0.057511832372053685,0.3039908079990565,0.18918937960858406,-1.6650067570869018,Nature,21
jena_weather/H/short|H=720|L=128|Hsrc=controlled|Lsrc=controlled|origins=shared_origin_v1:Hmax=720,joint-scaling,release,standard_hl_shared_origin_v1,jena_weather/H/short,Granite-PatchTST-FM-r1,patchtstfm,granite-timeseries-patchtst-fm-r1,257.895552,257.895552,720,controlled,shared_origin_v1:Hmax=720,720,720,128,controlled,7344,8064,128,128,256,256,100,[],merged,2,21,30240,5022331.19659215,,100,,float32,native_horizon,720,,direct_full_horizon,1227.4295634920634,1227.4295634920634,11.992316158234127,1.1657949691508445,2.6075969156681302,0.7086662817253637,8.905549604756262,35.03469085766368,0.21094766754025057,0.07220703422965628,0.06093882769413392,1.1657949691508445,1.2677178475879953,0.91960129090943,-0.08381508232133597,0.06093882769413392,0.4191434094146837,0.14538896789342926,-1.928342590946803,Nature,21
jena_weather/H/short|H=720|L=256|Hsrc=controlled|Lsrc=controlled|origins=shared_origin_v1:Hmax=720,joint-scaling,release,standard_hl_shared_origin_v1,jena_weather/H/short,Granite-PatchTST-FM-r1,patchtstfm,granite-timeseries-patchtst-fm-r1,257.895552,257.895552,720,controlled,shared_origin_v1:Hmax=720,720,720,256,controlled,7344,8064,256,256,256,256,100,[],merged,2,21,30240,5022331.19659215,,100,,float32,native_horizon,720,,direct_full_horizon,1607.4646164021165,1607.4646164021165,12.881966662533069,1.1496284497265619,2.441692152556734,0.6980372514674272,8.995049993796721,40.09319912905575,0.2414054936252152,0.0775637162557749,0.06532267867998737,1.1496284497265619,1.2677178475879953,0.9068488322649125,-0.09777951060226799,0.06532267867998737,0.4191434094146837,0.15584803962731458,-1.8588738514342698,Nature,21
jena_weather/H/short|H=720|L=512|Hsrc=controlled|Lsrc=controlled|origins=shared_origin_v1:Hmax=720,joint-scaling,release,standard_hl_shared_origin_v1,jena_weather/H/short,Granite-PatchTST-FM-r1,patchtstfm,granite-timeseries-patchtst-fm-r1,257.895552,257.895552,720,controlled,shared_origin_v1:Hmax=720,720,720,512,controlled,7344,8064,512,512,256,256,100,[],merged,2,21,30240,5022331.19659215,,100,,float32,native_horizon,720,,direct_full_horizon,1406.7496693121693,1406.7496693121693,11.867276372354498,1.0177003311358146,2.1066351671677537,0.6648119406725364,7.507159077534665,37.50666166579171,0.22583167146426777,0.07145415613838949,0.06100848854534451,1.0177003311358146,1.2677178475879953,0.8027814178621269,-0.21967280898687683,0.06100848854534451,0.4191434094146837,0.1455551660242978,-1.9272001162956867,Nature,21
jena_weather/H/short|H=720|L=1024|Hsrc=controlled|Lsrc=controlled|origins=shared_origin_v1:Hmax=720,joint-scaling,release,standard_hl_shared_origin_v1,jena_weather/H/short,Granite-PatchTST-FM-r1,patchtstfm,granite-timeseries-patchtst-fm-r1,257.895552,257.895552,720,controlled,shared_origin_v1:Hmax=720,720,720,1024,controlled,7344,8064,1024,1024,256,256,100,[],merged,2,21,30240,5022331.19659215,,100,,float32,native_horizon,720,,direct_full_horizon,1430.1872354497355,1430.1872354497355,12.35199756117725,1.093455452851745,2.0827319844744614,0.6981382016782407,7.958238695205081,37.817816376011656,0.2277051676692643,0.07437271490646635,0.060576130263001966,1.093455452851745,1.2677178475879953,0.8625385017117113,-0.14787549140719022,0.060576130263001966,0.4191434094146837,0.14452363773915475,-1.9343122018379562,Nature,21
jena_weather/H/short|H=720|L=2048|Hsrc=controlled|Lsrc=controlled|origins=shared_origin_v1:Hmax=720,joint-scaling,release,standard_hl_shared_origin_v1,jena_weather/H/short,Granite-PatchTST-FM-r1,patchtstfm,granite-timeseries-patchtst-fm-r1,257.895552,257.895552,720,controlled,shared_origin_v1:Hmax=720,720,720,2048,controlled,7344,8064,2048,2048,256,256,100,[],merged,2,21,30240,5022331.19659215,,100,,float32,native_horizon,720,,direct_full_horizon,1433.8507275132274,1433.8507275132274,12.172939918154762,1.1033123926875719,2.2222696180350296,0.6991648194651124,7.191244478445601,37.86622145809147,0.22799661991022502,0.07329458944778014,0.05908614841024357,1.1033123926875719,1.2677178475879953,0.8703138437206457,-0.13890139247571653,0.05908614841024357,0.4191434094146837,0.14096881182685161,-1.9592166057880502,Nature,21
jena_weather/H/short|H=720|L=4096|Hsrc=controlled|Lsrc=controlled|origins=shared_origin_v1:Hmax=720,joint-scaling,release,standard_hl_shared_origin_v1,jena_weather/H/short,Granite-PatchTST-FM-r1,patchtstfm,granite-timeseries-patchtst-fm-r1,257.895552,257.895552,720,controlled,shared_origin_v1:Hmax=720,720,720,4096,controlled,7344,8064,4096,4096,256,256,100,[],merged,2,21,30240,5022331.19659215,,100,,float32,native_horizon,720,,direct_full_horizon,1361.443783068783,1361.443783068783,11.595812665343916,0.9983731942127119,2.4175572682825917,0.67186279296875,7.292482796091389,36.89774766931964,0.22216533435256758,0.06981964376183213,0.05722622301461692,0.9983731942127119,1.2677178475879953,0.7875358038953636,-0.23884644405190894,0.05722622301461692,0.4191434094146837,0.136531367854575,-1.9912008896249407,Nature,21
jena_weather/H/short|H=720|L=6144|Hsrc=controlled|Lsrc=controlled|origins=shared_origin_v1:Hmax=720,joint-scaling-l6144,release,standard_hl_shared_origin_v1,jena_weather/H/short,Granite-PatchTST-FM-r1,patchtstfm,granite-timeseries-patchtst-fm-r1,257.895552,257.895552,720,controlled,shared_origin_v1:Hmax=720,720,720,6144,controlled,7344,8064,6144,6144,256,256,100,[],merged,6,21,30240,5022331.19659215,,100,,float32,native_horizon,720,,direct_full_horizon,1189.6428054728835,1189.6428054728835,11.100245561549272,0.9117730968068555,2.399047429391574,0.6623598532701926,6.849930318677363,34.491198956732184,0.20767524395032078,0.0668357805652117,0.05601720997384856,0.9117730968068555,1.2677178475879953,0.7192239965238536,-0.32958243080312816,0.05601720997384856,0.4191434094146837,0.13364688246458237,-2.012554162785374,Nature,21
jena_weather/H/short|H=720|L=8192|Hsrc=controlled|Lsrc=controlled|origins=shared_origin_v1:Hmax=720,joint-scaling,release,standard_hl_shared_origin_v1,jena_weather/H/short,Granite-PatchTST-FM-r1,patchtstfm,granite-timeseries-patchtst-fm-r1,257.895552,257.895552,720,controlled,shared_origin_v1:Hmax=720,720,720,8192,controlled,7344,8064,7344,7472,256,256,100,[],merged,2,21,30240,5022331.19659215,,100,,float32,native_horizon,720,,direct_full_horizon,1270.7849206349206,1270.7849206349206,11.004928798776454,0.7931100439628428,2.7178685382488257,0.6393841778790509,6.020850203998422,35.64807036341407,0.2146408919668829,0.06626186801475986,0.05306467189840234,0.7931100439628428,1.2677178475879953,0.6256203188050417,-0.4690116113701494,0.05306467189840234,0.4191434094146837,0.12660266320900748,-2.0667017330872612,Nature,21
kdd_cup_2018/H/short|H=48|L=128|Hsrc=controlled|Lsrc=controlled|origins=shared_origin_v1:Hmax=720,joint-scaling,release,standard_hl_shared_origin_v1,kdd_cup_2018/H/short,Granite-PatchTST-FM-r1,patchtstfm,granite-timeseries-patchtst-fm-r1,257.895552,257.895552,48,controlled,shared_origin_v1:Hmax=720,720,720,128,controlled,8064,10200,128,128,256,256,100,[],merged,2,270,23531,1125444.1999045536,,100,,float32,native_horizon,48,,direct_full_horizon,1863.659063442905,1863.659063442905,23.738852512709297,1.1352613819823192,0.8809246596682454,0.5826383994928731,7.881362389929848,43.1701177140265,0.9026089787613711,0.49633641412336216,0.37927932046240465,1.1352613819823192,1.478995375991201,0.7675895411244837,-0.2645001403654893,0.37927932046240465,0.5363321992970804,0.7071723848754372,-0.34648081695698096,Nature,1
kdd_cup_2018/H/short|H=48|L=256|Hsrc=controlled|Lsrc=controlled|origins=shared_origin_v1:Hmax=720,joint-scaling,release,standard_hl_shared_origin_v1,kdd_cup_2018/H/short,Granite-PatchTST-FM-r1,patchtstfm,granite-timeseries-patchtst-fm-r1,257.895552,257.895552,48,controlled,shared_origin_v1:Hmax=720,720,720,256,controlled,8064,10200,256,256,256,256,100,[],merged,2,270,23531,1125444.1999045536,,100,,float32,native_horizon,48,,direct_full_horizon,2088.897990948111,2088.897990948111,25.274468553450767,1.1965024922714473,0.9004563306916661,0.6145797002574397,7.0677498091737565,45.70446357794948,0.9555975609843096,0.5284433644792768,0.4023579122294425,1.1965024922714473,1.478995375991201,0.8089967769301301,-0.21196034594872612,0.4023579122294425,0.5363321992970804,0.7502027899066562,-0.28741172245742586,Nature,1
kdd_cup_2018/H/short|H=48|L=512|Hsrc=controlled|Lsrc=controlled|origins=shared_origin_v1:Hmax=720,joint-scaling,release,standard_hl_shared_origin_v1,kdd_cup_2018/H/short,Granite-PatchTST-FM-r1,patchtstfm,granite-timeseries-patchtst-fm-r1,257.895552,257.895552,48,controlled,shared_origin_v1:Hmax=720,720,720,512,controlled,8064,10200,512,512,256,256,100,[],merged,2,270,23531,1125444.1999045536,,100,,float32,native_horizon,48,,direct_full_horizon,2079.1302729643876,2079.1302729643876,25.278466977404808,1.2051120148126606,0.8742502184923007,0.621566336050881,7.951723383133294,45.597480993629325,0.9533607488954907,0.5285269642828658,0.3970084392359942,1.2051120148126606,1.478995375991201,0.8148179733185523,-0.2047905363080302,0.3970084392359942,0.5363321992970804,0.7402286115887046,-0.30079620591505224,Nature,1
kdd_cup_2018/H/short|H=48|L=1024|Hsrc=controlled|Lsrc=controlled|origins=shared_origin_v1:Hmax=720,joint-scaling,release,standard_hl_shared_origin_v1,kdd_cup_2018/H/short,Granite-PatchTST-FM-r1,patchtstfm,granite-timeseries-patchtst-fm-r1,257.895552,257.895552,48,controlled,shared_origin_v1:Hmax=720,720,720,1024,controlled,8064,10200,1024,1024,256,256,100,[],merged,2,270,23531,1125444.1999045536,,100,,float32,native_horizon,48,,direct_full_horizon,2083.9028389411837,2083.9028389411837,24.936026378766307,1.1801465474202668,0.8675337493872015,0.5935282686747502,7.906070301821584,45.64978465383143,0.9544543237065033,0.5213671515375997,0.39516788894057125,1.1801465474202668,1.478995375991201,0.7979379561138586,-0.22572443378570997,0.39516788894057125,0.5363321992970804,0.736796876000509,-0.30544303400590667,Nature,1
kdd_cup_2018/H/short|H=48|L=2048|Hsrc=controlled|Lsrc=controlled|origins=shared_origin_v1:Hmax=720,joint-scaling,release,standard_hl_shared_origin_v1,kdd_cup_2018/H/short,Granite-PatchTST-FM-r1,patchtstfm,granite-timeseries-patchtst-fm-r1,257.895552,257.895552,48,controlled,shared_origin_v1:Hmax=720,720,720,2048,controlled,8064,10200,2048,2048,256,256,100,[],merged,2,270,23531,1125444.1999045536,,100,,float32,native_horizon,48,,direct_full_horizon,2210.1605262738517,2210.1605262738517,25.47748133446305,1.1994132170878138,0.8593567575196822,0.6015276332357697,8.249591604872355,47.01234440308047,0.9829429804184915,0.532687994066781,0.4106358042901299,1.1994132170878138,1.478995375991201,0.8109648187939632,-0.20953060583976948,0.4106358042901299,0.5363321992970804,0.765637052610884,-0.26704704318730776,Nature,1
kdd_cup_2018/H/short|H=48|L=4096|Hsrc=controlled|Lsrc=controlled|origins=shared_origin_v1:Hmax=720,joint-scaling,release,standard_hl_shared_origin_v1,kdd_cup_2018/H/short,Granite-PatchTST-FM-r1,patchtstfm,granite-timeseries-patchtst-fm-r1,257.895552,257.895552,48,controlled,shared_origin_v1:Hmax=720,720,720,4096,controlled,8064,10200,4096,4096,256,256,100,[],merged,2,270,23531,1125444.1999045536,,100,,float32,native_horizon,48,,direct_full_horizon,2076.3009281639115,2076.3009281639115,24.74762020214026,1.1771080910465963,0.8182058365709864,0.5869666781195882,7.183733965952941,45.566445199992415,0.9527118466574837,0.5174279195947246,0.3958815429596745,1.1771080910465963,1.478995375991201,0.7958835505200386,-0.2283023971561995,0.3958815429596745,0.5363321992970804,0.7381274953816287,-0.3036387113329176,Nature,1
kdd_cup_2018/H/short|H=48|L=6144|Hsrc=controlled|Lsrc=controlled|origins=shared_origin_v1:Hmax=720,joint-scaling-l6144,release,standard_hl_shared_origin_v1,kdd_cup_2018/H/short,Granite-PatchTST-FM-r1,patchtstfm,granite-timeseries-patchtst-fm-r1,257.895552,257.895552,48,controlled,shared_origin_v1:Hmax=720,720,720,6144,controlled,8064,10200,6144,6144,256,256,100,[],merged,6,270,23531,1125444.1999045536,,100,,float32,native_horizon,48,,direct_full_horizon,2091.037202254473,2091.037202254473,24.917670938071055,1.1978144798419526,0.8275343862361163,0.5951511395539395,7.363566822178848,45.72786024137225,0.9560867428442791,0.5209833725150265,0.40447511517058343,1.1978144798419526,1.478995375991201,0.8098838571683802,-0.21086442780831455,0.40447511517058343,0.5363321992970804,0.7541503487963066,-0.28216352926542143,Nature,1
kdd_cup_2018/H/short|H=48|L=8192|Hsrc=controlled|Lsrc=controlled|origins=shared_origin_v1:Hmax=720,joint-scaling,release,standard_hl_shared_origin_v1,kdd_cup_2018/H/short,Granite-PatchTST-FM-r1,patchtstfm,granite-timeseries-patchtst-fm-r1,257.895552,257.895552,48,controlled,shared_origin_v1:Hmax=720,720,720,8192,controlled,8064,10200,8064,8064,256,256,100,[],merged,2,270,23531,1125444.1999045536,,100,,float32,native_horizon,48,,direct_full_horizon,2000.5031852928053,2000.5031852928053,24.38209722845661,1.1868742244272612,0.8350160221746451,0.5839278174238985,7.674748170030385,44.72698497878887,0.9351602537248301,0.5097854961902774,0.4015536247555817,1.1868742244272612,1.478995375991201,0.8024867715572374,-0.22003990815465513,0.4015536247555817,0.5363321992970804,0.7487031829934131,-0.28941265839429264,Nature,1
kdd_cup_2018/H/short|H=96|L=128|Hsrc=controlled|Lsrc=controlled|origins=shared_origin_v1:Hmax=720,joint-scaling,release,standard_hl_shared_origin_v1,kdd_cup_2018/H/short,Granite-PatchTST-FM-r1,patchtstfm,granite-timeseries-patchtst-fm-r1,257.895552,257.895552,96,controlled,shared_origin_v1:Hmax=720,720,720,128,controlled,8064,10200,128,128,256,256,100,[],merged,2,270,46102,1926428.5999522582,,100,,float32,native_horizon,96,,direct_full_horizon,1731.02334531311,1731.02334531311,21.513558971479004,0.9543665526933987,0.9256314272036195,0.5616149703756412,7.540518119053734,41.60556868152519,0.9956766253383124,0.5148480954485958,0.4058376016336627,0.9543665526933987,1.278123908838329,0.746693294831493,-0.2921007607163113,0.4058376016336627,0.6076938681984665,0.6678323130637882,-0.4037181653060033,Nature,1
kdd_cup_2018/H/short|H=96|L=256|Hsrc=controlled|Lsrc=controlled|origins=shared_origin_v1:Hmax=720,joint-scaling,release,standard_hl_shared_origin_v1,kdd_cup_2018/H/short,Granite-PatchTST-FM-r1,patchtstfm,granite-timeseries-patchtst-fm-r1,257.895552,257.895552,96,controlled,shared_origin_v1:Hmax=720,720,720,256,controlled,8064,10200,256,256,256,256,100,[],merged,2,270,46102,1926428.5999522582,,100,,float32,native_horizon,96,,direct_full_horizon,1869.796382545768,1869.796382545768,22.265318974264947,0.9843910215851273,0.9473562476242761,0.579319223489406,6.704657259796362,43.24114224376789,1.0348180772293305,0.5328387127231196,0.4172031823871667,0.9843910215851273,1.278123908838329,0.7701843418920378,-0.2611253877326301,0.4172031823871667,0.6076938681984665,0.6865351194409492,-0.37609789784887726,Nature,1
kdd_cup_2018/H/short|H=96|L=512|Hsrc=controlled|Lsrc=controlled|origins=shared_origin_v1:Hmax=720,joint-scaling,release,standard_hl_shared_origin_v1,kdd_cup_2018/H/short,Granite-PatchTST-FM-r1,patchtstfm,granite-timeseries-patchtst-fm-r1,257.895552,257.895552,96,controlled,shared_origin_v1:Hmax=720,720,720,512,controlled,8064,10200,512,512,256,256,100,[],merged,2,270,46102,1926428.5999522582,,100,,float32,native_horizon,96,,direct_full_horizon,1866.6601384565745,1866.6601384565745,22.192909222518818,0.984023725482694,0.9164696063964491,0.5776212726268823,7.00076041494088,43.204862439968196,1.033949853244899,0.5311058510042461,0.412100740008069,0.984023725482694,1.278123908838329,0.7698969706130144,-0.2614985774856972,0.412100740008069,0.6076938681984665,0.6781387168341169,-0.3884034148684065,Nature,1
kdd_cup_2018/H/short|H=96|L=1024|Hsrc=controlled|Lsrc=controlled|origins=shared_origin_v1:Hmax=720,joint-scaling,release,standard_hl_shared_origin_v1,kdd_cup_2018/H/short,Granite-PatchTST-FM-r1,patchtstfm,granite-timeseries-patchtst-fm-r1,257.895552,257.895552,96,controlled,shared_origin_v1:Hmax=720,720,720,1024,controlled,8064,10200,1024,1024,256,256,100,[],merged,2,270,46102,1926428.5999522582,,100,,float32,native_horizon,96,,direct_full_horizon,1936.0125787655634,1936.0125787655634,22.85109809159581,1.0012131627259075,0.9939834561063695,0.588172038482392,6.946467339140928,44.000142940285585,1.0529819739404394,0.5468571865289261,0.42353065332067513,1.0012131627259075,1.278123908838329,0.7833459305490168,-0.24418087908941252,0.42353065332067513,0.6076938681984665,0.6969473866442806,-0.36104535651657826,Nature,1
kdd_cup_2018/H/short|H=96|L=2048|Hsrc=controlled|Lsrc=controlled|origins=shared_origin_v1:Hmax=720,joint-scaling,release,standard_hl_shared_origin_v1,kdd_cup_2018/H/short,Granite-PatchTST-FM-r1,patchtstfm,granite-timeseries-patchtst-fm-r1,257.895552,257.895552,96,controlled,shared_origin_v1:Hmax=720,720,720,2048,controlled,8064,10200,2048,2048,256,256,100,[],merged,2,270,46102,1926428.5999522582,,100,,float32,native_horizon,96,,direct_full_horizon,2109.7587021712725,2109.7587021712725,23.914275788096234,1.0297997757158666,1.0218278277019215,0.6095185045058037,7.220327719441503,45.93210970738523,1.0992165096502162,0.5723004436344722,0.445102770410437,1.0297997757158666,1.278123908838329,0.8057120038164679,-0.21602891569203797,0.445102770410437,0.6076938681984665,0.7324457160148127,-0.3113660486666428,Nature,1
kdd_cup_2018/H/short|H=96|L=4096|Hsrc=controlled|Lsrc=controlled|origins=shared_origin_v1:Hmax=720,joint-scaling,release,standard_hl_shared_origin_v1,kdd_cup_2018/H/short,Granite-PatchTST-FM-r1,patchtstfm,granite-timeseries-patchtst-fm-r1,257.895552,257.895552,96,controlled,shared_origin_v1:Hmax=720,720,720,4096,controlled,8064,10200,4096,4096,256,256,100,[],merged,2,270,46102,1926428.5999522582,,100,,float32,native_horizon,96,,direct_full_horizon,1991.0607972539153,1991.0607972539153,23.27454268354681,1.0144326005231548,0.9906334861747214,0.5979360291086037,6.641347270621782,44.62130429799106,1.067847191843479,0.5569907791150249,0.4326562473299999,1.0144326005231548,1.278123908838329,0.7936887757973012,-0.23106386460392092,0.4326562473299999,0.6076938681984665,0.7119641483509241,-0.3397277222776516,Nature,1
kdd_cup_2018/H/short|H=96|L=6144|Hsrc=controlled|Lsrc=controlled|origins=shared_origin_v1:Hmax=720,joint-scaling-l6144,release,standard_hl_shared_origin_v1,kdd_cup_2018/H/short,Granite-PatchTST-FM-r1,patchtstfm,granite-timeseries-patchtst-fm-r1,257.895552,257.895552,96,controlled,shared_origin_v1:Hmax=720,720,720,6144,controlled,8064,10200,6144,6144,256,256,100,[],merged,6,270,46102,1926428.5999522582,,100,,float32,native_horizon,96,,direct_full_horizon,1980.7210153572514,1980.7210153572514,23.088203704557287,1.0132196348730762,0.9664437312362284,0.5968865360708321,6.706015264266587,44.505291992719826,1.0650708629944643,0.5525314393764081,0.4333119395083232,1.0132196348730762,1.278123908838329,0.7927397554075795,-0.2322602885010702,0.4333119395083232,0.6076938681984665,0.7130431327090634,-0.3382133657144523,Nature,1
kdd_cup_2018/H/short|H=96|L=8192|Hsrc=controlled|Lsrc=controlled|origins=shared_origin_v1:Hmax=720,joint-scaling,release,standard_hl_shared_origin_v1,kdd_cup_2018/H/short,Granite-PatchTST-FM-r1,patchtstfm,granite-timeseries-patchtst-fm-r1,257.895552,257.895552,96,controlled,shared_origin_v1:Hmax=720,720,720,8192,controlled,8064,10200,8064,8064,256,256,100,[],merged,2,270,46102,1926428.5999522582,,100,,float32,native_horizon,96,,direct_full_horizon,1893.1469316678235,1893.1469316678235,22.711562472886207,1.0054110597284214,1.003484222831036,0.5912700889891572,6.880497933230377,43.5103083379999,1.0412595800582398,0.5435179134855808,0.42923902149163623,1.0054110597284214,1.278123908838329,0.7866303515456706,-0.23999683398555016,0.42923902149163623,0.6076938681984665,0.7063408797658811,-0.34765732548543726,Nature,1
kdd_cup_2018/H/short|H=192|L=128|Hsrc=controlled|Lsrc=controlled|origins=shared_origin_v1:Hmax=720,joint-scaling,release,standard_hl_shared_origin_v1,kdd_cup_2018/H/short,Granite-PatchTST-FM-r1,patchtstfm,granite-timeseries-patchtst-fm-r1,257.895552,257.895552,192,controlled,shared_origin_v1:Hmax=720,720,720,128,controlled,8064,10200,128,128,256,256,100,[],merged,2,270,91920,3382365.100021012,,100,,float32,native_horizon,192,,direct_full_horizon,1292.81033303416,1292.81033303416,19.195416913144584,0.8831699494685402,1.016833185082715,0.5647961004803345,7.484842745601179,35.955671778374,0.9771403299565757,0.5216594514428052,0.419714283856774,0.8831699494685402,1.1902104596437932,0.7420283886035213,-0.29836777697315664,0.419714283856774,0.713423030713114,0.5883105335655362,-0.5305003521801696,Nature,1
kdd_cup_2018/H/short|H=192|L=256|Hsrc=controlled|Lsrc=controlled|origins=shared_origin_v1:Hmax=720,joint-scaling,release,standard_hl_shared_origin_v1,kdd_cup_2018/H/short,Granite-PatchTST-FM-r1,patchtstfm,granite-timeseries-patchtst-fm-r1,257.895552,257.895552,192,controlled,shared_origin_v1:Hmax=720,720,720,256,controlled,8064,10200,256,256,256,256,100,[],merged,2,270,91920,3382365.100021012,,100,,float32,native_horizon,192,,direct_full_horizon,1216.2009274369016,1216.2009274369016,18.815151953634956,0.8758368444126119,0.9968873391096803,0.5658952239910554,6.338982981710821,34.87407242403591,0.9477465153591689,0.5113252757862778,0.40184862177927655,0.8758368444126119,1.1902104596437932,0.7358672050947467,-0.30670560439272393,0.40184862177927655,0.713423030713114,0.5632683617987522,-0.57399910046967,Nature,1
kdd_cup_2018/H/short|H=192|L=512|Hsrc=controlled|Lsrc=controlled|origins=shared_origin_v1:Hmax=720,joint-scaling,release,standard_hl_shared_origin_v1,kdd_cup_2018/H/short,Granite-PatchTST-FM-r1,patchtstfm,granite-timeseries-patchtst-fm-r1,257.895552,257.895552,192,controlled,shared_origin_v1:Hmax=720,720,720,512,controlled,8064,10200,512,512,256,256,100,[],merged,2,270,91920,3382365.100021012,,100,,float32,native_horizon,192,,direct_full_horizon,1226.5980155978025,1226.5980155978025,18.792904899471008,0.8689127217182826,0.9514950835605042,0.5641992275148396,6.355424158458813,35.02282135405145,0.9517889534883182,0.5107206842775913,0.39878388233905165,0.8689127217182826,1.1902104596437932,0.7300496434708961,-0.3146427423972666,0.39878388233905165,0.713423030713114,0.5589725382714944,-0.5816549335606289,Nature,1
kdd_cup_2018/H/short|H=192|L=1024|Hsrc=controlled|Lsrc=controlled|origins=shared_origin_v1:Hmax=720,joint-scaling,release,standard_hl_shared_origin_v1,kdd_cup_2018/H/short,Granite-PatchTST-FM-r1,patchtstfm,granite-timeseries-patchtst-fm-r1,257.895552,257.895552,192,controlled,shared_origin_v1:Hmax=720,720,720,1024,controlled,8064,10200,1024,1024,256,256,100,[],merged,2,270,91920,3382365.100021012,,100,,float32,native_horizon,192,,direct_full_horizon,1263.24575480037,1263.24575480037,19.313704320842852,0.886315320150153,1.0266764794393508,0.573893513359953,6.116874527211728,35.54216868454104,0.9659028664477164,0.5248740596220219,0.4055204377943221,0.886315320150153,1.1902104596437932,0.7446710898637288,-0.2948126482038327,0.4055204377943221,0.713423030713114,0.5684151202533753,-0.5649032816820123,Nature,1
kdd_cup_2018/H/short|H=192|L=2048|Hsrc=controlled|Lsrc=controlled|origins=shared_origin_v1:Hmax=720,joint-scaling,release,standard_hl_shared_origin_v1,kdd_cup_2018/H/short,Granite-PatchTST-FM-r1,patchtstfm,granite-timeseries-patchtst-fm-r1,257.895552,257.895552,192,controlled,shared_origin_v1:Hmax=720,720,720,2048,controlled,8064,10200,2048,2048,256,256,100,[],merged,2,270,91920,3382365.100021012,,100,,float32,native_horizon,192,,direct_full_horizon,1375.8038464153612,1375.8038464153612,20.15469521305891,0.9087324315246741,1.0495021376969702,0.5924106534820105,6.149707697129139,37.09182991462353,1.008016847658171,0.5477290384686343,0.42129458972619926,0.9087324315246741,1.1902104596437932,0.7635056675578535,-0.26983473122349166,0.42129458972619926,0.713423030713114,0.590525637089522,-0.5267422283861943,Nature,1
kdd_cup_2018/H/short|H=192|L=4096|Hsrc=controlled|Lsrc=controlled|origins=shared_origin_v1:Hmax=720,joint-scaling,release,standard_hl_shared_origin_v1,kdd_cup_2018/H/short,Granite-PatchTST-FM-r1,patchtstfm,granite-timeseries-patchtst-fm-r1,257.895552,257.895552,192,controlled,shared_origin_v1:Hmax=720,720,720,4096,controlled,8064,10200,4096,4096,256,256,100,[],merged,2,270,91920,3382365.100021012,,100,,float32,native_horizon,192,,direct_full_horizon,1294.5796531630765,1294.5796531630765,19.541024527952295,0.8890939317956138,1.005090049342501,0.5785350324798398,5.939775129249087,35.980267552688886,0.977808750871577,0.5310517704307606,0.4103668834361395,0.8890939317956138,1.1902104596437932,0.747005644751015,-0.29168253731693994,0.4103668834361395,0.713423030713114,0.5752083487211653,-0.553022958214074,Nature,1
kdd_cup_2018/H/short|H=192|L=6144|Hsrc=controlled|Lsrc=controlled|origins=shared_origin_v1:Hmax=720,joint-scaling-l6144,release,standard_hl_shared_origin_v1,kdd_cup_2018/H/short,Granite-PatchTST-FM-r1,patchtstfm,granite-timeseries-patchtst-fm-r1,257.895552,257.895552,192,controlled,shared_origin_v1:Hmax=720,720,720,6144,controlled,8064,10200,6144,6144,256,256,100,[],merged,6,270,91920,3382365.100021012,,100,,float32,native_horizon,192,,direct_full_horizon,1280.573008458442,1280.573008458442,19.28299421371845,0.8801422923686597,0.9597529480880188,0.575814003940247,5.864187099712638,35.78509478062678,0.9725046867988258,0.5240394740691916,0.4062414596626545,0.8801422923686597,1.1902104596437932,0.7394845888281549,-0.30180183703741054,0.4062414596626545,0.713423030713114,0.5694257714901481,-0.5631268443788976,Nature,1
kdd_cup_2018/H/short|H=192|L=8192|Hsrc=controlled|Lsrc=controlled|origins=shared_origin_v1:Hmax=720,joint-scaling,release,standard_hl_shared_origin_v1,kdd_cup_2018/H/short,Granite-PatchTST-FM-r1,patchtstfm,granite-timeseries-patchtst-fm-r1,257.895552,257.895552,192,controlled,shared_origin_v1:Hmax=720,720,720,8192,controlled,8064,10200,8000,8000,256,256,100,[],merged,2,270,91920,3382365.100021012,,100,,float32,native_horizon,192,,direct_full_horizon,1216.4044264033942,1216.4044264033942,18.996710284758485,0.8695120155003989,1.0197429617885738,0.5692924579192079,5.9487799611158865,34.876989927506564,0.947825802163252,0.5162593504066584,0.4022186177447461,0.8695120155003989,1.1902104596437932,0.730553162640351,-0.31395327475103935,0.4022186177447461,0.713423030713114,0.5637869825182147,-0.5730787893976673,Nature,1
kdd_cup_2018/H/short|H=336|L=128|Hsrc=controlled|Lsrc=controlled|origins=shared_origin_v1:Hmax=720,joint-scaling,release,standard_hl_shared_origin_v1,kdd_cup_2018/H/short,Granite-PatchTST-FM-r1,patchtstfm,granite-timeseries-patchtst-fm-r1,257.895552,257.895552,336,controlled,shared_origin_v1:Hmax=720,720,720,128,controlled,8064,10200,128,128,256,256,100,[],merged,2,270,160686,6279566.400042564,,100,,float32,native_horizon,336,,direct_full_horizon,1483.419893456804,1483.419893456804,20.721831976455633,0.94256988007219,1.089888913487991,0.5876336328292738,8.106658825079062,38.51519042477661,0.9855540166839714,0.5302449374444358,0.421352158568613,0.94256988007219,1.2954560131853796,0.7275969778043775,-0.3180079859966348,0.421352158568613,0.783824851835104,0.5375590702210273,-0.6207166269330392,Nature,1
kdd_cup_2018/H/short|H=336|L=256|Hsrc=controlled|Lsrc=controlled|origins=shared_origin_v1:Hmax=720,joint-scaling,release,standard_hl_shared_origin_v1,kdd_cup_2018/H/short,Granite-PatchTST-FM-r1,patchtstfm,granite-timeseries-patchtst-fm-r1,257.895552,257.895552,336,controlled,shared_origin_v1:Hmax=720,720,720,256,controlled,8064,10200,256,256,256,256,100,[],merged,2,270,160686,6279566.400042564,,100,,float32,native_horizon,336,,direct_full_horizon,1585.6739331677932,1585.6739331677932,21.025103209831595,0.9583181420373288,1.0635318648852277,0.6008709186462651,6.735964114314791,39.820521507983706,1.0189557544910266,0.5380052569158438,0.41435796071672343,0.9583181420373288,1.2954560131853796,0.7397535171270949,-0.30143823323242447,0.41435796071672343,0.783824851835104,0.5286359060275029,-0.6374553524682668,Nature,1
kdd_cup_2018/H/short|H=336|L=512|Hsrc=controlled|Lsrc=controlled|origins=shared_origin_v1:Hmax=720,joint-scaling,release,standard_hl_shared_origin_v1,kdd_cup_2018/H/short,Granite-PatchTST-FM-r1,patchtstfm,granite-timeseries-patchtst-fm-r1,257.895552,257.895552,336,controlled,shared_origin_v1:Hmax=720,720,720,512,controlled,8064,10200,512,512,256,256,100,[],merged,2,270,160686,6279566.400042564,,100,,float32,native_horizon,336,,direct_full_horizon,1668.0878549624733,1668.0878549624733,21.375278736557632,0.969972924954271,1.0334646564345935,0.6131192029250273,6.654712134287208,40.84223126816743,1.045099988673146,0.5469657967211269,0.42072186603031286,0.969972924954271,1.2954560131853796,0.7487501814663837,-0.28934988719339716,0.42072186603031286,0.783824851835104,0.5367549460128902,-0.6222136275234754,Nature,1
kdd_cup_2018/H/short|H=336|L=1024|Hsrc=controlled|Lsrc=controlled|origins=shared_origin_v1:Hmax=720,joint-scaling,release,standard_hl_shared_origin_v1,kdd_cup_2018/H/short,Granite-PatchTST-FM-r1,patchtstfm,granite-timeseries-patchtst-fm-r1,257.895552,257.895552,336,controlled,shared_origin_v1:Hmax=720,720,720,1024,controlled,8064,10200,1024,1024,256,256,100,[],merged,2,270,160686,6279566.400042564,,100,,float32,native_horizon,336,,direct_full_horizon,1704.274356508968,1704.274356508968,21.709463254421667,0.9812686981550763,1.0793362855397652,0.6181686335084905,6.495538610335466,41.2828579014216,1.0563750555616178,0.5555171472470385,0.4259762429244908,0.9812686981550763,1.2954560131853796,0.7574697158124634,-0.2777717215232603,0.4259762429244908,0.783824851835104,0.5434584549433308,-0.6098020151892244,Nature,1
kdd_cup_2018/H/short|H=336|L=2048|Hsrc=controlled|Lsrc=controlled|origins=shared_origin_v1:Hmax=720,joint-scaling,release,standard_hl_shared_origin_v1,kdd_cup_2018/H/short,Granite-PatchTST-FM-r1,patchtstfm,granite-timeseries-patchtst-fm-r1,257.895552,257.895552,336,controlled,shared_origin_v1:Hmax=720,720,720,2048,controlled,8064,10200,2048,2048,256,256,100,[],merged,2,270,160686,6279566.400042564,,100,,float32,native_horizon,336,,direct_full_horizon,1840.2765405044622,1840.2765405044622,22.5334387602218,1.006513201079047,1.115023678657481,0.6374614047957857,6.631229476442569,42.898444499823796,1.0977158315981759,0.576601617048027,0.44314797393360406,1.006513201079047,1.2954560131853796,0.7769566784472636,-0.25237068506297816,0.44314797393360406,0.783824851835104,0.565366067299472,-0.5702818509119127,Nature,1
kdd_cup_2018/H/short|H=336|L=4096|Hsrc=controlled|Lsrc=controlled|origins=shared_origin_v1:Hmax=720,joint-scaling,release,standard_hl_shared_origin_v1,kdd_cup_2018/H/short,Granite-PatchTST-FM-r1,patchtstfm,granite-timeseries-patchtst-fm-r1,257.895552,257.895552,336,controlled,shared_origin_v1:Hmax=720,720,720,4096,controlled,8064,10200,4096,4096,256,256,100,[],merged,2,270,160686,6279566.400042564,,100,,float32,native_horizon,336,,direct_full_horizon,1761.5724258024968,1761.5724258024968,21.886726079414977,0.9836648863962906,1.0469295673067114,0.6238843487842749,6.488428251655235,41.971090357560364,1.073986035906752,0.5600530741697448,0.4321127083336619,0.9836648863962906,1.2954560131853796,0.759319402885452,-0.27533276944074575,0.4321127083336619,0.783824851835104,0.5512873281856174,-0.5954991389842096,Nature,1
kdd_cup_2018/H/short|H=336|L=6144|Hsrc=controlled|Lsrc=controlled|origins=shared_origin_v1:Hmax=720,joint-scaling-l6144,release,standard_hl_shared_origin_v1,kdd_cup_2018/H/short,Granite-PatchTST-FM-r1,patchtstfm,granite-timeseries-patchtst-fm-r1,257.895552,257.895552,336,controlled,shared_origin_v1:Hmax=720,720,720,6144,controlled,8064,10200,6144,6144,256,256,100,[],merged,6,270,160686,6279566.400042564,,100,,float32,native_horizon,336,,direct_full_horizon,1770.652694540906,1770.652694540906,21.76252902107993,0.975766973498963,0.9966175465167523,0.6217726142717785,6.586436512880555,42.07912421309295,1.0767504828453163,0.5568750317310996,0.4337000776421372,0.975766973498963,1.2954560131853796,0.7532227752756054,-0.2833942446377048,0.4337000776421372,0.783824851835104,0.553312486363186,-0.591832362256642,Nature,1
kdd_cup_2018/H/short|H=336|L=8192|Hsrc=controlled|Lsrc=controlled|origins=shared_origin_v1:Hmax=720,joint-scaling,release,standard_hl_shared_origin_v1,kdd_cup_2018/H/short,Granite-PatchTST-FM-r1,patchtstfm,granite-timeseries-patchtst-fm-r1,257.895552,257.895552,336,controlled,shared_origin_v1:Hmax=720,720,720,8192,controlled,8064,10200,7856,7856,256,256,100,[],merged,2,270,160686,6279566.400042564,,100,,float32,native_horizon,336,,direct_full_horizon,1710.2864865327408,1710.2864865327408,21.675322839458634,0.9723622838926423,1.102577135276667,0.6195084631770191,6.918878331222707,41.35561009745523,1.058236690366814,0.5546435380884964,0.4362395581092293,0.9723622838926423,1.2954560131853796,0.7505945968027997,-0.28688959081125637,0.4362395581092293,0.783824851835104,0.5565523434066908,-0.5859940544566885,Nature,1
kdd_cup_2018/H/short|H=720|L=128|Hsrc=controlled|Lsrc=controlled|origins=shared_origin_v1:Hmax=720,joint-scaling,release,standard_hl_shared_origin_v1,kdd_cup_2018/H/short,Granite-PatchTST-FM-r1,patchtstfm,granite-timeseries-patchtst-fm-r1,257.895552,257.895552,720,controlled,shared_origin_v1:Hmax=720,720,720,128,controlled,8064,10200,128,128,256,256,100,[],merged,2,270,341362,14548303.999882698,,100,,float32,native_horizon,720,,direct_full_horizon,3935.531407274389,3935.531407274389,23.48187076237982,1.018277347825544,0.9632939916645799,0.6061996849831979,9.806101348002453,62.73381390665156,1.4719887749785168,0.550979575849675,0.45017685295631105,1.018277347825544,1.3355336656461645,0.7624497787054106,-0.2712186366626025,0.45017685295631105,0.9362833367919572,0.48081262932519825,-0.7322776287908149,Nature,1
kdd_cup_2018/H/short|H=720|L=256|Hsrc=controlled|Lsrc=controlled|origins=shared_origin_v1:Hmax=720,joint-scaling,release,standard_hl_shared_origin_v1,kdd_cup_2018/H/short,Granite-PatchTST-FM-r1,patchtstfm,granite-timeseries-patchtst-fm-r1,257.895552,257.895552,720,controlled,shared_origin_v1:Hmax=720,720,720,256,controlled,8064,10200,256,256,256,256,100,[],merged,2,270,341362,14548303.999882698,,100,,float32,native_horizon,720,,direct_full_horizon,4044.738360596669,4044.738360596669,23.779202869680866,1.0281776430074485,0.9625869406157742,0.6121102057712926,8.457470685428497,63.59825752799104,1.4922721154606833,0.5579561885746579,0.4432013705271045,1.0281776430074485,1.3355336656461645,0.7698627668138868,-0.2615430049353855,0.4432013705271045,0.9362833367919572,0.47336244607927286,-0.7478939131450639,Nature,1
kdd_cup_2018/H/short|H=720|L=512|Hsrc=controlled|Lsrc=controlled|origins=shared_origin_v1:Hmax=720,joint-scaling,release,standard_hl_shared_origin_v1,kdd_cup_2018/H/short,Granite-PatchTST-FM-r1,patchtstfm,granite-timeseries-patchtst-fm-r1,257.895552,257.895552,720,controlled,shared_origin_v1:Hmax=720,720,720,512,controlled,8064,10200,512,512,256,256,100,[],merged,2,270,341362,14548303.999882698,,100,,float32,native_horizon,720,,direct_full_horizon,4098.018083442211,4098.018083442211,24.000095916321968,1.025284556945446,0.9249260333630965,0.6148409687470705,7.958036363256243,64.01576433537454,1.5020685122628945,0.5631392320543726,0.4417331075569551,1.025284556945446,1.3355336656461645,0.7676965271028101,-0.264360770927163,0.4417331075569551,0.9362833367919572,0.47179426376473954,-0.7512122702750564,Nature,1
kdd_cup_2018/H/short|H=720|L=1024|Hsrc=controlled|Lsrc=controlled|origins=shared_origin_v1:Hmax=720,joint-scaling,release,standard_hl_shared_origin_v1,kdd_cup_2018/H/short,Granite-PatchTST-FM-r1,patchtstfm,granite-timeseries-patchtst-fm-r1,257.895552,257.895552,720,controlled,shared_origin_v1:Hmax=720,720,720,1024,controlled,8064,10200,1024,1024,256,256,100,[],merged,2,270,341362,14548303.999882698,,100,,float32,native_horizon,720,,direct_full_horizon,4166.462901187009,4166.462901187009,24.46870457077091,1.046032867639213,0.9973969120295284,0.6222912264303547,7.817106735426561,64.54814405687439,1.514560291819611,0.5741346846859157,0.4497887037759376,1.046032867639213,1.3355336656461645,0.7832321225186908,-0.24432617415505367,0.4497887037759376,0.9362833367919572,0.48039806552263886,-0.7331402155899139,Nature,1
kdd_cup_2018/H/short|H=720|L=2048|Hsrc=controlled|Lsrc=controlled|origins=shared_origin_v1:Hmax=720,joint-scaling,release,standard_hl_shared_origin_v1,kdd_cup_2018/H/short,Granite-PatchTST-FM-r1,patchtstfm,granite-timeseries-patchtst-fm-r1,257.895552,257.895552,720,controlled,shared_origin_v1:Hmax=720,720,720,2048,controlled,8064,10200,2048,2048,256,256,100,[],merged,2,270,341362,14548303.999882698,,100,,float32,native_horizon,720,,direct_full_horizon,4256.63373229885,4256.63373229885,25.14093684819927,1.0604068206448372,1.05739001849209,0.6328856916946856,7.815300674026209,65.24288261794423,1.5308616658275942,0.5899079703341501,0.4608786018243991,1.0604068206448372,1.3355336656461645,0.7939948261295128,-0.23067833396591356,0.4608786018243991,0.9362833367919572,0.4922426617176961,-0.70878346920694,Nature,1
kdd_cup_2018/H/short|H=720|L=4096|Hsrc=controlled|Lsrc=controlled|origins=shared_origin_v1:Hmax=720,joint-scaling,release,standard_hl_shared_origin_v1,kdd_cup_2018/H/short,Granite-PatchTST-FM-r1,patchtstfm,granite-timeseries-patchtst-fm-r1,257.895552,257.895552,720,controlled,shared_origin_v1:Hmax=720,720,720,4096,controlled,8064,10200,4096,4096,256,256,100,[],merged,2,270,341362,14548303.999882698,,100,,float32,native_horizon,720,,direct_full_horizon,4075.5911389521975,4075.5911389521975,24.054437032754084,1.0248928304202014,0.9878814456208971,0.6120960506185515,7.5107764756981235,63.840356663729544,1.4979527394821937,0.5644142942325928,0.4421030823707399,1.0248928304202014,1.3355336656461645,0.7674032162448954,-0.2647429100849019,0.4421030823707399,0.9362833367919572,0.47218941638494155,-0.7503750679979581,Nature,1
kdd_cup_2018/H/short|H=720|L=6144|Hsrc=controlled|Lsrc=controlled|origins=shared_origin_v1:Hmax=720,joint-scaling-l6144,release,standard_hl_shared_origin_v1,kdd_cup_2018/H/short,Granite-PatchTST-FM-r1,patchtstfm,granite-timeseries-patchtst-fm-r1,257.895552,257.895552,720,controlled,shared_origin_v1:Hmax=720,720,720,6144,controlled,8064,10200,6144,6144,256,256,100,[],merged,6,270,341362,14548303.999882698,,100,,float32,native_horizon,720,,direct_full_horizon,4108.620276275626,4108.620276275626,24.124278441947258,1.0226922083761574,0.9525350904200286,0.6139537742374663,7.613005312422002,64.09852007866972,1.504010296407834,0.5660530559140364,0.4482222224998825,1.0226922083761574,1.3355336656461645,0.7657554689056478,-0.2668923914003412,0.4482222224998825,0.9362833367919572,0.47872498087561055,-0.7366289991204986,Nature,1
kdd_cup_2018/H/short|H=720|L=8192|Hsrc=controlled|Lsrc=controlled|origins=shared_origin_v1:Hmax=720,joint-scaling,release,standard_hl_shared_origin_v1,kdd_cup_2018/H/short,Granite-PatchTST-FM-r1,patchtstfm,granite-timeseries-patchtst-fm-r1,257.895552,257.895552,720,controlled,shared_origin_v1:Hmax=720,720,720,8192,controlled,8064,10200,7472,7472,256,256,100,[],merged,2,270,341362,14548303.999882698,,100,,float32,native_horizon,720,,direct_full_horizon,4026.4150190999585,4026.4150190999585,23.806901608483077,1.0072143017693567,1.0019840446055093,0.604623041845744,7.716889588044273,63.45403863506214,1.488888157459229,0.5586061129146411,0.44534495070279884,1.0072143017693567,1.3355336656461645,0.7541661641917812,-0.28214255834142904,0.44534495070279884,0.9362833367919572,0.4756519027976195,-0.7430689889222002,Nature,1
loop_seattle/5T/short|H=48|L=128|Hsrc=controlled|Lsrc=controlled|origins=shared_origin_v1:Hmax=720,joint-scaling,release,standard_hl_shared_origin_v1,loop_seattle/5T/short,Granite-PatchTST-FM-r1,patchtstfm,granite-timeseries-patchtst-fm-r1,257.895552,257.895552,48,controlled,shared_origin_v1:Hmax=720,720,720,128,controlled,94320,104400,128,128,256,256,100,[],merged,2,323,232560,13486058.610530853,,100,,float32,native_horizon,48,,direct_full_horizon,80.51542794063897,80.51542794063897,4.882196307370947,0.7611144731987337,0.16312392562535524,0.10354741617786052,8.106029274329321,8.973038946791604,0.15473534542081555,0.08419091196560465,0.06973431431432917,0.7611144731987337,1.0786574227120576,0.7056127897262053,-0.34868864842462743,0.06973431431432917,0.10341127324220856,0.6743395775719573,-0.39402147065593623,Transport,1
loop_seattle/5T/short|H=48|L=256|Hsrc=controlled|Lsrc=controlled|origins=shared_origin_v1:Hmax=720,joint-scaling,release,standard_hl_shared_origin_v1,loop_seattle/5T/short,Granite-PatchTST-FM-r1,patchtstfm,granite-timeseries-patchtst-fm-r1,257.895552,257.895552,48,controlled,shared_origin_v1:Hmax=720,720,720,256,controlled,94320,104400,256,256,256,256,100,[],merged,2,323,232560,13486058.610530853,,100,,float32,native_horizon,48,,direct_full_horizon,63.26735492991056,63.26735492991056,4.559492665367271,0.7169922898908152,0.12354740015534466,0.09818751319069037,5.399129322301721,7.954077880553506,0.1371638968302474,0.07862605709201152,0.062258846999575936,0.7169922898908152,1.0786574227120576,0.6647080665222593,-0.4084073324248766,0.062258846999575936,0.10341127324220856,0.6020508697707847,-0.5074133359629749,Transport,1
loop_seattle/5T/short|H=48|L=512|Hsrc=controlled|Lsrc=controlled|origins=shared_origin_v1:Hmax=720,joint-scaling,release,standard_hl_shared_origin_v1,loop_seattle/5T/short,Granite-PatchTST-FM-r1,patchtstfm,granite-timeseries-patchtst-fm-r1,257.895552,257.895552,48,controlled,shared_origin_v1:Hmax=720,720,720,512,controlled,94320,104400,512,512,256,256,100,[],merged,2,323,232560,13486058.610530853,,100,,float32,native_horizon,48,,direct_full_horizon,54.50266762475275,54.50266762475275,4.160635469408432,0.6555378431949266,0.11576524779769536,0.08880316436106206,5.096779861809042,7.382592202252049,0.12730892636155866,0.07174797416422747,0.057009812200428236,0.6555378431949266,1.0786574227120576,0.6077349762695874,-0.49801638633894557,0.057009812200428236,0.10341127324220856,0.5512920440201968,-0.5954905847980924,Transport,1
loop_seattle/5T/short|H=48|L=1024|Hsrc=controlled|Lsrc=controlled|origins=shared_origin_v1:Hmax=720,joint-scaling,release,standard_hl_shared_origin_v1,loop_seattle/5T/short,Granite-PatchTST-FM-r1,patchtstfm,granite-timeseries-patchtst-fm-r1,257.895552,257.895552,48,controlled,shared_origin_v1:Hmax=720,720,720,1024,controlled,94320,104400,1024,1024,256,256,100,[],merged,2,323,232560,13486058.610530853,,100,,float32,native_horizon,48,,direct_full_horizon,53.33376976304502,53.33376976304502,4.055461065491164,0.636048928457373,0.11272488493340345,0.08679402629903472,4.7622925929641,7.302997313640819,0.12593635429806685,0.06993429678958663,0.055268203214603004,0.636048928457373,1.0786574227120576,0.5896672243335253,-0.5281969277585312,0.055268203214603004,0.10341127324220856,0.5344504663931032,-0.6265162256026262,Transport,1
loop_seattle/5T/short|H=48|L=2048|Hsrc=controlled|Lsrc=controlled|origins=shared_origin_v1:Hmax=720,joint-scaling,release,standard_hl_shared_origin_v1,loop_seattle/5T/short,Granite-PatchTST-FM-r1,patchtstfm,granite-timeseries-patchtst-fm-r1,257.895552,257.895552,48,controlled,shared_origin_v1:Hmax=720,720,720,2048,controlled,94320,104400,2048,2048,256,256,100,[],merged,2,323,232560,13486058.610530853,,100,,float32,native_horizon,48,,direct_full_horizon,49.066156566450594,49.066156566450594,3.9111465144411657,0.6179916241219807,0.10324632220141945,0.08369163549926464,4.4425708005959805,7.0047238751039,0.12079278545639063,0.06744566812783812,0.05303355169273079,0.6179916241219807,1.0786574227120576,0.5729266874817127,-0.5569975155111576,0.05303355169273079,0.10341127324220856,0.5128411055196689,-0.6677892176185222,Transport,1
loop_seattle/5T/short|H=48|L=4096|Hsrc=controlled|Lsrc=controlled|origins=shared_origin_v1:Hmax=720,joint-scaling,release,standard_hl_shared_origin_v1,loop_seattle/5T/short,Granite-PatchTST-FM-r1,patchtstfm,granite-timeseries-patchtst-fm-r1,257.895552,257.895552,48,controlled,shared_origin_v1:Hmax=720,720,720,4096,controlled,94320,104400,4096,4096,256,256,100,[],merged,2,323,232560,13486058.610530853,,100,,float32,native_horizon,48,,direct_full_horizon,45.93752682439478,45.93752682439478,3.84130617501935,0.6087951058363821,0.09550705494075286,0.08247145924077724,4.299630813705073,6.777722834728105,0.11687827170004587,0.06624130814357596,0.05198570503075226,0.6087951058363821,1.0786574227120576,0.5644007940034331,-0.5719906521946996,0.05198570503075226,0.10341127324220856,0.5027082966959706,-0.6877452041509122,Transport,1
loop_seattle/5T/short|H=48|L=6144|Hsrc=controlled|Lsrc=controlled|origins=shared_origin_v1:Hmax=720,joint-scaling-l6144,release,standard_hl_shared_origin_v1,loop_seattle/5T/short,Granite-PatchTST-FM-r1,patchtstfm,granite-timeseries-patchtst-fm-r1,257.895552,257.895552,48,controlled,shared_origin_v1:Hmax=720,720,720,6144,controlled,94320,104400,6144,6144,256,256,100,[],merged,6,323,232560,13486058.610530853,,100,,float32,native_horizon,48,,direct_full_horizon,45.437502855445906,45.437502855445906,3.8034029566630654,0.6019249330699029,0.0943228223949599,0.08193904576860919,4.279637697915471,6.740734593161632,0.11624042889458883,0.06558768704377928,0.05146195275516534,0.6019249330699029,1.0786574227120576,0.5580316052120506,-0.5833396780398544,0.05146195275516534,0.10341127324220856,0.49764354641134545,-0.6978712285016597,Transport,1
loop_seattle/5T/short|H=48|L=8192|Hsrc=controlled|Lsrc=controlled|origins=shared_origin_v1:Hmax=720,joint-scaling,release,standard_hl_shared_origin_v1,loop_seattle/5T/short,Granite-PatchTST-FM-r1,patchtstfm,granite-timeseries-patchtst-fm-r1,257.895552,257.895552,48,controlled,shared_origin_v1:Hmax=720,720,720,8192,controlled,94320,104400,8064,8064,256,256,100,[],merged,2,323,232560,13486058.610530853,,100,,float32,native_horizon,48,,direct_full_horizon,42.995879524370054,42.995879524370054,3.7277190773684747,0.5901238738532109,0.09244786463613809,0.0796632418978612,4.224562527803732,6.557124333453656,0.11307416636890594,0.06428255828251127,0.050387822335439154,0.5901238738532109,1.0786574227120576,0.5470910980888337,-0.6031399491307611,0.050387822335439154,0.10341127324220856,0.4872565703491673,-0.718964456130909,Transport,1
loop_seattle/5T/short|H=96|L=128|Hsrc=controlled|Lsrc=controlled|origins=shared_origin_v1:Hmax=720,joint-scaling,release,standard_hl_shared_origin_v1,loop_seattle/5T/short,Granite-PatchTST-FM-r1,patchtstfm,granite-timeseries-patchtst-fm-r1,257.895552,257.895552,96,controlled,shared_origin_v1:Hmax=720,720,720,128,controlled,94320,104400,128,128,256,256,100,[],merged,2,323,465120,26184961.315769076,,100,,float32,native_horizon,96,,direct_full_horizon,149.06407466084022,149.06407466084022,6.724143374626441,1.044369937635354,0.30289205505874994,0.14988930147457746,11.851487493689353,12.209179934002128,0.2168700462231819,0.1194400682395811,0.09966876513521938,1.044369937635354,1.184716577264144,0.8815356834519094,-0.12608979758699254,0.09966876513521938,0.11731650359111231,0.8495715614113316,-0.16302310196979253,Transport,1
loop_seattle/5T/short|H=96|L=256|Hsrc=controlled|Lsrc=controlled|origins=shared_origin_v1:Hmax=720,joint-scaling,release,standard_hl_shared_origin_v1,loop_seattle/5T/short,Granite-PatchTST-FM-r1,patchtstfm,granite-timeseries-patchtst-fm-r1,257.895552,257.895552,96,controlled,shared_origin_v1:Hmax=720,720,720,256,controlled,94320,104400,256,256,256,256,100,[],merged,2,323,465120,26184961.315769076,,100,,float32,native_horizon,96,,direct_full_horizon,101.80151819019822,101.80151819019822,5.725729986347609,0.9011953992887908,0.18402924978901194,0.13388824836880553,7.071218707516408,10.089673839634175,0.17922154016948993,0.1017053834502402,0.08041181007588111,0.9011953992887908,1.184716577264144,0.7606843835762928,-0.2735367462072296,0.08041181007588111,0.11731650359111231,0.6854262411036682,-0.3777143844506599,Transport,1
loop_seattle/5T/short|H=96|L=512|Hsrc=controlled|Lsrc=controlled|origins=shared_origin_v1:Hmax=720,joint-scaling,release,standard_hl_shared_origin_v1,loop_seattle/5T/short,Granite-PatchTST-FM-r1,patchtstfm,granite-timeseries-patchtst-fm-r1,257.895552,257.895552,96,controlled,shared_origin_v1:Hmax=720,720,720,512,controlled,94320,104400,512,512,256,256,100,[],merged,2,323,465120,26184961.315769076,,100,,float32,native_horizon,96,,direct_full_horizon,87.62951630761954,87.62951630761954,5.191753018710226,0.8183559816236521,0.1729690904095692,0.12072211004099076,6.60417660813674,9.361063844863978,0.16627933732714975,0.09222042129228845,0.07341929707866436,0.8183559816236521,1.184716577264144,0.6907609780505264,-0.3699614223616867,0.07341929707866436,0.11731650359111231,0.6258224105838974,-0.4686886372925243,Transport,1
loop_seattle/5T/short|H=96|L=1024|Hsrc=controlled|Lsrc=controlled|origins=shared_origin_v1:Hmax=720,joint-scaling,release,standard_hl_shared_origin_v1,loop_seattle/5T/short,Granite-PatchTST-FM-r1,patchtstfm,granite-timeseries-patchtst-fm-r1,257.895552,257.895552,96,controlled,shared_origin_v1:Hmax=720,720,720,1024,controlled,94320,104400,1024,1024,256,256,100,[],merged,2,323,465120,26184961.315769076,,100,,float32,native_horizon,96,,direct_full_horizon,74.70308121089718,74.70308121089718,4.75599646999699,0.747468293455711,0.15387004370700874,0.11125979257851973,5.746130794361612,8.6430944233473,0.15352614157830857,0.08448013542769017,0.06691505917823935,0.747468293455711,1.184716577264144,0.6309258330645067,-0.4605669620741702,0.06691505917823935,0.11731650359111231,0.5703806125305351,-0.5614513997119163,Transport,1
loop_seattle/5T/short|H=96|L=2048|Hsrc=controlled|Lsrc=controlled|origins=shared_origin_v1:Hmax=720,joint-scaling,release,standard_hl_shared_origin_v1,loop_seattle/5T/short,Granite-PatchTST-FM-r1,patchtstfm,granite-timeseries-patchtst-fm-r1,257.895552,257.895552,96,controlled,shared_origin_v1:Hmax=720,720,720,2048,controlled,94320,104400,2048,2048,256,256,100,[],merged,2,323,465120,26184961.315769076,,100,,float32,native_horizon,96,,direct_full_horizon,73.82839939155487,73.82839939155487,4.651255270817209,0.7336893688440731,0.1486853183238499,0.10920304960100602,5.490686940439825,8.592345395266351,0.1526246933135446,0.08261963137824706,0.06512525074152453,0.7336893688440731,1.184716577264144,0.6192952668378928,-0.4791731138286829,0.06512525074152453,0.11731650359111231,0.5551243750709453,-0.5885630911152551,Transport,1
loop_seattle/5T/short|H=96|L=4096|Hsrc=controlled|Lsrc=controlled|origins=shared_origin_v1:Hmax=720,joint-scaling,release,standard_hl_shared_origin_v1,loop_seattle/5T/short,Granite-PatchTST-FM-r1,patchtstfm,granite-timeseries-patchtst-fm-r1,257.895552,257.895552,96,controlled,shared_origin_v1:Hmax=720,720,720,4096,controlled,94320,104400,4096,4096,256,256,100,[],merged,2,323,465120,26184961.315769076,,100,,float32,native_horizon,96,,direct_full_horizon,64.48263702445068,64.48263702445068,4.407089803437822,0.7004121378136091,0.12777135263081468,0.10423966818836738,5.166734021804221,8.03010815770564,0.14263774772364404,0.07828255251767571,0.0616576931895999,0.7004121378136091,1.184716577264144,0.5912064971953588,-0.5255899195652333,0.0616576931895999,0.11731650359111231,0.5255670881950063,-0.643277431361709,Transport,1
loop_seattle/5T/short|H=96|L=6144|Hsrc=controlled|Lsrc=controlled|origins=shared_origin_v1:Hmax=720,joint-scaling-l6144,release,standard_hl_shared_origin_v1,loop_seattle/5T/short,Granite-PatchTST-FM-r1,patchtstfm,granite-timeseries-patchtst-fm-r1,257.895552,257.895552,96,controlled,shared_origin_v1:Hmax=720,720,720,6144,controlled,94320,104400,6144,6144,256,256,100,[],merged,6,323,465120,26184961.315769076,,100,,float32,native_horizon,96,,direct_full_horizon,63.92299821484241,63.92299821484241,4.360372953149187,0.6925657943731627,0.12462852377640574,0.10353222918502235,5.094220502685805,7.995185939979283,0.14201742899515687,0.07745272729302799,0.06091257149362059,0.6925657943731627,1.184716577264144,0.5845835262746969,-0.5368556061842559,0.06091257149362059,0.11731650359111231,0.5192157081830661,-0.655435859460037,Transport,1
loop_seattle/5T/short|H=96|L=8192|Hsrc=controlled|Lsrc=controlled|origins=shared_origin_v1:Hmax=720,joint-scaling,release,standard_hl_shared_origin_v1,loop_seattle/5T/short,Granite-PatchTST-FM-r1,patchtstfm,granite-timeseries-patchtst-fm-r1,257.895552,257.895552,96,controlled,shared_origin_v1:Hmax=720,720,720,8192,controlled,94320,104400,8064,8064,256,256,100,[],merged,2,323,465120,26184961.315769076,,100,,float32,native_horizon,96,,direct_full_horizon,56.97528611567982,56.97528611567982,4.176744459091203,0.664384021616529,0.12101049643018871,0.09878884929949613,4.945335264793283,7.548197540849062,0.1340776332591118,0.0741909586722428,0.058232068875852104,0.664384021616529,1.184716577264144,0.5607957501116304,-0.57839852155076,0.058232068875852104,0.11731650359111231,0.49636723814076966,-0.700439226740326,Transport,1
loop_seattle/5T/short|H=192|L=128|Hsrc=controlled|Lsrc=controlled|origins=shared_origin_v1:Hmax=720,joint-scaling,release,standard_hl_shared_origin_v1,loop_seattle/5T/short,Granite-PatchTST-FM-r1,patchtstfm,granite-timeseries-patchtst-fm-r1,257.895552,257.895552,192,controlled,shared_origin_v1:Hmax=720,720,720,128,controlled,94320,104400,128,128,256,256,100,[],merged,2,323,930240,53017427.57837188,,100,,float32,native_horizon,192,,direct_full_horizon,135.88607556920795,135.88607556920795,6.901505147529132,1.0838980298400487,0.26180268619984826,0.14704508169598707,10.765279713571566,11.657018296683246,0.204533210976277,0.12109331670132786,0.09939519427468087,1.0838980298400487,1.0971770242236139,0.9878971268169221,-0.012176709310346331,0.09939519427468087,0.10738030835162748,0.9256370725738785,-0.07727305142648819,Transport,1
loop_seattle/5T/short|H=192|L=256|Hsrc=controlled|Lsrc=controlled|origins=shared_origin_v1:Hmax=720,joint-scaling,release,standard_hl_shared_origin_v1,loop_seattle/5T/short,Granite-PatchTST-FM-r1,patchtstfm,granite-timeseries-patchtst-fm-r1,257.895552,257.895552,192,controlled,shared_origin_v1:Hmax=720,720,720,256,controlled,94320,104400,256,256,256,256,100,[],merged,2,323,930240,53017427.57837188,,100,,float32,native_horizon,192,,direct_full_horizon,94.55354700131149,94.55354700131149,5.607434573335913,0.8895293546252897,0.17424740366481364,0.12426890441138679,7.36846041377956,9.72386481813232,0.1706142380266951,0.09838764677500007,0.07862842436060453,0.8895293546252897,1.0971770242236139,0.8107436949427007,-0.20980331064554666,0.07862842436060453,0.10738030835162748,0.7322424899649939,-0.31164354943478345,Transport,1
loop_seattle/5T/short|H=192|L=512|Hsrc=controlled|Lsrc=controlled|origins=shared_origin_v1:Hmax=720,joint-scaling,release,standard_hl_shared_origin_v1,loop_seattle/5T/short,Granite-PatchTST-FM-r1,patchtstfm,granite-timeseries-patchtst-fm-r1,257.895552,257.895552,192,controlled,shared_origin_v1:Hmax=720,720,720,512,controlled,94320,104400,512,512,256,256,100,[],merged,2,323,930240,53017427.57837188,,100,,float32,native_horizon,192,,direct_full_horizon,84.89745589847782,84.89745589847782,5.198673611782981,0.8234180792066338,0.1668065723619963,0.11558239887291351,6.496522761434826,9.213981544287888,0.16166786249838602,0.09121555612022604,0.0723065593762149,0.8234180792066338,1.0971770242236139,0.7504878985132798,-0.28703175260453895,0.0723065593762149,0.10738030835162748,0.6733688931069176,-0.39546196710454967,Transport,1
loop_seattle/5T/short|H=192|L=1024|Hsrc=controlled|Lsrc=controlled|origins=shared_origin_v1:Hmax=720,joint-scaling,release,standard_hl_shared_origin_v1,loop_seattle/5T/short,Granite-PatchTST-FM-r1,patchtstfm,granite-timeseries-patchtst-fm-r1,257.895552,257.895552,192,controlled,shared_origin_v1:Hmax=720,720,720,1024,controlled,94320,104400,1024,1024,256,256,100,[],merged,2,323,930240,53017427.57837188,,100,,float32,native_horizon,192,,direct_full_horizon,68.28282573583161,68.28282573583161,4.642234908800417,0.7350510927852094,0.14375220011057294,0.10454868714260736,5.510786715402723,8.263342286014273,0.14498801392766433,0.08145232235530342,0.06426616112587506,0.7350510927852094,1.0971770242236139,0.6699475805240703,-0.4005558076816548,0.06426616112587506,0.10738030835162748,0.5984911210669012,-0.5133435894042602,Transport,1
loop_seattle/5T/short|H=192|L=2048|Hsrc=controlled|Lsrc=controlled|origins=shared_origin_v1:Hmax=720,joint-scaling,release,standard_hl_shared_origin_v1,loop_seattle/5T/short,Granite-PatchTST-FM-r1,patchtstfm,granite-timeseries-patchtst-fm-r1,257.895552,257.895552,192,controlled,shared_origin_v1:Hmax=720,720,720,2048,controlled,94320,104400,2048,2048,256,256,100,[],merged,2,323,930240,53017427.57837188,,100,,float32,native_horizon,192,,direct_full_horizon,69.68582042671784,69.68582042671784,4.61837332469309,0.7294366650824712,0.14056280704966762,0.10461522808672023,5.360088865980192,8.347803329422527,0.14646996136662582,0.08103364870375389,0.06374500064305436,0.7294366650824712,1.0971770242236139,0.66483042296537,-0.4082232739046855,0.06374500064305436,0.10738030835162748,0.5936377127388666,-0.5214860569050279,Transport,1
loop_seattle/5T/short|H=192|L=4096|Hsrc=controlled|Lsrc=controlled|origins=shared_origin_v1:Hmax=720,joint-scaling,release,standard_hl_shared_origin_v1,loop_seattle/5T/short,Granite-PatchTST-FM-r1,patchtstfm,granite-timeseries-patchtst-fm-r1,257.895552,257.895552,192,controlled,shared_origin_v1:Hmax=720,720,720,4096,controlled,94320,104400,4096,4096,256,256,100,[],merged,2,323,930240,53017427.57837188,,100,,float32,native_horizon,192,,direct_full_horizon,66.7908785635965,66.7908785635965,4.524164971035701,0.7174824618264486,0.13036913981665685,0.1026559377643387,5.189495230917864,8.17256866374315,0.14339530643055562,0.07938067565490681,0.06223622822109933,0.7174824618264486,1.0971770242236139,0.6539350040930311,-0.4247473145844161,0.06223622822109933,0.10738030835162748,0.5795869762014523,-0.5454395391099272,Transport,1
loop_seattle/5T/short|H=192|L=6144|Hsrc=controlled|Lsrc=controlled|origins=shared_origin_v1:Hmax=720,joint-scaling-l6144,release,standard_hl_shared_origin_v1,loop_seattle/5T/short,Granite-PatchTST-FM-r1,patchtstfm,granite-timeseries-patchtst-fm-r1,257.895552,257.895552,192,controlled,shared_origin_v1:Hmax=720,720,720,6144,controlled,94320,104400,6144,6144,256,256,100,[],merged,6,323,930240,53017427.57837188,,100,,float32,native_horizon,192,,direct_full_horizon,65.39513959435199,65.39513959435199,4.475195337695111,0.7105375107218813,0.12735251658636146,0.10170135858914349,5.1166599814703915,8.086726135733297,0.14188911956138242,0.07852145796367857,0.06150976993731714,0.7105375107218813,1.0971770242236139,0.6476051676571272,-0.4344740775052334,0.06150976993731714,0.10738030835162748,0.5728216921849143,-0.5571807936182109,Transport,1
loop_seattle/5T/short|H=192|L=8192|Hsrc=controlled|Lsrc=controlled|origins=shared_origin_v1:Hmax=720,joint-scaling,release,standard_hl_shared_origin_v1,loop_seattle/5T/short,Granite-PatchTST-FM-r1,patchtstfm,granite-timeseries-patchtst-fm-r1,257.895552,257.895552,192,controlled,shared_origin_v1:Hmax=720,720,720,8192,controlled,94320,104400,8000,8000,256,256,100,[],merged,2,323,930240,53017427.57837188,,100,,float32,native_horizon,192,,direct_full_horizon,60.76534039602683,60.76534039602683,4.337040621741433,0.6900844327642122,0.12424605756352192,0.09843001849552098,4.97251198956616,7.795212658807124,0.13677424490295165,0.07609740517879433,0.059561108980005315,0.6900844327642122,1.0971770242236139,0.6289636198429609,-0.4636818620418858,0.059561108980005315,0.10738030835162748,0.5546744081323229,-0.5893739893971582,Transport,1
loop_seattle/5T/short|H=336|L=128|Hsrc=controlled|Lsrc=controlled|origins=shared_origin_v1:Hmax=720,joint-scaling,release,standard_hl_shared_origin_v1,loop_seattle/5T/short,Granite-PatchTST-FM-r1,patchtstfm,granite-timeseries-patchtst-fm-r1,257.895552,257.895552,336,controlled,shared_origin_v1:Hmax=720,720,720,128,controlled,94320,104400,128,128,256,256,100,[],merged,2,323,1627920,92063261.14741683,,100,,float32,native_horizon,336,,direct_full_horizon,130.68956605668583,130.68956605668583,6.761029997251093,1.0620923128226318,0.2513843369721792,0.1464875327872377,10.613941189655174,11.431953728767706,0.20214693551139432,0.11955274901136635,0.09801372331851532,1.0620923128226318,1.1369492698328763,0.9341598090640861,-0.06810775360785798,0.09801372331851532,0.11269141332273826,0.8697532529635836,-0.13954572484373276,Transport,1
loop_seattle/5T/short|H=336|L=256|Hsrc=controlled|Lsrc=controlled|origins=shared_origin_v1:Hmax=720,joint-scaling,release,standard_hl_shared_origin_v1,loop_seattle/5T/short,Granite-PatchTST-FM-r1,patchtstfm,granite-timeseries-patchtst-fm-r1,257.895552,257.895552,336,controlled,shared_origin_v1:Hmax=720,720,720,256,controlled,94320,104400,256,256,256,256,100,[],merged,2,323,1627920,92063261.14741683,,100,,float32,native_horizon,336,,direct_full_horizon,104.8335744001548,104.8335744001548,5.957469923276328,0.9428041938496882,0.1903185382182958,0.13239821889042075,8.152060859401002,10.238826807801507,0.18104932118651015,0.10534369863316666,0.08462033733581346,0.9428041938496882,1.1369492698328763,0.8292403354006058,-0.18724525584983598,0.08462033733581346,0.11269141332273826,0.7509031508325155,-0.2864785958103714,Transport,1
loop_seattle/5T/short|H=336|L=512|Hsrc=controlled|Lsrc=controlled|origins=shared_origin_v1:Hmax=720,joint-scaling,release,standard_hl_shared_origin_v1,loop_seattle/5T/short,Granite-PatchTST-FM-r1,patchtstfm,granite-timeseries-patchtst-fm-r1,257.895552,257.895552,336,controlled,shared_origin_v1:Hmax=720,720,720,512,controlled,94320,104400,512,512,256,256,100,[],merged,2,323,1627920,92063261.14741683,,100,,float32,native_horizon,336,,direct_full_horizon,97.71261682852966,97.71261682852966,5.713170444301624,0.9071318272872487,0.18627382443691567,0.12687499916016298,7.542631447999154,9.8849692376117,0.17479219094276413,0.1010238428855446,0.08098533203104788,0.9071318272872487,1.1369492698328763,0.7978648224301079,-0.22581609133235073,0.08098533203104788,0.11269141332273826,0.718646875065033,-0.33038517533494305,Transport,1
loop_seattle/5T/short|H=336|L=1024|Hsrc=controlled|Lsrc=controlled|origins=shared_origin_v1:Hmax=720,joint-scaling,release,standard_hl_shared_origin_v1,loop_seattle/5T/short,Granite-PatchTST-FM-r1,patchtstfm,granite-timeseries-patchtst-fm-r1,257.895552,257.895552,336,controlled,shared_origin_v1:Hmax=720,720,720,1024,controlled,94320,104400,1024,1024,256,256,100,[],merged,2,323,1627920,92063261.14741683,,100,,float32,native_horizon,336,,direct_full_horizon,81.37625616584353,81.37625616584353,5.122609775818222,0.8118262380791802,0.16174427084773055,0.11519899858972166,6.568671153800401,9.020878902071766,0.1595128067291229,0.09058118083495663,0.0722118277251242,0.8118262380791802,1.1369492698328763,0.714039104135678,-0.33681755044522027,0.0722118277251242,0.11269141332273826,0.6407926353564837,-0.4450493761834139,Transport,1
loop_seattle/5T/short|H=336|L=2048|Hsrc=controlled|Lsrc=controlled|origins=shared_origin_v1:Hmax=720,joint-scaling,release,standard_hl_shared_origin_v1,loop_seattle/5T/short,Granite-PatchTST-FM-r1,patchtstfm,granite-timeseries-patchtst-fm-r1,257.895552,257.895552,336,controlled,shared_origin_v1:Hmax=720,720,720,2048,controlled,94320,104400,2048,2048,256,256,100,[],merged,2,323,1627920,92063261.14741683,,100,,float32,native_horizon,336,,direct_full_horizon,80.52805520234409,80.52805520234409,5.023640754958782,0.7935075414755901,0.15157116239407975,0.11391725483453387,5.9671999263110225,8.973742541567821,0.15867931220551798,0.08883114888486618,0.07010286646056167,0.7935075414755901,1.1369492698328763,0.6979269546408436,-0.3596408312075921,0.07010286646056167,0.11269141332273826,0.6220781547906694,-0.4746895433474992,Transport,1
loop_seattle/5T/short|H=336|L=4096|Hsrc=controlled|Lsrc=controlled|origins=shared_origin_v1:Hmax=720,joint-scaling,release,standard_hl_shared_origin_v1,loop_seattle/5T/short,Granite-PatchTST-FM-r1,patchtstfm,granite-timeseries-patchtst-fm-r1,257.895552,257.895552,336,controlled,shared_origin_v1:Hmax=720,720,720,4096,controlled,94320,104400,4096,4096,256,256,100,[],merged,2,323,1627920,92063261.14741683,,100,,float32,native_horizon,336,,direct_full_horizon,81.35537595520664,81.35537595520664,5.001507358700059,0.7903503723156327,0.14802948294989254,0.113627117610082,5.720431123473327,9.0197215009781,0.1594923408411572,0.08843977236845313,0.06944167738362694,0.7903503723156327,1.1369492698328763,0.6951500768647388,-0.36362751879370897,0.06944167738362694,0.11269141332273826,0.6162109013998441,-0.48416600164232976,Transport,1
loop_seattle/5T/short|H=336|L=6144|Hsrc=controlled|Lsrc=controlled|origins=shared_origin_v1:Hmax=720,joint-scaling-l6144,release,standard_hl_shared_origin_v1,loop_seattle/5T/short,Granite-PatchTST-FM-r1,patchtstfm,granite-timeseries-patchtst-fm-r1,257.895552,257.895552,336,controlled,shared_origin_v1:Hmax=720,720,720,6144,controlled,94320,104400,6144,6144,256,256,100,[],merged,6,323,1627920,92063261.14741683,,100,,float32,native_horizon,336,,direct_full_horizon,80.95356073624626,80.95356073624626,4.984652221805663,0.7885210500983564,0.1468269154307145,0.11321473370735355,5.669293612612158,8.997419671008252,0.15909798597481828,0.08814172932597185,0.06917540389868766,0.7885210500983564,1.1369492698328763,0.6935411025104607,-0.36594477276369985,0.06917540389868766,0.11269141332273826,0.6138480462621887,-0.4880078631213066,Transport,1
loop_seattle/5T/short|H=336|L=8192|Hsrc=controlled|Lsrc=controlled|origins=shared_origin_v1:Hmax=720,joint-scaling,release,standard_hl_shared_origin_v1,loop_seattle/5T/short,Granite-PatchTST-FM-r1,patchtstfm,granite-timeseries-patchtst-fm-r1,257.895552,257.895552,336,controlled,shared_origin_v1:Hmax=720,720,720,8192,controlled,94320,104400,7856,7856,256,256,100,[],merged,2,323,1627920,92063261.14741683,,100,,float32,native_horizon,336,,direct_full_horizon,75.48769603236032,75.48769603236032,4.817216160038577,0.7635316219413663,0.14315144424854645,0.10953345400231776,5.435180963926786,8.688365555866092,0.15363309836545355,0.08518102045823561,0.06665752528426679,0.7635316219413663,1.1369492698328763,0.6715617329642158,-0.3981493343118552,0.06665752528426679,0.11269141332273826,0.5915049187764246,-0.5250852798308586,Transport,1
loop_seattle/5T/short|H=720|L=128|Hsrc=controlled|Lsrc=controlled|origins=shared_origin_v1:Hmax=720,joint-scaling,release,standard_hl_shared_origin_v1,loop_seattle/5T/short,Granite-PatchTST-FM-r1,patchtstfm,granite-timeseries-patchtst-fm-r1,257.895552,257.895552,720,controlled,shared_origin_v1:Hmax=720,720,720,128,controlled,94320,104400,128,128,256,256,100,[],merged,2,323,3488400,197305397.9755218,,100,,float32,native_horizon,720,,direct_full_horizon,151.11295866299736,151.11295866299736,7.53648684748022,1.1826904035531585,0.28437707971643517,0.16119745195684268,12.533458684926234,12.292801091004334,0.21733925055197725,0.13324663688122532,0.11014512568121052,1.1826904035531585,1.2506857542723633,0.9456335450476416,-0.055900158078344316,0.11014512568121052,0.12716656793492073,0.8661484497842139,-0.14369896503629398,Transport,1
loop_seattle/5T/short|H=720|L=256|Hsrc=controlled|Lsrc=controlled|origins=shared_origin_v1:Hmax=720,joint-scaling,release,standard_hl_shared_origin_v1,loop_seattle/5T/short,Granite-PatchTST-FM-r1,patchtstfm,granite-timeseries-patchtst-fm-r1,257.895552,257.895552,720,controlled,shared_origin_v1:Hmax=720,720,720,256,controlled,94320,104400,256,256,256,256,100,[],merged,2,323,3488400,197305397.9755218,,100,,float32,native_horizon,720,,direct_full_horizon,133.5473353113175,133.5473353113175,6.833259803921568,1.0783189910619997,0.22694770637147402,0.15043841004740713,9.663499220710067,11.55626822600261,0.2043171980757912,0.12081343817545881,0.09721328125084387,1.0783189910619997,1.2506857542723633,0.8621821967496185,-0.14828866551413925,0.09721328125084387,0.12716656793492073,0.7644562783246154,-0.26859044514428404,Transport,1
loop_seattle/5T/short|H=720|L=512|Hsrc=controlled|Lsrc=controlled|origins=shared_origin_v1:Hmax=720,joint-scaling,release,standard_hl_shared_origin_v1,loop_seattle/5T/short,Granite-PatchTST-FM-r1,patchtstfm,granite-timeseries-patchtst-fm-r1,257.895552,257.895552,720,controlled,shared_origin_v1:Hmax=720,720,720,512,controlled,94320,104400,512,512,256,256,100,[],merged,2,323,3488400,197305397.9755218,,100,,float32,native_horizon,720,,direct_full_horizon,128.08742184812522,128.08742184812522,6.69697741084738,1.061753532045995,0.21485202197483982,0.14830925758518412,9.016395537746495,11.317571375879421,0.2000969886921988,0.11840393744776469,0.0952600588698565,1.061753532045995,1.2506857542723633,0.8489370958444415,-0.16377018747175873,0.0952600588698565,0.12716656793492073,0.7490967194979042,-0.28888717229579264,Transport,1
loop_seattle/5T/short|H=720|L=1024|Hsrc=controlled|Lsrc=controlled|origins=shared_origin_v1:Hmax=720,joint-scaling,release,standard_hl_shared_origin_v1,loop_seattle/5T/short,Granite-PatchTST-FM-r1,patchtstfm,granite-timeseries-patchtst-fm-r1,257.895552,257.895552,720,controlled,shared_origin_v1:Hmax=720,720,720,1024,controlled,94320,104400,1024,1024,256,256,100,[],merged,2,323,3488400,197305397.9755218,,100,,float32,native_horizon,720,,direct_full_horizon,116.75388197311088,116.75388197311088,6.132328565746474,0.9693468804112514,0.18536626706660825,0.13831701012082007,8.312972659552827,10.805271027286214,0.19103941320582385,0.10842082978086563,0.08732445239592172,0.9693468804112514,1.2506857542723633,0.7750523079837972,-0.25482475773377766,0.08732445239592172,0.12716656793492073,0.6866934746608183,-0.37586726586050895,Transport,1
loop_seattle/5T/short|H=720|L=2048|Hsrc=controlled|Lsrc=controlled|origins=shared_origin_v1:Hmax=720,joint-scaling,release,standard_hl_shared_origin_v1,loop_seattle/5T/short,Granite-PatchTST-FM-r1,patchtstfm,granite-timeseries-patchtst-fm-r1,257.895552,257.895552,720,controlled,shared_origin_v1:Hmax=720,720,720,2048,controlled,94320,104400,2048,2048,256,256,100,[],merged,2,323,3488400,197305397.9755218,,100,,float32,native_horizon,720,,direct_full_horizon,101.78406310916179,101.78406310916179,5.489612662682032,0.8667257711764921,0.16614981863999254,0.1248489574095126,7.217161508601636,10.088808805263474,0.17837221382380697,0.09705748047945344,0.07780101970965106,0.8667257711764921,1.2506857542723633,0.6930004345342085,-0.36672465275894056,0.07780101970965106,0.12716656793492073,0.611804037594746,-0.49134324775336446,Transport,1
loop_seattle/5T/short|H=720|L=4096|Hsrc=controlled|Lsrc=controlled|origins=shared_origin_v1:Hmax=720,joint-scaling,release,standard_hl_shared_origin_v1,loop_seattle/5T/short,Granite-PatchTST-FM-r1,patchtstfm,granite-timeseries-patchtst-fm-r1,257.895552,257.895552,720,controlled,shared_origin_v1:Hmax=720,720,720,4096,controlled,94320,104400,4096,4096,256,256,100,[],merged,2,323,3488400,197305397.9755218,,100,,float32,native_horizon,720,,direct_full_horizon,88.59478489422085,88.59478489422085,5.17052795963049,0.8188040234271411,0.15117983357565432,0.11785211343309253,6.544566236014831,9.412480273244713,0.16641458633210018,0.09141599732924033,0.07279063077575687,0.8188040234271411,1.2506857542723633,0.6546840568304971,-0.42360251570192964,0.07279063077575687,0.12716656793492073,0.5724038319018604,-0.5579105368745543,Transport,1
loop_seattle/5T/short|H=720|L=6144|Hsrc=controlled|Lsrc=controlled|origins=shared_origin_v1:Hmax=720,joint-scaling-l6144,release,standard_hl_shared_origin_v1,loop_seattle/5T/short,Granite-PatchTST-FM-r1,patchtstfm,granite-timeseries-patchtst-fm-r1,257.895552,257.895552,720,controlled,shared_origin_v1:Hmax=720,720,720,6144,controlled,94320,104400,6144,6144,256,256,100,[],merged,6,323,3488400,197305397.9755218,,100,,float32,native_horizon,720,,direct_full_horizon,86.30402671174464,86.30402671174464,5.1197422797700955,0.8103224943301255,0.1486800779332372,0.11657687853487407,6.330353816135521,9.289996055529015,0.16424904018149536,0.09051809606833829,0.07181142527908226,0.8103224943301255,1.2506857542723633,0.6479025539085661,-0.4340149737087651,0.07181142527908226,0.12716656793492073,0.5647036516376911,-0.5714541958151497,Transport,1
loop_seattle/5T/short|H=720|L=8192|Hsrc=controlled|Lsrc=controlled|origins=shared_origin_v1:Hmax=720,joint-scaling,release,standard_hl_shared_origin_v1,loop_seattle/5T/short,Granite-PatchTST-FM-r1,patchtstfm,granite-timeseries-patchtst-fm-r1,257.895552,257.895552,720,controlled,shared_origin_v1:Hmax=720,720,720,8192,controlled,94320,104400,7472,7472,256,256,100,[],merged,2,323,3488400,197305397.9755218,,100,,float32,native_horizon,720,,direct_full_horizon,84.20428788986355,84.20428788986355,5.065156370936532,0.8022224355404326,0.14756064617173167,0.1152938223743559,6.1917117988112,9.1762894401748,0.1622386838452189,0.08955300597790587,0.07091904722501158,0.8022224355404326,1.2506857542723633,0.6414260599035588,-0.44406136282665304,0.07091904722501158,0.12716656793492073,0.5576862565112664,-0.5839587390474107,Transport,1
loop_seattle/H/short|H=48|L=128|Hsrc=controlled|Lsrc=controlled|origins=shared_origin_v1:Hmax=720,joint-scaling,release,standard_hl_shared_origin_v1,loop_seattle/H/short,Granite-PatchTST-FM-r1,patchtstfm,granite-timeseries-patchtst-fm-r1,257.895552,257.895552,48,controlled,shared_origin_v1:Hmax=720,720,720,128,controlled,7320,8040,128,128,256,256,100,[],merged,2,323,31008,1656976.6854760647,,100,,float32,native_horizon,48,,direct_full_horizon,64.53392824029282,64.53392824029282,4.380803221396494,0.9186856114834863,0.162331549621834,0.11197585587161982,7.1678927624816,8.03330120437998,0.15033199074484663,0.08198060206866123,0.06488675421803757,0.9186856114834863,1.344619756005659,0.6832307850455381,-0.380922577444588,0.06488675421803757,0.1135796516928088,0.5712885472965913,-0.5598608601941409,Transport,1
loop_seattle/H/short|H=48|L=256|Hsrc=controlled|Lsrc=controlled|origins=shared_origin_v1:Hmax=720,joint-scaling,release,standard_hl_shared_origin_v1,loop_seattle/H/short,Granite-PatchTST-FM-r1,patchtstfm,granite-timeseries-patchtst-fm-r1,257.895552,257.895552,48,controlled,shared_origin_v1:Hmax=720,720,720,256,controlled,7320,8040,256,256,256,256,100,[],merged,2,323,31008,1656976.6854760647,,100,,float32,native_horizon,48,,direct_full_horizon,108.468895123839,108.468895123839,5.315909780338945,1.0883088576305424,0.2192138065617643,0.12733542242532422,9.806830674964997,10.414840139139871,0.19489915933347277,0.09947981279011851,0.08093449919211573,1.0883088576305424,1.344619756005659,0.8093803863654984,-0.21148627914742318,0.08093449919211573,0.1135796516928088,0.7125792163108036,-0.33886419223236436,Transport,1
loop_seattle/H/short|H=48|L=512|Hsrc=controlled|Lsrc=controlled|origins=shared_origin_v1:Hmax=720,joint-scaling,release,standard_hl_shared_origin_v1,loop_seattle/H/short,Granite-PatchTST-FM-r1,patchtstfm,granite-timeseries-patchtst-fm-r1,257.895552,257.895552,48,controlled,shared_origin_v1:Hmax=720,720,720,512,controlled,7320,8040,512,512,256,256,100,[],merged,2,323,31008,1656976.6854760647,,100,,float32,native_horizon,48,,direct_full_horizon,36.32226108988003,36.32226108988003,3.281826275174955,0.6940628244976516,0.10800961493461617,0.08612170873903761,5.821828632641349,6.026795258666088,0.11278303974870113,0.061414786359162074,0.04917503030740041,0.6940628244976516,1.344619756005659,0.5161777680252457,-0.6613040611542629,0.04917503030740041,0.1135796516928088,0.4329563401057153,-0.8371183872280805,Transport,1
loop_seattle/H/short|H=48|L=1024|Hsrc=controlled|Lsrc=controlled|origins=shared_origin_v1:Hmax=720,joint-scaling,release,standard_hl_shared_origin_v1,loop_seattle/H/short,Granite-PatchTST-FM-r1,patchtstfm,granite-timeseries-patchtst-fm-r1,257.895552,257.895552,48,controlled,shared_origin_v1:Hmax=720,720,720,1024,controlled,7320,8040,1024,1024,256,256,100,[],merged,2,323,31008,1656976.6854760647,,100,,float32,native_horizon,48,,direct_full_horizon,40.27234781145189,40.27234781145189,3.3945638146808887,0.7150388135026392,0.11581093460413694,0.08765016915997484,5.896811454173469,6.346049780095638,0.11875744137261009,0.06352451165321209,0.05079400871273878,0.7150388135026392,1.344619756005659,0.5317777091322388,-0.6315297169369352,0.05079400871273878,0.1135796516928088,0.44721046380841084,-0.8047259589167529,Transport,1
loop_seattle/H/short|H=48|L=2048|Hsrc=controlled|Lsrc=controlled|origins=shared_origin_v1:Hmax=720,joint-scaling,release,standard_hl_shared_origin_v1,loop_seattle/H/short,Granite-PatchTST-FM-r1,patchtstfm,granite-timeseries-patchtst-fm-r1,257.895552,257.895552,48,controlled,shared_origin_v1:Hmax=720,720,720,2048,controlled,7320,8040,2048,2048,256,256,100,[],merged,2,323,31008,1656976.6854760647,,100,,float32,native_horizon,48,,direct_full_horizon,37.50951997266834,37.50951997266834,3.3151006708450237,0.6981463607274565,0.10967441732054278,0.08612593925405213,5.539089814912232,6.124501610144971,0.11461147739252155,0.0620374701120364,0.04937429795363886,0.6981463607274565,1.344619756005659,0.5192147130140176,-0.6554377761393411,0.04937429795363886,0.1135796516928088,0.43471077096783306,-0.8330743633605351,Transport,1
loop_seattle/H/short|H=48|L=4096|Hsrc=controlled|Lsrc=controlled|origins=shared_origin_v1:Hmax=720,joint-scaling,release,standard_hl_shared_origin_v1,loop_seattle/H/short,Granite-PatchTST-FM-r1,patchtstfm,granite-timeseries-patchtst-fm-r1,257.895552,257.895552,48,controlled,shared_origin_v1:Hmax=720,720,720,4096,controlled,7320,8040,4096,4096,256,256,100,[],merged,2,323,31008,1656976.6854760647,,100,,float32,native_horizon,48,,direct_full_horizon,36.32941650138674,36.32941650138674,3.295621574724668,0.6950433840324444,0.10851616756096713,0.08555764974824415,5.493665533777654,6.027388862632536,0.11279414821628125,0.061672946085962695,0.04916757238877705,0.6950433840324444,1.344619756005659,0.5169070147363797,-0.6598922760918432,0.04916757238877705,0.1135796516928088,0.4328906776519905,-0.8372700594115126,Transport,1
loop_seattle/H/short|H=48|L=6144|Hsrc=controlled|Lsrc=controlled|origins=shared_origin_v1:Hmax=720,joint-scaling-l6144,release,standard_hl_shared_origin_v1,loop_seattle/H/short,Granite-PatchTST-FM-r1,patchtstfm,granite-timeseries-patchtst-fm-r1,257.895552,257.895552,48,controlled,shared_origin_v1:Hmax=720,720,720,6144,controlled,7320,8040,6144,6144,256,256,100,[],merged,6,323,31008,1656976.6854760647,,100,,float32,native_horizon,48,,direct_full_horizon,36.25505313144995,36.25505313144995,3.2888640255135773,0.6950016921787904,0.10923705283087227,0.08542378645071182,5.504436572434715,6.021216914499091,0.11267864884359884,0.06154648800856537,0.04915153425267125,0.6950016921787904,1.344619756005659,0.5168760083098656,-0.6599522624252075,0.04915153425267125,0.1135796516928088,0.4327494715832382,-0.8375963059936046,Transport,1
loop_seattle/H/short|H=48|L=8192|Hsrc=controlled|Lsrc=controlled|origins=shared_origin_v1:Hmax=720,joint-scaling,release,standard_hl_shared_origin_v1,loop_seattle/H/short,Granite-PatchTST-FM-r1,patchtstfm,granite-timeseries-patchtst-fm-r1,257.895552,257.895552,48,controlled,shared_origin_v1:Hmax=720,720,720,8192,controlled,7320,8040,7320,8040,256,256,100,[],merged,2,323,31008,1656976.6854760647,,100,,float32,native_horizon,48,,direct_full_horizon,36.31124528347523,36.31124528347523,3.257650180497775,0.6892786410078146,0.11083982800305567,0.08493912601372529,5.549599849374324,6.02588128687209,0.11276593604553095,0.06096236457778099,0.04881145135923552,0.6892786410078146,1.344619756005659,0.5126197483929529,-0.6682209398618619,0.04881145135923552,0.1135796516928088,0.4297552478084063,-0.8445394234885437,Transport,1
loop_seattle/H/short|H=96|L=128|Hsrc=controlled|Lsrc=controlled|origins=shared_origin_v1:Hmax=720,joint-scaling,release,standard_hl_shared_origin_v1,loop_seattle/H/short,Granite-PatchTST-FM-r1,patchtstfm,granite-timeseries-patchtst-fm-r1,257.895552,257.895552,96,controlled,shared_origin_v1:Hmax=720,720,720,128,controlled,7320,8040,128,128,256,256,100,[],merged,2,323,62016,3347817.30120945,,100,,float32,native_horizon,96,,direct_full_horizon,79.16731216540893,79.16731216540893,4.790445680096669,0.9915946983573567,0.17610618327547276,0.11546392411270377,8.599347263752561,8.897601483849956,0.16482191349662212,0.08873969293053979,0.0708536233146999,0.9915946983573567,1.493892268216058,0.6637658681649624,-0.4098257998718844,0.0708536233146999,0.1278238151544749,0.5543069046176832,-0.590036766170522,Transport,1
loop_seattle/H/short|H=96|L=256|Hsrc=controlled|Lsrc=controlled|origins=shared_origin_v1:Hmax=720,joint-scaling,release,standard_hl_shared_origin_v1,loop_seattle/H/short,Granite-PatchTST-FM-r1,patchtstfm,granite-timeseries-patchtst-fm-r1,257.895552,257.895552,96,controlled,shared_origin_v1:Hmax=720,720,720,256,controlled,7320,8040,256,256,256,256,100,[],merged,2,323,62016,3347817.30120945,,100,,float32,native_horizon,96,,direct_full_horizon,96.78579721362229,96.78579721362229,5.10820037243413,1.0496706538457643,0.1982846087838597,0.11970559583728897,9.194233132369188,9.837977292798673,0.18224172495010116,0.09462587883228567,0.07610416081280516,1.0496706538457643,1.493892268216058,0.7026414663081668,-0.35290852251992655,0.07610416081280516,0.1278238151544749,0.5953832681400831,-0.518549932676275,Transport,1
loop_seattle/H/short|H=96|L=512|Hsrc=controlled|Lsrc=controlled|origins=shared_origin_v1:Hmax=720,joint-scaling,release,standard_hl_shared_origin_v1,loop_seattle/H/short,Granite-PatchTST-FM-r1,patchtstfm,granite-timeseries-patchtst-fm-r1,257.895552,257.895552,96,controlled,shared_origin_v1:Hmax=720,720,720,512,controlled,7320,8040,512,512,256,256,100,[],merged,2,323,62016,3347817.30120945,,100,,float32,native_horizon,96,,direct_full_horizon,41.0540813056308,41.0540813056308,3.4053085531858716,0.7194640584515072,0.11136311372613267,0.08560849023431201,6.471437845127048,6.407345886217693,0.11869165092614968,0.06308098567926085,0.050845672402326875,0.7194640584515072,1.493892268216058,0.48160370982484585,-0.7306336818925148,0.050845672402326875,0.1278238151544749,0.3977793366664885,-0.9218578579373241,Transport,1
loop_seattle/H/short|H=96|L=1024|Hsrc=controlled|Lsrc=controlled|origins=shared_origin_v1:Hmax=720,joint-scaling,release,standard_hl_shared_origin_v1,loop_seattle/H/short,Granite-PatchTST-FM-r1,patchtstfm,granite-timeseries-patchtst-fm-r1,257.895552,257.895552,96,controlled,shared_origin_v1:Hmax=720,720,720,1024,controlled,7320,8040,1024,1024,256,256,100,[],merged,2,323,62016,3347817.30120945,,100,,float32,native_horizon,96,,direct_full_horizon,45.7955683815467,45.7955683815467,3.5495880410398124,0.745489913443901,0.11783804071699995,0.08866270850686465,6.834149062371901,6.767242302559197,0.1253584831179098,0.06575366340140462,0.05302402885006206,0.745489913443901,1.493892268216058,0.4990252170821749,-0.695098649272661,0.05302402885006206,0.1278238151544749,0.41482120359169844,-0.8799076863061808,Transport,1
loop_seattle/H/short|H=96|L=2048|Hsrc=controlled|Lsrc=controlled|origins=shared_origin_v1:Hmax=720,joint-scaling,release,standard_hl_shared_origin_v1,loop_seattle/H/short,Granite-PatchTST-FM-r1,patchtstfm,granite-timeseries-patchtst-fm-r1,257.895552,257.895552,96,controlled,shared_origin_v1:Hmax=720,720,720,2048,controlled,7320,8040,2048,2048,256,256,100,[],merged,2,323,62016,3347817.30120945,,100,,float32,native_horizon,96,,direct_full_horizon,43.66620811564758,43.66620811564758,3.480387716224442,0.7321194445470329,0.11517741830233327,0.08687410364456098,6.39267470025507,6.60804117084992,0.12240939226384327,0.06447177524633725,0.051714935341122016,0.7321194445470329,1.493892268216058,0.4900751279885119,-0.7131965772046122,0.051714935341122016,0.1278238151544749,0.40457981385256403,-0.9049062471081372,Transport,1
loop_seattle/H/short|H=96|L=4096|Hsrc=controlled|Lsrc=controlled|origins=shared_origin_v1:Hmax=720,joint-scaling,release,standard_hl_shared_origin_v1,loop_seattle/H/short,Granite-PatchTST-FM-r1,patchtstfm,granite-timeseries-patchtst-fm-r1,257.895552,257.895552,96,controlled,shared_origin_v1:Hmax=720,720,720,4096,controlled,7320,8040,4096,4096,256,256,100,[],merged,2,323,62016,3347817.30120945,,100,,float32,native_horizon,96,,direct_full_horizon,43.00636932404541,43.00636932404541,3.4770940853469265,0.7327934214988931,0.11583143122055951,0.08667565081018659,6.385542780709935,6.5579241627244675,0.12148100935155434,0.06441076301235836,0.05173005923115701,0.7327934214988931,1.493892268216058,0.4905262829788681,-0.7122764173575166,0.05173005923115701,0.1278238151544749,0.40469813210191935,-0.9046138426238934,Transport,1
loop_seattle/H/short|H=96|L=6144|Hsrc=controlled|Lsrc=controlled|origins=shared_origin_v1:Hmax=720,joint-scaling-l6144,release,standard_hl_shared_origin_v1,loop_seattle/H/short,Granite-PatchTST-FM-r1,patchtstfm,granite-timeseries-patchtst-fm-r1,257.895552,257.895552,96,controlled,shared_origin_v1:Hmax=720,720,720,6144,controlled,7320,8040,6144,6144,256,256,100,[],merged,6,323,62016,3347817.30120945,,100,,float32,native_horizon,96,,direct_full_horizon,43.08007107036894,43.08007107036894,3.472749156971588,0.7328237936559534,0.11690466519602805,0.08657212941393148,6.312541307467295,6.563541046597403,0.12158505824040444,0.06433027621935813,0.05170623303312197,0.7328237936559534,1.493892268216058,0.4905466138673173,-0.712234971123465,0.05170623303312197,0.1278238151544749,0.40451173336232416,-0.9050745358280846,Transport,1
loop_seattle/H/short|H=96|L=8192|Hsrc=controlled|Lsrc=controlled|origins=shared_origin_v1:Hmax=720,joint-scaling,release,standard_hl_shared_origin_v1,loop_seattle/H/short,Granite-PatchTST-FM-r1,patchtstfm,granite-timeseries-patchtst-fm-r1,257.895552,257.895552,96,controlled,shared_origin_v1:Hmax=720,720,720,8192,controlled,7320,8040,7320,8040,256,256,100,[],merged,2,323,62016,3347817.30120945,,100,,float32,native_horizon,96,,direct_full_horizon,43.392987545552764,43.392987545552764,3.456705697672778,0.7291694887631772,0.11852683765108249,0.08632219292923146,6.430131883898376,6.587335390395176,0.12202583200199221,0.06403308223224434,0.05160911760121266,0.7291694887631772,1.493892268216058,0.4881004502646768,-0.7172340536049764,0.05160911760121266,0.1278238151544749,0.40375197328325013,-0.9069545170683592,Transport,1
loop_seattle/H/short|H=192|L=128|Hsrc=controlled|Lsrc=controlled|origins=shared_origin_v1:Hmax=720,joint-scaling,release,standard_hl_shared_origin_v1,loop_seattle/H/short,Granite-PatchTST-FM-r1,patchtstfm,granite-timeseries-patchtst-fm-r1,257.895552,257.895552,192,controlled,shared_origin_v1:Hmax=720,720,720,128,controlled,7320,8040,128,128,256,256,100,[],merged,2,323,124032,6757989.810523033,,100,,float32,native_horizon,192,,direct_full_horizon,76.27418025187049,76.27418025187049,4.904340840468588,1.0228280019035219,0.17192352125642224,0.11603767682401266,8.492187855945923,8.733509045731303,0.16028946836726707,0.09001126373079292,0.07195181439147845,1.0228280019035219,1.4321323015188605,0.7141993800564045,-0.33659311184736246,0.07195181439147845,0.135466303338544,0.5311417866896654,-0.6327262751352685,Transport,1
loop_seattle/H/short|H=192|L=256|Hsrc=controlled|Lsrc=controlled|origins=shared_origin_v1:Hmax=720,joint-scaling,release,standard_hl_shared_origin_v1,loop_seattle/H/short,Granite-PatchTST-FM-r1,patchtstfm,granite-timeseries-patchtst-fm-r1,257.895552,257.895552,192,controlled,shared_origin_v1:Hmax=720,720,720,256,controlled,7320,8040,256,256,256,256,100,[],merged,2,323,124032,6757989.810523033,,100,,float32,native_horizon,192,,direct_full_horizon,78.4074034321788,78.4074034321788,4.695891546637158,0.9753520845759877,0.16987613307925323,0.11036243182832858,8.524965621713351,8.854795504819904,0.16251548564688073,0.08618551324323795,0.06972523000092454,0.9753520845759877,1.4321323015188605,0.6810488692570996,-0.38412121438368263,0.06972523000092454,0.135466303338544,0.5147053420855083,-0.6641606933496849,Transport,1
loop_seattle/H/short|H=192|L=512|Hsrc=controlled|Lsrc=controlled|origins=shared_origin_v1:Hmax=720,joint-scaling,release,standard_hl_shared_origin_v1,loop_seattle/H/short,Granite-PatchTST-FM-r1,patchtstfm,granite-timeseries-patchtst-fm-r1,257.895552,257.895552,192,controlled,shared_origin_v1:Hmax=720,720,720,512,controlled,7320,8040,512,512,256,256,100,[],merged,2,323,124032,6757989.810523033,,100,,float32,native_horizon,192,,direct_full_horizon,46.08898056549923,46.08898056549923,3.660509233504257,0.7733166610735962,0.11969447160529893,0.0893556414742957,6.710252448418548,6.7888865482860465,0.12459905977452863,0.06718274131503332,0.054214422119898555,0.7733166610735962,1.4321323015188605,0.5399757133146487,-0.6162311157784812,0.054214422119898555,0.135466303338544,0.40020596106775885,-0.9157759617216505,Transport,1
loop_seattle/H/short|H=192|L=1024|Hsrc=controlled|Lsrc=controlled|origins=shared_origin_v1:Hmax=720,joint-scaling,release,standard_hl_shared_origin_v1,loop_seattle/H/short,Granite-PatchTST-FM-r1,patchtstfm,granite-timeseries-patchtst-fm-r1,257.895552,257.895552,192,controlled,shared_origin_v1:Hmax=720,720,720,1024,controlled,7320,8040,1024,1024,256,256,100,[],merged,2,323,124032,6757989.810523033,,100,,float32,native_horizon,192,,direct_full_horizon,50.45547419214396,50.45547419214396,3.7928134851288378,0.7989341771510833,0.12639672246879838,0.09223387632576674,6.976109238921614,7.1032016860106095,0.1303678070285639,0.06961097240113938,0.05614062025385591,0.7989341771510833,1.4321323015188605,0.5578633875541852,-0.583641171747112,0.05614062025385591,0.135466303338544,0.4144249814919273,-0.8808633063308517,Transport,1
loop_seattle/H/short|H=192|L=2048|Hsrc=controlled|Lsrc=controlled|origins=shared_origin_v1:Hmax=720,joint-scaling,release,standard_hl_shared_origin_v1,loop_seattle/H/short,Granite-PatchTST-FM-r1,patchtstfm,granite-timeseries-patchtst-fm-r1,257.895552,257.895552,192,controlled,shared_origin_v1:Hmax=720,720,720,2048,controlled,7320,8040,2048,2048,256,256,100,[],merged,2,323,124032,6757989.810523033,,100,,float32,native_horizon,192,,direct_full_horizon,47.705543226747935,47.705543226747935,3.7100092491252257,0.7825723909953464,0.12349576133200504,0.09027737262202244,6.5246156441820355,6.906919952247017,0.12676537247557634,0.06809123424113095,0.054695206851542943,0.7825723909953464,1.4321323015188605,0.5464386147602301,-0.604333301992361,0.054695206851542943,0.135466303338544,0.4037550704757484,-0.9069468460702615,Transport,1
loop_seattle/H/short|H=192|L=4096|Hsrc=controlled|Lsrc=controlled|origins=shared_origin_v1:Hmax=720,joint-scaling,release,standard_hl_shared_origin_v1,loop_seattle/H/short,Granite-PatchTST-FM-r1,patchtstfm,granite-timeseries-patchtst-fm-r1,257.895552,257.895552,192,controlled,shared_origin_v1:Hmax=720,720,720,4096,controlled,7320,8040,4096,4096,256,256,100,[],merged,2,323,124032,6757989.810523033,,100,,float32,native_horizon,192,,direct_full_horizon,46.30307879216654,46.30307879216654,3.682615455336123,0.77861876915334,0.12180930492924709,0.08980208555365249,6.5370435397548725,6.804636565766502,0.12488812593516328,0.06758846535178469,0.05434204562696373,0.77861876915334,1.4321323015188605,0.5436779607076588,-0.6093981914111761,0.05434204562696373,0.135466303338544,0.40114806625495236,-0.9134246772977618,Transport,1
loop_seattle/H/short|H=192|L=6144|Hsrc=controlled|Lsrc=controlled|origins=shared_origin_v1:Hmax=720,joint-scaling-l6144,release,standard_hl_shared_origin_v1,loop_seattle/H/short,Granite-PatchTST-FM-r1,patchtstfm,granite-timeseries-patchtst-fm-r1,257.895552,257.895552,192,controlled,shared_origin_v1:Hmax=720,720,720,6144,controlled,7320,8040,6144,6144,256,256,100,[],merged,6,323,124032,6757989.810523033,,100,,float32,native_horizon,192,,direct_full_horizon,46.489583333333336,46.489583333333336,3.6874229659483038,0.7802540556269877,0.12298001150597729,0.08999347293093969,6.510360952438433,6.81832701865592,0.12513939211051858,0.06767669945289587,0.054480577284945625,0.7802540556269877,1.4321323015188605,0.5448198150404696,-0.6073001535885933,0.054480577284945625,0.135466303338544,0.40217069442570635,-0.9108786674864354,Transport,1
loop_seattle/H/short|H=192|L=8192|Hsrc=controlled|Lsrc=controlled|origins=shared_origin_v1:Hmax=720,joint-scaling,release,standard_hl_shared_origin_v1,loop_seattle/H/short,Granite-PatchTST-FM-r1,patchtstfm,granite-timeseries-patchtst-fm-r1,257.895552,257.895552,192,controlled,shared_origin_v1:Hmax=720,720,720,8192,controlled,7320,8040,7320,8000,256,256,100,[],merged,2,323,124032,6757989.810523033,,100,,float32,native_horizon,192,,direct_full_horizon,47.458724865357325,47.458724865357325,3.698868663933501,0.7820164002542082,0.12550534208000505,0.090317917066954,6.645997476532966,6.889029312273053,0.12643701864263693,0.06788676677354934,0.05481113720150743,0.7820164002542082,1.4321323015188605,0.5460503889374143,-0.6050440200642933,0.05481113720150743,0.135466303338544,0.4046108578347255,-0.9048295186354474,Transport,1
loop_seattle/H/short|H=336|L=128|Hsrc=controlled|Lsrc=controlled|origins=shared_origin_v1:Hmax=720,joint-scaling,release,standard_hl_shared_origin_v1,loop_seattle/H/short,Granite-PatchTST-FM-r1,patchtstfm,granite-timeseries-patchtst-fm-r1,257.895552,257.895552,336,controlled,shared_origin_v1:Hmax=720,720,720,128,controlled,7320,8040,128,128,256,256,100,[],merged,2,323,217056,11889516.385464072,,100,,float32,native_horizon,336,,direct_full_horizon,77.07409838935574,77.07409838935574,4.896779445742113,1.0188105381903694,0.16663233382888518,0.11414524659318909,8.420324683793389,8.779185519702596,0.16027354102428348,0.08939601283315897,0.07147638127606486,1.0188105381903694,1.4759900186073378,0.6902557099618211,-0.37069315589631524,0.07147638127606486,0.15223418257634255,0.46951597904249137,-0.756052946743658,Transport,1
loop_seattle/H/short|H=336|L=256|Hsrc=controlled|Lsrc=controlled|origins=shared_origin_v1:Hmax=720,joint-scaling,release,standard_hl_shared_origin_v1,loop_seattle/H/short,Granite-PatchTST-FM-r1,patchtstfm,granite-timeseries-patchtst-fm-r1,257.895552,257.895552,336,controlled,shared_origin_v1:Hmax=720,720,720,256,controlled,7320,8040,256,256,256,256,100,[],merged,2,323,217056,11889516.385464072,,100,,float32,native_horizon,336,,direct_full_horizon,80.08680018059856,80.08680018059856,4.772294397816692,0.9916621014973309,0.16665983586716965,0.11010688085498385,8.338255517780338,8.949122872136607,0.1633759314642355,0.08712340344464468,0.07025758031081714,0.9916621014973309,1.4759900186073378,0.6718623357853112,-0.39770181690747813,0.07025758031081714,0.15223418257634255,0.46150988642504315,-0.7732518028958948,Transport,1
loop_seattle/H/short|H=336|L=512|Hsrc=controlled|Lsrc=controlled|origins=shared_origin_v1:Hmax=720,joint-scaling,release,standard_hl_shared_origin_v1,loop_seattle/H/short,Granite-PatchTST-FM-r1,patchtstfm,granite-timeseries-patchtst-fm-r1,257.895552,257.895552,336,controlled,shared_origin_v1:Hmax=720,720,720,512,controlled,7320,8040,512,512,256,256,100,[],merged,2,323,217056,11889516.385464072,,100,,float32,native_horizon,336,,direct_full_horizon,47.26479312942282,47.26479312942282,3.7374749704569328,0.7908795626751929,0.11582617216294412,0.08974885385190774,6.775681625078717,6.8749395000554605,0.12550946731091894,0.06823165391145013,0.05507458483038123,0.7908795626751929,1.4759900186073378,0.5358298855038484,-0.6239385460776529,0.05507458483038123,0.15223418257634255,0.3617754166529739,-1.0167316556678478,Transport,1
loop_seattle/H/short|H=336|L=1024|Hsrc=controlled|Lsrc=controlled|origins=shared_origin_v1:Hmax=720,joint-scaling,release,standard_hl_shared_origin_v1,loop_seattle/H/short,Granite-PatchTST-FM-r1,patchtstfm,granite-timeseries-patchtst-fm-r1,257.895552,257.895552,336,controlled,shared_origin_v1:Hmax=720,720,720,1024,controlled,7320,8040,1024,1024,256,256,100,[],merged,2,323,217056,11889516.385464072,,100,,float32,native_horizon,336,,direct_full_horizon,50.98105673190329,50.98105673190329,3.8348721067374316,0.8107787076761852,0.12217652676433444,0.09183839575548045,6.7542909792678225,7.140102011309312,0.1303502961702897,0.07000974413203691,0.05621105236453002,0.8107787076761852,1.4759900186073378,0.5493117822308792,-0.5990890893262271,0.05621105236453002,0.15223418257634255,0.36924067520999265,-0.9963066112138443,Transport,1
loop_seattle/H/short|H=336|L=2048|Hsrc=controlled|Lsrc=controlled|origins=shared_origin_v1:Hmax=720,joint-scaling,release,standard_hl_shared_origin_v1,loop_seattle/H/short,Granite-PatchTST-FM-r1,patchtstfm,granite-timeseries-patchtst-fm-r1,257.895552,257.895552,336,controlled,shared_origin_v1:Hmax=720,720,720,2048,controlled,7320,8040,2048,2048,256,256,100,[],merged,2,323,217056,11889516.385464072,,100,,float32,native_horizon,336,,direct_full_horizon,48.57680160880142,48.57680160880142,3.7768886543104085,0.7993970571561199,0.12085595426878605,0.09025065497840275,6.504942223649811,6.969705991561009,0.12723953226169998,0.06895119340196794,0.05526553904345056,0.7993970571561199,1.4759900186073378,0.5416005847454081,-0.613226477721789,0.05526553904345056,0.15223418257634255,0.3630297618324711,-1.013270459558957,Transport,1
loop_seattle/H/short|H=336|L=4096|Hsrc=controlled|Lsrc=controlled|origins=shared_origin_v1:Hmax=720,joint-scaling,release,standard_hl_shared_origin_v1,loop_seattle/H/short,Granite-PatchTST-FM-r1,patchtstfm,granite-timeseries-patchtst-fm-r1,257.895552,257.895552,336,controlled,shared_origin_v1:Hmax=720,720,720,4096,controlled,7320,8040,4096,4096,256,256,100,[],merged,2,323,217056,11889516.385464072,,100,,float32,native_horizon,336,,direct_full_horizon,47.016079663773404,47.016079663773404,3.731301304444475,0.7911258570774795,0.11854950158131715,0.08921113225820756,6.525054629289333,6.85682723012425,0.12517880820463306,0.06811894695125464,0.05472380342598925,0.7911258570774795,1.4759900186073378,0.5359967527584921,-0.6236271762160819,0.05472380342598925,0.15223418257634255,0.3594711943130532,-1.023121232116074,Transport,1
loop_seattle/H/short|H=336|L=6144|Hsrc=controlled|Lsrc=controlled|origins=shared_origin_v1:Hmax=720,joint-scaling-l6144,release,standard_hl_shared_origin_v1,loop_seattle/H/short,Granite-PatchTST-FM-r1,patchtstfm,granite-timeseries-patchtst-fm-r1,257.895552,257.895552,336,controlled,shared_origin_v1:Hmax=720,720,720,6144,controlled,7320,8040,6144,6144,256,256,100,[],merged,6,323,217056,11889516.385464072,,100,,float32,native_horizon,336,,direct_full_horizon,47.05060272464249,47.05060272464249,3.727326991651924,0.791073594243985,0.11972825372182179,0.0890995066689299,6.468545157457896,6.8593441905653405,0.12522475804378458,0.06804639156636492,0.054753732397911294,0.791073594243985,1.4759900186073378,0.5359613440952657,-0.623693239737302,0.054753732397911294,0.15223418257634255,0.3596677925501609,-1.0225744720443863,Transport,1
loop_seattle/H/short|H=336|L=8192|Hsrc=controlled|Lsrc=controlled|origins=shared_origin_v1:Hmax=720,joint-scaling,release,standard_hl_shared_origin_v1,loop_seattle/H/short,Granite-PatchTST-FM-r1,patchtstfm,granite-timeseries-patchtst-fm-r1,257.895552,257.895552,336,controlled,shared_origin_v1:Hmax=720,720,720,8192,controlled,7320,8040,7320,7856,256,256,100,[],merged,2,323,217056,11889516.385464072,,100,,float32,native_horizon,336,,direct_full_horizon,47.13208803258146,47.13208803258146,3.7036894424710676,0.7855839748719351,0.1205503926873998,0.08872193037435472,6.448979713462942,6.8652813513053825,0.12533314734405637,0.06761486250255265,0.05448407285518038,0.7855839748719351,1.4759900186073378,0.5322420646266758,-0.6306568844288009,0.05448407285518038,0.15223418257634255,0.35789644568070417,-1.0275115922996931,Transport,1
loop_seattle/H/short|H=720|L=128|Hsrc=controlled|Lsrc=controlled|origins=shared_origin_v1:Hmax=720,joint-scaling,release,standard_hl_shared_origin_v1,loop_seattle/H/short,Granite-PatchTST-FM-r1,patchtstfm,granite-timeseries-patchtst-fm-r1,257.895552,257.895552,720,controlled,shared_origin_v1:Hmax=720,720,720,128,controlled,7320,8040,128,128,256,256,100,[],merged,2,323,465120,26026034.384654045,,100,,float32,native_horizon,720,,direct_full_horizon,82.30807479790161,82.30807479790161,5.017440190165979,1.0454588639651703,0.15721916143616163,0.11494568102048934,9.241489229846575,9.072379775885796,0.16213554546935227,0.08966835848899234,0.07263126782442059,1.0454588639651703,1.546026875629892,0.6762229560461055,-0.3912324406804729,0.07263126782442059,0.1870944876868091,0.38820634815282895,-0.9462182555915741,Transport,1
loop_seattle/H/short|H=720|L=256|Hsrc=controlled|Lsrc=controlled|origins=shared_origin_v1:Hmax=720,joint-scaling,release,standard_hl_shared_origin_v1,loop_seattle/H/short,Granite-PatchTST-FM-r1,patchtstfm,granite-timeseries-patchtst-fm-r1,257.895552,257.895552,720,controlled,shared_origin_v1:Hmax=720,720,720,256,controlled,7320,8040,256,256,256,256,100,[],merged,2,323,465120,26026034.384654045,,100,,float32,native_horizon,720,,direct_full_horizon,78.80184522273822,78.80184522273822,4.683600166354919,0.9724227497132031,0.1513730506122748,0.10675137535911432,8.37555425550595,8.877040341394096,0.1586445688407979,0.08370219132037611,0.06797675531058751,0.9724227497132031,1.546026875629892,0.6289817887654847,-0.4636529753789181,0.06797675531058751,0.1870944876868091,0.36332847723647893,-1.0124479579205616,Transport,1
loop_seattle/H/short|H=720|L=512|Hsrc=controlled|Lsrc=controlled|origins=shared_origin_v1:Hmax=720,joint-scaling,release,standard_hl_shared_origin_v1,loop_seattle/H/short,Granite-PatchTST-FM-r1,patchtstfm,granite-timeseries-patchtst-fm-r1,257.895552,257.895552,720,controlled,shared_origin_v1:Hmax=720,720,720,512,controlled,7320,8040,512,512,256,256,100,[],merged,2,323,465120,26026034.384654045,,100,,float32,native_horizon,720,,direct_full_horizon,64.83478080925353,64.83478080925353,4.278697600887943,0.8937836923203774,0.11935432258241153,0.09985183805052997,7.601109063274584,8.052004769574689,0.14390008109083507,0.07646604160710879,0.0616891938563436,0.8937836923203774,1.546026875629892,0.5781165298023855,-0.5479798219754071,0.0616891938563436,0.1870944876868091,0.3297221346232796,-1.109504995509542,Transport,1
loop_seattle/H/short|H=720|L=1024|Hsrc=controlled|Lsrc=controlled|origins=shared_origin_v1:Hmax=720,joint-scaling,release,standard_hl_shared_origin_v1,loop_seattle/H/short,Granite-PatchTST-FM-r1,patchtstfm,granite-timeseries-patchtst-fm-r1,257.895552,257.895552,720,controlled,shared_origin_v1:Hmax=720,720,720,1024,controlled,7320,8040,1024,1024,256,256,100,[],merged,2,323,465120,26026034.384654045,,100,,float32,native_horizon,720,,direct_full_horizon,65.81472469470245,65.81472469470245,4.308972886029411,0.9022870875035681,0.12041869634281208,0.10025497767209268,7.709808021650548,8.112627484033915,0.1449834899779724,0.07700710139427723,0.0624598556417474,0.9022870875035681,1.546026875629892,0.5836166898042782,-0.5385108647227542,0.0624598556417474,0.1870944876868091,0.33384123933305526,-1.0970897303493465,Transport,1
loop_seattle/H/short|H=720|L=2048|Hsrc=controlled|Lsrc=controlled|origins=shared_origin_v1:Hmax=720,joint-scaling,release,standard_hl_shared_origin_v1,loop_seattle/H/short,Granite-PatchTST-FM-r1,patchtstfm,granite-timeseries-patchtst-fm-r1,257.895552,257.895552,720,controlled,shared_origin_v1:Hmax=720,720,720,2048,controlled,7320,8040,2048,2048,256,256,100,[],merged,2,323,465120,26026034.384654045,,100,,float32,native_horizon,720,,direct_full_horizon,63.09021435328518,63.09021435328518,4.2260747562457,0.8837148188825592,0.11909765998727478,0.09807460641877365,7.418221739714582,7.94293487026585,0.14195085629474244,0.0755256010798177,0.0609970327922237,0.8837148188825592,1.546026875629892,0.5716037882734157,-0.559309205458156,0.0609970327922237,0.1870944876868091,0.3260226078618148,-1.1207885507506083,Transport,1
loop_seattle/H/short|H=720|L=4096|Hsrc=controlled|Lsrc=controlled|origins=shared_origin_v1:Hmax=720,joint-scaling,release,standard_hl_shared_origin_v1,loop_seattle/H/short,Granite-PatchTST-FM-r1,patchtstfm,granite-timeseries-patchtst-fm-r1,257.895552,257.895552,720,controlled,shared_origin_v1:Hmax=720,720,720,4096,controlled,7320,8040,4096,4096,256,256,100,[],merged,2,323,465120,26026034.384654045,,100,,float32,native_horizon,720,,direct_full_horizon,61.3094120872033,61.3094120872033,4.166548652767028,0.8710502075515084,0.11793544101354221,0.0966539459700924,7.179042743786672,7.830032700263984,0.1399331437022227,0.07446179009575456,0.059896836151941774,0.8710502075515084,1.546026875629892,0.5634120734134196,-0.5737439942106893,0.059896836151941774,0.1870944876868091,0.32014217464390177,-1.1389900860963091,Transport,1
loop_seattle/H/short|H=720|L=6144|Hsrc=controlled|Lsrc=controlled|origins=shared_origin_v1:Hmax=720,joint-scaling-l6144,release,standard_hl_shared_origin_v1,loop_seattle/H/short,Granite-PatchTST-FM-r1,patchtstfm,granite-timeseries-patchtst-fm-r1,257.895552,257.895552,720,controlled,shared_origin_v1:Hmax=720,720,720,6144,controlled,7320,8040,6144,6144,256,256,100,[],merged,6,323,465120,26026034.384654045,,100,,float32,native_horizon,720,,direct_full_horizon,60.27172450120399,60.27172450120399,4.126661667956657,0.8628725095959489,0.11895873519535281,0.09579937662256514,7.163514975236752,7.7634866201471615,0.13874387635835927,0.07374895639620564,0.059412611761115446,0.8628725095959489,1.546026875629892,0.5581225806597908,-0.5831766621248613,0.059412611761115446,0.1870944876868091,0.3175540471324333,-1.1471072479476283,Transport,1
loop_seattle/H/short|H=720|L=8192|Hsrc=controlled|Lsrc=controlled|origins=shared_origin_v1:Hmax=720,joint-scaling,release,standard_hl_shared_origin_v1,loop_seattle/H/short,Granite-PatchTST-FM-r1,patchtstfm,granite-timeseries-patchtst-fm-r1,257.895552,257.895552,720,controlled,shared_origin_v1:Hmax=720,720,720,8192,controlled,7320,8040,7320,7472,256,256,100,[],merged,2,323,465120,26026034.384654045,,100,,float32,native_horizon,720,,direct_full_horizon,60.7953151874785,60.7953151874785,4.117532471458978,0.8604320425856161,0.12044046491866346,0.09566811744314639,7.137810993766437,7.797135062795725,0.13934521897603935,0.07358580546002215,0.05942859610004683,0.8604320425856161,1.546026875629892,0.5565440395303952,-0.5860089747752216,0.05942859610004683,0.1870944876868091,0.31763948171219575,-1.146838244639509,Transport,1
m_dense/H/short|H=48|L=128|Hsrc=controlled|Lsrc=controlled|origins=shared_origin_v1:Hmax=720,joint-scaling,release,standard_hl_shared_origin_v1,m_dense/H/short,Granite-PatchTST-FM-r1,patchtstfm,granite-timeseries-patchtst-fm-r1,257.895552,257.895552,48,controlled,shared_origin_v1:Hmax=720,720,720,128,controlled,15360,16800,128,128,256,256,100,[],merged,2,30,4320,2481933.9528036118,,100,,float32,native_horizon,48,,direct_full_horizon,52986.4,52986.4,100.25484664351852,0.8305995383370262,0.3593123284792014,0.24606732968930844,6.048317697941411,230.18774945682927,0.400659766360909,0.17450139517643726,0.13917149042825505,0.8305995383370262,1.1204480776464614,0.7413101552030222,-0.2993361782320977,0.13917149042825505,0.2198618001220286,0.6329953195644332,-0.4572922509183251,Transport,1
m_dense/H/short|H=48|L=256|Hsrc=controlled|Lsrc=controlled|origins=shared_origin_v1:Hmax=720,joint-scaling,release,standard_hl_shared_origin_v1,m_dense/H/short,Granite-PatchTST-FM-r1,patchtstfm,granite-timeseries-patchtst-fm-r1,257.895552,257.895552,48,controlled,shared_origin_v1:Hmax=720,720,720,256,controlled,15360,16800,256,256,256,256,100,[],merged,2,30,4320,2481933.9528036118,,100,,float32,native_horizon,48,,direct_full_horizon,12934.918055555556,12934.918055555556,58.28331163194444,0.5310253544295312,0.19980289957484543,0.1612794452243381,3.8950998260269176,113.73178120277355,0.1979590529558538,0.10144665854850124,0.07998246175679226,0.5310253544295312,1.1204480776464614,0.47394017181498294,-0.7466741850530638,0.07998246175679226,0.2198618001220286,0.3637851673751423,-1.0111917851005316,Transport,1
m_dense/H/short|H=48|L=512|Hsrc=controlled|Lsrc=controlled|origins=shared_origin_v1:Hmax=720,joint-scaling,release,standard_hl_shared_origin_v1,m_dense/H/short,Granite-PatchTST-FM-r1,patchtstfm,granite-timeseries-patchtst-fm-r1,257.895552,257.895552,48,controlled,shared_origin_v1:Hmax=720,720,720,512,controlled,15360,16800,512,512,256,256,100,[],merged,2,30,4320,2481933.9528036118,,100,,float32,native_horizon,48,,direct_full_horizon,10191.33888888889,10191.33888888889,51.927687355324075,0.4731551150239104,0.175544483794075,0.14724697536892362,3.5626322964042894,100.9521613879014,0.1757151259819372,0.09038419782347464,0.07107636388698209,0.4731551150239104,1.1204480776464614,0.42229097846085695,-0.8620606801383969,0.07107636388698209,0.2198618001220286,0.3232774581465857,-1.1292443209420824,Transport,1
m_dense/H/short|H=48|L=1024|Hsrc=controlled|Lsrc=controlled|origins=shared_origin_v1:Hmax=720,joint-scaling,release,standard_hl_shared_origin_v1,m_dense/H/short,Granite-PatchTST-FM-r1,patchtstfm,granite-timeseries-patchtst-fm-r1,257.895552,257.895552,48,controlled,shared_origin_v1:Hmax=720,720,720,1024,controlled,15360,16800,1024,1024,256,256,100,[],merged,2,30,4320,2481933.9528036118,,100,,float32,native_horizon,48,,direct_full_horizon,10447.119444444445,10447.119444444445,52.73022822627315,0.4718550553335156,0.1824290795065943,0.14691044136329934,3.7075002783100195,102.21115127247342,0.1779064962620397,0.09178108292534597,0.07238748435998552,0.4718550553335156,1.1204480776464614,0.42113067508193947,-0.8648121013428025,0.07238748435998552,0.2198618001220286,0.3292408427467105,-1.1109657512080549,Transport,1
m_dense/H/short|H=48|L=2048|Hsrc=controlled|Lsrc=controlled|origins=shared_origin_v1:Hmax=720,joint-scaling,release,standard_hl_shared_origin_v1,m_dense/H/short,Granite-PatchTST-FM-r1,patchtstfm,granite-timeseries-patchtst-fm-r1,257.895552,257.895552,48,controlled,shared_origin_v1:Hmax=720,720,720,2048,controlled,15360,16800,2048,2048,256,256,100,[],merged,2,30,4320,2481933.9528036118,,100,,float32,native_horizon,48,,direct_full_horizon,10485.574074074075,10485.574074074075,51.563841869212965,0.4588002448781945,0.17865264712146484,0.14455747957582826,3.7972197067579745,102.39909215454048,0.17823362205425208,0.08975089632154527,0.07185130392072694,0.4588002448781945,1.1204480776464614,0.4094792556937754,-0.8928690346186129,0.07185130392072694,0.2198618001220286,0.32680212697634486,-1.118400407521922,Transport,1
m_dense/H/short|H=48|L=4096|Hsrc=controlled|Lsrc=controlled|origins=shared_origin_v1:Hmax=720,joint-scaling,release,standard_hl_shared_origin_v1,m_dense/H/short,Granite-PatchTST-FM-r1,patchtstfm,granite-timeseries-patchtst-fm-r1,257.895552,257.895552,48,controlled,shared_origin_v1:Hmax=720,720,720,4096,controlled,15360,16800,4096,4096,256,256,100,[],merged,2,30,4320,2481933.9528036118,,100,,float32,native_horizon,48,,direct_full_horizon,11490.423148148147,11490.423148148147,53.58496274594908,0.45393798794021833,0.187067456841887,0.1473891364203559,3.8333856119829215,107.19339134549362,0.18657847445514772,0.09326881515159197,0.07502261841747379,0.45393798794021833,1.1204480776464614,0.4051396909830309,-0.903523355337966,0.07502261841747379,0.2198618001220286,0.34122625383688493,-1.0752095207301517,Transport,1
m_dense/H/short|H=48|L=6144|Hsrc=controlled|Lsrc=controlled|origins=shared_origin_v1:Hmax=720,joint-scaling-l6144,release,standard_hl_shared_origin_v1,m_dense/H/short,Granite-PatchTST-FM-r1,patchtstfm,granite-timeseries-patchtst-fm-r1,257.895552,257.895552,48,controlled,shared_origin_v1:Hmax=720,720,720,6144,controlled,15360,16800,6144,6144,256,256,100,[],merged,6,30,4320,2481933.9528036118,,100,,float32,native_horizon,48,,direct_full_horizon,10303.453645833333,10303.453645833333,51.39330240885417,0.44694803516710535,0.17890700310308214,0.14394413806773998,3.7575368313787525,101.50592911664488,0.17667900198897982,0.08945405906368119,0.07192640055675238,0.44694803516710535,1.1204480776464614,0.39890115756718925,-0.9190416181767934,0.07192640055675238,0.2198618001220286,0.32714368988533477,-1.1173557859913814,Transport,1
m_dense/H/short|H=48|L=8192|Hsrc=controlled|Lsrc=controlled|origins=shared_origin_v1:Hmax=720,joint-scaling,release,standard_hl_shared_origin_v1,m_dense/H/short,Granite-PatchTST-FM-r1,patchtstfm,granite-timeseries-patchtst-fm-r1,257.895552,257.895552,48,controlled,shared_origin_v1:Hmax=720,720,720,8192,controlled,15360,16800,8064,8064,256,256,100,[],merged,2,30,4320,2481933.9528036118,,100,,float32,native_horizon,48,,direct_full_horizon,9916.492592592593,9916.492592592593,50.31768482349537,0.43676992049450936,0.17392634127118484,0.14142963974564163,3.7368773644914635,99.5815876183574,0.17332953523011974,0.08758186260031395,0.07039543428833786,0.43676992049450936,1.1204480776464614,0.38981718939797655,-0.9420773948871817,0.07039543428833786,0.2198618001220286,0.3201803780796241,-1.1388707604982802,Transport,1
m_dense/H/short|H=96|L=128|Hsrc=controlled|Lsrc=controlled|origins=shared_origin_v1:Hmax=720,joint-scaling,release,standard_hl_shared_origin_v1,m_dense/H/short,Granite-PatchTST-FM-r1,patchtstfm,granite-timeseries-patchtst-fm-r1,257.895552,257.895552,96,controlled,shared_origin_v1:Hmax=720,720,720,128,controlled,15360,16800,128,128,256,256,100,[],merged,2,30,8640,5043646.119029522,,100,,float32,native_horizon,96,,direct_full_horizon,33041.03703703704,33041.03703703704,80.52263454861111,0.6865378835853143,0.27762893927173654,0.20339443771927446,5.290252677507632,181.77193687980838,0.3113837683250735,0.13793901199274997,0.11033692287445687,0.6865378835853143,1.6112164314292674,0.4260991076017669,-0.8530833128183679,0.11033692287445687,0.288525055629236,0.38241712711510006,-0.9612433103269546,Transport,1
m_dense/H/short|H=96|L=256|Hsrc=controlled|Lsrc=controlled|origins=shared_origin_v1:Hmax=720,joint-scaling,release,standard_hl_shared_origin_v1,m_dense/H/short,Granite-PatchTST-FM-r1,patchtstfm,granite-timeseries-patchtst-fm-r1,257.895552,257.895552,96,controlled,shared_origin_v1:Hmax=720,720,720,256,controlled,15360,16800,256,256,256,256,100,[],merged,2,30,8640,5043646.119029522,,100,,float32,native_horizon,96,,direct_full_horizon,13630.719444444445,13630.719444444445,59.76769748263889,0.5364616416038143,0.19426846088080968,0.16004392835828993,4.060073108270138,116.75067213701361,0.1999993226047137,0.10238484105807213,0.08069787849401155,0.5364616416038143,1.6112164314292674,0.33295442569930433,-1.099749658129694,0.08069787849401155,0.288525055629236,0.2796910594749557,-1.2740696439795784,Transport,1
m_dense/H/short|H=96|L=512|Hsrc=controlled|Lsrc=controlled|origins=shared_origin_v1:Hmax=720,joint-scaling,release,standard_hl_shared_origin_v1,m_dense/H/short,Granite-PatchTST-FM-r1,patchtstfm,granite-timeseries-patchtst-fm-r1,257.895552,257.895552,96,controlled,shared_origin_v1:Hmax=720,720,720,512,controlled,15360,16800,512,512,256,256,100,[],merged,2,30,8640,5043646.119029522,,100,,float32,native_horizon,96,,direct_full_horizon,10715.57962962963,10715.57962962963,53.90770218460648,0.48587372271179474,0.16927926418822356,0.1466870767098886,3.69547423293026,103.51608391757114,0.17732785844616464,0.09234639700784958,0.07267345588387245,0.48587372271179474,1.6112164314292674,0.30155708024947897,-1.1987959598400415,0.07267345588387245,0.288525055629236,0.2518791850689743,-1.3788057307607695,Transport,1
m_dense/H/short|H=96|L=1024|Hsrc=controlled|Lsrc=controlled|origins=shared_origin_v1:Hmax=720,joint-scaling,release,standard_hl_shared_origin_v1,m_dense/H/short,Granite-PatchTST-FM-r1,patchtstfm,granite-timeseries-patchtst-fm-r1,257.895552,257.895552,96,controlled,shared_origin_v1:Hmax=720,720,720,1024,controlled,15360,16800,1024,1024,256,256,100,[],merged,2,30,8640,5043646.119029522,,100,,float32,native_horizon,96,,direct_full_horizon,11124.4625,11124.4625,54.277197265625,0.4808863606411024,0.16966867538454167,0.14556138073956526,3.783954453275708,105.47256752350347,0.1806794057110445,0.09297935923887428,0.07360343631873681,0.4808863606411024,1.6112164314292674,0.2984616785558231,-1.2091137344383978,0.07360343631873681,0.288525055629236,0.25510240751264107,-1.3660902163538513,Transport,1
m_dense/H/short|H=96|L=2048|Hsrc=controlled|Lsrc=controlled|origins=shared_origin_v1:Hmax=720,joint-scaling,release,standard_hl_shared_origin_v1,m_dense/H/short,Granite-PatchTST-FM-r1,patchtstfm,granite-timeseries-patchtst-fm-r1,257.895552,257.895552,96,controlled,shared_origin_v1:Hmax=720,720,720,2048,controlled,15360,16800,2048,2048,256,256,100,[],merged,2,30,8640,5043646.119029522,,100,,float32,native_horizon,96,,direct_full_horizon,14096.539351851852,14096.539351851852,58.117256221064814,0.49610056034624717,0.17734567317791108,0.15065585948802807,4.001404283519524,118.72884801871807,0.20338802974525655,0.09955755853993548,0.07920155359314592,0.49610056034624717,1.6112164314292674,0.3079043576449686,-1.1779660713588196,0.07920155359314592,0.288525055629236,0.2745049417646503,-1.2927860154089887,Transport,1
m_dense/H/short|H=96|L=4096|Hsrc=controlled|Lsrc=controlled|origins=shared_origin_v1:Hmax=720,joint-scaling,release,standard_hl_shared_origin_v1,m_dense/H/short,Granite-PatchTST-FM-r1,patchtstfm,granite-timeseries-patchtst-fm-r1,257.895552,257.895552,96,controlled,shared_origin_v1:Hmax=720,720,720,4096,controlled,15360,16800,4096,4096,256,256,100,[],merged,2,30,8640,5043646.119029522,,100,,float32,native_horizon,96,,direct_full_horizon,15474.658333333333,15474.658333333333,59.43404043692129,0.4895449014783773,0.18607507765286777,0.1515518894901982,3.95087562767795,124.39717976438747,0.21309814523052123,0.10181327104563148,0.08155559403413182,0.4895449014783773,1.6112164314292674,0.30383559398293564,-1.1912685331326516,0.08155559403413182,0.288525055629236,0.2826638187670376,-1.2634970070257103,Transport,1
m_dense/H/short|H=96|L=6144|Hsrc=controlled|Lsrc=controlled|origins=shared_origin_v1:Hmax=720,joint-scaling-l6144,release,standard_hl_shared_origin_v1,m_dense/H/short,Granite-PatchTST-FM-r1,patchtstfm,granite-timeseries-patchtst-fm-r1,257.895552,257.895552,96,controlled,shared_origin_v1:Hmax=720,720,720,6144,controlled,15360,16800,6144,6144,256,256,100,[],merged,6,30,8640,5043646.119029522,,100,,float32,native_horizon,96,,direct_full_horizon,13193.6796875,13193.6796875,56.48082049334491,0.47952522321525826,0.17802394643955216,0.14887835361339427,3.9082779436777795,114.8637440078461,0.19676692710129082,0.09675426815162795,0.07784743458376714,0.47952522321525826,1.6112164314292674,0.2976168898612113,-1.2119482240677246,0.07784743458376714,0.288525055629236,0.2698116959512993,-1.3100309856984955,Transport,1
m_dense/H/short|H=96|L=8192|Hsrc=controlled|Lsrc=controlled|origins=shared_origin_v1:Hmax=720,joint-scaling,release,standard_hl_shared_origin_v1,m_dense/H/short,Granite-PatchTST-FM-r1,patchtstfm,granite-timeseries-patchtst-fm-r1,257.895552,257.895552,96,controlled,shared_origin_v1:Hmax=720,720,720,8192,controlled,15360,16800,8064,8064,256,256,100,[],merged,2,30,8640,5043646.119029522,,100,,float32,native_horizon,96,,direct_full_horizon,14581.377314814816,14581.377314814816,57.16556712962963,0.48101236340948,0.17507116804775175,0.1487879717791522,3.903651461797817,120.7533739272523,0.20685613663398916,0.09792727093530429,0.07822767296836249,0.48101236340948,1.6112164314292674,0.29853988205841886,-1.2088517468383566,0.07822767296836249,0.288525055629236,0.2711295654991141,-1.3051584708837842,Transport,1
m_dense/H/short|H=192|L=128|Hsrc=controlled|Lsrc=controlled|origins=shared_origin_v1:Hmax=720,joint-scaling,release,standard_hl_shared_origin_v1,m_dense/H/short,Granite-PatchTST-FM-r1,patchtstfm,granite-timeseries-patchtst-fm-r1,257.895552,257.895552,192,controlled,shared_origin_v1:Hmax=720,720,720,128,controlled,15360,16800,128,128,256,256,100,[],merged,2,30,17280,9801028.528793812,,100,,float32,native_horizon,192,,direct_full_horizon,56604.979629629626,56604.979629629626,105.13334418402778,0.8826996507166383,0.3482261113708542,0.24435397960521557,8.097838005884979,237.91801030949637,0.4194685492517442,0.18535852458370278,0.1515340195832731,0.8826996507166383,1.3606427928826206,0.6487372404674815,-0.4327275125683147,0.1515340195832731,0.29794983608119385,0.5085890349071338,-0.6761149855911844,Transport,1
m_dense/H/short|H=192|L=256|Hsrc=controlled|Lsrc=controlled|origins=shared_origin_v1:Hmax=720,joint-scaling,release,standard_hl_shared_origin_v1,m_dense/H/short,Granite-PatchTST-FM-r1,patchtstfm,granite-timeseries-patchtst-fm-r1,257.895552,257.895552,192,controlled,shared_origin_v1:Hmax=720,720,720,256,controlled,15360,16800,256,256,256,256,100,[],merged,2,30,17280,9801028.528793812,,100,,float32,native_horizon,192,,direct_full_horizon,33989.49444444444,33989.49444444444,79.70665147569444,0.6852594262372236,0.27100808163252726,0.19497270230893735,6.274527431941016,184.36239975777175,0.32504570907583735,0.14052922440268673,0.1140761133784791,0.6852594262372236,1.3606427928826206,0.5036291889552083,-0.6859150178974566,0.1140761133784791,0.29794983608119385,0.382870200161454,-0.9600592502147867,Transport,1
m_dense/H/short|H=192|L=512|Hsrc=controlled|Lsrc=controlled|origins=shared_origin_v1:Hmax=720,joint-scaling,release,standard_hl_shared_origin_v1,m_dense/H/short,Granite-PatchTST-FM-r1,patchtstfm,granite-timeseries-patchtst-fm-r1,257.895552,257.895552,192,controlled,shared_origin_v1:Hmax=720,720,720,512,controlled,15360,16800,512,512,256,256,100,[],merged,2,30,17280,9801028.528793812,,100,,float32,native_horizon,192,,direct_full_horizon,32993.51111111111,32993.51111111111,75.21636284722223,0.6499650615817804,0.24933631012851434,0.18233634101019966,6.313749314427576,181.64116028893648,0.3202479454652808,0.13261248512659474,0.10854065439969951,0.6499650615817804,1.3606427928826206,0.47768971032050384,-0.7387938988632103,0.10854065439969951,0.29794983608119385,0.364291707044676,-1.0098003393094146,Transport,1
m_dense/H/short|H=192|L=1024|Hsrc=controlled|Lsrc=controlled|origins=shared_origin_v1:Hmax=720,joint-scaling,release,standard_hl_shared_origin_v1,m_dense/H/short,Granite-PatchTST-FM-r1,patchtstfm,granite-timeseries-patchtst-fm-r1,257.895552,257.895552,192,controlled,shared_origin_v1:Hmax=720,720,720,1024,controlled,15360,16800,1024,1024,256,256,100,[],merged,2,30,17280,9801028.528793812,,100,,float32,native_horizon,192,,direct_full_horizon,30475.352777777778,30475.352777777778,73.05297670717593,0.6245504643077718,0.24216355095084285,0.17785298382794415,5.574426269560945,174.5719129120655,0.30778429490927495,0.12879826171216696,0.10414091768538501,0.6245504643077718,1.3606427928826206,0.4590113346241421,-0.7786803750562437,0.10414091768538501,0.29794983608119385,0.3495250041252103,-1.0511801773059162,Transport,1
m_dense/H/short|H=192|L=2048|Hsrc=controlled|Lsrc=controlled|origins=shared_origin_v1:Hmax=720,joint-scaling,release,standard_hl_shared_origin_v1,m_dense/H/short,Granite-PatchTST-FM-r1,patchtstfm,granite-timeseries-patchtst-fm-r1,257.895552,257.895552,192,controlled,shared_origin_v1:Hmax=720,720,720,2048,controlled,15360,16800,2048,2048,256,256,100,[],merged,2,30,17280,9801028.528793812,,100,,float32,native_horizon,192,,direct_full_horizon,34015.02777777778,34015.02777777778,76.97284794560186,0.6493222052015611,0.2555132194839937,0.1838963473284686,5.961092369802231,184.43163442798468,0.3251677753567144,0.13570930934364814,0.11031880208430418,0.6493222052015611,1.3606427928826206,0.47721724511245517,-0.7397834512880078,0.11031880208430418,0.29794983608119385,0.3702596501991073,-0.9935507621654969,Transport,1
m_dense/H/short|H=192|L=4096|Hsrc=controlled|Lsrc=controlled|origins=shared_origin_v1:Hmax=720,joint-scaling,release,standard_hl_shared_origin_v1,m_dense/H/short,Granite-PatchTST-FM-r1,patchtstfm,granite-timeseries-patchtst-fm-r1,257.895552,257.895552,192,controlled,shared_origin_v1:Hmax=720,720,720,4096,controlled,15360,16800,4096,4096,256,256,100,[],merged,2,30,17280,9801028.528793812,,100,,float32,native_horizon,192,,direct_full_horizon,31587.17037037037,31587.17037037037,74.99253110532408,0.6253161477775403,0.2535322429456832,0.1806134541829427,5.718267322713768,177.72779853014094,0.3133483745688875,0.13221785179922127,0.10747649566357997,0.6253161477775403,1.3606427928826206,0.45957407120259874,-0.7774551506072501,0.10747649566357997,0.29794983608119385,0.3607201033475035,-1.0196529583659575,Transport,1
m_dense/H/short|H=192|L=6144|Hsrc=controlled|Lsrc=controlled|origins=shared_origin_v1:Hmax=720,joint-scaling-l6144,release,standard_hl_shared_origin_v1,m_dense/H/short,Granite-PatchTST-FM-r1,patchtstfm,granite-timeseries-patchtst-fm-r1,257.895552,257.895552,192,controlled,shared_origin_v1:Hmax=720,720,720,6144,controlled,15360,16800,6144,6144,256,256,100,[],merged,6,30,17280,9801028.528793812,,100,,float32,native_horizon,192,,direct_full_horizon,32363.44525462963,32363.44525462963,74.25119267216435,0.6233752133468501,0.24944876432643254,0.1791467719607883,5.569592733350841,179.8984303840076,0.31717537275837565,0.13091081263620227,0.10632205701580383,0.6233752133468501,1.3606427928826206,0.4581475877487172,-0.7805639027845638,0.10632205701580383,0.29794983608119385,0.3568454959204279,-1.0304523754173713,Transport,1
m_dense/H/short|H=192|L=8192|Hsrc=controlled|Lsrc=controlled|origins=shared_origin_v1:Hmax=720,joint-scaling,release,standard_hl_shared_origin_v1,m_dense/H/short,Granite-PatchTST-FM-r1,patchtstfm,granite-timeseries-patchtst-fm-r1,257.895552,257.895552,192,controlled,shared_origin_v1:Hmax=720,720,720,8192,controlled,15360,16800,8000,8000,256,256,100,[],merged,2,30,17280,9801028.528793812,,100,,float32,native_horizon,192,,direct_full_horizon,33677.26851851852,33677.26851851852,75.31792896412037,0.6276775846318013,0.24605124961696176,0.17997236605043765,5.791780997498521,183.51367392790794,0.32354933731271474,0.13279155434314113,0.10809159381614519,0.6276775846318013,1.3606427928826206,0.461309601546502,-0.7736858745302642,0.10809159381614519,0.29794983608119385,0.36278453862511717,-1.013946178448844,Transport,1
m_dense/H/short|H=336|L=128|Hsrc=controlled|Lsrc=controlled|origins=shared_origin_v1:Hmax=720,joint-scaling,release,standard_hl_shared_origin_v1,m_dense/H/short,Granite-PatchTST-FM-r1,patchtstfm,granite-timeseries-patchtst-fm-r1,257.895552,257.895552,336,controlled,shared_origin_v1:Hmax=720,720,720,128,controlled,15360,16800,128,128,256,256,100,[],merged,2,30,30240,17556057.090857506,,100,,float32,native_horizon,336,,direct_full_horizon,53460.42962962963,53460.42962962963,100.52251984126984,0.8475727592428545,0.32760899304326146,0.23412494154834243,8.044679930190403,231.21511548691973,0.3982639755691828,0.17314827493828366,0.1422568528049825,0.8475727592428545,1.4734938128038875,0.5752129746849918,-0.5530149160060023,0.1422568528049825,0.336977925961787,0.42215481147306455,-0.8623831803878995,Transport,1
m_dense/H/short|H=336|L=256|Hsrc=controlled|Lsrc=controlled|origins=shared_origin_v1:Hmax=720,joint-scaling,release,standard_hl_shared_origin_v1,m_dense/H/short,Granite-PatchTST-FM-r1,patchtstfm,granite-timeseries-patchtst-fm-r1,257.895552,257.895552,336,controlled,shared_origin_v1:Hmax=720,720,720,256,controlled,15360,16800,256,256,256,256,100,[],merged,2,30,30240,17556057.090857506,,100,,float32,native_horizon,336,,direct_full_horizon,29303.295238095237,29303.295238095237,75.00522486772486,0.6509196926371501,0.2515836278736304,0.18660644854187336,6.018356023246439,171.1820529088702,0.29485807964591165,0.1291951825094694,0.10506964056439408,0.6509196926371501,1.4734938128038875,0.4417525794686071,-0.8170053285948359,0.10506964056439408,0.336977925961787,0.3117997722388169,-1.1653940528307711,Transport,1
m_dense/H/short|H=336|L=512|Hsrc=controlled|Lsrc=controlled|origins=shared_origin_v1:Hmax=720,joint-scaling,release,standard_hl_shared_origin_v1,m_dense/H/short,Granite-PatchTST-FM-r1,patchtstfm,granite-timeseries-patchtst-fm-r1,257.895552,257.895552,336,controlled,shared_origin_v1:Hmax=720,720,720,512,controlled,15360,16800,512,512,256,256,100,[],merged,2,30,30240,17556057.090857506,,100,,float32,native_horizon,336,,direct_full_horizon,24991.172486772488,24991.172486772488,67.95355902777777,0.5972560753730085,0.22952808496827717,0.16999854032324735,5.784539799052779,158.08596549590507,0.27230029908513304,0.11704881194935951,0.09581127472782258,0.5972560753730085,1.4734938128038875,0.4053332767217391,-0.9030456447909063,0.09581127472782258,0.336977925961787,0.2843250769449139,-1.257637058288562,Transport,1
m_dense/H/short|H=336|L=1024|Hsrc=controlled|Lsrc=controlled|origins=shared_origin_v1:Hmax=720,joint-scaling,release,standard_hl_shared_origin_v1,m_dense/H/short,Granite-PatchTST-FM-r1,patchtstfm,granite-timeseries-patchtst-fm-r1,257.895552,257.895552,336,controlled,shared_origin_v1:Hmax=720,720,720,1024,controlled,15360,16800,1024,1024,256,256,100,[],merged,2,30,30240,17556057.090857506,,100,,float32,native_horizon,336,,direct_full_horizon,23599.33968253968,23599.33968253968,66.1097015542328,0.5791881461515221,0.22114985208146928,0.16710892934647817,5.3649452295886855,153.62076579206237,0.26460907101806774,0.11387279983505415,0.09274907960760337,0.5791881461515221,1.4734938128038875,0.39307131195169015,-0.9337642282260941,0.09274907960760337,0.336977925961787,0.2752378493127797,-1.2901196485398174,Transport,1
m_dense/H/short|H=336|L=2048|Hsrc=controlled|Lsrc=controlled|origins=shared_origin_v1:Hmax=720,joint-scaling,release,standard_hl_shared_origin_v1,m_dense/H/short,Granite-PatchTST-FM-r1,patchtstfm,granite-timeseries-patchtst-fm-r1,257.895552,257.895552,336,controlled,shared_origin_v1:Hmax=720,720,720,2048,controlled,15360,16800,2048,2048,256,256,100,[],merged,2,30,30240,17556057.090857506,,100,,float32,native_horizon,336,,direct_full_horizon,25439.278306878306,25439.278306878306,68.86135912698413,0.5991060303016148,0.23027890786738175,0.17153380863250248,5.509711330786306,159.4969539109707,0.27473070184873555,0.11861248167644738,0.0968332129551742,0.5991060303016148,1.4734938128038875,0.4065887654876444,-0.899953008549242,0.0968332129551742,0.336977925961787,0.287357733236672,-1.2470273821348266,Transport,1
m_dense/H/short|H=336|L=4096|Hsrc=controlled|Lsrc=controlled|origins=shared_origin_v1:Hmax=720,joint-scaling,release,standard_hl_shared_origin_v1,m_dense/H/short,Granite-PatchTST-FM-r1,patchtstfm,granite-timeseries-patchtst-fm-r1,257.895552,257.895552,336,controlled,shared_origin_v1:Hmax=720,720,720,4096,controlled,15360,16800,4096,4096,256,256,100,[],merged,2,30,30240,17556057.090857506,,100,,float32,native_horizon,336,,direct_full_horizon,24375.0708994709,24375.0708994709,68.25824032738095,0.589623737127988,0.22997985008365637,0.17046282732928242,5.427941326067827,156.12517701982244,0.2689228753726289,0.1175736201367741,0.09616545134576941,0.589623737127988,1.4734938128038875,0.4001535208390204,-0.9159070034097894,0.09616545134576941,0.336977925961787,0.2853761149823045,-1.2539472670620897,Transport,1
m_dense/H/short|H=336|L=6144|Hsrc=controlled|Lsrc=controlled|origins=shared_origin_v1:Hmax=720,joint-scaling-l6144,release,standard_hl_shared_origin_v1,m_dense/H/short,Granite-PatchTST-FM-r1,patchtstfm,granite-timeseries-patchtst-fm-r1,257.895552,257.895552,336,controlled,shared_origin_v1:Hmax=720,720,720,6144,controlled,15360,16800,6144,6144,256,256,100,[],merged,6,30,30240,17556057.090857506,,100,,float32,native_horizon,336,,direct_full_horizon,23987.053306878308,23987.053306878308,66.80799541170634,0.5787767418975831,0.22396724668753382,0.167913983864759,5.334906543208662,154.87754293918246,0.2667738475810639,0.1150755987403389,0.09404798994220477,0.5787767418975831,1.4734938128038875,0.39279210870674663,-0.9344747925540713,0.09404798994220477,0.336977925961787,0.279092435131403,-1.2762122433166785,Transport,1
m_dense/H/short|H=336|L=8192|Hsrc=controlled|Lsrc=controlled|origins=shared_origin_v1:Hmax=720,joint-scaling,release,standard_hl_shared_origin_v1,m_dense/H/short,Granite-PatchTST-FM-r1,patchtstfm,granite-timeseries-patchtst-fm-r1,257.895552,257.895552,336,controlled,shared_origin_v1:Hmax=720,720,720,8192,controlled,15360,16800,7856,7856,256,256,100,[],merged,2,30,30240,17556057.090857506,,100,,float32,native_horizon,336,,direct_full_horizon,24384.43597883598,24384.43597883598,67.14049272486773,0.5809653849283493,0.21997646310193522,0.16848995471126818,5.442429767601392,156.1551663533294,0.2689745314728886,0.11564831952257174,0.0945289192931502,0.5809653849283493,1.4734938128038875,0.39427745123872604,-0.9307004265490868,0.0945289192931502,0.336977925961787,0.28051961867635716,-1.2711116146600052,Transport,1
m_dense/H/short|H=720|L=128|Hsrc=controlled|Lsrc=controlled|origins=shared_origin_v1:Hmax=720,joint-scaling,release,standard_hl_shared_origin_v1,m_dense/H/short,Granite-PatchTST-FM-r1,patchtstfm,granite-timeseries-patchtst-fm-r1,257.895552,257.895552,720,controlled,shared_origin_v1:Hmax=720,720,720,128,controlled,15360,16800,128,128,256,256,100,[],merged,2,30,64800,37431809.903151035,,100,,float32,native_horizon,720,,direct_full_horizon,63052.345679012345,63052.345679012345,111.17170524691358,0.9490586087335451,0.3628411570145922,0.2555826069396219,9.590016071903404,251.1022613976472,0.43469515849400053,0.19245466672968886,0.15902664763367946,0.9490586087335451,1.4779178745268122,0.642159232993516,-0.4429189795760047,0.15902664763367946,0.41895078948633335,0.3795831196037574,-0.968681682139884,Transport,1
m_dense/H/short|H=720|L=256|Hsrc=controlled|Lsrc=controlled|origins=shared_origin_v1:Hmax=720,joint-scaling,release,standard_hl_shared_origin_v1,m_dense/H/short,Granite-PatchTST-FM-r1,patchtstfm,granite-timeseries-patchtst-fm-r1,257.895552,257.895552,720,controlled,shared_origin_v1:Hmax=720,720,720,256,controlled,15360,16800,256,256,256,256,100,[],merged,2,30,64800,37431809.903151035,,100,,float32,native_horizon,720,,direct_full_horizon,37429.23061728395,37429.23061728395,83.45891203703704,0.7332541299738191,0.2854703656550138,0.20114345220871913,7.235083009461922,193.46635525921283,0.3349188792429097,0.1444797223001696,0.11800203847354372,0.7332541299738191,1.4779178745268122,0.4961399700295163,-0.7008971944273203,0.11800203847354372,0.41895078948633335,0.281660857157528,-1.267051565982013,Transport,1
m_dense/H/short|H=720|L=512|Hsrc=controlled|Lsrc=controlled|origins=shared_origin_v1:Hmax=720,joint-scaling,release,standard_hl_shared_origin_v1,m_dense/H/short,Granite-PatchTST-FM-r1,patchtstfm,granite-timeseries-patchtst-fm-r1,257.895552,257.895552,720,controlled,shared_origin_v1:Hmax=720,720,720,512,controlled,15360,16800,512,512,256,256,100,[],merged,2,30,64800,37431809.903151035,,100,,float32,native_horizon,720,,direct_full_horizon,35211.77185185185,35211.77185185185,78.69634645061728,0.6959617781790204,0.26649190786567994,0.19005012418016975,7.02965512154554,187.64799986104796,0.32484644537512214,0.13623501677301258,0.11232587231040697,0.6959617781790204,1.4779178745268122,0.47090693615289536,-0.7530947922745423,0.11232587231040697,0.41895078948633335,0.26811232996631257,-1.3163492446212657,Transport,1
m_dense/H/short|H=720|L=1024|Hsrc=controlled|Lsrc=controlled|origins=shared_origin_v1:Hmax=720,joint-scaling,release,standard_hl_shared_origin_v1,m_dense/H/short,Granite-PatchTST-FM-r1,patchtstfm,granite-timeseries-patchtst-fm-r1,257.895552,257.895552,720,controlled,shared_origin_v1:Hmax=720,720,720,1024,controlled,15360,16800,1024,1024,256,256,100,[],merged,2,30,64800,37431809.903151035,,100,,float32,native_horizon,720,,direct_full_horizon,36041.79160493827,36041.79160493827,79.38209104938272,0.6976915170845471,0.2650422255676717,0.1903260784384645,7.053022613561748,189.84675821550988,0.32865282133550916,0.13742214211146062,0.1131533289387852,0.6976915170845471,1.4779178745268122,0.4720773252085664,-0.7506124822199448,0.1131533289387852,0.41895078948633335,0.2700873987551619,-1.3090096732698184,Transport,1
m_dense/H/short|H=720|L=2048|Hsrc=controlled|Lsrc=controlled|origins=shared_origin_v1:Hmax=720,joint-scaling,release,standard_hl_shared_origin_v1,m_dense/H/short,Granite-PatchTST-FM-r1,patchtstfm,granite-timeseries-patchtst-fm-r1,257.895552,257.895552,720,controlled,shared_origin_v1:Hmax=720,720,720,2048,controlled,15360,16800,2048,2048,256,256,100,[],merged,2,30,64800,37431809.903151035,,100,,float32,native_horizon,720,,direct_full_horizon,35907.39555555556,35907.39555555556,80.15223765432098,0.7040597756413891,0.2703970343501679,0.19173986364293982,7.187858766616836,189.49246833464267,0.3280394931438028,0.13875537980766398,0.11423423090925541,0.7040597756413891,1.4779178745268122,0.4763862646067592,-0.7415262735565159,0.11423423090925541,0.41895078948633335,0.27266742007889655,-1.2995024679257796,Transport,1
m_dense/H/short|H=720|L=4096|Hsrc=controlled|Lsrc=controlled|origins=shared_origin_v1:Hmax=720,joint-scaling,release,standard_hl_shared_origin_v1,m_dense/H/short,Granite-PatchTST-FM-r1,patchtstfm,granite-timeseries-patchtst-fm-r1,257.895552,257.895552,720,controlled,shared_origin_v1:Hmax=720,720,720,4096,controlled,15360,16800,4096,4096,256,256,100,[],merged,2,30,64800,37431809.903151035,,100,,float32,native_horizon,720,,direct_full_horizon,33605.22765432099,33605.22765432099,77.86292824074074,0.6837776906297546,0.2632599065020273,0.1885874957802855,6.88227532774727,183.3172868398422,0.3173493405196471,0.1347922465692813,0.11104510478213368,0.6837776906297546,1.4779178745268122,0.46266284643771627,-0.7707566835965854,0.11104510478213368,0.41895078948633335,0.2650552465082682,-1.3278169973346146,Transport,1
m_dense/H/short|H=720|L=6144|Hsrc=controlled|Lsrc=controlled|origins=shared_origin_v1:Hmax=720,joint-scaling-l6144,release,standard_hl_shared_origin_v1,m_dense/H/short,Granite-PatchTST-FM-r1,patchtstfm,granite-timeseries-patchtst-fm-r1,257.895552,257.895552,720,controlled,shared_origin_v1:Hmax=720,720,720,6144,controlled,15360,16800,6144,6144,256,256,100,[],merged,6,30,64800,37431809.903151035,,100,,float32,native_horizon,720,,direct_full_horizon,33439.63938271605,33439.63938271605,76.55783275462963,0.6734868470941803,0.25595656124430766,0.18583534711672936,6.6091457560910385,182.86508519319932,0.31656651257789714,0.13253293322806664,0.10922974908807796,0.6734868470941803,1.4779178745268122,0.45569977784442983,-0.7859210682164133,0.10922974908807796,0.41895078948633335,0.26072214644111835,-1.344300011742326,Transport,1
m_dense/H/short|H=720|L=8192|Hsrc=controlled|Lsrc=controlled|origins=shared_origin_v1:Hmax=720,joint-scaling,release,standard_hl_shared_origin_v1,m_dense/H/short,Granite-PatchTST-FM-r1,patchtstfm,granite-timeseries-patchtst-fm-r1,257.895552,257.895552,720,controlled,shared_origin_v1:Hmax=720,720,720,8192,controlled,15360,16800,7472,7472,256,256,100,[],merged,2,30,64800,37431809.903151035,,100,,float32,native_horizon,720,,direct_full_horizon,33474.27259259259,33474.27259259259,76.1585262345679,0.6694891833659534,0.2508610502519818,0.18505689832899305,6.593008259124736,182.95975675703275,0.3167304030590755,0.13184167457487975,0.10863382435743514,0.6694891833659534,1.4779178745268122,0.4529948482964962,-0.791874525977685,0.10863382435743514,0.41895078948633335,0.2592997246541265,-1.3497706483195844,Transport,1
saugeen/D/short|H=48|L=128|Hsrc=controlled|Lsrc=controlled|origins=shared_origin_v1:Hmax=720,joint-scaling,release,standard_hl_shared_origin_v1,saugeen/D/short,Granite-PatchTST-FM-r1,patchtstfm,granite-timeseries-patchtst-fm-r1,257.895552,257.895552,48,controlled,shared_origin_v1:Hmax=720,720,720,128,controlled,20861,23021,128,128,256,256,100,[],merged,2,1,192,6793.600008964539,,100,,float32,native_horizon,48,,direct_full_horizon,1962.1018880208333,1962.1018880208333,24.271530151367188,5.47810542126843,0.6956544717152914,0.5576422214508057,69.21775220922734,44.295619287022426,1.2518780752304812,0.6859594004523656,0.5762207760667561,5.47810542126843,6.287958974414405,0.8712056556918939,-0.13787721554344137,0.5762207760667561,0.781620444657756,0.7372130296810018,-0.30487837878894275,Nature,1
saugeen/D/short|H=48|L=256|Hsrc=controlled|Lsrc=controlled|origins=shared_origin_v1:Hmax=720,joint-scaling,release,standard_hl_shared_origin_v1,saugeen/D/short,Granite-PatchTST-FM-r1,patchtstfm,granite-timeseries-patchtst-fm-r1,257.895552,257.895552,48,controlled,shared_origin_v1:Hmax=720,720,720,256,controlled,20861,23021,256,256,256,256,100,[],merged,2,1,192,6793.600008964539,,100,,float32,native_horizon,48,,direct_full_horizon,2073.0638020833335,2073.0638020833335,22.87060038248698,5.1613831594412565,0.5680977900822958,0.5348652203877767,53.29269727352561,45.530910402531305,1.2867897411903166,0.6463664725098803,0.5475036462051426,5.1613831594412565,6.287958974414405,0.8208360106105709,-0.19743193295177372,0.5475036462051426,0.781620444657756,0.7004725246726051,-0.3560001364259659,Nature,1
saugeen/D/short|H=48|L=512|Hsrc=controlled|Lsrc=controlled|origins=shared_origin_v1:Hmax=720,joint-scaling,release,standard_hl_shared_origin_v1,saugeen/D/short,Granite-PatchTST-FM-r1,patchtstfm,granite-timeseries-patchtst-fm-r1,257.895552,257.895552,48,controlled,shared_origin_v1:Hmax=720,720,720,512,controlled,20861,23021,512,512,256,256,100,[],merged,2,1,192,6793.600008964539,,100,,float32,native_horizon,48,,direct_full_horizon,2002.6497395833333,2002.6497395833333,21.948471069335938,4.953076265764573,0.5252430041631063,0.517595370610555,64.51677489348727,44.75097473333216,1.2647472823630916,0.6203053520595485,0.5342237885243291,4.953076265764573,6.287958974414405,0.7877081078166308,-0.238627679299767,0.5342237885243291,0.781620444657756,0.6834823630518605,-0.3805544270254396,Nature,1
saugeen/D/short|H=48|L=1024|Hsrc=controlled|Lsrc=controlled|origins=shared_origin_v1:Hmax=720,joint-scaling,release,standard_hl_shared_origin_v1,saugeen/D/short,Granite-PatchTST-FM-r1,patchtstfm,granite-timeseries-patchtst-fm-r1,257.895552,257.895552,48,controlled,shared_origin_v1:Hmax=720,720,720,1024,controlled,20861,23021,1024,1024,256,256,100,[],merged,2,1,192,6793.600008964539,,100,,float32,native_horizon,48,,direct_full_horizon,1790.5595703125,1790.5595703125,20.596004486083984,4.647978850901393,0.540550947189331,0.45511945088704425,34.12662948380683,42.31500408026094,1.1959021391735443,0.5820820855084238,0.46303117460959314,4.647978850901393,6.287958974414405,0.7391872100015184,-0.30220406129147576,0.46303117460959314,0.781620444657756,0.5923990061600015,-0.5235748742401344,Nature,1
saugeen/D/short|H=48|L=2048|Hsrc=controlled|Lsrc=controlled|origins=shared_origin_v1:Hmax=720,joint-scaling,release,standard_hl_shared_origin_v1,saugeen/D/short,Granite-PatchTST-FM-r1,patchtstfm,granite-timeseries-patchtst-fm-r1,257.895552,257.895552,48,controlled,shared_origin_v1:Hmax=720,720,720,2048,controlled,20861,23021,2048,2048,256,256,100,[],merged,2,1,192,6793.600008964539,,100,,float32,native_horizon,48,,direct_full_horizon,1946.00537109375,1946.00537109375,20.181060791015625,4.549773731751787,0.46532193819681805,0.44931189219156903,49.10098309996871,44.11355087831572,1.2467324772521546,0.5703549909859325,0.47221555143406246,4.549773731751787,6.287958974414405,0.7235692456430993,-0.3235590282394355,0.47221555143406246,0.781620444657756,0.6041494368034718,-0.5039336997223277,Nature,1
saugeen/D/short|H=48|L=4096|Hsrc=controlled|Lsrc=controlled|origins=shared_origin_v1:Hmax=720,joint-scaling,release,standard_hl_shared_origin_v1,saugeen/D/short,Granite-PatchTST-FM-r1,patchtstfm,granite-timeseries-patchtst-fm-r1,257.895552,257.895552,48,controlled,shared_origin_v1:Hmax=720,720,720,4096,controlled,20861,23021,4096,4096,256,256,100,[],merged,2,1,192,6793.600008964539,,100,,float32,native_horizon,48,,direct_full_horizon,1906.5174153645833,1906.5174153645833,19.699792226155598,4.443761517980485,0.44086090723673504,0.44059526920318604,43.52953068412618,43.66368531588445,1.2340184246330972,0.5567534300563527,0.45899303707989403,4.443761517980485,6.287958974414405,0.7067096868891913,-0.347135324163775,0.45899303707989403,0.781620444657756,0.5872326398535683,-0.5323342176449625,Nature,1
saugeen/D/short|H=48|L=6144|Hsrc=controlled|Lsrc=controlled|origins=shared_origin_v1:Hmax=720,joint-scaling-l6144,release,standard_hl_shared_origin_v1,saugeen/D/short,Granite-PatchTST-FM-r1,patchtstfm,granite-timeseries-patchtst-fm-r1,257.895552,257.895552,48,controlled,shared_origin_v1:Hmax=720,720,720,6144,controlled,20861,23021,6144,6144,256,256,100,[],merged,6,1,192,6793.600008964539,,100,,float32,native_horizon,48,,direct_full_horizon,1967.576171875,1967.576171875,20.443552652994793,4.61107618383214,0.4599664608637492,0.4678006172180176,43.19166796630316,44.35736885653837,1.253623234988403,0.5777735080363176,0.47701137652148456,4.61107618383214,6.287958974414405,0.7333184269481605,-0.31017525539930557,0.47701137652148456,0.781620444657756,0.6102851835334873,-0.49382891707607235,Nature,1
saugeen/D/short|H=48|L=8192|Hsrc=controlled|Lsrc=controlled|origins=shared_origin_v1:Hmax=720,joint-scaling,release,standard_hl_shared_origin_v1,saugeen/D/short,Granite-PatchTST-FM-r1,patchtstfm,granite-timeseries-patchtst-fm-r1,257.895552,257.895552,48,controlled,shared_origin_v1:Hmax=720,720,720,8192,controlled,20861,23021,8064,8064,256,256,100,[],merged,2,1,192,6793.600008964539,,100,,float32,native_horizon,48,,direct_full_horizon,1927.0286458333333,1927.0286458333333,20.481165568033855,4.621145499116252,0.4711008469263713,0.47113879521687824,40.528527238192616,43.897934414199185,1.240638747704382,0.5788365202357363,0.4753746513703258,4.621145499116252,6.287958974414405,0.7349197916079943,-0.30799391278804505,0.4753746513703258,0.781620444657756,0.6081911682574725,-0.4972660249599373,Nature,1
saugeen/D/short|H=96|L=128|Hsrc=controlled|Lsrc=controlled|origins=shared_origin_v1:Hmax=720,joint-scaling,release,standard_hl_shared_origin_v1,saugeen/D/short,Granite-PatchTST-FM-r1,patchtstfm,granite-timeseries-patchtst-fm-r1,257.895552,257.895552,96,controlled,shared_origin_v1:Hmax=720,720,720,128,controlled,20861,23021,128,128,256,256,100,[],merged,2,1,384,22887.600024223328,,100,,float32,native_horizon,96,,direct_full_horizon,6028.576822916667,6028.576822916667,43.244771321614586,9.744130086999137,0.6646314859390259,0.7086238861083984,173.07060060679532,77.6439104045943,1.3026818698250981,0.7255453682310455,0.6467212218625131,9.744130086999137,10.79500131911943,0.9026520515324944,-0.10241812481360274,0.6467212218625131,0.7336308511462726,0.8815349311605882,-0.12609065097461628,Nature,1
saugeen/D/short|H=96|L=256|Hsrc=controlled|Lsrc=controlled|origins=shared_origin_v1:Hmax=720,joint-scaling,release,standard_hl_shared_origin_v1,saugeen/D/short,Granite-PatchTST-FM-r1,patchtstfm,granite-timeseries-patchtst-fm-r1,257.895552,257.895552,96,controlled,shared_origin_v1:Hmax=720,720,720,256,controlled,20861,23021,256,256,256,256,100,[],merged,2,1,384,22887.600024223328,,100,,float32,native_horizon,96,,direct_full_horizon,6253.50390625,6253.50390625,43.58128865559896,9.822367148149235,0.5957074562708536,0.7271377245585123,152.42441249096382,79.07909904804177,1.326760953630327,0.7311913361837027,0.6362771969209573,9.822367148149235,10.79500131911943,0.9098995783124615,-0.09442103906342668,0.6362771969209573,0.7336308511462726,0.8672988546307675,-0.14237166190741798,Nature,1
saugeen/D/short|H=96|L=512|Hsrc=controlled|Lsrc=controlled|origins=shared_origin_v1:Hmax=720,joint-scaling,release,standard_hl_shared_origin_v1,saugeen/D/short,Granite-PatchTST-FM-r1,patchtstfm,granite-timeseries-patchtst-fm-r1,257.895552,257.895552,96,controlled,shared_origin_v1:Hmax=720,720,720,512,controlled,20861,23021,512,512,256,256,100,[],merged,2,1,384,22887.600024223328,,100,,float32,native_horizon,96,,direct_full_horizon,6312.2109375,6312.2109375,43.67327880859375,9.843717788621243,0.5836305220921835,0.7408425807952881,166.7291581354278,79.44942377072347,1.3329741299074058,0.7327347142011712,0.6446912218973703,9.843717788621243,10.79500131911943,0.9118774048861547,-0.09224972241051976,0.6446912218973703,0.7336308511462726,0.8787678720027419,-0.12923449808087084,Nature,1
saugeen/D/short|H=96|L=1024|Hsrc=controlled|Lsrc=controlled|origins=shared_origin_v1:Hmax=720,joint-scaling,release,standard_hl_shared_origin_v1,saugeen/D/short,Granite-PatchTST-FM-r1,patchtstfm,granite-timeseries-patchtst-fm-r1,257.895552,257.895552,96,controlled,shared_origin_v1:Hmax=720,720,720,1024,controlled,20861,23021,1024,1024,256,256,100,[],merged,2,1,384,22887.600024223328,,100,,float32,native_horizon,96,,direct_full_horizon,4717.733723958333,4717.733723958333,36.700408935546875,8.266317869918316,0.5941800276438395,0.536949634552002,61.58594883503523,68.68576070742999,1.15238522535078,0.6157463874034226,0.49934702007369414,8.266317869918316,10.79500131911943,0.7657542250854135,-0.26689401570639587,0.49934702007369414,0.7336308511462726,0.68065161012992,-0.38470468944954844,Nature,1
saugeen/D/short|H=96|L=2048|Hsrc=controlled|Lsrc=controlled|origins=shared_origin_v1:Hmax=720,joint-scaling,release,standard_hl_shared_origin_v1,saugeen/D/short,Granite-PatchTST-FM-r1,patchtstfm,granite-timeseries-patchtst-fm-r1,257.895552,257.895552,96,controlled,shared_origin_v1:Hmax=720,720,720,2048,controlled,20861,23021,2048,2048,256,256,100,[],merged,2,1,384,22887.600024223328,,100,,float32,native_horizon,96,,direct_full_horizon,4705.098958333333,4705.098958333333,36.11097208658854,8.12899225877154,0.5628532568613688,0.5253736972808838,66.05629632059947,68.59372389900794,1.1508410645651728,0.6058570259255722,0.4940270492401153,8.12899225877154,10.79500131911943,0.7530330028189971,-0.28364622369779846,0.4940270492401153,0.7336308511462726,0.673400046451448,-0.39541570327469605,Nature,1
saugeen/D/short|H=96|L=4096|Hsrc=controlled|Lsrc=controlled|origins=shared_origin_v1:Hmax=720,joint-scaling,release,standard_hl_shared_origin_v1,saugeen/D/short,Granite-PatchTST-FM-r1,patchtstfm,granite-timeseries-patchtst-fm-r1,257.895552,257.895552,96,controlled,shared_origin_v1:Hmax=720,720,720,4096,controlled,20861,23021,4096,4096,256,256,100,[],merged,2,1,384,22887.600024223328,,100,,float32,native_horizon,96,,direct_full_horizon,4841.482096354167,4841.482096354167,36.4097646077474,8.198881358070045,0.5452288389205933,0.5313294728597006,63.15152090638586,69.58075952699976,1.1674011967217865,0.6108700604072814,0.49834354075266124,8.198881358070045,10.79500131911943,0.7595072122454214,-0.27508546094739217,0.49834354075266124,0.7336308511462726,0.6792837841729487,-0.3867162944477713,Nature,1
saugeen/D/short|H=96|L=6144|Hsrc=controlled|Lsrc=controlled|origins=shared_origin_v1:Hmax=720,joint-scaling-l6144,release,standard_hl_shared_origin_v1,saugeen/D/short,Granite-PatchTST-FM-r1,patchtstfm,granite-timeseries-patchtst-fm-r1,257.895552,257.895552,96,controlled,shared_origin_v1:Hmax=720,720,720,6144,controlled,20861,23021,6144,6144,256,256,100,[],merged,6,1,384,22887.600024223328,,100,,float32,native_horizon,96,,direct_full_horizon,4811.48828125,4811.48828125,36.4423828125,8.205308672596278,0.5487249692281088,0.540678858757019,60.74774175887097,69.3648922816867,1.1637794529779044,0.6114173170270993,0.4975271248396738,8.205308672596278,10.79500131911943,0.7601026095349844,-0.27430184226910165,0.4975271248396738,0.7336308511462726,0.6781709412333261,-0.38835589710721735,Nature,1
saugeen/D/short|H=96|L=8192|Hsrc=controlled|Lsrc=controlled|origins=shared_origin_v1:Hmax=720,joint-scaling,release,standard_hl_shared_origin_v1,saugeen/D/short,Granite-PatchTST-FM-r1,patchtstfm,granite-timeseries-patchtst-fm-r1,257.895552,257.895552,96,controlled,shared_origin_v1:Hmax=720,720,720,8192,controlled,20861,23021,8064,8064,256,256,100,[],merged,2,1,384,22887.600024223328,,100,,float32,native_horizon,96,,direct_full_horizon,4717.44140625,4717.44140625,36.12101745605469,8.13367946434042,0.5505576133728027,0.5374728838602701,59.81686947477897,68.68363273917593,1.1523495230574554,0.6060255635560323,0.4932755746766775,8.13367946434042,10.79500131911943,0.7534672043008049,-0.28306978634746977,0.4932755746766775,0.7336308511462726,0.6723757239842785,-0.39693798163262156,Nature,1
saugeen/D/short|H=192|L=128|Hsrc=controlled|Lsrc=controlled|origins=shared_origin_v1:Hmax=720,joint-scaling,release,standard_hl_shared_origin_v1,saugeen/D/short,Granite-PatchTST-FM-r1,patchtstfm,granite-timeseries-patchtst-fm-r1,257.895552,257.895552,192,controlled,shared_origin_v1:Hmax=720,720,720,128,controlled,20861,23021,128,128,256,256,100,[],merged,2,1,768,32805.300033569336,,100,,float32,native_horizon,192,,direct_full_horizon,3482.5696614583335,3482.5696614583335,34.2008310953776,7.712739083878492,1.121088981628418,0.7283636728922526,116.31560907412832,59.01330071651927,1.3815516061096538,0.8006705701326317,0.7048928612710201,7.712739083878492,8.364690063972306,0.922059158784395,-0.08114589394337654,0.7048928612710201,1.0359365198829344,0.6804402081998965,-0.3850153252624694,Nature,1
saugeen/D/short|H=192|L=256|Hsrc=controlled|Lsrc=controlled|origins=shared_origin_v1:Hmax=720,joint-scaling,release,standard_hl_shared_origin_v1,saugeen/D/short,Granite-PatchTST-FM-r1,patchtstfm,granite-timeseries-patchtst-fm-r1,257.895552,257.895552,192,controlled,shared_origin_v1:Hmax=720,720,720,256,controlled,20861,23021,256,256,256,256,100,[],merged,2,1,768,32805.300033569336,,100,,float32,native_horizon,192,,direct_full_horizon,3340.00390625,3340.00390625,29.26226806640625,6.590555222043787,0.6757302284240723,0.627462903658549,91.00589447357738,57.792766902528555,1.3529778705185858,0.6850546055668801,0.59413850328831,6.590555222043787,8.364690063972306,0.7879019033149925,-0.23838168505249788,0.59413850328831,1.0359365198829344,0.5735279062808312,-0.5559486839961485,Nature,1
saugeen/D/short|H=192|L=512|Hsrc=controlled|Lsrc=controlled|origins=shared_origin_v1:Hmax=720,joint-scaling,release,standard_hl_shared_origin_v1,saugeen/D/short,Granite-PatchTST-FM-r1,patchtstfm,granite-timeseries-patchtst-fm-r1,257.895552,257.895552,192,controlled,shared_origin_v1:Hmax=720,720,720,512,controlled,20861,23021,512,512,256,256,100,[],merged,2,1,768,32805.300033569336,,100,,float32,native_horizon,192,,direct_full_horizon,3337.0667317708335,3337.0667317708335,28.00103251139323,6.3047899733520465,0.5408083200454712,0.5894827047983805,95.21138134379203,57.76735004975417,1.3523828403584972,0.6555280075702512,0.5732261833569494,6.3047899733520465,8.364690063972306,0.7537386233241935,-0.2827096244885547,0.5732261833569494,1.0359365198829344,0.5533410323460037,-0.5917807725181349,Nature,1
saugeen/D/short|H=192|L=1024|Hsrc=controlled|Lsrc=controlled|origins=shared_origin_v1:Hmax=720,joint-scaling,release,standard_hl_shared_origin_v1,saugeen/D/short,Granite-PatchTST-FM-r1,patchtstfm,granite-timeseries-patchtst-fm-r1,257.895552,257.895552,192,controlled,shared_origin_v1:Hmax=720,720,720,1024,controlled,20861,23021,1024,1024,256,256,100,[],merged,2,1,768,32805.300033569336,,100,,float32,native_horizon,192,,direct_full_horizon,2506.0625,2506.0625,23.056358337402344,5.191867125231815,0.4755367040634155,0.43968939781188965,45.55157193784191,50.06058829059043,1.171960987030495,0.5397689758973493,0.4479456519797104,5.191867125231815,8.364690063972306,0.6206885234868165,-0.4769258953632116,0.4479456519797104,1.0359365198829344,0.43240646833295376,-0.8383892341870794,Nature,1
saugeen/D/short|H=192|L=2048|Hsrc=controlled|Lsrc=controlled|origins=shared_origin_v1:Hmax=720,joint-scaling,release,standard_hl_shared_origin_v1,saugeen/D/short,Granite-PatchTST-FM-r1,patchtstfm,granite-timeseries-patchtst-fm-r1,257.895552,257.895552,192,controlled,shared_origin_v1:Hmax=720,720,720,2048,controlled,20861,23021,2048,2048,256,256,100,[],merged,2,1,768,32805.300033569336,,100,,float32,native_horizon,192,,direct_full_horizon,2499.2503255208335,2499.2503255208335,22.509076436360676,5.065867397822108,0.44074567159016925,0.42054541905721027,45.662407041635625,49.99250269311223,1.1703670452342074,0.5269566407085262,0.43799576582943534,5.065867397822108,8.364690063972306,0.6056252364497506,-0.5014939059144777,0.43799576582943534,1.0359365198829344,0.4228017425999528,-0.8608519034241773,Nature,1
saugeen/D/short|H=192|L=4096|Hsrc=controlled|Lsrc=controlled|origins=shared_origin_v1:Hmax=720,joint-scaling,release,standard_hl_shared_origin_v1,saugeen/D/short,Granite-PatchTST-FM-r1,patchtstfm,granite-timeseries-patchtst-fm-r1,257.895552,257.895552,192,controlled,shared_origin_v1:Hmax=720,720,720,4096,controlled,20861,23021,4096,4096,256,256,100,[],merged,2,1,768,32805.300033569336,,100,,float32,native_horizon,192,,direct_full_horizon,2595.0201822916665,2595.0201822916665,22.719988505045574,5.1151407226705645,0.4140138626098633,0.4189177354176839,43.760636110040764,50.94134060163382,1.1925801483912857,0.5318942717798546,0.4397582817384628,5.1151407226705645,8.364690063972306,0.6115158701100082,-0.4918143714361443,0.4397582817384628,1.0359365198829344,0.4245031170328444,-0.8568359304241379,Nature,1
saugeen/D/short|H=192|L=6144|Hsrc=controlled|Lsrc=controlled|origins=shared_origin_v1:Hmax=720,joint-scaling-l6144,release,standard_hl_shared_origin_v1,saugeen/D/short,Granite-PatchTST-FM-r1,patchtstfm,granite-timeseries-patchtst-fm-r1,257.895552,257.895552,192,controlled,shared_origin_v1:Hmax=720,720,720,6144,controlled,20861,23021,6144,6144,256,256,100,[],merged,6,1,768,32805.300033569336,,100,,float32,native_horizon,192,,direct_full_horizon,2573.1774088541665,2573.1774088541665,22.72899881998698,5.116831197970405,0.416083296140035,0.42361382643381756,41.5926337227229,50.72649612238329,1.1875504562410673,0.5321052109228565,0.437595321068002,5.116831197970405,8.364690063972306,0.611717966695406,-0.491483941421611,0.437595321068002,1.0359365198829344,0.4224151892216834,-0.8617665879049697,Nature,1
saugeen/D/short|H=192|L=8192|Hsrc=controlled|Lsrc=controlled|origins=shared_origin_v1:Hmax=720,joint-scaling,release,standard_hl_shared_origin_v1,saugeen/D/short,Granite-PatchTST-FM-r1,patchtstfm,granite-timeseries-patchtst-fm-r1,257.895552,257.895552,192,controlled,shared_origin_v1:Hmax=720,720,720,8192,controlled,20861,23021,8000,8000,256,256,100,[],merged,2,1,768,32805.300033569336,,100,,float32,native_horizon,192,,direct_full_horizon,2506.4156901041665,2506.4156901041665,22.43475341796875,5.050865453046403,0.41524815559387207,0.4189266363779704,40.96530293974802,50.06411579269294,1.1720435688575763,0.5252166755789103,0.43214932685321783,5.050865453046403,8.364690063972306,0.6038317516151697,-0.5044596767800367,0.43214932685321783,1.0359365198829344,0.41715811592591856,-0.8742899541696659,Nature,1
saugeen/D/short|H=336|L=128|Hsrc=controlled|Lsrc=controlled|origins=shared_origin_v1:Hmax=720,joint-scaling,release,standard_hl_shared_origin_v1,saugeen/D/short,Granite-PatchTST-FM-r1,patchtstfm,granite-timeseries-patchtst-fm-r1,257.895552,257.895552,336,controlled,shared_origin_v1:Hmax=720,720,720,128,controlled,20861,23021,128,128,256,256,100,[],merged,2,1,1344,43361.500032901764,,100,,float32,native_horizon,336,,direct_full_horizon,2481.9215029761904,2481.9215029761904,30.303641183035715,6.8391127920085895,1.5317586263020833,0.7599567231677827,94.96069630568347,49.818887010612656,1.5441482442133738,0.9392685612604824,0.8138572784171303,6.8391127920085895,7.385081578500397,0.9260713939733254,-0.07680394798471217,0.8138572784171303,1.5617052718269562,0.5211337203626404,-0.6517486091958,Nature,1
saugeen/D/short|H=336|L=256|Hsrc=controlled|Lsrc=controlled|origins=shared_origin_v1:Hmax=720,joint-scaling,release,standard_hl_shared_origin_v1,saugeen/D/short,Granite-PatchTST-FM-r1,patchtstfm,granite-timeseries-patchtst-fm-r1,257.895552,257.895552,336,controlled,shared_origin_v1:Hmax=720,720,720,256,controlled,20861,23021,256,256,256,256,100,[],merged,2,1,1344,43361.500032901764,,100,,float32,native_horizon,336,,direct_full_horizon,2053.2589285714284,2053.2589285714284,21.297092982700892,4.796802998181834,0.6663579032534644,0.5913223084949312,67.68255684786375,45.312900244537744,1.40448411338281,0.6601084590484939,0.5828691446518472,4.796802998181834,7.385081578500397,0.6495260678157416,-0.4315123084717337,0.5828691446518472,1.5617052718269562,0.3732260850794078,-0.985570916740372,Nature,1
saugeen/D/short|H=336|L=512|Hsrc=controlled|Lsrc=controlled|origins=shared_origin_v1:Hmax=720,joint-scaling,release,standard_hl_shared_origin_v1,saugeen/D/short,Granite-PatchTST-FM-r1,patchtstfm,granite-timeseries-patchtst-fm-r1,257.895552,257.895552,336,controlled,shared_origin_v1:Hmax=720,720,720,512,controlled,20861,23021,512,512,256,256,100,[],merged,2,1,1344,43361.500032901764,,100,,float32,native_horizon,336,,direct_full_horizon,2008.7825520833333,2008.7825520833333,19.867207845052082,4.472615865022478,0.5226266951788039,0.5271784464518229,66.30420783293633,44.81944390644905,1.3891893168954197,0.6157888293414541,0.5385438630743858,4.472615865022478,7.385081578500397,0.6056284981391742,-0.501488520272592,0.5385438630743858,1.5617052718269562,0.3448434687323377,-1.0646646787293472,Nature,1
saugeen/D/short|H=336|L=1024|Hsrc=controlled|Lsrc=controlled|origins=shared_origin_v1:Hmax=720,joint-scaling,release,standard_hl_shared_origin_v1,saugeen/D/short,Granite-PatchTST-FM-r1,patchtstfm,granite-timeseries-patchtst-fm-r1,257.895552,257.895552,336,controlled,shared_origin_v1:Hmax=720,720,720,1024,controlled,20861,23021,1024,1024,256,256,100,[],merged,2,1,1344,43361.500032901764,,100,,float32,native_horizon,336,,direct_full_horizon,1559.5487351190477,1559.5487351190477,16.26279558454241,3.661988565452199,0.40843373253231957,0.3964422316778274,34.507224508149065,39.49112223169972,1.2240367201118838,0.5040692146037438,0.42369850439578655,3.661988565452199,7.385081578500397,0.49586298086578434,-0.7014556386752543,0.42369850439578655,1.5617052718269562,0.27130503561669106,-1.3045114984254027,Nature,1
saugeen/D/short|H=336|L=2048|Hsrc=controlled|Lsrc=controlled|origins=shared_origin_v1:Hmax=720,joint-scaling,release,standard_hl_shared_origin_v1,saugeen/D/short,Granite-PatchTST-FM-r1,patchtstfm,granite-timeseries-patchtst-fm-r1,257.895552,257.895552,336,controlled,shared_origin_v1:Hmax=720,720,720,2048,controlled,20861,23021,2048,2048,256,256,100,[],merged,2,1,1344,43361.500032901764,,100,,float32,native_horizon,336,,direct_full_horizon,1531.311011904762,1531.311011904762,15.707661946614584,3.536316659346415,0.3793214843386695,0.37520006724766325,34.22632546815378,39.13196918000373,1.212904685908428,0.4868627155479252,0.4107991066990854,3.536316659346415,7.385081578500397,0.4788459845374509,-0.7363762686872356,0.4107991066990854,1.5617052718269562,0.2630452199335367,-1.335429322673387,Nature,1
saugeen/D/short|H=336|L=4096|Hsrc=controlled|Lsrc=controlled|origins=shared_origin_v1:Hmax=720,joint-scaling,release,standard_hl_shared_origin_v1,saugeen/D/short,Granite-PatchTST-FM-r1,patchtstfm,granite-timeseries-patchtst-fm-r1,257.895552,257.895552,336,controlled,shared_origin_v1:Hmax=720,720,720,4096,controlled,20861,23021,4096,4096,256,256,100,[],merged,2,1,1344,43361.500032901764,,100,,float32,native_horizon,336,,direct_full_horizon,1573.6895461309523,1573.6895461309523,15.76360357375372,3.5499404932593253,0.34632982526506695,0.366376104808989,32.559405440170806,39.66975606341627,1.2295735181849412,0.4885966395777201,0.4080408947046875,3.5499404932593253,7.385081578500397,0.4806907622515621,-0.7325311215509162,0.4080408947046875,1.5617052718269562,0.2612790659452293,-1.342166224685121,Nature,1
saugeen/D/short|H=336|L=6144|Hsrc=controlled|Lsrc=controlled|origins=shared_origin_v1:Hmax=720,joint-scaling-l6144,release,standard_hl_shared_origin_v1,saugeen/D/short,Granite-PatchTST-FM-r1,patchtstfm,granite-timeseries-patchtst-fm-r1,257.895552,257.895552,336,controlled,shared_origin_v1:Hmax=720,720,720,6144,controlled,20861,23021,6144,6144,256,256,100,[],merged,6,1,1344,43361.500032901764,,100,,float32,native_horizon,336,,direct_full_horizon,1563.1739211309523,1563.1739211309523,15.787946428571429,3.555179372351797,0.34898828324817477,0.36897523062569754,31.15717569154523,39.53699433607659,1.2254585368902642,0.48935115214878366,0.407857190370494,3.555179372351797,7.385081578500397,0.4814001490114488,-0.7310564440955134,0.407857190370494,1.5617052718269562,0.26116143534135833,-1.3426165366558394,Nature,1
saugeen/D/short|H=336|L=8192|Hsrc=controlled|Lsrc=controlled|origins=shared_origin_v1:Hmax=720,joint-scaling,release,standard_hl_shared_origin_v1,saugeen/D/short,Granite-PatchTST-FM-r1,patchtstfm,granite-timeseries-patchtst-fm-r1,257.895552,257.895552,336,controlled,shared_origin_v1:Hmax=720,720,720,8192,controlled,20861,23021,7856,7856,256,256,100,[],merged,2,1,1344,43361.500032901764,,100,,float32,native_horizon,336,,direct_full_horizon,1525.4295944940477,1525.4295944940477,15.58251953125,3.508956330220142,0.3482560884384882,0.3652265185401553,31.19867671341619,39.05674838608621,1.2105731995219233,0.4829838966389303,0.40404432212216973,3.508956330220142,7.385081578500397,0.4751411738545297,-0.7441433109902791,0.40404432212216973,1.5617052718269562,0.258719957863432,-1.3520090460188763,Nature,1
saugeen/D/short|H=720|L=128|Hsrc=controlled|Lsrc=controlled|origins=shared_origin_v1:Hmax=720,joint-scaling,release,standard_hl_shared_origin_v1,saugeen/D/short,Granite-PatchTST-FM-r1,patchtstfm,granite-timeseries-patchtst-fm-r1,257.895552,257.895552,720,controlled,shared_origin_v1:Hmax=720,720,720,128,controlled,20861,23021,128,128,256,256,100,[],merged,2,1,2880,94972.20006084442,,100,,float32,native_horizon,720,,direct_full_horizon,2215.687326388889,2215.687326388889,23.389510091145834,5.267440156321552,0.7426405164930555,0.7358114454481337,81.64567562921152,47.07108800940221,1.4274149001521304,0.7092790208012906,0.6395808713569016,5.267440156321552,7.510913121627286,0.701304897423754,-0.3548125401130868,0.6395808713569016,2.036616431144664,0.3140409070535831,-1.1582320243185158,Nature,1
saugeen/D/short|H=720|L=256|Hsrc=controlled|Lsrc=controlled|origins=shared_origin_v1:Hmax=720,joint-scaling,release,standard_hl_shared_origin_v1,saugeen/D/short,Granite-PatchTST-FM-r1,patchtstfm,granite-timeseries-patchtst-fm-r1,257.895552,257.895552,720,controlled,shared_origin_v1:Hmax=720,720,720,256,controlled,20861,23021,256,256,256,256,100,[],merged,2,1,2880,94972.20006084442,,100,,float32,native_horizon,720,,direct_full_horizon,2213.14375,2213.14375,20.91819797092014,4.708267791303503,0.5180031246609158,0.5602706485324436,67.61998545588611,47.04406179317428,1.4265953392418158,0.6343373125783557,0.5704723203214476,4.708267791303503,7.510913121627286,0.6268569100801191,-0.46703697798222665,0.5704723203214476,2.036616431144664,0.2801078846254904,-1.2725804477888374,Nature,1
saugeen/D/short|H=720|L=512|Hsrc=controlled|Lsrc=controlled|origins=shared_origin_v1:Hmax=720,joint-scaling,release,standard_hl_shared_origin_v1,saugeen/D/short,Granite-PatchTST-FM-r1,patchtstfm,granite-timeseries-patchtst-fm-r1,257.895552,257.895552,720,controlled,shared_origin_v1:Hmax=720,720,720,512,controlled,20861,23021,512,512,256,256,100,[],merged,2,1,2880,94972.20006084442,,100,,float32,native_horizon,720,,direct_full_horizon,2104.0444444444443,2104.0444444444443,20.25853271484375,4.559009090841167,0.511263910929362,0.534125010172526,61.365553758595,45.869864229627325,1.3909881933522952,0.6143331857256256,0.5355637320864517,4.559009090841167,7.510913121627286,0.6069846657810135,-0.4992517505464915,0.5355637320864517,2.036616431144664,0.26296740215605663,-1.335725200661024,Nature,1
saugeen/D/short|H=720|L=1024|Hsrc=controlled|Lsrc=controlled|origins=shared_origin_v1:Hmax=720,joint-scaling,release,standard_hl_shared_origin_v1,saugeen/D/short,Granite-PatchTST-FM-r1,patchtstfm,granite-timeseries-patchtst-fm-r1,257.895552,257.895552,720,controlled,shared_origin_v1:Hmax=720,720,720,1024,controlled,20861,23021,1024,1024,256,256,100,[],merged,2,1,2880,94972.20006084442,,100,,float32,native_horizon,720,,direct_full_horizon,1653.6885416666667,1653.6885416666667,17.445821126302082,3.9262310332186883,0.45578689575195314,0.4438925001356337,37.38606903742431,40.665569486565246,1.2331697069908503,0.5290386535382032,0.44139702589402396,3.9262310332186883,7.510913121627286,0.5227368456590595,-0.6486771047220777,0.44139702589402396,2.036616431144664,0.21673056307708383,-1.5291003417273235,Nature,1
saugeen/D/short|H=720|L=2048|Hsrc=controlled|Lsrc=controlled|origins=shared_origin_v1:Hmax=720,joint-scaling,release,standard_hl_shared_origin_v1,saugeen/D/short,Granite-PatchTST-FM-r1,patchtstfm,granite-timeseries-patchtst-fm-r1,257.895552,257.895552,720,controlled,shared_origin_v1:Hmax=720,720,720,2048,controlled,20861,23021,2048,2048,256,256,100,[],merged,2,1,2880,94972.20006084442,,100,,float32,native_horizon,720,,direct_full_horizon,1622.5881944444445,1622.5881944444445,16.87060546875,3.796649221566876,0.42670983208550345,0.41892768012152776,38.43326815767245,40.2813628672671,1.221518770581356,0.5115954323356969,0.431142094193501,3.796649221566876,7.510913121627286,0.5054843745475661,-0.6822381518844935,0.431142094193501,2.036616431144664,0.21169528419800732,-1.5526073769609103,Nature,1
saugeen/D/short|H=720|L=4096|Hsrc=controlled|Lsrc=controlled|origins=shared_origin_v1:Hmax=720,joint-scaling,release,standard_hl_shared_origin_v1,saugeen/D/short,Granite-PatchTST-FM-r1,patchtstfm,granite-timeseries-patchtst-fm-r1,257.895552,257.895552,720,controlled,shared_origin_v1:Hmax=720,720,720,4096,controlled,20861,23021,4096,4096,256,256,100,[],merged,2,1,2880,94972.20006084442,,100,,float32,native_horizon,720,,direct_full_horizon,1679.1486111111112,1679.1486111111112,16.677121310763887,3.7536741860330496,0.3888284895155165,0.40574078030056426,37.03080545601961,40.97741586668334,1.2426263435030582,0.505728090369911,0.42400942406597114,3.7536741860330496,7.510913121627286,0.49976269532722173,-0.6936219025681659,0.42400942406597114,2.036616431144664,0.20819306845504534,-1.5692894160786086,Nature,1
saugeen/D/short|H=720|L=6144|Hsrc=controlled|Lsrc=controlled|origins=shared_origin_v1:Hmax=720,joint-scaling-l6144,release,standard_hl_shared_origin_v1,saugeen/D/short,Granite-PatchTST-FM-r1,patchtstfm,granite-timeseries-patchtst-fm-r1,257.895552,257.895552,720,controlled,shared_origin_v1:Hmax=720,720,720,6144,controlled,20861,23021,6144,6144,256,256,100,[],merged,6,1,2880,94972.20006084442,,100,,float32,native_horizon,720,,direct_full_horizon,1676.1024305555557,1676.1024305555557,16.635989040798613,3.744312352738041,0.3820898691813151,0.4025082058376736,36.428632603579864,40.94022997682787,1.2414986939096495,0.5044807681279908,0.42337824328565143,3.744312352738041,7.510913121627286,0.49851626454797976,-0.6961190631356021,0.42337824328565143,2.036616431144664,0.20788315208067681,-1.5707791259749555,Nature,1
saugeen/D/short|H=720|L=8192|Hsrc=controlled|Lsrc=controlled|origins=shared_origin_v1:Hmax=720,joint-scaling,release,standard_hl_shared_origin_v1,saugeen/D/short,Granite-PatchTST-FM-r1,patchtstfm,granite-timeseries-patchtst-fm-r1,257.895552,257.895552,720,controlled,shared_origin_v1:Hmax=720,720,720,8192,controlled,20861,23021,7472,7472,256,256,100,[],merged,2,1,2880,94972.20006084442,,100,,float32,native_horizon,720,,direct_full_horizon,1659.7862847222223,1659.7862847222223,16.604230414496527,3.737099629327221,0.38464122348361546,0.4041555616590712,36.59044151385472,40.740474772911305,1.235441184586804,0.503517698475067,0.4222531658297063,3.737099629327221,7.510913121627286,0.4975559654080455,-0.6980472354278809,0.4222531658297063,2.036616431144664,0.20733072726531146,-1.573440044449976,Nature,1
saugeen/W/short|H=48|L=128|Hsrc=controlled|Lsrc=controlled|origins=shared_origin_v1:Hmax=720,joint-scaling,release,standard_hl_shared_origin_v1,saugeen/W/short,Granite-PatchTST-FM-r1,patchtstfm,granite-timeseries-patchtst-fm-r1,257.895552,257.895552,48,controlled,shared_origin_v1:Hmax=720,720,720,128,controlled,2671,2671,128,128,256,256,100,[],merged,2,1,48,1301.8571429252625,,100,,float32,native_horizon,48,,direct_full_horizon,400.780517578125,400.780517578125,13.848475138346354,1.1811865518940665,0.5644377867380778,0.516579826672872,7.820586092089137,20.01950342985872,0.7381271976386002,0.5105988857940198,0.3783685089285716,1.1811865518940665,2.4447283905978785,0.4831565569560869,-0.7274145433651457,0.3783685089285716,1.3379684481783347,0.2827932971392011,-1.2630390470114696,Nature,1
saugeen/W/short|H=48|L=256|Hsrc=controlled|Lsrc=controlled|origins=shared_origin_v1:Hmax=720,joint-scaling,release,standard_hl_shared_origin_v1,saugeen/W/short,Granite-PatchTST-FM-r1,patchtstfm,granite-timeseries-patchtst-fm-r1,257.895552,257.895552,48,controlled,shared_origin_v1:Hmax=720,720,720,256,controlled,2671,2671,256,256,256,256,100,[],merged,2,1,48,1301.8571429252625,,100,,float32,native_horizon,48,,direct_full_horizon,363.2323404947917,363.2323404947917,9.896663029988607,0.8441222504634366,0.3246893485387166,0.34958664576212567,7.834186161902422,19.05865526459807,0.7027003367244462,0.36489397321432865,0.32282404620953387,0.8441222504634366,2.4447283905978785,0.34528263086804484,-1.0633919774208764,0.32282404620953387,1.3379684481783347,0.24127926682356668,-1.4218002328625925,Nature,1
saugeen/W/short|H=48|L=512|Hsrc=controlled|Lsrc=controlled|origins=shared_origin_v1:Hmax=720,joint-scaling,release,standard_hl_shared_origin_v1,saugeen/W/short,Granite-PatchTST-FM-r1,patchtstfm,granite-timeseries-patchtst-fm-r1,257.895552,257.895552,48,controlled,shared_origin_v1:Hmax=720,720,720,512,controlled,2671,2671,512,512,256,256,100,[],merged,2,1,48,1301.8571429252625,,100,,float32,native_horizon,48,,direct_full_horizon,345.0022786458333,345.0022786458333,10.233757654825846,0.8728742934801916,0.31174878279368085,0.34089477856953937,7.321247283703252,18.57423695998932,0.6848396376857078,0.3773227885264526,0.3216556509968721,0.8728742934801916,2.4447283905978785,0.35704346414806554,-1.0298977562993135,0.3216556509968721,1.3379684481783347,0.24040600616166352,-1.4254260925996383,Nature,1
saugeen/W/short|H=48|L=1024|Hsrc=controlled|Lsrc=controlled|origins=shared_origin_v1:Hmax=720,joint-scaling,release,standard_hl_shared_origin_v1,saugeen/W/short,Granite-PatchTST-FM-r1,patchtstfm,granite-timeseries-patchtst-fm-r1,257.895552,257.895552,48,controlled,shared_origin_v1:Hmax=720,720,720,1024,controlled,2671,2671,1024,1024,256,256,100,[],merged,2,1,48,1301.8571429252625,,100,,float32,native_horizon,48,,direct_full_horizon,331.1575927734375,331.1575927734375,9.546637217203775,0.8142673290248229,0.2657533089319865,0.30695317188898724,6.808458577020727,18.197735924379096,0.6709578920521715,0.3519883797665563,0.30362179997609684,0.8142673290248229,2.4447283905978785,0.33307067245441,-1.0994005819263846,0.30362179997609684,1.3379684481783347,0.22692747380514297,-1.4831248112070619,Nature,1
saugeen/W/short|H=48|L=2048|Hsrc=controlled|Lsrc=controlled|origins=shared_origin_v1:Hmax=720,joint-scaling,release,standard_hl_shared_origin_v1,saugeen/W/short,Granite-PatchTST-FM-r1,patchtstfm,granite-timeseries-patchtst-fm-r1,257.895552,257.895552,48,controlled,shared_origin_v1:Hmax=720,720,720,2048,controlled,2671,2671,2048,2048,256,256,100,[],merged,2,1,48,1301.8571429252625,,100,,float32,native_horizon,48,,direct_full_horizon,289.3295491536458,289.3295491536458,9.307996114095053,0.7939127421226373,0.2683862845102946,0.2978413701057434,7.272191396152764,17.009689860595515,0.6271541526238388,0.3431895856657843,0.29426411269989744,0.7939127421226373,2.4447283905978785,0.324744763130304,-1.1247157494111693,0.29426411269989744,1.3379684481783347,0.21993352167649596,-1.5144299524913432,Nature,1
saugeen/W/short|H=48|L=4096|Hsrc=controlled|Lsrc=controlled|origins=shared_origin_v1:Hmax=720,joint-scaling,release,standard_hl_shared_origin_v1,saugeen/W/short,Granite-PatchTST-FM-r1,patchtstfm,granite-timeseries-patchtst-fm-r1,257.895552,257.895552,48,controlled,shared_origin_v1:Hmax=720,720,720,4096,controlled,2671,2671,2671,2671,256,256,100,[],merged,2,1,48,1301.8571429252625,,100,,float32,native_horizon,48,,direct_full_horizon,285.2852783203125,285.2852783203125,9.284079233805338,0.7918727779141005,0.2659323414166768,0.2987842361132304,7.484985899397066,16.890390117469533,0.6227555227886328,0.3423077606052199,0.2973244848081739,0.7918727779141005,2.4447283905978785,0.3239103292453856,-1.12728856308368,0.2973244848081739,1.3379684481783347,0.22222084923825067,-1.5040835752232327,Nature,1
saugeen/W/short|H=48|L=6144|Hsrc=controlled|Lsrc=controlled|origins=shared_origin_v1:Hmax=720,joint-scaling-l6144,release,standard_hl_shared_origin_v1,saugeen/W/short,Granite-PatchTST-FM-r1,patchtstfm,granite-timeseries-patchtst-fm-r1,257.895552,257.895552,48,controlled,shared_origin_v1:Hmax=720,720,720,6144,controlled,2671,2671,2671,2671,256,256,100,[],merged,6,1,48,1301.8571429252625,,100,,float32,native_horizon,48,,direct_full_horizon,285.2852783203125,285.2852783203125,9.284079233805338,0.7918727779141005,0.2659323414166768,0.2987842361132304,7.484985899397066,16.890390117469533,0.6227555227886328,0.3423077606052199,0.2973244848081739,0.7918727779141005,2.4447283905978785,0.3239103292453856,-1.12728856308368,0.2973244848081739,1.3379684481783347,0.22222084923825067,-1.5040835752232327,Nature,1
saugeen/W/short|H=48|L=8192|Hsrc=controlled|Lsrc=controlled|origins=shared_origin_v1:Hmax=720,joint-scaling,release,standard_hl_shared_origin_v1,saugeen/W/short,Granite-PatchTST-FM-r1,patchtstfm,granite-timeseries-patchtst-fm-r1,257.895552,257.895552,48,controlled,shared_origin_v1:Hmax=720,720,720,8192,controlled,2671,2671,2671,2671,256,256,100,[],merged,2,1,48,1301.8571429252625,,100,,float32,native_horizon,48,,direct_full_horizon,285.2852783203125,285.2852783203125,9.284079233805338,0.7918727779141005,0.2659323414166768,0.2987842361132304,7.484985899397066,16.890390117469533,0.6227555227886328,0.3423077606052199,0.2973244848081739,0.7918727779141005,2.4447283905978785,0.3239103292453856,-1.12728856308368,0.2973244848081739,1.3379684481783347,0.22222084923825067,-1.5040835752232327,Nature,1
saugeen/W/short|H=96|L=128|Hsrc=controlled|Lsrc=controlled|origins=shared_origin_v1:Hmax=720,joint-scaling,release,standard_hl_shared_origin_v1,saugeen/W/short,Granite-PatchTST-FM-r1,patchtstfm,granite-timeseries-patchtst-fm-r1,257.895552,257.895552,96,controlled,shared_origin_v1:Hmax=720,720,720,128,controlled,2671,2671,128,128,256,256,100,[],merged,2,1,96,3321.7142910957336,,100,,float32,native_horizon,96,,direct_full_horizon,1072.7862141927083,1072.7862141927083,19.47265116373698,1.66089306200601,0.5281201203664144,0.5922665198644003,15.831777942599771,32.75341530577702,0.9465979292028077,0.5627740220553705,0.4445704282478269,1.66089306200601,2.322296545884376,0.7151942179604411,-0.33520113966272563,0.4445704282478269,1.4049036993226194,0.31644192300310586,-1.150615551856173,Nature,1
saugeen/W/short|H=96|L=256|Hsrc=controlled|Lsrc=controlled|origins=shared_origin_v1:Hmax=720,joint-scaling,release,standard_hl_shared_origin_v1,saugeen/W/short,Granite-PatchTST-FM-r1,patchtstfm,granite-timeseries-patchtst-fm-r1,257.895552,257.895552,96,controlled,shared_origin_v1:Hmax=720,720,720,256,controlled,2671,2671,256,256,256,256,100,[],merged,2,1,96,3321.7142910957336,,100,,float32,native_horizon,96,,direct_full_horizon,937.8753255208334,937.8753255208334,17.08313751220703,1.4570828257190123,0.3915836016337077,0.5046334266662598,10.341422604917842,30.624750211566354,0.8850779334608457,0.493715310063857,0.4085486910874294,1.4570828257190123,2.322296545884376,0.6274318533097273,-0.46612021417686145,0.4085486910874294,1.4049036993226194,0.2908019185118617,-1.2351129359860011,Nature,1
saugeen/W/short|H=96|L=512|Hsrc=controlled|Lsrc=controlled|origins=shared_origin_v1:Hmax=720,joint-scaling,release,standard_hl_shared_origin_v1,saugeen/W/short,Granite-PatchTST-FM-r1,patchtstfm,granite-timeseries-patchtst-fm-r1,257.895552,257.895552,96,controlled,shared_origin_v1:Hmax=720,720,720,512,controlled,2671,2671,512,512,256,256,100,[],merged,2,1,96,3321.7142910957336,,100,,float32,native_horizon,96,,direct_full_horizon,908.30908203125,908.30908203125,17.50803502400716,1.493323769042087,0.40249375502268475,0.5271404981613159,10.242608514969662,30.138166534002195,0.8710153052657067,0.5059951624407323,0.4214231755209185,1.493323769042087,2.322296545884376,0.6430375016871069,-0.4415522334481816,0.4214231755209185,1.4049036993226194,0.29996588073909236,-1.2040865416634738,Nature,1
saugeen/W/short|H=96|L=1024|Hsrc=controlled|Lsrc=controlled|origins=shared_origin_v1:Hmax=720,joint-scaling,release,standard_hl_shared_origin_v1,saugeen/W/short,Granite-PatchTST-FM-r1,patchtstfm,granite-timeseries-patchtst-fm-r1,257.895552,257.895552,96,controlled,shared_origin_v1:Hmax=720,720,720,1024,controlled,2671,2671,1024,1024,256,256,100,[],merged,2,1,96,3321.7142910957336,,100,,float32,native_horizon,96,,direct_full_horizon,875.7367350260416,875.7367350260416,16.936687469482422,1.444591513853597,0.3788286844889323,0.5064400434494019,9.434588468300689,29.5928493901152,0.8552552364501907,0.4894827955037547,0.4120875815052633,1.444591513853597,2.322296545884376,0.622052991644729,-0.4747299943015902,0.4120875815052633,1.4049036993226194,0.29332087438018223,-1.226488134783952,Nature,1
saugeen/W/short|H=96|L=2048|Hsrc=controlled|Lsrc=controlled|origins=shared_origin_v1:Hmax=720,joint-scaling,release,standard_hl_shared_origin_v1,saugeen/W/short,Granite-PatchTST-FM-r1,patchtstfm,granite-timeseries-patchtst-fm-r1,257.895552,257.895552,96,controlled,shared_origin_v1:Hmax=720,720,720,2048,controlled,2671,2671,2048,2048,256,256,100,[],merged,2,1,96,3321.7142910957336,,100,,float32,native_horizon,96,,direct_full_horizon,788.23876953125,788.23876953125,16.431317647298176,1.4014867106957478,0.38194894790649414,0.4887590805689494,10.151064967747367,28.075590279302233,0.8114053258698328,0.47487723383346314,0.39968081835411856,1.4014867106957478,2.322296545884376,0.6034917087481755,-0.5050229771500689,0.39968081835411856,1.4049036993226194,0.28448983268164674,-1.2570577635529565,Nature,1
saugeen/W/short|H=96|L=4096|Hsrc=controlled|Lsrc=controlled|origins=shared_origin_v1:Hmax=720,joint-scaling,release,standard_hl_shared_origin_v1,saugeen/W/short,Granite-PatchTST-FM-r1,patchtstfm,granite-timeseries-patchtst-fm-r1,257.895552,257.895552,96,controlled,shared_origin_v1:Hmax=720,720,720,4096,controlled,2671,2671,2671,2671,256,256,100,[],merged,2,1,96,3321.7142910957336,,100,,float32,native_horizon,96,,direct_full_horizon,798.6354166666666,798.6354166666666,16.424401601155598,1.4008967457190502,0.37921937306722003,0.48893197377522785,10.121659076360976,28.26013829878875,0.8167389001384558,0.47467735498431973,0.40203580143951767,1.4008967457190502,2.322296545884376,0.6032376649751082,-0.505444022302946,0.40203580143951767,1.4049036993226194,0.2861660921195958,-1.251182895050565,Nature,1
saugeen/W/short|H=96|L=6144|Hsrc=controlled|Lsrc=controlled|origins=shared_origin_v1:Hmax=720,joint-scaling-l6144,release,standard_hl_shared_origin_v1,saugeen/W/short,Granite-PatchTST-FM-r1,patchtstfm,granite-timeseries-patchtst-fm-r1,257.895552,257.895552,96,controlled,shared_origin_v1:Hmax=720,720,720,6144,controlled,2671,2671,2671,2671,256,256,100,[],merged,6,1,96,3321.7142910957336,,100,,float32,native_horizon,96,,direct_full_horizon,798.6354166666666,798.6354166666666,16.424401601155598,1.4008967457190502,0.37921937306722003,0.48893197377522785,10.121659076360976,28.26013829878875,0.8167389001384558,0.47467735498431973,0.40203580143951767,1.4008967457190502,2.322296545884376,0.6032376649751082,-0.505444022302946,0.40203580143951767,1.4049036993226194,0.2861660921195958,-1.251182895050565,Nature,1
saugeen/W/short|H=96|L=8192|Hsrc=controlled|Lsrc=controlled|origins=shared_origin_v1:Hmax=720,joint-scaling,release,standard_hl_shared_origin_v1,saugeen/W/short,Granite-PatchTST-FM-r1,patchtstfm,granite-timeseries-patchtst-fm-r1,257.895552,257.895552,96,controlled,shared_origin_v1:Hmax=720,720,720,8192,controlled,2671,2671,2671,2671,256,256,100,[],merged,2,1,96,3321.7142910957336,,100,,float32,native_horizon,96,,direct_full_horizon,798.6354166666666,798.6354166666666,16.424401601155598,1.4008967457190502,0.37921937306722003,0.48893197377522785,10.121659076360976,28.26013829878875,0.8167389001384558,0.47467735498431973,0.40203580143951767,1.4008967457190502,2.322296545884376,0.6032376649751082,-0.505444022302946,0.40203580143951767,1.4049036993226194,0.2861660921195958,-1.251182895050565,Nature,1
saugeen/W/short|H=192|L=128|Hsrc=controlled|Lsrc=controlled|origins=shared_origin_v1:Hmax=720,joint-scaling,release,standard_hl_shared_origin_v1,saugeen/W/short,Granite-PatchTST-FM-r1,patchtstfm,granite-timeseries-patchtst-fm-r1,257.895552,257.895552,192,controlled,shared_origin_v1:Hmax=720,720,720,128,controlled,2671,2671,128,128,256,256,100,[],merged,2,1,192,6644.128565788269,,100,,float32,native_horizon,192,,direct_full_horizon,1219.8548177083333,1219.8548177083333,19.893962860107422,1.6968281416081332,0.5286144415537516,0.5638420581817627,13.048823571805395,34.92642005285302,1.0092930297401892,0.5748896685727298,0.46323060592588344,1.6968281416081332,2.5613281149382647,0.6624798016746993,-0.41176520962471913,0.46323060592588344,1.9253131793188218,0.2406001324365187,-1.424618924998989,Nature,1
saugeen/W/short|H=192|L=256|Hsrc=controlled|Lsrc=controlled|origins=shared_origin_v1:Hmax=720,joint-scaling,release,standard_hl_shared_origin_v1,saugeen/W/short,Granite-PatchTST-FM-r1,patchtstfm,granite-timeseries-patchtst-fm-r1,257.895552,257.895552,192,controlled,shared_origin_v1:Hmax=720,720,720,256,controlled,2671,2671,256,256,256,256,100,[],merged,2,1,192,6644.128565788269,,100,,float32,native_horizon,192,,direct_full_horizon,1001.4070638020834,1001.4070638020834,17.003313700358074,1.4502742155503732,0.3626719315846761,0.4617893298467,10.027846728592221,31.6450164133641,0.9144680286067073,0.4913565711655414,0.39906758288405453,1.4502742155503732,2.5613281149382647,0.5662196136028159,-0.5687732661363607,0.39906758288405453,1.9253131793188218,0.20727411372379695,-1.5737131408360738,Nature,1
saugeen/W/short|H=192|L=512|Hsrc=controlled|Lsrc=controlled|origins=shared_origin_v1:Hmax=720,joint-scaling,release,standard_hl_shared_origin_v1,saugeen/W/short,Granite-PatchTST-FM-r1,patchtstfm,granite-timeseries-patchtst-fm-r1,257.895552,257.895552,192,controlled,shared_origin_v1:Hmax=720,720,720,512,controlled,2671,2671,512,512,256,256,100,[],merged,2,1,192,6644.128565788269,,100,,float32,native_horizon,192,,direct_full_horizon,951.2465006510416,951.2465006510416,17.394004821777344,1.4835977756028917,0.3863545258839925,0.4944244623184204,9.969648031508955,30.84228429690385,0.8912709208394101,0.5026466439824271,0.40332252937178764,1.4835977756028917,2.5613281149382647,0.579229879588719,-0.5460558515535241,0.40332252937178764,1.9253131793188218,0.20948411598911074,-1.5631073611620543,Nature,1
saugeen/W/short|H=192|L=1024|Hsrc=controlled|Lsrc=controlled|origins=shared_origin_v1:Hmax=720,joint-scaling,release,standard_hl_shared_origin_v1,saugeen/W/short,Granite-PatchTST-FM-r1,patchtstfm,granite-timeseries-patchtst-fm-r1,257.895552,257.895552,192,controlled,shared_origin_v1:Hmax=720,720,720,1024,controlled,2671,2671,1024,1024,256,256,100,[],merged,2,1,192,6644.128565788269,,100,,float32,native_horizon,192,,direct_full_horizon,888.0689290364584,888.0689290364584,16.731548309326172,1.4270944757287332,0.3658459981282552,0.4705330928166707,9.589056152650429,29.8004853825648,0.8611653336924272,0.48350317781809726,0.39243060915651135,1.4270944757287332,2.5613281149382647,0.557169722772176,-0.5848853767219608,0.39243060915651135,1.9253131793188218,0.20382689599380074,-1.5904841944094537,Nature,1
saugeen/W/short|H=192|L=2048|Hsrc=controlled|Lsrc=controlled|origins=shared_origin_v1:Hmax=720,joint-scaling,release,standard_hl_shared_origin_v1,saugeen/W/short,Granite-PatchTST-FM-r1,patchtstfm,granite-timeseries-patchtst-fm-r1,257.895552,257.895552,192,controlled,shared_origin_v1:Hmax=720,720,720,2048,controlled,2671,2671,2048,2048,256,256,100,[],merged,2,1,192,6644.128565788269,,100,,float32,native_horizon,192,,direct_full_horizon,819.2757161458334,819.2757161458334,16.208712259928387,1.3824998189817237,0.36594486236572266,0.4555451075236003,10.069732621022192,28.62299278806871,0.8271385119798905,0.4683944211932975,0.38705643932585854,1.3824998189817237,2.5613281149382647,0.5397589675913295,-0.6166325953828017,0.38705643932585854,1.9253131793188218,0.20103557358019,-1.6042734035966824,Nature,1
saugeen/W/short|H=192|L=4096|Hsrc=controlled|Lsrc=controlled|origins=shared_origin_v1:Hmax=720,joint-scaling,release,standard_hl_shared_origin_v1,saugeen/W/short,Granite-PatchTST-FM-r1,patchtstfm,granite-timeseries-patchtst-fm-r1,257.895552,257.895552,192,controlled,shared_origin_v1:Hmax=720,720,720,4096,controlled,2671,2671,2671,2671,256,256,100,[],merged,2,1,192,6644.128565788269,,100,,float32,native_horizon,192,,direct_full_horizon,830.5524088541666,830.5524088541666,16.22416051228841,1.3838175390461078,0.3650552034378052,0.45134711265563965,9.920308684544624,28.81930618273394,0.8328115165586711,0.46884084007633925,0.38806651130971054,1.3838175390461078,2.5613281149382647,0.5402734350883669,-0.6156799063066729,0.38806651130971054,1.9253131793188218,0.20156020094715651,-1.6016671782107381,Nature,1
saugeen/W/short|H=192|L=6144|Hsrc=controlled|Lsrc=controlled|origins=shared_origin_v1:Hmax=720,joint-scaling-l6144,release,standard_hl_shared_origin_v1,saugeen/W/short,Granite-PatchTST-FM-r1,patchtstfm,granite-timeseries-patchtst-fm-r1,257.895552,257.895552,192,controlled,shared_origin_v1:Hmax=720,720,720,6144,controlled,2671,2671,2671,2671,256,256,100,[],merged,6,1,192,6644.128565788269,,100,,float32,native_horizon,192,,direct_full_horizon,830.5524088541666,830.5524088541666,16.22416051228841,1.3838175390461078,0.3650552034378052,0.45134711265563965,9.920308684544624,28.81930618273394,0.8328115165586711,0.46884084007633925,0.38806651130971054,1.3838175390461078,2.5613281149382647,0.5402734350883669,-0.6156799063066729,0.38806651130971054,1.9253131793188218,0.20156020094715651,-1.6016671782107381,Nature,1
saugeen/W/short|H=192|L=8192|Hsrc=controlled|Lsrc=controlled|origins=shared_origin_v1:Hmax=720,joint-scaling,release,standard_hl_shared_origin_v1,saugeen/W/short,Granite-PatchTST-FM-r1,patchtstfm,granite-timeseries-patchtst-fm-r1,257.895552,257.895552,192,controlled,shared_origin_v1:Hmax=720,720,720,8192,controlled,2671,2671,2671,2671,256,256,100,[],merged,2,1,192,6644.128565788269,,100,,float32,native_horizon,192,,direct_full_horizon,830.5524088541666,830.5524088541666,16.22416051228841,1.3838175390461078,0.3650552034378052,0.45134711265563965,9.920308684544624,28.81930618273394,0.8328115165586711,0.46884084007633925,0.38806651130971054,1.3838175390461078,2.5613281149382647,0.5402734350883669,-0.6156799063066729,0.38806651130971054,1.9253131793188218,0.20156020094715651,-1.6016671782107381,Nature,1
saugeen/W/short|H=336|L=128|Hsrc=controlled|Lsrc=controlled|origins=shared_origin_v1:Hmax=720,joint-scaling,release,standard_hl_shared_origin_v1,saugeen/W/short,Granite-PatchTST-FM-r1,patchtstfm,granite-timeseries-patchtst-fm-r1,257.895552,257.895552,336,controlled,shared_origin_v1:Hmax=720,720,720,128,controlled,2671,2671,128,128,256,256,100,[],merged,2,1,336,10768.314269065857,,100,,float32,native_horizon,336,,direct_full_horizon,1471.3084077380952,1471.3084077380952,20.91059802827381,1.78354071067097,0.6622977937970843,0.6397179194859096,18.857374380952916,38.357638192908794,1.1968601687119402,0.6524661856947732,0.5416228812002601,1.78354071067097,2.6937625935473966,0.6621001846796892,-0.4123383981211698,0.5416228812002601,2.7050943488662202,0.200223286639621,-1.608322101984077,Nature,1
saugeen/W/short|H=336|L=256|Hsrc=controlled|Lsrc=controlled|origins=shared_origin_v1:Hmax=720,joint-scaling,release,standard_hl_shared_origin_v1,saugeen/W/short,Granite-PatchTST-FM-r1,patchtstfm,granite-timeseries-patchtst-fm-r1,257.895552,257.895552,336,controlled,shared_origin_v1:Hmax=720,720,720,256,controlled,2671,2671,256,256,256,256,100,[],merged,2,1,336,10768.314269065857,,100,,float32,native_horizon,336,,direct_full_horizon,1064.3599330357142,1064.3599330357142,15.722226097470237,1.3410057230078527,0.3450523785182408,0.4405707404727027,10.278867477194629,32.624529621677524,1.0179719572611043,0.49057520395049425,0.4026501242589224,1.3410057230078527,2.6937625935473966,0.4978188227203393,-0.6975190779508398,0.4026501242589224,2.7050943488662202,0.1488488282960201,-1.9048240632609736,Nature,1
saugeen/W/short|H=336|L=512|Hsrc=controlled|Lsrc=controlled|origins=shared_origin_v1:Hmax=720,joint-scaling,release,standard_hl_shared_origin_v1,saugeen/W/short,Granite-PatchTST-FM-r1,patchtstfm,granite-timeseries-patchtst-fm-r1,257.895552,257.895552,336,controlled,shared_origin_v1:Hmax=720,720,720,512,controlled,2671,2671,512,512,256,256,100,[],merged,2,1,336,10768.314269065857,,100,,float32,native_horizon,336,,direct_full_horizon,1028.7885044642858,1028.7885044642858,16.046934581938245,1.3687012391794755,0.36792459942045663,0.47232364472888766,10.136570120816161,32.074733116025854,1.0008168463233005,0.5007069709156048,0.40549250235660733,1.3687012391794755,2.6937625935473966,0.5081001727687675,-0.6770766603534445,0.40549250235660733,2.7050943488662202,0.14989957837387832,-1.8977896865934958,Nature,1
saugeen/W/short|H=336|L=1024|Hsrc=controlled|Lsrc=controlled|origins=shared_origin_v1:Hmax=720,joint-scaling,release,standard_hl_shared_origin_v1,saugeen/W/short,Granite-PatchTST-FM-r1,patchtstfm,granite-timeseries-patchtst-fm-r1,257.895552,257.895552,336,controlled,shared_origin_v1:Hmax=720,720,720,1024,controlled,2671,2671,1024,1024,256,256,100,[],merged,2,1,336,10768.314269065857,,100,,float32,native_horizon,336,,direct_full_horizon,950.3792782738095,950.3792782738095,15.388224283854166,1.3125173407762298,0.35843424569992793,0.43303071884881883,9.575579088070004,30.828222106923544,0.9619223927818077,0.4801534604379198,0.39058476099594147,1.3125173407762298,2.6937625935473966,0.48724313861964547,-0.7189920225414457,0.39058476099594147,2.7050943488662202,0.14438859079338445,-1.935247066771101,Nature,1
saugeen/W/short|H=336|L=2048|Hsrc=controlled|Lsrc=controlled|origins=shared_origin_v1:Hmax=720,joint-scaling,release,standard_hl_shared_origin_v1,saugeen/W/short,Granite-PatchTST-FM-r1,patchtstfm,granite-timeseries-patchtst-fm-r1,257.895552,257.895552,336,controlled,shared_origin_v1:Hmax=720,720,720,2048,controlled,2671,2671,2048,2048,256,256,100,[],merged,2,1,336,10768.314269065857,,100,,float32,native_horizon,336,,direct_full_horizon,907.9006696428571,907.9006696428571,15.490642729259672,1.32125306167456,0.38602215903145926,0.43271282741001676,9.587968436222857,30.131390104720644,0.9401793839050352,0.483349187902441,0.3934887423055546,1.32125306167456,2.6937625935473966,0.49048608249274533,-0.7123583745021157,0.3934887423055546,2.7050943488662202,0.14546211390758942,-1.9278396117916332,Nature,1
saugeen/W/short|H=336|L=4096|Hsrc=controlled|Lsrc=controlled|origins=shared_origin_v1:Hmax=720,joint-scaling,release,standard_hl_shared_origin_v1,saugeen/W/short,Granite-PatchTST-FM-r1,patchtstfm,granite-timeseries-patchtst-fm-r1,257.895552,257.895552,336,controlled,shared_origin_v1:Hmax=720,720,720,4096,controlled,2671,2671,2671,2671,256,256,100,[],merged,2,1,336,10768.314269065857,,100,,float32,native_horizon,336,,direct_full_horizon,911.3656994047619,911.3656994047619,15.553677513485862,1.326629499354077,0.3916640054611933,0.43195937928699313,9.702462381867988,30.18883401863613,0.9419717865590931,0.4853160405565136,0.39447154242414695,1.326629499354077,2.6937625935473966,0.4924819664998942,-0.7082974352842542,0.39447154242414695,2.7050943488662202,0.14582542845112995,-1.9253450682282542,Nature,1
saugeen/W/short|H=336|L=6144|Hsrc=controlled|Lsrc=controlled|origins=shared_origin_v1:Hmax=720,joint-scaling-l6144,release,standard_hl_shared_origin_v1,saugeen/W/short,Granite-PatchTST-FM-r1,patchtstfm,granite-timeseries-patchtst-fm-r1,257.895552,257.895552,336,controlled,shared_origin_v1:Hmax=720,720,720,6144,controlled,2671,2671,2671,2671,256,256,100,[],merged,6,1,336,10768.314269065857,,100,,float32,native_horizon,336,,direct_full_horizon,911.3656994047619,911.3656994047619,15.553677513485862,1.326629499354077,0.3916640054611933,0.43195937928699313,9.702462381867988,30.18883401863613,0.9419717865590931,0.4853160405565136,0.39447154242414695,1.326629499354077,2.6937625935473966,0.4924819664998942,-0.7082974352842542,0.39447154242414695,2.7050943488662202,0.14582542845112995,-1.9253450682282542,Nature,1
saugeen/W/short|H=336|L=8192|Hsrc=controlled|Lsrc=controlled|origins=shared_origin_v1:Hmax=720,joint-scaling,release,standard_hl_shared_origin_v1,saugeen/W/short,Granite-PatchTST-FM-r1,patchtstfm,granite-timeseries-patchtst-fm-r1,257.895552,257.895552,336,controlled,shared_origin_v1:Hmax=720,720,720,8192,controlled,2671,2671,2671,2671,256,256,100,[],merged,2,1,336,10768.314269065857,,100,,float32,native_horizon,336,,direct_full_horizon,911.3656994047619,911.3656994047619,15.553677513485862,1.326629499354077,0.3916640054611933,0.43195937928699313,9.702462381867988,30.18883401863613,0.9419717865590931,0.4853160405565136,0.39447154242414695,1.326629499354077,2.6937625935473966,0.4924819664998942,-0.7082974352842542,0.39447154242414695,2.7050943488662202,0.14582542845112995,-1.9253450682282542,Nature,1
saugeen/W/short|H=720|L=128|Hsrc=controlled|Lsrc=controlled|origins=shared_origin_v1:Hmax=720,joint-scaling,release,standard_hl_shared_origin_v1,saugeen/W/short,Granite-PatchTST-FM-r1,patchtstfm,granite-timeseries-patchtst-fm-r1,257.895552,257.895552,720,controlled,shared_origin_v1:Hmax=720,720,720,128,controlled,2671,2671,128,128,256,256,100,[],merged,2,1,720,23266.02853870392,,100,,float32,native_horizon,720,,direct_full_horizon,1458.4621527777779,1458.4621527777779,19.40300021701389,1.6549522749887342,0.5394966549343533,0.557408693101671,16.117914121927516,38.189817396496906,1.1818376513952962,0.6004531513837916,0.5065603518280131,1.6549522749887342,2.73253347642006,0.605647575508175,-0.5014570206509658,0.5065603518280131,3.8595468091044376,0.13124866127625862,-2.0306615773623564,Nature,1
saugeen/W/short|H=720|L=256|Hsrc=controlled|Lsrc=controlled|origins=shared_origin_v1:Hmax=720,joint-scaling,release,standard_hl_shared_origin_v1,saugeen/W/short,Granite-PatchTST-FM-r1,patchtstfm,granite-timeseries-patchtst-fm-r1,257.895552,257.895552,720,controlled,shared_origin_v1:Hmax=720,720,720,256,controlled,2671,2671,256,256,256,256,100,[],merged,2,1,720,23266.02853870392,,100,,float32,native_horizon,720,,direct_full_horizon,1145.3048611111112,1145.3048611111112,15.75192599826389,1.3435387827543805,0.3427401224772135,0.42135230170355903,11.372942416047964,33.84235306699449,1.0472992486750134,0.48746552080786687,0.40330783495870176,1.3435387827543805,2.73253347642006,0.4916824603790671,-0.7099221765873706,0.40330783495870176,3.8595468091044376,0.1044961636447375,-2.2586049197847684,Nature,1
saugeen/W/short|H=720|L=512|Hsrc=controlled|Lsrc=controlled|origins=shared_origin_v1:Hmax=720,joint-scaling,release,standard_hl_shared_origin_v1,saugeen/W/short,Granite-PatchTST-FM-r1,patchtstfm,granite-timeseries-patchtst-fm-r1,257.895552,257.895552,720,controlled,shared_origin_v1:Hmax=720,720,720,512,controlled,2671,2671,512,512,256,256,100,[],merged,2,1,720,23266.02853870392,,100,,float32,native_horizon,720,,direct_full_horizon,1121.54765625,1121.54765625,16.0011474609375,1.3647958368212054,0.35106052822536893,0.44667587280273435,10.43861221885689,33.48951561683149,1.0363801971619995,0.49517802974881037,0.40163833413920313,1.3647958368212054,2.73253347642006,0.4994617078248016,-0.6942243448435426,0.40163833413920313,3.8595468091044376,0.10406359969304235,-2.262753031242384,Nature,1
saugeen/W/short|H=720|L=1024|Hsrc=controlled|Lsrc=controlled|origins=shared_origin_v1:Hmax=720,joint-scaling,release,standard_hl_shared_origin_v1,saugeen/W/short,Granite-PatchTST-FM-r1,patchtstfm,granite-timeseries-patchtst-fm-r1,257.895552,257.895552,720,controlled,shared_origin_v1:Hmax=720,720,720,1024,controlled,2671,2671,1024,1024,256,256,100,[],merged,2,1,720,23266.02853870392,,100,,float32,native_horizon,720,,direct_full_horizon,1002.4335069444444,1002.4335069444444,15.562741427951389,1.3274026859744876,0.3623979356553819,0.43132650587293836,9.52773192964768,31.661230344767784,0.9798013361116038,0.48161093800279536,0.38732999067599994,1.3274026859744876,2.73253347642006,0.48577728230196876,-0.7220050269863727,0.38732999067599994,3.8595468091044376,0.10035633970348848,-2.2990280298161365,Nature,1
saugeen/W/short|H=720|L=2048|Hsrc=controlled|Lsrc=controlled|origins=shared_origin_v1:Hmax=720,joint-scaling,release,standard_hl_shared_origin_v1,saugeen/W/short,Granite-PatchTST-FM-r1,patchtstfm,granite-timeseries-patchtst-fm-r1,257.895552,257.895552,720,controlled,shared_origin_v1:Hmax=720,720,720,2048,controlled,2671,2671,2048,2048,256,256,100,[],merged,2,1,720,23266.02853870392,,100,,float32,native_horizon,720,,direct_full_horizon,936.8680555555555,936.8680555555555,15.393870713975694,1.3129990078445692,0.3852508544921875,0.4267590840657552,9.533984540209238,30.608300435593538,0.9472169380763176,0.47638499607376195,0.38411348624252567,1.3129990078445692,2.73253347642006,0.48050610145305606,-0.7329153525190992,0.38411348624252567,3.8595468091044376,0.09952295055378657,-2.3073670025832227,Nature,1
saugeen/W/short|H=720|L=4096|Hsrc=controlled|Lsrc=controlled|origins=shared_origin_v1:Hmax=720,joint-scaling,release,standard_hl_shared_origin_v1,saugeen/W/short,Granite-PatchTST-FM-r1,patchtstfm,granite-timeseries-patchtst-fm-r1,257.895552,257.895552,720,controlled,shared_origin_v1:Hmax=720,720,720,4096,controlled,2671,2671,2671,2671,256,256,100,[],merged,2,1,720,23266.02853870392,,100,,float32,native_horizon,720,,direct_full_horizon,936.0113715277778,936.0113715277778,15.28512912326389,1.303724022997041,0.37699106004503036,0.42066192626953125,9.69131405397694,30.594302925998786,0.9467837654404525,0.4730198344957017,0.3824905182509288,1.303724022997041,2.73253347642006,0.4771118210434782,-0.7400043898995299,0.3824905182509288,3.8595468091044376,0.09910244315437677,-2.3116011845254962,Nature,1
saugeen/W/short|H=720|L=6144|Hsrc=controlled|Lsrc=controlled|origins=shared_origin_v1:Hmax=720,joint-scaling-l6144,release,standard_hl_shared_origin_v1,saugeen/W/short,Granite-PatchTST-FM-r1,patchtstfm,granite-timeseries-patchtst-fm-r1,257.895552,257.895552,720,controlled,shared_origin_v1:Hmax=720,720,720,6144,controlled,2671,2671,2671,2671,256,256,100,[],merged,6,1,720,23266.02853870392,,100,,float32,native_horizon,720,,direct_full_horizon,936.0113715277778,936.0113715277778,15.28512912326389,1.303724022997041,0.37699106004503036,0.42066192626953125,9.69131405397694,30.594302925998786,0.9467837654404525,0.4730198344957017,0.3824905182509288,1.303724022997041,2.73253347642006,0.4771118210434782,-0.7400043898995299,0.3824905182509288,3.8595468091044376,0.09910244315437677,-2.3116011845254962,Nature,1
saugeen/W/short|H=720|L=8192|Hsrc=controlled|Lsrc=controlled|origins=shared_origin_v1:Hmax=720,joint-scaling,release,standard_hl_shared_origin_v1,saugeen/W/short,Granite-PatchTST-FM-r1,patchtstfm,granite-timeseries-patchtst-fm-r1,257.895552,257.895552,720,controlled,shared_origin_v1:Hmax=720,720,720,8192,controlled,2671,2671,2671,2671,256,256,100,[],merged,2,1,720,23266.02853870392,,100,,float32,native_horizon,720,,direct_full_horizon,936.0113715277778,936.0113715277778,15.28512912326389,1.303724022997041,0.37699106004503036,0.42066192626953125,9.69131405397694,30.594302925998786,0.9467837654404525,0.4730198344957017,0.3824905182509288,1.303724022997041,2.73253347642006,0.4771118210434782,-0.7400043898995299,0.3824905182509288,3.8595468091044376,0.09910244315437677,-2.3116011845254962,Nature,1
solar/10T/short|H=48|L=128|Hsrc=controlled|Lsrc=controlled|origins=shared_origin_v1:Hmax=720,joint-scaling,release,standard_hl_shared_origin_v1,solar/10T/short,Granite-PatchTST-FM-r1,patchtstfm,granite-timeseries-patchtst-fm-r1,257.895552,257.895552,48,controlled,shared_origin_v1:Hmax=720,720,720,128,controlled,46800,51840,128,128,256,256,100,[],merged,2,137,52608,25625.249984469265,,100,,float32,native_horizon,48,,direct_full_horizon,5.578565138099838,5.578565138099838,0.7780756961980295,0.3331917065715489,2.8243518097395572,1.9389956119286753,10.900312642128162,2.3618986299373304,4.848919062215992,1.5973700256736723,2.2066324058894433,0.3331917065715489,0.06312709153425175,5.2781095797952995,1.6635679994789703,2.2066324058894433,2.7053515916525894,0.8156545761734064,-0.20376432715347068,Energy,1
solar/10T/short|H=48|L=256|Hsrc=controlled|Lsrc=controlled|origins=shared_origin_v1:Hmax=720,joint-scaling,release,standard_hl_shared_origin_v1,solar/10T/short,Granite-PatchTST-FM-r1,patchtstfm,granite-timeseries-patchtst-fm-r1,257.895552,257.895552,48,controlled,shared_origin_v1:Hmax=720,720,720,256,controlled,46800,51840,256,256,256,256,100,[],merged,2,137,52608,25625.249984469265,,100,,float32,native_horizon,48,,direct_full_horizon,2.1647015685292637,2.1647015685292637,0.3084171549247129,0.12375103210822899,1.2340686236629266,1.8879290021539024,4.479953196754496,1.4712924823192919,3.0205268224413153,0.6331727376752591,0.7704094293188343,0.12375103210822899,0.06312709153425175,1.9603474372185143,0.6731217214200366,0.7704094293188343,2.7053515916525894,0.28477238658958276,-1.2560650613444682,Energy,1
solar/10T/short|H=48|L=512|Hsrc=controlled|Lsrc=controlled|origins=shared_origin_v1:Hmax=720,joint-scaling,release,standard_hl_shared_origin_v1,solar/10T/short,Granite-PatchTST-FM-r1,patchtstfm,granite-timeseries-patchtst-fm-r1,257.895552,257.895552,48,controlled,shared_origin_v1:Hmax=720,720,720,512,controlled,46800,51840,512,512,256,256,100,[],merged,2,137,52608,25625.249984469265,,100,,float32,native_horizon,48,,direct_full_horizon,1.1276962414855214,1.1276962414855214,0.2238198301217852,0.0928542554759001,1.5030097570193646,1.8678416463290397,1.6728928007436588,1.0619304315657978,2.1801167277459657,0.45949653682142394,0.41196346441985066,0.0928542554759001,0.06312709153425175,1.4709097666176947,0.3858810982134914,0.41196346441985066,2.7053515916525894,0.1522772366042814,-1.8820524944391583,Energy,1
solar/10T/short|H=48|L=1024|Hsrc=controlled|Lsrc=controlled|origins=shared_origin_v1:Hmax=720,joint-scaling,release,standard_hl_shared_origin_v1,solar/10T/short,Granite-PatchTST-FM-r1,patchtstfm,granite-timeseries-patchtst-fm-r1,257.895552,257.895552,48,controlled,shared_origin_v1:Hmax=720,720,720,1024,controlled,46800,51840,1024,1024,256,256,100,[],merged,2,137,52608,25625.249984469265,,100,,float32,native_horizon,48,,direct_full_horizon,0.6008396519941716,0.6008396519941716,0.1723116975631157,0.07218072774679037,1.7969708101941941,1.852746671133668,0.7629079971898624,0.7751384727867476,1.5913399791642968,0.3537516235312597,0.2960867192999845,0.07218072774679037,0.06312709153425175,1.143419188061694,0.1340230612896551,0.2960867192999845,2.7053515916525894,0.10944482048601939,-2.2123347792393027,Energy,1
solar/10T/short|H=48|L=2048|Hsrc=controlled|Lsrc=controlled|origins=shared_origin_v1:Hmax=720,joint-scaling,release,standard_hl_shared_origin_v1,solar/10T/short,Granite-PatchTST-FM-r1,patchtstfm,granite-timeseries-patchtst-fm-r1,257.895552,257.895552,48,controlled,shared_origin_v1:Hmax=720,720,720,2048,controlled,46800,51840,2048,2048,256,256,100,[],merged,2,137,52608,25625.249984469265,,100,,float32,native_horizon,48,,direct_full_horizon,0.5199809712505109,0.5199809712505109,0.16963649086128477,0.07183600397958428,1.9630025290565638,1.851285061987067,0.6078757066323881,0.7210970609082462,1.4803943065239413,0.34825949080064367,0.28272402544090497,0.07183600397958428,0.06312709153425175,1.1379583984256145,0.12923577829217692,0.28272402544090497,2.7053515916525894,0.10450546476593098,-2.2585159145337537,Energy,1
solar/10T/short|H=48|L=4096|Hsrc=controlled|Lsrc=controlled|origins=shared_origin_v1:Hmax=720,joint-scaling,release,standard_hl_shared_origin_v1,solar/10T/short,Granite-PatchTST-FM-r1,patchtstfm,granite-timeseries-patchtst-fm-r1,257.895552,257.895552,48,controlled,shared_origin_v1:Hmax=720,720,720,4096,controlled,46800,51840,4096,4096,256,256,100,[],merged,2,137,52608,25625.249984469265,,100,,float32,native_horizon,48,,direct_full_horizon,0.5692708596695949,0.5692708596695949,0.1834457112054755,0.0776928821375031,1.9921928843486574,1.8528379547044889,0.651077525873249,0.7545004040221548,1.5489705379988163,0.3766094762371754,0.30971856752468907,0.0776928821375031,0.06312709153425175,1.2307375525981294,0.20761362593298344,0.30971856752468907,2.7053515916525894,0.11448366581272883,-2.167323122821662,Energy,1
solar/10T/short|H=48|L=6144|Hsrc=controlled|Lsrc=controlled|origins=shared_origin_v1:Hmax=720,joint-scaling-l6144,release,standard_hl_shared_origin_v1,solar/10T/short,Granite-PatchTST-FM-r1,patchtstfm,granite-timeseries-patchtst-fm-r1,257.895552,257.895552,48,controlled,shared_origin_v1:Hmax=720,720,720,6144,controlled,46800,51840,6144,6144,256,256,100,[],merged,6,137,52608,25625.249984469265,,100,,float32,native_horizon,48,,direct_full_horizon,0.5653982046456812,0.5653982046456812,0.18778603500403337,0.07950329616929111,1.9784090764102498,1.8524128340746655,0.7185459598013653,0.7519296540539422,1.5436928523407372,0.3855200528962487,0.32813600364891365,0.07950329616929111,0.06312709153425175,1.259416428620886,0.23064846178723677,0.32813600364891365,2.7053515916525894,0.12129144494984798,-2.1095589935502828,Energy,1
solar/10T/short|H=48|L=8192|Hsrc=controlled|Lsrc=controlled|origins=shared_origin_v1:Hmax=720,joint-scaling,release,standard_hl_shared_origin_v1,solar/10T/short,Granite-PatchTST-FM-r1,patchtstfm,granite-timeseries-patchtst-fm-r1,257.895552,257.895552,48,controlled,shared_origin_v1:Hmax=720,720,720,8192,controlled,46800,51840,8064,8064,256,256,100,[],merged,2,137,52608,25625.249984469265,,100,,float32,native_horizon,48,,direct_full_horizon,0.554367705853316,0.554367705853316,0.19166987713816103,0.08063504967952964,2.043224094456621,1.8528429388709893,0.8246017894915769,0.7445587323061331,1.5285605335714079,0.3934934840673015,0.3568852637879431,0.08063504967952964,0.06312709153425175,1.2773446030818378,0.24478339427358559,0.3568852637879431,2.7053515916525894,0.13191825598163245,-2.025572821090829,Energy,1
solar/10T/short|H=96|L=128|Hsrc=controlled|Lsrc=controlled|origins=shared_origin_v1:Hmax=720,joint-scaling,release,standard_hl_shared_origin_v1,solar/10T/short,Granite-PatchTST-FM-r1,patchtstfm,granite-timeseries-patchtst-fm-r1,257.895552,257.895552,96,controlled,shared_origin_v1:Hmax=720,720,720,128,controlled,46800,51840,128,128,256,256,100,[],merged,2,137,105216,788758.9999858476,,100,,float32,native_horizon,96,,direct_full_horizon,143.70856930623668,143.70856930623668,7.155639667000504,3.109513398428834,1.1118981326613422,1.819541643425786,20.564683528463835,11.987850904404704,1.5991116688119902,0.954521955650121,0.6591578707058672,3.109513398428834,1.1131332342854092,2.7934781773226165,1.0272874779383219,0.6591578707058672,0.37923992534823775,1.7381025220395618,0.5527940136187293,Energy,1
solar/10T/short|H=96|L=256|Hsrc=controlled|Lsrc=controlled|origins=shared_origin_v1:Hmax=720,joint-scaling,release,standard_hl_shared_origin_v1,solar/10T/short,Granite-PatchTST-FM-r1,patchtstfm,granite-timeseries-patchtst-fm-r1,257.895552,257.895552,96,controlled,shared_origin_v1:Hmax=720,720,720,256,controlled,46800,51840,256,256,256,256,100,[],merged,2,137,105216,788758.9999858476,,100,,float32,native_horizon,96,,direct_full_horizon,54.898693966459476,54.898693966459476,3.4993842930109254,1.4899338821527737,1.0521865119776967,1.326630784937355,11.459270024508331,7.4093652876922915,0.9883675217954025,0.46679811929885273,0.3548085540343123,1.4899338821527737,1.1131332342854092,1.3385045350022782,0.2915529720952635,0.3548085540343123,0.37923992534823775,0.9355780610612363,-0.06659069360515225,Energy,1
solar/10T/short|H=96|L=512|Hsrc=controlled|Lsrc=controlled|origins=shared_origin_v1:Hmax=720,joint-scaling,release,standard_hl_shared_origin_v1,solar/10T/short,Granite-PatchTST-FM-r1,patchtstfm,granite-timeseries-patchtst-fm-r1,257.895552,257.895552,96,controlled,shared_origin_v1:Hmax=720,720,720,512,controlled,46800,51840,512,512,256,256,100,[],merged,2,137,105216,788758.9999858476,,100,,float32,native_horizon,96,,direct_full_horizon,34.937898213555926,34.937898213555926,2.808894178293047,1.2265902348417925,1.501676598676419,1.2203584169819408,6.789902919525033,5.910828893950147,0.7884712224101627,0.3746906341082435,0.28369860356261384,1.2265902348417925,1.1131332342854092,1.1019258046223177,0.09705938053516469,0.28369860356261384,0.37923992534823775,0.7480715626185905,-0.2902566336339416,Energy,1
solar/10T/short|H=96|L=1024|Hsrc=controlled|Lsrc=controlled|origins=shared_origin_v1:Hmax=720,joint-scaling,release,standard_hl_shared_origin_v1,solar/10T/short,Granite-PatchTST-FM-r1,patchtstfm,granite-timeseries-patchtst-fm-r1,257.895552,257.895552,96,controlled,shared_origin_v1:Hmax=720,720,720,1024,controlled,46800,51840,1024,1024,256,256,100,[],merged,2,137,105216,788758.9999858476,,100,,float32,native_horizon,96,,direct_full_horizon,24.918349774214473,24.918349774214473,2.34010418430152,1.0283592727555897,1.823676240750421,1.1613538514668633,6.066840961983353,4.991828299752955,0.6658817286347677,0.3121566940724435,0.2499723554018261,1.0283592727555897,1.1131332342854092,0.9238420353299025,-0.07921417939051137,0.2499723554018261,0.37923992534823775,0.6591403981853665,-0.41681871984873203,Energy,1
solar/10T/short|H=96|L=2048|Hsrc=controlled|Lsrc=controlled|origins=shared_origin_v1:Hmax=720,joint-scaling,release,standard_hl_shared_origin_v1,solar/10T/short,Granite-PatchTST-FM-r1,patchtstfm,granite-timeseries-patchtst-fm-r1,257.895552,257.895552,96,controlled,shared_origin_v1:Hmax=720,720,720,2048,controlled,46800,51840,2048,2048,256,256,100,[],merged,2,137,105216,788758.9999858476,,100,,float32,native_horizon,96,,direct_full_horizon,23.26842229615743,23.26842229615743,2.380093706785327,1.0552595492267849,2.561382104993813,1.1680792787649337,6.100391754497529,4.82373530535802,0.6434590716526288,0.31749107072961225,0.2512042860389611,1.0552595492267849,1.1131332342854092,0.9480083036998018,-0.053392017588470474,0.2512042860389611,0.37923992534823775,0.6623888183932436,-0.4119025564985459,Energy,1
solar/10T/short|H=96|L=4096|Hsrc=controlled|Lsrc=controlled|origins=shared_origin_v1:Hmax=720,joint-scaling,release,standard_hl_shared_origin_v1,solar/10T/short,Granite-PatchTST-FM-r1,patchtstfm,granite-timeseries-patchtst-fm-r1,257.895552,257.895552,96,controlled,shared_origin_v1:Hmax=720,720,720,4096,controlled,46800,51840,4096,4096,256,256,100,[],merged,2,137,105216,788758.9999858476,,100,,float32,native_horizon,96,,direct_full_horizon,25.959160946291437,25.959160946291437,2.5682771873010046,1.1372311338629595,2.77159431350775,1.1808029973013847,6.742896718568179,5.095013341129877,0.6796460309295231,0.3425936851990418,0.26515571525675363,1.1372311338629595,1.1131332342854092,1.0216487108957988,0.021417705585980967,0.26515571525675363,0.37923992534823775,0.6991766887763041,-0.35785179504742015,Energy,1
solar/10T/short|H=96|L=6144|Hsrc=controlled|Lsrc=controlled|origins=shared_origin_v1:Hmax=720,joint-scaling-l6144,release,standard_hl_shared_origin_v1,solar/10T/short,Granite-PatchTST-FM-r1,patchtstfm,granite-timeseries-patchtst-fm-r1,257.895552,257.895552,96,controlled,shared_origin_v1:Hmax=720,720,720,6144,controlled,46800,51840,6144,6144,256,256,100,[],merged,6,137,105216,788758.9999858476,,100,,float32,native_horizon,96,,direct_full_horizon,24.35533182928452,24.35533182928452,2.5460158299355613,1.1240121495862034,2.717836164196187,1.1784067455579474,6.921997928999254,4.935112139484221,0.6583161128776832,0.339624145736919,0.2660442907320017,1.1240121495862034,1.1131332342854092,1.0097732373499548,0.009725788170054348,0.2660442907320017,0.37923992534823775,0.7015197318365308,-0.35450625177172856,Energy,1
solar/10T/short|H=96|L=8192|Hsrc=controlled|Lsrc=controlled|origins=shared_origin_v1:Hmax=720,joint-scaling,release,standard_hl_shared_origin_v1,solar/10T/short,Granite-PatchTST-FM-r1,patchtstfm,granite-timeseries-patchtst-fm-r1,257.895552,257.895552,96,controlled,shared_origin_v1:Hmax=720,720,720,8192,controlled,46800,51840,8064,8064,256,256,100,[],merged,2,137,105216,788758.9999858476,,100,,float32,native_horizon,96,,direct_full_horizon,22.936979344871503,22.936979344871503,2.445785819468997,1.0742809544925331,2.5434539116289088,1.1730286930019258,6.9062518166951214,4.789256658905587,0.6388598147627497,0.326254027891748,0.25825251469187693,1.0742809544925331,1.1131332342854092,0.9650964695005105,-0.035527214245346626,0.25825251469187693,0.37923992534823775,0.6809739624717416,-0.3842312078194586,Energy,1
solar/10T/short|H=192|L=128|Hsrc=controlled|Lsrc=controlled|origins=shared_origin_v1:Hmax=720,joint-scaling,release,standard_hl_shared_origin_v1,solar/10T/short,Granite-PatchTST-FM-r1,patchtstfm,granite-timeseries-patchtst-fm-r1,257.895552,257.895552,192,controlled,shared_origin_v1:Hmax=720,720,720,128,controlled,46800,51840,128,128,256,256,100,[],merged,2,137,210432,815527.549981378,,100,,float32,native_horizon,192,,direct_full_horizon,74.60706509406839,74.60706509406839,4.042562285188921,1.761130046933258,1.2063142771964,1.9012412328789705,20.39363968404271,8.637538138501524,2.2287590720910124,1.0431094164952488,0.9073049099457285,1.761130046933258,0.5851880213648835,3.0095114435624053,1.1017777544780754,0.9073049099457285,0.5695499043319253,1.593020915366469,0.46563216038752575,Energy,1
solar/10T/short|H=192|L=256|Hsrc=controlled|Lsrc=controlled|origins=shared_origin_v1:Hmax=720,joint-scaling,release,standard_hl_shared_origin_v1,solar/10T/short,Granite-PatchTST-FM-r1,patchtstfm,granite-timeseries-patchtst-fm-r1,257.895552,257.895552,192,controlled,shared_origin_v1:Hmax=720,720,720,256,controlled,46800,51840,256,256,256,256,100,[],merged,2,137,210432,815527.549981378,,100,,float32,native_horizon,192,,direct_full_horizon,27.64137546511462,27.64137546511462,1.8540470373891567,0.7880587937329775,1.2189095789938293,1.6386738751636514,10.35027313709941,5.257506582507968,1.356603618351801,0.4784029996053276,0.4169957842963098,0.7880587937329775,0.5851880213648835,1.3466762219344843,0.2976394987756803,0.4169957842963098,0.5695499043319253,0.7321496871910469,-0.3117702952280469,Energy,1
solar/10T/short|H=192|L=512|Hsrc=controlled|Lsrc=controlled|origins=shared_origin_v1:Hmax=720,joint-scaling,release,standard_hl_shared_origin_v1,solar/10T/short,Granite-PatchTST-FM-r1,patchtstfm,granite-timeseries-patchtst-fm-r1,257.895552,257.895552,192,controlled,shared_origin_v1:Hmax=720,720,720,512,controlled,46800,51840,512,512,256,256,100,[],merged,2,137,210432,815527.549981378,,100,,float32,native_horizon,192,,direct_full_horizon,18.044673316380113,18.044673316380113,1.509279580591949,0.6580191111202403,1.7638119468405893,1.5712383006014936,5.337569437078055,4.24790222537903,1.0960936403820711,0.3894420497632204,0.30893644142858306,0.6580191111202403,0.5851880213648835,1.1244575881534395,0.11730077552404788,0.30893644142858306,0.5695499043319253,0.5424220758863291,-0.6117108428037891,Energy,1
solar/10T/short|H=192|L=1024|Hsrc=controlled|Lsrc=controlled|origins=shared_origin_v1:Hmax=720,joint-scaling,release,standard_hl_shared_origin_v1,solar/10T/short,Granite-PatchTST-FM-r1,patchtstfm,granite-timeseries-patchtst-fm-r1,257.895552,257.895552,192,controlled,shared_origin_v1:Hmax=720,720,720,1024,controlled,46800,51840,1024,1024,256,256,100,[],merged,2,137,210432,815527.549981378,,100,,float32,native_horizon,192,,direct_full_horizon,13.36331204602318,13.36331204602318,1.2849706060404904,0.5620770115171231,2.0774934061409485,1.5412573175993145,3.590469052031907,3.6555864161613223,0.9432573562269291,0.33156321276514433,0.26680065488358173,0.5620770115171231,0.5851880213648835,0.9605066935685789,-0.04029432796014124,0.26680065488358173,0.5695499043319253,0.4684412249994765,-0.7583446387499758,Energy,1
solar/10T/short|H=192|L=2048|Hsrc=controlled|Lsrc=controlled|origins=shared_origin_v1:Hmax=720,joint-scaling,release,standard_hl_shared_origin_v1,solar/10T/short,Granite-PatchTST-FM-r1,patchtstfm,granite-timeseries-patchtst-fm-r1,257.895552,257.895552,192,controlled,shared_origin_v1:Hmax=720,720,720,2048,controlled,46800,51840,2048,2048,256,256,100,[],merged,2,137,210432,815527.549981378,,100,,float32,native_horizon,192,,direct_full_horizon,12.181890427341136,12.181890427341136,1.2724716065863912,0.5612522286440397,2.610664263933921,1.5420564340558944,3.29121570101379,3.4902564987893276,0.9005969885015003,0.32833807407646964,0.2587710159146839,0.5612522286440397,0.5851880213648835,0.9590972613126696,-0.04176278972862003,0.2587710159146839,0.5695499043319253,0.4543430065504426,-0.7889028451669179,Energy,1
solar/10T/short|H=192|L=4096|Hsrc=controlled|Lsrc=controlled|origins=shared_origin_v1:Hmax=720,joint-scaling,release,standard_hl_shared_origin_v1,solar/10T/short,Granite-PatchTST-FM-r1,patchtstfm,granite-timeseries-patchtst-fm-r1,257.895552,257.895552,192,controlled,shared_origin_v1:Hmax=720,720,720,4096,controlled,46800,51840,4096,4096,256,256,100,[],merged,2,137,210432,815527.549981378,,100,,float32,native_horizon,192,,direct_full_horizon,13.749798591409576,13.749798591409576,1.3901268107467615,0.6131052591920918,2.731462699661078,1.5516457476525953,3.6006450104391394,3.7080720855195866,0.956800325283769,0.35869685217346997,0.2766155043043624,0.6131052591920918,0.5851880213648835,1.047706441020605,0.0466034331297707,0.2766155043043624,0.5695499043319253,0.48567386668044266,-0.7222179365537247,Energy,1
solar/10T/short|H=192|L=6144|Hsrc=controlled|Lsrc=controlled|origins=shared_origin_v1:Hmax=720,joint-scaling-l6144,release,standard_hl_shared_origin_v1,solar/10T/short,Granite-PatchTST-FM-r1,patchtstfm,granite-timeseries-patchtst-fm-r1,257.895552,257.895552,192,controlled,shared_origin_v1:Hmax=720,720,720,6144,controlled,46800,51840,6144,6144,256,256,100,[],merged,6,137,210432,815527.549981378,,100,,float32,native_horizon,192,,direct_full_horizon,12.78167709758972,12.78167709758972,1.384677450732303,0.609329709445072,2.6339900277540984,1.5503995487999747,3.6766199719393486,3.575147143487904,0.9225014700185487,0.357290744278539,0.2786998013525726,0.609329709445072,0.5851880213648835,1.041254583482213,0.040426316392912894,0.2786998013525726,0.5695499043319253,0.48933341790213075,-0.7147111856512829,Energy,1
solar/10T/short|H=192|L=8192|Hsrc=controlled|Lsrc=controlled|origins=shared_origin_v1:Hmax=720,joint-scaling,release,standard_hl_shared_origin_v1,solar/10T/short,Granite-PatchTST-FM-r1,patchtstfm,granite-timeseries-patchtst-fm-r1,257.895552,257.895552,192,controlled,shared_origin_v1:Hmax=720,720,720,8192,controlled,46800,51840,8000,8000,256,256,100,[],merged,2,137,210432,815527.549981378,,100,,float32,native_horizon,192,,direct_full_horizon,12.13060198039034,12.13060198039034,1.341220688645857,0.5875448842151234,2.494029049295028,1.5480495694199907,3.695086873250497,3.4829013739108863,0.8986991327657186,0.3460775199557264,0.2732258207699881,0.5875448842151234,0.5851880213648835,1.0040275309203064,0.00401944212894718,0.2732258207699881,0.5695499043319253,0.4797223539006269,-0.734547771808703,Energy,1
solar/10T/short|H=336|L=128|Hsrc=controlled|Lsrc=controlled|origins=shared_origin_v1:Hmax=720,joint-scaling,release,standard_hl_shared_origin_v1,solar/10T/short,Granite-PatchTST-FM-r1,patchtstfm,granite-timeseries-patchtst-fm-r1,257.895552,257.895552,336,controlled,shared_origin_v1:Hmax=720,720,720,128,controlled,46800,51840,128,128,256,256,100,[],merged,2,137,368256,1659666.549766235,,100,,float32,native_horizon,336,,direct_full_horizon,88.43623440622828,88.43623440622828,4.701859257724246,2.053766112622037,1.1305211201257412,1.898935110485301,23.25058697317442,9.40405414734668,2.0866235838597085,1.0432745559982401,0.8967506044174646,2.053766112622037,0.8330046030785475,2.4654919132882376,0.9023913467286775,0.8967506044174646,0.6140800217385534,1.4603155495575773,0.3786525422015143,Energy,1
solar/10T/short|H=336|L=256|Hsrc=controlled|Lsrc=controlled|origins=shared_origin_v1:Hmax=720,joint-scaling,release,standard_hl_shared_origin_v1,solar/10T/short,Granite-PatchTST-FM-r1,patchtstfm,granite-timeseries-patchtst-fm-r1,257.895552,257.895552,336,controlled,shared_origin_v1:Hmax=720,720,720,256,controlled,46800,51840,256,256,256,256,100,[],merged,2,137,368256,1659666.549766235,,100,,float32,native_horizon,336,,direct_full_horizon,44.0854762040537,44.0854762040537,2.6563495083074002,1.140445348050684,1.432407505022916,1.638810408044947,12.526060957031993,6.6396894659354135,1.4732510481168077,0.5894055312912297,0.4920550605272093,1.140445348050684,0.8330046030785475,1.3690744851059924,0.3141349532308977,0.4920550605272093,0.6140800217385534,0.8012881759841772,-0.22153462634819512,Energy,1
solar/10T/short|H=336|L=512|Hsrc=controlled|Lsrc=controlled|origins=shared_origin_v1:Hmax=720,joint-scaling,release,standard_hl_shared_origin_v1,solar/10T/short,Granite-PatchTST-FM-r1,patchtstfm,granite-timeseries-patchtst-fm-r1,257.895552,257.895552,336,controlled,shared_origin_v1:Hmax=720,720,720,512,controlled,46800,51840,512,512,256,256,100,[],merged,2,137,368256,1659666.549766235,,100,,float32,native_horizon,336,,direct_full_horizon,26.558529426540233,26.558529426540233,2.018206912277057,0.8817543678921791,1.7613140745765732,1.5401332474094898,8.716650731752555,5.153496815419627,1.1434863970274494,0.4478109200864369,0.3571941953658798,0.8817543678921791,0.8330046030785475,1.058522803635738,0.05687435471050419,0.3571941953658798,0.6140800217385534,0.5816736951555744,-0.5418456497247034,Energy,1
solar/10T/short|H=336|L=1024|Hsrc=controlled|Lsrc=controlled|origins=shared_origin_v1:Hmax=720,joint-scaling,release,standard_hl_shared_origin_v1,solar/10T/short,Granite-PatchTST-FM-r1,patchtstfm,granite-timeseries-patchtst-fm-r1,257.895552,257.895552,336,controlled,shared_origin_v1:Hmax=720,720,720,1024,controlled,46800,51840,1024,1024,256,256,100,[],merged,2,137,368256,1659666.549766235,,100,,float32,native_horizon,336,,direct_full_horizon,19.993833879319006,19.993833879319006,1.700109684015671,0.7480356974430612,1.8432491483470395,1.5084166018825462,5.131492048424683,4.471446508605354,0.9921492999331119,0.3772297464723008,0.3024210096807224,0.7480356974430612,0.8330046030785475,0.8979970755005849,-0.10758846736610354,0.3024210096807224,0.6140800217385534,0.49247817706969654,-0.7083051298701162,Energy,1
solar/10T/short|H=336|L=2048|Hsrc=controlled|Lsrc=controlled|origins=shared_origin_v1:Hmax=720,joint-scaling,release,standard_hl_shared_origin_v1,solar/10T/short,Granite-PatchTST-FM-r1,patchtstfm,granite-timeseries-patchtst-fm-r1,257.895552,257.895552,336,controlled,shared_origin_v1:Hmax=720,720,720,2048,controlled,46800,51840,2048,2048,256,256,100,[],merged,2,137,368256,1659666.549766235,,100,,float32,native_horizon,336,,direct_full_horizon,16.49749921335294,16.49749921335294,1.5566362282199746,0.6839935396454165,2.0597721967764966,1.4941404213144394,3.7812341471886186,4.06171136509636,0.9012349984854502,0.34539506200213305,0.27149573574715785,0.6839935396454165,0.8330046030785475,0.8211161584432685,-0.19709069544108854,0.27149573574715785,0.6140800217385534,0.44211784480223343,-0.8161788152408651,Energy,1
solar/10T/short|H=336|L=4096|Hsrc=controlled|Lsrc=controlled|origins=shared_origin_v1:Hmax=720,joint-scaling,release,standard_hl_shared_origin_v1,solar/10T/short,Granite-PatchTST-FM-r1,patchtstfm,granite-timeseries-patchtst-fm-r1,257.895552,257.895552,336,controlled,shared_origin_v1:Hmax=720,720,720,4096,controlled,46800,51840,4096,4096,256,256,100,[],merged,2,137,368256,1659666.549766235,,100,,float32,native_horizon,336,,direct_full_horizon,16.732594797335278,16.732594797335278,1.6535285018904988,0.7277114827027944,2.038999941870595,1.5039084690254634,4.087301477171046,4.090549449320382,0.9076337522263732,0.3668940559644071,0.2830643458162409,0.7277114827027944,0.8330046030785475,0.8735983931101704,-0.13513451338172935,0.2830643458162409,0.6140800217385534,0.46095677402896607,-0.7744510060456112,Energy,1
solar/10T/short|H=336|L=6144|Hsrc=controlled|Lsrc=controlled|origins=shared_origin_v1:Hmax=720,joint-scaling-l6144,release,standard_hl_shared_origin_v1,solar/10T/short,Granite-PatchTST-FM-r1,patchtstfm,granite-timeseries-patchtst-fm-r1,257.895552,257.895552,336,controlled,shared_origin_v1:Hmax=720,720,720,6144,controlled,46800,51840,6144,6144,256,256,100,[],merged,6,137,368256,1659666.549766235,,100,,float32,native_horizon,336,,direct_full_horizon,15.059849669794925,15.059849669794925,1.630967146495916,0.7162038085974133,1.9448230503929582,1.4993969456245313,4.093719394354228,3.880702213491126,0.8610716860761437,0.3618880175566572,0.28145476211183007,0.7162038085974133,0.8330046030785475,0.85978373462827,-0.15107439272128534,0.28145476211183007,0.6140800217385534,0.4583356438058172,-0.7801535165314071,Energy,1
solar/10T/short|H=336|L=8192|Hsrc=controlled|Lsrc=controlled|origins=shared_origin_v1:Hmax=720,joint-scaling,release,standard_hl_shared_origin_v1,solar/10T/short,Granite-PatchTST-FM-r1,patchtstfm,granite-timeseries-patchtst-fm-r1,257.895552,257.895552,336,controlled,shared_origin_v1:Hmax=720,720,720,8192,controlled,46800,51840,7856,7856,256,256,100,[],merged,2,137,368256,1659666.549766235,,100,,float32,native_horizon,336,,direct_full_horizon,13.82985246251928,13.82985246251928,1.580915035371114,0.6938419122020245,1.9432495665137077,1.4929132391936588,4.063020149638125,3.718850959976654,0.8251592341305283,0.35078217811139567,0.27614550852113834,0.6938419122020245,0.8330046030785475,0.8329388692904969,-0.18279502571407982,0.27614550852113834,0.6140800217385534,0.449689777790407,-0.7991973166392672,Energy,1
solar/10T/short|H=720|L=128|Hsrc=controlled|Lsrc=controlled|origins=shared_origin_v1:Hmax=720,joint-scaling,release,standard_hl_shared_origin_v1,solar/10T/short,Granite-PatchTST-FM-r1,patchtstfm,granite-timeseries-patchtst-fm-r1,257.895552,257.895552,720,controlled,shared_origin_v1:Hmax=720,720,720,128,controlled,46800,51840,128,128,256,256,100,[],merged,2,137,789120,3651068.249705702,,100,,float32,native_horizon,720,,direct_full_horizon,88.28031715708637,88.28031715708637,4.735755127151131,2.0677439970192246,1.1166090992797268,1.8874134271007579,24.48793880929686,9.395760594921859,2.030743358813514,1.0235577180017743,0.8802015853792732,2.0677439970192246,0.8709317965851564,2.374174424595197,0.8646497663592424,0.8802015853792732,0.673849495765364,1.3062287512429356,0.26714416960762105,Energy,1
solar/10T/short|H=720|L=256|Hsrc=controlled|Lsrc=controlled|origins=shared_origin_v1:Hmax=720,joint-scaling,release,standard_hl_shared_origin_v1,solar/10T/short,Granite-PatchTST-FM-r1,patchtstfm,granite-timeseries-patchtst-fm-r1,257.895552,257.895552,720,controlled,shared_origin_v1:Hmax=720,720,720,256,controlled,46800,51840,256,256,256,256,100,[],merged,2,137,789120,3651068.249705702,,100,,float32,native_horizon,720,,direct_full_horizon,53.56085053604015,53.56085053604015,3.277371658857335,1.4069511231488565,1.9993336296247652,1.6495905535101445,14.723347160804668,7.318527894053568,1.5817827377565639,0.7083514595066708,0.5759523194067487,1.4069511231488565,0.8709317965851564,1.6154549973549968,0.4796166491039389,0.5759523194067487,0.673849495765364,0.8547195227215793,-0.15698190746394095,Energy,1
solar/10T/short|H=720|L=512|Hsrc=controlled|Lsrc=controlled|origins=shared_origin_v1:Hmax=720,joint-scaling,release,standard_hl_shared_origin_v1,solar/10T/short,Granite-PatchTST-FM-r1,patchtstfm,granite-timeseries-patchtst-fm-r1,257.895552,257.895552,720,controlled,shared_origin_v1:Hmax=720,720,720,512,controlled,46800,51840,512,512,256,256,100,[],merged,2,137,789120,3651068.249705702,,100,,float32,native_horizon,720,,direct_full_horizon,28.194691792756487,28.194691792756487,2.2830152723524306,1.0002138218221996,2.9694553463724835,1.4977896675707432,10.666988431137778,5.309867398792223,1.147642902066448,0.4934372322029224,0.40951579580579045,1.0002138218221996,0.8709317965851564,1.1484410441138402,0.13840540888545627,0.40951579580579045,0.673849495765364,0.6077259067184712,-0.49803130998024636,Energy,1
solar/10T/short|H=720|L=1024|Hsrc=controlled|Lsrc=controlled|origins=shared_origin_v1:Hmax=720,joint-scaling,release,standard_hl_shared_origin_v1,solar/10T/short,Granite-PatchTST-FM-r1,patchtstfm,granite-timeseries-patchtst-fm-r1,257.895552,257.895552,720,controlled,shared_origin_v1:Hmax=720,720,720,1024,controlled,46800,51840,1024,1024,256,256,100,[],merged,2,137,789120,3651068.249705702,,100,,float32,native_horizon,720,,direct_full_horizon,22.541958249379054,22.541958249379054,1.951586156691948,0.8576101319108201,2.8230181933109844,1.468320931766449,5.98285438156089,4.747837218079307,1.0261690686918115,0.42180413036455455,0.3391157045194359,0.8576101319108201,0.8709317965851564,0.984704124104127,-0.015414064553819102,0.3391157045194359,0.673849495765364,0.50325140354118,-0.6866654255119673,Energy,1
solar/10T/short|H=720|L=2048|Hsrc=controlled|Lsrc=controlled|origins=shared_origin_v1:Hmax=720,joint-scaling,release,standard_hl_shared_origin_v1,solar/10T/short,Granite-PatchTST-FM-r1,patchtstfm,granite-timeseries-patchtst-fm-r1,257.895552,257.895552,720,controlled,shared_origin_v1:Hmax=720,720,720,2048,controlled,46800,51840,2048,2048,256,256,100,[],merged,2,137,789120,3651068.249705702,,100,,float32,native_horizon,720,,direct_full_horizon,20.548006838313565,20.548006838313565,1.8469441286258743,0.809975275688777,3.3908662420347255,1.4519527868398245,4.292599102348071,4.532990937373862,0.9797334817799681,0.39918742984295896,0.30601596628656585,0.809975275688777,0.8709317965851564,0.930009994886644,-0.07255994570264623,0.30601596628656585,0.673849495765364,0.45413103105314384,-0.7893695079274846,Energy,1
solar/10T/short|H=720|L=4096|Hsrc=controlled|Lsrc=controlled|origins=shared_origin_v1:Hmax=720,joint-scaling,release,standard_hl_shared_origin_v1,solar/10T/short,Granite-PatchTST-FM-r1,patchtstfm,granite-timeseries-patchtst-fm-r1,257.895552,257.895552,720,controlled,shared_origin_v1:Hmax=720,720,720,4096,controlled,46800,51840,4096,4096,256,256,100,[],merged,2,137,789120,3651068.249705702,,100,,float32,native_horizon,720,,direct_full_horizon,20.23725694840455,20.23725694840455,1.877122978959157,0.8242438754443303,3.3775646150993186,1.4564984603162656,4.344786341139467,4.498583882557327,0.9722969472536653,0.4057101056042022,0.30636994731321543,0.8242438754443303,0.8709317965851564,0.9463931374145654,-0.05509721759682294,0.30636994731321543,0.673849495765364,0.45465634275683153,-0.7882134360511951,Energy,1
solar/10T/short|H=720|L=6144|Hsrc=controlled|Lsrc=controlled|origins=shared_origin_v1:Hmax=720,joint-scaling-l6144,release,standard_hl_shared_origin_v1,solar/10T/short,Granite-PatchTST-FM-r1,patchtstfm,granite-timeseries-patchtst-fm-r1,257.895552,257.895552,720,controlled,shared_origin_v1:Hmax=720,720,720,6144,controlled,46800,51840,6144,6144,256,256,100,[],merged,6,137,789120,3651068.249705702,,100,,float32,native_horizon,720,,direct_full_horizon,19.769591443633413,19.769591443633413,1.937289817296482,0.8492589737115512,3.2999584713663084,1.4601166813044704,4.41589709281962,4.446300871919647,0.9609968108188749,0.41871420528724074,0.31286694583693764,0.8492589737115512,0.8709317965851564,0.975115361548881,-0.025199495446180383,0.31286694583693764,0.673849495765364,0.4642979594153746,-0.7672287789360361,Energy,1
solar/10T/short|H=720|L=8192|Hsrc=controlled|Lsrc=controlled|origins=shared_origin_v1:Hmax=720,joint-scaling,release,standard_hl_shared_origin_v1,solar/10T/short,Granite-PatchTST-FM-r1,patchtstfm,granite-timeseries-patchtst-fm-r1,257.895552,257.895552,720,controlled,shared_origin_v1:Hmax=720,720,720,8192,controlled,46800,51840,7472,7472,256,256,100,[],merged,2,137,789120,3651068.249705702,,100,,float32,native_horizon,720,,direct_full_horizon,18.439455857474147,18.439455857474147,1.898787746754296,0.8321954293778684,3.2447964723870726,1.4572369275035713,4.396181054817018,4.294118752139273,0.928105079920454,0.41039259861535804,0.30979156048385414,0.8321954293778684,0.8709317965851564,0.9555230761361915,-0.045496364744465716,0.30979156048385414,0.673849495765364,0.4597340540145248,-0.7771071001350468,Energy,1
solar/H/short|H=48|L=128|Hsrc=controlled|Lsrc=controlled|origins=shared_origin_v1:Hmax=720,joint-scaling,release,standard_hl_shared_origin_v1,solar/H/short,Granite-PatchTST-FM-r1,patchtstfm,granite-timeseries-patchtst-fm-r1,257.895552,257.895552,48,controlled,shared_origin_v1:Hmax=720,720,720,128,controlled,7320,8040,128,128,256,256,100,[],merged,2,137,13152,497771.299971804,,100,,float32,native_horizon,48,,direct_full_horizon,540.0980269160584,540.0980269160584,11.450078885340632,0.8748744588175154,1.2433905497625983,1.331361274069533,4.54630053305336,23.2400091849392,0.6140422334868119,0.302531378383065,0.23737246319931593,0.8748744588175154,0.9985551325387176,0.8761403655231759,-0.13222896626644287,0.23737246319931593,0.42567461696570436,0.557638284592479,-0.584044762293648,Energy,1
solar/H/short|H=48|L=256|Hsrc=controlled|Lsrc=controlled|origins=shared_origin_v1:Hmax=720,joint-scaling,release,standard_hl_shared_origin_v1,solar/H/short,Granite-PatchTST-FM-r1,patchtstfm,granite-timeseries-patchtst-fm-r1,257.895552,257.895552,48,controlled,shared_origin_v1:Hmax=720,720,720,256,controlled,7320,8040,256,256,256,256,100,[],merged,2,137,13152,497771.299971804,,100,,float32,native_horizon,48,,direct_full_horizon,1178.718141727494,1178.718141727494,14.793339416058394,1.1278474482520395,1.18888568457984,1.407073157837211,4.778125396274019,34.33246483617938,0.9071245721700075,0.39086624723245567,0.2864376838484799,1.1278474482520395,0.9985551325387176,1.1294793962799132,0.12175681530749688,0.2864376838484799,0.42567461696570436,0.6729028991445772,-0.39615424036412883,Energy,1
solar/H/short|H=48|L=512|Hsrc=controlled|Lsrc=controlled|origins=shared_origin_v1:Hmax=720,joint-scaling,release,standard_hl_shared_origin_v1,solar/H/short,Granite-PatchTST-FM-r1,patchtstfm,granite-timeseries-patchtst-fm-r1,257.895552,257.895552,48,controlled,shared_origin_v1:Hmax=720,720,720,512,controlled,7320,8040,512,512,256,256,100,[],merged,2,137,13152,497771.299971804,,100,,float32,native_horizon,48,,direct_full_horizon,523.6110477493917,523.6110477493917,9.690750456204379,0.7422109870732666,1.3180265175608497,1.3096989912418264,4.571540034855582,22.882548978411293,0.6045975012643608,0.25604680303428395,0.19617852396893176,0.7422109870732666,0.9985551325387176,0.7432849352907296,-0.2966758147901509,0.19617852396893176,0.42567461696570436,0.46086498031602724,-0.7746501632314979,Energy,1
solar/H/short|H=48|L=1024|Hsrc=controlled|Lsrc=controlled|origins=shared_origin_v1:Hmax=720,joint-scaling,release,standard_hl_shared_origin_v1,solar/H/short,Granite-PatchTST-FM-r1,patchtstfm,granite-timeseries-patchtst-fm-r1,257.895552,257.895552,48,controlled,shared_origin_v1:Hmax=720,720,720,1024,controlled,7320,8040,1024,1024,256,256,100,[],merged,2,137,13152,497771.299971804,,100,,float32,native_horizon,48,,direct_full_horizon,564.6974034367397,564.6974034367397,9.908894559762773,0.7573473787617365,1.433021030408949,1.3088291288872416,4.657707687246048,23.76336262898708,0.6278701590753454,0.26181055689105015,0.20110804968425586,0.7573473787617365,0.9985551325387176,0.7584432287041211,-0.2764873297921787,0.20110804968425586,0.42567461696570436,0.47244548222723526,-0.7498329202349612,Energy,1
solar/H/short|H=48|L=2048|Hsrc=controlled|Lsrc=controlled|origins=shared_origin_v1:Hmax=720,joint-scaling,release,standard_hl_shared_origin_v1,solar/H/short,Granite-PatchTST-FM-r1,patchtstfm,granite-timeseries-patchtst-fm-r1,257.895552,257.895552,48,controlled,shared_origin_v1:Hmax=720,720,720,2048,controlled,7320,8040,2048,2048,256,256,100,[],merged,2,137,13152,497771.299971804,,100,,float32,native_horizon,48,,direct_full_horizon,559.171570863747,559.171570863747,10.129795492130475,0.7752080148146124,1.5433919596795471,1.319284777861732,4.734032674102114,23.646808893881367,0.6247906028128667,0.2676471510511887,0.20570406922971193,0.7752080148146124,0.9985551325387176,0.7763297083494334,-0.25317796714207125,0.20570406922971193,0.42567461696570436,0.4832425073780827,-0.7272366656634911,Energy,1
solar/H/short|H=48|L=4096|Hsrc=controlled|Lsrc=controlled|origins=shared_origin_v1:Hmax=720,joint-scaling,release,standard_hl_shared_origin_v1,solar/H/short,Granite-PatchTST-FM-r1,patchtstfm,granite-timeseries-patchtst-fm-r1,257.895552,257.895552,48,controlled,shared_origin_v1:Hmax=720,720,720,4096,controlled,7320,8040,4096,4096,256,256,100,[],merged,2,137,13152,497771.299971804,,100,,float32,native_horizon,48,,direct_full_horizon,557.8477988138686,557.8477988138686,10.143255303375913,0.7783705492685586,1.6480635607824963,1.3229093899692062,4.743938766412736,23.618801807328598,0.6240506059461071,0.26800278312059495,0.20537963574855167,0.7783705492685586,0.9985551325387176,0.7794968188583001,-0.24910667149545532,0.20537963574855167,0.42567461696570436,0.4824803442886486,-0.7288150962584785,Energy,1
solar/H/short|H=48|L=6144|Hsrc=controlled|Lsrc=controlled|origins=shared_origin_v1:Hmax=720,joint-scaling-l6144,release,standard_hl_shared_origin_v1,solar/H/short,Granite-PatchTST-FM-r1,patchtstfm,granite-timeseries-patchtst-fm-r1,257.895552,257.895552,48,controlled,shared_origin_v1:Hmax=720,720,720,6144,controlled,7320,8040,6144,6144,256,256,100,[],merged,6,137,13152,497771.299971804,,100,,float32,native_horizon,48,,direct_full_horizon,504.4166999315693,504.4166999315693,9.88233921765701,0.7558973962946227,1.5848798431875806,1.316585364422949,4.869890964242623,22.459223048261695,0.5934124798827687,0.2611089176856665,0.20081042840890131,0.7558973962946227,0.9985551325387176,0.7569911481730968,-0.2784037189114745,0.20081042840890131,0.42567461696570436,0.4717463066985743,-0.751313923701963,Energy,1
solar/H/short|H=48|L=8192|Hsrc=controlled|Lsrc=controlled|origins=shared_origin_v1:Hmax=720,joint-scaling,release,standard_hl_shared_origin_v1,solar/H/short,Granite-PatchTST-FM-r1,patchtstfm,granite-timeseries-patchtst-fm-r1,257.895552,257.895552,48,controlled,shared_origin_v1:Hmax=720,720,720,8192,controlled,7320,8040,7320,8040,256,256,100,[],merged,2,137,13152,497771.299971804,,100,,float32,native_horizon,48,,direct_full_horizon,555.1682443734793,555.1682443734793,10.950582611009732,0.8372478949914033,1.597222661491904,1.3438845446510037,4.750878048116551,23.56200849616771,0.6225500260042134,0.2893338015031362,0.21684512403100292,0.8372478949914033,0.9985551325387176,0.8384593576348576,-0.17618916921577096,0.21684512403100292,0.42567461696570436,0.5094152091489957,-0.6744918598958488,Energy,1
solar/H/short|H=96|L=128|Hsrc=controlled|Lsrc=controlled|origins=shared_origin_v1:Hmax=720,joint-scaling,release,standard_hl_shared_origin_v1,solar/H/short,Granite-PatchTST-FM-r1,patchtstfm,granite-timeseries-patchtst-fm-r1,257.895552,257.895552,96,controlled,shared_origin_v1:Hmax=720,720,720,128,controlled,7320,8040,128,128,256,256,100,[],merged,2,137,26304,1038078.1998032965,,100,,float32,native_horizon,96,,direct_full_horizon,465.229850973236,465.229850973236,10.974980041058394,0.8392488189720205,1.0820014158649363,1.3179959856390664,4.637995404555069,21.56918753623409,0.5465444790774036,0.27809646234233854,0.21875531024303013,0.8392488189720205,0.8598259443877844,0.9760682664322077,-0.02422274990012318,0.21875531024303013,0.4221167147713504,0.5182341816564269,-0.6573280507438874,Energy,1
solar/H/short|H=96|L=256|Hsrc=controlled|Lsrc=controlled|origins=shared_origin_v1:Hmax=720,joint-scaling,release,standard_hl_shared_origin_v1,solar/H/short,Granite-PatchTST-FM-r1,patchtstfm,granite-timeseries-patchtst-fm-r1,257.895552,257.895552,96,controlled,shared_origin_v1:Hmax=720,720,720,256,controlled,7320,8040,256,256,256,256,100,[],merged,2,137,26304,1038078.1998032965,,100,,float32,native_horizon,96,,direct_full_horizon,667.2398874695864,667.2398874695864,10.304126154767335,0.7833938781151675,0.9457405575603716,1.3262776841212363,4.445679703396902,25.830986962746632,0.6545347751227574,0.26109760750814226,0.20243368021783292,0.7833938781151675,0.8598259443877844,0.9111075133618604,-0.09309437182298594,0.20243368021783292,0.4221167147713504,0.4795680273582295,-0.7348695232757119,Energy,1
solar/H/short|H=96|L=512|Hsrc=controlled|Lsrc=controlled|origins=shared_origin_v1:Hmax=720,joint-scaling,release,standard_hl_shared_origin_v1,solar/H/short,Granite-PatchTST-FM-r1,patchtstfm,granite-timeseries-patchtst-fm-r1,257.895552,257.895552,96,controlled,shared_origin_v1:Hmax=720,720,720,512,controlled,7320,8040,512,512,256,256,100,[],merged,2,137,26304,1038078.1998032965,,100,,float32,native_horizon,96,,direct_full_horizon,335.8784215328467,335.8784215328467,7.721825221449209,0.5875756446688878,1.0209477279001977,1.2770404305191225,4.716313554393446,18.32698615519875,0.46438991197165597,0.19566434461631876,0.16612034692647826,0.5875756446688878,0.8598259443877844,0.683365800373999,-0.38072498390404996,0.16612034692647826,0.4221167147713504,0.3935412674109845,-0.932569343914455,Energy,1
solar/H/short|H=96|L=1024|Hsrc=controlled|Lsrc=controlled|origins=shared_origin_v1:Hmax=720,joint-scaling,release,standard_hl_shared_origin_v1,solar/H/short,Granite-PatchTST-FM-r1,patchtstfm,granite-timeseries-patchtst-fm-r1,257.895552,257.895552,96,controlled,shared_origin_v1:Hmax=720,720,720,1024,controlled,7320,8040,1024,1024,256,256,100,[],merged,2,137,26304,1038078.1998032965,,100,,float32,native_horizon,96,,direct_full_horizon,397.16925182481754,397.16925182481754,8.74536875332649,0.6647291613128127,1.1012067838390602,1.2852799538568278,4.809415230740782,19.929105645382524,0.5049862283934625,0.221600048754602,0.17983639137391258,0.6647291613128127,0.8598259443877844,0.773097352611423,-0.25735029704208734,0.17983639137391258,0.4221167147713504,0.4260347555090901,-0.8532343503386096,Energy,1
solar/H/short|H=96|L=2048|Hsrc=controlled|Lsrc=controlled|origins=shared_origin_v1:Hmax=720,joint-scaling,release,standard_hl_shared_origin_v1,solar/H/short,Granite-PatchTST-FM-r1,patchtstfm,granite-timeseries-patchtst-fm-r1,257.895552,257.895552,96,controlled,shared_origin_v1:Hmax=720,720,720,2048,controlled,7320,8040,2048,2048,256,256,100,[],merged,2,137,26304,1038078.1998032965,,100,,float32,native_horizon,96,,direct_full_horizon,456.874277676399,456.874277676399,9.987880883135645,0.7605180258292477,1.275409545267503,1.311540366959398,4.876706987228641,21.37461760304495,0.5416142459566454,0.25308422698769956,0.19415837451342857,0.7605180258292477,0.8598259443877844,0.8845023004868198,-0.12273016449611493,0.19415837451342857,0.4221167147713504,0.4599637202677442,-0.776607661592483,Energy,1
solar/H/short|H=96|L=4096|Hsrc=controlled|Lsrc=controlled|origins=shared_origin_v1:Hmax=720,joint-scaling,release,standard_hl_shared_origin_v1,solar/H/short,Granite-PatchTST-FM-r1,patchtstfm,granite-timeseries-patchtst-fm-r1,257.895552,257.895552,96,controlled,shared_origin_v1:Hmax=720,720,720,4096,controlled,7320,8040,4096,4096,256,256,100,[],merged,2,137,26304,1038078.1998032965,,100,,float32,native_horizon,96,,direct_full_horizon,432.690484336983,432.690484336983,9.662508553832117,0.7387742613565723,1.4478406370987462,1.3128282681578847,4.892684022216422,20.801213530392474,0.5270846847637519,0.24483957475280843,0.1899521122509787,0.7387742613565723,0.8598259443877844,0.8592137352666143,-0.1517375692442632,0.1899521122509787,0.4221167147713504,0.44999903013523357,-0.7985098514751306,Energy,1
solar/H/short|H=96|L=6144|Hsrc=controlled|Lsrc=controlled|origins=shared_origin_v1:Hmax=720,joint-scaling-l6144,release,standard_hl_shared_origin_v1,solar/H/short,Granite-PatchTST-FM-r1,patchtstfm,granite-timeseries-patchtst-fm-r1,257.895552,257.895552,96,controlled,shared_origin_v1:Hmax=720,720,720,6144,controlled,7320,8040,6144,6144,256,256,100,[],merged,6,137,26304,1038078.1998032965,,100,,float32,native_horizon,96,,direct_full_horizon,392.1739136633212,392.1739136633212,9.36892692770111,0.713777353551113,1.3167404905688986,1.3057179694628194,5.044624721834419,19.803381369435908,0.5018004844339743,0.2374004713257128,0.18842280354928614,0.713777353551113,0.8598259443877844,0.8301416794992604,-0.18615889456689205,0.18842280354928614,0.4221167147713504,0.44637607788488043,-0.8065934583185377,Energy,1
solar/H/short|H=96|L=8192|Hsrc=controlled|Lsrc=controlled|origins=shared_origin_v1:Hmax=720,joint-scaling,release,standard_hl_shared_origin_v1,solar/H/short,Granite-PatchTST-FM-r1,patchtstfm,granite-timeseries-patchtst-fm-r1,257.895552,257.895552,96,controlled,shared_origin_v1:Hmax=720,720,720,8192,controlled,7320,8040,7320,8040,256,256,100,[],merged,2,137,26304,1038078.1998032965,,100,,float32,native_horizon,96,,direct_full_horizon,491.7459701946472,491.7459701946472,11.155706475250913,0.8505989155136541,1.4139649137201076,1.3425076152866484,4.884356724010205,22.17534599943476,0.5619040080792184,0.28267591322176244,0.2085341976113125,0.8505989155136541,0.8598259443877844,0.9892687247525426,-0.010789270664713982,0.2085341976113125,0.4221167147713504,0.4940202325896288,-0.705178805973748,Energy,1
solar/H/short|H=192|L=128|Hsrc=controlled|Lsrc=controlled|origins=shared_origin_v1:Hmax=720,joint-scaling,release,standard_hl_shared_origin_v1,solar/H/short,Granite-PatchTST-FM-r1,patchtstfm,granite-timeseries-patchtst-fm-r1,257.895552,257.895552,192,controlled,shared_origin_v1:Hmax=720,720,720,128,controlled,7320,8040,128,128,256,256,100,[],merged,2,137,52608,1826336.7000688054,,100,,float32,native_horizon,192,,direct_full_horizon,583.9920924574209,583.9920924574209,11.269559168757603,0.8589307055158545,2.1925396488670774,1.348634297540298,4.429593669615732,24.16592833841524,0.6961044795187291,0.3246219433293238,0.2499128245376571,0.8589307055158545,0.8782273706731201,0.9780277114997274,-0.02221727448194749,0.2499128245376571,0.5637361403600482,0.4433152438622123,-0.8134741505852434,Energy,1
solar/H/short|H=192|L=256|Hsrc=controlled|Lsrc=controlled|origins=shared_origin_v1:Hmax=720,joint-scaling,release,standard_hl_shared_origin_v1,solar/H/short,Granite-PatchTST-FM-r1,patchtstfm,granite-timeseries-patchtst-fm-r1,257.895552,257.895552,192,controlled,shared_origin_v1:Hmax=720,720,720,256,controlled,7320,8040,256,256,256,256,100,[],merged,2,137,52608,1826336.7000688054,,100,,float32,native_horizon,192,,direct_full_horizon,842.2915906326034,842.2915906326034,11.708048799612227,0.8895436111061855,2.1995143460823185,1.36495979104889,4.5857089401329345,29.022260260575905,0.8359921079891,0.3372527263055028,0.25621757937280565,0.8895436111061855,0.8782273706731201,1.012885319691633,0.012803010261358404,0.25621757937280565,0.5637361403600482,0.4544991194092401,-0.7885593028599016,Energy,1
solar/H/short|H=192|L=512|Hsrc=controlled|Lsrc=controlled|origins=shared_origin_v1:Hmax=720,joint-scaling,release,standard_hl_shared_origin_v1,solar/H/short,Granite-PatchTST-FM-r1,patchtstfm,granite-timeseries-patchtst-fm-r1,257.895552,257.895552,192,controlled,shared_origin_v1:Hmax=720,720,720,512,controlled,7320,8040,512,512,256,256,100,[],merged,2,137,52608,1826336.7000688054,,100,,float32,native_horizon,192,,direct_full_horizon,563.1889826642335,563.1889826642335,9.732000717571472,0.7389120721762356,2.1904072318514802,1.326729581883934,4.810222789379303,23.731603036125342,0.6835936508736024,0.28033225950653656,0.22263295888393483,0.7389120721762356,0.8782273706731201,0.8413676194239929,-0.17272659273074725,0.22263295888393483,0.5637361403600482,0.3949240485836923,-0.9290618146361836,Energy,1
solar/H/short|H=192|L=1024|Hsrc=controlled|Lsrc=controlled|origins=shared_origin_v1:Hmax=720,joint-scaling,release,standard_hl_shared_origin_v1,solar/H/short,Granite-PatchTST-FM-r1,patchtstfm,granite-timeseries-patchtst-fm-r1,257.895552,257.895552,192,controlled,shared_origin_v1:Hmax=720,720,720,1024,controlled,7320,8040,1024,1024,256,256,100,[],merged,2,137,52608,1826336.7000688054,,100,,float32,native_horizon,192,,direct_full_horizon,561.451585310219,561.451585310219,10.029607842438413,0.7614723550506706,2.1935600090145573,1.3284539364260188,4.912523456755719,23.694969620369193,0.6825384178839642,0.28890489325167795,0.22971632198747993,0.7614723550506706,0.8782273706731201,0.8670560500375178,-0.14265165603570437,0.22971632198747993,0.5637361403600482,0.40748908140032364,-0.8977411407698235,Energy,1
solar/H/short|H=192|L=2048|Hsrc=controlled|Lsrc=controlled|origins=shared_origin_v1:Hmax=720,joint-scaling,release,standard_hl_shared_origin_v1,solar/H/short,Granite-PatchTST-FM-r1,patchtstfm,granite-timeseries-patchtst-fm-r1,257.895552,257.895552,192,controlled,shared_origin_v1:Hmax=720,720,720,2048,controlled,7320,8040,2048,2048,256,256,100,[],merged,2,137,52608,1826336.7000688054,,100,,float32,native_horizon,192,,direct_full_horizon,589.301608120438,589.301608120438,10.988712505702555,0.8345142334571702,2.1173116332347424,1.355458800230003,4.989924418945084,24.275535176807907,0.699261726785317,0.31653209809462896,0.24148711641641607,0.8345142334571702,0.8782273706731201,0.9502257175354877,-0.05105572520356745,0.24148711641641607,0.5637361403600482,0.42836905269579234,-0.8477701822901187,Energy,1
solar/H/short|H=192|L=4096|Hsrc=controlled|Lsrc=controlled|origins=shared_origin_v1:Hmax=720,joint-scaling,release,standard_hl_shared_origin_v1,solar/H/short,Granite-PatchTST-FM-r1,patchtstfm,granite-timeseries-patchtst-fm-r1,257.895552,257.895552,192,controlled,shared_origin_v1:Hmax=720,720,720,4096,controlled,7320,8040,4096,4096,256,256,100,[],merged,2,137,52608,1826336.7000688054,,100,,float32,native_horizon,192,,direct_full_horizon,579.0441187652068,579.0441187652068,10.625987254790147,0.809646198795082,2.295722970391387,1.3501320535364265,5.037341413431564,24.063335570223984,0.6931492739704846,0.306083723488084,0.23833112982286114,0.809646198795082,0.8782273706731201,0.921909548519908,-0.08130816379559547,0.23833112982286114,0.5637361403600482,0.4227707126788844,-0.860925297302818,Energy,1
solar/H/short|H=192|L=6144|Hsrc=controlled|Lsrc=controlled|origins=shared_origin_v1:Hmax=720,joint-scaling-l6144,release,standard_hl_shared_origin_v1,solar/H/short,Granite-PatchTST-FM-r1,patchtstfm,granite-timeseries-patchtst-fm-r1,257.895552,257.895552,192,controlled,shared_origin_v1:Hmax=720,720,720,6144,controlled,7320,8040,6144,6144,256,256,100,[],merged,6,137,52608,1826336.7000688054,,100,,float32,native_horizon,192,,direct_full_horizon,551.9975811663626,551.9975811663626,10.386756173015511,0.789884453202714,2.1607004550660367,1.3430156475726125,5.182953033353919,23.494628772686802,0.6767675590305676,0.29919262353399234,0.23806759852596734,0.789884453202714,0.8782273706731201,0.8994076927906548,-0.10601885143477195,0.23806759852596734,0.5637361403600482,0.4223032399056726,-0.8620316450241375,Energy,1
solar/H/short|H=192|L=8192|Hsrc=controlled|Lsrc=controlled|origins=shared_origin_v1:Hmax=720,joint-scaling,release,standard_hl_shared_origin_v1,solar/H/short,Granite-PatchTST-FM-r1,patchtstfm,granite-timeseries-patchtst-fm-r1,257.895552,257.895552,192,controlled,shared_origin_v1:Hmax=720,720,720,8192,controlled,7320,8040,7320,8000,256,256,100,[],merged,2,137,52608,1826336.7000688054,,100,,float32,native_horizon,192,,direct_full_horizon,585.4465290450122,585.4465290450122,11.384691372985097,0.8659996520870805,1.9407244918036677,1.3673104051592613,4.94432974428712,24.196002336026755,0.6969707671349649,0.3279383498822731,0.24658370838905855,0.8659996520870805,0.8782273706731201,0.986076819062622,-0.014021017614492978,0.24658370838905855,0.5637361403600482,0.43740979287148407,-0.8268847821664008,Energy,1
solar/H/short|H=336|L=128|Hsrc=controlled|Lsrc=controlled|origins=shared_origin_v1:Hmax=720,joint-scaling,release,standard_hl_shared_origin_v1,solar/H/short,Granite-PatchTST-FM-r1,patchtstfm,granite-timeseries-patchtst-fm-r1,257.895552,257.895552,336,controlled,shared_origin_v1:Hmax=720,720,720,128,controlled,7320,8040,128,128,256,256,100,[],merged,2,137,92064,2863971.200091798,,100,,float32,native_horizon,336,,direct_full_horizon,665.645442301008,665.645442301008,11.451083281738791,0.8714441700894089,3.87659929691024,1.3734123646322123,4.386010199853047,25.800105470734184,0.8293592163152822,0.36810165242451076,0.2819914488837156,0.8714441700894089,0.9728773315767743,0.8957390020353653,-0.1101062008123141,0.2819914488837156,0.7547623072249494,0.3736162314736139,-0.9845261274426884,Energy,1
solar/H/short|H=336|L=256|Hsrc=controlled|Lsrc=controlled|origins=shared_origin_v1:Hmax=720,joint-scaling,release,standard_hl_shared_origin_v1,solar/H/short,Granite-PatchTST-FM-r1,patchtstfm,granite-timeseries-patchtst-fm-r1,257.895552,257.895552,336,controlled,shared_origin_v1:Hmax=720,720,720,256,controlled,7320,8040,256,256,256,256,100,[],merged,2,137,92064,2863971.200091798,,100,,float32,native_horizon,336,,direct_full_horizon,960.6077945776851,960.6077945776851,12.575265576120959,0.9542072188005695,4.137619128595796,1.3912426070450992,4.592855449027667,30.99367346052554,0.9963094438164616,0.4042391382856405,0.3055417441386685,0.9542072188005695,0.9728773315767743,0.980809386579143,-0.01937714351651665,0.3055417441386685,0.7547623072249494,0.40481849876958,-0.9043164635115752,Energy,1
solar/H/short|H=336|L=512|Hsrc=controlled|Lsrc=controlled|origins=shared_origin_v1:Hmax=720,joint-scaling,release,standard_hl_shared_origin_v1,solar/H/short,Granite-PatchTST-FM-r1,patchtstfm,granite-timeseries-patchtst-fm-r1,257.895552,257.895552,336,controlled,shared_origin_v1:Hmax=720,720,720,512,controlled,7320,8040,512,512,256,256,100,[],merged,2,137,92064,2863971.200091798,,100,,float32,native_horizon,336,,direct_full_horizon,712.3634428223844,712.3634428223844,10.884767322188912,0.8274608237681975,3.9672541360959634,1.3614704767199992,4.9043051994257505,26.69013755720237,0.857969809189254,0.3498971004728959,0.2726890163912113,0.8274608237681975,0.9728773315767743,0.8505294520811834,-0.1618962386086015,0.2726890163912113,0.7547623072249494,0.3612912486234412,-1.0180708630332147,Energy,1
solar/H/short|H=336|L=1024|Hsrc=controlled|Lsrc=controlled|origins=shared_origin_v1:Hmax=720,joint-scaling,release,standard_hl_shared_origin_v1,solar/H/short,Granite-PatchTST-FM-r1,patchtstfm,granite-timeseries-patchtst-fm-r1,257.895552,257.895552,336,controlled,shared_origin_v1:Hmax=720,720,720,1024,controlled,7320,8040,1024,1024,256,256,100,[],merged,2,137,92064,2863971.200091798,,100,,float32,native_horizon,336,,direct_full_horizon,665.4361531108793,665.4361531108793,11.024119769942649,0.8370101627754696,3.6186762843865057,1.3663846447851495,5.040288126549026,25.79604917639287,0.8292288244027425,0.35437666498443454,0.2765660295106413,0.8370101627754696,0.9728773315767743,0.8603450153565606,-0.15042178953885965,0.2765660295106413,0.7547623072249494,0.36642798250948366,-1.0039532776204663,Energy,1
solar/H/short|H=336|L=2048|Hsrc=controlled|Lsrc=controlled|origins=shared_origin_v1:Hmax=720,joint-scaling,release,standard_hl_shared_origin_v1,solar/H/short,Granite-PatchTST-FM-r1,patchtstfm,granite-timeseries-patchtst-fm-r1,257.895552,257.895552,336,controlled,shared_origin_v1:Hmax=720,720,720,2048,controlled,7320,8040,2048,2048,256,256,100,[],merged,2,137,92064,2863971.200091798,,100,,float32,native_horizon,336,,direct_full_horizon,647.2582334028502,647.2582334028502,11.52749989137991,0.8748362663818801,3.3683328757644566,1.387399237894291,5.118585434354835,25.44127027887661,0.8178242528693799,0.3705581082540158,0.2835210065614645,0.8748362663818801,0.9728773315767743,0.8992256659572941,-0.10622125714808399,0.2835210065614645,0.7547623072249494,0.37564277368843735,-0.9791166571723425,Energy,1
solar/H/short|H=336|L=4096|Hsrc=controlled|Lsrc=controlled|origins=shared_origin_v1:Hmax=720,joint-scaling,release,standard_hl_shared_origin_v1,solar/H/short,Granite-PatchTST-FM-r1,patchtstfm,granite-timeseries-patchtst-fm-r1,257.895552,257.895552,336,controlled,shared_origin_v1:Hmax=720,720,720,4096,controlled,7320,8040,4096,4096,256,256,100,[],merged,2,137,92064,2863971.200091798,,100,,float32,native_horizon,336,,direct_full_horizon,668.0064737573862,668.0064737573862,11.457701300182482,0.8715701386829464,3.7208395592904235,1.3832662858853624,5.1963387653161925,25.845821204933422,0.8308287748615357,0.36831439243040903,0.2854088929190215,0.8715701386829464,0.9728773315767743,0.8958684824841834,-0.10996165972263647,0.2854088929190215,0.7547623072249494,0.3781440728914914,-0.9724800107643501,Energy,1
solar/H/short|H=336|L=6144|Hsrc=controlled|Lsrc=controlled|origins=shared_origin_v1:Hmax=720,joint-scaling-l6144,release,standard_hl_shared_origin_v1,solar/H/short,Granite-PatchTST-FM-r1,patchtstfm,granite-timeseries-patchtst-fm-r1,257.895552,257.895552,336,controlled,shared_origin_v1:Hmax=720,720,720,6144,controlled,7320,8040,6144,6144,256,256,100,[],merged,6,137,92064,2863971.200091798,,100,,float32,native_horizon,336,,direct_full_horizon,681.4983489746263,681.4983489746263,11.577705115463155,0.8799748660306204,3.8372947312876864,1.379291575527622,5.371494642117688,26.105523342285753,0.8391770493038341,0.37217198403246354,0.29231508266933415,0.8799748660306204,0.9728773315767743,0.9045075236817536,-0.10036465612526976,0.29231508266933415,0.7547623072249494,0.38729422477931524,-0.9485706040641771,Energy,1
solar/H/short|H=336|L=8192|Hsrc=controlled|Lsrc=controlled|origins=shared_origin_v1:Hmax=720,joint-scaling,release,standard_hl_shared_origin_v1,solar/H/short,Granite-PatchTST-FM-r1,patchtstfm,granite-timeseries-patchtst-fm-r1,257.895552,257.895552,336,controlled,shared_origin_v1:Hmax=720,720,720,8192,controlled,7320,8040,7320,7856,256,256,100,[],merged,2,137,92064,2863971.200091798,,100,,float32,native_horizon,336,,direct_full_horizon,697.1781586722279,697.1781586722279,12.177165477276677,0.9252147525744701,3.4059837288394927,1.393191489072819,5.05441070288209,26.404131469757303,0.8487759791557332,0.3914419818411814,0.29374944416246607,0.9252147525744701,0.9728773315767743,0.951008644712632,-0.05023212634911112,0.29374944416246607,0.7547623072249494,0.38919463962436185,-0.9436757015699587,Energy,1
solar/H/short|H=720|L=128|Hsrc=controlled|Lsrc=controlled|origins=shared_origin_v1:Hmax=720,joint-scaling,release,standard_hl_shared_origin_v1,solar/H/short,Granite-PatchTST-FM-r1,patchtstfm,granite-timeseries-patchtst-fm-r1,257.895552,257.895552,720,controlled,shared_origin_v1:Hmax=720,720,720,128,controlled,7320,8040,128,128,256,256,100,[],merged,2,137,197280,5689922.250655826,,100,,float32,native_horizon,720,,direct_full_horizon,754.157096512571,754.157096512571,12.080878700324412,0.9185499415910379,5.109056774200991,1.4008449285279805,4.587120521882493,27.461920845282673,0.9521549690301863,0.4188661364793336,0.32136745161382546,0.9185499415910379,1.0711966474341135,0.8574988950826935,-0.15373538847617427,0.32136745161382546,1.0779765484284825,0.298121004656667,-1.2102558190002615,Energy,1
solar/H/short|H=720|L=256|Hsrc=controlled|Lsrc=controlled|origins=shared_origin_v1:Hmax=720,joint-scaling,release,standard_hl_shared_origin_v1,solar/H/short,Granite-PatchTST-FM-r1,patchtstfm,granite-timeseries-patchtst-fm-r1,257.895552,257.895552,720,controlled,shared_origin_v1:Hmax=720,720,720,256,controlled,7320,8040,256,256,256,256,100,[],merged,2,137,197280,5689922.250655826,,100,,float32,native_horizon,720,,direct_full_horizon,935.1519870235198,935.1519870235198,12.43546672242498,0.9429326374996979,5.701676711223056,1.4025823782734257,4.549628690248475,30.58025485543768,1.0602733064033327,0.43116035104297495,0.3304960501383096,0.9429326374996979,1.0711966474341135,0.8802610050716158,-0.12753681881369205,0.3304960501383096,1.0779765484284825,0.30658927656647084,-1.1822462884774347,Energy,1
solar/H/short|H=720|L=512|Hsrc=controlled|Lsrc=controlled|origins=shared_origin_v1:Hmax=720,joint-scaling,release,standard_hl_shared_origin_v1,solar/H/short,Granite-PatchTST-FM-r1,patchtstfm,granite-timeseries-patchtst-fm-r1,257.895552,257.895552,720,controlled,shared_origin_v1:Hmax=720,720,720,512,controlled,7320,8040,512,512,256,256,100,[],merged,2,137,197280,5689922.250655826,,100,,float32,native_horizon,720,,direct_full_horizon,858.4967558799675,858.4967558799675,12.043745564679643,0.9161880933994253,5.2886419207227675,1.3976523690946878,5.00274070757955,29.30011528782724,1.0158885287608828,0.41757866282375666,0.3217750833962912,0.9161880933994253,1.0711966474341135,0.8552940261659825,-0.15630997890946594,0.3217750833962912,1.0779765484284825,0.29849914997259247,-1.2089881938165417,Energy,1
solar/H/short|H=720|L=1024|Hsrc=controlled|Lsrc=controlled|origins=shared_origin_v1:Hmax=720,joint-scaling,release,standard_hl_shared_origin_v1,solar/H/short,Granite-PatchTST-FM-r1,patchtstfm,granite-timeseries-patchtst-fm-r1,257.895552,257.895552,720,controlled,shared_origin_v1:Hmax=720,720,720,1024,controlled,7320,8040,1024,1024,256,256,100,[],merged,2,137,197280,5689922.250655826,,100,,float32,native_horizon,720,,direct_full_horizon,775.2281832927819,775.2281832927819,12.493210791768046,0.9480537669936016,4.236048519988189,1.413615641474047,5.116604789061337,27.842919805451114,0.9653648990698044,0.43316244342634397,0.32032633798643434,0.9480537669936016,1.0711966474341135,0.8850417607864236,-0.12212044775820233,0.32032633798643434,1.0779765484284825,0.29715520106018906,-1.2135007141754506,Energy,1
solar/H/short|H=720|L=2048|Hsrc=controlled|Lsrc=controlled|origins=shared_origin_v1:Hmax=720,joint-scaling,release,standard_hl_shared_origin_v1,solar/H/short,Granite-PatchTST-FM-r1,patchtstfm,granite-timeseries-patchtst-fm-r1,257.895552,257.895552,720,controlled,shared_origin_v1:Hmax=720,720,720,2048,controlled,7320,8040,2048,2048,256,256,100,[],merged,2,137,197280,5689922.250655826,,100,,float32,native_horizon,720,,direct_full_horizon,713.4845498783455,713.4845498783455,12.748225238240066,0.9675201405968699,3.6897276189818666,1.4330718078365774,5.171892216943611,26.711131572405268,0.9261237332367301,0.4420042602005892,0.3212274881492279,0.9675201405968699,1.0711966474341135,0.9032143098229586,-0.10179542280124508,0.3212274881492279,1.0779765484284825,0.29799116559402544,-1.2106914385738066,Energy,1
solar/H/short|H=720|L=4096|Hsrc=controlled|Lsrc=controlled|origins=shared_origin_v1:Hmax=720,joint-scaling,release,standard_hl_shared_origin_v1,solar/H/short,Granite-PatchTST-FM-r1,patchtstfm,granite-timeseries-patchtst-fm-r1,257.895552,257.895552,720,controlled,shared_origin_v1:Hmax=720,720,720,4096,controlled,7320,8040,4096,4096,256,256,100,[],merged,2,137,197280,5689922.250655826,,100,,float32,native_horizon,720,,direct_full_horizon,704.3873479318735,704.3873479318735,12.393267817315492,0.9427673748672153,4.3011648608963196,1.419322156326034,5.299886879585743,26.540296681308472,0.9202005754446019,0.42969723790482256,0.32201836027489966,0.9427673748672153,1.0711966474341135,0.8801067265524676,-0.12771209869047193,0.32201836027489966,1.0779765484284825,0.29872482916660015,-1.2082324331216185,Energy,1
solar/H/short|H=720|L=6144|Hsrc=controlled|Lsrc=controlled|origins=shared_origin_v1:Hmax=720,joint-scaling-l6144,release,standard_hl_shared_origin_v1,solar/H/short,Granite-PatchTST-FM-r1,patchtstfm,granite-timeseries-patchtst-fm-r1,257.895552,257.895552,720,controlled,shared_origin_v1:Hmax=720,720,720,6144,controlled,7320,8040,6144,6144,256,256,100,[],merged,6,137,197280,5689922.250655826,,100,,float32,native_horizon,720,,direct_full_horizon,779.1951135442011,779.1951135442011,12.617126355940794,0.9579356728911755,5.17940142443159,1.4107610178109793,5.532745314389605,27.91406658916255,0.9678316880472767,0.4374588224317306,0.34043969655772643,0.9579356728911755,1.0711966474341135,0.8942668698466923,-0.11175103622173936,0.34043969655772643,1.0779765484284825,0.31581363903883913,-1.152602989243178,Energy,1
solar/H/short|H=720|L=8192|Hsrc=controlled|Lsrc=controlled|origins=shared_origin_v1:Hmax=720,joint-scaling,release,standard_hl_shared_origin_v1,solar/H/short,Granite-PatchTST-FM-r1,patchtstfm,granite-timeseries-patchtst-fm-r1,257.895552,257.895552,720,controlled,shared_origin_v1:Hmax=720,720,720,8192,controlled,7320,8040,7320,7472,256,256,100,[],merged,2,137,197280,5689922.250655826,,100,,float32,native_horizon,720,,direct_full_horizon,776.0560421735604,776.0560421735604,12.702590227088402,0.9653575454751862,4.623014664497214,1.4106684502990674,5.093413626314968,27.857782434600935,0.9658802135766659,0.44042201098813955,0.3296492219364384,0.9653575454751862,1.0711966474341135,0.901195450702307,-0.10403311848127757,0.3296492219364384,1.0779765484284825,0.305803704558336,-1.1848118712429074,Energy,1
sz_taxi/15T/short|H=48|L=128|Hsrc=controlled|Lsrc=controlled|origins=shared_origin_v1:Hmax=720,joint-scaling,release,standard_hl_shared_origin_v1,sz_taxi/15T/short,Granite-PatchTST-FM-r1,patchtstfm,granite-timeseries-patchtst-fm-r1,257.895552,257.895552,48,controlled,shared_origin_v1:Hmax=720,720,720,128,controlled,2256,2256,128,128,256,256,100,[],merged,2,156,7488,81925.4959676048,,100,,float32,native_horizon,48,,direct_full_horizon,13.794557750734509,13.794557750734509,2.6092286721254005,0.49543390724329256,1.603443830441206,0.40140804062541735,3.7571332347979935,3.7141025498408777,0.33946941138086817,0.23848380856431714,0.18964603388115267,0.49543390724329256,0.6215073574928317,0.7971489014094363,-0.22671379027756877,0.18964603388115267,0.27437530071796695,0.691192076636999,-0.36933752475678033,Transport,1
sz_taxi/15T/short|H=48|L=256|Hsrc=controlled|Lsrc=controlled|origins=shared_origin_v1:Hmax=720,joint-scaling,release,standard_hl_shared_origin_v1,sz_taxi/15T/short,Granite-PatchTST-FM-r1,patchtstfm,granite-timeseries-patchtst-fm-r1,257.895552,257.895552,48,controlled,shared_origin_v1:Hmax=720,720,720,256,controlled,2256,2256,256,256,256,256,100,[],merged,2,156,7488,81925.4959676048,,100,,float32,native_horizon,48,,direct_full_horizon,13.246241382044605,13.246241382044605,2.5235160110343218,0.4769569219802824,1.5120228824452457,0.38578581198667866,3.5060776676662027,3.6395386221394332,0.3326542595891818,0.2306496612250836,0.18355634485760972,0.4769569219802824,0.6215073574928317,0.767419590822436,-0.26472157266736307,0.18355634485760972,0.27437530071796695,0.6689973345898547,-0.40197520303246626,Transport,1
sz_taxi/15T/short|H=48|L=512|Hsrc=controlled|Lsrc=controlled|origins=shared_origin_v1:Hmax=720,joint-scaling,release,standard_hl_shared_origin_v1,sz_taxi/15T/short,Granite-PatchTST-FM-r1,patchtstfm,granite-timeseries-patchtst-fm-r1,257.895552,257.895552,48,controlled,shared_origin_v1:Hmax=720,720,720,512,controlled,2256,2256,512,512,256,256,100,[],merged,2,156,7488,81925.4959676048,,100,,float32,native_horizon,48,,direct_full_horizon,12.503211909889156,12.503211909889156,2.434791760566907,0.45945345675331545,1.4267633552225227,0.3728431473430405,3.249334323731256,3.5359881094100354,0.32318973050504496,0.22254025426143573,0.17607437918555252,0.45945345675331545,0.6215073574928317,0.7392566656117416,-0.3021101035681966,0.17607437918555252,0.27437530071796695,0.6417282412987352,-0.4435903650667118,Transport,1
sz_taxi/15T/short|H=48|L=1024|Hsrc=controlled|Lsrc=controlled|origins=shared_origin_v1:Hmax=720,joint-scaling,release,standard_hl_shared_origin_v1,sz_taxi/15T/short,Granite-PatchTST-FM-r1,patchtstfm,granite-timeseries-patchtst-fm-r1,257.895552,257.895552,48,controlled,shared_origin_v1:Hmax=720,720,720,1024,controlled,2256,2256,1024,1024,256,256,100,[],merged,2,156,7488,81925.4959676048,,100,,float32,native_horizon,48,,direct_full_horizon,12.120778140858707,12.120778140858707,2.3800150553385415,0.44784255458332883,1.3992364345452724,0.3662977300138555,3.097406813889627,3.4814907928728904,0.31820866934196695,0.21753365693900767,0.1716075781277601,0.44784255458332883,0.6215073574928317,0.7205748237477528,-0.32770601918057846,0.1716075781277601,0.27437530071796695,0.6254483464025692,-0.4692865321771973,Transport,1
sz_taxi/15T/short|H=48|L=2048|Hsrc=controlled|Lsrc=controlled|origins=shared_origin_v1:Hmax=720,joint-scaling,release,standard_hl_shared_origin_v1,sz_taxi/15T/short,Granite-PatchTST-FM-r1,patchtstfm,granite-timeseries-patchtst-fm-r1,257.895552,257.895552,48,controlled,shared_origin_v1:Hmax=720,720,720,2048,controlled,2256,2256,2048,2048,256,256,100,[],merged,2,156,7488,81925.4959676048,,100,,float32,native_horizon,48,,direct_full_horizon,12.040745400974894,12.040745400974894,2.3914093278412127,0.4503216310499829,1.5828753740359576,0.3665479024251302,3.177287477921845,3.4699777234119087,0.317156373434501,0.21857509479046405,0.17231200422670695,0.4503216310499829,0.6215073574928317,0.7245636364894953,-0.3221856860345097,0.17231200422670695,0.27437530071796695,0.6280157280039873,-0.4651900682352125,Transport,1
sz_taxi/15T/short|H=48|L=4096|Hsrc=controlled|Lsrc=controlled|origins=shared_origin_v1:Hmax=720,joint-scaling,release,standard_hl_shared_origin_v1,sz_taxi/15T/short,Granite-PatchTST-FM-r1,patchtstfm,granite-timeseries-patchtst-fm-r1,257.895552,257.895552,48,controlled,shared_origin_v1:Hmax=720,720,720,4096,controlled,2256,2256,2256,2256,256,256,100,[],merged,2,156,7488,81925.4959676048,,100,,float32,native_horizon,48,,direct_full_horizon,12.020039354634081,12.020039354634081,2.38779547275641,0.4497259648594977,1.5519290500217013,0.36660720955612314,3.127954016933132,3.466992840291725,0.3168835547650507,0.21824478800921857,0.17172527898918552,0.4497259648594977,0.6215073574928317,0.7236052147052574,-0.32350931887383927,0.17172527898918552,0.27437530071796695,0.625877324015049,-0.46860089511335956,Transport,1
sz_taxi/15T/short|H=48|L=6144|Hsrc=controlled|Lsrc=controlled|origins=shared_origin_v1:Hmax=720,joint-scaling-l6144,release,standard_hl_shared_origin_v1,sz_taxi/15T/short,Granite-PatchTST-FM-r1,patchtstfm,granite-timeseries-patchtst-fm-r1,257.895552,257.895552,48,controlled,shared_origin_v1:Hmax=720,720,720,6144,controlled,2256,2256,2256,2256,256,256,100,[],merged,6,156,7488,81925.4959676048,,100,,float32,native_horizon,48,,direct_full_horizon,12.020039224217081,12.020039224217081,2.3877955705691605,0.4497259648594977,1.5519291152302017,0.3666072177071857,3.127954016933132,3.46699282148335,0.316883553045963,0.21824479694931548,0.17172526984804914,0.4497259648594977,0.6215073574928317,0.7236052147052574,-0.32350931887383927,0.17172526984804914,0.27437530071796695,0.625877290698871,-0.46860094834452426,Transport,1
sz_taxi/15T/short|H=48|L=8192|Hsrc=controlled|Lsrc=controlled|origins=shared_origin_v1:Hmax=720,joint-scaling,release,standard_hl_shared_origin_v1,sz_taxi/15T/short,Granite-PatchTST-FM-r1,patchtstfm,granite-timeseries-patchtst-fm-r1,257.895552,257.895552,48,controlled,shared_origin_v1:Hmax=720,720,720,8192,controlled,2256,2256,2256,2256,256,256,100,[],merged,2,156,7488,81925.4959676048,,100,,float32,native_horizon,48,,direct_full_horizon,12.020039354634081,12.020039354634081,2.38779547275641,0.4497259648594977,1.5519290500217013,0.36660720955612314,3.127954016933132,3.466992840291725,0.3168835547650507,0.21824478800921857,0.17172527898918552,0.4497259648594977,0.6215073574928317,0.7236052147052574,-0.32350931887383927,0.17172527898918552,0.27437530071796695,0.625877324015049,-0.46860089511335956,Transport,1
sz_taxi/15T/short|H=96|L=128|Hsrc=controlled|Lsrc=controlled|origins=shared_origin_v1:Hmax=720,joint-scaling,release,standard_hl_shared_origin_v1,sz_taxi/15T/short,Granite-PatchTST-FM-r1,patchtstfm,granite-timeseries-patchtst-fm-r1,257.895552,257.895552,96,controlled,shared_origin_v1:Hmax=720,720,720,128,controlled,2256,2256,128,128,256,256,100,[],merged,2,156,14976,163561.76873346936,,100,,float32,native_horizon,96,,direct_full_horizon,16.33478461371528,16.33478461371528,2.8114835298978367,0.5359799913342332,10.930033887553419,0.4194958026592548,4.109011596859473,4.041631429721824,0.37005880261753615,0.2574243215256584,0.2045941113463968,0.5359799913342332,0.6589804808090461,0.813347294712277,-0.2065970838804782,0.2045941113463968,0.2865356133749313,0.7140268148053408,-0.33683476159797515,Transport,1
sz_taxi/15T/short|H=96|L=256|Hsrc=controlled|Lsrc=controlled|origins=shared_origin_v1:Hmax=720,joint-scaling,release,standard_hl_shared_origin_v1,sz_taxi/15T/short,Granite-PatchTST-FM-r1,patchtstfm,granite-timeseries-patchtst-fm-r1,257.895552,257.895552,96,controlled,shared_origin_v1:Hmax=720,720,720,256,controlled,2256,2256,256,256,256,256,100,[],merged,2,156,14976,163561.76873346936,,100,,float32,native_horizon,96,,direct_full_horizon,14.83731209518563,14.83731209518563,2.669630132169805,0.5079257997731523,8.479852138421474,0.40112050374348956,3.7470122468658307,3.8519231683907753,0.3526887842832185,0.24443597772854045,0.19397182622070253,0.5079257997731523,0.6589804808090461,0.770775181610174,-0.26035854118269974,0.19397182622070253,0.2865356133749313,0.6769553841354121,-0.39014991055257514,Transport,1
sz_taxi/15T/short|H=96|L=512|Hsrc=controlled|Lsrc=controlled|origins=shared_origin_v1:Hmax=720,joint-scaling,release,standard_hl_shared_origin_v1,sz_taxi/15T/short,Granite-PatchTST-FM-r1,patchtstfm,granite-timeseries-patchtst-fm-r1,257.895552,257.895552,96,controlled,shared_origin_v1:Hmax=720,720,720,512,controlled,2256,2256,512,512,256,256,100,[],merged,2,156,14976,163561.76873346936,,100,,float32,native_horizon,96,,direct_full_horizon,14.028516459668804,14.028516459668804,2.5760521521935096,0.4886627887086281,8.850701747796474,0.3892279730902778,3.5109432429840024,3.745466120480708,0.3429413918341973,0.23586781513787614,0.1860848824730924,0.4886627887086281,0.6589804808090461,0.7415436464956976,-0.29902125670127977,0.1860848824730924,0.2865356133749313,0.6494302061838321,-0.4316599064070952,Transport,1
sz_taxi/15T/short|H=96|L=1024|Hsrc=controlled|Lsrc=controlled|origins=shared_origin_v1:Hmax=720,joint-scaling,release,standard_hl_shared_origin_v1,sz_taxi/15T/short,Granite-PatchTST-FM-r1,patchtstfm,granite-timeseries-patchtst-fm-r1,257.895552,257.895552,96,controlled,shared_origin_v1:Hmax=720,720,720,1024,controlled,2256,2256,1024,1024,256,256,100,[],merged,2,156,14976,163561.76873346936,,100,,float32,native_horizon,96,,direct_full_horizon,13.709573859842415,13.709573859842415,2.531587127946381,0.4797842394556847,9.382623134515224,0.384498058221279,3.3278551795077225,3.7026441713783966,0.3390205397015621,0.2317965201874643,0.18232832732710066,0.4797842394556847,0.6589804808090461,0.7280704868020401,-0.31735741294217484,0.18232832732710066,0.2865356133749313,0.6363199505274914,-0.4520537752706045,Transport,1
sz_taxi/15T/short|H=96|L=2048|Hsrc=controlled|Lsrc=controlled|origins=shared_origin_v1:Hmax=720,joint-scaling,release,standard_hl_shared_origin_v1,sz_taxi/15T/short,Granite-PatchTST-FM-r1,patchtstfm,granite-timeseries-patchtst-fm-r1,257.895552,257.895552,96,controlled,shared_origin_v1:Hmax=720,720,720,2048,controlled,2256,2256,2048,2048,256,256,100,[],merged,2,156,14976,163561.76873346936,,100,,float32,native_horizon,96,,direct_full_horizon,13.585491995526175,13.585491995526175,2.541159866202591,0.48207332312506407,10.3416017711672,0.3842629978799412,3.5175818219043915,3.6858502405179423,0.3374828581851925,0.23267301675041488,0.18367918484348927,0.48207332312506407,0.6589804808090461,0.731544161267434,-0.3125976895069733,0.18367918484348927,0.2865356133749313,0.6410343994592582,-0.44467215819834294,Transport,1
sz_taxi/15T/short|H=96|L=4096|Hsrc=controlled|Lsrc=controlled|origins=shared_origin_v1:Hmax=720,joint-scaling,release,standard_hl_shared_origin_v1,sz_taxi/15T/short,Granite-PatchTST-FM-r1,patchtstfm,granite-timeseries-patchtst-fm-r1,257.895552,257.895552,96,controlled,shared_origin_v1:Hmax=720,720,720,4096,controlled,2256,2256,2256,2256,256,256,100,[],merged,2,156,14976,163561.76873346936,,100,,float32,native_horizon,96,,direct_full_horizon,13.565181895198984,13.565181895198984,2.535757994040465,0.4811583357516053,10.3134035289797,0.38388064783862513,3.4620802068046443,3.6830940654833926,0.3372304980056895,0.2321784119407064,0.18295631891283892,0.4811583357516053,0.6589804808090461,0.7301556719265428,-0.3144975183596397,0.18295631891283892,0.2865356133749313,0.638511620799614,-0.4486154035191514,Transport,1
sz_taxi/15T/short|H=96|L=6144|Hsrc=controlled|Lsrc=controlled|origins=shared_origin_v1:Hmax=720,joint-scaling-l6144,release,standard_hl_shared_origin_v1,sz_taxi/15T/short,Granite-PatchTST-FM-r1,patchtstfm,granite-timeseries-patchtst-fm-r1,257.895552,257.895552,96,controlled,shared_origin_v1:Hmax=720,720,720,6144,controlled,2256,2256,2256,2256,256,256,100,[],merged,6,156,14976,163561.76873346936,,100,,float32,native_horizon,96,,direct_full_horizon,13.565181634364984,13.565181634364984,2.535758026644715,0.4811583357516053,10.313403626792452,0.3838806437630939,3.462080206804644,3.683094030073762,0.3372304947635221,0.23217841492600824,0.18295631050858677,0.4811583357516053,0.6589804808090461,0.7301556719265428,-0.3144975183596397,0.18295631050858677,0.2865356133749313,0.6385115914690465,-0.44861544945499227,Transport,1
sz_taxi/15T/short|H=96|L=8192|Hsrc=controlled|Lsrc=controlled|origins=shared_origin_v1:Hmax=720,joint-scaling,release,standard_hl_shared_origin_v1,sz_taxi/15T/short,Granite-PatchTST-FM-r1,patchtstfm,granite-timeseries-patchtst-fm-r1,257.895552,257.895552,96,controlled,shared_origin_v1:Hmax=720,720,720,8192,controlled,2256,2256,2256,2256,256,256,100,[],merged,2,156,14976,163561.76873346936,,100,,float32,native_horizon,96,,direct_full_horizon,13.565181895198984,13.565181895198984,2.535757994040465,0.4811583357516053,10.3134035289797,0.38388064783862513,3.4620802068046443,3.6830940654833926,0.3372304980056895,0.2321784119407064,0.18295631891283892,0.4811583357516053,0.6589804808090461,0.7301556719265428,-0.3144975183596397,0.18295631891283892,0.2865356133749313,0.638511620799614,-0.4486154035191514,Transport,1
sz_taxi/15T/short|H=192|L=128|Hsrc=controlled|Lsrc=controlled|origins=shared_origin_v1:Hmax=720,joint-scaling,release,standard_hl_shared_origin_v1,sz_taxi/15T/short,Granite-PatchTST-FM-r1,patchtstfm,granite-timeseries-patchtst-fm-r1,257.895552,257.895552,192,controlled,shared_origin_v1:Hmax=720,720,720,128,controlled,2256,2256,128,128,256,256,100,[],merged,2,156,29952,325698.1201417807,,100,,float32,native_horizon,192,,direct_full_horizon,17.63155475844685,17.63155475844685,2.916729918911926,0.5530986121321096,7.039627988114316,0.4266815348568126,4.438945716428089,4.198994493738573,0.3861498587149018,0.26822965540366095,0.21411707710123656,0.5530986121321096,0.6639967647920173,0.8329838960967767,-0.18274096941900264,0.21411707710123656,0.31348991628027995,0.6830110506961323,-0.3812442398992897,Transport,1
sz_taxi/15T/short|H=192|L=256|Hsrc=controlled|Lsrc=controlled|origins=shared_origin_v1:Hmax=720,joint-scaling,release,standard_hl_shared_origin_v1,sz_taxi/15T/short,Granite-PatchTST-FM-r1,patchtstfm,granite-timeseries-patchtst-fm-r1,257.895552,257.895552,192,controlled,shared_origin_v1:Hmax=720,720,720,256,controlled,2256,2256,256,256,256,256,100,[],merged,2,156,29952,325698.1201417807,,100,,float32,native_horizon,192,,direct_full_horizon,15.375635391626602,15.375635391626602,2.7111580351479034,0.513896289284185,5.811812963241186,0.4054364913549179,3.899558940738789,3.9211778066834206,0.3606011530390643,0.24932475948402943,0.19814413709351478,0.513896289284185,0.6639967647920173,0.7739439655931937,-0.25625580388754454,0.19814413709351478,0.31348991628027995,0.6320590449753456,-0.45877246360527735,Transport,1
sz_taxi/15T/short|H=192|L=512|Hsrc=controlled|Lsrc=controlled|origins=shared_origin_v1:Hmax=720,joint-scaling,release,standard_hl_shared_origin_v1,sz_taxi/15T/short,Granite-PatchTST-FM-r1,patchtstfm,granite-timeseries-patchtst-fm-r1,257.895552,257.895552,192,controlled,shared_origin_v1:Hmax=720,720,720,512,controlled,2256,2256,512,512,256,256,100,[],merged,2,156,29952,325698.1201417807,,100,,float32,native_horizon,192,,direct_full_horizon,14.235011434962606,14.235011434962606,2.5809326171875,0.4875882368196545,6.128624549278846,0.386554196349576,3.568766367878452,3.772931411377976,0.34696804999795444,0.23734890983205092,0.18740560051639774,0.4875882368196545,0.6639967647920173,0.7343232116083894,-0.30880600449933515,0.18740560051639774,0.31348991628027995,0.5978042379801627,-0.5144919398630781,Transport,1
sz_taxi/15T/short|H=192|L=1024|Hsrc=controlled|Lsrc=controlled|origins=shared_origin_v1:Hmax=720,joint-scaling,release,standard_hl_shared_origin_v1,sz_taxi/15T/short,Granite-PatchTST-FM-r1,patchtstfm,granite-timeseries-patchtst-fm-r1,257.895552,257.895552,192,controlled,shared_origin_v1:Hmax=720,720,720,1024,controlled,2256,2256,1024,1024,256,256,100,[],merged,2,156,29952,325698.1201417807,,100,,float32,native_horizon,192,,direct_full_horizon,13.842989408052885,13.842989408052885,2.5288721068292603,0.4775533714857176,6.2908609504373665,0.3805697677481888,3.3930892500710317,3.7206168047855837,0.34215707013729935,0.23256129728589559,0.1830402095952461,0.4775533714857176,0.6639967647920173,0.719210388977273,-0.32960135074374997,0.1830402095952461,0.31348991628027995,0.5838790981448874,-0.5380613413107872,Transport,1
sz_taxi/15T/short|H=192|L=2048|Hsrc=controlled|Lsrc=controlled|origins=shared_origin_v1:Hmax=720,joint-scaling,release,standard_hl_shared_origin_v1,sz_taxi/15T/short,Granite-PatchTST-FM-r1,patchtstfm,granite-timeseries-patchtst-fm-r1,257.895552,257.895552,192,controlled,shared_origin_v1:Hmax=720,720,720,2048,controlled,2256,2256,2048,2048,256,256,100,[],merged,2,156,29952,325698.1201417807,,100,,float32,native_horizon,192,,direct_full_horizon,13.777159079527243,13.777159079527243,2.538805969759949,0.47964507195047335,6.666280110677083,0.37934412507929355,3.6431175868111403,3.711759566503095,0.34134253672543435,0.23347483974776329,0.18494705070692535,0.47964507195047335,0.6639967647920173,0.7223605556281767,-0.32523088021370555,0.18494705070692535,0.31348991628027995,0.5899617215807698,-0.5276976228637457,Transport,1
sz_taxi/15T/short|H=192|L=4096|Hsrc=controlled|Lsrc=controlled|origins=shared_origin_v1:Hmax=720,joint-scaling,release,standard_hl_shared_origin_v1,sz_taxi/15T/short,Granite-PatchTST-FM-r1,patchtstfm,granite-timeseries-patchtst-fm-r1,257.895552,257.895552,192,controlled,shared_origin_v1:Hmax=720,720,720,4096,controlled,2256,2256,2256,2256,256,256,100,[],merged,2,156,29952,325698.1201417807,,100,,float32,native_horizon,192,,direct_full_horizon,13.75140380859375,13.75140380859375,2.5318321814903846,0.47837179154096543,6.745801355084803,0.3783714913914346,3.5871234767873355,3.708288528228858,0.34102333151066466,0.2328335130303752,0.18407305995224682,0.47837179154096543,0.6639967647920173,0.7204429553068757,-0.32788904043564127,0.18407305995224682,0.31348991628027995,0.5871737826095618,-0.5324344508230686,Transport,1
sz_taxi/15T/short|H=192|L=6144|Hsrc=controlled|Lsrc=controlled|origins=shared_origin_v1:Hmax=720,joint-scaling-l6144,release,standard_hl_shared_origin_v1,sz_taxi/15T/short,Granite-PatchTST-FM-r1,patchtstfm,granite-timeseries-patchtst-fm-r1,257.895552,257.895552,192,controlled,shared_origin_v1:Hmax=720,720,720,6144,controlled,2256,2256,2256,2256,256,256,100,[],merged,6,156,29952,325698.1201417807,,100,,float32,native_horizon,192,,direct_full_horizon,13.75140367817675,13.75140367817675,2.531832018469134,0.47837179154096543,6.745801257272052,0.3783715036180284,3.5871234767873355,3.708288510644331,0.3410233298935483,0.23283349803854012,0.18407306018180164,0.47837179154096543,0.6639967647920173,0.7204429553068757,-0.32788904043564127,0.18407306018180164,0.31348991628027995,0.5871737833418176,-0.5324344495759833,Transport,1
sz_taxi/15T/short|H=192|L=8192|Hsrc=controlled|Lsrc=controlled|origins=shared_origin_v1:Hmax=720,joint-scaling,release,standard_hl_shared_origin_v1,sz_taxi/15T/short,Granite-PatchTST-FM-r1,patchtstfm,granite-timeseries-patchtst-fm-r1,257.895552,257.895552,192,controlled,shared_origin_v1:Hmax=720,720,720,8192,controlled,2256,2256,2256,2256,256,256,100,[],merged,2,156,29952,325698.1201417807,,100,,float32,native_horizon,192,,direct_full_horizon,13.75140380859375,13.75140380859375,2.5318321814903846,0.47837179154096543,6.745801355084803,0.3783714913914346,3.5871234767873355,3.708288528228858,0.34102333151066466,0.2328335130303752,0.18407305995224682,0.47837179154096543,0.6639967647920173,0.7204429553068757,-0.32788904043564127,0.18407305995224682,0.31348991628027995,0.5871737826095618,-0.5324344508230686,Transport,1
sz_taxi/15T/short|H=336|L=128|Hsrc=controlled|Lsrc=controlled|origins=shared_origin_v1:Hmax=720,joint-scaling,release,standard_hl_shared_origin_v1,sz_taxi/15T/short,Granite-PatchTST-FM-r1,patchtstfm,granite-timeseries-patchtst-fm-r1,257.895552,257.895552,336,controlled,shared_origin_v1:Hmax=720,720,720,128,controlled,2256,2256,128,128,256,256,100,[],merged,2,156,52416,570457.3737188877,,100,,float32,native_horizon,336,,direct_full_horizon,16.483648241949023,16.483648241949023,2.8052012684581045,0.530254937175772,4.965520875066773,0.4186319018167163,4.541840785468031,4.06000594112238,0.3730502596934433,0.257753578902738,0.20788956785671944,0.530254937175772,0.6630630446052542,0.7997051584913049,-0.22351217113201644,0.20788956785671944,0.346640141093298,0.5997273345234593,-0.5112801695171612,Transport,1
sz_taxi/15T/short|H=336|L=256|Hsrc=controlled|Lsrc=controlled|origins=shared_origin_v1:Hmax=720,joint-scaling,release,standard_hl_shared_origin_v1,sz_taxi/15T/short,Granite-PatchTST-FM-r1,patchtstfm,granite-timeseries-patchtst-fm-r1,257.895552,257.895552,336,controlled,shared_origin_v1:Hmax=720,720,720,256,controlled,2256,2256,256,256,256,256,100,[],merged,2,156,52416,570457.3737188877,,100,,float32,native_horizon,336,,direct_full_horizon,15.192574190132785,15.192574190132785,2.697923075730693,0.5100219128205867,4.669564308846535,0.40349307776370763,3.915273395042392,3.897765281559779,0.35814291200470266,0.24789641163826331,0.1970751613365074,0.5100219128205867,0.6630630446052542,0.7691906779757595,-0.2624163844572268,0.1970751613365074,0.346640141093298,0.5685295439672254,-0.5647019988617706,Transport,1
sz_taxi/15T/short|H=336|L=512|Hsrc=controlled|Lsrc=controlled|origins=shared_origin_v1:Hmax=720,joint-scaling,release,standard_hl_shared_origin_v1,sz_taxi/15T/short,Granite-PatchTST-FM-r1,patchtstfm,granite-timeseries-patchtst-fm-r1,257.895552,257.895552,336,controlled,shared_origin_v1:Hmax=720,720,720,512,controlled,2256,2256,512,512,256,256,100,[],merged,2,156,52416,570457.3737188877,,100,,float32,native_horizon,336,,direct_full_horizon,14.043724721459096,14.043724721459096,2.563434530963828,0.4821832267767926,4.774069314474588,0.3857060992528522,3.549818792563024,3.7474957933877784,0.3443355254147539,0.23553904387116034,0.1860374728047096,0.4821832267767926,0.6630630446052542,0.7272057019311851,-0.3185458952101346,0.1860374728047096,0.346640141093298,0.5366876213988089,-0.6223390643492795,Transport,1
sz_taxi/15T/short|H=336|L=1024|Hsrc=controlled|Lsrc=controlled|origins=shared_origin_v1:Hmax=720,joint-scaling,release,standard_hl_shared_origin_v1,sz_taxi/15T/short,Granite-PatchTST-FM-r1,patchtstfm,granite-timeseries-patchtst-fm-r1,257.895552,257.895552,336,controlled,shared_origin_v1:Hmax=720,720,720,1024,controlled,2256,2256,1024,1024,256,256,100,[],merged,2,156,52416,570457.3737188877,,100,,float32,native_horizon,336,,direct_full_horizon,13.621515257745726,13.621515257745726,2.5153014167906744,0.4732972202628259,4.788495372357677,0.37999415135645603,3.3807852716305646,3.6907337018194264,0.33911998797283993,0.2311163728202936,0.18179044896550706,0.4732972202628259,0.6630630446052542,0.7138042515166821,-0.337146511770262,0.18179044896550706,0.346640141093298,0.5244356536209067,-0.6454325400427673,Transport,1
sz_taxi/15T/short|H=336|L=2048|Hsrc=controlled|Lsrc=controlled|origins=shared_origin_v1:Hmax=720,joint-scaling,release,standard_hl_shared_origin_v1,sz_taxi/15T/short,Granite-PatchTST-FM-r1,patchtstfm,granite-timeseries-patchtst-fm-r1,257.895552,257.895552,336,controlled,shared_origin_v1:Hmax=720,720,720,2048,controlled,2256,2256,2048,2048,256,256,100,[],merged,2,156,52416,570457.3737188877,,100,,float32,native_horizon,336,,direct_full_horizon,13.55540769993895,13.55540769993895,2.523041479462378,0.47516376816494943,4.908325940552503,0.3793018979176206,3.6653388393020316,3.6817669263464996,0.33829608328715777,0.23182756202336266,0.18348580561014316,0.47516376816494943,0.6630630446052542,0.7166192898713453,-0.33321055586997506,0.18348580561014316,0.346640141093298,0.5293264797072594,-0.6361498735832982,Transport,1
sz_taxi/15T/short|H=336|L=4096|Hsrc=controlled|Lsrc=controlled|origins=shared_origin_v1:Hmax=720,joint-scaling,release,standard_hl_shared_origin_v1,sz_taxi/15T/short,Granite-PatchTST-FM-r1,patchtstfm,granite-timeseries-patchtst-fm-r1,257.895552,257.895552,336,controlled,shared_origin_v1:Hmax=720,720,720,4096,controlled,2256,2256,2256,2256,256,256,100,[],merged,2,156,52416,570457.3737188877,,100,,float32,native_horizon,336,,direct_full_horizon,13.53279771443834,13.53279771443834,2.517183371370383,0.4740913182978247,4.975294399610806,0.37879615942054906,3.6177338704696833,3.6786951102854855,0.33801383203040836,0.23128929464722506,0.18271653213778039,0.4740913182978247,0.6630630446052542,0.715001872227804,-0.3354701177911325,0.18271653213778039,0.346640141093298,0.5271072518072923,-0.6403512372810823,Transport,1
sz_taxi/15T/short|H=336|L=6144|Hsrc=controlled|Lsrc=controlled|origins=shared_origin_v1:Hmax=720,joint-scaling-l6144,release,standard_hl_shared_origin_v1,sz_taxi/15T/short,Granite-PatchTST-FM-r1,patchtstfm,granite-timeseries-patchtst-fm-r1,257.895552,257.895552,336,controlled,shared_origin_v1:Hmax=720,720,720,6144,controlled,2256,2256,2256,2256,256,256,100,[],merged,6,156,52416,570457.3737188877,,100,,float32,native_horizon,336,,direct_full_horizon,13.532798459678343,13.532798459678343,2.517183594942384,0.47409131829782464,4.975294474134806,0.37879615476279904,3.617733870469683,3.6786952115768363,0.3380138413374797,0.2312893151899519,0.182716537077242,0.47409131829782464,0.6630630446052542,0.715001872227804,-0.3354701177911325,0.182716537077242,0.346640141093298,0.5271072660568297,-0.6403512102476142,Transport,1
sz_taxi/15T/short|H=336|L=8192|Hsrc=controlled|Lsrc=controlled|origins=shared_origin_v1:Hmax=720,joint-scaling,release,standard_hl_shared_origin_v1,sz_taxi/15T/short,Granite-PatchTST-FM-r1,patchtstfm,granite-timeseries-patchtst-fm-r1,257.895552,257.895552,336,controlled,shared_origin_v1:Hmax=720,720,720,8192,controlled,2256,2256,2256,2256,256,256,100,[],merged,2,156,52416,570457.3737188877,,100,,float32,native_horizon,336,,direct_full_horizon,13.53279771443834,13.53279771443834,2.517183371370383,0.4740913182978247,4.975294399610806,0.37879615942054906,3.6177338704696833,3.6786951102854855,0.33801383203040836,0.23128929464722506,0.18271653213778039,0.4740913182978247,0.6630630446052542,0.715001872227804,-0.3354701177911325,0.18271653213778039,0.346640141093298,0.5271072518072923,-0.6403512372810823,Transport,1
sz_taxi/15T/short|H=720|L=128|Hsrc=controlled|Lsrc=controlled|origins=shared_origin_v1:Hmax=720,joint-scaling,release,standard_hl_shared_origin_v1,sz_taxi/15T/short,Granite-PatchTST-FM-r1,patchtstfm,granite-timeseries-patchtst-fm-r1,257.895552,257.895552,720,controlled,shared_origin_v1:Hmax=720,720,720,128,controlled,2256,2256,128,128,256,256,100,[],merged,2,156,112320,1213506.5590510867,,100,,float32,native_horizon,720,,direct_full_horizon,17.724558738425927,17.724558738425927,2.918026342147436,0.5540579832339857,8621687370875.408,0.43208592080662395,5.3142114573215,4.2100544816458045,0.38967512441648827,0.27008730715579277,0.22117353087975364,0.5540579832339857,0.6909431345378894,0.8018865164707744,-0.22078818178766776,0.22117353087975364,0.4279704057318517,0.5167963203005483,-0.6601064467005711,Transport,1
sz_taxi/15T/short|H=720|L=256|Hsrc=controlled|Lsrc=controlled|origins=shared_origin_v1:Hmax=720,joint-scaling,release,standard_hl_shared_origin_v1,sz_taxi/15T/short,Granite-PatchTST-FM-r1,patchtstfm,granite-timeseries-patchtst-fm-r1,257.895552,257.895552,720,controlled,shared_origin_v1:Hmax=720,720,720,256,controlled,2256,2256,256,256,256,256,100,[],merged,2,156,112320,1213506.5590510867,,100,,float32,native_horizon,720,,direct_full_horizon,17.166223735754986,17.166223735754986,2.8710869335381055,0.5434202750838614,8380388521634.028,0.4284538421196136,4.1689304109103755,4.143214179324427,0.38348850539845203,0.26574267932030526,0.2114504715582533,0.5434202750838614,0.6909431345378894,0.7864905922356505,-0.24017451811205076,0.2114504715582533,0.4279704057318517,0.4940773210630347,-0.7050632536717342,Transport,1
sz_taxi/15T/short|H=720|L=512|Hsrc=controlled|Lsrc=controlled|origins=shared_origin_v1:Hmax=720,joint-scaling,release,standard_hl_shared_origin_v1,sz_taxi/15T/short,Granite-PatchTST-FM-r1,patchtstfm,granite-timeseries-patchtst-fm-r1,257.895552,257.895552,720,controlled,shared_origin_v1:Hmax=720,720,720,512,controlled,2256,2256,512,512,256,256,100,[],merged,2,156,112320,1213506.5590510867,,100,,float32,native_horizon,720,,direct_full_horizon,15.983613782051282,15.983613782051282,2.7347205528846152,0.5156603076415571,7472231146906.259,0.4047864604200053,3.7446051830045395,3.9979511980577356,0.3700432232661221,0.25312085065299506,0.19961472314407333,0.5156603076415571,0.6909431345378894,0.7463136716546676,-0.29260929576474454,0.19961472314407333,0.4279704057318517,0.46642179101781994,-0.7626649233009601,Transport,1
sz_taxi/15T/short|H=720|L=1024|Hsrc=controlled|Lsrc=controlled|origins=shared_origin_v1:Hmax=720,joint-scaling,release,standard_hl_shared_origin_v1,sz_taxi/15T/short,Granite-PatchTST-FM-r1,patchtstfm,granite-timeseries-patchtst-fm-r1,257.895552,257.895552,720,controlled,shared_origin_v1:Hmax=720,720,720,1024,controlled,2256,2256,1024,1024,256,256,100,[],merged,2,156,112320,1213506.5590510867,,100,,float32,native_horizon,720,,direct_full_horizon,15.535986467236468,15.535986467236468,2.6877892127403844,0.5069775177224596,6073972117302.217,0.39842850992142986,3.5888035324243988,3.941571573273339,0.3648248258800089,0.24877696962022833,0.19559189537935748,0.5069775177224596,0.6909431345378894,0.7337470949205276,-0.30959086707011824,0.19559189537935748,0.4279704057318517,0.4570220107740514,-0.7830237256283937,Transport,1
sz_taxi/15T/short|H=720|L=2048|Hsrc=controlled|Lsrc=controlled|origins=shared_origin_v1:Hmax=720,joint-scaling,release,standard_hl_shared_origin_v1,sz_taxi/15T/short,Granite-PatchTST-FM-r1,patchtstfm,granite-timeseries-patchtst-fm-r1,257.895552,257.895552,720,controlled,shared_origin_v1:Hmax=720,720,720,2048,controlled,2256,2256,2048,2048,256,256,100,[],merged,2,156,112320,1213506.5590510867,,100,,float32,native_horizon,720,,direct_full_horizon,15.651385550213675,15.651385550213675,2.7061018462873934,0.5106206304869747,6171931021679.694,0.3994530832665598,4.04670353810016,3.956183204834386,0.36617725240353766,0.2504719542782498,0.1990908946251984,0.5106206304869747,0.6909431345378894,0.739019761486571,-0.30243061754360206,0.1990908946251984,0.4279704057318517,0.465197807976331,-0.7652925703514571,Transport,1
sz_taxi/15T/short|H=720|L=4096|Hsrc=controlled|Lsrc=controlled|origins=shared_origin_v1:Hmax=720,joint-scaling,release,standard_hl_shared_origin_v1,sz_taxi/15T/short,Granite-PatchTST-FM-r1,patchtstfm,granite-timeseries-patchtst-fm-r1,257.895552,257.895552,720,controlled,shared_origin_v1:Hmax=720,720,720,4096,controlled,2256,2256,2256,2256,256,256,100,[],merged,2,156,112320,1213506.5590510867,,100,,float32,native_horizon,720,,direct_full_horizon,15.616785189636753,15.616785189636753,2.7070539251691597,0.5108927745181724,6411784143325.403,0.3996941286614138,4.0914701815905445,3.9518078381465807,0.3657722762765371,0.2505600769993034,0.1992458026973662,0.5108927745181724,0.6909431345378894,0.7394136347557216,-0.3018977923524636,0.1992458026973662,0.4279704057318517,0.4655597677522713,-0.7645147957651933,Transport,1
sz_taxi/15T/short|H=720|L=6144|Hsrc=controlled|Lsrc=controlled|origins=shared_origin_v1:Hmax=720,joint-scaling-l6144,release,standard_hl_shared_origin_v1,sz_taxi/15T/short,Granite-PatchTST-FM-r1,patchtstfm,granite-timeseries-patchtst-fm-r1,257.895552,257.895552,720,controlled,shared_origin_v1:Hmax=720,720,720,6144,controlled,2256,2256,2256,2256,256,256,100,[],merged,6,156,112320,1213506.5590510867,,100,,float32,native_horizon,720,,direct_full_horizon,15.616785746082622,15.616785746082622,2.7070537860576924,0.5108927745181723,6411784143326.528,0.39969415039758055,4.0914701815905445,3.9518079085505438,0.36577228279300217,0.25056006412339443,0.19924579954048213,0.5108927745181723,0.6909431345378894,0.7394136347557215,-0.3018977923524638,0.19924579954048213,0.4279704057318517,0.46555976037586394,-0.7645148116093619,Transport,1
sz_taxi/15T/short|H=720|L=8192|Hsrc=controlled|Lsrc=controlled|origins=shared_origin_v1:Hmax=720,joint-scaling,release,standard_hl_shared_origin_v1,sz_taxi/15T/short,Granite-PatchTST-FM-r1,patchtstfm,granite-timeseries-patchtst-fm-r1,257.895552,257.895552,720,controlled,shared_origin_v1:Hmax=720,720,720,8192,controlled,2256,2256,2256,2256,256,256,100,[],merged,2,156,112320,1213506.5590510867,,100,,float32,native_horizon,720,,direct_full_horizon,15.616785189636753,15.616785189636753,2.7070539251691597,0.5108927745181724,6411784143325.403,0.3996941286614138,4.0914701815905445,3.9518078381465807,0.3657722762765371,0.2505600769993034,0.1992458026973662,0.5108927745181724,0.6909431345378894,0.7394136347557216,-0.3018977923524636,0.1992458026973662,0.4279704057318517,0.4655597677522713,-0.7645147957651933,Transport,1
us_births/D/short|H=48|L=128|Hsrc=controlled|Lsrc=controlled|origins=shared_origin_v1:Hmax=720,joint-scaling,release,standard_hl_shared_origin_v1,us_births/D/short,Granite-PatchTST-FM-r1,patchtstfm,granite-timeseries-patchtst-fm-r1,257.895552,257.895552,48,controlled,shared_origin_v1:Hmax=720,720,720,128,controlled,5865,6585,128,128,256,256,100,[],merged,2,1,96,966203.0,,100,,float32,native_horizon,48,,direct_full_horizon,150080.14583333334,150080.14583333334,307.63234456380206,0.47336765330408453,0.0308073287208875,0.03050572673479716,4.845464037144514,387.4017886294968,0.03849146784726573,0.03056573523175254,0.024120613039449842,0.47336765330408453,1.9806011529499583,0.2390020083544022,-1.4312833239294382,0.024120613039449842,0.13560089778328527,0.17787944942664716,-1.726649208539804,Healthcare,1
us_births/D/short|H=48|L=256|Hsrc=controlled|Lsrc=controlled|origins=shared_origin_v1:Hmax=720,joint-scaling,release,standard_hl_shared_origin_v1,us_births/D/short,Granite-PatchTST-FM-r1,patchtstfm,granite-timeseries-patchtst-fm-r1,257.895552,257.895552,48,controlled,shared_origin_v1:Hmax=720,720,720,256,controlled,5865,6585,256,256,256,256,100,[],merged,2,1,96,966203.0,,100,,float32,native_horizon,48,,direct_full_horizon,53461.375,53461.375,174.92789713541666,0.2679196810866323,0.01777384305993716,0.017897975941499073,3.5911417885299763,231.21715983032055,0.022973275123044302,0.017380486424695432,0.016594375077120326,0.2679196810866323,1.9806011529499583,0.13527189999237646,-2.0004684520539255,0.016594375077120326,0.13560089778328527,0.12237658709045669,-2.1006522091413484,Healthcare,1
us_births/D/short|H=48|L=512|Hsrc=controlled|Lsrc=controlled|origins=shared_origin_v1:Hmax=720,joint-scaling,release,standard_hl_shared_origin_v1,us_births/D/short,Granite-PatchTST-FM-r1,patchtstfm,granite-timeseries-patchtst-fm-r1,257.895552,257.895552,48,controlled,shared_origin_v1:Hmax=720,720,720,512,controlled,5865,6585,512,512,256,256,100,[],merged,2,1,96,966203.0,,100,,float32,native_horizon,48,,direct_full_horizon,47734.536458333336,47734.536458333336,166.47001139322916,0.2546156611380989,0.016599948207537334,0.016744263470172882,2.3724096240955035,218.48234816189003,0.021707969674635084,0.016540127792761976,0.013457100444019009,0.2546156611380989,1.9806011529499583,0.12855473741336956,-2.051400493258737,0.013457100444019009,0.13560089778328527,0.09924049666342097,-2.310209115501361,Healthcare,1
us_births/D/short|H=48|L=1024|Hsrc=controlled|Lsrc=controlled|origins=shared_origin_v1:Hmax=720,joint-scaling,release,standard_hl_shared_origin_v1,us_births/D/short,Granite-PatchTST-FM-r1,patchtstfm,granite-timeseries-patchtst-fm-r1,257.895552,257.895552,48,controlled,shared_origin_v1:Hmax=720,720,720,1024,controlled,5865,6585,1024,1024,256,256,100,[],merged,2,1,96,966203.0,,100,,float32,native_horizon,48,,direct_full_horizon,43473.888020833336,43473.888020833336,159.81536865234375,0.24443074072938464,0.01615988587339719,0.01619959870974223,2.1568388851332023,208.50392807051222,0.0207165337871743,0.01587893578329295,0.012791885200007428,0.24443074072938464,1.9806011529499583,0.1234123994956396,-2.0922236904223777,0.012791885200007428,0.13560089778328527,0.09433481200435097,-2.360904995172076,Healthcare,1
us_births/D/short|H=48|L=2048|Hsrc=controlled|Lsrc=controlled|origins=shared_origin_v1:Hmax=720,joint-scaling,release,standard_hl_shared_origin_v1,us_births/D/short,Granite-PatchTST-FM-r1,patchtstfm,granite-timeseries-patchtst-fm-r1,257.895552,257.895552,48,controlled,shared_origin_v1:Hmax=720,720,720,2048,controlled,5865,6585,2048,2048,256,256,100,[],merged,2,1,96,966203.0,,100,,float32,native_horizon,48,,direct_full_horizon,44125.5625,44125.5625,152.57459513346353,0.23336237629513948,0.015304740518331528,0.015268204112847647,1.954458201767349,210.0608542779925,0.020871226865045212,0.015159506990572892,0.012392250737587982,0.23336237629513948,1.9806011529499583,0.11782401315255399,-2.1385631817427115,0.012392250737587982,0.13560089778328527,0.09138767471431522,-2.3926446595678925,Healthcare,1
us_births/D/short|H=48|L=4096|Hsrc=controlled|Lsrc=controlled|origins=shared_origin_v1:Hmax=720,joint-scaling,release,standard_hl_shared_origin_v1,us_births/D/short,Granite-PatchTST-FM-r1,patchtstfm,granite-timeseries-patchtst-fm-r1,257.895552,257.895552,48,controlled,shared_origin_v1:Hmax=720,720,720,4096,controlled,5865,6585,4096,4096,256,256,100,[],merged,2,1,96,966203.0,,100,,float32,native_horizon,48,,direct_full_horizon,41144.755208333336,41144.755208333336,148.8418986002604,0.22786444434834943,0.014876695970694223,0.014890474577744802,1.9221560197273488,202.84169987537902,0.020153946104531226,0.014788633719440945,0.011991176614171518,0.22786444434834943,1.9806011529499583,0.11504812264143251,-2.1624047803963276,0.011991176614171518,0.13560089778328527,0.0884299205255675,-2.4255448991219413,Healthcare,1
us_births/D/short|H=48|L=6144|Hsrc=controlled|Lsrc=controlled|origins=shared_origin_v1:Hmax=720,joint-scaling-l6144,release,standard_hl_shared_origin_v1,us_births/D/short,Granite-PatchTST-FM-r1,patchtstfm,granite-timeseries-patchtst-fm-r1,257.895552,257.895552,48,controlled,shared_origin_v1:Hmax=720,720,720,6144,controlled,5865,6585,5865,6144,256,256,100,[],merged,6,1,96,966203.0,,100,,float32,native_horizon,48,,direct_full_horizon,38233.40625,38233.40625,140.25467936197916,0.21473468796495263,0.014002603789170584,0.014012756446997324,1.932505707087729,195.53364480313869,0.01942783235107044,0.013935424769691255,0.01152592362872732,0.21473468796495263,1.9806011529499583,0.1084189452505979,-2.2217524335629,0.01152592362872732,0.13560089778328527,0.08499887402772088,-2.465117269312255,Healthcare,1
us_births/D/short|H=48|L=8192|Hsrc=controlled|Lsrc=controlled|origins=shared_origin_v1:Hmax=720,joint-scaling,release,standard_hl_shared_origin_v1,us_births/D/short,Granite-PatchTST-FM-r1,patchtstfm,granite-timeseries-patchtst-fm-r1,257.895552,257.895552,48,controlled,shared_origin_v1:Hmax=720,720,720,8192,controlled,5865,6585,5865,6585,256,256,100,[],merged,2,1,96,966203.0,,100,,float32,native_horizon,48,,direct_full_horizon,38035.372395833336,38035.372395833336,139.7282511393229,0.21394322608190983,0.013945512473583221,0.013955121239026388,1.9302758005870055,195.0265940733041,0.01937745280343488,0.013883119913077273,0.011499150594733542,0.21394322608190983,1.9806011529499583,0.10801933835252861,-2.2254450090673252,0.011499150594733542,0.13560089778328527,0.08480143408129392,-2.467442824991261,Healthcare,1
us_births/D/short|H=96|L=128|Hsrc=controlled|Lsrc=controlled|origins=shared_origin_v1:Hmax=720,joint-scaling,release,standard_hl_shared_origin_v1,us_births/D/short,Granite-PatchTST-FM-r1,patchtstfm,granite-timeseries-patchtst-fm-r1,257.895552,257.895552,96,controlled,shared_origin_v1:Hmax=720,720,720,128,controlled,5865,6585,128,128,256,256,100,[],merged,2,1,192,1945491.0,,100,,float32,native_horizon,96,,direct_full_horizon,441800.9166666667,441800.9166666667,496.6737467447917,0.7691776890726946,0.04961294929186503,0.04783309499422709,6.959190392312119,664.6810638694822,0.06559720104741712,0.04901660268538893,0.03911719835554117,0.7691776890726946,2.0761689330647766,0.3704793366391714,-0.9929576073554798,0.03911719835554117,0.17051259046311812,0.22940944272383348,-1.4722469124320507,Healthcare,1
us_births/D/short|H=96|L=256|Hsrc=controlled|Lsrc=controlled|origins=shared_origin_v1:Hmax=720,joint-scaling,release,standard_hl_shared_origin_v1,us_births/D/short,Granite-PatchTST-FM-r1,patchtstfm,granite-timeseries-patchtst-fm-r1,257.895552,257.895552,96,controlled,shared_origin_v1:Hmax=720,720,720,256,controlled,5865,6585,256,256,256,256,100,[],merged,2,1,192,1945491.0,,100,,float32,native_horizon,96,,direct_full_horizon,70115.16666666667,70115.16666666667,211.20939127604166,0.32318897164626037,0.020871053139368694,0.02108129858970642,3.6643650551257494,264.7926862031251,0.026132321224307906,0.020844199806115783,0.01773277150813442,0.32318897164626037,2.0761689330647766,0.15566602818258088,-1.8600424116005905,0.01773277150813442,0.17051259046311812,0.10399684539406502,-2.2633947130501864,Healthcare,1
us_births/D/short|H=96|L=512|Hsrc=controlled|Lsrc=controlled|origins=shared_origin_v1:Hmax=720,joint-scaling,release,standard_hl_shared_origin_v1,us_births/D/short,Granite-PatchTST-FM-r1,patchtstfm,granite-timeseries-patchtst-fm-r1,257.895552,257.895552,96,controlled,shared_origin_v1:Hmax=720,720,720,512,controlled,5865,6585,512,512,256,256,100,[],merged,2,1,192,1945491.0,,100,,float32,native_horizon,96,,direct_full_horizon,65474.692708333336,65474.692708333336,203.5858154296875,0.3111795058084507,0.019917203734318416,0.020128237704435985,2.525292427329697,255.88023117922444,0.025252753359646017,0.02009183109173982,0.0155304485242343,0.3111795058084507,2.0761689330647766,0.14988159241410914,-1.8979096805193552,0.0155304485242343,0.17051259046311812,0.09108094881470666,-2.3960066204637545,Healthcare,1
us_births/D/short|H=96|L=1024|Hsrc=controlled|Lsrc=controlled|origins=shared_origin_v1:Hmax=720,joint-scaling,release,standard_hl_shared_origin_v1,us_births/D/short,Granite-PatchTST-FM-r1,patchtstfm,granite-timeseries-patchtst-fm-r1,257.895552,257.895552,96,controlled,shared_origin_v1:Hmax=720,720,720,1024,controlled,5865,6585,1024,1024,256,256,100,[],merged,2,1,192,1945491.0,,100,,float32,native_horizon,96,,direct_full_horizon,54456.416666666664,54456.416666666664,180.86641438802084,0.27658024595553005,0.017879970371723175,0.017971632381280262,2.431159253954355,233.3589866850357,0.023030137607178265,0.017849659321220197,0.014288830024232242,0.27658024595553005,2.0761689330647766,0.13321663837212458,-2.0157786159731526,0.014288830024232242,0.17051259046311812,0.08379926658449845,-2.479331023507357,Healthcare,1
us_births/D/short|H=96|L=2048|Hsrc=controlled|Lsrc=controlled|origins=shared_origin_v1:Hmax=720,joint-scaling,release,standard_hl_shared_origin_v1,us_births/D/short,Granite-PatchTST-FM-r1,patchtstfm,granite-timeseries-patchtst-fm-r1,257.895552,257.895552,96,controlled,shared_origin_v1:Hmax=720,720,720,2048,controlled,5865,6585,2048,2048,256,256,100,[],merged,2,1,192,1945491.0,,100,,float32,native_horizon,96,,direct_full_horizon,57909.4375,57909.4375,180.197509765625,0.27590525873583904,0.017762862145900726,0.01782475660244624,2.105402034876853,240.64379796703676,0.023749073734944576,0.017783645298282028,0.014163674311835746,0.27590525873583904,2.0761689330647766,0.1328915264754281,-2.018222073945508,0.014163674311835746,0.17051259046311812,0.08306526968692877,-2.4881285984514543,Healthcare,1
us_births/D/short|H=96|L=4096|Hsrc=controlled|Lsrc=controlled|origins=shared_origin_v1:Hmax=720,joint-scaling,release,standard_hl_shared_origin_v1,us_births/D/short,Granite-PatchTST-FM-r1,patchtstfm,granite-timeseries-patchtst-fm-r1,257.895552,257.895552,96,controlled,shared_origin_v1:Hmax=720,720,720,4096,controlled,5865,6585,4096,4096,256,256,100,[],merged,2,1,192,1945491.0,,100,,float32,native_horizon,96,,direct_full_horizon,61127.65625,61127.65625,185.47908528645834,0.28407826877892345,0.018198659022649128,0.01832301914691925,2.1426809734161893,247.24007816290626,0.024400058909179227,0.018304882610610893,0.014602436176637272,0.28407826877892345,2.0761689330647766,0.13682810885700705,-1.9890298207996702,0.014602436176637272,0.17051259046311812,0.08563846304238619,-2.4576207621476898,Healthcare,1
us_births/D/short|H=96|L=6144|Hsrc=controlled|Lsrc=controlled|origins=shared_origin_v1:Hmax=720,joint-scaling-l6144,release,standard_hl_shared_origin_v1,us_births/D/short,Granite-PatchTST-FM-r1,patchtstfm,granite-timeseries-patchtst-fm-r1,257.895552,257.895552,96,controlled,shared_origin_v1:Hmax=720,720,720,6144,controlled,5865,6585,5865,6144,256,256,100,[],merged,6,1,192,1945491.0,,100,,float32,native_horizon,96,,direct_full_horizon,59701.4375,59701.4375,181.24503580729166,0.2775879584246199,0.017746129383643467,0.017866601546605427,2.159099252417404,244.33877608762796,0.024113730163143682,0.017887025370459178,0.014359894660259359,0.2775879584246199,2.0761689330647766,0.1337020095059669,-2.012141765024833,0.014359894660259359,0.17051259046311812,0.08421603719266352,-2.4743699103990378,Healthcare,1
us_births/D/short|H=96|L=8192|Hsrc=controlled|Lsrc=controlled|origins=shared_origin_v1:Hmax=720,joint-scaling,release,standard_hl_shared_origin_v1,us_births/D/short,Granite-PatchTST-FM-r1,patchtstfm,granite-timeseries-patchtst-fm-r1,257.895552,257.895552,96,controlled,shared_origin_v1:Hmax=720,720,720,8192,controlled,5865,6585,5865,6585,256,256,100,[],merged,2,1,192,1945491.0,,100,,float32,native_horizon,96,,direct_full_horizon,60492.885416666664,60492.885416666664,182.19755045572916,0.2790199491203542,0.017824336886405945,0.01794969042142232,2.15958280334304,245.95301465252803,0.02427303894661316,0.017981028792988504,0.014441805796559768,0.2790199491203542,2.0761689330647766,0.13439173695199916,-2.006996333795034,0.014441805796559768,0.17051259046311812,0.08469641894088478,-2.468681957546321,Healthcare,1
us_births/D/short|H=192|L=128|Hsrc=controlled|Lsrc=controlled|origins=shared_origin_v1:Hmax=720,joint-scaling,release,standard_hl_shared_origin_v1,us_births/D/short,Granite-PatchTST-FM-r1,patchtstfm,granite-timeseries-patchtst-fm-r1,257.895552,257.895552,192,controlled,shared_origin_v1:Hmax=720,720,720,128,controlled,5865,6585,128,128,256,256,100,[],merged,2,1,384,3956119.0,,100,,float32,native_horizon,192,,direct_full_horizon,491827.75,491827.75,562.4559326171875,0.8617415042932617,0.054708908001581825,0.05477041999499003,6.976489809939198,701.3043205342457,0.06807198142552091,0.05459468689516165,0.04150690057033941,0.8617415042932617,2.2883183061785637,0.376582882707585,-0.976617115975856,0.04150690057033941,0.221823182915226,0.1871170543351281,-1.676020898946795,Healthcare,1
us_births/D/short|H=192|L=256|Hsrc=controlled|Lsrc=controlled|origins=shared_origin_v1:Hmax=720,joint-scaling,release,standard_hl_shared_origin_v1,us_births/D/short,Granite-PatchTST-FM-r1,patchtstfm,granite-timeseries-patchtst-fm-r1,257.895552,257.895552,192,controlled,shared_origin_v1:Hmax=720,720,720,256,controlled,5865,6585,256,256,256,256,100,[],merged,2,1,384,3956119.0,,100,,float32,native_horizon,192,,direct_full_horizon,96279.52083333333,96279.52083333333,223.720947265625,0.34232452096447924,0.02174052099386851,0.021791860461235046,3.841195793155926,310.2894146330701,0.030118187855092057,0.021715434684851494,0.018239615848123326,0.34232452096447924,2.2883183061785637,0.1495965487144806,-1.899813283798249,0.018239615848123326,0.221823182915226,0.08222592250465519,-2.49828466769777,Healthcare,1
us_births/D/short|H=192|L=512|Hsrc=controlled|Lsrc=controlled|origins=shared_origin_v1:Hmax=720,joint-scaling,release,standard_hl_shared_origin_v1,us_births/D/short,Granite-PatchTST-FM-r1,patchtstfm,granite-timeseries-patchtst-fm-r1,257.895552,257.895552,192,controlled,shared_origin_v1:Hmax=720,720,720,512,controlled,5865,6585,512,512,256,256,100,[],merged,2,1,384,3956119.0,,100,,float32,native_horizon,192,,direct_full_horizon,133835.125,133835.125,289.7041422526042,0.4436067510675299,0.027735337615013123,0.028070469697316486,3.077506080207794,365.834832950609,0.03550969418590135,0.02812008198565311,0.02107100270255394,0.4436067510675299,2.2883183061785637,0.19385710015506646,-1.6406339884786074,0.02107100270255394,0.221823182915226,0.09499008365868877,-2.3539827753699507,Healthcare,1
us_births/D/short|H=192|L=1024|Hsrc=controlled|Lsrc=controlled|origins=shared_origin_v1:Hmax=720,joint-scaling,release,standard_hl_shared_origin_v1,us_births/D/short,Granite-PatchTST-FM-r1,patchtstfm,granite-timeseries-patchtst-fm-r1,257.895552,257.895552,192,controlled,shared_origin_v1:Hmax=720,720,720,1024,controlled,5865,6585,1024,1024,256,256,100,[],merged,2,1,384,3956119.0,,100,,float32,native_horizon,192,,direct_full_horizon,102654.64583333333,102654.64583333333,238.411376953125,0.36519451996024044,0.02308170000712077,0.0231993372241656,3.0289185235862917,320.3976370595347,0.031099340700029836,0.023141358677532198,0.017956740463756553,0.36519451996024044,2.2883183061785637,0.1595907872493956,-1.8351423196338037,0.017956740463756553,0.221823182915226,0.08095069337553895,-2.5139150334160045,Healthcare,1
us_births/D/short|H=192|L=2048|Hsrc=controlled|Lsrc=controlled|origins=shared_origin_v1:Hmax=720,joint-scaling,release,standard_hl_shared_origin_v1,us_births/D/short,Granite-PatchTST-FM-r1,patchtstfm,granite-timeseries-patchtst-fm-r1,257.895552,257.895552,192,controlled,shared_origin_v1:Hmax=720,720,720,2048,controlled,5865,6585,2048,2048,256,256,100,[],merged,2,1,384,3956119.0,,100,,float32,native_horizon,192,,direct_full_horizon,102845.875,102845.875,235.37447102864584,0.3607058801608414,0.022856419285138447,0.022963444391886394,2.765305503829128,320.69592295506345,0.03112829376839887,0.022846581934213808,0.017833049644261873,0.3607058801608414,2.2883183061785637,0.15762924204509446,-1.8475095727984716,0.017833049644261873,0.221823182915226,0.08039308340047178,-2.520827133855098,Healthcare,1
us_births/D/short|H=192|L=4096|Hsrc=controlled|Lsrc=controlled|origins=shared_origin_v1:Hmax=720,joint-scaling,release,standard_hl_shared_origin_v1,us_births/D/short,Granite-PatchTST-FM-r1,patchtstfm,granite-timeseries-patchtst-fm-r1,257.895552,257.895552,192,controlled,shared_origin_v1:Hmax=720,720,720,4096,controlled,5865,6585,4096,4096,256,256,100,[],merged,2,1,384,3956119.0,,100,,float32,native_horizon,192,,direct_full_horizon,114645.84375,114645.84375,254.09444173177084,0.3893883404774285,0.02458225687344869,0.024770880738894146,2.7065360841209327,338.59392160817066,0.03286555988268744,0.024663632622021734,0.019206997263663126,0.3893883404774285,2.2883183061785637,0.1701635386240027,-1.7709953124436528,0.019206997263663126,0.221823182915226,0.08658696990658298,-2.446605937706919,Healthcare,1
us_births/D/short|H=192|L=6144|Hsrc=controlled|Lsrc=controlled|origins=shared_origin_v1:Hmax=720,joint-scaling-l6144,release,standard_hl_shared_origin_v1,us_births/D/short,Granite-PatchTST-FM-r1,patchtstfm,granite-timeseries-patchtst-fm-r1,257.895552,257.895552,192,controlled,shared_origin_v1:Hmax=720,720,720,6144,controlled,5865,6585,5865,6144,256,256,100,[],merged,6,1,384,3956119.0,,100,,float32,native_horizon,192,,direct_full_horizon,116271.58333333333,116271.58333333333,254.84505208333334,0.3904024104439882,0.024563210705916088,0.024755512674649555,2.74183765754472,340.9861922913204,0.033097765218858946,0.02473649048474022,0.019226720289804364,0.3904024104439882,2.2883183061785637,0.17060668937091658,-1.768394433843831,0.019226720289804364,0.221823182915226,0.08667588318373479,-2.445579597861178,Healthcare,1
us_births/D/short|H=192|L=8192|Hsrc=controlled|Lsrc=controlled|origins=shared_origin_v1:Hmax=720,joint-scaling,release,standard_hl_shared_origin_v1,us_births/D/short,Granite-PatchTST-FM-r1,patchtstfm,granite-timeseries-patchtst-fm-r1,257.895552,257.895552,192,controlled,shared_origin_v1:Hmax=720,720,720,8192,controlled,5865,6585,5865,6585,256,256,100,[],merged,2,1,384,3956119.0,,100,,float32,native_horizon,192,,direct_full_horizon,118442.39583333333,118442.39583333333,257.6518147786458,0.3946221933708687,0.024818035463492077,0.025021272401014965,2.7537169076271675,344.154610361874,0.03340530716567414,0.025008928415702358,0.019431974110403934,0.3946221933708687,2.2883183061785637,0.17245074354619755,-1.7576436279460856,0.019431974110403934,0.221823182915226,0.08760118692296574,-2.4349607317826587,Healthcare,1
us_births/D/short|H=336|L=128|Hsrc=controlled|Lsrc=controlled|origins=shared_origin_v1:Hmax=720,joint-scaling,release,standard_hl_shared_origin_v1,us_births/D/short,Granite-PatchTST-FM-r1,patchtstfm,granite-timeseries-patchtst-fm-r1,257.895552,257.895552,336,controlled,shared_origin_v1:Hmax=720,720,720,128,controlled,5865,6585,128,128,256,256,100,[],merged,2,1,672,7003570.0,,100,,float32,native_horizon,336,,direct_full_horizon,640441.8095238095,640441.8095238095,668.9516369047619,1.0218044350482998,0.06440355664207822,0.06512594223022461,8.88579528008912,800.2760833136334,0.07678734245345754,0.06418662196565465,0.048908633847481835,1.0218044350482998,2.4486101875872244,0.4172997565019324,-0.8739504748932297,0.048908633847481835,0.2803123367673056,0.1744790629321539,-1.7459505277350404,Healthcare,1
us_births/D/short|H=336|L=256|Hsrc=controlled|Lsrc=controlled|origins=shared_origin_v1:Hmax=720,joint-scaling,release,standard_hl_shared_origin_v1,us_births/D/short,Granite-PatchTST-FM-r1,patchtstfm,granite-timeseries-patchtst-fm-r1,257.895552,257.895552,336,controlled,shared_origin_v1:Hmax=720,720,720,256,controlled,5865,6585,256,256,256,256,100,[],merged,2,1,672,7003570.0,,100,,float32,native_horizon,336,,direct_full_horizon,159955.07142857142,159955.07142857142,299.2904110863095,0.4583536666345727,0.02860501834324428,0.028863344873700823,4.030527129967422,399.94383534262835,0.03837503692406105,0.028717233675111406,0.02243805816833514,0.4583536666345727,2.4486101875872244,0.18718931619173673,-1.6756347881926306,0.02243805816833514,0.2803123367673056,0.08004663093712334,-2.52514592740669,Healthcare,1
us_births/D/short|H=336|L=512|Hsrc=controlled|Lsrc=controlled|origins=shared_origin_v1:Hmax=720,joint-scaling,release,standard_hl_shared_origin_v1,us_births/D/short,Granite-PatchTST-FM-r1,patchtstfm,granite-timeseries-patchtst-fm-r1,257.895552,257.895552,336,controlled,shared_origin_v1:Hmax=720,720,720,512,controlled,5865,6585,512,512,256,256,100,[],merged,2,1,672,7003570.0,,100,,float32,native_horizon,336,,direct_full_horizon,177391.75,177391.75,318.1075846354167,0.48742255759550684,0.03008726097288586,0.030430376529693604,3.9425703387463535,421.1789999513271,0.040412573582800176,0.030522761516626522,0.02365941067073402,0.48742255759550684,2.4486101875872244,0.1990609040452438,-1.614144450602927,0.02365941067073402,0.2803123367673056,0.08440374385082558,-2.4721435199419273,Healthcare,1
us_births/D/short|H=336|L=1024|Hsrc=controlled|Lsrc=controlled|origins=shared_origin_v1:Hmax=720,joint-scaling,release,standard_hl_shared_origin_v1,us_births/D/short,Granite-PatchTST-FM-r1,patchtstfm,granite-timeseries-patchtst-fm-r1,257.895552,257.895552,336,controlled,shared_origin_v1:Hmax=720,720,720,1024,controlled,5865,6585,1024,1024,256,256,100,[],merged,2,1,672,7003570.0,,100,,float32,native_horizon,336,,direct_full_horizon,195356.88095238095,195356.88095238095,325.2695079985119,0.5001024740699935,0.03088524795713879,0.03129718417213077,3.854528758304087,441.99194670534547,0.04240959798873891,0.03120995569045501,0.0238999827473901,0.5001024740699935,2.4486101875872244,0.20423931771793255,-1.5884628466443211,0.0238999827473901,0.2803123367673056,0.08526197249473927,-2.462026732858271,Healthcare,1
us_births/D/short|H=336|L=2048|Hsrc=controlled|Lsrc=controlled|origins=shared_origin_v1:Hmax=720,joint-scaling,release,standard_hl_shared_origin_v1,us_births/D/short,Granite-PatchTST-FM-r1,patchtstfm,granite-timeseries-patchtst-fm-r1,257.895552,257.895552,336,controlled,shared_origin_v1:Hmax=720,720,720,2048,controlled,5865,6585,2048,2048,256,256,100,[],merged,2,1,672,7003570.0,,100,,float32,native_horizon,336,,direct_full_horizon,134672.38095238095,134672.38095238095,266.85365513392856,0.4097816701164557,0.025665022078014556,0.025778364567529587,3.5408206388709713,366.9773575472756,0.03521186827171988,0.025604892397734298,0.02026843705543506,0.4097816701164557,2.4486101875872244,0.16735275879916206,-1.7876513662550517,0.02026843705543506,0.2803123367673056,0.07230661800040718,-2.626839618731174,Healthcare,1
us_births/D/short|H=336|L=4096|Hsrc=controlled|Lsrc=controlled|origins=shared_origin_v1:Hmax=720,joint-scaling,release,standard_hl_shared_origin_v1,us_births/D/short,Granite-PatchTST-FM-r1,patchtstfm,granite-timeseries-patchtst-fm-r1,257.895552,257.895552,336,controlled,shared_origin_v1:Hmax=720,720,720,4096,controlled,5865,6585,4096,4096,256,256,100,[],merged,2,1,672,7003570.0,,100,,float32,native_horizon,336,,direct_full_horizon,141200.2380952381,141200.2380952381,276.4742838541667,0.42440392806028693,0.02644811357770647,0.026601456460498628,3.409289799605282,375.76620137425624,0.03605516719665831,0.026528001968995813,0.02077915933291928,0.42440392806028693,2.4486101875872244,0.17332441489124076,-1.7525902099490356,0.02077915933291928,0.2803123367673056,0.07412859374137568,-2.6019539406623955,Healthcare,1
us_births/D/short|H=336|L=6144|Hsrc=controlled|Lsrc=controlled|origins=shared_origin_v1:Hmax=720,joint-scaling-l6144,release,standard_hl_shared_origin_v1,us_births/D/short,Granite-PatchTST-FM-r1,patchtstfm,granite-timeseries-patchtst-fm-r1,257.895552,257.895552,336,controlled,shared_origin_v1:Hmax=720,720,720,6144,controlled,5865,6585,5865,6144,256,256,100,[],merged,6,1,672,7003570.0,,100,,float32,native_horizon,336,,direct_full_horizon,141931.86904761905,141931.86904761905,277.2327938988095,0.42542959702130495,0.026429255803426106,0.026586773849668958,3.438741940462408,376.73846239482776,0.036148456676998196,0.02660078181555978,0.020765982804870704,0.42542959702130495,2.4486101875872244,0.1737432929005774,-1.7501763972933777,0.020765982804870704,0.2803123367673056,0.07408158714794302,-2.6025882640904725,Healthcare,1
us_births/D/short|H=336|L=8192|Hsrc=controlled|Lsrc=controlled|origins=shared_origin_v1:Hmax=720,joint-scaling,release,standard_hl_shared_origin_v1,us_births/D/short,Granite-PatchTST-FM-r1,patchtstfm,granite-timeseries-patchtst-fm-r1,257.895552,257.895552,336,controlled,shared_origin_v1:Hmax=720,720,720,8192,controlled,5865,6585,5865,6585,256,256,100,[],merged,2,1,672,7003570.0,,100,,float32,native_horizon,336,,direct_full_horizon,144942.2380952381,144942.2380952381,281.1963820684524,0.43138854641353575,0.026779637450263613,0.02695583729516892,3.442616023997899,380.7128026416213,0.036529798856179,0.026981092321487474,0.021026634850316122,0.43138854641353575,2.4486101875872244,0.17617689765417952,-1.7362666884112568,0.021026634850316122,0.2803123367673056,0.07501145005890648,-2.5901145096462295,Healthcare,1
us_births/D/short|H=720|L=128|Hsrc=controlled|Lsrc=controlled|origins=shared_origin_v1:Hmax=720,joint-scaling,release,standard_hl_shared_origin_v1,us_births/D/short,Granite-PatchTST-FM-r1,patchtstfm,granite-timeseries-patchtst-fm-r1,257.895552,257.895552,720,controlled,shared_origin_v1:Hmax=720,720,720,128,controlled,5865,6585,128,128,256,256,100,[],merged,2,1,1440,15049224.0,,100,,float32,native_horizon,720,,direct_full_horizon,745832.3555555556,745832.3555555556,658.9319444444444,1.0035478579946708,0.06215510368347168,0.06392079459296332,11.001327448259422,863.6158611069828,0.08263594455063299,0.06305055994913758,0.051958609696010696,1.0035478579946708,2.5540307133162745,0.39292709079900484,-0.9341312039191721,0.051958609696010696,0.3972298484429282,0.1308023802835547,-2.0340676422381145,Healthcare,1
us_births/D/short|H=720|L=256|Hsrc=controlled|Lsrc=controlled|origins=shared_origin_v1:Hmax=720,joint-scaling,release,standard_hl_shared_origin_v1,us_births/D/short,Granite-PatchTST-FM-r1,patchtstfm,granite-timeseries-patchtst-fm-r1,257.895552,257.895552,720,controlled,shared_origin_v1:Hmax=720,720,720,256,controlled,5865,6585,256,256,256,256,100,[],merged,2,1,1440,15049224.0,,100,,float32,native_horizon,720,,direct_full_horizon,307517.44444444444,307517.44444444444,414.2163194444444,0.632865934394956,0.038985559675428605,0.03957914246453179,6.009129787185706,554.5425542232484,0.05306195708705497,0.039634701430452494,0.031651241909405416,0.632865934394956,2.5540307133162745,0.2477910430345659,-1.3951694563864372,0.031651241909405416,0.3972298484429282,0.07967991839856137,-2.5297376898207595,Healthcare,1
us_births/D/short|H=720|L=512|Hsrc=controlled|Lsrc=controlled|origins=shared_origin_v1:Hmax=720,joint-scaling,release,standard_hl_shared_origin_v1,us_births/D/short,Granite-PatchTST-FM-r1,patchtstfm,granite-timeseries-patchtst-fm-r1,257.895552,257.895552,720,controlled,shared_origin_v1:Hmax=720,720,720,512,controlled,5865,6585,512,512,256,256,100,[],merged,2,1,1440,15049224.0,,100,,float32,native_horizon,720,,direct_full_horizon,233317.15555555557,233317.15555555557,333.60924479166664,0.5103184496373127,0.031568755043877496,0.031747677591111925,5.158896792458365,483.0291456584743,0.046219125301623726,0.03192173314052604,0.02616353249683939,0.5103184496373127,2.5540307133162745,0.199809049662794,-1.6103931201858308,0.02616353249683939,0.3972298484429282,0.06586497112287981,-2.7201485247293533,Healthcare,1
us_births/D/short|H=720|L=1024|Hsrc=controlled|Lsrc=controlled|origins=shared_origin_v1:Hmax=720,joint-scaling,release,standard_hl_shared_origin_v1,us_births/D/short,Granite-PatchTST-FM-r1,patchtstfm,granite-timeseries-patchtst-fm-r1,257.895552,257.895552,720,controlled,shared_origin_v1:Hmax=720,720,720,1024,controlled,5865,6585,1024,1024,256,256,100,[],merged,2,1,1440,15049224.0,,100,,float32,native_horizon,720,,direct_full_horizon,295039.86666666664,295039.86666666664,395.1898003472222,0.6072897659102511,0.037101340293884275,0.03767098850674099,5.015364894875928,543.175723561599,0.05197431056436549,0.0378141299843766,0.02904011335723606,0.6072897659102511,2.5540307133162745,0.23777700195379298,-1.4364220111189332,0.02904011335723606,0.3972298484429282,0.07310657411840586,-2.6158369830498276,Healthcare,1
us_births/D/short|H=720|L=2048|Hsrc=controlled|Lsrc=controlled|origins=shared_origin_v1:Hmax=720,joint-scaling,release,standard_hl_shared_origin_v1,us_births/D/short,Granite-PatchTST-FM-r1,patchtstfm,granite-timeseries-patchtst-fm-r1,257.895552,257.895552,720,controlled,shared_origin_v1:Hmax=720,720,720,2048,controlled,5865,6585,2048,2048,256,256,100,[],merged,2,1,1440,15049224.0,,100,,float32,native_horizon,720,,direct_full_horizon,216530.33333333334,216530.33333333334,330.4443576388889,0.5072227312861153,0.031318937407599556,0.03146287865108914,4.505079332193082,465.32819958963734,0.04452539263214354,0.031618897758449206,0.02510191610549363,0.5072227312861153,2.5540307133162745,0.1985969583848556,-1.6164778427710458,0.02510191610549363,0.3972298484429282,0.06319242172734191,-2.761570894396531,Healthcare,1
us_births/D/short|H=720|L=4096|Hsrc=controlled|Lsrc=controlled|origins=shared_origin_v1:Hmax=720,joint-scaling,release,standard_hl_shared_origin_v1,us_births/D/short,Granite-PatchTST-FM-r1,patchtstfm,granite-timeseries-patchtst-fm-r1,257.895552,257.895552,720,controlled,shared_origin_v1:Hmax=720,720,720,4096,controlled,5865,6585,4096,4096,256,256,100,[],merged,2,1,1440,15049224.0,,100,,float32,native_horizon,720,,direct_full_horizon,263845.68888888886,263845.68888888886,383.61510416666664,0.5882550105308471,0.036032671398586694,0.03645464049445258,4.342477534299629,513.6591174007222,0.049149984680741006,0.036706593642303414,0.028218738122484197,0.5882550105308471,2.5540307133162745,0.23032417247912765,-1.4682675168335928,0.028218738122484197,0.3972298484429282,0.07103881602325891,-2.6445288467763683,Healthcare,1
us_births/D/short|H=720|L=6144|Hsrc=controlled|Lsrc=controlled|origins=shared_origin_v1:Hmax=720,joint-scaling-l6144,release,standard_hl_shared_origin_v1,us_births/D/short,Granite-PatchTST-FM-r1,patchtstfm,granite-timeseries-patchtst-fm-r1,257.895552,257.895552,720,controlled,shared_origin_v1:Hmax=720,720,720,6144,controlled,5865,6585,5865,6144,256,256,100,[],merged,6,1,1440,15049224.0,,100,,float32,native_horizon,720,,direct_full_horizon,346890.0444444445,346890.0444444445,453.1103298611111,0.6947065395833748,0.042242378658718535,0.043103128009372285,4.358519295059806,588.9737213530367,0.05635653763598527,0.0433563135879963,0.03261867349667254,0.6947065395833748,2.5540307133162745,0.2720039880340103,-1.3019385509038803,0.03261867349667254,0.3972298484429282,0.08211536374855026,-2.499630145456942,Healthcare,1
us_births/D/short|H=720|L=8192|Hsrc=controlled|Lsrc=controlled|origins=shared_origin_v1:Hmax=720,joint-scaling,release,standard_hl_shared_origin_v1,us_births/D/short,Granite-PatchTST-FM-r1,patchtstfm,granite-timeseries-patchtst-fm-r1,257.895552,257.895552,720,controlled,shared_origin_v1:Hmax=720,720,720,8192,controlled,5865,6585,5865,6585,256,256,100,[],merged,2,1,1440,15049224.0,,100,,float32,native_horizon,720,,direct_full_horizon,368860.0444444445,368860.0444444445,469.24175347222223,0.718958962575087,0.04367157883114285,0.04463705486721463,4.385843446908217,607.3384924771725,0.05811378906760431,0.044899864936557524,0.03372458705642928,0.718958962575087,2.5540307133162745,0.28149973249207977,-1.2676237816974092,0.03372458705642928,0.3972298484429282,0.08489942835017002,-2.466287918901049,Healthcare,1
