run_key,experiment_name,run_timestamp,experiment_protocol,dataset,model,adapter,checkpoint,parameters_total_m,parameters_active_m,H,H_source,origin_policy,origin_horizon,origin_distance,L,L_source,available_context_min,available_context_max,effective_context_min,effective_context_max,requested_batch_size,effective_batch_size,effective_samples_per_batch,batch_recovery_events,instance_shard_index,instance_shard_count,instance_count,valid_target_count,sum_absolute_label,per_core_batch_size,num_samples,seed,torch_dtype,output_strategy,model_call_horizon,native_output_block,native_rollout_mechanism,eval_metrics/MSE[mean],eval_metrics/MSE[0.5],eval_metrics/MAE[0.5],eval_metrics/MASE[0.5],eval_metrics/MAPE[0.5],eval_metrics/sMAPE[0.5],eval_metrics/MSIS,eval_metrics/RMSE[mean],eval_metrics/NRMSE[mean],eval_metrics/ND[0.5],eval_metrics/mean_weighted_sum_quantile_loss,raw_mase,seasonal_naive_mase,rel_mase,log_rel_mase,raw_crps,seasonal_naive_crps,rel_crps,log_rel_crps,domain,num_variates
bitbrains_fast_storage/5T/short|H=48|L=128|Hsrc=controlled|Lsrc=controlled|origins=shared_origin_v1:Hmax=720,joint-scaling,release,standard_hl_shared_origin_v1,bitbrains_fast_storage/5T/short,TimesFM-2.5,timesfm25,timesfm-2.5-200m-pytorch,231.28928,200.0,48,controlled,shared_origin_v1:Hmax=720,720,720,128,controlled,7200,7920,128,128,256,256,100,[],merged,2,2500,233280,93999895.05028507,128,100,,float32,native_horizon,48,128,fixed_1024_median_feedback_sign_flip,2295571.523827053,2295571.523827053,207.91984452193984,0.6009190382216272,0.7041963862541138,0.48112646414951443,9.693620883112168,1515.114359983118,3.7600667288807776,0.5159956966348871,0.42471955414216783,0.6009190382216272,0.9937511465312888,0.6046977055766415,-0.503026606026951,0.42471955414216783,1.078099624364623,0.3939520472354082,-0.9315260846155096,Web/CloudOps,2
bitbrains_fast_storage/5T/short|H=48|L=256|Hsrc=controlled|Lsrc=controlled|origins=shared_origin_v1:Hmax=720,joint-scaling,release,standard_hl_shared_origin_v1,bitbrains_fast_storage/5T/short,TimesFM-2.5,timesfm25,timesfm-2.5-200m-pytorch,231.28928,200.0,48,controlled,shared_origin_v1:Hmax=720,720,720,256,controlled,7200,7920,256,256,256,256,100,[],merged,2,2500,233280,93999895.05028507,128,100,,float32,native_horizon,48,128,fixed_1024_median_feedback_sign_flip,2358768.172442719,2358768.172442719,211.96654003336923,0.5983705394603294,0.8462319240029891,0.5045585161326362,9.40946788937884,1535.8281715226867,3.811472296444078,0.5260384007081337,0.43471062382386644,0.5983705394603294,0.9937511465312888,0.602133181480047,-0.5072766264470083,0.43471062382386644,1.078099624364623,0.40321934448318053,-0.9082745859870157,Web/CloudOps,2
bitbrains_fast_storage/5T/short|H=48|L=512|Hsrc=controlled|Lsrc=controlled|origins=shared_origin_v1:Hmax=720,joint-scaling,release,standard_hl_shared_origin_v1,bitbrains_fast_storage/5T/short,TimesFM-2.5,timesfm25,timesfm-2.5-200m-pytorch,231.28928,200.0,48,controlled,shared_origin_v1:Hmax=720,720,720,512,controlled,7200,7920,512,512,256,256,100,[],merged,2,2500,233280,93999895.05028507,128,100,,float32,native_horizon,48,128,fixed_1024_median_feedback_sign_flip,1596390.3637517146,1596390.3637517146,193.96707002616222,0.556411215559603,1.6255764987753654,0.519513731366548,8.41415431079229,1263.483424407188,3.1355930034606456,0.4813690278217593,0.36780744926291403,0.556411215559603,0.9937511465312888,0.5599100111751006,-0.5799792024958368,0.36780744926291403,1.078099624364623,0.34116276543522683,-1.0753955975867489,Web/CloudOps,2
bitbrains_fast_storage/5T/short|H=48|L=1024|Hsrc=controlled|Lsrc=controlled|origins=shared_origin_v1:Hmax=720,joint-scaling,release,standard_hl_shared_origin_v1,bitbrains_fast_storage/5T/short,TimesFM-2.5,timesfm25,timesfm-2.5-200m-pytorch,231.28928,200.0,48,controlled,shared_origin_v1:Hmax=720,720,720,1024,controlled,7200,7920,1024,1024,256,256,100,[],merged,2,2500,233280,93999895.05028507,128,100,,float32,native_horizon,48,128,fixed_1024_median_feedback_sign_flip,1643190.680203511,1643190.680203511,188.64950291930566,0.5016764065110857,1.4553608870459123,0.5437550373168897,6.55992816093368,1281.8699934874483,3.1812230420128014,0.46817239548484113,0.35925552165086366,0.5016764065110857,0.9937511465312888,0.5048310215914705,-0.6835315164113914,0.35925552165086366,1.078099624364623,0.3332303560188981,-1.0989212683407186,Web/CloudOps,2
bitbrains_fast_storage/5T/short|H=48|L=2048|Hsrc=controlled|Lsrc=controlled|origins=shared_origin_v1:Hmax=720,joint-scaling,release,standard_hl_shared_origin_v1,bitbrains_fast_storage/5T/short,TimesFM-2.5,timesfm25,timesfm-2.5-200m-pytorch,231.28928,200.0,48,controlled,shared_origin_v1:Hmax=720,720,720,2048,controlled,7200,7920,2048,2048,256,256,100,[],merged,2,2500,233280,93999895.05028507,128,100,,float32,native_horizon,48,128,fixed_1024_median_feedback_sign_flip,1620650.6296146263,1620650.6296146263,185.99223362382384,0.4948583058368318,1.0986516112893914,0.5466914426904578,6.3629461621928245,1273.0477719294852,3.1593288915572004,0.46157783725774537,0.35423908010034255,0.4948583058368318,0.9937511465312888,0.4979700476966956,-0.6972153489536367,0.35423908010034255,1.078099624364623,0.3285773152078715,-1.1129831104306527,Web/CloudOps,2
bitbrains_fast_storage/5T/short|H=48|L=4096|Hsrc=controlled|Lsrc=controlled|origins=shared_origin_v1:Hmax=720,joint-scaling,release,standard_hl_shared_origin_v1,bitbrains_fast_storage/5T/short,TimesFM-2.5,timesfm25,timesfm-2.5-200m-pytorch,231.28928,200.0,48,controlled,shared_origin_v1:Hmax=720,720,720,4096,controlled,7200,7920,4096,4096,256,256,100,[],merged,2,2500,233280,93999895.05028507,128,100,,float32,native_horizon,48,128,fixed_1024_median_feedback_sign_flip,1598479.530679334,1598479.530679334,183.80040412976092,0.5052527661248851,0.9704912685892693,0.6021786787310981,6.701918482388827,1264.3099029428402,3.1376440792910363,0.456138363265764,0.34617102998819776,0.5052527661248851,0.9937511465312888,0.5084298698808867,-0.6764279886765692,0.34617102998819776,1.078099624364623,0.3210937302684001,-1.1360222038686414,Web/CloudOps,2
bitbrains_fast_storage/5T/short|H=48|L=6144|Hsrc=controlled|Lsrc=controlled|origins=shared_origin_v1:Hmax=720,joint-scaling-l6144,release,standard_hl_shared_origin_v1,bitbrains_fast_storage/5T/short,TimesFM-2.5,timesfm25,timesfm-2.5-200m-pytorch,231.28928,200.0,48,controlled,shared_origin_v1:Hmax=720,720,720,6144,controlled,7200,7920,6144,6144,256,256,100,[],merged,6,2500,233280,93999895.05028507,128,100,,float32,native_horizon,48,128,fixed_1024_median_feedback_sign_flip,1666398.909504505,1666398.909504505,189.2157577451855,0.511188940174115,1.0435273260245028,0.6308083245374343,6.911767288262937,1290.890742667444,3.2036098794404784,0.46957767285999763,0.35893937653934865,0.511188940174115,0.9937511465312888,0.5144033714662184,-0.6647475519079307,0.35893937653934865,1.078099624364623,0.3329371130714281,-1.099801656471382,Web/CloudOps,2
bitbrains_fast_storage/5T/short|H=48|L=8192|Hsrc=controlled|Lsrc=controlled|origins=shared_origin_v1:Hmax=720,joint-scaling,release,standard_hl_shared_origin_v1,bitbrains_fast_storage/5T/short,TimesFM-2.5,timesfm25,timesfm-2.5-200m-pytorch,231.28928,200.0,48,controlled,shared_origin_v1:Hmax=720,720,720,8192,controlled,7200,7920,7200,7920,256,256,100,[],merged,2,2500,233280,93999895.05028507,128,100,,float32,native_horizon,48,128,fixed_1024_median_feedback_sign_flip,1735933.252573088,1735933.252573088,192.65936094265743,0.5179359864530961,1.0299475969208147,0.6343218126933943,7.164795885785579,1317.5481974383663,3.269765815525663,0.4781236797834789,0.36518425878577515,0.5179359864530961,0.9937511465312888,0.5211928441652255,-0.6516351633628709,0.36518425878577515,1.078099624364623,0.33872960395566054,-1.082553118325892,Web/CloudOps,2
bitbrains_fast_storage/5T/short|H=96|L=128|Hsrc=controlled|Lsrc=controlled|origins=shared_origin_v1:Hmax=720,joint-scaling,release,standard_hl_shared_origin_v1,bitbrains_fast_storage/5T/short,TimesFM-2.5,timesfm25,timesfm-2.5-200m-pytorch,231.28928,200.0,96,controlled,shared_origin_v1:Hmax=720,720,720,128,controlled,7200,7920,128,128,256,256,100,[],merged,2,2500,466604,216676457.21785882,128,100,,float32,native_horizon,96,128,fixed_1024_median_feedback_sign_flip,3581626.0825319756,3581626.0825319756,272.14022487651465,0.6288302394490973,1.0420036207658403,0.5090736899916187,9.706538496601222,1892.5184497203654,4.075462050892987,0.5860429837128387,0.49002163042450353,0.6288302394490973,0.892038671048877,0.7049360749234179,-0.3496481541484843,0.49002163042450353,0.9134181472559556,0.5364702156362906,-0.6227442345078334,Web/CloudOps,2
bitbrains_fast_storage/5T/short|H=96|L=256|Hsrc=controlled|Lsrc=controlled|origins=shared_origin_v1:Hmax=720,joint-scaling,release,standard_hl_shared_origin_v1,bitbrains_fast_storage/5T/short,TimesFM-2.5,timesfm25,timesfm-2.5-200m-pytorch,231.28928,200.0,96,controlled,shared_origin_v1:Hmax=720,720,720,256,controlled,7200,7920,256,256,256,256,100,[],merged,2,2500,466604,216676457.21785882,128,100,,float32,native_horizon,96,128,fixed_1024_median_feedback_sign_flip,3865071.405528564,3865071.405528564,290.906302063353,0.6255375296485453,1.2874225109757664,0.5355934238934439,9.256343980530083,1965.9784855202674,4.233655271257088,0.6264549730545483,0.5165405702795631,0.6255375296485453,0.892038671048877,0.701244856249366,-0.3548981572889016,0.5165405702795631,0.9134181472559556,0.5655028552162316,-0.5700399344268043,Web/CloudOps,2
bitbrains_fast_storage/5T/short|H=96|L=512|Hsrc=controlled|Lsrc=controlled|origins=shared_origin_v1:Hmax=720,joint-scaling,release,standard_hl_shared_origin_v1,bitbrains_fast_storage/5T/short,TimesFM-2.5,timesfm25,timesfm-2.5-200m-pytorch,231.28928,200.0,96,controlled,shared_origin_v1:Hmax=720,720,720,512,controlled,7200,7920,512,512,256,256,100,[],merged,2,2500,466604,216676457.21785882,128,100,,float32,native_horizon,96,128,fixed_1024_median_feedback_sign_flip,2165699.745189711,2165699.745189711,229.6639944635199,0.5764884439884649,2.192215005885743,0.5420516404547843,8.11059343155504,1471.631660841024,3.1690993488261117,0.49457213694845187,0.3804938444271199,0.5764884439884649,0.892038671048877,0.6462594758483039,-0.43655419044563626,0.3804938444271199,0.9134181472559556,0.41656041712131536,-0.875723768780493,Web/CloudOps,2
bitbrains_fast_storage/5T/short|H=96|L=1024|Hsrc=controlled|Lsrc=controlled|origins=shared_origin_v1:Hmax=720,joint-scaling,release,standard_hl_shared_origin_v1,bitbrains_fast_storage/5T/short,TimesFM-2.5,timesfm25,timesfm-2.5-200m-pytorch,231.28928,200.0,96,controlled,shared_origin_v1:Hmax=720,720,720,1024,controlled,7200,7920,1024,1024,256,256,100,[],merged,2,2500,466604,216676457.21785882,128,100,,float32,native_horizon,96,128,fixed_1024_median_feedback_sign_flip,2398166.8184900903,2398166.8184900903,230.7919771519988,0.539138819818155,1.7888708592314433,0.5671049685206683,6.709131850721268,1548.6015686709381,3.334850936858395,0.4970012021137818,0.3766388102050904,0.539138819818155,0.892038671048877,0.6043895150691446,-0.5035363964025482,0.3766388102050904,0.9134181472559556,0.41233996865134503,-0.8859071032659461,Web/CloudOps,2
bitbrains_fast_storage/5T/short|H=96|L=2048|Hsrc=controlled|Lsrc=controlled|origins=shared_origin_v1:Hmax=720,joint-scaling,release,standard_hl_shared_origin_v1,bitbrains_fast_storage/5T/short,TimesFM-2.5,timesfm25,timesfm-2.5-200m-pytorch,231.28928,200.0,96,controlled,shared_origin_v1:Hmax=720,720,720,2048,controlled,7200,7920,2048,2048,256,256,100,[],merged,2,2500,466604,216676457.21785882,128,100,,float32,native_horizon,96,128,fixed_1024_median_feedback_sign_flip,2048759.5293980548,2048759.5293980548,211.98008007057376,0.5274551863210671,1.4936522805775916,0.5713350226022742,6.563237480233623,1431.3488496512844,3.0823519417763525,0.45649054147954576,0.36030324293582006,0.5274551863210671,0.892038671048877,0.591291839064415,-0.5254455779343193,0.36030324293582006,0.9134181472559556,0.3944559718002371,-0.9302477499936247,Web/CloudOps,2
bitbrains_fast_storage/5T/short|H=96|L=4096|Hsrc=controlled|Lsrc=controlled|origins=shared_origin_v1:Hmax=720,joint-scaling,release,standard_hl_shared_origin_v1,bitbrains_fast_storage/5T/short,TimesFM-2.5,timesfm25,timesfm-2.5-200m-pytorch,231.28928,200.0,96,controlled,shared_origin_v1:Hmax=720,720,720,4096,controlled,7200,7920,4096,4096,256,256,100,[],merged,2,2500,466604,216676457.21785882,128,100,,float32,native_horizon,96,128,fixed_1024_median_feedback_sign_flip,1974831.8713778171,1974831.8713778171,203.75978174881698,0.5306859928439797,1.2236649736191307,0.6224627622118659,6.764175709591948,1405.2871135030796,3.026229045501239,0.4387884610256991,0.3440833526255401,0.5306859928439797,0.892038671048877,0.5949136624536562,-0.5193389890851793,0.3440833526255401,0.9134181472559556,0.3766986167936534,-0.9763098361951745,Web/CloudOps,2
bitbrains_fast_storage/5T/short|H=96|L=6144|Hsrc=controlled|Lsrc=controlled|origins=shared_origin_v1:Hmax=720,joint-scaling-l6144,release,standard_hl_shared_origin_v1,bitbrains_fast_storage/5T/short,TimesFM-2.5,timesfm25,timesfm-2.5-200m-pytorch,231.28928,200.0,96,controlled,shared_origin_v1:Hmax=720,720,720,6144,controlled,7200,7920,6144,6144,256,256,100,[],merged,6,2500,466604,216676457.21785882,128,100,,float32,native_horizon,96,128,fixed_1024_median_feedback_sign_flip,2105251.5512097115,2105251.5512097115,216.611388409323,0.5352348531138875,1.3924607281051742,0.6536888833442174,6.911505279805596,1450.9485005367046,3.124558998413546,0.466463876948664,0.3667897651858048,0.5352348531138875,0.892038671048877,0.6000130605151317,-0.5108038564776803,0.3667897651858048,0.9134181472559556,0.4015573440134685,-0.9124049313517466,Web/CloudOps,2
bitbrains_fast_storage/5T/short|H=96|L=8192|Hsrc=controlled|Lsrc=controlled|origins=shared_origin_v1:Hmax=720,joint-scaling,release,standard_hl_shared_origin_v1,bitbrains_fast_storage/5T/short,TimesFM-2.5,timesfm25,timesfm-2.5-200m-pytorch,231.28928,200.0,96,controlled,shared_origin_v1:Hmax=720,720,720,8192,controlled,7200,7920,7200,7920,256,256,100,[],merged,2,2500,466604,216676457.21785882,128,100,,float32,native_horizon,96,128,fixed_1024_median_feedback_sign_flip,2250321.890875346,2250321.890875346,225.2355261534674,0.5406959442339164,1.4564093859891754,0.6603351943281819,7.008093318686185,1500.1072931211775,3.230420472934622,0.48503560928930645,0.3775600985315125,0.5406959442339164,0.892038671048877,0.6061350945673187,-0.5006523894287414,0.3775600985315125,0.9134181472559556,0.4133485848357178,-0.8834640109358166,Web/CloudOps,2
bitbrains_fast_storage/5T/short|H=192|L=128|Hsrc=controlled|Lsrc=controlled|origins=shared_origin_v1:Hmax=720,joint-scaling,release,standard_hl_shared_origin_v1,bitbrains_fast_storage/5T/short,TimesFM-2.5,timesfm25,timesfm-2.5-200m-pytorch,231.28928,200.0,192,controlled,shared_origin_v1:Hmax=720,720,720,128,controlled,7200,7920,128,128,256,256,100,[],merged,2,2500,926464,387266142.7755317,128,100,,float32,native_horizon,192,128,fixed_1024_median_feedback_sign_flip,4033090.302172022,4033090.302172022,301.8172742090491,0.8719605290298403,2.182822855424732,0.5665151939151616,17.65721667952256,2008.2555370699272,4.804387092972354,0.7220430816098692,0.5986581301324244,0.8719605290298403,1.036139598574382,0.8415473457722931,-0.1725130033899899,0.5986581301324244,1.049700674173019,0.5703131805684154,-0.5615696294464974,Web/CloudOps,2
bitbrains_fast_storage/5T/short|H=192|L=256|Hsrc=controlled|Lsrc=controlled|origins=shared_origin_v1:Hmax=720,joint-scaling,release,standard_hl_shared_origin_v1,bitbrains_fast_storage/5T/short,TimesFM-2.5,timesfm25,timesfm-2.5-200m-pytorch,231.28928,200.0,192,controlled,shared_origin_v1:Hmax=720,720,720,256,controlled,7200,7920,256,256,256,256,100,[],merged,2,2500,926464,387266142.7755317,128,100,,float32,native_horizon,192,128,fixed_1024_median_feedback_sign_flip,3937835.862039971,3937835.862039971,310.2921771397081,0.857919140380237,2.3541985328180615,0.5914894310066009,17.089071769326893,1984.3981107731308,4.747312528079531,0.7423177496004068,0.6070000166109984,0.857919140380237,1.036139598574382,0.8279957078762771,-0.18874730833461595,0.6070000166109984,1.049700674173019,0.5782600998034116,-0.5477315118693601,Web/CloudOps,2
bitbrains_fast_storage/5T/short|H=192|L=512|Hsrc=controlled|Lsrc=controlled|origins=shared_origin_v1:Hmax=720,joint-scaling,release,standard_hl_shared_origin_v1,bitbrains_fast_storage/5T/short,TimesFM-2.5,timesfm25,timesfm-2.5-200m-pytorch,231.28928,200.0,192,controlled,shared_origin_v1:Hmax=720,720,720,512,controlled,7200,7920,512,512,256,256,100,[],merged,2,2500,926464,387266142.7755317,128,100,,float32,native_horizon,192,128,fixed_1024_median_feedback_sign_flip,3519868.338411962,3519868.338411962,307.19905960997943,0.79771827848964,3.539305150777312,0.5893893208932781,14.876057275488503,1876.131215670152,4.48830362018534,0.7349180269741933,0.5570341377222187,0.79771827848964,1.036139598574382,0.7698945968161198,-0.2615016607561149,0.5570341377222187,1.049700674173019,0.5306599790088392,-0.6336338036956068,Web/CloudOps,2
bitbrains_fast_storage/5T/short|H=192|L=1024|Hsrc=controlled|Lsrc=controlled|origins=shared_origin_v1:Hmax=720,joint-scaling,release,standard_hl_shared_origin_v1,bitbrains_fast_storage/5T/short,TimesFM-2.5,timesfm25,timesfm-2.5-200m-pytorch,231.28928,200.0,192,controlled,shared_origin_v1:Hmax=720,720,720,1024,controlled,7200,7920,1024,1024,256,256,100,[],merged,2,2500,926464,387266142.7755317,128,100,,float32,native_horizon,192,128,fixed_1024_median_feedback_sign_flip,3259869.565573514,3259869.565573514,289.9706656589598,0.7637822247166488,3.062665551357298,0.6149095029135481,13.624029232042627,1805.5108876917675,4.319357295388522,0.6937022195218772,0.5177307750186175,0.7637822247166488,1.036139598574382,0.7371422014635209,-0.3049744590497091,0.5177307750186175,1.049700674173019,0.4932175312038349,-0.706804962492715,Web/CloudOps,2
bitbrains_fast_storage/5T/short|H=192|L=2048|Hsrc=controlled|Lsrc=controlled|origins=shared_origin_v1:Hmax=720,joint-scaling,release,standard_hl_shared_origin_v1,bitbrains_fast_storage/5T/short,TimesFM-2.5,timesfm25,timesfm-2.5-200m-pytorch,231.28928,200.0,192,controlled,shared_origin_v1:Hmax=720,720,720,2048,controlled,7200,7920,2048,2048,256,256,100,[],merged,2,2500,926464,387266142.7755317,128,100,,float32,native_horizon,192,128,fixed_1024_median_feedback_sign_flip,3314004.809056801,3314004.809056801,296.62583816667455,0.7584927313075294,3.34356335259789,0.625524275011911,13.323472803028416,1820.44082822178,4.3550744699498285,0.7096235125582304,0.548656059731414,0.7584927313075294,1.036139598574382,0.732037200731576,-0.3119239456406002,0.548656059731414,1.049700674173019,0.5226785818382552,-0.6487885701153218,Web/CloudOps,2
bitbrains_fast_storage/5T/short|H=192|L=4096|Hsrc=controlled|Lsrc=controlled|origins=shared_origin_v1:Hmax=720,joint-scaling,release,standard_hl_shared_origin_v1,bitbrains_fast_storage/5T/short,TimesFM-2.5,timesfm25,timesfm-2.5-200m-pytorch,231.28928,200.0,192,controlled,shared_origin_v1:Hmax=720,720,720,4096,controlled,7200,7920,4096,4096,256,256,100,[],merged,2,2500,926464,387266142.7755317,128,100,,float32,native_horizon,192,128,fixed_1024_median_feedback_sign_flip,2996978.4937304636,2996978.4937304636,274.74109310035254,0.756760754945831,3.1170473353959616,0.6779196817471315,13.486405165908907,1731.178354107532,4.141530192040369,0.6572682296827091,0.5066516225307413,0.756760754945831,1.036139598574382,0.7303656341163424,-0.3142100015800115,0.5066516225307413,1.049700674173019,0.4826629485876003,-0.7284366979367405,Web/CloudOps,2
bitbrains_fast_storage/5T/short|H=192|L=6144|Hsrc=controlled|Lsrc=controlled|origins=shared_origin_v1:Hmax=720,joint-scaling-l6144,release,standard_hl_shared_origin_v1,bitbrains_fast_storage/5T/short,TimesFM-2.5,timesfm25,timesfm-2.5-200m-pytorch,231.28928,200.0,192,controlled,shared_origin_v1:Hmax=720,720,720,6144,controlled,7200,7920,6144,6144,256,256,100,[],merged,6,2500,926464,387266142.7755317,128,100,,float32,native_horizon,192,128,fixed_1024_median_feedback_sign_flip,3175294.135497035,3175294.135497035,298.0427814240151,0.76384007253116,3.24133150872738,0.7072033794730902,13.54918330994082,1781.9355026198436,4.262957462966469,0.7130132922806722,0.540912301542622,0.76384007253116,1.036139598574382,0.7371980315993355,-0.30489872329402773,0.540912301542622,1.049700674173019,0.5153014710300787,-0.6630031689458838,Web/CloudOps,2
bitbrains_fast_storage/5T/short|H=192|L=8192|Hsrc=controlled|Lsrc=controlled|origins=shared_origin_v1:Hmax=720,joint-scaling,release,standard_hl_shared_origin_v1,bitbrains_fast_storage/5T/short,TimesFM-2.5,timesfm25,timesfm-2.5-200m-pytorch,231.28928,200.0,192,controlled,shared_origin_v1:Hmax=720,720,720,8192,controlled,7200,7920,7200,7920,256,256,100,[],merged,2,2500,926464,387266142.7755317,128,100,,float32,native_horizon,192,128,fixed_1024_median_feedback_sign_flip,3298098.266006558,3298098.266006558,308.4964263738931,0.7686493008207365,3.241067608208836,0.7156483706483567,13.532934827315083,1816.0667019706511,4.34461016632111,0.7380217416262103,0.5518500954310543,0.7686493008207365,1.036139598574382,0.7418395184184797,-0.2986223416620588,0.5518500954310543,1.049700674173019,0.5257213880193189,-0.642983887146374,Web/CloudOps,2
bitbrains_fast_storage/5T/short|H=336|L=128|Hsrc=controlled|Lsrc=controlled|origins=shared_origin_v1:Hmax=720,joint-scaling,release,standard_hl_shared_origin_v1,bitbrains_fast_storage/5T/short,TimesFM-2.5,timesfm25,timesfm-2.5-200m-pytorch,231.28928,200.0,336,controlled,shared_origin_v1:Hmax=720,720,720,128,controlled,7200,7920,128,128,256,256,100,[],merged,2,2500,1626788,602772443.3393706,128,100,,float32,native_horizon,336,128,fixed_1024_median_feedback_sign_flip,4331715.688153588,4331715.688153588,321.70447217154293,0.84532396402164,3.469959846003275,0.5975746413763445,15.828177711737032,2081.2774173938437,5.617040335370869,0.8682297617582831,0.7101863607544354,0.84532396402164,1.028563515064899,0.8218490658482114,-0.19619851897536467,0.7101863607544354,1.1477310845581272,0.6187741800404882,-0.4800148870094812,Web/CloudOps,2
bitbrains_fast_storage/5T/short|H=336|L=256|Hsrc=controlled|Lsrc=controlled|origins=shared_origin_v1:Hmax=720,joint-scaling,release,standard_hl_shared_origin_v1,bitbrains_fast_storage/5T/short,TimesFM-2.5,timesfm25,timesfm-2.5-200m-pytorch,231.28928,200.0,336,controlled,shared_origin_v1:Hmax=720,720,720,256,controlled,7200,7920,256,256,256,256,100,[],merged,2,2500,1626788,602772443.3393706,128,100,,float32,native_horizon,336,128,fixed_1024_median_feedback_sign_flip,3810256.653707797,3810256.653707797,313.28899110739997,0.8199402822835424,3.362643713605901,0.6207692747854376,15.357366580847623,1951.9878723260033,5.26810819229444,0.8455177022395517,0.6828524968426994,0.8199402822835424,1.028563515064899,0.797170296509892,-0.22668695110949635,0.6828524968426994,1.1477310845581272,0.5949586153324369,-0.5192634299186346,Web/CloudOps,2
bitbrains_fast_storage/5T/short|H=336|L=512|Hsrc=controlled|Lsrc=controlled|origins=shared_origin_v1:Hmax=720,joint-scaling,release,standard_hl_shared_origin_v1,bitbrains_fast_storage/5T/short,TimesFM-2.5,timesfm25,timesfm-2.5-200m-pytorch,231.28928,200.0,336,controlled,shared_origin_v1:Hmax=720,720,720,512,controlled,7200,7920,512,512,256,256,100,[],merged,2,2500,1626788,602772443.3393706,128,100,,float32,native_horizon,336,128,fixed_1024_median_feedback_sign_flip,4715103.90845396,4715103.90845396,371.7893819369826,0.7801884713815078,5.225233764819157,0.6193198426456088,13.42418012406798,2171.429001476668,5.860345278699804,1.003401054155316,0.7506597437385568,0.7801884713815078,1.028563515064899,0.7585224052325834,-0.2763829417602247,0.7506597437385568,1.1477310845581272,0.6540380005718486,-0.4245898243630384,Web/CloudOps,2
bitbrains_fast_storage/5T/short|H=336|L=1024|Hsrc=controlled|Lsrc=controlled|origins=shared_origin_v1:Hmax=720,joint-scaling,release,standard_hl_shared_origin_v1,bitbrains_fast_storage/5T/short,TimesFM-2.5,timesfm25,timesfm-2.5-200m-pytorch,231.28928,200.0,336,controlled,shared_origin_v1:Hmax=720,720,720,1024,controlled,7200,7920,1024,1024,256,256,100,[],merged,2,2500,1626788,602772443.3393706,128,100,,float32,native_horizon,336,128,fixed_1024_median_feedback_sign_flip,3646087.8551341663,3646087.8551341663,331.3756478736781,0.7399374374793961,4.551103432936387,0.6482170369936477,12.016211411184235,1909.4731878542223,5.153367747062208,0.8943307435665493,0.6575198640509031,0.7399374374793961,1.028563515064899,0.7193891545265519,-0.3293528235549206,0.6575198640509031,1.1477310845581272,0.5728866917497892,-0.55706732745901,Web/CloudOps,2
bitbrains_fast_storage/5T/short|H=336|L=2048|Hsrc=controlled|Lsrc=controlled|origins=shared_origin_v1:Hmax=720,joint-scaling,release,standard_hl_shared_origin_v1,bitbrains_fast_storage/5T/short,TimesFM-2.5,timesfm25,timesfm-2.5-200m-pytorch,231.28928,200.0,336,controlled,shared_origin_v1:Hmax=720,720,720,2048,controlled,7200,7920,2048,2048,256,256,100,[],merged,2,2500,1626788,602772443.3393706,128,100,,float32,native_horizon,336,128,fixed_1024_median_feedback_sign_flip,4175948.6775996624,4175948.6775996624,365.9203316596877,0.7400925496056087,5.366386319035013,0.6604099110317989,11.733048996404788,2043.5138065595893,5.515122290475696,0.987561410740953,0.7474571740945799,0.7400925496056087,1.028563515064899,0.7195399591428354,-0.32914321681974096,0.7474571740945799,1.1477310845581272,0.6512476521295478,-0.42886529109641747,Web/CloudOps,2
bitbrains_fast_storage/5T/short|H=336|L=4096|Hsrc=controlled|Lsrc=controlled|origins=shared_origin_v1:Hmax=720,joint-scaling,release,standard_hl_shared_origin_v1,bitbrains_fast_storage/5T/short,TimesFM-2.5,timesfm25,timesfm-2.5-200m-pytorch,231.28928,200.0,336,controlled,shared_origin_v1:Hmax=720,720,720,4096,controlled,7200,7920,4096,4096,256,256,100,[],merged,2,2500,1626788,602772443.3393706,128,100,,float32,native_horizon,336,128,fixed_1024_median_feedback_sign_flip,3587770.0397568704,3587770.0397568704,328.777863591476,0.7307506268726405,5.074485109069288,0.7081684405262679,11.776218704199017,1894.1409767377058,5.111988521230923,0.8873197324568465,0.6702162131976168,0.7307506268726405,1.028563515064899,0.7104574643856898,-0.3418462003930523,0.6702162131976168,1.1477310845581272,0.5839488206034325,-0.5379419359471911,Web/CloudOps,2
bitbrains_fast_storage/5T/short|H=336|L=6144|Hsrc=controlled|Lsrc=controlled|origins=shared_origin_v1:Hmax=720,joint-scaling-l6144,release,standard_hl_shared_origin_v1,bitbrains_fast_storage/5T/short,TimesFM-2.5,timesfm25,timesfm-2.5-200m-pytorch,231.28928,200.0,336,controlled,shared_origin_v1:Hmax=720,720,720,6144,controlled,7200,7920,6144,6144,256,256,100,[],merged,6,2500,1626788,602772443.3393706,128,100,,float32,native_horizon,336,128,fixed_1024_median_feedback_sign_flip,3754976.241083657,3754976.241083657,354.6434827594315,0.7380016967509593,5.015405268274668,0.7370571546920592,11.757724997832895,1937.7761070576903,5.229752873545584,0.9571269695659084,0.7104678434880469,0.7380016967509593,1.028563515064899,0.7175071698945045,-0.33197233851396263,0.7104678434880469,1.1477310845581272,0.6190194315087099,-0.47961861501527686,Web/CloudOps,2
bitbrains_fast_storage/5T/short|H=336|L=8192|Hsrc=controlled|Lsrc=controlled|origins=shared_origin_v1:Hmax=720,joint-scaling,release,standard_hl_shared_origin_v1,bitbrains_fast_storage/5T/short,TimesFM-2.5,timesfm25,timesfm-2.5-200m-pytorch,231.28928,200.0,336,controlled,shared_origin_v1:Hmax=720,720,720,8192,controlled,7200,7920,7200,7920,256,256,100,[],merged,2,2500,1626788,602772443.3393706,128,100,,float32,native_horizon,336,128,fixed_1024_median_feedback_sign_flip,3912414.22816126,3912414.22816126,368.08246548374774,0.7444688275995534,4.9064873698748634,0.7478365186533504,11.738734579038189,1977.9823629550542,5.338263233203707,0.9933966697980673,0.7265999997060992,0.7444688275995534,1.028563515064899,0.7237947065938652,-0.3232474812339417,0.7265999997060992,1.1477310845581272,0.6330751248981271,-0.45716618315622126,Web/CloudOps,2
bitbrains_fast_storage/5T/short|H=720|L=128|Hsrc=controlled|Lsrc=controlled|origins=shared_origin_v1:Hmax=720,joint-scaling,release,standard_hl_shared_origin_v1,bitbrains_fast_storage/5T/short,TimesFM-2.5,timesfm25,timesfm-2.5-200m-pytorch,231.28928,200.0,720,controlled,shared_origin_v1:Hmax=720,720,720,128,controlled,7200,7920,128,128,256,256,100,[],merged,2,2500,3493116,1321797441.170471,128,100,,float32,native_horizon,720,128,fixed_1024_median_feedback_sign_flip,4518079.464082499,4518079.464082499,328.16320365899674,0.9945676153792556,3.600390800801888,0.6248231973087253,20.748182815571937,2125.5774425041536,5.6172665662565455,0.867237370574287,0.7096441815903198,0.9945676153792556,1.1366422321001453,0.875004981595324,-0.13352569938893022,0.7096441815903198,1.1773076884933498,0.6027686632187728,-0.5062217989514001,Web/CloudOps,2
bitbrains_fast_storage/5T/short|H=720|L=256|Hsrc=controlled|Lsrc=controlled|origins=shared_origin_v1:Hmax=720,joint-scaling,release,standard_hl_shared_origin_v1,bitbrains_fast_storage/5T/short,TimesFM-2.5,timesfm25,timesfm-2.5-200m-pytorch,231.28928,200.0,720,controlled,shared_origin_v1:Hmax=720,720,720,256,controlled,7200,7920,256,256,256,256,100,[],merged,2,2500,3493116,1321797441.170471,128,100,,float32,native_horizon,720,128,fixed_1024_median_feedback_sign_flip,4199871.526624367,4199871.526624367,334.578538608151,0.9763132412746912,4.0228682661267605,0.6448120320822243,20.198940923875938,2049.358808658056,5.4158434729040685,0.8841911854768231,0.7013394717056765,0.9763132412746912,1.1366422321001453,0.8589450696995323,-0.15205030584171286,0.7013394717056765,1.1773076884933498,0.595714678975052,-0.5179934530948537,Web/CloudOps,2
bitbrains_fast_storage/5T/short|H=720|L=512|Hsrc=controlled|Lsrc=controlled|origins=shared_origin_v1:Hmax=720,joint-scaling,release,standard_hl_shared_origin_v1,bitbrains_fast_storage/5T/short,TimesFM-2.5,timesfm25,timesfm-2.5-200m-pytorch,231.28928,200.0,720,controlled,shared_origin_v1:Hmax=720,720,720,512,controlled,7200,7920,512,512,256,256,100,[],merged,2,2500,3493116,1321797441.170471,128,100,,float32,native_horizon,720,128,fixed_1024_median_feedback_sign_flip,5691810.446524535,5691810.446524535,409.3737531368841,0.9354588405110388,5.871411264200212,0.6421284184703335,18.21881289566401,2385.751547526384,6.304829048019304,1.0818526065508365,0.806890364582638,0.9354588405110388,1.1366422321001453,0.8230020089809746,-0.19479663726190485,0.806890364582638,1.1773076884933498,0.6853691456098868,-0.37779768717310536,Web/CloudOps,2
bitbrains_fast_storage/5T/short|H=720|L=1024|Hsrc=controlled|Lsrc=controlled|origins=shared_origin_v1:Hmax=720,joint-scaling,release,standard_hl_shared_origin_v1,bitbrains_fast_storage/5T/short,TimesFM-2.5,timesfm25,timesfm-2.5-200m-pytorch,231.28928,200.0,720,controlled,shared_origin_v1:Hmax=720,720,720,1024,controlled,7200,7920,1024,1024,256,256,100,[],merged,2,2500,3493116,1321797441.170471,128,100,,float32,native_horizon,720,128,fixed_1024_median_feedback_sign_flip,4137123.968256422,4137123.968256422,365.62919206662474,0.8980428136408363,5.077866656128235,0.6728729573006801,16.81230257691901,2033.9921259081664,5.375233918286508,0.9662487920569992,0.7072247491250061,0.8980428136408363,1.1366422321001453,0.7900839756600854,-0.2356160408664287,0.7072247491250061,1.1773076884933498,0.6007136078675163,-0.5096369840323195,Web/CloudOps,2
bitbrains_fast_storage/5T/short|H=720|L=2048|Hsrc=controlled|Lsrc=controlled|origins=shared_origin_v1:Hmax=720,joint-scaling,release,standard_hl_shared_origin_v1,bitbrains_fast_storage/5T/short,TimesFM-2.5,timesfm25,timesfm-2.5-200m-pytorch,231.28928,200.0,720,controlled,shared_origin_v1:Hmax=720,720,720,2048,controlled,7200,7920,2048,2048,256,256,100,[],merged,2,2500,3493116,1321797441.170471,128,100,,float32,native_horizon,720,128,fixed_1024_median_feedback_sign_flip,5614356.561707083,5614356.561707083,442.02838420267176,0.9054920693467904,6.62325285310181,0.6793133234105388,16.544269103004464,2369.463348884528,6.261784202027877,1.1681490470621698,0.8827698314844721,0.9054920693467904,1.1366422321001453,0.7966377139390074,-0.22735526572106307,0.8827698314844721,1.1773076884933498,0.7498208328310416,-0.28792099054904785,Web/CloudOps,2
bitbrains_fast_storage/5T/short|H=720|L=4096|Hsrc=controlled|Lsrc=controlled|origins=shared_origin_v1:Hmax=720,joint-scaling,release,standard_hl_shared_origin_v1,bitbrains_fast_storage/5T/short,TimesFM-2.5,timesfm25,timesfm-2.5-200m-pytorch,231.28928,200.0,720,controlled,shared_origin_v1:Hmax=720,720,720,4096,controlled,7200,7920,4096,4096,256,256,100,[],merged,2,2500,3493116,1321797441.170471,128,100,,float32,native_horizon,720,128,fixed_1024_median_feedback_sign_flip,4144013.7800113135,4144013.7800113135,362.76811347483164,0.8847076418928884,5.888785658128641,0.7324932710839651,16.620496676018888,2035.6850886154552,5.379707913269429,0.9586878155450458,0.733149875556231,0.8847076418928884,1.1366422321001453,0.7783519008072015,-0.25057654240497385,0.733149875556231,1.1773076884933498,0.6227342968383004,-0.47363534099349974,Web/CloudOps,2
bitbrains_fast_storage/5T/short|H=720|L=6144|Hsrc=controlled|Lsrc=controlled|origins=shared_origin_v1:Hmax=720,joint-scaling-l6144,release,standard_hl_shared_origin_v1,bitbrains_fast_storage/5T/short,TimesFM-2.5,timesfm25,timesfm-2.5-200m-pytorch,231.28928,200.0,720,controlled,shared_origin_v1:Hmax=720,720,720,6144,controlled,7200,7920,6144,6144,256,256,100,[],merged,6,2500,3493116,1321797441.1704721,128,100,,float32,native_horizon,720,128,fixed_1024_median_feedback_sign_flip,4719897.156768341,4719897.156768341,410.53092751303564,0.8967876859285708,5.844872118996257,0.7600545334913997,16.656522109524232,2172.532429393941,5.7413545776838175,1.0849106729399984,0.8143967601961033,0.8967876859285708,1.1366422321001453,0.7889797339938697,-0.23701464415198895,0.8143967601961033,1.1773076884933498,0.691745045204216,-0.36853782303794813,Web/CloudOps,2
bitbrains_fast_storage/5T/short|H=720|L=8192|Hsrc=controlled|Lsrc=controlled|origins=shared_origin_v1:Hmax=720,joint-scaling,release,standard_hl_shared_origin_v1,bitbrains_fast_storage/5T/short,TimesFM-2.5,timesfm25,timesfm-2.5-200m-pytorch,231.28928,200.0,720,controlled,shared_origin_v1:Hmax=720,720,720,8192,controlled,7200,7920,7200,7920,256,256,100,[],merged,2,2500,3493116,1321797441.170471,128,100,,float32,native_horizon,720,128,fixed_1024_median_feedback_sign_flip,4890048.890748546,4890048.890748546,426.2569779210023,0.9039245715878489,5.605663923661568,0.7718272261422253,16.66245698794659,2211.345493302335,5.843925917531005,1.1264699289847313,0.8314850069572947,0.9039245715878489,1.1366422321001453,0.7952586540073302,-0.2290878662903327,0.8314850069572947,1.1773076884933498,0.7062597272437598,-0.34777222352782494,Web/CloudOps,2
bitbrains_rnd/5T/short|H=48|L=128|Hsrc=controlled|Lsrc=controlled|origins=shared_origin_v1:Hmax=720,joint-scaling,release,standard_hl_shared_origin_v1,bitbrains_rnd/5T/short,TimesFM-2.5,timesfm25,timesfm-2.5-200m-pytorch,231.28928,200.0,48,controlled,shared_origin_v1:Hmax=720,720,720,128,controlled,7200,7920,128,128,256,256,100,[],merged,2,1000,92736,41168952.07374331,128,100,,float32,native_horizon,48,128,fixed_1024_median_feedback_sign_flip,3022722.2930347975,3022722.2930347975,181.3327457277918,0.7812586833878014,0.3748280192023754,0.40613975051729506,10.973998295857935,1738.597795073604,3.916315499970552,0.4084649392506018,0.38892536127698424,0.7812586833878014,0.7074620825156427,1.1043117400861224,0.09922228126149141,0.38892536127698424,0.8671435291452065,0.44851324862029524,-0.8018170580749964,Web/CloudOps,2
bitbrains_rnd/5T/short|H=48|L=256|Hsrc=controlled|Lsrc=controlled|origins=shared_origin_v1:Hmax=720,joint-scaling,release,standard_hl_shared_origin_v1,bitbrains_rnd/5T/short,TimesFM-2.5,timesfm25,timesfm-2.5-200m-pytorch,231.28928,200.0,48,controlled,shared_origin_v1:Hmax=720,720,720,256,controlled,7200,7920,256,256,256,256,100,[],merged,2,1000,92736,41168952.07374331,128,100,,float32,native_horizon,48,128,fixed_1024_median_feedback_sign_flip,3159263.768157727,3159263.768157727,196.86606782711812,0.5914906341691643,0.293125514099822,0.41720848877846306,10.245350739372329,1777.4317900155063,4.003791842542533,0.4434548548458021,0.415180526775094,0.5914906341691643,0.7074620825156427,0.8360739731321019,-0.17903818520419007,0.415180526775094,0.8671435291452065,0.4787910107388582,-0.7364910800383515,Web/CloudOps,2
bitbrains_rnd/5T/short|H=48|L=512|Hsrc=controlled|Lsrc=controlled|origins=shared_origin_v1:Hmax=720,joint-scaling,release,standard_hl_shared_origin_v1,bitbrains_rnd/5T/short,TimesFM-2.5,timesfm25,timesfm-2.5-200m-pytorch,231.28928,200.0,48,controlled,shared_origin_v1:Hmax=720,720,720,512,controlled,7200,7920,512,512,256,256,100,[],merged,2,1000,92736,41168952.07374331,128,100,,float32,native_horizon,48,128,fixed_1024_median_feedback_sign_flip,3098096.3722853046,3098096.3722853046,195.30832031334245,0.5393976612622446,0.32686353419064307,0.44227656712133046,9.027839448338211,1760.141009205031,3.9648431258890704,0.4399459174995529,0.3957092323213439,0.5393976612622446,0.7074620825156427,0.7624403831569561,-0.271230959580921,0.3957092323213439,0.8671435291452065,0.4563364875840305,-0.7845248302219968,Web/CloudOps,2
bitbrains_rnd/5T/short|H=48|L=1024|Hsrc=controlled|Lsrc=controlled|origins=shared_origin_v1:Hmax=720,joint-scaling,release,standard_hl_shared_origin_v1,bitbrains_rnd/5T/short,TimesFM-2.5,timesfm25,timesfm-2.5-200m-pytorch,231.28928,200.0,48,controlled,shared_origin_v1:Hmax=720,720,720,1024,controlled,7200,7920,1024,1024,256,256,100,[],merged,2,1000,92736,41168952.07374331,128,100,,float32,native_horizon,48,128,fixed_1024_median_feedback_sign_flip,3049786.0496921367,3049786.0496921367,177.42709645441764,0.44863314046378094,0.3548352993523657,0.43158289090095064,6.677427121156546,1746.3636647881037,3.9338086752292725,0.3996671857793244,0.377867425947809,0.44863314046378094,0.7074620825156427,0.6341444319793086,-0.455478539796911,0.377867425947809,0.8671435291452065,0.4357611090291993,-0.8306611008640614,Web/CloudOps,2
bitbrains_rnd/5T/short|H=48|L=2048|Hsrc=controlled|Lsrc=controlled|origins=shared_origin_v1:Hmax=720,joint-scaling,release,standard_hl_shared_origin_v1,bitbrains_rnd/5T/short,TimesFM-2.5,timesfm25,timesfm-2.5-200m-pytorch,231.28928,200.0,48,controlled,shared_origin_v1:Hmax=720,720,720,2048,controlled,7200,7920,2048,2048,256,256,100,[],merged,2,1000,92736,41168952.07374331,128,100,,float32,native_horizon,48,128,fixed_1024_median_feedback_sign_flip,3053930.5892830184,3053930.5892830184,176.93629107004696,0.43860592584884744,0.2789368119378638,0.4363955792091391,6.941338539730392,1747.5498817724826,3.9364807135669575,0.3985616116553227,0.3823570372988579,0.43860592584884744,0.7074620825156427,0.6199709308649053,-0.47808268774393436,0.3823570372988579,0.8671435291452065,0.4409385810394841,-0.8188496852538498,Web/CloudOps,2
bitbrains_rnd/5T/short|H=48|L=4096|Hsrc=controlled|Lsrc=controlled|origins=shared_origin_v1:Hmax=720,joint-scaling,release,standard_hl_shared_origin_v1,bitbrains_rnd/5T/short,TimesFM-2.5,timesfm25,timesfm-2.5-200m-pytorch,231.28928,200.0,48,controlled,shared_origin_v1:Hmax=720,720,720,4096,controlled,7200,7920,4096,4096,256,256,100,[],merged,2,1000,92736,41168952.07374331,128,100,,float32,native_horizon,48,128,fixed_1024_median_feedback_sign_flip,3071295.588948736,3071295.588948736,178.31662743399272,0.44623533131138415,0.2694553826631146,0.4729611709613458,6.773564192972484,1752.5112236298905,3.947656489857412,0.40167091773670127,0.381932214292998,0.44623533131138415,0.7074620825156427,0.6307551207898374,-0.46083757292105587,0.381932214292998,0.8671435291452065,0.44044867020975254,-0.8199613665936724,Web/CloudOps,2
bitbrains_rnd/5T/short|H=48|L=6144|Hsrc=controlled|Lsrc=controlled|origins=shared_origin_v1:Hmax=720,joint-scaling-l6144,release,standard_hl_shared_origin_v1,bitbrains_rnd/5T/short,TimesFM-2.5,timesfm25,timesfm-2.5-200m-pytorch,231.28928,200.0,48,controlled,shared_origin_v1:Hmax=720,720,720,6144,controlled,7200,7920,6144,6144,256,256,100,[],merged,6,1000,92736,41168952.07374331,128,100,,float32,native_horizon,48,128,fixed_1024_median_feedback_sign_flip,3084355.941895121,3084355.941895121,179.49816408019134,0.4452654597070121,0.27483020578310174,0.49897141476800266,6.7525926027600605,1756.2334531306255,3.95604107721251,0.40433241327891495,0.38384146926356183,0.4452654597070121,0.7074620825156427,0.6293842040603876,-0.46301339148851567,0.38384146926356183,0.8671435291452065,0.4426504452405204,-0.8149748830732853,Web/CloudOps,2
bitbrains_rnd/5T/short|H=48|L=8192|Hsrc=controlled|Lsrc=controlled|origins=shared_origin_v1:Hmax=720,joint-scaling,release,standard_hl_shared_origin_v1,bitbrains_rnd/5T/short,TimesFM-2.5,timesfm25,timesfm-2.5-200m-pytorch,231.28928,200.0,48,controlled,shared_origin_v1:Hmax=720,720,720,8192,controlled,7200,7920,7200,7920,256,256,100,[],merged,2,1000,92736,41168952.07374331,128,100,,float32,native_horizon,48,128,fixed_1024_median_feedback_sign_flip,3109065.04038615,3109065.04038615,181.27148349043253,0.44384414544284206,0.270762614163998,0.5084771479963057,6.631794422397823,1763.2541054499632,3.9718555971526794,0.4083269416927924,0.3862880693500447,0.44384414544284206,0.7074620825156427,0.6273751716340618,-0.4662105574321626,0.3862880693500447,0.8671435291452065,0.4454718929066232,-0.8086211251802923,Web/CloudOps,2
bitbrains_rnd/5T/short|H=96|L=128|Hsrc=controlled|Lsrc=controlled|origins=shared_origin_v1:Hmax=720,joint-scaling,release,standard_hl_shared_origin_v1,bitbrains_rnd/5T/short,TimesFM-2.5,timesfm25,timesfm-2.5-200m-pytorch,231.28928,200.0,96,controlled,shared_origin_v1:Hmax=720,720,720,128,controlled,7200,7920,128,128,256,256,100,[],merged,2,1000,185472,78410919.91535383,128,100,,float32,native_horizon,96,128,fixed_1024_median_feedback_sign_flip,2667575.1060874416,2667575.1060874416,172.45754385685578,0.7388896974076873,0.5257010893501483,0.4252252867923098,12.637992645636459,1633.271289800761,3.8633151222934456,0.40792845701527713,0.3892207222568871,0.7388896974076873,0.7043199277369718,1.0490824812834567,0.047915954810668605,0.3892207222568871,0.8704516141640497,0.4471480274416868,-0.8048655816014735,Web/CloudOps,2
bitbrains_rnd/5T/short|H=96|L=256|Hsrc=controlled|Lsrc=controlled|origins=shared_origin_v1:Hmax=720,joint-scaling,release,standard_hl_shared_origin_v1,bitbrains_rnd/5T/short,TimesFM-2.5,timesfm25,timesfm-2.5-200m-pytorch,231.28928,200.0,96,controlled,shared_origin_v1:Hmax=720,720,720,256,controlled,7200,7920,256,256,256,256,100,[],merged,2,1000,185472,78410919.91535383,128,100,,float32,native_horizon,96,128,fixed_1024_median_feedback_sign_flip,3091192.0522531704,3091192.0522531704,205.03810948384393,0.719509025566092,0.40875224410032723,0.4385693477964217,11.677068885513332,1758.1786178466539,4.158769020453764,0.48499403250517126,0.44268463302434174,0.719509025566092,0.7043199277369718,1.0215656227105823,0.021336374730088172,0.44268463302434174,0.8704516141640497,0.5085689150562149,-0.6761545465087828,Web/CloudOps,2
bitbrains_rnd/5T/short|H=96|L=512|Hsrc=controlled|Lsrc=controlled|origins=shared_origin_v1:Hmax=720,joint-scaling,release,standard_hl_shared_origin_v1,bitbrains_rnd/5T/short,TimesFM-2.5,timesfm25,timesfm-2.5-200m-pytorch,231.28928,200.0,96,controlled,shared_origin_v1:Hmax=720,720,720,512,controlled,7200,7920,512,512,256,256,100,[],merged,2,1000,185472,78410919.91535383,128,100,,float32,native_horizon,96,128,fixed_1024_median_feedback_sign_flip,2909219.394609429,2909219.394609429,188.92110298319963,0.56139986718621,0.34040152460956397,0.45288084504650195,9.542468680611025,1705.6433960853099,4.0345030041764565,0.44687110992098966,0.40308550395752013,0.56139986718621,0.7043199277369718,0.7970807655407767,-0.22679926838666886,0.40308550395752013,0.8704516141640497,0.46307628982298904,-0.7698634656336262,Web/CloudOps,2
bitbrains_rnd/5T/short|H=96|L=1024|Hsrc=controlled|Lsrc=controlled|origins=shared_origin_v1:Hmax=720,joint-scaling,release,standard_hl_shared_origin_v1,bitbrains_rnd/5T/short,TimesFM-2.5,timesfm25,timesfm-2.5-200m-pytorch,231.28928,200.0,96,controlled,shared_origin_v1:Hmax=720,720,720,1024,controlled,7200,7920,1024,1024,256,256,100,[],merged,2,1000,185472,78410919.91535383,128,100,,float32,native_horizon,96,128,fixed_1024_median_feedback_sign_flip,2755212.043014579,2755212.043014579,170.26581996288525,0.4834012582536008,0.5261978916436129,0.4449215682846893,7.188792798412477,1659.8831413730845,3.9262623921399187,0.4027441865781833,0.3784232957708421,0.4834012582536008,0.7043199277369718,0.6863376133723806,-0.3763856245480979,0.3784232957708421,0.8704516141640497,0.4347436314817638,-0.8329987745456328,Web/CloudOps,2
bitbrains_rnd/5T/short|H=96|L=2048|Hsrc=controlled|Lsrc=controlled|origins=shared_origin_v1:Hmax=720,joint-scaling,release,standard_hl_shared_origin_v1,bitbrains_rnd/5T/short,TimesFM-2.5,timesfm25,timesfm-2.5-200m-pytorch,231.28928,200.0,96,controlled,shared_origin_v1:Hmax=720,720,720,2048,controlled,7200,7920,2048,2048,256,256,100,[],merged,2,1000,185472,78410919.91535383,128,100,,float32,native_horizon,96,128,fixed_1024_median_feedback_sign_flip,2764266.330668511,2764266.330668511,169.2327888441382,0.4630057483893376,0.3981216334176032,0.45256260229212597,7.2978912151643724,1662.6082914109718,3.932708420682533,0.4003006704472275,0.3809037337624483,0.4630057483893376,0.7043199277369718,0.6573798783132643,-0.4194932262014919,0.3809037337624483,0.8704516141640497,0.4375932304155177,-0.8264654977940296,Web/CloudOps,2
bitbrains_rnd/5T/short|H=96|L=4096|Hsrc=controlled|Lsrc=controlled|origins=shared_origin_v1:Hmax=720,joint-scaling,release,standard_hl_shared_origin_v1,bitbrains_rnd/5T/short,TimesFM-2.5,timesfm25,timesfm-2.5-200m-pytorch,231.28928,200.0,96,controlled,shared_origin_v1:Hmax=720,720,720,4096,controlled,7200,7920,4096,4096,256,256,100,[],merged,2,1000,185472,78410919.91535383,128,100,,float32,native_horizon,96,128,fixed_1024_median_feedback_sign_flip,2798632.6944404007,2798632.6944404007,172.83930534325938,0.47217129007241093,0.3454680590228734,0.4887445950231704,7.174836061818009,1672.9114424978989,3.957079337902449,0.4088314698415861,0.3871988303549823,0.47217129007241093,0.7043199277369718,0.6703931998481566,-0.39989087329029605,0.3871988303549823,0.8704516141640497,0.44482521952335524,-0.8100738390843731,Web/CloudOps,2
bitbrains_rnd/5T/short|H=96|L=6144|Hsrc=controlled|Lsrc=controlled|origins=shared_origin_v1:Hmax=720,joint-scaling-l6144,release,standard_hl_shared_origin_v1,bitbrains_rnd/5T/short,TimesFM-2.5,timesfm25,timesfm-2.5-200m-pytorch,231.28928,200.0,96,controlled,shared_origin_v1:Hmax=720,720,720,6144,controlled,7200,7920,6144,6144,256,256,100,[],merged,6,1000,185472,78410919.91535383,128,100,,float32,native_horizon,96,128,fixed_1024_median_feedback_sign_flip,2804199.0442845654,2804199.0442845654,174.14731084798598,0.4740581535202315,0.34488117678341457,0.5145411537167106,7.178858236995465,1674.5742874786313,3.9610126061844606,0.4119254062121139,0.3919917109874854,0.4740581535202315,0.7043199277369718,0.6730721861632012,-0.3959026948171652,0.3919917109874854,0.8704516141640497,0.4503314194711904,-0.7977714795780045,Web/CloudOps,2
bitbrains_rnd/5T/short|H=96|L=8192|Hsrc=controlled|Lsrc=controlled|origins=shared_origin_v1:Hmax=720,joint-scaling,release,standard_hl_shared_origin_v1,bitbrains_rnd/5T/short,TimesFM-2.5,timesfm25,timesfm-2.5-200m-pytorch,231.28928,200.0,96,controlled,shared_origin_v1:Hmax=720,720,720,8192,controlled,7200,7920,7200,7920,256,256,100,[],merged,2,1000,185472,78410919.91535383,128,100,,float32,native_horizon,96,128,fixed_1024_median_feedback_sign_flip,2886352.213208732,2886352.213208732,180.64683647498006,0.47460077056018807,0.3421542346891592,0.5257268948383927,7.060480634179644,1698.9267827686783,4.018615628968933,0.4272992854931016,0.39850401985401396,0.47460077056018807,0.7043199277369718,0.673842598895523,-0.3947587281388195,0.39850401985401396,0.8704516141640497,0.4578129483242131,-0.781294588062398,Web/CloudOps,2
bitbrains_rnd/5T/short|H=192|L=128|Hsrc=controlled|Lsrc=controlled|origins=shared_origin_v1:Hmax=720,joint-scaling,release,standard_hl_shared_origin_v1,bitbrains_rnd/5T/short,TimesFM-2.5,timesfm25,timesfm-2.5-200m-pytorch,231.28928,200.0,192,controlled,shared_origin_v1:Hmax=720,720,720,128,controlled,7200,7920,128,128,256,256,100,[],merged,2,1000,371492,142552570.1272524,128,100,,float32,native_horizon,192,128,fixed_1024_median_feedback_sign_flip,3731998.2899537543,3731998.2899537543,236.32417637442396,1.5646121221362452,1.2772289923896774,0.4629637993591322,45.016156492936624,1931.8380599713203,5.034370014754767,0.6158608073591219,0.5439538017885964,1.5646121221362452,1.4781188921497603,1.058515746227078,0.056867687464260235,0.5439538017885964,0.882401511928171,0.6164470418913734,-0.48378286129799786,Web/CloudOps,2
bitbrains_rnd/5T/short|H=192|L=256|Hsrc=controlled|Lsrc=controlled|origins=shared_origin_v1:Hmax=720,joint-scaling,release,standard_hl_shared_origin_v1,bitbrains_rnd/5T/short,TimesFM-2.5,timesfm25,timesfm-2.5-200m-pytorch,231.28928,200.0,192,controlled,shared_origin_v1:Hmax=720,720,720,256,controlled,7200,7920,256,256,256,256,100,[],merged,2,1000,371492,142552570.1272524,128,100,,float32,native_horizon,192,128,fixed_1024_median_feedback_sign_flip,3518509.1005795547,3518509.1005795547,227.707117977978,1.6082980911920617,0.7942131800805512,0.47515823818426256,44.91125961034286,1875.7689358179366,4.888253876326711,0.593404753042073,0.5329411601716253,1.6082980911920617,1.4781188921497603,1.0880708579896237,0.08440627314178926,0.5329411601716253,0.882401511928171,0.6039667350604082,-0.5042361569672704,Web/CloudOps,2
bitbrains_rnd/5T/short|H=192|L=512|Hsrc=controlled|Lsrc=controlled|origins=shared_origin_v1:Hmax=720,joint-scaling,release,standard_hl_shared_origin_v1,bitbrains_rnd/5T/short,TimesFM-2.5,timesfm25,timesfm-2.5-200m-pytorch,231.28928,200.0,192,controlled,shared_origin_v1:Hmax=720,720,720,512,controlled,7200,7920,512,512,256,256,100,[],merged,2,1000,371492,142552570.1272524,128,100,,float32,native_horizon,192,128,fixed_1024_median_feedback_sign_flip,3727002.6670143637,3727002.6670143637,233.04207341611664,1.3203419850323221,0.5989008608201398,0.4810244877662491,39.07219569933635,1930.5446555348994,5.0309994027730545,0.6073076469980068,0.5301747130263066,1.3203419850323221,1.4781188921497603,0.8932583109820286,-0.11287947791588038,0.5301747130263066,0.882401511928171,0.600831600874981,-0.5094405819211288,Web/CloudOps,2
bitbrains_rnd/5T/short|H=192|L=1024|Hsrc=controlled|Lsrc=controlled|origins=shared_origin_v1:Hmax=720,joint-scaling,release,standard_hl_shared_origin_v1,bitbrains_rnd/5T/short,TimesFM-2.5,timesfm25,timesfm-2.5-200m-pytorch,231.28928,200.0,192,controlled,shared_origin_v1:Hmax=720,720,720,1024,controlled,7200,7920,1024,1024,256,256,100,[],merged,2,1000,371492,142552570.1272524,128,100,,float32,native_horizon,192,128,fixed_1024_median_feedback_sign_flip,3317079.322737771,3317079.322737771,202.80529650958164,1.2742928073670718,1.1165324856658339,0.47823700674386915,37.70811310563758,1821.2850745387914,4.746268932973924,0.5285106059026734,0.48901627968154393,1.2742928073670718,1.4781188921497603,0.8621044045474272,-0.1483788966882208,0.48901627968154393,0.882401511928171,0.5541879440040565,-0.5902514006620243,Web/CloudOps,2
bitbrains_rnd/5T/short|H=192|L=2048|Hsrc=controlled|Lsrc=controlled|origins=shared_origin_v1:Hmax=720,joint-scaling,release,standard_hl_shared_origin_v1,bitbrains_rnd/5T/short,TimesFM-2.5,timesfm25,timesfm-2.5-200m-pytorch,231.28928,200.0,192,controlled,shared_origin_v1:Hmax=720,720,720,2048,controlled,7200,7920,2048,2048,256,256,100,[],merged,2,1000,371492,142552570.1272524,128,100,,float32,native_horizon,192,128,fixed_1024_median_feedback_sign_flip,3550458.0854984764,3550458.0854984764,218.6157791377405,1.2579793140483817,1.0854800858801255,0.4878748871183493,37.91540898073786,1884.265927489662,4.910397036757245,0.5697127238810229,0.5178516880299399,1.2579793140483817,1.4781188921497603,0.8510677461261523,-0.16126354590848108,0.5178516880299399,0.882401511928171,0.5868662746263448,-0.5329582966464778,Web/CloudOps,2
bitbrains_rnd/5T/short|H=192|L=4096|Hsrc=controlled|Lsrc=controlled|origins=shared_origin_v1:Hmax=720,joint-scaling,release,standard_hl_shared_origin_v1,bitbrains_rnd/5T/short,TimesFM-2.5,timesfm25,timesfm-2.5-200m-pytorch,231.28928,200.0,192,controlled,shared_origin_v1:Hmax=720,720,720,4096,controlled,7200,7920,4096,4096,256,256,100,[],merged,2,1000,371492,142552570.1272524,128,100,,float32,native_horizon,192,128,fixed_1024_median_feedback_sign_flip,3509739.760360923,3509739.760360923,216.6605829079092,1.2627585255150795,1.0232476871181277,0.5263632126142093,37.631360677631605,1873.4299454105358,4.882158467288133,0.5646174824752446,0.5140194862617401,1.2627585255150795,1.4781188921497603,0.8543010526565539,-0.15747162663925993,0.5140194862617401,0.882401511928171,0.5825233516866211,-0.5403860056134165,Web/CloudOps,2
bitbrains_rnd/5T/short|H=192|L=6144|Hsrc=controlled|Lsrc=controlled|origins=shared_origin_v1:Hmax=720,joint-scaling-l6144,release,standard_hl_shared_origin_v1,bitbrains_rnd/5T/short,TimesFM-2.5,timesfm25,timesfm-2.5-200m-pytorch,231.28928,200.0,192,controlled,shared_origin_v1:Hmax=720,720,720,6144,controlled,7200,7920,6144,6144,256,256,100,[],merged,6,1000,371492,142552570.1272524,128,100,,float32,native_horizon,192,128,fixed_1024_median_feedback_sign_flip,3421155.704719163,3421155.704719163,213.28149817576826,1.2638704962721437,0.8607828620266916,0.5519801703285706,37.53262031933345,1849.636641267458,4.820153116315997,0.5558115876099894,0.5141907634258028,1.2638704962721437,1.4781188921497603,0.8550533404210698,-0.15659142553393932,0.5141907634258028,0.882401511928171,0.5827174551211092,-0.5400528496937999,Web/CloudOps,2
bitbrains_rnd/5T/short|H=192|L=8192|Hsrc=controlled|Lsrc=controlled|origins=shared_origin_v1:Hmax=720,joint-scaling,release,standard_hl_shared_origin_v1,bitbrains_rnd/5T/short,TimesFM-2.5,timesfm25,timesfm-2.5-200m-pytorch,231.28928,200.0,192,controlled,shared_origin_v1:Hmax=720,720,720,8192,controlled,7200,7920,7200,7920,256,256,100,[],merged,2,1000,371492,142552570.1272524,128,100,,float32,native_horizon,192,128,fixed_1024_median_feedback_sign_flip,3440406.4747181637,3440406.4747181637,214.50215251102313,1.2633367650818228,0.8193543918580879,0.5634540395776979,37.486432729915514,1854.8332741025981,4.833695541566335,0.558992612826916,0.51258263183421,1.2633367650818228,1.4781188921497603,0.8546922522886095,-0.15701381368264236,0.51258263183421,0.882401511928171,0.5808950063040409,-0.5431852505018518,Web/CloudOps,2
bitbrains_rnd/5T/short|H=336|L=128|Hsrc=controlled|Lsrc=controlled|origins=shared_origin_v1:Hmax=720,joint-scaling,release,standard_hl_shared_origin_v1,bitbrains_rnd/5T/short,TimesFM-2.5,timesfm25,timesfm-2.5-200m-pytorch,231.28928,200.0,336,controlled,shared_origin_v1:Hmax=720,720,720,128,controlled,7200,7920,128,128,256,256,100,[],merged,2,1000,651232,199613313.8158857,128,100,,float32,native_horizon,336,128,fixed_1024_median_feedback_sign_flip,3464988.1176063213,3464988.1176063213,228.50145759786835,1.3391784609200275,2.4297847062460547,0.49893147259964016,33.948364803002114,1861.4478551939942,6.0729136071144305,0.745478637620476,0.6265248157969119,1.3391784609200275,1.2395395786277248,1.0803837844392281,0.0773163339744005,0.6265248157969119,1.0477434277744575,0.597975419543057,-0.5142056303193646,Web/CloudOps,2
bitbrains_rnd/5T/short|H=336|L=256|Hsrc=controlled|Lsrc=controlled|origins=shared_origin_v1:Hmax=720,joint-scaling,release,standard_hl_shared_origin_v1,bitbrains_rnd/5T/short,TimesFM-2.5,timesfm25,timesfm-2.5-200m-pytorch,231.28928,200.0,336,controlled,shared_origin_v1:Hmax=720,720,720,256,controlled,7200,7920,256,256,256,256,100,[],merged,2,1000,651232,199613313.8158857,128,100,,float32,native_horizon,336,128,fixed_1024_median_feedback_sign_flip,2693206.3250669497,2693206.3250669497,190.2169095700534,1.3401227216533664,1.1494165497415096,0.5118294843233878,33.205885113862024,1641.099121036554,5.3540329668422375,0.620576534125284,0.5581513285244085,1.3401227216533664,1.2395395786277248,1.0811455678865822,0.07802118998579231,0.5581513285244085,1.0477434277744575,0.5327175658930108,-0.6297638903953997,Web/CloudOps,2
bitbrains_rnd/5T/short|H=336|L=512|Hsrc=controlled|Lsrc=controlled|origins=shared_origin_v1:Hmax=720,joint-scaling,release,standard_hl_shared_origin_v1,bitbrains_rnd/5T/short,TimesFM-2.5,timesfm25,timesfm-2.5-200m-pytorch,231.28928,200.0,336,controlled,shared_origin_v1:Hmax=720,720,720,512,controlled,7200,7920,512,512,256,256,100,[],merged,2,1000,651232,199613313.8158857,128,100,,float32,native_horizon,336,128,fixed_1024_median_feedback_sign_flip,3531564.1457376173,3531564.1457376173,225.02595246874387,1.0922070528013728,1.8752674961974038,0.5156206076043494,28.85144660611739,1879.2456320922013,6.130978280373969,0.7341399142007665,0.6220280927462781,1.0922070528013728,1.2395395786277248,0.8811393130427819,-0.12653953496523485,0.6220280927462781,1.0477434277744575,0.5936836025471868,-0.5214087571753722,Web/CloudOps,2
bitbrains_rnd/5T/short|H=336|L=1024|Hsrc=controlled|Lsrc=controlled|origins=shared_origin_v1:Hmax=720,joint-scaling,release,standard_hl_shared_origin_v1,bitbrains_rnd/5T/short,TimesFM-2.5,timesfm25,timesfm-2.5-200m-pytorch,231.28928,200.0,336,controlled,shared_origin_v1:Hmax=720,720,720,1024,controlled,7200,7920,1024,1024,256,256,100,[],merged,2,1000,651232,199613313.8158857,128,100,,float32,native_horizon,336,128,fixed_1024_median_feedback_sign_flip,2539956.38993477,2539956.38993477,168.04012282201273,1.0359969898635826,1.3127599155442735,0.5128488572356492,27.27647175573422,1593.7240632979003,5.199473368529494,0.5482254824272952,0.5089467018495771,1.0359969898635826,1.2395395786277248,0.8357917792431597,-0.1793757648109511,0.5089467018495771,1.0477434277744575,0.4857550888490379,-0.7220507145076406,Web/CloudOps,2
bitbrains_rnd/5T/short|H=336|L=2048|Hsrc=controlled|Lsrc=controlled|origins=shared_origin_v1:Hmax=720,joint-scaling,release,standard_hl_shared_origin_v1,bitbrains_rnd/5T/short,TimesFM-2.5,timesfm25,timesfm-2.5-200m-pytorch,231.28928,200.0,336,controlled,shared_origin_v1:Hmax=720,720,720,2048,controlled,7200,7920,2048,2048,256,256,100,[],merged,2,1000,651232,199613313.8158857,128,100,,float32,native_horizon,336,128,fixed_1024_median_feedback_sign_flip,2929909.3968739253,2929909.3968739253,199.26294839051215,1.0226450579907609,1.862012851569085,0.5240810463034828,27.406273275536783,1711.6978112020606,5.584358917125641,0.6500889440968887,0.5699016187576897,1.0226450579907609,1.2395395786277248,0.8250200926402975,-0.1923475382285152,0.5699016187576897,1.0477434277744575,0.5439324205242064,-0.6089302668205662,Web/CloudOps,2
bitbrains_rnd/5T/short|H=336|L=4096|Hsrc=controlled|Lsrc=controlled|origins=shared_origin_v1:Hmax=720,joint-scaling,release,standard_hl_shared_origin_v1,bitbrains_rnd/5T/short,TimesFM-2.5,timesfm25,timesfm-2.5-200m-pytorch,231.28928,200.0,336,controlled,shared_origin_v1:Hmax=720,720,720,4096,controlled,7200,7920,4096,4096,256,256,100,[],merged,2,1000,651232,199613313.8158857,128,100,,float32,native_horizon,336,128,fixed_1024_median_feedback_sign_flip,2820658.3722099042,2820658.3722099042,192.49816309702226,1.0235350116678645,1.642158903182358,0.561579774339553,27.2808666335309,1679.4815784074276,5.479254496412173,0.6280190502003653,0.5627005326144225,1.0235350116678645,1.2395395786277248,0.8257380638067277,-0.19147766978788572,0.5627005326144225,1.0477434277744575,0.5370594724795089,-0.6216464411092528,Web/CloudOps,2
bitbrains_rnd/5T/short|H=336|L=6144|Hsrc=controlled|Lsrc=controlled|origins=shared_origin_v1:Hmax=720,joint-scaling-l6144,release,standard_hl_shared_origin_v1,bitbrains_rnd/5T/short,TimesFM-2.5,timesfm25,timesfm-2.5-200m-pytorch,231.28928,200.0,336,controlled,shared_origin_v1:Hmax=720,720,720,6144,controlled,7200,7920,6144,6144,256,256,100,[],merged,6,1000,651232,199613313.8158857,128,100,,float32,native_horizon,336,128,fixed_1024_median_feedback_sign_flip,2672205.2842041124,2672205.2842041124,184.79747030196228,1.0219043563369448,1.237202699570887,0.5862212279798943,27.199458228882644,1634.6881305631703,5.333117317138563,0.6028957882573366,0.5614471770319965,1.0219043563369448,1.2395395786277248,0.824422530717639,-0.19307210050226656,0.5614471770319965,1.0477434277744575,0.5358632296311158,-0.6238763190710457,Web/CloudOps,2
bitbrains_rnd/5T/short|H=336|L=8192|Hsrc=controlled|Lsrc=controlled|origins=shared_origin_v1:Hmax=720,joint-scaling,release,standard_hl_shared_origin_v1,bitbrains_rnd/5T/short,TimesFM-2.5,timesfm25,timesfm-2.5-200m-pytorch,231.28928,200.0,336,controlled,shared_origin_v1:Hmax=720,720,720,8192,controlled,7200,7920,7200,7920,256,256,100,[],merged,2,1000,651232,199613313.8158857,128,100,,float32,native_horizon,336,128,fixed_1024_median_feedback_sign_flip,2674891.1423532628,2674891.1423532628,183.6558172145257,1.0220387257197727,1.1516861476652411,0.5959881326950524,27.28721596589689,1635.5094442873947,5.3357968266814355,0.5991711818709948,0.5618592659669848,1.0220387257197727,1.2395395786277248,0.8245309333738711,-0.19294061994960232,0.5618592659669848,1.0477434277744575,0.5362565405544433,-0.6231426119761685,Web/CloudOps,2
bitbrains_rnd/5T/short|H=720|L=128|Hsrc=controlled|Lsrc=controlled|origins=shared_origin_v1:Hmax=720,joint-scaling,release,standard_hl_shared_origin_v1,bitbrains_rnd/5T/short,TimesFM-2.5,timesfm25,timesfm-2.5-200m-pytorch,231.28928,200.0,720,controlled,shared_origin_v1:Hmax=720,720,720,128,controlled,7200,7920,128,128,256,256,100,[],merged,2,1000,1403896,366478349.169548,128,100,,float32,native_horizon,720,128,fixed_1024_median_feedback_sign_flip,3499003.8670115164,3499003.8670115164,234.50072743992433,3.599151106744146,3.276231155233448,0.5601770409292173,122.31425259682936,1870.5624467019315,7.165703356353323,0.8983194614252417,0.7408918386392519,3.599151106744146,3.5012579045235244,1.0279594376907073,0.027575708755193797,0.7408918386392519,1.1752204699604023,0.6304279559257637,-0.46135639509279713,Web/CloudOps,2
bitbrains_rnd/5T/short|H=720|L=256|Hsrc=controlled|Lsrc=controlled|origins=shared_origin_v1:Hmax=720,joint-scaling,release,standard_hl_shared_origin_v1,bitbrains_rnd/5T/short,TimesFM-2.5,timesfm25,timesfm-2.5-200m-pytorch,231.28928,200.0,720,controlled,shared_origin_v1:Hmax=720,720,720,256,controlled,7200,7920,256,256,256,256,100,[],merged,2,1000,1403896,366478349.169548,128,100,,float32,native_horizon,720,128,fixed_1024_median_feedback_sign_flip,2346178.3905175314,2346178.3905175314,171.45518366834156,3.6140998781295886,1.2181925443734494,0.5728257267859643,122.68713520790385,1531.7239929300356,5.867689569251062,0.6568061853495468,0.6033641854329133,3.6140998781295886,3.5012579045235244,1.0322289807501115,0.031720523019330905,0.6033641854329133,1.1752204699604023,0.5134051021535073,-0.6666900726250445,Web/CloudOps,2
bitbrains_rnd/5T/short|H=720|L=512|Hsrc=controlled|Lsrc=controlled|origins=shared_origin_v1:Hmax=720,joint-scaling,release,standard_hl_shared_origin_v1,bitbrains_rnd/5T/short,TimesFM-2.5,timesfm25,timesfm-2.5-200m-pytorch,231.28928,200.0,720,controlled,shared_origin_v1:Hmax=720,720,720,512,controlled,7200,7920,512,512,256,256,100,[],merged,2,1000,1403896,366478349.169548,128,100,,float32,native_horizon,720,128,fixed_1024_median_feedback_sign_flip,3761368.0564172845,3761368.0564172845,236.3091600090035,3.3791606005668906,3.1978557630088,0.5761674034477662,118.3749588920009,1939.4246714985568,7.429499027126651,0.9052471592162656,0.7429967842010089,3.3791606005668906,3.5012579045235244,0.9651275892019016,-0.035494969593485186,0.7429967842010089,1.1752204699604023,0.6322190628844674,-0.45851932640550863,Web/CloudOps,2
bitbrains_rnd/5T/short|H=720|L=1024|Hsrc=controlled|Lsrc=controlled|origins=shared_origin_v1:Hmax=720,joint-scaling,release,standard_hl_shared_origin_v1,bitbrains_rnd/5T/short,TimesFM-2.5,timesfm25,timesfm-2.5-200m-pytorch,231.28928,200.0,720,controlled,shared_origin_v1:Hmax=720,720,720,1024,controlled,7200,7920,1024,1024,256,256,100,[],merged,2,1000,1403896,366478349.169548,128,100,,float32,native_horizon,720,128,fixed_1024_median_feedback_sign_flip,2834012.4896103414,2834012.4896103414,189.7914537695456,3.3319630151852313,2.590643785927322,0.5804158953982428,116.8045111532828,1683.4525504481383,6.448927493587178,0.7270483055411834,0.6692800019590402,3.3319630151852313,3.5012579045235244,0.9516474096011125,-0.0495606808600217,0.6692800019590402,1.1752204699604023,0.5694931453853853,-0.5630085323650789,Web/CloudOps,2
bitbrains_rnd/5T/short|H=720|L=2048|Hsrc=controlled|Lsrc=controlled|origins=shared_origin_v1:Hmax=720,joint-scaling,release,standard_hl_shared_origin_v1,bitbrains_rnd/5T/short,TimesFM-2.5,timesfm25,timesfm-2.5-200m-pytorch,231.28928,200.0,720,controlled,shared_origin_v1:Hmax=720,720,720,2048,controlled,7200,7920,2048,2048,256,256,100,[],merged,2,1000,1403896,366478349.169548,128,100,,float32,native_horizon,720,128,fixed_1024_median_feedback_sign_flip,2971598.7946585785,2971598.7946585785,208.49327914959514,3.310396697935349,2.887248784123996,0.5903924472684637,116.68969238705962,1723.832588930427,6.603614324701733,0.7986907856583462,0.7026402253511935,3.310396697935349,3.5012579045235244,0.9454878184375998,-0.05605427469205729,0.7026402253511935,1.1752204699604023,0.5978794986228143,-0.5143660526565416,Web/CloudOps,2
bitbrains_rnd/5T/short|H=720|L=4096|Hsrc=controlled|Lsrc=controlled|origins=shared_origin_v1:Hmax=720,joint-scaling,release,standard_hl_shared_origin_v1,bitbrains_rnd/5T/short,TimesFM-2.5,timesfm25,timesfm-2.5-200m-pytorch,231.28928,200.0,720,controlled,shared_origin_v1:Hmax=720,720,720,4096,controlled,7200,7920,4096,4096,256,256,100,[],merged,2,1000,1403896,366478349.169548,128,100,,float32,native_horizon,720,128,fixed_1024_median_feedback_sign_flip,2910060.8199838162,2910060.8199838162,202.2673247786873,3.3083120028237003,2.730598705424122,0.6231680458021213,116.62585276737263,1705.8900374830191,6.534880451980766,0.7748405569686938,0.7056317054285637,3.3083120028237003,3.5012579045235244,0.9448924052551103,-0.05668421484347922,0.7056317054285637,1.1752204699604023,0.6004249614987893,-0.5101176053055763,Web/CloudOps,2
bitbrains_rnd/5T/short|H=720|L=6144|Hsrc=controlled|Lsrc=controlled|origins=shared_origin_v1:Hmax=720,joint-scaling-l6144,release,standard_hl_shared_origin_v1,bitbrains_rnd/5T/short,TimesFM-2.5,timesfm25,timesfm-2.5-200m-pytorch,231.28928,200.0,720,controlled,shared_origin_v1:Hmax=720,720,720,6144,controlled,7200,7920,6144,6144,256,256,100,[],merged,6,1000,1403896,366478349.169548,128,100,,float32,native_horizon,720,128,fixed_1024_median_feedback_sign_flip,3067135.8532946883,3067135.8532946883,209.62495963242648,3.3088793900557674,2.7860310232013576,0.6444619743879445,116.41698713864183,1751.3240286408134,6.708927837303802,0.8030259986572182,0.7414413938742965,3.3088793900557674,3.5012579045235244,0.9450544576510033,-0.05651272600485557,0.7414413938742965,1.1752204699604023,0.6308955747675826,-0.46061492178818686,Web/CloudOps,2
bitbrains_rnd/5T/short|H=720|L=8192|Hsrc=controlled|Lsrc=controlled|origins=shared_origin_v1:Hmax=720,joint-scaling,release,standard_hl_shared_origin_v1,bitbrains_rnd/5T/short,TimesFM-2.5,timesfm25,timesfm-2.5-200m-pytorch,231.28928,200.0,720,controlled,shared_origin_v1:Hmax=720,720,720,8192,controlled,7200,7920,7200,7920,256,256,100,[],merged,2,1000,1403896,366478349.169548,128,100,,float32,native_horizon,720,128,fixed_1024_median_feedback_sign_flip,3044294.3513778797,3044294.3513778797,207.05000762164718,3.3142125570462917,2.701557262229843,0.6555398431818072,116.67458761410677,1744.7906325338522,6.683899868579966,0.7931619375569742,0.7434919816870175,3.3142125570462917,3.5012579045235244,0.9465776722030173,-0.054902249150295596,0.7434919816870175,1.1752204699604023,0.632640428490893,-0.45785306169407464,Web/CloudOps,2
bizitobs_l2c/5T/short|H=48|L=128|Hsrc=controlled|Lsrc=controlled|origins=shared_origin_v1:Hmax=720,joint-scaling,release,standard_hl_shared_origin_v1,bizitobs_l2c/5T/short,TimesFM-2.5,timesfm25,timesfm-2.5-200m-pytorch,231.28928,200.0,48,controlled,shared_origin_v1:Hmax=720,720,720,128,controlled,28368,31248,128,128,256,256,100,[],merged,2,7,1680,27004.650024414062,128,100,,float32,native_horizon,48,128,fixed_1024_median_feedback_sign_flip,8.600345284598214,8.600345284598214,1.6090805780319941,0.15703049475576802,0.17207224406893293,0.23940712476323306,2.4909054295381203,2.9326345296675163,0.18244361639151913,0.10010332919144743,0.08458233039678872,0.15703049475576802,0.6625521029117435,0.23700852214589616,-1.4396591800719916,0.08458233039678872,0.3954327593876954,0.21389813663329144,-1.5422553743235334,Web/CloudOps,7
bizitobs_l2c/5T/short|H=48|L=256|Hsrc=controlled|Lsrc=controlled|origins=shared_origin_v1:Hmax=720,joint-scaling,release,standard_hl_shared_origin_v1,bizitobs_l2c/5T/short,TimesFM-2.5,timesfm25,timesfm-2.5-200m-pytorch,231.28928,200.0,48,controlled,shared_origin_v1:Hmax=720,720,720,256,controlled,28368,31248,256,256,256,256,100,[],merged,2,7,1680,27004.650024414062,128,100,,float32,native_horizon,48,128,fixed_1024_median_feedback_sign_flip,7.521042015438988,7.521042015438988,1.5120122273763021,0.15200238383173806,0.1673098270645007,0.2943316564303254,1.8696934180657119,2.742451825545708,0.1706120635798448,0.09406456072179012,0.07773995117559812,0.15200238383173806,0.6625521029117435,0.22941951759526122,-1.4722029968456312,0.07773995117559812,0.3954327593876954,0.1965946152159318,-1.626611461186736,Web/CloudOps,7
bizitobs_l2c/5T/short|H=48|L=512|Hsrc=controlled|Lsrc=controlled|origins=shared_origin_v1:Hmax=720,joint-scaling,release,standard_hl_shared_origin_v1,bizitobs_l2c/5T/short,TimesFM-2.5,timesfm25,timesfm-2.5-200m-pytorch,231.28928,200.0,48,controlled,shared_origin_v1:Hmax=720,720,720,512,controlled,28368,31248,512,512,256,256,100,[],merged,2,7,1680,27004.650024414062,128,100,,float32,native_horizon,48,128,fixed_1024_median_feedback_sign_flip,8.735317847842262,8.735317847842262,1.5880139305478052,0.15361665459905735,0.16671974276318963,0.5863754804476294,1.8051773466159688,2.9555571129386524,0.18386966486319692,0.09879274128375595,0.07923975549445823,0.15361665459905735,0.6625521029117435,0.23185596109943998,-1.461638957457549,0.07923975549445823,0.3954327593876954,0.20038743278922155,-1.6075026223704483,Web/CloudOps,7
bizitobs_l2c/5T/short|H=48|L=1024|Hsrc=controlled|Lsrc=controlled|origins=shared_origin_v1:Hmax=720,joint-scaling,release,standard_hl_shared_origin_v1,bizitobs_l2c/5T/short,TimesFM-2.5,timesfm25,timesfm-2.5-200m-pytorch,231.28928,200.0,48,controlled,shared_origin_v1:Hmax=720,720,720,1024,controlled,28368,31248,1024,1024,256,256,100,[],merged,2,7,1680,27004.650024414062,128,100,,float32,native_horizon,48,128,fixed_1024_median_feedback_sign_flip,7.872909109933036,7.872909109933036,1.5199361891973586,0.14733598339980458,0.16209542267747235,0.5142918888972966,1.8402031842066555,2.8058704727647417,0.17455743325623957,0.09455752233570994,0.07712944252205474,0.14733598339980458,0.6625521029117435,0.22237644821033908,-1.5033836205481406,0.07712944252205474,0.3954327593876954,0.19505071517464864,-1.6344956764140524,Web/CloudOps,7
bizitobs_l2c/5T/short|H=48|L=2048|Hsrc=controlled|Lsrc=controlled|origins=shared_origin_v1:Hmax=720,joint-scaling,release,standard_hl_shared_origin_v1,bizitobs_l2c/5T/short,TimesFM-2.5,timesfm25,timesfm-2.5-200m-pytorch,231.28928,200.0,48,controlled,shared_origin_v1:Hmax=720,720,720,2048,controlled,28368,31248,2048,2048,256,256,100,[],merged,2,7,1680,27004.650024414062,128,100,,float32,native_horizon,48,128,fixed_1024_median_feedback_sign_flip,7.6841009230840776,7.6841009230840776,1.5012714204334077,0.14255857052670604,0.1562576819559464,0.5619995193816469,1.4723034279170057,2.772021089942152,0.17245161210726934,0.09339635892514588,0.07594021801052561,0.14255857052670604,0.6625521029117435,0.21516582605382784,-1.5363462641698125,0.07594021801052561,0.3954327593876954,0.1920433150963886,-1.6500343329377298,Web/CloudOps,7
bizitobs_l2c/5T/short|H=48|L=4096|Hsrc=controlled|Lsrc=controlled|origins=shared_origin_v1:Hmax=720,joint-scaling,release,standard_hl_shared_origin_v1,bizitobs_l2c/5T/short,TimesFM-2.5,timesfm25,timesfm-2.5-200m-pytorch,231.28928,200.0,48,controlled,shared_origin_v1:Hmax=720,720,720,4096,controlled,28368,31248,4096,4096,256,256,100,[],merged,2,7,1680,27004.650024414062,128,100,,float32,native_horizon,48,128,fixed_1024_median_feedback_sign_flip,7.054412551153273,7.054412551153273,1.4444649105980283,0.1412677075609482,0.15714657411793972,0.6398592326319791,1.3283619895682026,2.656014410946084,0.16523466167328116,0.08986234028623895,0.07315371222123981,0.1412677075609482,0.6625521029117435,0.21321750688000765,-1.5454424752398854,0.07315371222123981,0.3954327593876954,0.1849965904051907,-1.6874178843158636,Web/CloudOps,7
bizitobs_l2c/5T/short|H=48|L=6144|Hsrc=controlled|Lsrc=controlled|origins=shared_origin_v1:Hmax=720,joint-scaling-l6144,release,standard_hl_shared_origin_v1,bizitobs_l2c/5T/short,TimesFM-2.5,timesfm25,timesfm-2.5-200m-pytorch,231.28928,200.0,48,controlled,shared_origin_v1:Hmax=720,720,720,6144,controlled,28368,31248,6144,6144,256,256,100,[],merged,6,7,1680,27004.650024414062,128,100,,float32,native_horizon,48,128,fixed_1024_median_feedback_sign_flip,6.479332896641322,6.479332896641322,1.4160474686395554,0.1392166710470637,0.1484662338663413,0.6248643119974047,1.0181383621354503,2.5454533774244075,0.1583564930560803,0.08809444836958485,0.07004722600875178,0.1392166710470637,0.6625521029117435,0.2101218461691432,-1.5600676966740614,0.07004722600875178,0.3954327593876954,0.17714067523696275,-1.7308110867249193,Web/CloudOps,7
bizitobs_l2c/5T/short|H=48|L=8192|Hsrc=controlled|Lsrc=controlled|origins=shared_origin_v1:Hmax=720,joint-scaling,release,standard_hl_shared_origin_v1,bizitobs_l2c/5T/short,TimesFM-2.5,timesfm25,timesfm-2.5-200m-pytorch,231.28928,200.0,48,controlled,shared_origin_v1:Hmax=720,720,720,8192,controlled,28368,31248,8192,8192,256,256,100,[],merged,2,7,1680,27004.650024414062,128,100,,float32,native_horizon,48,128,fixed_1024_median_feedback_sign_flip,5.7131417410714285,5.7131417410714285,1.3431614467075892,0.13231295377174015,0.14254331000057266,0.6047529825746718,0.9623478978538574,2.390217927526992,0.1486990616288305,0.08356009903585895,0.06561908832556729,0.13231295377174015,0.6625521029117435,0.19970196032924697,-1.6109292222377567,0.06561908832556729,0.3954327593876954,0.16594246877060623,-1.796114124367175,Web/CloudOps,7
bizitobs_l2c/5T/short|H=96|L=128|Hsrc=controlled|Lsrc=controlled|origins=shared_origin_v1:Hmax=720,joint-scaling,release,standard_hl_shared_origin_v1,bizitobs_l2c/5T/short,TimesFM-2.5,timesfm25,timesfm-2.5-200m-pytorch,231.28928,200.0,96,controlled,shared_origin_v1:Hmax=720,720,720,128,controlled,28368,31248,128,128,256,256,100,[],merged,2,7,3360,51878.349986076355,128,100,,float32,native_horizon,96,128,fixed_1024_median_feedback_sign_flip,28.56217564174107,28.56217564174107,2.950682358514695,0.2990702955676373,0.33160878283488204,0.44279792806433993,5.43865649372046,5.344359235843065,0.34613758990507976,0.1911065546084306,0.16668248528796492,0.2990702955676373,0.6910206422486538,0.4327950241752998,-0.8374910483382745,0.16668248528796492,0.4076755597141003,0.40886062781113997,-0.8943809443102874,Web/CloudOps,7
bizitobs_l2c/5T/short|H=96|L=256|Hsrc=controlled|Lsrc=controlled|origins=shared_origin_v1:Hmax=720,joint-scaling,release,standard_hl_shared_origin_v1,bizitobs_l2c/5T/short,TimesFM-2.5,timesfm25,timesfm-2.5-200m-pytorch,231.28928,200.0,96,controlled,shared_origin_v1:Hmax=720,720,720,256,controlled,28368,31248,256,256,256,256,100,[],merged,2,7,3360,51878.349986076355,128,100,,float32,native_horizon,96,128,fixed_1024_median_feedback_sign_flip,26.380802408854166,26.380802408854166,2.916150483630952,0.29709000635307503,0.32458038136776307,0.48705434596610914,4.160227743954653,5.136224528664432,0.3326573497604356,0.18887003205826244,0.15885354174337432,0.29709000635307503,0.6910206422486538,0.4299292787930516,-0.8441345517439968,0.15885354174337432,0.4076755597141003,0.3896567698460439,-0.942489004671691,Web/CloudOps,7
bizitobs_l2c/5T/short|H=96|L=512|Hsrc=controlled|Lsrc=controlled|origins=shared_origin_v1:Hmax=720,joint-scaling,release,standard_hl_shared_origin_v1,bizitobs_l2c/5T/short,TimesFM-2.5,timesfm25,timesfm-2.5-200m-pytorch,231.28928,200.0,96,controlled,shared_origin_v1:Hmax=720,720,720,512,controlled,28368,31248,512,512,256,256,100,[],merged,2,7,3360,51878.349986076355,128,100,,float32,native_horizon,96,128,fixed_1024_median_feedback_sign_flip,27.89612281436012,27.89612281436012,2.9458110990978423,0.29373748891455836,0.3212470975388714,0.6585003867233082,3.496732056339137,5.2816780301680755,0.34207792241132773,0.19079105822805192,0.15177025191634466,0.29373748891455836,0.6910206422486538,0.4250777342319409,-0.8554832227074762,0.15177025191634466,0.4076755597141003,0.372281948966428,-0.9881037844617521,Web/CloudOps,7
bizitobs_l2c/5T/short|H=96|L=1024|Hsrc=controlled|Lsrc=controlled|origins=shared_origin_v1:Hmax=720,joint-scaling,release,standard_hl_shared_origin_v1,bizitobs_l2c/5T/short,TimesFM-2.5,timesfm25,timesfm-2.5-200m-pytorch,231.28928,200.0,96,controlled,shared_origin_v1:Hmax=720,720,720,1024,controlled,28368,31248,1024,1024,256,256,100,[],merged,2,7,3360,51878.349986076355,128,100,,float32,native_horizon,96,128,fixed_1024_median_feedback_sign_flip,26.042718796502974,26.042718796502974,2.863958013625372,0.284354116435891,0.3105242957127189,0.6445021386910273,3.538182737566857,5.103206717006766,0.33051888839457616,0.1854896874778003,0.14992333547443562,0.284354116435891,0.6910206422486538,0.41149872963356465,-0.8879493460300095,0.14992333547443562,0.4076755597141003,0.36775159045485994,-1.0003475946836744,Web/CloudOps,7
bizitobs_l2c/5T/short|H=96|L=2048|Hsrc=controlled|Lsrc=controlled|origins=shared_origin_v1:Hmax=720,joint-scaling,release,standard_hl_shared_origin_v1,bizitobs_l2c/5T/short,TimesFM-2.5,timesfm25,timesfm-2.5-200m-pytorch,231.28928,200.0,96,controlled,shared_origin_v1:Hmax=720,720,720,2048,controlled,28368,31248,2048,2048,256,256,100,[],merged,2,7,3360,51878.349986076355,128,100,,float32,native_horizon,96,128,fixed_1024_median_feedback_sign_flip,24.21134323846726,24.21134323846726,2.785229782831101,0.27487079841494266,0.2989623560291409,0.6855054741875438,3.0146575224144807,4.920502335988396,0.31868569168753974,0.1803907038836855,0.14370175191622325,0.27487079841494266,0.6910206422486538,0.3977750903655847,-0.9218685330106052,0.14370175191622325,0.4076755597141003,0.35249047555610197,-1.042731676793854,Web/CloudOps,7
bizitobs_l2c/5T/short|H=96|L=4096|Hsrc=controlled|Lsrc=controlled|origins=shared_origin_v1:Hmax=720,joint-scaling,release,standard_hl_shared_origin_v1,bizitobs_l2c/5T/short,TimesFM-2.5,timesfm25,timesfm-2.5-200m-pytorch,231.28928,200.0,96,controlled,shared_origin_v1:Hmax=720,720,720,4096,controlled,28368,31248,4096,4096,256,256,100,[],merged,2,7,3360,51878.349986076355,128,100,,float32,native_horizon,96,128,fixed_1024_median_feedback_sign_flip,20.885872977120535,20.885872977120535,2.616263834635417,0.26585876467990427,0.29103496793934036,0.7481405171107026,2.173075973190649,4.5701064513991945,0.2959916358331091,0.1694473029064017,0.13204562280149865,0.26585876467990427,0.6910206422486538,0.38473346297553707,-0.9552044884070441,0.13204562280149865,0.4076755597141003,0.3238987956356795,-1.1273241711332251,Web/CloudOps,7
bizitobs_l2c/5T/short|H=96|L=6144|Hsrc=controlled|Lsrc=controlled|origins=shared_origin_v1:Hmax=720,joint-scaling-l6144,release,standard_hl_shared_origin_v1,bizitobs_l2c/5T/short,TimesFM-2.5,timesfm25,timesfm-2.5-200m-pytorch,231.28928,200.0,96,controlled,shared_origin_v1:Hmax=720,720,720,6144,controlled,28368,31248,6144,6144,256,256,100,[],merged,6,7,3360,51878.349986076355,128,100,,float32,native_horizon,96,128,fixed_1024_median_feedback_sign_flip,13.592538234165737,13.592538234165737,2.1724581945510137,0.22264329409723715,0.25558698607655495,0.7148166347834093,1.8726775080604476,3.6868059664383934,0.2387830000483387,0.14070338658902048,0.11213128248713576,0.22264329409723715,0.6910206422486538,0.3221948527799871,-1.1325987835996831,0.11213128248713576,0.4076755597141003,0.2750502938311351,-1.2908013113786188,Web/CloudOps,7
bizitobs_l2c/5T/short|H=96|L=8192|Hsrc=controlled|Lsrc=controlled|origins=shared_origin_v1:Hmax=720,joint-scaling,release,standard_hl_shared_origin_v1,bizitobs_l2c/5T/short,TimesFM-2.5,timesfm25,timesfm-2.5-200m-pytorch,231.28928,200.0,96,controlled,shared_origin_v1:Hmax=720,720,720,8192,controlled,28368,31248,8192,8192,256,256,100,[],merged,2,7,3360,51878.349986076355,128,100,,float32,native_horizon,96,128,fixed_1024_median_feedback_sign_flip,11.695560128348214,11.695560128348214,2.0296409970238094,0.2084509529407586,0.24057617866974942,0.6845061573146265,1.8070031140146203,3.4198772095425025,0.22149485145820605,0.13145355917893134,0.10390799332680406,0.2084509529407586,0.6910206422486538,0.3016566223874837,-1.198465920457736,0.10390799332680406,0.4076755597141003,0.25487913329823825,-1.366965833256821,Web/CloudOps,7
bizitobs_l2c/5T/short|H=192|L=128|Hsrc=controlled|Lsrc=controlled|origins=shared_origin_v1:Hmax=720,joint-scaling,release,standard_hl_shared_origin_v1,bizitobs_l2c/5T/short,TimesFM-2.5,timesfm25,timesfm-2.5-200m-pytorch,231.28928,200.0,192,controlled,shared_origin_v1:Hmax=720,720,720,128,controlled,28368,31248,128,128,256,256,100,[],merged,2,7,6720,96848.35990285873,128,100,,float32,native_horizon,192,128,fixed_1024_median_feedback_sign_flip,92.85653366815477,92.85653366815477,5.524140712193081,0.5421146298475736,0.7719679509146049,0.7470658177640037,10.98061808220093,9.636209507277993,0.6686259628336431,0.38330257345784685,0.3415026708755804,0.5421146298475736,0.7391127356907388,0.7334667685585741,-0.30997298773070114,0.3415026708755804,0.4569876225288572,0.7472908543688526,-0.29130080635328065,Web/CloudOps,7
bizitobs_l2c/5T/short|H=192|L=256|Hsrc=controlled|Lsrc=controlled|origins=shared_origin_v1:Hmax=720,joint-scaling,release,standard_hl_shared_origin_v1,bizitobs_l2c/5T/short,TimesFM-2.5,timesfm25,timesfm-2.5-200m-pytorch,231.28928,200.0,192,controlled,shared_origin_v1:Hmax=720,720,720,256,controlled,28368,31248,256,256,256,256,100,[],merged,2,7,6720,96848.35990285873,128,100,,float32,native_horizon,192,128,fixed_1024_median_feedback_sign_flip,89.90425967261905,89.90425967261905,5.5887298583984375,0.5374784458942256,0.7462220949347771,0.7917138934550195,9.073166035848196,9.481785679534159,0.6579109840412357,0.38778420910903755,0.3345408134853931,0.5374784458942256,0.7391127356907388,0.7271941341829598,-0.31856180245646165,0.3345408134853931,0.4569876225288572,0.7320566181511141,-0.3118974208109904,Web/CloudOps,7
bizitobs_l2c/5T/short|H=192|L=512|Hsrc=controlled|Lsrc=controlled|origins=shared_origin_v1:Hmax=720,joint-scaling,release,standard_hl_shared_origin_v1,bizitobs_l2c/5T/short,TimesFM-2.5,timesfm25,timesfm-2.5-200m-pytorch,231.28928,200.0,192,controlled,shared_origin_v1:Hmax=720,720,720,512,controlled,28368,31248,512,512,256,256,100,[],merged,2,7,6720,96848.35990285873,128,100,,float32,native_horizon,192,128,fixed_1024_median_feedback_sign_flip,91.71148158482143,91.71148158482143,5.529399326869419,0.5256920415480573,0.7343466130410484,0.860104384714332,6.095952803132388,9.576611174357108,0.6644906238601173,0.3836674520232706,0.31410037352609177,0.5256920415480573,0.7391127356907388,0.7112474405636795,-0.3407348920525638,0.31410037352609177,0.4569876225288572,0.687327966976299,-0.3749437106067799,Web/CloudOps,7
bizitobs_l2c/5T/short|H=192|L=1024|Hsrc=controlled|Lsrc=controlled|origins=shared_origin_v1:Hmax=720,joint-scaling,release,standard_hl_shared_origin_v1,bizitobs_l2c/5T/short,TimesFM-2.5,timesfm25,timesfm-2.5-200m-pytorch,231.28928,200.0,192,controlled,shared_origin_v1:Hmax=720,720,720,1024,controlled,28368,31248,1024,1024,256,256,100,[],merged,2,7,6720,96848.35990285873,128,100,,float32,native_horizon,192,128,fixed_1024_median_feedback_sign_flip,91.88500279017858,91.88500279017858,5.62100335984003,0.5332511136901612,0.7318548083979435,0.8836679680805815,4.5221802619717195,9.585666528216938,0.6651189460949913,0.3900235648390162,0.31644693039353344,0.5332511136901612,0.7391127356907388,0.7214746654200332,-0.32645801514766176,0.31644693039353344,0.4569876225288572,0.692462803789726,-0.36750075530225884,Web/CloudOps,7
bizitobs_l2c/5T/short|H=192|L=2048|Hsrc=controlled|Lsrc=controlled|origins=shared_origin_v1:Hmax=720,joint-scaling,release,standard_hl_shared_origin_v1,bizitobs_l2c/5T/short,TimesFM-2.5,timesfm25,timesfm-2.5-200m-pytorch,231.28928,200.0,192,controlled,shared_origin_v1:Hmax=720,720,720,2048,controlled,28368,31248,2048,2048,256,256,100,[],merged,2,7,6720,96848.35990285873,128,100,,float32,native_horizon,192,128,fixed_1024_median_feedback_sign_flip,78.39330822172619,78.39330822172619,5.20193597702753,0.5010782049569896,0.6790162252924183,0.9291911199360354,4.8340715624591,8.853999560748024,0.6143508997767804,0.36094581055051145,0.2927146063641567,0.5010782049569896,0.7391127356907388,0.6779455700877707,-0.38868827437089465,0.2927146063641567,0.4569876225288572,0.6405307100974551,-0.44545821172614586,Web/CloudOps,7
bizitobs_l2c/5T/short|H=192|L=4096|Hsrc=controlled|Lsrc=controlled|origins=shared_origin_v1:Hmax=720,joint-scaling,release,standard_hl_shared_origin_v1,bizitobs_l2c/5T/short,TimesFM-2.5,timesfm25,timesfm-2.5-200m-pytorch,231.28928,200.0,192,controlled,shared_origin_v1:Hmax=720,720,720,4096,controlled,28368,31248,4096,4096,256,256,100,[],merged,2,7,6720,96848.35990285873,128,100,,float32,native_horizon,192,128,fixed_1024_median_feedback_sign_flip,63.91551804315476,63.91551804315476,4.941133190336681,0.4839728016814987,0.6138068186223434,0.9629188845767293,2.704058044581606,7.9947181340654385,0.554728091573329,0.3428495337697751,0.2592563881177867,0.4839728016814987,0.7391127356907388,0.6548024114740781,-0.42342175072761645,0.2592563881177867,0.4569876225288572,0.5673159957443169,-0.5668388187765132,Web/CloudOps,7
bizitobs_l2c/5T/short|H=192|L=6144|Hsrc=controlled|Lsrc=controlled|origins=shared_origin_v1:Hmax=720,joint-scaling-l6144,release,standard_hl_shared_origin_v1,bizitobs_l2c/5T/short,TimesFM-2.5,timesfm25,timesfm-2.5-200m-pytorch,231.28928,200.0,192,controlled,shared_origin_v1:Hmax=720,720,720,6144,controlled,28368,31248,6144,6144,256,256,100,[],merged,6,7,6720,96848.35990285873,128,100,,float32,native_horizon,192,128,fixed_1024_median_feedback_sign_flip,39.35941212972005,39.35941212972005,3.9075839088076636,0.38976016142439146,0.514111397244864,0.9087238358614904,2.430947873052802,6.273708004818207,0.43531266646812783,0.27113483277905664,0.2102222517246459,0.38976016142439146,0.7391127356907388,0.5273351988179998,-0.6399188817473628,0.2102222517246459,0.4569876225288572,0.46001738638199346,-0.7764909937306709,Web/CloudOps,7
bizitobs_l2c/5T/short|H=192|L=8192|Hsrc=controlled|Lsrc=controlled|origins=shared_origin_v1:Hmax=720,joint-scaling,release,standard_hl_shared_origin_v1,bizitobs_l2c/5T/short,TimesFM-2.5,timesfm25,timesfm-2.5-200m-pytorch,231.28928,200.0,192,controlled,shared_origin_v1:Hmax=720,720,720,8192,controlled,28368,31248,8192,8192,256,256,100,[],merged,2,7,6720,96848.35990285873,128,100,,float32,native_horizon,192,128,fixed_1024_median_feedback_sign_flip,33.96767345610119,33.96767345610119,3.6240028018043153,0.3619027241893667,0.4775517759043082,0.8697613805666843,2.3351275301867847,5.828179257375427,0.4043988421574375,0.2514580407200695,0.1954653040248478,0.3619027241893667,0.7391127356907388,0.48964482238443646,-0.714075002986554,0.1954653040248478,0.4569876225288572,0.42772559778138153,-0.8492734156889505,Web/CloudOps,7
bizitobs_l2c/5T/short|H=336|L=128|Hsrc=controlled|Lsrc=controlled|origins=shared_origin_v1:Hmax=720,joint-scaling,release,standard_hl_shared_origin_v1,bizitobs_l2c/5T/short,TimesFM-2.5,timesfm25,timesfm-2.5-200m-pytorch,231.28928,200.0,336,controlled,shared_origin_v1:Hmax=720,720,720,128,controlled,28368,31248,128,128,256,256,100,[],merged,2,7,11760,177970.49996738136,128,100,,float32,native_horizon,336,128,fixed_1024_median_feedback_sign_flip,189.06039540816326,189.06039540816326,8.47273331207483,0.7980141364314206,1.3005673998552805,0.9879577183097408,17.95225041322167,13.749923469174774,0.9085724882895297,0.5598643807162537,0.5078442955364102,0.7980141364314206,0.9677479555394671,0.8246094779777353,-0.1928453647446689,0.5078442955364102,0.5559218172835492,0.9135174762845889,-0.09045277221999187,Web/CloudOps,7
bizitobs_l2c/5T/short|H=336|L=256|Hsrc=controlled|Lsrc=controlled|origins=shared_origin_v1:Hmax=720,joint-scaling,release,standard_hl_shared_origin_v1,bizitobs_l2c/5T/short,TimesFM-2.5,timesfm25,timesfm-2.5-200m-pytorch,231.28928,200.0,336,controlled,shared_origin_v1:Hmax=720,720,720,256,controlled,28368,31248,256,256,256,256,100,[],merged,2,7,11760,177970.49996738136,128,100,,float32,native_horizon,336,128,fixed_1024_median_feedback_sign_flip,195.05783907312926,195.05783907312926,8.718585578762756,0.8137411395013745,1.3137846579103596,1.0089962365386762,15.38136818024053,13.966310861252131,0.9228710137827778,0.5761098970056382,0.5094725461295334,0.8137411395013745,0.9677479555394671,0.8408606133895243,-0.17332937187798814,0.5094725461295334,0.5559218172835492,0.9164463963997941,-0.08725170070164812,Web/CloudOps,7
bizitobs_l2c/5T/short|H=336|L=512|Hsrc=controlled|Lsrc=controlled|origins=shared_origin_v1:Hmax=720,joint-scaling,release,standard_hl_shared_origin_v1,bizitobs_l2c/5T/short,TimesFM-2.5,timesfm25,timesfm-2.5-200m-pytorch,231.28928,200.0,336,controlled,shared_origin_v1:Hmax=720,720,720,512,controlled,28368,31248,512,512,256,256,100,[],merged,2,7,11760,177970.49996738136,128,100,,float32,native_horizon,336,128,fixed_1024_median_feedback_sign_flip,176.80855654761905,176.80855654761905,8.146979299532314,0.753995547892111,1.1937336949386486,1.0137470949609888,7.931533495431017,13.296937863569156,0.878639939227194,0.5383390875457444,0.443282166034452,0.753995547892111,0.9677479555394671,0.7791238861071004,-0.24958521352576268,0.443282166034452,0.5559218172835492,0.7973822078084676,-0.22642115703968776,Web/CloudOps,7
bizitobs_l2c/5T/short|H=336|L=1024|Hsrc=controlled|Lsrc=controlled|origins=shared_origin_v1:Hmax=720,joint-scaling,release,standard_hl_shared_origin_v1,bizitobs_l2c/5T/short,TimesFM-2.5,timesfm25,timesfm-2.5-200m-pytorch,231.28928,200.0,336,controlled,shared_origin_v1:Hmax=720,720,720,1024,controlled,28368,31248,1024,1024,256,256,100,[],merged,2,7,11760,177970.49996738136,128,100,,float32,native_horizon,336,128,fixed_1024_median_feedback_sign_flip,183.65618090986393,183.65618090986393,8.493916082057822,0.7836496978483005,1.1908698125239026,1.0176162630470853,4.966761125028936,13.55198070061583,0.8954927533970626,0.5612641035638359,0.44247145754892303,0.7836496978483005,0.9677479555394671,0.8097663171103867,-0.21100957033361592,0.44247145754892303,0.5559218172835492,0.7959238939587066,-0.22825170831337926,Web/CloudOps,7
bizitobs_l2c/5T/short|H=336|L=2048|Hsrc=controlled|Lsrc=controlled|origins=shared_origin_v1:Hmax=720,joint-scaling,release,standard_hl_shared_origin_v1,bizitobs_l2c/5T/short,TimesFM-2.5,timesfm25,timesfm-2.5-200m-pytorch,231.28928,200.0,336,controlled,shared_origin_v1:Hmax=720,720,720,2048,controlled,28368,31248,2048,2048,256,256,100,[],merged,2,7,11760,177970.49996738136,128,100,,float32,native_horizon,336,128,fixed_1024_median_feedback_sign_flip,189.89641794217687,189.89641794217687,8.438686822385204,0.7765411609857068,1.1846832228780857,1.068921179329303,6.276079888011087,13.780290923713363,0.9105791200933357,0.55761464427778,0.44484251701529803,0.7765411609857068,0.9677479555394671,0.8024208747130105,-0.22012202732757707,0.44484251701529803,0.5559218172835492,0.8001889891441427,-0.22290734278346302,Web/CloudOps,7
bizitobs_l2c/5T/short|H=336|L=4096|Hsrc=controlled|Lsrc=controlled|origins=shared_origin_v1:Hmax=720,joint-scaling,release,standard_hl_shared_origin_v1,bizitobs_l2c/5T/short,TimesFM-2.5,timesfm25,timesfm-2.5-200m-pytorch,231.28928,200.0,336,controlled,shared_origin_v1:Hmax=720,720,720,4096,controlled,28368,31248,4096,4096,256,256,100,[],merged,2,7,11760,177970.49996738136,128,100,,float32,native_horizon,336,128,fixed_1024_median_feedback_sign_flip,127.09411139455783,127.09411139455783,7.337729857568028,0.7013831269689239,0.9289109745996407,1.0699636497943683,3.562927238944915,11.273602414248865,0.7449412369795311,0.4848652059797306,0.3613852573893898,0.7013831269689239,0.9677479555394671,0.7247580560146374,-0.32191739566486466,0.3613852573893898,0.5559218172835492,0.6500648942962144,-0.4306830836970823,Web/CloudOps,7
bizitobs_l2c/5T/short|H=336|L=6144|Hsrc=controlled|Lsrc=controlled|origins=shared_origin_v1:Hmax=720,joint-scaling-l6144,release,standard_hl_shared_origin_v1,bizitobs_l2c/5T/short,TimesFM-2.5,timesfm25,timesfm-2.5-200m-pytorch,231.28928,200.0,336,controlled,shared_origin_v1:Hmax=720,720,720,6144,controlled,28368,31248,6144,6144,256,256,100,[],merged,6,7,11760,177970.49996738136,128,100,,float32,native_horizon,336,128,fixed_1024_median_feedback_sign_flip,80.95746140252976,80.95746140252976,5.727344559650032,0.5597167682037715,0.6629286785492109,0.9764843416848916,3.099452700308559,8.997636434227033,0.5945491218258268,0.3784535753612482,0.285010807061619,0.5597167682037715,0.9677479555394671,0.5783703959278939,-0.54754079214474,0.285010807061619,0.5559218172835492,0.5126814566377211,-0.668100568902499,Web/CloudOps,7
bizitobs_l2c/5T/short|H=336|L=8192|Hsrc=controlled|Lsrc=controlled|origins=shared_origin_v1:Hmax=720,joint-scaling,release,standard_hl_shared_origin_v1,bizitobs_l2c/5T/short,TimesFM-2.5,timesfm25,timesfm-2.5-200m-pytorch,231.28928,200.0,336,controlled,shared_origin_v1:Hmax=720,720,720,8192,controlled,28368,31248,8192,8192,256,256,100,[],merged,2,7,11760,177970.49996738136,128,100,,float32,native_horizon,336,128,fixed_1024_median_feedback_sign_flip,65.3878374787415,65.3878374787415,5.109114251169218,0.4998647954887415,0.6097209446549648,0.919856894912142,2.89360339777454,8.086274635377004,0.5343278224731773,0.337601926188678,0.25527329611058125,0.4998647954887415,0.9677479555394671,0.5165237421866667,-0.6606340240313506,0.25527329611058125,0.5559218172835492,0.45918920282342246,-0.7782929472684107,Web/CloudOps,7
bizitobs_l2c/5T/short|H=720|L=128|Hsrc=controlled|Lsrc=controlled|origins=shared_origin_v1:Hmax=720,joint-scaling,release,standard_hl_shared_origin_v1,bizitobs_l2c/5T/short,TimesFM-2.5,timesfm25,timesfm-2.5-200m-pytorch,231.28928,200.0,720,controlled,shared_origin_v1:Hmax=720,720,720,128,controlled,28368,31248,128,128,256,256,100,[],merged,2,7,25200,448809.8099897355,128,100,,float32,native_horizon,720,128,fixed_1024_median_feedback_sign_flip,369.138501984127,369.138501984127,13.674858010912699,1.2783315077041293,0.9948473241333549,1.2259777476031322,32.41833514654081,19.2129774367256,1.078779965653064,0.7678228376578519,0.7062133688433029,1.2783315077041293,1.4542830442928587,0.8790114914154931,-0.12895730809971495,0.7062133688433029,0.648492126471023,1.089008393496446,0.085267551447701,Web/CloudOps,7
bizitobs_l2c/5T/short|H=720|L=256|Hsrc=controlled|Lsrc=controlled|origins=shared_origin_v1:Hmax=720,joint-scaling,release,standard_hl_shared_origin_v1,bizitobs_l2c/5T/short,TimesFM-2.5,timesfm25,timesfm-2.5-200m-pytorch,231.28928,200.0,720,controlled,shared_origin_v1:Hmax=720,720,720,256,controlled,28368,31248,256,256,256,256,100,[],merged,2,7,25200,448809.8099897355,128,100,,float32,native_horizon,720,128,fixed_1024_median_feedback_sign_flip,377.848630952381,377.848630952381,14.13876736111111,1.3220096786088256,1.0150432568502685,1.2453493368120032,25.778969784701125,19.438328913576417,1.0914331142479456,0.7938706542714579,0.7019566961235589,1.3220096786088256,1.4542830442928587,0.9090456522867935,-0.09535996352804106,0.7019566961235589,0.648492126471023,1.0824444391383448,0.07922185314617124,Web/CloudOps,7
bizitobs_l2c/5T/short|H=720|L=512|Hsrc=controlled|Lsrc=controlled|origins=shared_origin_v1:Hmax=720,joint-scaling,release,standard_hl_shared_origin_v1,bizitobs_l2c/5T/short,TimesFM-2.5,timesfm25,timesfm-2.5-200m-pytorch,231.28928,200.0,720,controlled,shared_origin_v1:Hmax=720,720,720,512,controlled,28368,31248,512,512,256,256,100,[],merged,2,7,25200,448809.8099897355,128,100,,float32,native_horizon,720,128,fixed_1024_median_feedback_sign_flip,308.82968253968255,308.82968253968255,12.281083519345238,1.1561392891013966,0.9046427182682107,1.1468553924631393,11.352205375695556,17.573550652605253,0.986728602157294,0.6895644832152356,0.5499516517536527,1.1561392891013966,1.4542830442928587,0.7949891829094152,-0.2294267708236244,0.5499516517536527,0.648492126471023,0.848046767732386,-0.1648194940831603,Web/CloudOps,7
bizitobs_l2c/5T/short|H=720|L=1024|Hsrc=controlled|Lsrc=controlled|origins=shared_origin_v1:Hmax=720,joint-scaling,release,standard_hl_shared_origin_v1,bizitobs_l2c/5T/short,TimesFM-2.5,timesfm25,timesfm-2.5-200m-pytorch,231.28928,200.0,720,controlled,shared_origin_v1:Hmax=720,720,720,1024,controlled,28368,31248,1024,1024,256,256,100,[],merged,2,7,25200,448809.8099897355,128,100,,float32,native_horizon,720,128,fixed_1024_median_feedback_sign_flip,311.3598015873016,311.3598015873016,12.66124038938492,1.2037499349103609,0.9245215050755792,1.0779100033574747,8.160480900662494,17.64539037786644,0.9907622953526886,0.7109097232518093,0.5549132494298332,1.2037499349103609,1.4542830442928587,0.8277274081096648,-0.1890713960596349,0.5549132494298332,0.648492126471023,0.855697743702103,-0.15583806834774067,Web/CloudOps,7
bizitobs_l2c/5T/short|H=720|L=2048|Hsrc=controlled|Lsrc=controlled|origins=shared_origin_v1:Hmax=720,joint-scaling,release,standard_hl_shared_origin_v1,bizitobs_l2c/5T/short,TimesFM-2.5,timesfm25,timesfm-2.5-200m-pytorch,231.28928,200.0,720,controlled,shared_origin_v1:Hmax=720,720,720,2048,controlled,28368,31248,2048,2048,256,256,100,[],merged,2,7,25200,448809.8099897355,128,100,,float32,native_horizon,720,128,fixed_1024_median_feedback_sign_flip,421.8211111111111,421.8211111111111,14.26139384920635,1.3064068401043767,0.9336284903422994,1.2492975526457015,8.082020890404477,20.538284035213632,1.1531939502374526,0.800755948289587,0.6259145552036622,1.3064068401043767,1.4542830442928587,0.8983167652481389,-0.10723252761473373,0.6259145552036622,0.648492126471023,0.9651845098101286,-0.035435994044119186,Web/CloudOps,7
bizitobs_l2c/5T/short|H=720|L=4096|Hsrc=controlled|Lsrc=controlled|origins=shared_origin_v1:Hmax=720,joint-scaling,release,standard_hl_shared_origin_v1,bizitobs_l2c/5T/short,TimesFM-2.5,timesfm25,timesfm-2.5-200m-pytorch,231.28928,200.0,720,controlled,shared_origin_v1:Hmax=720,720,720,4096,controlled,28368,31248,4096,4096,256,256,100,[],merged,2,7,25200,448809.8099897355,128,100,,float32,native_horizon,720,128,fixed_1024_median_feedback_sign_flip,221.7898759920635,221.7898759920635,10.648592509920634,1.032243147266881,0.7620335614101431,1.1212301942801126,4.59624643321782,14.89261145642575,0.8361978734611707,0.5979025531018076,0.42739648390584467,1.032243147266881,1.4542830442928587,0.7097952158060169,-0.34277877899248876,0.42739648390584467,0.648492126471023,0.659061947647166,-0.4169377463980948,Web/CloudOps,7
bizitobs_l2c/5T/short|H=720|L=6144|Hsrc=controlled|Lsrc=controlled|origins=shared_origin_v1:Hmax=720,joint-scaling-l6144,release,standard_hl_shared_origin_v1,bizitobs_l2c/5T/short,TimesFM-2.5,timesfm25,timesfm-2.5-200m-pytorch,231.28928,200.0,720,controlled,shared_origin_v1:Hmax=720,720,720,6144,controlled,28368,31248,6144,6144,256,256,100,[],merged,6,7,25200,448809.8099897355,128,100,,float32,native_horizon,720,128,fixed_1024_median_feedback_sign_flip,148.49998294890872,148.49998294890872,8.169895174541171,0.7853322238041387,0.5708525181873364,0.9570836637681609,4.169932278352794,12.186056907339172,0.6842288809862922,0.4587274026009951,0.33158497228628325,0.7853322238041387,1.4542830442928587,0.5400133260757396,-0.6161614618102755,0.33158497228628325,0.648492126471023,0.51131688227382,-0.6707657591079694,Web/CloudOps,7
bizitobs_l2c/5T/short|H=720|L=8192|Hsrc=controlled|Lsrc=controlled|origins=shared_origin_v1:Hmax=720,joint-scaling,release,standard_hl_shared_origin_v1,bizitobs_l2c/5T/short,TimesFM-2.5,timesfm25,timesfm-2.5-200m-pytorch,231.28928,200.0,720,controlled,shared_origin_v1:Hmax=720,720,720,8192,controlled,28368,31248,8192,8192,256,256,100,[],merged,2,7,25200,448809.8099897355,128,100,,float32,native_horizon,720,128,fixed_1024_median_feedback_sign_flip,129.95681547619049,129.95681547619049,7.445079365079365,0.7145785568722229,0.5323312241924464,0.9110352796742051,3.847167666225141,11.399860327047454,0.6400851181220081,0.41803007827366984,0.3085204547895251,0.7145785568722229,1.4542830442928587,0.49136140291017755,-0.7105753671362245,0.3085204547895251,0.648492126471023,0.475750502120107,-0.742861717377939,Web/CloudOps,7
bizitobs_l2c/H/short|H=48|L=128|Hsrc=controlled|Lsrc=controlled|origins=shared_origin_v1:Hmax=720,joint-scaling,release,standard_hl_shared_origin_v1,bizitobs_l2c/H/short,TimesFM-2.5,timesfm25,timesfm-2.5-200m-pytorch,231.28928,200.0,48,controlled,shared_origin_v1:Hmax=720,720,720,128,controlled,1944,1944,128,128,256,256,100,[],merged,2,7,336,6586.944159589708,128,100,,float32,native_horizon,48,128,fixed_1024_median_feedback_sign_flip,85.88261486235119,85.88261486235119,6.861819131033761,0.7748356430575889,1.3232253511583931,0.5029646555582682,4.678765935484255,9.26728735188195,0.4727242974572735,0.3500213713927939,0.2755471375161548,0.7748356430575889,1.0508646017568088,0.7373315665617038,-0.3047176011749466,0.2755471375161548,0.38759898490519035,0.7109077893574869,-0.3412125490698913,Web/CloudOps,7
bizitobs_l2c/H/short|H=48|L=256|Hsrc=controlled|Lsrc=controlled|origins=shared_origin_v1:Hmax=720,joint-scaling,release,standard_hl_shared_origin_v1,bizitobs_l2c/H/short,TimesFM-2.5,timesfm25,timesfm-2.5-200m-pytorch,231.28928,200.0,48,controlled,shared_origin_v1:Hmax=720,720,720,256,controlled,1944,1944,256,256,256,256,100,[],merged,2,7,336,6586.944159589708,128,100,,float32,native_horizon,48,128,fixed_1024_median_feedback_sign_flip,81.38572474888393,81.38572474888393,6.505488986060733,0.7285599160734856,1.0061824788802423,0.4727624711536226,4.101616431976678,9.021403701690993,0.46018177326661636,0.33184497186515693,0.25739233935494993,0.7285599160734856,1.0508646017568088,0.6932957060838262,-0.36629866649896126,0.25739233935494993,0.38759898490519035,0.6640686621455163,-0.40936972800616545,Web/CloudOps,7
bizitobs_l2c/H/short|H=48|L=512|Hsrc=controlled|Lsrc=controlled|origins=shared_origin_v1:Hmax=720,joint-scaling,release,standard_hl_shared_origin_v1,bizitobs_l2c/H/short,TimesFM-2.5,timesfm25,timesfm-2.5-200m-pytorch,231.28928,200.0,48,controlled,shared_origin_v1:Hmax=720,720,720,512,controlled,1944,1944,512,512,256,256,100,[],merged,2,7,336,6586.944159589708,128,100,,float32,native_horizon,48,128,fixed_1024_median_feedback_sign_flip,91.08759126209077,91.08759126209077,6.8893719627743675,0.781005057311855,1.3066421758387576,0.4774199440365746,3.9364661381724475,9.543981939530836,0.4868384874667143,0.35142684124961143,0.27218853511270014,0.781005057311855,1.0508646017568088,0.7432023649918272,-0.2967869093134228,0.27218853511270014,0.38759898490519035,0.7022426417842129,-0.3534762911100478,Web/CloudOps,7
bizitobs_l2c/H/short|H=48|L=1024|Hsrc=controlled|Lsrc=controlled|origins=shared_origin_v1:Hmax=720,joint-scaling,release,standard_hl_shared_origin_v1,bizitobs_l2c/H/short,TimesFM-2.5,timesfm25,timesfm-2.5-200m-pytorch,231.28928,200.0,48,controlled,shared_origin_v1:Hmax=720,720,720,1024,controlled,1944,1944,1024,1024,256,256,100,[],merged,2,7,336,6586.944159589708,128,100,,float32,native_horizon,48,128,fixed_1024_median_feedback_sign_flip,79.34381394159226,79.34381394159226,6.4565887451171875,0.751574919904617,1.4103497220370225,0.4609921092078799,4.490821969741583,8.907514464854506,0.4543722836687201,0.32935057073483753,0.25733819776673056,0.751574919904617,1.0508646017568088,0.7151967233915322,-0.335197636521006,0.25733819776673056,0.38759898490519035,0.6639289775995606,-0.40958009667293155,Web/CloudOps,7
bizitobs_l2c/H/short|H=48|L=2048|Hsrc=controlled|Lsrc=controlled|origins=shared_origin_v1:Hmax=720,joint-scaling,release,standard_hl_shared_origin_v1,bizitobs_l2c/H/short,TimesFM-2.5,timesfm25,timesfm-2.5-200m-pytorch,231.28928,200.0,48,controlled,shared_origin_v1:Hmax=720,720,720,2048,controlled,1944,1944,1944,1944,256,256,100,[],merged,2,7,336,6586.944159589708,128,100,,float32,native_horizon,48,128,fixed_1024_median_feedback_sign_flip,134.53151157924108,134.53151157924108,8.08214096795945,0.8830455288278107,1.5599147544896144,0.49382822854178293,8.132555007599116,11.598771985828547,0.5916533209962938,0.4122699842962577,0.3389116649406307,0.8830455288278107,1.0508646017568088,0.8403038101688434,-0.17399177376234606,0.3389116649406307,0.38759898490519035,0.874387390419846,-0.13423176306111106,Web/CloudOps,7
bizitobs_l2c/H/short|H=48|L=4096|Hsrc=controlled|Lsrc=controlled|origins=shared_origin_v1:Hmax=720,joint-scaling,release,standard_hl_shared_origin_v1,bizitobs_l2c/H/short,TimesFM-2.5,timesfm25,timesfm-2.5-200m-pytorch,231.28928,200.0,48,controlled,shared_origin_v1:Hmax=720,720,720,4096,controlled,1944,1944,1944,1944,256,256,100,[],merged,2,7,336,6586.944159589708,128,100,,float32,native_horizon,48,128,fixed_1024_median_feedback_sign_flip,134.53151157924108,134.53151157924108,8.08214096795945,0.8830455288278107,1.5599147544896144,0.49382822854178293,8.132555007599116,11.598771985828547,0.5916533209962938,0.4122699842962577,0.3389116649406307,0.8830455288278107,1.0508646017568088,0.8403038101688434,-0.17399177376234606,0.3389116649406307,0.38759898490519035,0.874387390419846,-0.13423176306111106,Web/CloudOps,7
bizitobs_l2c/H/short|H=48|L=6144|Hsrc=controlled|Lsrc=controlled|origins=shared_origin_v1:Hmax=720,joint-scaling-l6144,release,standard_hl_shared_origin_v1,bizitobs_l2c/H/short,TimesFM-2.5,timesfm25,timesfm-2.5-200m-pytorch,231.28928,200.0,48,controlled,shared_origin_v1:Hmax=720,720,720,6144,controlled,1944,1944,1944,1944,256,256,100,[],merged,6,7,336,6586.944159589708,128,100,,float32,native_horizon,48,128,fixed_1024_median_feedback_sign_flip,134.53151920863561,134.53151920863561,8.082140786307198,0.8830455288278107,1.63311741489349,0.49382821718851727,8.132555007599116,11.598772314716571,0.5916533377728708,0.41226997503017687,0.3389116504605159,0.8830455288278107,1.0508646017568088,0.8403038101688434,-0.17399177376234606,0.3389116504605159,0.38759898490519035,0.874387353061351,-0.13423180578644803,Web/CloudOps,7
bizitobs_l2c/H/short|H=48|L=8192|Hsrc=controlled|Lsrc=controlled|origins=shared_origin_v1:Hmax=720,joint-scaling,release,standard_hl_shared_origin_v1,bizitobs_l2c/H/short,TimesFM-2.5,timesfm25,timesfm-2.5-200m-pytorch,231.28928,200.0,48,controlled,shared_origin_v1:Hmax=720,720,720,8192,controlled,1944,1944,1944,1944,256,256,100,[],merged,2,7,336,6586.944159589708,128,100,,float32,native_horizon,48,128,fixed_1024_median_feedback_sign_flip,134.53151157924108,134.53151157924108,8.08214096795945,0.8830455288278107,1.5599147544896144,0.49382822854178293,8.132555007599116,11.598771985828547,0.5916533209962938,0.4122699842962577,0.3389116649406307,0.8830455288278107,1.0508646017568088,0.8403038101688434,-0.17399177376234606,0.3389116649406307,0.38759898490519035,0.874387390419846,-0.13423176306111106,Web/CloudOps,7
bizitobs_l2c/H/short|H=96|L=128|Hsrc=controlled|Lsrc=controlled|origins=shared_origin_v1:Hmax=720,joint-scaling,release,standard_hl_shared_origin_v1,bizitobs_l2c/H/short,TimesFM-2.5,timesfm25,timesfm-2.5-200m-pytorch,231.28928,200.0,96,controlled,shared_origin_v1:Hmax=720,720,720,128,controlled,1944,1944,128,128,256,256,100,[],merged,2,7,672,8627.715840272605,128,100,,float32,native_horizon,96,128,fixed_1024_median_feedback_sign_flip,137.0105212983631,137.0105212983631,9.475714547293526,0.9972704977702068,2.036732023716731,1.0324842362176805,5.217737700963155,11.705149349682092,0.9116967351045525,0.738049362504277,0.5549088166369744,0.9972704977702068,1.5614972218267393,0.6386629984544807,-0.44837835268319914,0.5549088166369744,0.856660679125936,0.6477580098612165,-0.43423809394872787,Web/CloudOps,7
bizitobs_l2c/H/short|H=96|L=256|Hsrc=controlled|Lsrc=controlled|origins=shared_origin_v1:Hmax=720,joint-scaling,release,standard_hl_shared_origin_v1,bizitobs_l2c/H/short,TimesFM-2.5,timesfm25,timesfm-2.5-200m-pytorch,231.28928,200.0,96,controlled,shared_origin_v1:Hmax=720,720,720,256,controlled,1944,1944,256,256,256,256,100,[],merged,2,7,672,8627.715840272605,128,100,,float32,native_horizon,96,128,fixed_1024_median_feedback_sign_flip,106.99239676339286,106.99239676339286,7.859723045712426,0.861054430186137,1.5052893787359278,0.9817273276192802,4.462269329361142,10.34371290994645,0.8056564685450267,0.612182179443669,0.4541113483429666,0.861054430186137,1.5614972218267393,0.5514287301637466,-0.5952426777168986,0.4541113483429666,0.856660679125936,0.5300947731210255,-0.634699471212379,Web/CloudOps,7
bizitobs_l2c/H/short|H=96|L=512|Hsrc=controlled|Lsrc=controlled|origins=shared_origin_v1:Hmax=720,joint-scaling,release,standard_hl_shared_origin_v1,bizitobs_l2c/H/short,TimesFM-2.5,timesfm25,timesfm-2.5-200m-pytorch,231.28928,200.0,96,controlled,shared_origin_v1:Hmax=720,720,720,512,controlled,1944,1944,512,512,256,256,100,[],merged,2,7,672,8627.715840272605,128,100,,float32,native_horizon,96,128,fixed_1024_median_feedback_sign_flip,76.86246744791667,76.86246744791667,5.625255584716797,0.6481829492909446,1.1570687513246538,0.9566678053489452,3.761018029059321,8.767124240474562,0.682858313680015,0.4381428205231951,0.3408880702035792,0.6481829492909446,1.5614972218267393,0.41510349184781686,-0.8792274118944037,0.3408880702035792,0.856660679125936,0.3979265986054041,-0.9214877163207569,Web/CloudOps,7
bizitobs_l2c/H/short|H=96|L=1024|Hsrc=controlled|Lsrc=controlled|origins=shared_origin_v1:Hmax=720,joint-scaling,release,standard_hl_shared_origin_v1,bizitobs_l2c/H/short,TimesFM-2.5,timesfm25,timesfm-2.5-200m-pytorch,231.28928,200.0,96,controlled,shared_origin_v1:Hmax=720,720,720,1024,controlled,1944,1944,1024,1024,256,256,100,[],merged,2,7,672,8627.715840272605,128,100,,float32,native_horizon,96,128,fixed_1024_median_feedback_sign_flip,73.5697253999256,73.5697253999256,5.128954932803199,0.5791370092214136,1.1902136700317474,0.9627698779743735,5.219872694229432,8.577279603692864,0.6680715962823695,0.39948669829335126,0.32339072840404304,0.5791370092214136,1.5614972218267393,0.3708857122037669,-0.9918613171920034,0.32339072840404304,0.856660679125936,0.377501543241139,-0.9741806222454163,Web/CloudOps,7
bizitobs_l2c/H/short|H=96|L=2048|Hsrc=controlled|Lsrc=controlled|origins=shared_origin_v1:Hmax=720,joint-scaling,release,standard_hl_shared_origin_v1,bizitobs_l2c/H/short,TimesFM-2.5,timesfm25,timesfm-2.5-200m-pytorch,231.28928,200.0,96,controlled,shared_origin_v1:Hmax=720,720,720,2048,controlled,1944,1944,1944,1944,256,256,100,[],merged,2,7,672,8627.715840272605,128,100,,float32,native_horizon,96,128,fixed_1024_median_feedback_sign_flip,99.78899855840774,99.78899855840774,5.71764410109747,0.6211125249590287,1.2383289079859465,0.9671947742743618,7.454305866627126,9.989444356840261,0.7780630159910958,0.4453388251386938,0.37480641694434075,0.6211125249590287,1.5614972218267393,0.39776729428465557,-0.9218881324212207,0.37480641694434075,0.856660679125936,0.4375202762040642,-0.8266322286491029,Web/CloudOps,7
bizitobs_l2c/H/short|H=96|L=4096|Hsrc=controlled|Lsrc=controlled|origins=shared_origin_v1:Hmax=720,joint-scaling,release,standard_hl_shared_origin_v1,bizitobs_l2c/H/short,TimesFM-2.5,timesfm25,timesfm-2.5-200m-pytorch,231.28928,200.0,96,controlled,shared_origin_v1:Hmax=720,720,720,4096,controlled,1944,1944,1944,1944,256,256,100,[],merged,2,7,672,8627.715840272605,128,100,,float32,native_horizon,96,128,fixed_1024_median_feedback_sign_flip,99.78899855840774,99.78899855840774,5.71764410109747,0.6211125249590287,1.2383289079859465,0.9671947742743618,7.454305866627126,9.989444356840261,0.7780630159910958,0.4453388251386938,0.37480641694434075,0.6211125249590287,1.5614972218267393,0.39776729428465557,-0.9218881324212207,0.37480641694434075,0.856660679125936,0.4375202762040642,-0.8266322286491029,Web/CloudOps,7
bizitobs_l2c/H/short|H=96|L=6144|Hsrc=controlled|Lsrc=controlled|origins=shared_origin_v1:Hmax=720,joint-scaling-l6144,release,standard_hl_shared_origin_v1,bizitobs_l2c/H/short,TimesFM-2.5,timesfm25,timesfm-2.5-200m-pytorch,231.28928,200.0,96,controlled,shared_origin_v1:Hmax=720,720,720,6144,controlled,1944,1944,1944,1944,256,256,100,[],merged,6,7,672,8627.715840272605,128,100,,float32,native_horizon,96,128,fixed_1024_median_feedback_sign_flip,99.7890012831915,99.7890012831915,5.717644464401972,0.6211125249590287,1.2453014041090764,0.9666555255777622,7.454305866627128,9.98944449322341,0.7780630266137771,0.4453388534359429,0.37480642104696654,0.6211125249590287,1.5614972218267393,0.39776729428465557,-0.9218881324212207,0.37480642104696654,0.856660679125936,0.43752028099315504,-0.8266322177031169,Web/CloudOps,7
bizitobs_l2c/H/short|H=96|L=8192|Hsrc=controlled|Lsrc=controlled|origins=shared_origin_v1:Hmax=720,joint-scaling,release,standard_hl_shared_origin_v1,bizitobs_l2c/H/short,TimesFM-2.5,timesfm25,timesfm-2.5-200m-pytorch,231.28928,200.0,96,controlled,shared_origin_v1:Hmax=720,720,720,8192,controlled,1944,1944,1944,1944,256,256,100,[],merged,2,7,672,8627.715840272605,128,100,,float32,native_horizon,96,128,fixed_1024_median_feedback_sign_flip,99.78899855840774,99.78899855840774,5.71764410109747,0.6211125249590287,1.2383289079859465,0.9671947742743618,7.454305866627126,9.989444356840261,0.7780630159910958,0.4453388251386938,0.37480641694434075,0.6211125249590287,1.5614972218267393,0.39776729428465557,-0.9218881324212207,0.37480641694434075,0.856660679125936,0.4375202762040642,-0.8266322286491029,Web/CloudOps,7
bizitobs_l2c/H/short|H=192|L=128|Hsrc=controlled|Lsrc=controlled|origins=shared_origin_v1:Hmax=720,joint-scaling,release,standard_hl_shared_origin_v1,bizitobs_l2c/H/short,TimesFM-2.5,timesfm25,timesfm-2.5-200m-pytorch,231.28928,200.0,192,controlled,shared_origin_v1:Hmax=720,720,720,128,controlled,1944,1944,128,128,256,256,100,[],merged,2,7,1344,22188.21000327915,128,100,,float32,native_horizon,192,128,fixed_1024_median_feedback_sign_flip,220.676513671875,220.676513671875,11.393214634486608,1.2156822913414262,1.9133979697851606,0.9205075218563988,7.17907346821053,14.855184740415549,0.8998187906175333,0.6901178809145487,0.514440704348694,1.2156822913414262,1.4056832067668206,0.8648337587653117,-0.14521797691891375,0.514440704348694,0.6716249132023688,0.7659642967914841,-0.26661972026061076,Web/CloudOps,7
bizitobs_l2c/H/short|H=192|L=256|Hsrc=controlled|Lsrc=controlled|origins=shared_origin_v1:Hmax=720,joint-scaling,release,standard_hl_shared_origin_v1,bizitobs_l2c/H/short,TimesFM-2.5,timesfm25,timesfm-2.5-200m-pytorch,231.28928,200.0,192,controlled,shared_origin_v1:Hmax=720,720,720,256,controlled,1944,1944,256,256,256,256,100,[],merged,2,7,1344,22188.21000327915,128,100,,float32,native_horizon,192,128,fixed_1024_median_feedback_sign_flip,156.62610444568452,156.62610444568452,8.359077816917782,0.9359982773751346,1.2474596676110996,0.816498529343378,5.980980406033995,12.515035135615262,0.7580695882985193,0.5063319927239359,0.40063344320123284,0.9359982773751346,1.4056832067668206,0.6658671547538813,-0.40666509567451753,0.40063344320123284,0.6716249132023688,0.596513672030086,-0.5166531172875795,Web/CloudOps,7
bizitobs_l2c/H/short|H=192|L=512|Hsrc=controlled|Lsrc=controlled|origins=shared_origin_v1:Hmax=720,joint-scaling,release,standard_hl_shared_origin_v1,bizitobs_l2c/H/short,TimesFM-2.5,timesfm25,timesfm-2.5-200m-pytorch,231.28928,200.0,192,controlled,shared_origin_v1:Hmax=720,720,720,512,controlled,1944,1944,512,512,256,256,100,[],merged,2,7,1344,22188.21000327915,128,100,,float32,native_horizon,192,128,fixed_1024_median_feedback_sign_flip,135.8631126767113,135.8631126767113,7.66937982468378,0.8460989027579806,0.9425203892929956,0.884972149045619,5.650144210606307,11.656033316558052,0.7060375206084141,0.4645551165619784,0.35911946530368416,0.8460989027579806,1.4056832067668206,0.6019129336431878,-0.5076424726327141,0.35911946530368416,0.6716249132023688,0.5347024183355108,-0.6260449142482442,Web/CloudOps,7
bizitobs_l2c/H/short|H=192|L=1024|Hsrc=controlled|Lsrc=controlled|origins=shared_origin_v1:Hmax=720,joint-scaling,release,standard_hl_shared_origin_v1,bizitobs_l2c/H/short,TimesFM-2.5,timesfm25,timesfm-2.5-200m-pytorch,231.28928,200.0,192,controlled,shared_origin_v1:Hmax=720,720,720,1024,controlled,1944,1944,1024,1024,256,256,100,[],merged,2,7,1344,22188.21000327915,128,100,,float32,native_horizon,192,128,fixed_1024_median_feedback_sign_flip,125.83306594122024,125.83306594122024,7.010293506440663,0.7586983847080587,0.910812621317571,0.821943036047154,6.559404086262382,11.217533861826325,0.6794764204983853,0.4246324724375611,0.3427210141222586,0.7586983847080587,1.4056832067668206,0.5397363937021936,-0.6166744184233603,0.3427210141222586,0.6716249132023688,0.5102863330190263,-0.6727832735185081,Web/CloudOps,7
bizitobs_l2c/H/short|H=192|L=2048|Hsrc=controlled|Lsrc=controlled|origins=shared_origin_v1:Hmax=720,joint-scaling,release,standard_hl_shared_origin_v1,bizitobs_l2c/H/short,TimesFM-2.5,timesfm25,timesfm-2.5-200m-pytorch,231.28928,200.0,192,controlled,shared_origin_v1:Hmax=720,720,720,2048,controlled,1944,1944,1944,1944,256,256,100,[],merged,2,7,1344,22188.21000327915,128,100,,float32,native_horizon,192,128,fixed_1024_median_feedback_sign_flip,105.9385492234003,105.9385492234003,6.199800037202381,0.6828638675485905,0.8841824063054661,0.7478331841978069,7.098252787819381,10.292645394814702,0.6234534200184045,0.3755386869318684,0.30861225891412036,0.6828638675485905,1.4056832067668206,0.4857878818366408,-0.7219832074830317,0.30861225891412036,0.6716249132023688,0.45950091017712397,-0.777614356389393,Web/CloudOps,7
bizitobs_l2c/H/short|H=192|L=4096|Hsrc=controlled|Lsrc=controlled|origins=shared_origin_v1:Hmax=720,joint-scaling,release,standard_hl_shared_origin_v1,bizitobs_l2c/H/short,TimesFM-2.5,timesfm25,timesfm-2.5-200m-pytorch,231.28928,200.0,192,controlled,shared_origin_v1:Hmax=720,720,720,4096,controlled,1944,1944,1944,1944,256,256,100,[],merged,2,7,1344,22188.21000327915,128,100,,float32,native_horizon,192,128,fixed_1024_median_feedback_sign_flip,105.9385492234003,105.9385492234003,6.199800037202381,0.6828638675485905,0.8841824063054661,0.7478331841978069,7.098252787819381,10.292645394814702,0.6234534200184045,0.3755386869318684,0.30861225891412036,0.6828638675485905,1.4056832067668206,0.4857878818366408,-0.7219832074830317,0.30861225891412036,0.6716249132023688,0.45950091017712397,-0.777614356389393,Web/CloudOps,7
bizitobs_l2c/H/short|H=192|L=6144|Hsrc=controlled|Lsrc=controlled|origins=shared_origin_v1:Hmax=720,joint-scaling-l6144,release,standard_hl_shared_origin_v1,bizitobs_l2c/H/short,TimesFM-2.5,timesfm25,timesfm-2.5-200m-pytorch,231.28928,200.0,192,controlled,shared_origin_v1:Hmax=720,720,720,6144,controlled,1944,1944,1944,1944,256,256,100,[],merged,6,7,1344,22188.21000327915,128,100,,float32,native_horizon,192,128,fixed_1024_median_feedback_sign_flip,105.9385499500093,105.9385499500093,6.199799810137067,0.6828638675485906,0.9044489224748444,0.7472064992573765,7.098252787819381,10.292645430112188,0.6234534221564689,0.3755386731779072,0.3086122677315531,0.6828638675485906,1.4056832067668206,0.48578788183664084,-0.7219832074830316,0.3086122677315531,0.6716249132023688,0.45950092330563147,-0.7776143278181606,Web/CloudOps,7
bizitobs_l2c/H/short|H=192|L=8192|Hsrc=controlled|Lsrc=controlled|origins=shared_origin_v1:Hmax=720,joint-scaling,release,standard_hl_shared_origin_v1,bizitobs_l2c/H/short,TimesFM-2.5,timesfm25,timesfm-2.5-200m-pytorch,231.28928,200.0,192,controlled,shared_origin_v1:Hmax=720,720,720,8192,controlled,1944,1944,1944,1944,256,256,100,[],merged,2,7,1344,22188.21000327915,128,100,,float32,native_horizon,192,128,fixed_1024_median_feedback_sign_flip,105.9385492234003,105.9385492234003,6.199800037202381,0.6828638675485905,0.8841824063054661,0.7478331841978069,7.098252787819381,10.292645394814702,0.6234534200184045,0.3755386869318684,0.30861225891412036,0.6828638675485905,1.4056832067668206,0.4857878818366408,-0.7219832074830317,0.30861225891412036,0.6716249132023688,0.45950091017712397,-0.777614356389393,Web/CloudOps,7
bizitobs_l2c/H/short|H=336|L=128|Hsrc=controlled|Lsrc=controlled|origins=shared_origin_v1:Hmax=720,joint-scaling,release,standard_hl_shared_origin_v1,bizitobs_l2c/H/short,TimesFM-2.5,timesfm25,timesfm-2.5-200m-pytorch,231.28928,200.0,336,controlled,shared_origin_v1:Hmax=720,720,720,128,controlled,1944,1944,128,128,256,256,100,[],merged,2,7,2352,34637.90584325045,128,100,,float32,native_horizon,336,128,fixed_1024_median_feedback_sign_flip,222.39398650085033,222.39398650085033,11.825347277582908,1.231148596839854,2.2097337055402013,1.000288152370323,8.660667270802444,14.912879886220848,1.0126216536045631,0.8029705064370884,0.6100898662323226,1.231148596839854,1.4724422034928037,0.8361269419739713,-0.17897483295816669,0.6100898662323226,0.8512860008308335,0.7166685058099046,-0.33314188028545255,Web/CloudOps,7
bizitobs_l2c/H/short|H=336|L=256|Hsrc=controlled|Lsrc=controlled|origins=shared_origin_v1:Hmax=720,joint-scaling,release,standard_hl_shared_origin_v1,bizitobs_l2c/H/short,TimesFM-2.5,timesfm25,timesfm-2.5-200m-pytorch,231.28928,200.0,336,controlled,shared_origin_v1:Hmax=720,720,720,256,controlled,1944,1944,256,256,256,256,100,[],merged,2,7,2352,34637.90584325045,128,100,,float32,native_horizon,336,128,fixed_1024_median_feedback_sign_flip,139.81418075042518,139.81418075042518,8.253719822890094,0.9137643558798488,1.39159975828524,0.9155554219979007,6.642886978699772,11.824304662449508,0.8028997102750787,0.560448114596982,0.4448014109548358,0.9137643558798488,1.4724422034928037,0.6205774010771314,-0.4771049422665107,0.4448014109548358,0.8512860008308335,0.5225052573644121,-0.6491202332523334,Web/CloudOps,7
bizitobs_l2c/H/short|H=336|L=512|Hsrc=controlled|Lsrc=controlled|origins=shared_origin_v1:Hmax=720,joint-scaling,release,standard_hl_shared_origin_v1,bizitobs_l2c/H/short,TimesFM-2.5,timesfm25,timesfm-2.5-200m-pytorch,231.28928,200.0,336,controlled,shared_origin_v1:Hmax=720,720,720,512,controlled,1944,1944,512,512,256,256,100,[],merged,2,7,2352,34637.90584325045,128,100,,float32,native_horizon,336,128,fixed_1024_median_feedback_sign_flip,116.82336176658163,116.82336176658163,7.1282539627179,0.7667816407365351,0.9647824198831332,0.9526135666407209,5.167315558388015,10.808485637062281,0.7339230706790588,0.48402618207299786,0.37639247148229343,0.7667816407365351,1.4724422034928037,0.5207550007176106,-0.6524755959728847,0.37639247148229343,0.8512860008308335,0.44214573141687274,-0.8161157421585885,Web/CloudOps,7
bizitobs_l2c/H/short|H=336|L=1024|Hsrc=controlled|Lsrc=controlled|origins=shared_origin_v1:Hmax=720,joint-scaling,release,standard_hl_shared_origin_v1,bizitobs_l2c/H/short,TimesFM-2.5,timesfm25,timesfm-2.5-200m-pytorch,231.28928,200.0,336,controlled,shared_origin_v1:Hmax=720,720,720,1024,controlled,1944,1944,1024,1024,256,256,100,[],merged,2,7,2352,34637.90584325045,128,100,,float32,native_horizon,336,128,fixed_1024_median_feedback_sign_flip,104.91671981292517,104.91671981292517,6.410591592594069,0.6804176484600614,0.9198914487597156,0.8706148232257598,5.28480314289367,10.242886302840873,0.6955174684434959,0.4352951213047799,0.34732972934173545,0.6804176484600614,1.4724422034928037,0.4621014304303638,-0.7719708656111104,0.34732972934173545,0.8512860008308335,0.40800592163238963,-0.896473590878423,Web/CloudOps,7
bizitobs_l2c/H/short|H=336|L=2048|Hsrc=controlled|Lsrc=controlled|origins=shared_origin_v1:Hmax=720,joint-scaling,release,standard_hl_shared_origin_v1,bizitobs_l2c/H/short,TimesFM-2.5,timesfm25,timesfm-2.5-200m-pytorch,231.28928,200.0,336,controlled,shared_origin_v1:Hmax=720,720,720,2048,controlled,1944,1944,1944,1944,256,256,100,[],merged,2,7,2352,34637.90584325045,128,100,,float32,native_horizon,336,128,fixed_1024_median_feedback_sign_flip,91.09431800063776,91.09431800063776,5.700096701278167,0.6098813245548483,0.9045937027790807,0.8285896227822505,5.8520135726027895,9.54433434036328,0.6480840519089496,0.3870507501832322,0.31674590941138764,0.6098813245548483,1.4724422034928037,0.41419712305728473,-0.8814132758263187,0.31674590941138764,0.8512860008308335,0.37207931189077664,-0.9886482434262709,Web/CloudOps,7
bizitobs_l2c/H/short|H=336|L=4096|Hsrc=controlled|Lsrc=controlled|origins=shared_origin_v1:Hmax=720,joint-scaling,release,standard_hl_shared_origin_v1,bizitobs_l2c/H/short,TimesFM-2.5,timesfm25,timesfm-2.5-200m-pytorch,231.28928,200.0,336,controlled,shared_origin_v1:Hmax=720,720,720,4096,controlled,1944,1944,1944,1944,256,256,100,[],merged,2,7,2352,34637.90584325045,128,100,,float32,native_horizon,336,128,fixed_1024_median_feedback_sign_flip,91.09431800063776,91.09431800063776,5.700096701278167,0.6098813245548483,0.9045937027790807,0.8285896227822505,5.8520135726027895,9.54433434036328,0.6480840519089496,0.3870507501832322,0.31674590941138764,0.6098813245548483,1.4724422034928037,0.41419712305728473,-0.8814132758263187,0.31674590941138764,0.8512860008308335,0.37207931189077664,-0.9886482434262709,Web/CloudOps,7
bizitobs_l2c/H/short|H=336|L=6144|Hsrc=controlled|Lsrc=controlled|origins=shared_origin_v1:Hmax=720,joint-scaling-l6144,release,standard_hl_shared_origin_v1,bizitobs_l2c/H/short,TimesFM-2.5,timesfm25,timesfm-2.5-200m-pytorch,231.28928,200.0,336,controlled,shared_origin_v1:Hmax=720,720,720,6144,controlled,1944,1944,1944,1944,256,256,100,[],merged,6,7,2352,34637.90584325045,128,100,,float32,native_horizon,336,128,fixed_1024_median_feedback_sign_flip,91.09431571700947,91.09431571700947,5.70009675317881,0.6098813245548483,0.9251393671154112,0.8272981979148459,5.852013572602789,9.544334220730615,0.6480840437855939,0.387050753707415,0.3167459196622519,0.6098813245548483,1.4724422034928037,0.41419712305728473,-0.8814132758263187,0.3167459196622519,0.8512860008308335,0.3720793239323987,-0.9886482110632197,Web/CloudOps,7
bizitobs_l2c/H/short|H=336|L=8192|Hsrc=controlled|Lsrc=controlled|origins=shared_origin_v1:Hmax=720,joint-scaling,release,standard_hl_shared_origin_v1,bizitobs_l2c/H/short,TimesFM-2.5,timesfm25,timesfm-2.5-200m-pytorch,231.28928,200.0,336,controlled,shared_origin_v1:Hmax=720,720,720,8192,controlled,1944,1944,1944,1944,256,256,100,[],merged,2,7,2352,34637.90584325045,128,100,,float32,native_horizon,336,128,fixed_1024_median_feedback_sign_flip,91.09431800063776,91.09431800063776,5.700096701278167,0.6098813245548483,0.9045937027790807,0.8285896227822505,5.8520135726027895,9.54433434036328,0.6480840519089496,0.3870507501832322,0.31674590941138764,0.6098813245548483,1.4724422034928037,0.41419712305728473,-0.8814132758263187,0.31674590941138764,0.8512860008308335,0.37207931189077664,-0.9886482434262709,Web/CloudOps,7
bizitobs_l2c/H/short|H=720|L=128|Hsrc=controlled|Lsrc=controlled|origins=shared_origin_v1:Hmax=720,joint-scaling,release,standard_hl_shared_origin_v1,bizitobs_l2c/H/short,TimesFM-2.5,timesfm25,timesfm-2.5-200m-pytorch,231.28928,200.0,720,controlled,shared_origin_v1:Hmax=720,720,720,128,controlled,1944,1944,128,128,256,256,100,[],merged,2,7,5040,82510.83089736104,128,100,,float32,native_horizon,720,128,fixed_1024_median_feedback_sign_flip,254.84898313492064,254.84898313492064,12.456840587797618,1.258858955157264,1.7482064795516732,0.9765388609871032,8.190763991254931,15.96399020091533,0.9751266559501655,0.7608998222378582,0.5719203337409274,1.258858955157264,1.4260541522843406,0.882756768486489,-0.12470557670205766,0.5719203337409274,0.9410651274656231,0.6077372511732133,-0.49801264309648463,Web/CloudOps,7
bizitobs_l2c/H/short|H=720|L=256|Hsrc=controlled|Lsrc=controlled|origins=shared_origin_v1:Hmax=720,joint-scaling,release,standard_hl_shared_origin_v1,bizitobs_l2c/H/short,TimesFM-2.5,timesfm25,timesfm-2.5-200m-pytorch,231.28928,200.0,720,controlled,shared_origin_v1:Hmax=720,720,720,256,controlled,1944,1944,256,256,256,256,100,[],merged,2,7,5040,82510.83089736104,128,100,,float32,native_horizon,720,128,fixed_1024_median_feedback_sign_flip,205.53260168650795,205.53260168650795,10.07390873015873,1.0643173927653509,1.1454399931919477,0.964193095858135,6.5105818817576635,14.336408256132634,0.8757092471991994,0.6153434579171576,0.46504977559517907,1.0643173927653509,1.4260541522843406,0.746337290951022,-0.29257764831742017,0.46504977559517907,0.9410651274656231,0.49417384835797906,-0.7048679039504525,Web/CloudOps,7
bizitobs_l2c/H/short|H=720|L=512|Hsrc=controlled|Lsrc=controlled|origins=shared_origin_v1:Hmax=720,joint-scaling,release,standard_hl_shared_origin_v1,bizitobs_l2c/H/short,TimesFM-2.5,timesfm25,timesfm-2.5-200m-pytorch,231.28928,200.0,720,controlled,shared_origin_v1:Hmax=720,720,720,512,controlled,1944,1944,512,512,256,256,100,[],merged,2,7,5040,82510.83089736104,128,100,,float32,native_horizon,720,128,fixed_1024_median_feedback_sign_flip,124.08570188492064,124.08570188492064,7.192513408358135,0.7864481069050854,0.8007184343607827,0.8980552050739355,5.080495182805054,11.139376189218167,0.6804252894204605,0.43933950469143074,0.3421267314096018,0.7864481069050854,1.4260541522843406,0.5514854436946204,-0.5951398346629819,0.3421267314096018,0.9410651274656231,0.36355266115426177,-1.0118311200001626,Web/CloudOps,7
bizitobs_l2c/H/short|H=720|L=1024|Hsrc=controlled|Lsrc=controlled|origins=shared_origin_v1:Hmax=720,joint-scaling,release,standard_hl_shared_origin_v1,bizitobs_l2c/H/short,TimesFM-2.5,timesfm25,timesfm-2.5-200m-pytorch,231.28928,200.0,720,controlled,shared_origin_v1:Hmax=720,720,720,1024,controlled,1944,1944,1024,1024,256,256,100,[],merged,2,7,5040,82510.83089736104,128,100,,float32,native_horizon,720,128,fixed_1024_median_feedback_sign_flip,101.36700768849207,101.36700768849207,6.234544735863095,0.6630774848554131,0.7233985263784609,0.7976320816812201,4.716974532616871,10.068118378748437,0.6149897665194286,0.3808240097331874,0.3023792082789909,0.6630774848554131,1.4260541522843406,0.4649735662515025,-0.765774721781582,0.3023792082789909,0.9410651274656231,0.3213159211343072,-1.135330461849256,Web/CloudOps,7
bizitobs_l2c/H/short|H=720|L=2048|Hsrc=controlled|Lsrc=controlled|origins=shared_origin_v1:Hmax=720,joint-scaling,release,standard_hl_shared_origin_v1,bizitobs_l2c/H/short,TimesFM-2.5,timesfm25,timesfm-2.5-200m-pytorch,231.28928,200.0,720,controlled,shared_origin_v1:Hmax=720,720,720,2048,controlled,1944,1944,1944,1944,256,256,100,[],merged,2,7,5040,82510.83089736104,128,100,,float32,native_horizon,720,128,fixed_1024_median_feedback_sign_flip,85.5064422123016,85.5064422123016,5.56175285218254,0.5939031513614829,0.6552450056993585,0.7733967896463633,4.914140998990605,9.246969352836722,0.5648316109708168,0.33972793717068883,0.27330395966871895,0.5939031513614829,1.4260541522843406,0.4164660580456447,-0.8759503139837659,0.27330395966871895,0.9410651274656231,0.29041981441258186,-1.2364277669108708,Web/CloudOps,7
bizitobs_l2c/H/short|H=720|L=4096|Hsrc=controlled|Lsrc=controlled|origins=shared_origin_v1:Hmax=720,joint-scaling,release,standard_hl_shared_origin_v1,bizitobs_l2c/H/short,TimesFM-2.5,timesfm25,timesfm-2.5-200m-pytorch,231.28928,200.0,720,controlled,shared_origin_v1:Hmax=720,720,720,4096,controlled,1944,1944,1944,1944,256,256,100,[],merged,2,7,5040,82510.83089736104,128,100,,float32,native_horizon,720,128,fixed_1024_median_feedback_sign_flip,85.5064422123016,85.5064422123016,5.56175285218254,0.5939031513614829,0.6552450056993585,0.7733967896463633,4.914140998990605,9.246969352836722,0.5648316109708168,0.33972793717068883,0.27330395966871895,0.5939031513614829,1.4260541522843406,0.4164660580456447,-0.8759503139837659,0.27330395966871895,0.9410651274656231,0.29041981441258186,-1.2364277669108708,Web/CloudOps,7
bizitobs_l2c/H/short|H=720|L=6144|Hsrc=controlled|Lsrc=controlled|origins=shared_origin_v1:Hmax=720,joint-scaling-l6144,release,standard_hl_shared_origin_v1,bizitobs_l2c/H/short,TimesFM-2.5,timesfm25,timesfm-2.5-200m-pytorch,231.28928,200.0,720,controlled,shared_origin_v1:Hmax=720,720,720,6144,controlled,1944,1944,1944,1944,256,256,100,[],merged,6,7,5040,82510.83089736104,128,100,,float32,native_horizon,720,128,fixed_1024_median_feedback_sign_flip,85.50643872457837,85.50643872457837,5.56175307016524,0.593903151361483,0.6649844676008168,0.7729742757917516,4.914140998990605,9.246969164249352,0.5648315994513552,0.33972795048570215,0.2733039612790112,0.593903151361483,1.4260541522843406,0.4164660580456448,-0.8759503139837657,0.2733039612790112,0.9410651274656231,0.2904198161237198,-1.2364277610189245,Web/CloudOps,7
bizitobs_l2c/H/short|H=720|L=8192|Hsrc=controlled|Lsrc=controlled|origins=shared_origin_v1:Hmax=720,joint-scaling,release,standard_hl_shared_origin_v1,bizitobs_l2c/H/short,TimesFM-2.5,timesfm25,timesfm-2.5-200m-pytorch,231.28928,200.0,720,controlled,shared_origin_v1:Hmax=720,720,720,8192,controlled,1944,1944,1944,1944,256,256,100,[],merged,2,7,5040,82510.83089736104,128,100,,float32,native_horizon,720,128,fixed_1024_median_feedback_sign_flip,85.5064422123016,85.5064422123016,5.56175285218254,0.5939031513614829,0.6552450056993585,0.7733967896463633,4.914140998990605,9.246969352836722,0.5648316109708168,0.33972793717068883,0.27330395966871895,0.5939031513614829,1.4260541522843406,0.4164660580456447,-0.8759503139837659,0.27330395966871895,0.9410651274656231,0.29041981441258186,-1.2364277669108708,Web/CloudOps,7
electricity/15T/short|H=48|L=128|Hsrc=controlled|Lsrc=controlled|origins=shared_origin_v1:Hmax=720,joint-scaling,release,standard_hl_shared_origin_v1,electricity/15T/short,TimesFM-2.5,timesfm25,timesfm-2.5-200m-pytorch,231.28928,200.0,48,controlled,shared_origin_v1:Hmax=720,720,720,128,controlled,125856,139536,128,128,256,256,100,[],merged,2,370,355200,225501006.4677921,128,100,,float32,native_horizon,48,128,fixed_1024_median_feedback_sign_flip,480838.7910177365,480838.7910177365,87.359208984375,1.457228559672243,0.21379045533736143,0.19792286493199546,12.473205290201138,693.425404075836,1.0922554510323936,0.13760466756800022,0.1130357306715373,1.457228559672243,1.0560089751972532,1.3799395591311574,0.32203970047891933,0.1130357306715373,0.09051464705745935,1.2488114835136175,0.22219228581551279,Energy,1
electricity/15T/short|H=48|L=256|Hsrc=controlled|Lsrc=controlled|origins=shared_origin_v1:Hmax=720,joint-scaling,release,standard_hl_shared_origin_v1,electricity/15T/short,TimesFM-2.5,timesfm25,timesfm-2.5-200m-pytorch,231.28928,200.0,48,controlled,shared_origin_v1:Hmax=720,720,720,256,controlled,125856,139536,256,256,256,256,100,[],merged,2,370,355200,225501006.4677921,128,100,,float32,native_horizon,48,128,fixed_1024_median_feedback_sign_flip,308076.58248381194,308076.58248381194,60.25576569978181,0.9545902977732406,0.14421793924899953,0.1374378087523794,8.604826853303674,555.0464687607804,0.8742865887473905,0.09491242771734339,0.0769671046972604,0.9545902977732406,1.0560089751972532,0.9039604020362909,-0.1009697226065428,0.0769671046972604,0.09051464705745935,0.8503276232011503,-0.1621335647001508,Energy,1
electricity/15T/short|H=48|L=512|Hsrc=controlled|Lsrc=controlled|origins=shared_origin_v1:Hmax=720,joint-scaling,release,standard_hl_shared_origin_v1,electricity/15T/short,TimesFM-2.5,timesfm25,timesfm-2.5-200m-pytorch,231.28928,200.0,48,controlled,shared_origin_v1:Hmax=720,720,720,512,controlled,125856,139536,512,512,256,256,100,[],merged,2,370,355200,225501006.4677921,128,100,,float32,native_horizon,48,128,fixed_1024_median_feedback_sign_flip,234838.0741480152,234838.0741480152,54.44821093310107,0.8626598624211385,0.1291995245335976,0.12472415807751903,7.866194884439589,484.600943197612,0.7633236663552402,0.08576460400942733,0.06909341801053834,0.8626598624211385,1.0560089751972532,0.8169058054265127,-0.2022314840045127,0.06909341801053834,0.09051464705745935,0.7633396390164051,-0.2700522104158996,Energy,1
electricity/15T/short|H=48|L=1024|Hsrc=controlled|Lsrc=controlled|origins=shared_origin_v1:Hmax=720,joint-scaling,release,standard_hl_shared_origin_v1,electricity/15T/short,TimesFM-2.5,timesfm25,timesfm-2.5-200m-pytorch,231.28928,200.0,48,controlled,shared_origin_v1:Hmax=720,720,720,1024,controlled,125856,139536,1024,1024,256,256,100,[],merged,2,370,355200,225501006.4677921,128,100,,float32,native_horizon,48,128,fixed_1024_median_feedback_sign_flip,199281.3907545045,199281.3907545045,48.619945398279135,0.7795246756015869,0.11422890035736241,0.11268751992680676,7.070755894364299,446.4094429495242,0.7031659708282433,0.07658415754315209,0.06147432290238536,0.7795246756015869,1.0560089751972532,0.7381799718662225,-0.3035676197943592,0.06147432290238536,0.09051464705745935,0.679164366219768,-0.3868921097020433,Energy,1
electricity/15T/short|H=48|L=2048|Hsrc=controlled|Lsrc=controlled|origins=shared_origin_v1:Hmax=720,joint-scaling,release,standard_hl_shared_origin_v1,electricity/15T/short,TimesFM-2.5,timesfm25,timesfm-2.5-200m-pytorch,231.28928,200.0,48,controlled,shared_origin_v1:Hmax=720,720,720,2048,controlled,125856,139536,2048,2048,256,256,100,[],merged,2,370,355200,225501006.4677921,128,100,,float32,native_horizon,48,128,fixed_1024_median_feedback_sign_flip,195374.15819503096,195374.15819503096,47.3341016064893,0.7538542417988248,0.10516585950756896,0.10710969482134018,6.823966387691472,442.01149102147895,0.6962384960940461,0.07455874877891679,0.06003906378959085,0.7538542417988248,1.0560089751972532,0.7138710555542498,-0.3370529274135311,0.06003906378959085,0.09051464705745935,0.6633077158382733,-0.410516270016741,Energy,1
electricity/15T/short|H=48|L=4096|Hsrc=controlled|Lsrc=controlled|origins=shared_origin_v1:Hmax=720,joint-scaling,release,standard_hl_shared_origin_v1,electricity/15T/short,TimesFM-2.5,timesfm25,timesfm-2.5-200m-pytorch,231.28928,200.0,48,controlled,shared_origin_v1:Hmax=720,720,720,4096,controlled,125856,139536,4096,4096,256,256,100,[],merged,2,370,355200,225501006.4677921,128,100,,float32,native_horizon,48,128,fixed_1024_median_feedback_sign_flip,195163.14692426802,195163.14692426802,46.95435818508938,0.7427912428834464,0.10386215692647134,0.10556362443883577,6.720467739645465,441.77273220997694,0.6958624129395896,0.07396059240971,0.059409921709251454,0.7427912428834464,1.0560089751972532,0.7033948198638175,-0.3518369233938572,0.059409921709251454,0.09051464705745935,0.656356994592683,-0.42105043898645217,Energy,1
electricity/15T/short|H=48|L=6144|Hsrc=controlled|Lsrc=controlled|origins=shared_origin_v1:Hmax=720,joint-scaling-l6144,release,standard_hl_shared_origin_v1,electricity/15T/short,TimesFM-2.5,timesfm25,timesfm-2.5-200m-pytorch,231.28928,200.0,48,controlled,shared_origin_v1:Hmax=720,720,720,6144,controlled,125856,139536,6144,6144,256,256,100,[],merged,6,370,355200,225501006.4677921,128,100,,float32,native_horizon,48,128,fixed_1024_median_feedback_sign_flip,193256.24822670326,193256.24822670326,46.816754095404,0.7406730236145679,0.1059750321943247,0.10504921864233305,6.730939164590913,439.6091994336598,0.6924545042380487,0.07374384405269888,0.059238046405637276,0.7406730236145679,1.0560089751972532,0.7013889474530428,-0.3546926992373371,0.059238046405637276,0.09051464705745935,0.654458127291073,-0.4239476723157908,Energy,1
electricity/15T/short|H=48|L=8192|Hsrc=controlled|Lsrc=controlled|origins=shared_origin_v1:Hmax=720,joint-scaling,release,standard_hl_shared_origin_v1,electricity/15T/short,TimesFM-2.5,timesfm25,timesfm-2.5-200m-pytorch,231.28928,200.0,48,controlled,shared_origin_v1:Hmax=720,720,720,8192,controlled,125856,139536,8192,8192,256,256,100,[],merged,2,370,355200,225501006.4677921,128,100,,float32,native_horizon,48,128,fixed_1024_median_feedback_sign_flip,190065.61434121622,190065.61434121622,46.8212011278857,0.7417884859756602,0.10610024598833358,0.10497399227154375,6.719446409119683,435.96515266844,0.6867145502073293,0.07375084883712198,0.059243556407128486,0.7417884859756602,1.0560089751972532,0.7024452475293599,-0.3531878202716597,0.059243556407128486,0.09051464705745935,0.6545190014332184,-0.4238546620700753,Energy,1
electricity/15T/short|H=96|L=128|Hsrc=controlled|Lsrc=controlled|origins=shared_origin_v1:Hmax=720,joint-scaling,release,standard_hl_shared_origin_v1,electricity/15T/short,TimesFM-2.5,timesfm25,timesfm-2.5-200m-pytorch,231.28928,200.0,96,controlled,shared_origin_v1:Hmax=720,720,720,128,controlled,125856,139536,128,128,256,256,100,[],merged,2,370,710400,449541917.5210018,128,100,,float32,native_horizon,96,128,fixed_1024_median_feedback_sign_flip,508408.19701013516,508408.19701013516,94.39722713436092,1.5851303694196912,0.24073291283390266,0.21762486421211336,14.055697942540245,713.0274868545638,1.1267797438218154,0.14917360882840713,0.12522983202080523,1.5851303694196912,1.0749568648612153,1.4745990478644395,0.3883861208824679,0.12522983202080523,0.09292762757833782,1.3476060379916264,0.2983297130920385,Energy,1
electricity/15T/short|H=96|L=256|Hsrc=controlled|Lsrc=controlled|origins=shared_origin_v1:Hmax=720,joint-scaling,release,standard_hl_shared_origin_v1,electricity/15T/short,TimesFM-2.5,timesfm25,timesfm-2.5-200m-pytorch,231.28928,200.0,96,controlled,shared_origin_v1:Hmax=720,720,720,256,controlled,125856,139536,256,256,256,256,100,[],merged,2,370,710400,449541917.5210018,128,100,,float32,native_horizon,96,128,fixed_1024_median_feedback_sign_flip,313901.89244791673,313901.89244791673,65.85501423053913,1.0460984852185484,0.16973037633434399,0.15398920622786086,10.02821414162529,560.2694819887272,0.8853800379720924,0.10406905404364067,0.08507813898338959,1.0460984852185484,1.0749568648612153,0.9731539184631444,-0.027213019724930107,0.08507813898338959,0.09292762757833782,0.9155311633418046,-0.08825087575078157,Energy,1
electricity/15T/short|H=96|L=512|Hsrc=controlled|Lsrc=controlled|origins=shared_origin_v1:Hmax=720,joint-scaling,release,standard_hl_shared_origin_v1,electricity/15T/short,TimesFM-2.5,timesfm25,timesfm-2.5-200m-pytorch,231.28928,200.0,96,controlled,shared_origin_v1:Hmax=720,720,720,512,controlled,125856,139536,512,512,256,256,100,[],merged,2,370,710400,449541917.5210018,128,100,,float32,native_horizon,96,128,fixed_1024_median_feedback_sign_flip,270832.01727547863,270832.01727547863,60.97608061919341,0.9532687188333553,0.15316846785292743,0.14028750442194135,9.25972516304888,520.4152354375096,0.8223993555340364,0.09635899564327344,0.07820005739923278,0.9532687188333553,1.0749568648612153,0.8867971822817552,-0.12013897864494381,0.07820005739923278,0.09292762757833782,0.8415156981524172,-0.17255061056102702,Energy,1
electricity/15T/short|H=96|L=1024|Hsrc=controlled|Lsrc=controlled|origins=shared_origin_v1:Hmax=720,joint-scaling,release,standard_hl_shared_origin_v1,electricity/15T/short,TimesFM-2.5,timesfm25,timesfm-2.5-200m-pytorch,231.28928,200.0,96,controlled,shared_origin_v1:Hmax=720,720,720,1024,controlled,125856,139536,1024,1024,256,256,100,[],merged,2,370,710400,449541917.5210018,128,100,,float32,native_horizon,96,128,fixed_1024_median_feedback_sign_flip,237891.5733643018,237891.5733643018,55.05753560933981,0.8665076184005117,0.1363409720879972,0.12722330065085555,8.543067085248545,487.7412975792616,0.7707655377523721,0.0870060650018198,0.07043473119651593,0.8665076184005117,1.0749568648612153,0.8060859432833001,-0.2155649127762704,0.07043473119651593,0.09292762757833782,0.7579525382496134,-0.277134509746552,Energy,1
electricity/15T/short|H=96|L=2048|Hsrc=controlled|Lsrc=controlled|origins=shared_origin_v1:Hmax=720,joint-scaling,release,standard_hl_shared_origin_v1,electricity/15T/short,TimesFM-2.5,timesfm25,timesfm-2.5-200m-pytorch,231.28928,200.0,96,controlled,shared_origin_v1:Hmax=720,720,720,2048,controlled,125856,139536,2048,2048,256,256,100,[],merged,2,370,710400,449541917.5210018,128,100,,float32,native_horizon,96,128,fixed_1024_median_feedback_sign_flip,239733.8811064189,239733.8811064189,53.51321404534417,0.8351733595640756,0.12295012656349524,0.12010742942284384,8.310312372787214,489.62626676519193,0.773744308046073,0.08456561173972496,0.06856856272294612,0.8351733595640756,1.0749568648612153,0.7769366258914049,-0.2523964945002205,0.06856856272294612,0.09292762757833782,0.7378705828376275,-0.3039868317680142,Energy,1
electricity/15T/short|H=96|L=4096|Hsrc=controlled|Lsrc=controlled|origins=shared_origin_v1:Hmax=720,joint-scaling,release,standard_hl_shared_origin_v1,electricity/15T/short,TimesFM-2.5,timesfm25,timesfm-2.5-200m-pytorch,231.28928,200.0,96,controlled,shared_origin_v1:Hmax=720,720,720,4096,controlled,125856,139536,4096,4096,256,256,100,[],merged,2,370,710400,449541917.5210018,128,100,,float32,native_horizon,96,128,fixed_1024_median_feedback_sign_flip,238094.64576682152,238094.64576682152,53.01917680620073,0.8202357389264514,0.1191319193083204,0.11724715439391152,8.197060734788778,487.9494295178769,0.7710944435193975,0.08378489688086843,0.06783281738810859,0.8202357389264514,1.0749568648612153,0.7630406072455286,-0.270444028608561,0.06783281738810859,0.09292762757833782,0.7299531813714457,-0.3147748820040528,Energy,1
electricity/15T/short|H=96|L=6144|Hsrc=controlled|Lsrc=controlled|origins=shared_origin_v1:Hmax=720,joint-scaling-l6144,release,standard_hl_shared_origin_v1,electricity/15T/short,TimesFM-2.5,timesfm25,timesfm-2.5-200m-pytorch,231.28928,200.0,96,controlled,shared_origin_v1:Hmax=720,720,720,6144,controlled,125856,139536,6144,6144,256,256,100,[],merged,6,370,710400,449541917.5210018,128,100,,float32,native_horizon,96,128,fixed_1024_median_feedback_sign_flip,228347.1121044482,228347.1121044482,52.55200901340794,0.8182233433806281,0.12039170858016786,0.11657416445263455,8.192253478039285,477.85679037181023,0.75514529490851,0.08304664314508751,0.0672607814951124,0.8182233433806281,1.0749568648612153,0.7611685362707709,-0.27290047879334534,0.0672607814951124,0.09292762757833782,0.7237974674260536,-0.323243666855503,Energy,1
electricity/15T/short|H=96|L=8192|Hsrc=controlled|Lsrc=controlled|origins=shared_origin_v1:Hmax=720,joint-scaling,release,standard_hl_shared_origin_v1,electricity/15T/short,TimesFM-2.5,timesfm25,timesfm-2.5-200m-pytorch,231.28928,200.0,96,controlled,shared_origin_v1:Hmax=720,720,720,8192,controlled,125856,139536,8192,8192,256,256,100,[],merged,2,370,710400,449541917.5210018,128,100,,float32,native_horizon,96,128,fixed_1024_median_feedback_sign_flip,222793.48983319258,222793.48983319258,52.47055263759854,0.8188552041005971,0.12046473349151053,0.11659293594681217,8.18143005020428,472.01005268234763,0.7459058396036548,0.08291791964429784,0.06715434184205564,0.8188552041005971,1.0749568648612153,0.7617563372706282,-0.27212854179335527,0.06715434184205564,0.09292762757833782,0.7226520636765923,-0.3248274123844622,Energy,1
electricity/15T/short|H=192|L=128|Hsrc=controlled|Lsrc=controlled|origins=shared_origin_v1:Hmax=720,joint-scaling,release,standard_hl_shared_origin_v1,electricity/15T/short,TimesFM-2.5,timesfm25,timesfm-2.5-200m-pytorch,231.28928,200.0,192,controlled,shared_origin_v1:Hmax=720,720,720,128,controlled,125856,139536,128,128,256,256,100,[],merged,2,370,1420800,899544419.732925,128,100,,float32,native_horizon,192,128,fixed_1024_median_feedback_sign_flip,567367.7091188063,567367.7091188063,103.35598280898085,1.7177539764602183,0.26499447762191425,0.2346819191570086,15.339858428849112,753.2381490065451,1.1897141915751555,0.16324728068303648,0.137239332292633,1.7177539764602183,1.1437313288387232,1.5018859177393729,0.4067215968883318,0.137239332292633,0.10019956699000873,1.3696599338230437,0.3145624855406554,Energy,1
electricity/15T/short|H=192|L=256|Hsrc=controlled|Lsrc=controlled|origins=shared_origin_v1:Hmax=720,joint-scaling,release,standard_hl_shared_origin_v1,electricity/15T/short,TimesFM-2.5,timesfm25,timesfm-2.5-200m-pytorch,231.28928,200.0,192,controlled,shared_origin_v1:Hmax=720,720,720,256,controlled,125856,139536,256,256,256,256,100,[],merged,2,370,1420800,899544419.732925,128,100,,float32,native_horizon,192,128,fixed_1024_median_feedback_sign_flip,336184.18708474096,336184.18708474096,71.48241738809122,1.1296957303322814,0.1916462271480132,0.16700100666092538,11.214065291737368,579.8139245350537,0.9157964919886787,0.11290406165284628,0.09320249063297882,1.1296957303322814,1.1437313288387232,0.9877282381337821,-0.012347681688558982,0.09320249063297882,0.10019956699000873,0.9301685968590302,-0.07238942232013419,Energy,1
electricity/15T/short|H=192|L=512|Hsrc=controlled|Lsrc=controlled|origins=shared_origin_v1:Hmax=720,joint-scaling,release,standard_hl_shared_origin_v1,electricity/15T/short,TimesFM-2.5,timesfm25,timesfm-2.5-200m-pytorch,231.28928,200.0,192,controlled,shared_origin_v1:Hmax=720,720,720,512,controlled,125856,139536,512,512,256,256,100,[],merged,2,370,1420800,899544419.732925,128,100,,float32,native_horizon,192,128,fixed_1024_median_feedback_sign_flip,299489.7753343187,299489.7753343187,65.45460055514499,1.0180632569212102,0.17240032747513098,0.15038995609442932,10.034653334901366,547.2565900327913,0.8643732828106948,0.10338332874808016,0.08454218256284368,1.0180632569212102,1.1437313288387232,0.8901244822548414,-0.11639395833445758,0.08454218256284368,0.10019956699000873,0.8437380030921061,-0.16991325545398597,Energy,1
electricity/15T/short|H=192|L=1024|Hsrc=controlled|Lsrc=controlled|origins=shared_origin_v1:Hmax=720,joint-scaling,release,standard_hl_shared_origin_v1,electricity/15T/short,TimesFM-2.5,timesfm25,timesfm-2.5-200m-pytorch,231.28928,200.0,192,controlled,shared_origin_v1:Hmax=720,720,720,1024,controlled,125856,139536,1024,1024,256,256,100,[],merged,2,370,1420800,899544419.732925,128,100,,float32,native_horizon,192,128,fixed_1024_median_feedback_sign_flip,268375.367282165,268375.367282165,59.827953969594596,0.9225605625264559,0.15372578735676237,0.135648958528827,9.221462135786682,518.0495799459401,0.8182417977821747,0.09449623068668202,0.07688363555464849,0.9225605625264559,1.1437313288387232,0.8066234956273944,-0.21489826774892376,0.07688363555464849,0.10019956699000873,0.7673050679182559,-0.2648708149483682,Energy,1
electricity/15T/short|H=192|L=2048|Hsrc=controlled|Lsrc=controlled|origins=shared_origin_v1:Hmax=720,joint-scaling,release,standard_hl_shared_origin_v1,electricity/15T/short,TimesFM-2.5,timesfm25,timesfm-2.5-200m-pytorch,231.28928,200.0,192,controlled,shared_origin_v1:Hmax=720,720,720,2048,controlled,125856,139536,2048,2048,256,256,100,[],merged,2,370,1420800,899544419.732925,128,100,,float32,native_horizon,192,128,fixed_1024_median_feedback_sign_flip,262205.7900464527,262205.7900464527,57.34165632918074,0.8809435414881126,0.13066205389768148,0.12651347946440264,8.901176237472066,512.0603382868593,0.8087819930604151,0.09056920761810602,0.07381782559436884,0.8809435414881126,1.1437313288387232,0.7702364351447558,-0.26105775263770736,0.07381782559436884,0.10019956699000873,0.7367080299032578,-0.3055636255248123,Energy,1
electricity/15T/short|H=192|L=4096|Hsrc=controlled|Lsrc=controlled|origins=shared_origin_v1:Hmax=720,joint-scaling,release,standard_hl_shared_origin_v1,electricity/15T/short,TimesFM-2.5,timesfm25,timesfm-2.5-200m-pytorch,231.28928,200.0,192,controlled,shared_origin_v1:Hmax=720,720,720,4096,controlled,125856,139536,4096,4096,256,256,100,[],merged,2,370,1420800,899544419.732925,128,100,,float32,native_horizon,192,128,fixed_1024_median_feedback_sign_flip,244887.06818940034,244887.06818940034,56.206653645833335,0.8623679753564192,0.1272964049999378,0.12292398419114384,8.764578475571062,494.8606553257193,0.7816156752943139,0.08877650925088278,0.07220697159868843,0.8623679753564192,1.1437313288387232,0.7539952378781268,-0.28236922680562865,0.07220697159868843,0.10019956699000873,0.7206315732471025,-0.32762726640859896,Energy,1
electricity/15T/short|H=192|L=6144|Hsrc=controlled|Lsrc=controlled|origins=shared_origin_v1:Hmax=720,joint-scaling-l6144,release,standard_hl_shared_origin_v1,electricity/15T/short,TimesFM-2.5,timesfm25,timesfm-2.5-200m-pytorch,231.28928,200.0,192,controlled,shared_origin_v1:Hmax=720,720,720,6144,controlled,125856,139536,6144,6144,256,256,100,[],merged,6,370,1420800,899544419.7329249,128,100,,float32,native_horizon,192,128,fixed_1024_median_feedback_sign_flip,242829.24066828546,242829.24066828546,56.19615375140766,0.8598450322055073,0.12764243347199442,0.12206718712495257,8.755212122155708,492.777069949775,0.778324722632943,0.08875992502260818,0.07217300185704036,0.8598450322055073,1.1437313288387232,0.7517893499328578,-0.28529911404330416,0.07217300185704036,0.10019956699000873,0.7202925524043132,-0.32809782671501575,Energy,1
electricity/15T/short|H=192|L=8192|Hsrc=controlled|Lsrc=controlled|origins=shared_origin_v1:Hmax=720,joint-scaling,release,standard_hl_shared_origin_v1,electricity/15T/short,TimesFM-2.5,timesfm25,timesfm-2.5-200m-pytorch,231.28928,200.0,192,controlled,shared_origin_v1:Hmax=720,720,720,8192,controlled,125856,139536,8192,8192,256,256,100,[],merged,2,370,1420800,899544419.732925,128,100,,float32,native_horizon,192,128,fixed_1024_median_feedback_sign_flip,237641.39849486205,237641.39849486205,56.11321724556588,0.8601813455435714,0.12778330172226515,0.12201104439833757,8.736499511945393,487.48476744905787,0.7699657097503423,0.08862892961547199,0.07204445721624701,0.8601813455435714,1.1437313288387232,0.7520833991816491,-0.2849080580145122,0.07204445721624701,0.10019956699000873,0.7190096662137355,-0.3298804773824256,Energy,1
electricity/15T/short|H=336|L=128|Hsrc=controlled|Lsrc=controlled|origins=shared_origin_v1:Hmax=720,joint-scaling,release,standard_hl_shared_origin_v1,electricity/15T/short,TimesFM-2.5,timesfm25,timesfm-2.5-200m-pytorch,231.28928,200.0,336,controlled,shared_origin_v1:Hmax=720,720,720,128,controlled,125856,139536,128,128,256,256,100,[],merged,2,370,2486400,1571221544.6917512,128,100,,float32,native_horizon,336,128,fixed_1024_median_feedback_sign_flip,589527.1626270913,589527.1626270913,107.3967417752574,1.7826092051824085,0.27608408239269955,0.24230806422941636,15.947148855706738,767.8067221814949,1.2150257489032836,0.16995137296337628,0.14338668970414842,1.7826092051824085,1.1622606248712446,1.5337430925872466,0.4277112134222457,0.14338668970414842,0.10413680885837828,1.376906890810802,0.3198396000390076,Energy,1
electricity/15T/short|H=336|L=256|Hsrc=controlled|Lsrc=controlled|origins=shared_origin_v1:Hmax=720,joint-scaling,release,standard_hl_shared_origin_v1,electricity/15T/short,TimesFM-2.5,timesfm25,timesfm-2.5-200m-pytorch,231.28928,200.0,336,controlled,shared_origin_v1:Hmax=720,720,720,256,controlled,125856,139536,256,256,256,256,100,[],merged,2,370,2486400,1571221544.6917512,128,100,,float32,native_horizon,336,128,fixed_1024_median_feedback_sign_flip,394371.5985899292,394371.5985899292,74.37384969232626,1.1602622672883833,0.19870301741991783,0.17156222268838828,10.99530997061673,627.9901261882461,0.9937711553342937,0.11769386723326722,0.09687329531771925,1.1602622672883833,1.1622606248712446,0.9982806286816414,-0.0017208511337018057,0.09687329531771925,0.10413680885837828,0.9302502773007275,-0.07230161366275677,Energy,1
electricity/15T/short|H=336|L=512|Hsrc=controlled|Lsrc=controlled|origins=shared_origin_v1:Hmax=720,joint-scaling,release,standard_hl_shared_origin_v1,electricity/15T/short,TimesFM-2.5,timesfm25,timesfm-2.5-200m-pytorch,231.28928,200.0,336,controlled,shared_origin_v1:Hmax=720,720,720,512,controlled,125856,139536,512,512,256,256,100,[],merged,2,370,2486400,1571221544.6917512,128,100,,float32,native_horizon,336,128,fixed_1024_median_feedback_sign_flip,345752.71011904755,345752.71011904755,66.76761331644144,1.0207386797604214,0.17399919115219548,0.15150038897933582,9.316206403404832,588.0074065171692,0.930499979779182,0.10565727940203921,0.08597756334090237,1.0207386797604214,1.1622606248712446,0.8782356193762471,-0.12984036215045022,0.08597756334090237,0.10413680885837828,0.8256212599891386,-0.19161913363055244,Energy,1
electricity/15T/short|H=336|L=1024|Hsrc=controlled|Lsrc=controlled|origins=shared_origin_v1:Hmax=720,joint-scaling,release,standard_hl_shared_origin_v1,electricity/15T/short,TimesFM-2.5,timesfm25,timesfm-2.5-200m-pytorch,231.28928,200.0,336,controlled,shared_origin_v1:Hmax=720,720,720,1024,controlled,125856,139536,1024,1024,256,256,100,[],merged,2,370,2486400,1571221544.6917512,128,100,,float32,native_horizon,336,128,fixed_1024_median_feedback_sign_flip,308573.32548503863,308573.32548503863,61.45348250733993,0.9289712920038506,0.15653398243482164,0.13710757465200754,8.417351226616788,555.4937672783004,0.879048347845645,0.09724786388174593,0.07889272128027636,0.9289712920038506,1.1622606248712446,0.7992796728416763,-0.2240443658737469,0.07889272128027636,0.10413680885837828,0.757587275288675,-0.27761653333279873,Energy,1
electricity/15T/short|H=336|L=2048|Hsrc=controlled|Lsrc=controlled|origins=shared_origin_v1:Hmax=720,joint-scaling,release,standard_hl_shared_origin_v1,electricity/15T/short,TimesFM-2.5,timesfm25,timesfm-2.5-200m-pytorch,231.28928,200.0,336,controlled,shared_origin_v1:Hmax=720,720,720,2048,controlled,125856,139536,2048,2048,256,256,100,[],merged,2,370,2486400,1571221544.6917512,128,100,,float32,native_horizon,336,128,fixed_1024_median_feedback_sign_flip,316735.25663087197,316735.25663087197,59.13123974420849,0.8841588156921704,0.13249941865233028,0.127205983337488,8.029326521970214,562.7923743538748,0.8905981236834429,0.09357300057188546,0.07583293078374631,0.8841588156921704,1.1622606248712446,0.760723366835315,-0.273485499907189,0.07583293078374631,0.10413680885837828,0.728204864495857,-0.3171728630985227,Energy,1
electricity/15T/short|H=336|L=4096|Hsrc=controlled|Lsrc=controlled|origins=shared_origin_v1:Hmax=720,joint-scaling,release,standard_hl_shared_origin_v1,electricity/15T/short,TimesFM-2.5,timesfm25,timesfm-2.5-200m-pytorch,231.28928,200.0,336,controlled,shared_origin_v1:Hmax=720,720,720,4096,controlled,125856,139536,4096,4096,256,256,100,[],merged,2,370,2486400,1571221544.6917512,128,100,,float32,native_horizon,336,128,fixed_1024_median_feedback_sign_flip,293643.97481217823,293643.97481217823,57.343279515564674,0.8641122481979749,0.12768039967251452,0.12320621802881909,7.859190718922752,541.8892643448274,0.8575197249674351,0.09074361961824524,0.07348973312623208,0.8641122481979749,1.1622606248712446,0.7434754561126954,-0.2964195249076517,0.07348973312623208,0.10413680885837828,0.7057037173683232,-0.3485597933566302,Energy,1
electricity/15T/short|H=336|L=6144|Hsrc=controlled|Lsrc=controlled|origins=shared_origin_v1:Hmax=720,joint-scaling-l6144,release,standard_hl_shared_origin_v1,electricity/15T/short,TimesFM-2.5,timesfm25,timesfm-2.5-200m-pytorch,231.28928,200.0,336,controlled,shared_origin_v1:Hmax=720,720,720,6144,controlled,125856,139536,6144,6144,256,256,100,[],merged,6,370,2486400,1571221544.6917512,128,100,,float32,native_horizon,336,128,fixed_1024_median_feedback_sign_flip,290011.837945222,290011.837945222,57.32978055622587,0.8613120624568397,0.12663316685688172,0.12215893148575414,7.855355565440375,538.5274718574922,0.8521998126554191,0.09072225801420322,0.07351267536720203,0.8613120624568397,1.1622606248712446,0.7410661980846645,-0.29966532152964037,0.07351267536720203,0.10413680885837828,0.705924026029799,-0.34824765913527495,Energy,1
electricity/15T/short|H=336|L=8192|Hsrc=controlled|Lsrc=controlled|origins=shared_origin_v1:Hmax=720,joint-scaling,release,standard_hl_shared_origin_v1,electricity/15T/short,TimesFM-2.5,timesfm25,timesfm-2.5-200m-pytorch,231.28928,200.0,336,controlled,shared_origin_v1:Hmax=720,720,720,8192,controlled,125856,139536,8192,8192,256,256,100,[],merged,2,370,2486400,1571221544.6917512,128,100,,float32,native_horizon,336,128,fixed_1024_median_feedback_sign_flip,288940.3343870656,288940.3343870656,57.48503555592423,0.8631557470987136,0.12670446192288615,0.12214671324932519,7.857183121867497,537.5317054714685,0.850624049167085,0.09096794331081474,0.07363972134282472,0.8631557470987136,1.1622606248712446,0.7426524900078535,-0.2975270556436327,0.07363972134282472,0.10413680885837828,0.7071440170878643,-0.3465209321497869,Energy,1
electricity/15T/short|H=720|L=128|Hsrc=controlled|Lsrc=controlled|origins=shared_origin_v1:Hmax=720,joint-scaling,release,standard_hl_shared_origin_v1,electricity/15T/short,TimesFM-2.5,timesfm25,timesfm-2.5-200m-pytorch,231.28928,200.0,720,controlled,shared_origin_v1:Hmax=720,720,720,128,controlled,125856,139536,128,128,256,256,100,[],merged,2,370,5328000,3377233537.273105,128,100,,float32,native_horizon,720,128,fixed_1024_median_feedback_sign_flip,608335.8691996997,608335.8691996997,112.57735585585586,1.8568920949370777,0.2801035957211609,0.24656178409501195,16.635303175741342,779.958889429244,1.230480781685712,0.17760458238381377,0.14969352450308507,1.8568920949370777,1.1635317074801095,1.595910178467415,0.46744421828813093,0.14969352450308507,0.11255332059997462,1.3299787487844124,0.28516296374842237,Energy,1
electricity/15T/short|H=720|L=256|Hsrc=controlled|Lsrc=controlled|origins=shared_origin_v1:Hmax=720,joint-scaling,release,standard_hl_shared_origin_v1,electricity/15T/short,TimesFM-2.5,timesfm25,timesfm-2.5-200m-pytorch,231.28928,200.0,720,controlled,shared_origin_v1:Hmax=720,720,720,256,controlled,125856,139536,256,256,256,256,100,[],merged,2,370,5328000,3377233537.273105,128,100,,float32,native_horizon,720,128,fixed_1024_median_feedback_sign_flip,431483.0023198198,431483.0023198198,76.48343118900151,1.1806086649926975,0.19381098718071585,0.1716179309896823,10.910342554599366,656.8736578062936,1.0362987368702403,0.12066199061378285,0.09959784972871674,1.1806086649926975,1.1635317074801095,1.0146768303801295,0.0145701680815523,0.09959784972871674,0.11255332059997462,0.8848948142782666,-0.12228649496075739,Energy,1
electricity/15T/short|H=720|L=512|Hsrc=controlled|Lsrc=controlled|origins=shared_origin_v1:Hmax=720,joint-scaling,release,standard_hl_shared_origin_v1,electricity/15T/short,TimesFM-2.5,timesfm25,timesfm-2.5-200m-pytorch,231.28928,200.0,720,controlled,shared_origin_v1:Hmax=720,720,720,512,controlled,125856,139536,512,512,256,256,100,[],merged,2,370,5328000,3377233537.273105,128,100,,float32,native_horizon,720,128,fixed_1024_median_feedback_sign_flip,398989.8807372372,398989.8807372372,70.84892098348348,1.0608501047555412,0.18001587008165135,0.15568244296308492,9.208200618204245,631.6564578449564,0.9965155119581458,0.11177285989668125,0.09075053028638905,1.0608501047555412,1.1635317074801095,0.9117500605574829,-0.09238938287439395,0.09075053028638905,0.11255332059997462,0.8062892307631261,-0.21531275374507797,Energy,1
electricity/15T/short|H=720|L=1024|Hsrc=controlled|Lsrc=controlled|origins=shared_origin_v1:Hmax=720,joint-scaling,release,standard_hl_shared_origin_v1,electricity/15T/short,TimesFM-2.5,timesfm25,timesfm-2.5-200m-pytorch,231.28928,200.0,720,controlled,shared_origin_v1:Hmax=720,720,720,1024,controlled,125856,139536,1024,1024,256,256,100,[],merged,2,370,5328000,3377233537.273105,128,100,,float32,native_horizon,720,128,fixed_1024_median_feedback_sign_flip,346505.5164268018,346505.5164268018,65.33931752064565,0.9845187522750278,0.16219406686747642,0.1437520101356801,8.287393904413072,588.6471918108518,0.928663121265989,0.10308078488143005,0.08388698158299353,0.9845187522750278,1.1635317074801095,0.8461469042448576,-0.16706228877107898,0.08388698158299353,0.11255332059997462,0.7453088112889709,-0.2939566346915832,Energy,1
electricity/15T/short|H=720|L=2048|Hsrc=controlled|Lsrc=controlled|origins=shared_origin_v1:Hmax=720,joint-scaling,release,standard_hl_shared_origin_v1,electricity/15T/short,TimesFM-2.5,timesfm25,timesfm-2.5-200m-pytorch,231.28928,200.0,720,controlled,shared_origin_v1:Hmax=720,720,720,2048,controlled,125856,139536,2048,2048,256,256,100,[],merged,2,370,5328000,3377233537.273105,128,100,,float32,native_horizon,720,128,fixed_1024_median_feedback_sign_flip,371545.2581685436,371545.2581685436,63.72546440972222,0.9478569768190027,0.14852525164641975,0.13615150379181049,7.907832755236826,609.5451239806152,0.9616321716356602,0.10053473371851793,0.08126851915877643,0.9478569768190027,1.1635317074801095,0.8146378570737887,-0.20501161164144857,0.08126851915877643,0.11255332059997462,0.7220446160590197,-0.32566834690295393,Energy,1
electricity/15T/short|H=720|L=4096|Hsrc=controlled|Lsrc=controlled|origins=shared_origin_v1:Hmax=720,joint-scaling,release,standard_hl_shared_origin_v1,electricity/15T/short,TimesFM-2.5,timesfm25,timesfm-2.5-200m-pytorch,231.28928,200.0,720,controlled,shared_origin_v1:Hmax=720,720,720,4096,controlled,125856,139536,4096,4096,256,256,100,[],merged,2,370,5328000,3377233537.273105,128,100,,float32,native_horizon,720,128,fixed_1024_median_feedback_sign_flip,338231.8179114114,338231.8179114114,61.14083596096096,0.9217158706683285,0.14295885235535927,0.13071693114877003,7.668833293847851,581.5770094419237,0.917509041678095,0.09645716542985314,0.07782192056224314,0.9217158706683285,1.1635317074801095,0.7921708233156037,-0.23297822442004323,0.07782192056224314,0.11255332059997462,0.6914226976814817,-0.3690039234516226,Energy,1
electricity/15T/short|H=720|L=6144|Hsrc=controlled|Lsrc=controlled|origins=shared_origin_v1:Hmax=720,joint-scaling-l6144,release,standard_hl_shared_origin_v1,electricity/15T/short,TimesFM-2.5,timesfm25,timesfm-2.5-200m-pytorch,231.28928,200.0,720,controlled,shared_origin_v1:Hmax=720,720,720,6144,controlled,125856,139536,6144,6144,256,256,100,[],merged,6,370,5328000,3377233537.273105,128,100,,float32,native_horizon,720,128,fixed_1024_median_feedback_sign_flip,322598.7088213213,322598.7088213213,60.55295572916667,0.9184865203217832,0.13972878942912195,0.12960048278591918,7.6759319044428755,567.977736202152,0.8960545206857422,0.09552971228205305,0.07724149570283402,0.9184865203217832,1.1635317074801095,0.7893953507386344,-0.23648800538482787,0.07724149570283402,0.11255332059997462,0.6862658097610266,-0.3764902485206298,Energy,1
electricity/15T/short|H=720|L=8192|Hsrc=controlled|Lsrc=controlled|origins=shared_origin_v1:Hmax=720,joint-scaling,release,standard_hl_shared_origin_v1,electricity/15T/short,TimesFM-2.5,timesfm25,timesfm-2.5-200m-pytorch,231.28928,200.0,720,controlled,shared_origin_v1:Hmax=720,720,720,8192,controlled,125856,139536,8192,8192,256,256,100,[],merged,2,370,5328000,3377233537.273105,128,100,,float32,native_horizon,720,128,fixed_1024_median_feedback_sign_flip,330345.87741216214,330345.87741216214,60.97178549643393,0.9209860058683611,0.1394763105791599,0.12980558099685632,7.700174530249005,574.7572334578854,0.9067500088656071,0.09619046759416623,0.0777056950733138,0.9209860058683611,1.1635317074801095,0.7915435393359105,-0.23377039253733725,0.0777056950733138,0.11255332059997462,0.6903900716486842,-0.37049851989470367,Energy,1
electricity/H/short|H=48|L=128|Hsrc=controlled|Lsrc=controlled|origins=shared_origin_v1:Hmax=720,joint-scaling,release,standard_hl_shared_origin_v1,electricity/H/short,TimesFM-2.5,timesfm25,timesfm-2.5-200m-pytorch,231.28928,200.0,48,controlled,shared_origin_v1:Hmax=720,720,720,128,controlled,31464,34344,128,128,256,256,100,[],merged,2,370,88800,233807888.7616248,128,100,,float32,native_horizon,48,128,fixed_1024_median_feedback_sign_flip,4162253.4320720723,4162253.4320720723,219.15266891891892,0.9793110374315979,0.1585613225416336,0.12379598168203906,8.689947639691509,2040.1601486334528,0.7748507638395205,0.08323396230586946,0.06814804811961009,0.9793110374315979,1.094084047932727,0.8950967151765051,-0.11082350489579476,0.06814804811961009,0.08020420811235865,0.8496817027872279,-0.16289346693730963,Energy,1
electricity/H/short|H=48|L=256|Hsrc=controlled|Lsrc=controlled|origins=shared_origin_v1:Hmax=720,joint-scaling,release,standard_hl_shared_origin_v1,electricity/H/short,TimesFM-2.5,timesfm25,timesfm-2.5-200m-pytorch,231.28928,200.0,48,controlled,shared_origin_v1:Hmax=720,720,720,256,controlled,31464,34344,256,256,256,256,100,[],merged,2,370,88800,233807888.7616248,128,100,,float32,native_horizon,48,128,fixed_1024_median_feedback_sign_flip,3422535.1430630633,3422535.1430630633,194.9358544481982,0.8342768017628174,0.12816085557138776,0.10314665834704707,7.389789945545783,1850.00949810077,0.7026317388239982,0.07403644062946246,0.05923760486466604,0.8342768017628174,1.094084047932727,0.7625344719532146,-0.27110756240350187,0.05923760486466604,0.08020420811235865,0.738584748342377,-0.3030194261914756,Energy,1
electricity/H/short|H=48|L=512|Hsrc=controlled|Lsrc=controlled|origins=shared_origin_v1:Hmax=720,joint-scaling,release,standard_hl_shared_origin_v1,electricity/H/short,TimesFM-2.5,timesfm25,timesfm-2.5-200m-pytorch,231.28928,200.0,48,controlled,shared_origin_v1:Hmax=720,720,720,512,controlled,31464,34344,512,512,256,256,100,[],merged,2,370,88800,233807888.7616248,128,100,,float32,native_horizon,48,128,fixed_1024_median_feedback_sign_flip,2879113.8457657658,2879113.8457657658,185.01238668355856,0.7902419555736248,0.09535128901908843,0.09521849007843758,6.858052073035402,1696.7951690660148,0.644441091406804,0.0702675175953966,0.055761049037644256,0.7902419555736248,1.094084047932727,0.7222863335470322,-0.32533363484774924,0.055761049037644256,0.08020420811235865,0.6952384463359853,-0.36350040400544525,Energy,1
electricity/H/short|H=48|L=1024|Hsrc=controlled|Lsrc=controlled|origins=shared_origin_v1:Hmax=720,joint-scaling,release,standard_hl_shared_origin_v1,electricity/H/short,TimesFM-2.5,timesfm25,timesfm-2.5-200m-pytorch,231.28928,200.0,48,controlled,shared_origin_v1:Hmax=720,720,720,1024,controlled,31464,34344,1024,1024,256,256,100,[],merged,2,370,88800,233807888.7616248,128,100,,float32,native_horizon,48,128,fixed_1024_median_feedback_sign_flip,2875515.482882883,2875515.482882883,179.38556728603604,0.759130344803727,0.08886654643276852,0.09225114733451002,6.737560305400347,1695.734496577481,0.6440382490669639,0.06813045727144224,0.05422496770979658,0.759130344803727,1.094084047932727,0.6938501171259234,-0.36549931135930436,0.05422496770979658,0.08020420811235865,0.6760863174888834,-0.3914345224976447,Energy,1
electricity/H/short|H=48|L=2048|Hsrc=controlled|Lsrc=controlled|origins=shared_origin_v1:Hmax=720,joint-scaling,release,standard_hl_shared_origin_v1,electricity/H/short,TimesFM-2.5,timesfm25,timesfm-2.5-200m-pytorch,231.28928,200.0,48,controlled,shared_origin_v1:Hmax=720,720,720,2048,controlled,31464,34344,2048,2048,256,256,100,[],merged,2,370,88800,233807888.7616248,128,100,,float32,native_horizon,48,128,fixed_1024_median_feedback_sign_flip,2403959.734774775,2403959.734774775,176.33465934684685,0.7617324905075418,0.0872555172815638,0.09241722847843714,6.752300549712776,1550.4708106813152,0.5888672478834627,0.06697172551762955,0.053329315893527754,0.7617324905075418,1.094084047932727,0.6962284953764166,-0.36207737457107764,0.053329315893527754,0.08020420811235865,0.6649191750489991,-0.40808978699272336,Energy,1
electricity/H/short|H=48|L=4096|Hsrc=controlled|Lsrc=controlled|origins=shared_origin_v1:Hmax=720,joint-scaling,release,standard_hl_shared_origin_v1,electricity/H/short,TimesFM-2.5,timesfm25,timesfm-2.5-200m-pytorch,231.28928,200.0,48,controlled,shared_origin_v1:Hmax=720,720,720,4096,controlled,31464,34344,4096,4096,256,256,100,[],merged,2,370,88800,233807888.7616248,128,100,,float32,native_horizon,48,128,fixed_1024_median_feedback_sign_flip,2307772.7394594597,2307772.7394594597,173.97775900900902,0.761278830944802,0.08797055580817358,0.09271407879974079,6.6816034196465575,1519.1355237303417,0.5769661375488864,0.06607657714984552,0.05246396970700666,0.761278830944802,1.094084047932727,0.6958138475588226,-0.3626731148256207,0.05246396970700666,0.08020420811235865,0.6541298884655716,-0.4244493410280717,Energy,1
electricity/H/short|H=48|L=6144|Hsrc=controlled|Lsrc=controlled|origins=shared_origin_v1:Hmax=720,joint-scaling-l6144,release,standard_hl_shared_origin_v1,electricity/H/short,TimesFM-2.5,timesfm25,timesfm-2.5-200m-pytorch,231.28928,200.0,48,controlled,shared_origin_v1:Hmax=720,720,720,6144,controlled,31464,34344,6144,6144,256,256,100,[],merged,6,370,88800,233807888.7616248,128,100,,float32,native_horizon,48,128,fixed_1024_median_feedback_sign_flip,2229309.061036036,2229309.061036036,171.6058572635135,0.7578312981599697,0.08768797857087447,0.09202669417257256,6.649338767654272,1493.0870909079738,0.5670729690725029,0.06517573126258489,0.051902124207344975,0.7578312981599697,1.094084047932727,0.6926627799682235,-0.36721200721727393,0.051902124207344975,0.08020420811235865,0.6471247011707281,-0.43521626554000736,Energy,1
electricity/H/short|H=48|L=8192|Hsrc=controlled|Lsrc=controlled|origins=shared_origin_v1:Hmax=720,joint-scaling,release,standard_hl_shared_origin_v1,electricity/H/short,TimesFM-2.5,timesfm25,timesfm-2.5-200m-pytorch,231.28928,200.0,48,controlled,shared_origin_v1:Hmax=720,720,720,8192,controlled,31464,34344,8192,8192,256,256,100,[],merged,2,370,88800,233807888.7616248,128,100,,float32,native_horizon,48,128,fixed_1024_median_feedback_sign_flip,2222650.026666667,2222650.026666667,171.32942708333334,0.756906876739385,0.0880842866763229,0.0918768909188084,6.620802176767409,1490.8554680674672,0.566225400971672,0.06507074335935367,0.051767635666094436,0.756906876739385,1.094084047932727,0.6918178527230713,-0.368432576620844,0.051767635666094436,0.08020420811235865,0.645447874674765,-0.4378108238154348,Energy,1
electricity/H/short|H=96|L=128|Hsrc=controlled|Lsrc=controlled|origins=shared_origin_v1:Hmax=720,joint-scaling,release,standard_hl_shared_origin_v1,electricity/H/short,TimesFM-2.5,timesfm25,timesfm-2.5-200m-pytorch,231.28928,200.0,96,controlled,shared_origin_v1:Hmax=720,720,720,128,controlled,31464,34344,128,128,256,256,100,[],merged,2,370,177600,461364305.2107418,128,100,,float32,native_horizon,96,128,fixed_1024_median_feedback_sign_flip,7093008.800720721,7093008.800720721,250.9515575731982,1.0209651378922442,0.19311400169046283,0.12489377884424166,9.009001753645014,2663.2703206247616,1.0252132720300118,0.09660261125888746,0.07948001044639476,1.0209651378922442,1.2416698443439862,0.8222516980201389,-0.1957087288252412,0.07948001044639476,0.09885782226113703,0.8039830195373414,-0.21817713000463165,Energy,1
electricity/H/short|H=96|L=256|Hsrc=controlled|Lsrc=controlled|origins=shared_origin_v1:Hmax=720,joint-scaling,release,standard_hl_shared_origin_v1,electricity/H/short,TimesFM-2.5,timesfm25,timesfm-2.5-200m-pytorch,231.28928,200.0,96,controlled,shared_origin_v1:Hmax=720,720,720,256,controlled,31464,34344,256,256,256,256,100,[],merged,2,370,177600,461364305.2107418,128,100,,float32,native_horizon,96,128,fixed_1024_median_feedback_sign_flip,6965686.895855856,6965686.895855856,237.5567286036036,0.928126721480537,0.17560451940305075,0.10901482831686883,8.101780032396382,2639.2587777358735,1.0159701425358074,0.09144633540890952,0.07391763650524265,0.928126721480537,1.2416698443439862,0.7474826949436756,-0.29104412456229695,0.07391763650524265,0.09885782226113703,0.7477166178108411,-0.29073122598472456,Energy,1
electricity/H/short|H=96|L=512|Hsrc=controlled|Lsrc=controlled|origins=shared_origin_v1:Hmax=720,joint-scaling,release,standard_hl_shared_origin_v1,electricity/H/short,TimesFM-2.5,timesfm25,timesfm-2.5-200m-pytorch,231.28928,200.0,96,controlled,shared_origin_v1:Hmax=720,720,720,512,controlled,31464,34344,512,512,256,256,100,[],merged,2,370,177600,461364305.2107418,128,100,,float32,native_horizon,96,128,fixed_1024_median_feedback_sign_flip,5820360.714594594,5820360.714594594,229.97853744369368,0.8953077905693217,0.12414389923300367,0.10333874352619234,7.433575604618773,2412.542375709615,0.9286967394027424,0.08852914668234511,0.07075798729933389,0.8953077905693217,1.2416698443439862,0.721051408832709,-0.3270448421132537,0.07075798729933389,0.09885782226113703,0.7157550680453362,-0.33441725428104363,Energy,1
electricity/H/short|H=96|L=1024|Hsrc=controlled|Lsrc=controlled|origins=shared_origin_v1:Hmax=720,joint-scaling,release,standard_hl_shared_origin_v1,electricity/H/short,TimesFM-2.5,timesfm25,timesfm-2.5-200m-pytorch,231.28928,200.0,96,controlled,shared_origin_v1:Hmax=720,720,720,1024,controlled,31464,34344,1024,1024,256,256,100,[],merged,2,370,177600,461364305.2107418,128,100,,float32,native_horizon,96,128,fixed_1024_median_feedback_sign_flip,5897930.978018018,5897930.978018018,222.75888935810812,0.8712076847431753,0.12396054036158513,0.10076681962696774,7.353773692098713,2428.5656215177755,0.9348648118422205,0.08574997741086383,0.06912076500144045,0.8712076847431753,1.2416698443439862,0.7016419773031229,-0.35433200889422534,0.06912076500144045,0.09885782226113703,0.6991936846318048,-0.3578274869587697,Energy,1
electricity/H/short|H=96|L=2048|Hsrc=controlled|Lsrc=controlled|origins=shared_origin_v1:Hmax=720,joint-scaling,release,standard_hl_shared_origin_v1,electricity/H/short,TimesFM-2.5,timesfm25,timesfm-2.5-200m-pytorch,231.28928,200.0,96,controlled,shared_origin_v1:Hmax=720,720,720,2048,controlled,31464,34344,2048,2048,256,256,100,[],merged,2,370,177600,461364305.2107418,128,100,,float32,native_horizon,96,128,fixed_1024_median_feedback_sign_flip,5685577.959639639,5685577.959639639,225.12948620495496,0.8776517881411289,0.11132277605609701,0.1014524221376284,7.3474035631679415,2384.4450003385773,0.917880788082848,0.08666252741797305,0.06992500546468942,0.8776517881411289,1.2416698443439862,0.7068318459524322,-0.34696248302581506,0.06992500546468942,0.09885782226113703,0.7073290091296937,-0.34625936188375117,Energy,1
electricity/H/short|H=96|L=4096|Hsrc=controlled|Lsrc=controlled|origins=shared_origin_v1:Hmax=720,joint-scaling,release,standard_hl_shared_origin_v1,electricity/H/short,TimesFM-2.5,timesfm25,timesfm-2.5-200m-pytorch,231.28928,200.0,96,controlled,shared_origin_v1:Hmax=720,720,720,4096,controlled,31464,34344,4096,4096,256,256,100,[],merged,2,370,177600,461364305.2107418,128,100,,float32,native_horizon,96,128,fixed_1024_median_feedback_sign_flip,5372218.6057657655,5372218.6057657655,221.92572072072073,0.8748988918168558,0.10927461109739894,0.10101968879982613,7.183089955319752,2317.804695345526,0.8922279189009554,0.08542925309749848,0.06869645349777731,0.8748988918168558,1.2416698443439862,0.7046147539155972,-0.35010407387384995,0.06869645349777731,0.09885782226113703,0.6949015457402328,-0.363985104257605,Energy,1
electricity/H/short|H=96|L=6144|Hsrc=controlled|Lsrc=controlled|origins=shared_origin_v1:Hmax=720,joint-scaling-l6144,release,standard_hl_shared_origin_v1,electricity/H/short,TimesFM-2.5,timesfm25,timesfm-2.5-200m-pytorch,231.28928,200.0,96,controlled,shared_origin_v1:Hmax=720,720,720,6144,controlled,31464,34344,6144,6144,256,256,100,[],merged,6,370,177600,461364305.2107418,128,100,,float32,native_horizon,96,128,fixed_1024_median_feedback_sign_flip,5320914.639594595,5320914.639594595,219.8408204884572,0.8697823288026748,0.10798039347579774,0.10077224809001682,7.118890071103234,2306.7107836906202,0.8879573702528296,0.08462668064647008,0.0681577889728247,0.8697823288026748,1.2416698443439862,0.7004940425707195,-0.35596941777982666,0.0681577889728247,0.09885782226113703,0.6894526645831129,-0.3718572359065648,Energy,1
electricity/H/short|H=96|L=8192|Hsrc=controlled|Lsrc=controlled|origins=shared_origin_v1:Hmax=720,joint-scaling,release,standard_hl_shared_origin_v1,electricity/H/short,TimesFM-2.5,timesfm25,timesfm-2.5-200m-pytorch,231.28928,200.0,96,controlled,shared_origin_v1:Hmax=720,720,720,8192,controlled,31464,34344,8192,8192,256,256,100,[],merged,2,370,177600,461364305.2107418,128,100,,float32,native_horizon,96,128,fixed_1024_median_feedback_sign_flip,5247928.744684685,5247928.744684685,219.29342694256758,0.8670871560031551,0.10783401475029022,0.10034019698905164,7.0673357363510165,2290.8358179242537,0.8818463775118136,0.08441596409850134,0.0679619797406424,0.8670871560031551,1.2416698443439862,0.6983234391596785,-0.3590729036621429,0.0679619797406424,0.09885782226113703,0.6874719489684693,-0.3747342517742228,Energy,1
electricity/H/short|H=192|L=128|Hsrc=controlled|Lsrc=controlled|origins=shared_origin_v1:Hmax=720,joint-scaling,release,standard_hl_shared_origin_v1,electricity/H/short,TimesFM-2.5,timesfm25,timesfm-2.5-200m-pytorch,231.28928,200.0,192,controlled,shared_origin_v1:Hmax=720,720,720,128,controlled,31464,34344,128,128,256,256,100,[],merged,2,370,355200,922876130.8595798,128,100,,float32,native_horizon,192,128,fixed_1024_median_feedback_sign_flip,7449387.702702703,7449387.702702703,260.97930813626124,1.100368070244839,0.3098052555385327,0.1317994691048323,9.708801898415654,2729.3566463001316,1.0504849441309432,0.10044668742668428,0.08231539382900892,1.100368070244839,1.3024259480127716,0.8448603714658555,-0.1685839061475498,0.08231539382900892,0.10708945156262589,0.7686601493226519,-0.2631063456221675,Energy,1
electricity/H/short|H=192|L=256|Hsrc=controlled|Lsrc=controlled|origins=shared_origin_v1:Hmax=720,joint-scaling,release,standard_hl_shared_origin_v1,electricity/H/short,TimesFM-2.5,timesfm25,timesfm-2.5-200m-pytorch,231.28928,200.0,192,controlled,shared_origin_v1:Hmax=720,720,720,256,controlled,31464,34344,256,256,256,256,100,[],merged,2,370,355200,922876130.8595798,128,100,,float32,native_horizon,192,128,fixed_1024_median_feedback_sign_flip,7446135.026306306,7446135.026306306,249.75748170045046,1.0288482477994623,0.23067939417566416,0.1189926673280171,8.862762713945878,2728.760712540824,1.0502555789277181,0.09612758910274412,0.07754956514576421,1.0288482477994623,1.3024259480127716,0.7899475969203996,-0.2357886687333538,0.07754956514576421,0.10708945156262589,0.7241568988745193,-0.32274719892223963,Energy,1
electricity/H/short|H=192|L=512|Hsrc=controlled|Lsrc=controlled|origins=shared_origin_v1:Hmax=720,joint-scaling,release,standard_hl_shared_origin_v1,electricity/H/short,TimesFM-2.5,timesfm25,timesfm-2.5-200m-pytorch,231.28928,200.0,192,controlled,shared_origin_v1:Hmax=720,720,720,512,controlled,31464,34344,512,512,256,256,100,[],merged,2,370,355200,922876130.8595798,128,100,,float32,native_horizon,192,128,fixed_1024_median_feedback_sign_flip,6625928.2,6625928.2,243.78560670045044,0.9987165883378379,0.2018466988271812,0.11410555113194283,8.241880251554944,2574.087838439085,0.9907245074828798,0.09382911162665611,0.07490875251495828,0.9987165883378379,1.3024259480127716,0.766812569928962,-0.26551287523639683,0.07490875251495828,0.10708945156262589,0.6994970225536327,-0.357393741420853,Energy,1
electricity/H/short|H=192|L=1024|Hsrc=controlled|Lsrc=controlled|origins=shared_origin_v1:Hmax=720,joint-scaling,release,standard_hl_shared_origin_v1,electricity/H/short,TimesFM-2.5,timesfm25,timesfm-2.5-200m-pytorch,231.28928,200.0,192,controlled,shared_origin_v1:Hmax=720,720,720,1024,controlled,31464,34344,1024,1024,256,256,100,[],merged,2,370,355200,922876130.8595798,128,100,,float32,native_horizon,192,128,fixed_1024_median_feedback_sign_flip,6722562.89009009,6722562.89009009,238.2990040822072,0.9772629004885498,0.20793483235367394,0.1111631590650782,8.100484321013203,2592.790560398215,0.9979228807181865,0.09171740759094242,0.07370948744808761,0.9772629004885498,1.3024259480127716,0.7503404719321262,-0.2872282128854491,0.07370948744808761,0.10708945156262589,0.6882982999028837,-0.37353295957522653,Energy,1
electricity/H/short|H=192|L=2048|Hsrc=controlled|Lsrc=controlled|origins=shared_origin_v1:Hmax=720,joint-scaling,release,standard_hl_shared_origin_v1,electricity/H/short,TimesFM-2.5,timesfm25,timesfm-2.5-200m-pytorch,231.28928,200.0,192,controlled,shared_origin_v1:Hmax=720,720,720,2048,controlled,31464,34344,2048,2048,256,256,100,[],merged,2,370,355200,922876130.8595798,128,100,,float32,native_horizon,192,128,fixed_1024_median_feedback_sign_flip,6569057.288648648,6569057.288648648,242.11897874436937,0.9830409481051811,0.1882769994197011,0.1122309258459091,8.106031388538675,2563.017223634802,0.9864636080544607,0.09318765365607384,0.0746541694626176,0.9830409481051811,1.3024259480127716,0.7547768451673549,-0.28133314273709303,0.0746541694626176,0.10708945156262589,0.6971197290982469,-0.3607981052144018,Energy,1
electricity/H/short|H=192|L=4096|Hsrc=controlled|Lsrc=controlled|origins=shared_origin_v1:Hmax=720,joint-scaling,release,standard_hl_shared_origin_v1,electricity/H/short,TimesFM-2.5,timesfm25,timesfm-2.5-200m-pytorch,231.28928,200.0,192,controlled,shared_origin_v1:Hmax=720,720,720,4096,controlled,31464,34344,4096,4096,256,256,100,[],merged,2,370,355200,922876130.8595798,128,100,,float32,native_horizon,192,128,fixed_1024_median_feedback_sign_flip,6102955.300900901,6102955.300900901,239.8966849662162,0.9780554831931226,0.18553092224864806,0.1114730701761265,7.91186587471113,2470.416017779374,0.9508229113022194,0.0923323289558188,0.07350478406339857,0.9780554831931226,1.3024259480127716,0.7509490153243874,-0.28641751857131986,0.07350478406339857,0.10708945156262589,0.6863867821791297,-0.37631398772583485,Energy,1
electricity/H/short|H=192|L=6144|Hsrc=controlled|Lsrc=controlled|origins=shared_origin_v1:Hmax=720,joint-scaling-l6144,release,standard_hl_shared_origin_v1,electricity/H/short,TimesFM-2.5,timesfm25,timesfm-2.5-200m-pytorch,231.28928,200.0,192,controlled,shared_origin_v1:Hmax=720,720,720,6144,controlled,31464,34344,6144,6144,256,256,100,[],merged,6,370,355200,922876130.8595798,128,100,,float32,native_horizon,192,128,fixed_1024_median_feedback_sign_flip,5875932.841801802,5875932.841801802,237.55776200028154,0.9714071436825854,0.18497968498468853,0.11104279913110005,7.826151355138236,2424.0323516409185,0.9329705932484044,0.0914321155797006,0.07274588832859637,0.9714071436825854,1.3024259480127716,0.745844433739015,-0.29323823438649543,0.07274588832859637,0.10708945156262589,0.6793002230108031,-0.38669209448992065,Energy,1
electricity/H/short|H=192|L=8192|Hsrc=controlled|Lsrc=controlled|origins=shared_origin_v1:Hmax=720,joint-scaling,release,standard_hl_shared_origin_v1,electricity/H/short,TimesFM-2.5,timesfm25,timesfm-2.5-200m-pytorch,231.28928,200.0,192,controlled,shared_origin_v1:Hmax=720,720,720,8192,controlled,31464,34344,8192,8192,256,256,100,[],merged,2,370,355200,922876130.8595798,128,100,,float32,native_horizon,192,128,fixed_1024_median_feedback_sign_flip,5681969.218018018,5681969.218018018,236.2267138231982,0.9671246152435528,0.18373202716667972,0.1104352660871395,7.742243132221667,2383.6881545239967,0.9174427685092563,0.09091981680341776,0.07229249134044863,0.9671246152435528,1.3024259480127716,0.7425563170936373,-0.29765656324403306,0.07229249134044863,0.10708945156262589,0.6750664074339011,-0.39294421156518095,Energy,1
electricity/H/short|H=336|L=128|Hsrc=controlled|Lsrc=controlled|origins=shared_origin_v1:Hmax=720,joint-scaling,release,standard_hl_shared_origin_v1,electricity/H/short,TimesFM-2.5,timesfm25,timesfm-2.5-200m-pytorch,231.28928,200.0,336,controlled,shared_origin_v1:Hmax=720,720,720,128,controlled,31464,34344,128,128,256,256,100,[],merged,2,370,621600,1596780052.5079927,128,100,,float32,native_horizon,336,128,fixed_1024_median_feedback_sign_flip,8934346.296833977,8934346.296833977,282.49276624839126,1.1805688709229964,0.3274382849526737,0.13840709174232274,10.231795953702933,2989.0376874228227,1.1635828137906465,0.10996975020084743,0.08945911348347167,1.1805688709229964,1.3838015311650305,0.8531345314591962,-0.1588380282648396,0.08945911348347167,0.12359715633134309,0.7237958876954006,-0.32324584941685197,Energy,1
electricity/H/short|H=336|L=256|Hsrc=controlled|Lsrc=controlled|origins=shared_origin_v1:Hmax=720,joint-scaling,release,standard_hl_shared_origin_v1,electricity/H/short,TimesFM-2.5,timesfm25,timesfm-2.5-200m-pytorch,231.28928,200.0,336,controlled,shared_origin_v1:Hmax=720,720,720,256,controlled,31464,34344,256,256,256,256,100,[],merged,2,370,621600,1596780052.5079927,128,100,,float32,native_horizon,336,128,fixed_1024_median_feedback_sign_flip,9208450.485868726,9208450.485868726,274.926171975547,1.1203613055207216,0.27249286172768966,0.12770928281608326,9.35253191841444,3034.5428792272364,1.1812972304889238,0.10702420050374757,0.08591916392197699,1.1203613055207216,1.3838015311650305,0.8096257160356536,-0.21118321707536664,0.08591916392197699,0.12359715633134309,0.6951548601299712,-0.3636206379072141,Energy,1
electricity/H/short|H=336|L=512|Hsrc=controlled|Lsrc=controlled|origins=shared_origin_v1:Hmax=720,joint-scaling,release,standard_hl_shared_origin_v1,electricity/H/short,TimesFM-2.5,timesfm25,timesfm-2.5-200m-pytorch,231.28928,200.0,336,controlled,shared_origin_v1:Hmax=720,720,720,512,controlled,31464,34344,512,512,256,256,100,[],merged,2,370,621600,1596780052.5079927,128,100,,float32,native_horizon,336,128,fixed_1024_median_feedback_sign_flip,9044457.402316602,9044457.402316602,272.70058075933076,1.0946338493145202,0.24476549556711277,0.12295127745366972,8.788998908968974,3007.4004393024557,1.1707311286449384,0.10615781474333737,0.08454105875558095,1.0946338493145202,1.3838015311650305,0.7910338474571146,-0.23441452141302077,0.08454105875558095,0.12359715633134309,0.6840048854274661,-0.37979021894727777,Energy,1
electricity/H/short|H=336|L=1024|Hsrc=controlled|Lsrc=controlled|origins=shared_origin_v1:Hmax=720,joint-scaling,release,standard_hl_shared_origin_v1,electricity/H/short,TimesFM-2.5,timesfm25,timesfm-2.5-200m-pytorch,231.28928,200.0,336,controlled,shared_origin_v1:Hmax=720,720,720,1024,controlled,31464,34344,1024,1024,256,256,100,[],merged,2,370,621600,1596780052.5079927,128,100,,float32,native_horizon,336,128,fixed_1024_median_feedback_sign_flip,8021917.0611068215,8021917.0611068215,261.3392511261261,1.0713622240421465,0.25113926096437733,0.11966631707290173,8.565600261346209,2832.2989003823063,1.1025670027079881,0.10173503748675294,0.0813564964388915,1.0713622240421465,1.3838015311650305,0.7742166776908829,-0.2559034992327363,0.0813564964388915,0.12359715633134309,0.6582392253490726,-0.418186849370035,Energy,1
electricity/H/short|H=336|L=2048|Hsrc=controlled|Lsrc=controlled|origins=shared_origin_v1:Hmax=720,joint-scaling,release,standard_hl_shared_origin_v1,electricity/H/short,TimesFM-2.5,timesfm25,timesfm-2.5-200m-pytorch,231.28928,200.0,336,controlled,shared_origin_v1:Hmax=720,720,720,2048,controlled,31464,34344,2048,2048,256,256,100,[],merged,2,370,621600,1596780052.5079927,128,100,,float32,native_horizon,336,128,fixed_1024_median_feedback_sign_flip,8127537.674131274,8127537.674131274,264.7257979407979,1.0737973634756712,0.22757733618124704,0.12070963462237727,8.578836264500582,2850.883665485366,1.1098017436292047,0.10305336401312311,0.08238808785659804,1.0737973634756712,1.3838015311650305,0.775976423852946,-0.25363314089325106,0.08238808785659804,0.12359715633134309,0.6665856262560725,-0.4055866761131461,Energy,1
electricity/H/short|H=336|L=4096|Hsrc=controlled|Lsrc=controlled|origins=shared_origin_v1:Hmax=720,joint-scaling,release,standard_hl_shared_origin_v1,electricity/H/short,TimesFM-2.5,timesfm25,timesfm-2.5-200m-pytorch,231.28928,200.0,336,controlled,shared_origin_v1:Hmax=720,720,720,4096,controlled,31464,34344,4096,4096,256,256,100,[],merged,2,370,621600,1596780052.5079927,128,100,,float32,native_horizon,336,128,fixed_1024_median_feedback_sign_flip,7624452.413281853,7624452.413281853,260.33875482625484,1.0652236477591712,0.22637970162848725,0.11935779717925404,8.296838149253434,2761.2411001725027,1.074905379216989,0.101345560865334,0.08050621087314104,1.0652236477591712,1.3838015311650305,0.7697806540670274,-0.26164966956412167,0.08050621087314104,0.12359715633134309,0.6513597340161896,-0.42869320257901694,Energy,1
electricity/H/short|H=336|L=6144|Hsrc=controlled|Lsrc=controlled|origins=shared_origin_v1:Hmax=720,joint-scaling-l6144,release,standard_hl_shared_origin_v1,electricity/H/short,TimesFM-2.5,timesfm25,timesfm-2.5-200m-pytorch,231.28928,200.0,336,controlled,shared_origin_v1:Hmax=720,720,720,6144,controlled,31464,34344,6144,6144,256,256,100,[],merged,6,370,621600,1596780052.5079927,128,100,,float32,native_horizon,336,128,fixed_1024_median_feedback_sign_flip,7336116.938635779,7336116.938635779,256.90431849259977,1.0551519993053307,0.22548063521684225,0.11897163603657732,8.170563263791063,2708.5267099727444,1.0543845411111374,0.10000859174322675,0.07946164020439186,1.0551519993053307,1.3838015311650305,0.7625024077094293,-0.27114961285384515,0.07946164020439186,0.12359715633134309,0.6429083205714591,-0.4417531456699042,Energy,1
electricity/H/short|H=336|L=8192|Hsrc=controlled|Lsrc=controlled|origins=shared_origin_v1:Hmax=720,joint-scaling,release,standard_hl_shared_origin_v1,electricity/H/short,TimesFM-2.5,timesfm25,timesfm-2.5-200m-pytorch,231.28928,200.0,336,controlled,shared_origin_v1:Hmax=720,720,720,8192,controlled,31464,34344,8192,8192,256,256,100,[],merged,2,370,621600,1596780052.5079927,128,100,,float32,native_horizon,336,128,fixed_1024_median_feedback_sign_flip,7042522.435212354,7042522.435212354,254.91122586872586,1.0478469310090934,0.22339829215545862,0.11809135312239234,8.05745952198135,2653.7751289836815,1.0330706584074134,0.09923271383001377,0.07879219615635247,1.0478469310090934,1.3838015311650305,0.7572234221528177,-0.27809692754109067,0.07879219615635247,0.12359715633134309,0.6374919819767042,-0.45021357932009504,Energy,1
electricity/H/short|H=720|L=128|Hsrc=controlled|Lsrc=controlled|origins=shared_origin_v1:Hmax=720,joint-scaling,release,standard_hl_shared_origin_v1,electricity/H/short,TimesFM-2.5,timesfm25,timesfm-2.5-200m-pytorch,231.28928,200.0,720,controlled,shared_origin_v1:Hmax=720,720,720,128,controlled,31464,34344,128,128,256,256,100,[],merged,2,370,1332000,3377284407.603507,128,100,,float32,native_horizon,720,128,fixed_1024_median_feedback_sign_flip,10314648.604444444,10314648.604444444,313.17213513513514,1.331679177270453,0.4036879473388654,0.15490181014011029,12.004624493831344,3211.642664501212,1.2666709441125164,0.1235150001169143,0.0998959758920493,1.331679177270453,1.5240786163583666,0.8737601610423268,-0.13494935626874402,0.0998959758920493,0.1534183911456428,0.651134294565873,-0.4290393683926341,Energy,1
electricity/H/short|H=720|L=256|Hsrc=controlled|Lsrc=controlled|origins=shared_origin_v1:Hmax=720,joint-scaling,release,standard_hl_shared_origin_v1,electricity/H/short,TimesFM-2.5,timesfm25,timesfm-2.5-200m-pytorch,231.28928,200.0,720,controlled,shared_origin_v1:Hmax=720,720,720,256,controlled,31464,34344,256,256,256,256,100,[],merged,2,370,1332000,3377284407.603507,128,100,,float32,native_horizon,720,128,fixed_1024_median_feedback_sign_flip,11765015.341357358,11765015.341357358,310.31699324324325,1.2719962112942003,0.3362342134309257,0.14507897849491302,11.210712995926498,3430.016813567735,1.3527976457612563,0.12238893297508936,0.09858481461233291,1.2719962112942003,1.5240786163583666,0.834600129968038,-0.18080255509975326,0.09858481461233291,0.1534183911456428,0.6425879835928184,-0.44225153214403656,Energy,1
electricity/H/short|H=720|L=512|Hsrc=controlled|Lsrc=controlled|origins=shared_origin_v1:Hmax=720,joint-scaling,release,standard_hl_shared_origin_v1,electricity/H/short,TimesFM-2.5,timesfm25,timesfm-2.5-200m-pytorch,231.28928,200.0,720,controlled,shared_origin_v1:Hmax=720,720,720,512,controlled,31464,34344,512,512,256,256,100,[],merged,2,370,1332000,3377284407.603507,128,100,,float32,native_horizon,720,128,fixed_1024_median_feedback_sign_flip,12063059.795795796,12063059.795795796,309.813493993994,1.248577785484792,0.3165330420958016,0.13970480262793591,10.77762234741975,3473.1915863936724,1.3698257637588627,0.12219035301585049,0.09802901474861465,1.248577785484792,1.5240786163583666,0.8192345014774525,-0.19938490952240678,0.09802901474861465,0.1534183911456428,0.6389652115146611,-0.4479052681607085,Energy,1
electricity/H/short|H=720|L=1024|Hsrc=controlled|Lsrc=controlled|origins=shared_origin_v1:Hmax=720,joint-scaling,release,standard_hl_shared_origin_v1,electricity/H/short,TimesFM-2.5,timesfm25,timesfm-2.5-200m-pytorch,231.28928,200.0,720,controlled,shared_origin_v1:Hmax=720,720,720,1024,controlled,31464,34344,1024,1024,256,256,100,[],merged,2,370,1332000,3377284407.603507,128,100,,float32,native_horizon,720,128,fixed_1024_median_feedback_sign_flip,10305790.629285285,10305790.629285285,293.47445645645644,1.2262520492411637,0.32070906389267717,0.1361870552182029,10.383968674051573,3210.2633270941005,1.2661269338354617,0.11574624130556568,0.09342029243794267,1.2262520492411637,1.5240786163583666,0.8045858239066239,-0.21742763843023305,0.09342029243794267,0.1534183911456428,0.6089249909370849,-0.4960601864489843,Energy,1
electricity/H/short|H=720|L=2048|Hsrc=controlled|Lsrc=controlled|origins=shared_origin_v1:Hmax=720,joint-scaling,release,standard_hl_shared_origin_v1,electricity/H/short,TimesFM-2.5,timesfm25,timesfm-2.5-200m-pytorch,231.28928,200.0,720,controlled,shared_origin_v1:Hmax=720,720,720,2048,controlled,31464,34344,2048,2048,256,256,100,[],merged,2,370,1332000,3377284407.603507,128,100,,float32,native_horizon,720,128,fixed_1024_median_feedback_sign_flip,9151338.797741741,9151338.797741741,289.73414339339337,1.2304286227639405,0.30230379925088546,0.1371654008562493,10.394533209926651,3025.11798079707,1.1931056624517349,0.11427106290815754,0.09186614922096349,1.2304286227639405,1.5240786163583666,0.8073262163496044,-0.21402745899769476,0.09186614922096349,0.1534183911456428,0.5987948937214009,-0.5128361539923938,Energy,1
electricity/H/short|H=720|L=4096|Hsrc=controlled|Lsrc=controlled|origins=shared_origin_v1:Hmax=720,joint-scaling,release,standard_hl_shared_origin_v1,electricity/H/short,TimesFM-2.5,timesfm25,timesfm-2.5-200m-pytorch,231.28928,200.0,720,controlled,shared_origin_v1:Hmax=720,720,720,4096,controlled,31464,34344,4096,4096,256,256,100,[],merged,2,370,1332000,3377284407.603507,128,100,,float32,native_horizon,720,128,fixed_1024_median_feedback_sign_flip,8089412.300876877,8089412.300876877,281.1148963963964,1.2127178854168548,0.3018617441689618,0.13547431776754054,9.992843365940026,2844.1892167851415,1.121747409909747,0.11087163436901754,0.08816249315182498,1.2127178854168548,1.5240786163583666,0.7957055970738064,-0.2285260144725688,0.08816249315182498,0.1534183911456428,0.5746540065599486,-0.5539871470173974,Energy,1
electricity/H/short|H=720|L=6144|Hsrc=controlled|Lsrc=controlled|origins=shared_origin_v1:Hmax=720,joint-scaling-l6144,release,standard_hl_shared_origin_v1,electricity/H/short,TimesFM-2.5,timesfm25,timesfm-2.5-200m-pytorch,231.28928,200.0,720,controlled,shared_origin_v1:Hmax=720,720,720,6144,controlled,31464,34344,6144,6144,256,256,100,[],merged,6,370,1332000,3377284407.6035066,128,100,,float32,native_horizon,720,128,fixed_1024_median_feedback_sign_flip,7532492.799903904,7532492.799903904,273.3206537162162,1.1927585959695681,0.30004872954140455,0.13434580557878037,9.722275716871417,2744.5387226096673,1.0824452836384453,0.10779758729539045,0.08574138274206185,1.1927585959695681,1.5240786163583666,0.7826096260175511,-0.2451212692334874,0.08574138274206185,0.1534183911456428,0.5588729102279923,-0.5818331836825926,Energy,1
electricity/H/short|H=720|L=8192|Hsrc=controlled|Lsrc=controlled|origins=shared_origin_v1:Hmax=720,joint-scaling,release,standard_hl_shared_origin_v1,electricity/H/short,TimesFM-2.5,timesfm25,timesfm-2.5-200m-pytorch,231.28928,200.0,720,controlled,shared_origin_v1:Hmax=720,720,720,8192,controlled,31464,34344,8192,8192,256,256,100,[],merged,2,370,1332000,3377284407.603507,128,100,,float32,native_horizon,720,128,fixed_1024_median_feedback_sign_flip,6997942.0894174175,6997942.0894174175,268.9569039039039,1.1774748295854667,0.29630725822392234,0.13239699635198543,9.55470104187485,2645.3623739324294,1.0433301602154168,0.10607652562320376,0.08441733247565326,1.1774748295854667,1.5240786163583666,0.7725814252278698,-0.25801787093921347,0.08441733247565326,0.1534183911456428,0.5502425872496238,-0.597396030270809,Energy,1
ett1/15T/short|H=48|L=128|Hsrc=controlled|Lsrc=controlled|origins=shared_origin_v1:Hmax=720,joint-scaling,release,standard_hl_shared_origin_v1,ett1/15T/short,TimesFM-2.5,timesfm25,timesfm-2.5-200m-pytorch,231.28928,200.0,48,controlled,shared_origin_v1:Hmax=720,720,720,128,controlled,62480,68960,128,128,256,256,100,[],merged,2,7,3360,16478.703990906477,128,100,,float32,native_horizon,48,128,fixed_1024_median_feedback_sign_flip,10.796969749813988,10.796969749813988,2.03954827444894,1.5778984286703914,1.2530206942614346,0.5482346126011439,10.793399403472653,3.2858742748032808,0.6699882205197434,0.4158629347265475,0.3354593776766725,1.5778984286703914,0.9939964905165176,1.5874285711516511,0.4621154562222835,0.3354593776766725,0.274987154404103,1.219909265956851,0.19877648381290283,Energy,7
ett1/15T/short|H=48|L=256|Hsrc=controlled|Lsrc=controlled|origins=shared_origin_v1:Hmax=720,joint-scaling,release,standard_hl_shared_origin_v1,ett1/15T/short,TimesFM-2.5,timesfm25,timesfm-2.5-200m-pytorch,231.28928,200.0,48,controlled,shared_origin_v1:Hmax=720,720,720,256,controlled,62480,68960,256,256,256,256,100,[],merged,2,7,3360,16478.703990906477,128,100,,float32,native_horizon,48,128,fixed_1024_median_feedback_sign_flip,4.982157389322917,4.982157389322917,1.1515514010474794,0.8570095187474299,0.6600668684913705,0.3239075070335751,7.6528213095492585,2.232074682738666,0.455118978903957,0.23480078953142777,0.1963219923679956,0.8570095187474299,0.9939964905165176,0.8621856585249067,-0.14828465039024602,0.1963219923679956,0.274987154404103,0.7139315027039181,-0.33696825583291956,Energy,7
ett1/15T/short|H=48|L=512|Hsrc=controlled|Lsrc=controlled|origins=shared_origin_v1:Hmax=720,joint-scaling,release,standard_hl_shared_origin_v1,ett1/15T/short,TimesFM-2.5,timesfm25,timesfm-2.5-200m-pytorch,231.28928,200.0,48,controlled,shared_origin_v1:Hmax=720,720,720,512,controlled,62480,68960,512,512,256,256,100,[],merged,2,7,3360,16478.703990906477,128,100,,float32,native_horizon,48,128,fixed_1024_median_feedback_sign_flip,3.4929033733549573,3.4929033733549573,1.0078468686058408,0.7499344923143981,0.4581659496589419,0.3130379268101284,6.945901186187313,1.86893107774336,0.3810741684954713,0.20549950289685034,0.16830742036883867,0.7499344923143981,0.9939964905165176,0.7544639236348855,-0.281747816847973,0.16830742036883867,0.274987154404103,0.6120555730450783,-0.49093219496317964,Energy,7
ett1/15T/short|H=48|L=1024|Hsrc=controlled|Lsrc=controlled|origins=shared_origin_v1:Hmax=720,joint-scaling,release,standard_hl_shared_origin_v1,ett1/15T/short,TimesFM-2.5,timesfm25,timesfm-2.5-200m-pytorch,231.28928,200.0,48,controlled,shared_origin_v1:Hmax=720,720,720,1024,controlled,62480,68960,1024,1024,256,256,100,[],merged,2,7,3360,16478.703990906477,128,100,,float32,native_horizon,48,128,fixed_1024_median_feedback_sign_flip,6.568156651088169,6.568156651088169,1.2299154917399089,0.815373536809036,0.5910221488805746,0.33256481715611047,6.725200292036225,2.5628415189176583,0.5225621813654316,0.2507791907984123,0.20270832325143107,0.815373536809036,0.9939964905165176,0.8202982048612039,-0.19808734036884962,0.20270832325143107,0.274987154404103,0.737155608925442,-0.3049562707816036,Energy,7
ett1/15T/short|H=48|L=2048|Hsrc=controlled|Lsrc=controlled|origins=shared_origin_v1:Hmax=720,joint-scaling,release,standard_hl_shared_origin_v1,ett1/15T/short,TimesFM-2.5,timesfm25,timesfm-2.5-200m-pytorch,231.28928,200.0,48,controlled,shared_origin_v1:Hmax=720,720,720,2048,controlled,62480,68960,2048,2048,256,256,100,[],merged,2,7,3360,16478.703990906477,128,100,,float32,native_horizon,48,128,fixed_1024_median_feedback_sign_flip,6.594552031017485,6.594552031017485,1.2280629294259207,0.793319513659139,0.7061212486034681,0.32482495989118304,6.512874062264202,2.56798598730941,0.5236111360529984,0.25040145421315446,0.19961289794228326,0.793319513659139,0.9939964905165176,0.7981109804994388,-0.22550761789455673,0.19961289794228326,0.274987154404103,0.7258989910813991,-0.320344404578795,Energy,7
ett1/15T/short|H=48|L=4096|Hsrc=controlled|Lsrc=controlled|origins=shared_origin_v1:Hmax=720,joint-scaling,release,standard_hl_shared_origin_v1,ett1/15T/short,TimesFM-2.5,timesfm25,timesfm-2.5-200m-pytorch,231.28928,200.0,48,controlled,shared_origin_v1:Hmax=720,720,720,4096,controlled,62480,68960,4096,4096,256,256,100,[],merged,2,7,3360,16478.703990906477,128,100,,float32,native_horizon,48,128,fixed_1024_median_feedback_sign_flip,6.216062672932943,6.216062672932943,1.2096990494501023,0.797934090105245,0.6038200827163276,0.33248241061256045,6.01522904418375,2.493203295548308,0.5083629803451245,0.24665706771572118,0.19607837806353093,0.797934090105245,0.9939964905165176,0.8027534279226768,-0.21970767579718167,0.19607837806353093,0.274987154404103,0.7130455911238206,-0.3382099179419314,Energy,7
ett1/15T/short|H=48|L=6144|Hsrc=controlled|Lsrc=controlled|origins=shared_origin_v1:Hmax=720,joint-scaling-l6144,release,standard_hl_shared_origin_v1,ett1/15T/short,TimesFM-2.5,timesfm25,timesfm-2.5-200m-pytorch,231.28928,200.0,48,controlled,shared_origin_v1:Hmax=720,720,720,6144,controlled,62480,68960,6144,6144,256,256,100,[],merged,6,7,3360,16478.703990906477,128,100,,float32,native_horizon,48,128,fixed_1024_median_feedback_sign_flip,5.381500710759844,5.381500710759844,1.1515401045481364,0.7796911109509216,0.526843281132639,0.32606486820039293,5.991341128930581,2.319806179567561,0.4730073898801938,0.23479848618052024,0.18727049165340362,0.7796911109509216,0.9939964905165176,0.7844002653829945,-0.242835846333901,0.18727049165340362,0.274987154404103,0.6810154170990956,-0.38417033417684626,Energy,7
ett1/15T/short|H=48|L=8192|Hsrc=controlled|Lsrc=controlled|origins=shared_origin_v1:Hmax=720,joint-scaling,release,standard_hl_shared_origin_v1,ett1/15T/short,TimesFM-2.5,timesfm25,timesfm-2.5-200m-pytorch,231.28928,200.0,48,controlled,shared_origin_v1:Hmax=720,720,720,8192,controlled,62480,68960,8192,8192,256,256,100,[],merged,2,7,3360,16478.703990906477,128,100,,float32,native_horizon,48,128,fixed_1024_median_feedback_sign_flip,5.102091671171642,5.102091671171642,1.1392399379185267,0.7813232057771408,0.5389301702910803,0.3250467754545666,6.311246292249523,2.258781014434919,0.46056438738686495,0.23229048798489182,0.18534211367557685,0.7813232057771408,0.9939964905165176,0.7860422176854328,-0.2407447759273913,0.18534211367557685,0.274987154404103,0.6740028059754759,-0.3945210049101341,Energy,7
ett1/15T/short|H=96|L=128|Hsrc=controlled|Lsrc=controlled|origins=shared_origin_v1:Hmax=720,joint-scaling,release,standard_hl_shared_origin_v1,ett1/15T/short,TimesFM-2.5,timesfm25,timesfm-2.5-200m-pytorch,231.28928,200.0,96,controlled,shared_origin_v1:Hmax=720,720,720,128,controlled,62480,68960,128,128,256,256,100,[],merged,2,7,6720,34135.138978496194,128,100,,float32,native_horizon,96,128,fixed_1024_median_feedback_sign_flip,10.321149117606026,10.321149117606026,1.8328086126418341,1.390775092331669,1.036972848754959,0.4828681400844029,10.057030057223146,3.212654528206546,0.6324579033689666,0.3608151085809852,0.3002928273968491,1.390775092331669,0.9821805215765067,1.416007609374419,0.3478413691090797,0.3002928273968491,0.25028356996012957,1.1998103888508784,0.18216353501823682,Energy,7
ett1/15T/short|H=96|L=256|Hsrc=controlled|Lsrc=controlled|origins=shared_origin_v1:Hmax=720,joint-scaling,release,standard_hl_shared_origin_v1,ett1/15T/short,TimesFM-2.5,timesfm25,timesfm-2.5-200m-pytorch,231.28928,200.0,96,controlled,shared_origin_v1:Hmax=720,720,720,256,controlled,62480,68960,256,256,256,256,100,[],merged,2,7,6720,34135.138978496194,128,100,,float32,native_horizon,96,128,fixed_1024_median_feedback_sign_flip,5.429189318702335,5.429189318702335,1.247929418654669,0.9014035404852003,0.6475513121018517,0.3404762631370908,7.310803271900988,2.330062084731292,0.45870670745644904,0.24567310824901817,0.19936023113365836,0.9014035404852003,0.9821805215765067,0.9177575004626944,-0.08582208397425334,0.19936023113365836,0.25028356996012957,0.796537428187622,-0.22748115991670564,Energy,7
ett1/15T/short|H=96|L=512|Hsrc=controlled|Lsrc=controlled|origins=shared_origin_v1:Hmax=720,joint-scaling,release,standard_hl_shared_origin_v1,ett1/15T/short,TimesFM-2.5,timesfm25,timesfm-2.5-200m-pytorch,231.28928,200.0,96,controlled,shared_origin_v1:Hmax=720,720,720,512,controlled,62480,68960,512,512,256,256,100,[],merged,2,7,6720,34135.138978496194,128,100,,float32,native_horizon,96,128,fixed_1024_median_feedback_sign_flip,4.980112675258091,4.980112675258091,1.1570260365804037,0.8214964840197078,0.5083910168230695,0.33199393862769716,6.891499217926238,2.231616605794573,0.4393262790108082,0.22777745157910137,0.18564194665722686,0.8214964840197078,0.9821805215765067,0.8364007083963714,-0.1786474644691801,0.18564194665722686,0.25028356996012957,0.7417264612567249,-0.2987747543804987,Energy,7
ett1/15T/short|H=96|L=1024|Hsrc=controlled|Lsrc=controlled|origins=shared_origin_v1:Hmax=720,joint-scaling,release,standard_hl_shared_origin_v1,ett1/15T/short,TimesFM-2.5,timesfm25,timesfm-2.5-200m-pytorch,231.28928,200.0,96,controlled,shared_origin_v1:Hmax=720,720,720,1024,controlled,62480,68960,1024,1024,256,256,100,[],merged,2,7,6720,34135.138978496194,128,100,,float32,native_horizon,96,128,fixed_1024_median_feedback_sign_flip,9.358805956159319,9.358805956159319,1.3917413620721726,0.8905712459874471,0.7972977719448817,0.3442253385271345,7.052267005256336,3.059216559212394,0.6022514011399803,0.27398458693889344,0.22238631728363384,0.8905712459874471,0.9821805215765067,0.9067286781028636,-0.09791201573263912,0.22238631728363384,0.25028356996012957,0.8885374190525579,-0.11817851741485821,Energy,7
ett1/15T/short|H=96|L=2048|Hsrc=controlled|Lsrc=controlled|origins=shared_origin_v1:Hmax=720,joint-scaling,release,standard_hl_shared_origin_v1,ett1/15T/short,TimesFM-2.5,timesfm25,timesfm-2.5-200m-pytorch,231.28928,200.0,96,controlled,shared_origin_v1:Hmax=720,720,720,2048,controlled,62480,68960,2048,2048,256,256,100,[],merged,2,7,6720,34135.138978496194,128,100,,float32,native_horizon,96,128,fixed_1024_median_feedback_sign_flip,7.240356354486375,7.240356354486375,1.318158740089053,0.8426947397683601,0.7814984245479698,0.33767127990722656,6.6503903747577535,2.6907910276508606,0.5297214614302527,0.2594987745319757,0.2058261508784624,0.8426947397683601,0.9821805215765067,0.8579835592908555,-0.15317034134343147,0.2058261508784624,0.25028356996012957,0.8223718037554392,-0.1955626701858211,Energy,7
ett1/15T/short|H=96|L=4096|Hsrc=controlled|Lsrc=controlled|origins=shared_origin_v1:Hmax=720,joint-scaling,release,standard_hl_shared_origin_v1,ett1/15T/short,TimesFM-2.5,timesfm25,timesfm-2.5-200m-pytorch,231.28928,200.0,96,controlled,shared_origin_v1:Hmax=720,720,720,4096,controlled,62480,68960,4096,4096,256,256,100,[],merged,2,7,6720,34135.138978496194,128,100,,float32,native_horizon,96,128,fixed_1024_median_feedback_sign_flip,7.486732192266555,7.486732192266555,1.3399656749906994,0.8588609990623757,0.7381123220260033,0.3440176827566964,6.449564559705842,2.7361893560692314,0.5386587845553654,0.2637917877413661,0.20847826211097342,0.8588609990623757,0.9821805215765067,0.8744431193603903,-0.13416803025195492,0.20847826211097342,0.25028356996012957,0.8329682293735231,-0.18275977755041833,Energy,7
ett1/15T/short|H=96|L=6144|Hsrc=controlled|Lsrc=controlled|origins=shared_origin_v1:Hmax=720,joint-scaling-l6144,release,standard_hl_shared_origin_v1,ett1/15T/short,TimesFM-2.5,timesfm25,timesfm-2.5-200m-pytorch,231.28928,200.0,96,controlled,shared_origin_v1:Hmax=720,720,720,6144,controlled,62480,68960,6144,6144,256,256,100,[],merged,6,7,6720,34135.138978496194,128,100,,float32,native_horizon,96,128,fixed_1024_median_feedback_sign_flip,6.95453185637792,6.95453185637792,1.286029325212751,0.8327492009331027,0.6800664483180174,0.33392054921104797,6.361394229486054,2.6371446407768233,0.5191603876926992,0.25317363057680486,0.20067216555343304,0.8327492009331027,0.9821805215765067,0.8478575808003701,-0.16504260446431396,0.20067216555343304,0.25028356996012957,0.8017792202077041,-0.22092199553797287,Energy,7
ett1/15T/short|H=96|L=8192|Hsrc=controlled|Lsrc=controlled|origins=shared_origin_v1:Hmax=720,joint-scaling,release,standard_hl_shared_origin_v1,ett1/15T/short,TimesFM-2.5,timesfm25,timesfm-2.5-200m-pytorch,231.28928,200.0,96,controlled,shared_origin_v1:Hmax=720,720,720,8192,controlled,62480,68960,8192,8192,256,256,100,[],merged,2,7,6720,34135.138978496194,128,100,,float32,native_horizon,96,128,fixed_1024_median_feedback_sign_flip,7.385259010678246,7.385259010678246,1.3086512611025856,0.8453826534448247,0.690840144162054,0.33856646219889325,6.5210082236157145,2.7175833033558043,0.534995911692507,0.2576270886182517,0.20478038206024732,0.8453826534448247,0.9821805215765067,0.860720239175476,-0.14998575281814566,0.20478038206024732,0.25028356996012957,0.8181934678847239,-0.20065645703774435,Energy,7
ett1/15T/short|H=192|L=128|Hsrc=controlled|Lsrc=controlled|origins=shared_origin_v1:Hmax=720,joint-scaling,release,standard_hl_shared_origin_v1,ett1/15T/short,TimesFM-2.5,timesfm25,timesfm-2.5-200m-pytorch,231.28928,200.0,192,controlled,shared_origin_v1:Hmax=720,720,720,128,controlled,62480,68960,128,128,256,256,100,[],merged,2,7,13440,67466.7129554376,128,100,,float32,native_horizon,192,128,fixed_1024_median_feedback_sign_flip,10.713511439732143,10.713511439732143,1.904411352248419,1.4102601022848675,1.1056161936093345,0.49584405081612726,10.191194293110874,3.2731500790113706,0.652042098019054,0.3793765466404845,0.3146577273611995,1.4102601022848675,1.032985484626417,1.3652274143957532,0.31132101871295853,0.3146577273611995,0.2812593957645288,1.1187456564993543,0.11220810814071361,Energy,7
ett1/15T/short|H=192|L=256|Hsrc=controlled|Lsrc=controlled|origins=shared_origin_v1:Hmax=720,joint-scaling,release,standard_hl_shared_origin_v1,ett1/15T/short,TimesFM-2.5,timesfm25,timesfm-2.5-200m-pytorch,231.28928,200.0,192,controlled,shared_origin_v1:Hmax=720,720,720,256,controlled,62480,68960,256,256,256,256,100,[],merged,2,7,13440,67466.7129554376,128,100,,float32,native_horizon,192,128,fixed_1024_median_feedback_sign_flip,6.803499348958334,6.803499348958334,1.387836910429455,0.9661564420938605,0.7636613581569696,0.3674716586158389,8.01873557384289,2.608351845315032,0.5196080743431063,0.2764700881231911,0.224072825641582,0.9661564420938605,1.032985484626417,0.9353049548835379,-0.06688264791475976,0.224072825641582,0.2812593957645288,0.7966767653485839,-0.22730624663526178,Energy,7
ett1/15T/short|H=192|L=512|Hsrc=controlled|Lsrc=controlled|origins=shared_origin_v1:Hmax=720,joint-scaling,release,standard_hl_shared_origin_v1,ett1/15T/short,TimesFM-2.5,timesfm25,timesfm-2.5-200m-pytorch,231.28928,200.0,192,controlled,shared_origin_v1:Hmax=720,720,720,512,controlled,62480,68960,512,512,256,256,100,[],merged,2,7,13440,67466.7129554376,128,100,,float32,native_horizon,192,128,fixed_1024_median_feedback_sign_flip,5.765228652954102,5.765228652954102,1.3001160031273251,0.895959252061414,0.6853279174785413,0.36281302315848213,7.082499293916607,2.401089055606664,0.4783193888320693,0.25899526324296696,0.20831436124742023,0.895959252061414,1.032985484626417,0.8673493145796148,-0.1423134830216275,0.20831436124742023,0.2812593957645288,0.7406485414688924,-0.3002290692142443,Energy,7
ett1/15T/short|H=192|L=1024|Hsrc=controlled|Lsrc=controlled|origins=shared_origin_v1:Hmax=720,joint-scaling,release,standard_hl_shared_origin_v1,ett1/15T/short,TimesFM-2.5,timesfm25,timesfm-2.5-200m-pytorch,231.28928,200.0,192,controlled,shared_origin_v1:Hmax=720,720,720,1024,controlled,62480,68960,1024,1024,256,256,100,[],merged,2,7,13440,67466.7129554376,128,100,,float32,native_horizon,192,128,fixed_1024_median_feedback_sign_flip,10.507271030970982,10.507271030970982,1.5236231667654856,0.9532352324590574,0.8775816995704886,0.37740523928687686,6.928675239447472,3.241492099476872,0.6457355325098569,0.3035199799174106,0.24256972545427735,0.9532352324590574,1.032985484626417,0.9227963477180886,-0.08034671051645584,0.24256972545427735,0.2812593957645288,0.8624413232308777,-0.14798816342750165,Energy,7
ett1/15T/short|H=192|L=2048|Hsrc=controlled|Lsrc=controlled|origins=shared_origin_v1:Hmax=720,joint-scaling,release,standard_hl_shared_origin_v1,ett1/15T/short,TimesFM-2.5,timesfm25,timesfm-2.5-200m-pytorch,231.28928,200.0,192,controlled,shared_origin_v1:Hmax=720,720,720,2048,controlled,62480,68960,2048,2048,256,256,100,[],merged,2,7,13440,67466.7129554376,128,100,,float32,native_horizon,192,128,fixed_1024_median_feedback_sign_flip,9.000529897780645,9.000529897780645,1.4597797030494326,0.9258894260075549,0.8879014360453317,0.37047044663202194,6.820918914759724,3.000088314996851,0.5976456416394587,0.2908017650414242,0.23106759165359086,0.9258894260075549,1.032985484626417,0.8963237526444102,-0.10945360019520838,0.23106759165359086,0.2812593957645288,0.8215462136846846,-0.1965670878409649,Energy,7
ett1/15T/short|H=192|L=4096|Hsrc=controlled|Lsrc=controlled|origins=shared_origin_v1:Hmax=720,joint-scaling,release,standard_hl_shared_origin_v1,ett1/15T/short,TimesFM-2.5,timesfm25,timesfm-2.5-200m-pytorch,231.28928,200.0,192,controlled,shared_origin_v1:Hmax=720,720,720,4096,controlled,62480,68960,4096,4096,256,256,100,[],merged,2,7,13440,67466.7129554376,128,100,,float32,native_horizon,192,128,fixed_1024_median_feedback_sign_flip,9.20281746273949,9.20281746273949,1.4597687130882626,0.9189330666687641,0.8053667519768096,0.3640294392903646,6.545265823489297,3.0336145870462006,0.604324388485194,0.2907995757384086,0.23027342650653818,0.9189330666687641,1.032985484626417,0.8895895250658817,-0.11699513043612184,0.23027342650653818,0.2812593957645288,0.8187226097126503,-0.2000099463783417,Energy,7
ett1/15T/short|H=192|L=6144|Hsrc=controlled|Lsrc=controlled|origins=shared_origin_v1:Hmax=720,joint-scaling-l6144,release,standard_hl_shared_origin_v1,ett1/15T/short,TimesFM-2.5,timesfm25,timesfm-2.5-200m-pytorch,231.28928,200.0,192,controlled,shared_origin_v1:Hmax=720,720,720,6144,controlled,62480,68960,6144,6144,256,256,100,[],merged,6,7,13440,67466.7129554376,128,100,,float32,native_horizon,192,128,fixed_1024_median_feedback_sign_flip,9.141926424843925,9.141926424843925,1.4386590208326067,0.9015346778630314,0.783492253017635,0.3608295576913016,6.498157480038978,3.0235618771316597,0.6023217946825187,0.28659432767625076,0.227895688130728,0.9015346778630314,1.032985484626417,0.8727467048475271,-0.1361099086013382,0.227895688130728,0.2812593957645288,0.8102687112416431,-0.21038934405632045,Energy,7
ett1/15T/short|H=192|L=8192|Hsrc=controlled|Lsrc=controlled|origins=shared_origin_v1:Hmax=720,joint-scaling,release,standard_hl_shared_origin_v1,ett1/15T/short,TimesFM-2.5,timesfm25,timesfm-2.5-200m-pytorch,231.28928,200.0,192,controlled,shared_origin_v1:Hmax=720,720,720,8192,controlled,62480,68960,8192,8192,256,256,100,[],merged,2,7,13440,67466.7129554376,128,100,,float32,native_horizon,192,128,fixed_1024_median_feedback_sign_flip,9.38903038388207,9.38903038388207,1.4538585299537294,0.9097132901650262,0.784756627547556,0.36485418592180524,6.538852525981956,3.0641524739937585,0.6104078210787793,0.2896222120008186,0.23036072032061458,0.9097132901650262,1.032985484626417,0.8806641561803042,-0.1270789332378558,0.23036072032061458,0.2812593957645288,0.8190329773497532,-0.1996309305553824,Energy,7
ett1/15T/short|H=336|L=128|Hsrc=controlled|Lsrc=controlled|origins=shared_origin_v1:Hmax=720,joint-scaling,release,standard_hl_shared_origin_v1,ett1/15T/short,TimesFM-2.5,timesfm25,timesfm-2.5-200m-pytorch,231.28928,200.0,336,controlled,shared_origin_v1:Hmax=720,720,720,128,controlled,62480,68960,128,128,256,256,100,[],merged,2,7,23520,120869.03296483308,128,100,,float32,native_horizon,336,128,fixed_1024_median_feedback_sign_flip,16.73249113121811,16.73249113121811,2.2311337840800385,1.5612984978681108,1.1011782744997878,0.5348051732900191,11.503569043328005,4.090536777883572,0.7959807624490038,0.4341580743583057,0.3556382410926229,1.5612984978681108,1.1243643896038518,1.388605431036645,0.328299956489293,0.3556382410926229,0.3120969403608288,1.1395121037760065,0.13060019165333756,Energy,7
ett1/15T/short|H=336|L=256|Hsrc=controlled|Lsrc=controlled|origins=shared_origin_v1:Hmax=720,joint-scaling,release,standard_hl_shared_origin_v1,ett1/15T/short,TimesFM-2.5,timesfm25,timesfm-2.5-200m-pytorch,231.28928,200.0,336,controlled,shared_origin_v1:Hmax=720,720,720,256,controlled,62480,68960,256,256,256,256,100,[],merged,2,7,23520,120869.03296483308,128,100,,float32,native_horizon,336,128,fixed_1024_median_feedback_sign_flip,10.150024081898385,10.150024081898385,1.6452753806600768,1.095060774606981,0.79111239460563,0.40276784053465137,9.050256583054226,3.1859102438547113,0.6199487751115251,0.32015542777101463,0.25924152417991364,1.095060774606981,1.1243643896038518,0.9739376173171089,-0.026408025319804417,0.25924152417991364,0.3120969403608288,0.8306442347053876,-0.1855536928763333,Energy,7
ett1/15T/short|H=336|L=512|Hsrc=controlled|Lsrc=controlled|origins=shared_origin_v1:Hmax=720,joint-scaling,release,standard_hl_shared_origin_v1,ett1/15T/short,TimesFM-2.5,timesfm25,timesfm-2.5-200m-pytorch,231.28928,200.0,336,controlled,shared_origin_v1:Hmax=720,720,720,512,controlled,62480,68960,512,512,256,256,100,[],merged,2,7,23520,120869.03296483308,128,100,,float32,native_horizon,336,128,fixed_1024_median_feedback_sign_flip,9.060057597257654,9.060057597257654,1.5896380158508716,1.0490398047920317,0.7356477831357847,0.41034406804714074,7.531836701340587,3.0099929563468506,0.5857168920502226,0.3093289092805983,0.24543961560176883,1.0490398047920317,1.1243643896038518,0.9330069633045216,-0.06934261481374614,0.24543961560176883,0.3120969403608288,0.7864210886463848,-0.2402628938170007,Energy,7
ett1/15T/short|H=336|L=1024|Hsrc=controlled|Lsrc=controlled|origins=shared_origin_v1:Hmax=720,joint-scaling,release,standard_hl_shared_origin_v1,ett1/15T/short,TimesFM-2.5,timesfm25,timesfm-2.5-200m-pytorch,231.28928,200.0,336,controlled,shared_origin_v1:Hmax=720,720,720,1024,controlled,62480,68960,1024,1024,256,256,100,[],merged,2,7,23520,120869.03296483308,128,100,,float32,native_horizon,336,128,fixed_1024_median_feedback_sign_flip,10.780423077434099,10.780423077434099,1.657335512329932,1.0419400700710093,0.833853977317375,0.40487743559337797,7.244526514679247,3.283355460109992,0.6389107162316384,0.32250221825917486,0.2530028050479408,1.0419400700710093,1.1243643896038518,0.9266925204186847,-0.07613346162236077,0.2530028050479408,0.3120969403608288,0.8106545509719939,-0.20991327002291893,Energy,7
ett1/15T/short|H=336|L=2048|Hsrc=controlled|Lsrc=controlled|origins=shared_origin_v1:Hmax=720,joint-scaling,release,standard_hl_shared_origin_v1,ett1/15T/short,TimesFM-2.5,timesfm25,timesfm-2.5-200m-pytorch,231.28928,200.0,336,controlled,shared_origin_v1:Hmax=720,720,720,2048,controlled,62480,68960,2048,2048,256,256,100,[],merged,2,7,23520,120869.03296483308,128,100,,float32,native_horizon,336,128,fixed_1024_median_feedback_sign_flip,9.16743942572146,9.16743942572146,1.5513738100220558,0.9922529649775904,0.8366250920973658,0.3917870553983312,7.245593682221495,3.0277779683658212,0.5891776914992253,0.3018830474331258,0.2376223497338626,0.9922529649775904,1.1243643896038518,0.8825012372787719,-0.12499508816006244,0.2376223497338626,0.3120969403608288,0.7613735317595138,-0.272631198233831,Energy,7
ett1/15T/short|H=336|L=4096|Hsrc=controlled|Lsrc=controlled|origins=shared_origin_v1:Hmax=720,joint-scaling,release,standard_hl_shared_origin_v1,ett1/15T/short,TimesFM-2.5,timesfm25,timesfm-2.5-200m-pytorch,231.28928,200.0,336,controlled,shared_origin_v1:Hmax=720,720,720,4096,controlled,62480,68960,4096,4096,256,256,100,[],merged,2,7,23520,120869.03296483308,128,100,,float32,native_horizon,336,128,fixed_1024_median_feedback_sign_flip,9.065540692595398,9.065540692595398,1.5362976489423894,0.9808174377369977,0.7553587902457515,0.3851146256842581,6.777555023745152,3.0109036338938844,0.5858941015089304,0.29894936541469747,0.23431603368924847,0.9808174377369977,1.1243643896038518,0.8723305778854931,-0.13658682383487977,0.23431603368924847,0.3120969403608288,0.7507796565334653,-0.2866430703568239,Energy,7
ett1/15T/short|H=336|L=6144|Hsrc=controlled|Lsrc=controlled|origins=shared_origin_v1:Hmax=720,joint-scaling-l6144,release,standard_hl_shared_origin_v1,ett1/15T/short,TimesFM-2.5,timesfm25,timesfm-2.5-200m-pytorch,231.28928,200.0,336,controlled,shared_origin_v1:Hmax=720,720,720,6144,controlled,62480,68960,6144,6144,256,256,100,[],merged,6,7,23520,120869.03296483308,128,100,,float32,native_horizon,336,128,fixed_1024_median_feedback_sign_flip,9.203190407785428,9.203190407785428,1.5354446826337957,0.9713174867617023,0.7412707160621007,0.3856616273218272,6.8098192093094445,3.033676055182133,0.5903254048424769,0.29878338603117777,0.2346561021152378,0.9713174867617023,1.1243643896038518,0.8638814033446287,-0.1463197842471558,0.2346561021152378,0.3120969403608288,0.7518692808841436,-0.28519279875375253,Energy,7
ett1/15T/short|H=336|L=8192|Hsrc=controlled|Lsrc=controlled|origins=shared_origin_v1:Hmax=720,joint-scaling,release,standard_hl_shared_origin_v1,ett1/15T/short,TimesFM-2.5,timesfm25,timesfm-2.5-200m-pytorch,231.28928,200.0,336,controlled,shared_origin_v1:Hmax=720,720,720,8192,controlled,62480,68960,8192,8192,256,256,100,[],merged,2,7,23520,120869.03296483308,128,100,,float32,native_horizon,336,128,fixed_1024_median_feedback_sign_flip,9.372368928039966,9.372368928039966,1.5475952356040072,0.9785078032108466,0.7402208822045265,0.38871389376062926,6.838113048397516,3.061432496077607,0.5957265524635676,0.30114777167115,0.23657993096018085,0.9785078032108466,1.1243643896038518,0.8702764088389575,-0.13894440648391163,0.23657993096018085,0.3120969403608288,0.7580334837203483,-0.27702772054185126,Energy,7
ett1/15T/short|H=720|L=128|Hsrc=controlled|Lsrc=controlled|origins=shared_origin_v1:Hmax=720,joint-scaling,release,standard_hl_shared_origin_v1,ett1/15T/short,TimesFM-2.5,timesfm25,timesfm-2.5-200m-pytorch,231.28928,200.0,720,controlled,shared_origin_v1:Hmax=720,720,720,128,controlled,62480,68960,128,128,256,256,100,[],merged,2,7,50400,264426.7650203854,128,100,,float32,native_horizon,720,128,fixed_1024_median_feedback_sign_flip,19.563057570684528,19.563057570684528,2.3857814050099204,1.6165890909237606,1.0860118359170636,0.5405784195188492,11.843722274353121,4.423014534306272,0.843030895574624,0.45473226888825,0.3699108313971177,1.6165890909237606,1.1908857060716118,1.3574678767926616,0.30562110904148326,0.3699108313971177,0.34017934522818005,1.087399445574789,0.08378901586638338,Energy,7
ett1/15T/short|H=720|L=256|Hsrc=controlled|Lsrc=controlled|origins=shared_origin_v1:Hmax=720,joint-scaling,release,standard_hl_shared_origin_v1,ett1/15T/short,TimesFM-2.5,timesfm25,timesfm-2.5-200m-pytorch,231.28928,200.0,720,controlled,shared_origin_v1:Hmax=720,720,720,256,controlled,62480,68960,256,256,256,256,100,[],merged,2,7,50400,264426.7650203854,128,100,,float32,native_horizon,720,128,fixed_1024_median_feedback_sign_flip,10.610495837983631,10.610495837983631,1.749665314205109,1.1667760200651798,0.8042298337375021,0.4241663178943452,8.996056701655446,3.257375605910935,0.6208589759257338,0.3334879199128697,0.2674014709802066,1.1667760200651798,1.1908857060716118,0.9797548279540923,-0.020452914173693087,0.2674014709802066,0.34017934522818005,0.7860602788827268,-0.24072179880301908,Energy,7
ett1/15T/short|H=720|L=512|Hsrc=controlled|Lsrc=controlled|origins=shared_origin_v1:Hmax=720,joint-scaling,release,standard_hl_shared_origin_v1,ett1/15T/short,TimesFM-2.5,timesfm25,timesfm-2.5-200m-pytorch,231.28928,200.0,720,controlled,shared_origin_v1:Hmax=720,720,720,512,controlled,62480,68960,512,512,256,256,100,[],merged,2,7,50400,264426.7650203854,128,100,,float32,native_horizon,720,128,fixed_1024_median_feedback_sign_flip,11.399463510664683,11.399463510664683,1.8019308035714285,1.1677765789542736,0.7698941903663508,0.44193578326512895,8.151657165393082,3.3763091550781725,0.6435278267040077,0.34344977329733867,0.2723599945443055,1.1677765789542736,1.1908857060716118,0.9805950084046532,-0.01959574012605999,0.2723599945443055,0.34017934522818005,0.8006364829752265,-0.22234826392004714,Energy,7
ett1/15T/short|H=720|L=1024|Hsrc=controlled|Lsrc=controlled|origins=shared_origin_v1:Hmax=720,joint-scaling,release,standard_hl_shared_origin_v1,ett1/15T/short,TimesFM-2.5,timesfm25,timesfm-2.5-200m-pytorch,231.28928,200.0,720,controlled,shared_origin_v1:Hmax=720,720,720,1024,controlled,62480,68960,1024,1024,256,256,100,[],merged,2,7,50400,264426.7650203854,128,100,,float32,native_horizon,720,128,fixed_1024_median_feedback_sign_flip,11.031078132750496,11.031078132750496,1.7454908970424108,1.1114351997083172,0.8001667421705989,0.42279833596850197,8.022470453070019,3.321306690558777,0.6330443031788311,0.33269227191943085,0.26313879884946023,1.1114351997083172,1.1908857060716118,0.9332845243181406,-0.06904516822782299,0.26313879884946023,0.34017934522818005,0.7735296176578745,-0.25679131925879983,Energy,7
ett1/15T/short|H=720|L=2048|Hsrc=controlled|Lsrc=controlled|origins=shared_origin_v1:Hmax=720,joint-scaling,release,standard_hl_shared_origin_v1,ett1/15T/short,TimesFM-2.5,timesfm25,timesfm-2.5-200m-pytorch,231.28928,200.0,720,controlled,shared_origin_v1:Hmax=720,720,720,2048,controlled,62480,68960,2048,2048,256,256,100,[],merged,2,7,50400,264426.7650203854,128,100,,float32,native_horizon,720,128,fixed_1024_median_feedback_sign_flip,10.468211689298116,10.468211689298116,1.6811483716207838,1.0712486338777398,0.7852484445983869,0.414209953187004,7.878890058705276,3.2354615882897013,0.6166821427370623,0.3204285236524958,0.2540407842092392,1.0712486338777398,1.1908857060716118,0.899539417104501,-0.10587240542381689,0.2540407842092392,0.34017934522818005,0.7467848585540601,-0.2919781426217993,Energy,7
ett1/15T/short|H=720|L=4096|Hsrc=controlled|Lsrc=controlled|origins=shared_origin_v1:Hmax=720,joint-scaling,release,standard_hl_shared_origin_v1,ett1/15T/short,TimesFM-2.5,timesfm25,timesfm-2.5-200m-pytorch,231.28928,200.0,720,controlled,shared_origin_v1:Hmax=720,720,720,4096,controlled,62480,68960,4096,4096,256,256,100,[],merged,2,7,50400,264426.7650203854,128,100,,float32,native_horizon,720,128,fixed_1024_median_feedback_sign_flip,10.324975469680059,10.324975469680059,1.6541743590339781,1.0575113527608875,0.7310562736851898,0.4072959294394841,7.522135457350872,3.2132499855566885,0.6124485895350726,0.3152872504751372,0.2493707073471476,1.0575113527608875,1.1908857060716118,0.8880040690464849,-0.11877895374091046,0.2493707073471476,0.34017934522818005,0.7330565798457832,-0.31053239065317617,Energy,7
ett1/15T/short|H=720|L=6144|Hsrc=controlled|Lsrc=controlled|origins=shared_origin_v1:Hmax=720,joint-scaling-l6144,release,standard_hl_shared_origin_v1,ett1/15T/short,TimesFM-2.5,timesfm25,timesfm-2.5-200m-pytorch,231.28928,200.0,720,controlled,shared_origin_v1:Hmax=720,720,720,6144,controlled,62480,68960,6144,6144,256,256,100,[],merged,6,7,50400,264426.7650203854,128,100,,float32,native_horizon,720,128,fixed_1024_median_feedback_sign_flip,10.407194240509517,10.407194240509517,1.6652339487227183,1.0535366216638542,0.7239668272945676,0.4081373208666605,7.451838767660988,3.226018326127351,0.6148822477342031,0.3173952190851587,0.25103247283456576,1.0535366216638542,1.1908857060716118,0.8846664430452922,-0.12254460553285211,0.25103247283456576,0.34017934522818005,0.7379415486445311,-0.30389065989702274,Energy,7
ett1/15T/short|H=720|L=8192|Hsrc=controlled|Lsrc=controlled|origins=shared_origin_v1:Hmax=720,joint-scaling,release,standard_hl_shared_origin_v1,ett1/15T/short,TimesFM-2.5,timesfm25,timesfm-2.5-200m-pytorch,231.28928,200.0,720,controlled,shared_origin_v1:Hmax=720,720,720,8192,controlled,62480,68960,8192,8192,256,256,100,[],merged,2,7,50400,264426.7650203854,128,100,,float32,native_horizon,720,128,fixed_1024_median_feedback_sign_flip,10.502072017609127,10.502072017609127,1.6712790837363591,1.0553554336899285,0.7156627799109688,0.41093922448536707,7.4960718394760155,3.240690052690804,0.6176786931649105,0.3185474277303918,0.2522998405821283,1.0553554336899285,1.1908857060716118,0.8861937197745378,-0.12081970693274359,0.2522998405821283,0.34017934522818005,0.7416671356483876,-0.29885474071520146,Energy,7
ett1/H/short|H=48|L=128|Hsrc=controlled|Lsrc=controlled|origins=shared_origin_v1:Hmax=720,joint-scaling,release,standard_hl_shared_origin_v1,ett1/H/short,TimesFM-2.5,timesfm25,timesfm-2.5-200m-pytorch,231.28928,200.0,48,controlled,shared_origin_v1:Hmax=720,720,720,128,controlled,15260,16700,128,128,256,256,100,[],merged,2,7,1008,20577.4390123263,128,100,,float32,native_horizon,48,128,fixed_1024_median_feedback_sign_flip,87.7667715890067,87.7667715890067,5.197519211542039,0.9209817475992996,98761.70329666138,0.3494892574491955,7.164701972397445,9.368392156021581,0.4589171318944502,0.25460405262754265,0.1976723242157231,0.9209817475992996,1.0359567809514858,0.8890156081158269,-0.11764048668666535,0.1976723242157231,0.24896323633412581,0.7939819835505079,-0.23069450873487354,Energy,7
ett1/H/short|H=48|L=256|Hsrc=controlled|Lsrc=controlled|origins=shared_origin_v1:Hmax=720,joint-scaling,release,standard_hl_shared_origin_v1,ett1/H/short,TimesFM-2.5,timesfm25,timesfm-2.5-200m-pytorch,231.28928,200.0,48,controlled,shared_origin_v1:Hmax=720,720,720,256,controlled,15260,16700,256,256,256,256,100,[],merged,2,7,1008,20577.4390123263,128,100,,float32,native_horizon,48,128,fixed_1024_median_feedback_sign_flip,90.51847379169767,90.51847379169767,4.860295734708271,0.8783329153463013,186097.73893304856,0.32822504497709726,6.588338418606141,9.514119706609629,0.4660556961688849,0.23808492872466935,0.1841883368582945,0.8783329153463013,1.0359567809514858,0.8478470641792478,-0.16505500830026917,0.1841883368582945,0.24896323633412581,0.7398214273335565,-0.3013464363190427,Energy,7
ett1/H/short|H=48|L=512|Hsrc=controlled|Lsrc=controlled|origins=shared_origin_v1:Hmax=720,joint-scaling,release,standard_hl_shared_origin_v1,ett1/H/short,TimesFM-2.5,timesfm25,timesfm-2.5-200m-pytorch,231.28928,200.0,48,controlled,shared_origin_v1:Hmax=720,720,720,512,controlled,15260,16700,512,512,256,256,100,[],merged,2,7,1008,20577.4390123263,128,100,,float32,native_horizon,48,128,fixed_1024_median_feedback_sign_flip,78.45872957744295,78.45872957744295,5.071903652615017,0.9059899362735452,190338.39353900484,0.33969615754627047,5.69818508581992,8.857693242455563,0.4339001944336622,0.2484506880945418,0.18780731529293365,0.9059899362735452,1.0359567809514858,0.874544144053412,-0.13405250660550272,0.18780731529293365,0.24896323633412581,0.7543576234720989,-0.28188872173253837,Energy,7
ett1/H/short|H=48|L=1024|Hsrc=controlled|Lsrc=controlled|origins=shared_origin_v1:Hmax=720,joint-scaling,release,standard_hl_shared_origin_v1,ett1/H/short,TimesFM-2.5,timesfm25,timesfm-2.5-200m-pytorch,231.28928,200.0,48,controlled,shared_origin_v1:Hmax=720,720,720,1024,controlled,15260,16700,1024,1024,256,256,100,[],merged,2,7,1008,20577.4390123263,128,100,,float32,native_horizon,48,128,fixed_1024_median_feedback_sign_flip,69.73148370167566,69.73148370167566,4.283610026041667,0.772206471568314,102257.53232435197,0.29382393852112787,5.685872112223184,8.35053792888073,0.4090568426551826,0.20983558273036326,0.16272153104662143,0.772206471568314,1.0359567809514858,0.7454041382489649,-0.29382874023657957,0.16272153104662143,0.24896323633412581,0.6535966251187301,-0.42526489897670977,Energy,7
ett1/H/short|H=48|L=2048|Hsrc=controlled|Lsrc=controlled|origins=shared_origin_v1:Hmax=720,joint-scaling,release,standard_hl_shared_origin_v1,ett1/H/short,TimesFM-2.5,timesfm25,timesfm-2.5-200m-pytorch,231.28928,200.0,48,controlled,shared_origin_v1:Hmax=720,720,720,2048,controlled,15260,16700,2048,2048,256,256,100,[],merged,2,7,1008,20577.4390123263,128,100,,float32,native_horizon,48,128,fixed_1024_median_feedback_sign_flip,83.19377305772569,83.19377305772569,4.770933968680246,0.8441739465358699,144343.1869218009,0.3204534167335147,5.957651581252239,9.121062057552601,0.4468014969455437,0.23370748116657952,0.18103139081080538,0.8441739465358699,1.0359567809514858,0.8148737110060992,-0.20472213356890512,0.18103139081080538,0.24896323633412581,0.7271410569544846,-0.3186347941970482,Energy,7
ett1/H/short|H=48|L=4096|Hsrc=controlled|Lsrc=controlled|origins=shared_origin_v1:Hmax=720,joint-scaling,release,standard_hl_shared_origin_v1,ett1/H/short,TimesFM-2.5,timesfm25,timesfm-2.5-200m-pytorch,231.28928,200.0,48,controlled,shared_origin_v1:Hmax=720,720,720,4096,controlled,15260,16700,4096,4096,256,256,100,[],merged,2,7,1008,20577.4390123263,128,100,,float32,native_horizon,48,128,fixed_1024_median_feedback_sign_flip,81.97239878820994,81.97239878820994,4.723062787737165,0.8622234554226157,134101.7498294588,0.32289253719269284,6.154048286571419,9.05386098789958,0.4435096063380843,0.23136247844968555,0.18132618496901745,0.8622234554226157,1.0359567809514858,0.8322967437219699,-0.18356623862273447,0.18132618496901745,0.24896323633412581,0.7283251440612911,-0.317007704035543,Energy,7
ett1/H/short|H=48|L=6144|Hsrc=controlled|Lsrc=controlled|origins=shared_origin_v1:Hmax=720,joint-scaling-l6144,release,standard_hl_shared_origin_v1,ett1/H/short,TimesFM-2.5,timesfm25,timesfm-2.5-200m-pytorch,231.28928,200.0,48,controlled,shared_origin_v1:Hmax=720,720,720,6144,controlled,15260,16700,6144,6144,256,256,100,[],merged,6,7,1008,20577.4390123263,128,100,,float32,native_horizon,48,128,fixed_1024_median_feedback_sign_flip,84.96200463128469,84.96200463128469,4.8039319477384055,0.8678587717135646,132488.98411167614,0.3266526725557115,6.138773566076221,9.217483638785842,0.4515247744061104,0.23532390986165186,0.18397297704935414,0.8678587717135646,1.0359567809514858,0.8377364651414032,-0.1770517086976733,0.18397297704935414,0.24896323633412581,0.7389564007854145,-0.30251635735837407,Energy,7
ett1/H/short|H=48|L=8192|Hsrc=controlled|Lsrc=controlled|origins=shared_origin_v1:Hmax=720,joint-scaling,release,standard_hl_shared_origin_v1,ett1/H/short,TimesFM-2.5,timesfm25,timesfm-2.5-200m-pytorch,231.28928,200.0,48,controlled,shared_origin_v1:Hmax=720,720,720,8192,controlled,15260,16700,8192,8192,256,256,100,[],merged,2,7,1008,20577.4390123263,128,100,,float32,native_horizon,48,128,fixed_1024_median_feedback_sign_flip,85.78506227523562,85.78506227523562,4.845441000802176,0.880018556543224,146808.2192553263,0.3297952016194661,6.208457718414209,9.262022580151466,0.4537065450759035,0.2373572593694899,0.18523882447789664,0.880018556543224,1.0359567809514858,0.8494741988511928,-0.16313771049008374,0.18523882447789664,0.24896323633412581,0.7440408760966353,-0.29565930466814494,Energy,7
ett1/H/short|H=96|L=128|Hsrc=controlled|Lsrc=controlled|origins=shared_origin_v1:Hmax=720,joint-scaling,release,standard_hl_shared_origin_v1,ett1/H/short,TimesFM-2.5,timesfm25,timesfm-2.5-200m-pytorch,231.28928,200.0,96,controlled,shared_origin_v1:Hmax=720,720,720,128,controlled,15260,16700,128,128,256,256,100,[],merged,2,7,2016,44362.64408172667,128,100,,float32,native_horizon,96,128,fixed_1024_median_feedback_sign_flip,208.552979484437,208.552979484437,7.155807252914187,1.1957640623798067,49381.3277821011,0.4029194059826079,9.83574197223695,14.441363491181745,0.6562681147811612,0.325185924339826,0.26051362752200596,1.1957640623798067,1.2881323512107834,0.928292858459649,-0.07440801574421477,0.26051362752200596,0.2992979528082596,0.8704156679912202,-0.13878440213344276,Energy,7
ett1/H/short|H=96|L=256|Hsrc=controlled|Lsrc=controlled|origins=shared_origin_v1:Hmax=720,joint-scaling,release,standard_hl_shared_origin_v1,ett1/H/short,TimesFM-2.5,timesfm25,timesfm-2.5-200m-pytorch,231.28928,200.0,96,controlled,shared_origin_v1:Hmax=720,720,720,256,controlled,15260,16700,256,256,256,256,100,[],merged,2,7,2016,44362.64408172667,128,100,,float32,native_horizon,96,128,fixed_1024_median_feedback_sign_flip,201.4219224717882,201.4219224717882,6.865722898453001,1.1615889483809922,93049.40573065622,0.3916943868001302,10.465999356299005,14.192319136483233,0.644950632934334,0.31200343554325227,0.25038720846622414,1.1615889483809922,1.2881323512107834,0.9017621110821056,-0.10340452864592256,0.25038720846622414,0.2992979528082596,0.8365817611409814,-0.178431021381923,Energy,7
ett1/H/short|H=96|L=512|Hsrc=controlled|Lsrc=controlled|origins=shared_origin_v1:Hmax=720,joint-scaling,release,standard_hl_shared_origin_v1,ett1/H/short,TimesFM-2.5,timesfm25,timesfm-2.5-200m-pytorch,231.28928,200.0,96,controlled,shared_origin_v1:Hmax=720,720,720,512,controlled,15260,16700,512,512,256,256,100,[],merged,2,7,2016,44362.64408172667,128,100,,float32,native_horizon,96,128,fixed_1024_median_feedback_sign_flip,160.21355232359872,160.21355232359872,6.5391184488932295,1.1304445725947718,95169.60037673466,0.3831778329516214,8.858027743970625,12.657549222641748,0.5752051024243768,0.2971613407145603,0.23569812714946298,1.1304445725947718,1.2881323512107834,0.8775841795543815,-0.13058239712710715,0.23569812714946298,0.2992979528082596,0.7875033054451234,-0.2388877109005251,Energy,7
ett1/H/short|H=96|L=1024|Hsrc=controlled|Lsrc=controlled|origins=shared_origin_v1:Hmax=720,joint-scaling,release,standard_hl_shared_origin_v1,ett1/H/short,TimesFM-2.5,timesfm25,timesfm-2.5-200m-pytorch,231.28928,200.0,96,controlled,shared_origin_v1:Hmax=720,720,720,1024,controlled,15260,16700,1024,1024,256,256,100,[],merged,2,7,2016,44362.64408172667,128,100,,float32,native_horizon,96,128,fixed_1024_median_feedback_sign_flip,176.5201222253224,176.5201222253224,6.091644832066128,1.0514990929276848,51129.11849360996,0.3517914575243753,9.312016786804303,13.286087543943191,0.6037681712398727,0.27682651103530265,0.22325309261192822,1.0514990929276848,1.2881323512107834,0.8162974029332665,-0.2029765260400354,0.22325309261192822,0.2992979528082596,0.7459225514815054,-0.2931335025572811,Energy,7
ett1/H/short|H=96|L=2048|Hsrc=controlled|Lsrc=controlled|origins=shared_origin_v1:Hmax=720,joint-scaling,release,standard_hl_shared_origin_v1,ett1/H/short,TimesFM-2.5,timesfm25,timesfm-2.5-200m-pytorch,231.28928,200.0,96,controlled,shared_origin_v1:Hmax=720,720,720,2048,controlled,15260,16700,2048,2048,256,256,100,[],merged,2,7,2016,44362.64408172667,128,100,,float32,native_horizon,96,128,fixed_1024_median_feedback_sign_flip,171.93289329892113,171.93289329892113,6.458107357933407,1.1306714044154547,72172.01465191916,0.381839843023391,8.82552316959437,13.1123183800166,0.5958714680174354,0.29347990191045903,0.23265204599602182,1.1306714044154547,1.2881323512107834,0.877760273121529,-0.1303817600755361,0.23265204599602182,0.2992979528082596,0.7773258848351248,-0.2518956023418213,Energy,7
ett1/H/short|H=96|L=4096|Hsrc=controlled|Lsrc=controlled|origins=shared_origin_v1:Hmax=720,joint-scaling,release,standard_hl_shared_origin_v1,ett1/H/short,TimesFM-2.5,timesfm25,timesfm-2.5-200m-pytorch,231.28928,200.0,96,controlled,shared_origin_v1:Hmax=720,720,720,4096,controlled,15260,16700,4096,4096,256,256,100,[],merged,2,7,2016,44362.64408172667,128,100,,float32,native_horizon,96,128,fixed_1024_median_feedback_sign_flip,181.8782721625434,181.8782721625434,6.473425728934152,1.144403455380533,67051.3624502515,0.3826755796160017,9.21419517960269,13.486225274795887,0.612863158108909,0.29417602443824636,0.236273159874352,1.144403455380533,1.2881323512107834,0.8884207079380064,-0.1183098779831761,0.236273159874352,0.2992979528082596,0.7894245772730579,-0.23645098211965582,Energy,7
ett1/H/short|H=96|L=6144|Hsrc=controlled|Lsrc=controlled|origins=shared_origin_v1:Hmax=720,joint-scaling-l6144,release,standard_hl_shared_origin_v1,ett1/H/short,TimesFM-2.5,timesfm25,timesfm-2.5-200m-pytorch,231.28928,200.0,96,controlled,shared_origin_v1:Hmax=720,720,720,6144,controlled,15260,16700,6144,6144,256,256,100,[],merged,6,7,2016,44362.64408172667,128,100,,float32,native_horizon,96,128,fixed_1024_median_feedback_sign_flip,185.47819531910002,185.47819531910002,6.474274680728004,1.1413351877562101,66244.96885853722,0.38228583335876465,9.184966103126428,13.619037973333507,0.6188986504875549,0.294214603897425,0.2364427494658985,1.1413351877562101,1.2881323512107834,0.8860387573399652,-0.12099458515777174,0.2364427494658985,0.2992979528082596,0.7899912019023121,-0.2357334704156012,Energy,7
ett1/H/short|H=96|L=8192|Hsrc=controlled|Lsrc=controlled|origins=shared_origin_v1:Hmax=720,joint-scaling,release,standard_hl_shared_origin_v1,ett1/H/short,TimesFM-2.5,timesfm25,timesfm-2.5-200m-pytorch,231.28928,200.0,96,controlled,shared_origin_v1:Hmax=720,720,720,8192,controlled,15260,16700,8192,8192,256,256,100,[],merged,2,7,2016,44362.64408172667,128,100,,float32,native_horizon,96,128,fixed_1024_median_feedback_sign_flip,186.56706746419272,186.56706746419272,6.524026295495411,1.1572160955081616,73404.6196975708,0.3853416140117342,9.344727587186949,13.658955577356299,0.6207126516900463,0.29647549833794384,0.23836587928545366,1.1572160955081616,1.2881323512107834,0.8983673878079634,-0.10717617651957673,0.23836587928545366,0.2992979528082596,0.7964166712431839,-0.2276327737575721,Energy,7
ett1/H/short|H=192|L=128|Hsrc=controlled|Lsrc=controlled|origins=shared_origin_v1:Hmax=720,joint-scaling,release,standard_hl_shared_origin_v1,ett1/H/short,TimesFM-2.5,timesfm25,timesfm-2.5-200m-pytorch,231.28928,200.0,192,controlled,shared_origin_v1:Hmax=720,720,720,128,controlled,15260,16700,128,128,256,256,100,[],merged,2,7,4032,87160.2070671916,128,100,,float32,native_horizon,192,128,fixed_1024_median_feedback_sign_flip,184.61678834945437,184.61678834945437,6.827107626294333,1.147230601190706,63300.72963605609,0.3996284727066282,9.263280894378429,13.587376065652057,0.6285471563241698,0.31581955660107974,0.2532331815023594,1.147230601190706,1.242096558684659,0.9236243295010711,-0.07944985981639997,0.2532331815023594,0.3251852194564498,0.7787352141208665,-0.25008419574339885,Energy,7
ett1/H/short|H=192|L=256|Hsrc=controlled|Lsrc=controlled|origins=shared_origin_v1:Hmax=720,joint-scaling,release,standard_hl_shared_origin_v1,ett1/H/short,TimesFM-2.5,timesfm25,timesfm-2.5-200m-pytorch,231.28928,200.0,192,controlled,shared_origin_v1:Hmax=720,720,720,256,controlled,15260,16700,256,256,256,256,100,[],merged,2,7,4032,87160.2070671916,128,100,,float32,native_horizon,192,128,fixed_1024_median_feedback_sign_flip,174.40835329086062,174.40835329086062,6.622696770562066,1.1211446823189568,87333.18184334891,0.393274292113289,8.62086274611148,13.206375478944274,0.6109222054745059,0.3063635835367072,0.24038992903016415,1.1211446823189568,1.242096558684659,0.9026228069629414,-0.10245052383518988,0.24038992903016415,0.3251852194564498,0.7392400227537347,-0.3021326167846801,Energy,7
ett1/H/short|H=192|L=512|Hsrc=controlled|Lsrc=controlled|origins=shared_origin_v1:Hmax=720,joint-scaling,release,standard_hl_shared_origin_v1,ett1/H/short,TimesFM-2.5,timesfm25,timesfm-2.5-200m-pytorch,231.28928,200.0,192,controlled,shared_origin_v1:Hmax=720,720,720,512,controlled,15260,16700,512,512,256,256,100,[],merged,2,7,4032,87160.2070671916,128,100,,float32,native_horizon,192,128,fixed_1024_median_feedback_sign_flip,164.16163368830604,164.16163368830604,6.667418949187748,1.1213190748132884,96791.54328064692,0.39543074653262184,7.927002901843342,12.81255765599929,0.5927043338614878,0.30843241552192424,0.24121703660681745,1.1213190748132884,1.242096558684659,0.9027632086838159,-0.10229498732394995,0.24121703660681745,0.3251852194564498,0.7417835195892791,-0.2986978309579144,Energy,7
ett1/H/short|H=192|L=1024|Hsrc=controlled|Lsrc=controlled|origins=shared_origin_v1:Hmax=720,joint-scaling,release,standard_hl_shared_origin_v1,ett1/H/short,TimesFM-2.5,timesfm25,timesfm-2.5-200m-pytorch,231.28928,200.0,192,controlled,shared_origin_v1:Hmax=720,720,720,1024,controlled,15260,16700,1024,1024,256,256,100,[],merged,2,7,4032,87160.2070671916,128,100,,float32,native_horizon,192,128,fixed_1024_median_feedback_sign_flip,156.37374296642486,156.37374296642486,6.06672359648205,1.0426361500983996,75718.01295192658,0.36445875016469803,8.280980681116194,12.504948739056264,0.578474455401491,0.28064446338635557,0.22371144219883948,1.0426361500983996,1.242096558684659,0.8394163423192463,-0.17504845922374293,0.22371144219883948,0.3251852194564498,0.6879508317529786,-0.374037909077894,Energy,7
ett1/H/short|H=192|L=2048|Hsrc=controlled|Lsrc=controlled|origins=shared_origin_v1:Hmax=720,joint-scaling,release,standard_hl_shared_origin_v1,ett1/H/short,TimesFM-2.5,timesfm25,timesfm-2.5-200m-pytorch,231.28928,200.0,192,controlled,shared_origin_v1:Hmax=720,720,720,2048,controlled,15260,16700,2048,2048,256,256,100,[],merged,2,7,4032,87160.2070671916,128,100,,float32,native_horizon,192,128,fixed_1024_median_feedback_sign_flip,150.0292716858879,150.0292716858879,6.294364323691716,1.105232480427832,92988.19984738789,0.38810898008800687,8.143088993357802,12.248643667193845,0.5666178744625241,0.29117504199548866,0.22968343505408514,1.105232480427832,1.242096558684659,0.8898120461731559,-0.11674502263355406,0.22968343505408514,0.3251852194564498,0.7063157281195105,-0.34769293448798305,Energy,7
ett1/H/short|H=192|L=4096|Hsrc=controlled|Lsrc=controlled|origins=shared_origin_v1:Hmax=720,joint-scaling,release,standard_hl_shared_origin_v1,ett1/H/short,TimesFM-2.5,timesfm25,timesfm-2.5-200m-pytorch,231.28928,200.0,192,controlled,shared_origin_v1:Hmax=720,720,720,4096,controlled,15260,16700,4096,4096,256,256,100,[],merged,2,7,4032,87160.2070671916,128,100,,float32,native_horizon,192,128,fixed_1024_median_feedback_sign_flip,149.0837639702691,149.0837639702691,6.204989963107639,1.102245204277572,75823.36863784185,0.3863032507517981,8.285186908925091,12.209986239561005,0.5648295956887547,0.28704061604584397,0.22806489999341023,1.102245204277572,1.242096558684659,0.8874070188591577,-0.11945153060370142,0.22806489999341023,0.3251852194564498,0.7013384568173883,-0.3547646884713431,Energy,7
ett1/H/short|H=192|L=6144|Hsrc=controlled|Lsrc=controlled|origins=shared_origin_v1:Hmax=720,joint-scaling-l6144,release,standard_hl_shared_origin_v1,ett1/H/short,TimesFM-2.5,timesfm25,timesfm-2.5-200m-pytorch,231.28928,200.0,192,controlled,shared_origin_v1:Hmax=720,720,720,6144,controlled,15260,16700,6144,6144,256,256,100,[],merged,6,7,4032,87160.2070671916,128,100,,float32,native_horizon,192,128,fixed_1024_median_feedback_sign_flip,150.5815691947937,150.5815691947937,6.211811565217518,1.0945219357652052,73963.5971613479,0.38447100586361355,8.239704939464463,12.27116820823485,0.5676598516736076,0.2873561809192251,0.22786257640987595,1.0945219357652052,1.242096558684659,0.8811890896181769,-0.1264830454081999,0.22786257640987595,0.3251852194564498,0.7007162772980593,-0.3556522138225734,Energy,7
ett1/H/short|H=192|L=8192|Hsrc=controlled|Lsrc=controlled|origins=shared_origin_v1:Hmax=720,joint-scaling,release,standard_hl_shared_origin_v1,ett1/H/short,TimesFM-2.5,timesfm25,timesfm-2.5-200m-pytorch,231.28928,200.0,192,controlled,shared_origin_v1:Hmax=720,720,720,8192,controlled,15260,16700,8192,8192,256,256,100,[],merged,2,7,4032,87160.2070671916,128,100,,float32,native_horizon,192,128,fixed_1024_median_feedback_sign_flip,152.62752375527035,152.62752375527035,6.358187963092138,1.124461172603423,85948.09792285495,0.3905045645577567,8.392812102264651,12.354251242194742,0.5715032431041493,0.29412750072317523,0.23231100898066295,1.124461172603423,1.242096558684659,0.9052928814118862,-0.09949676176827964,0.23231100898066295,0.3251852194564498,0.7143959659943125,-0.3363178961402802,Energy,7
ett1/H/short|H=336|L=128|Hsrc=controlled|Lsrc=controlled|origins=shared_origin_v1:Hmax=720,joint-scaling,release,standard_hl_shared_origin_v1,ett1/H/short,TimesFM-2.5,timesfm25,timesfm-2.5-200m-pytorch,231.28928,200.0,336,controlled,shared_origin_v1:Hmax=720,720,720,128,controlled,15260,16700,128,128,256,256,100,[],merged,2,7,7056,148002.10103227943,128,100,,float32,native_horizon,336,128,fixed_1024_median_feedback_sign_flip,168.41047180590985,168.41047180590985,6.947614812526573,1.2244339328586367,6869893965489.399,0.42874984568208796,10.50073660667236,12.977306030371244,0.6186930503799297,0.3312275283612066,0.26994221766090415,1.2244339328586367,1.3360087461222394,0.9164864649371134,-0.08720798001970621,0.26994221766090415,0.3747062738871697,0.7204101891877803,-0.32793452198832584,Energy,7
ett1/H/short|H=336|L=256|Hsrc=controlled|Lsrc=controlled|origins=shared_origin_v1:Hmax=720,joint-scaling,release,standard_hl_shared_origin_v1,ett1/H/short,TimesFM-2.5,timesfm25,timesfm-2.5-200m-pytorch,231.28928,200.0,336,controlled,shared_origin_v1:Hmax=720,720,720,256,controlled,15260,16700,256,256,256,256,100,[],merged,2,7,7056,148002.10103227943,128,100,,float32,native_horizon,336,128,fixed_1024_median_feedback_sign_flip,158.40902855282738,158.40902855282738,6.754317303093112,1.1997473807199104,6145775640975.705,0.42545247672636766,9.778284751053484,12.586064855737371,0.6000406278199654,0.32201206981670233,0.2549000007686261,1.1997473807199104,1.3360087461222394,0.8980086277145811,-0.10757560302611213,0.2549000007686261,0.3747062738871697,0.6802661672149657,-0.38527113502278865,Energy,7
ett1/H/short|H=336|L=512|Hsrc=controlled|Lsrc=controlled|origins=shared_origin_v1:Hmax=720,joint-scaling,release,standard_hl_shared_origin_v1,ett1/H/short,TimesFM-2.5,timesfm25,timesfm-2.5-200m-pytorch,231.28928,200.0,336,controlled,shared_origin_v1:Hmax=720,720,720,512,controlled,15260,16700,512,512,256,256,100,[],merged,2,7,7056,148002.10103227943,128,100,,float32,native_horizon,336,128,fixed_1024_median_feedback_sign_flip,171.69885004783163,171.69885004783163,7.107380908092404,1.2405748339929459,7514943776697.873,0.44090843633188953,9.849871067976302,13.103390784366908,0.6247041408846474,0.33884437678734236,0.2681583371070737,1.2405748339929459,1.3360087461222394,0.9285678986711051,-0.0741117735920649,0.2681583371070737,0.3747062738871697,0.7156494454315453,-0.3345648332679591,Energy,7
ett1/H/short|H=336|L=1024|Hsrc=controlled|Lsrc=controlled|origins=shared_origin_v1:Hmax=720,joint-scaling,release,standard_hl_shared_origin_v1,ett1/H/short,TimesFM-2.5,timesfm25,timesfm-2.5-200m-pytorch,231.28928,200.0,336,controlled,shared_origin_v1:Hmax=720,720,720,1024,controlled,15260,16700,1024,1024,256,256,100,[],merged,2,7,7056,148002.10103227943,128,100,,float32,native_horizon,336,128,fixed_1024_median_feedback_sign_flip,157.56652250744048,157.56652250744048,6.580825771063634,1.17350072726379,2484133405344.7754,0.4186226462020355,9.672638200979469,12.552550438354768,0.5984428280090014,0.31374086122262296,0.2534917328691933,1.17350072726379,1.3360087461222394,0.8783630576295789,-0.12969526554389618,0.2534917328691933,0.3747062738871697,0.6765078423680835,-0.3908112388766494,Energy,7
ett1/H/short|H=336|L=2048|Hsrc=controlled|Lsrc=controlled|origins=shared_origin_v1:Hmax=720,joint-scaling,release,standard_hl_shared_origin_v1,ett1/H/short,TimesFM-2.5,timesfm25,timesfm-2.5-200m-pytorch,231.28928,200.0,336,controlled,shared_origin_v1:Hmax=720,720,720,2048,controlled,15260,16700,2048,2048,256,256,100,[],merged,2,7,7056,148002.10103227943,128,100,,float32,native_horizon,336,128,fixed_1024_median_feedback_sign_flip,154.85530156072846,154.85530156072846,6.86460575441114,1.2448560036239273,2856001130681.324,0.4469941154358879,9.413249786791429,12.444087011939786,0.5932718342768435,0.32727007160905713,0.2612655761176312,1.2448560036239273,1.3360087461222394,0.9317723459798578,-0.07066675810395795,0.2612655761176312,0.3747062738871697,0.6972543411330834,-0.36060502641563685,Energy,7
ett1/H/short|H=336|L=4096|Hsrc=controlled|Lsrc=controlled|origins=shared_origin_v1:Hmax=720,joint-scaling,release,standard_hl_shared_origin_v1,ett1/H/short,TimesFM-2.5,timesfm25,timesfm-2.5-200m-pytorch,231.28928,200.0,336,controlled,shared_origin_v1:Hmax=720,720,720,4096,controlled,15260,16700,4096,4096,256,256,100,[],merged,2,7,7056,148002.10103227943,128,100,,float32,native_horizon,336,128,fixed_1024_median_feedback_sign_flip,151.62289629393425,151.62289629393425,6.785693663858773,1.2324284777157237,4729742082167.945,0.44102393256293404,9.383987913085587,12.313524933743961,0.5870472873459266,0.32350793778086195,0.2568070164744807,1.2324284777157237,1.3360087461222394,0.9224703665248023,-0.08070002659175407,0.2568070164744807,0.3747062738871697,0.6853555287729437,-0.37781755525777333,Energy,7
ett1/H/short|H=336|L=6144|Hsrc=controlled|Lsrc=controlled|origins=shared_origin_v1:Hmax=720,joint-scaling-l6144,release,standard_hl_shared_origin_v1,ett1/H/short,TimesFM-2.5,timesfm25,timesfm-2.5-200m-pytorch,231.28928,200.0,336,controlled,shared_origin_v1:Hmax=720,720,720,6144,controlled,15260,16700,6144,6144,256,256,100,[],merged,6,7,7056,148002.10103227943,128,100,,float32,native_horizon,336,128,fixed_1024_median_feedback_sign_flip,154.61623116145057,154.61623116145057,6.905977002617453,1.2449394029367864,5237294484775.124,0.4458953788221018,9.204742468318795,12.434477518635456,0.592813701694384,0.32924244582069134,0.2590654703566446,1.2449394029367864,1.3360087461222394,0.9318347702065712,-0.07059976519950444,0.2590654703566446,0.3747062738871697,0.6913827934320992,-0.3690616383647467,Energy,7
ett1/H/short|H=336|L=8192|Hsrc=controlled|Lsrc=controlled|origins=shared_origin_v1:Hmax=720,joint-scaling,release,standard_hl_shared_origin_v1,ett1/H/short,TimesFM-2.5,timesfm25,timesfm-2.5-200m-pytorch,231.28928,200.0,336,controlled,shared_origin_v1:Hmax=720,720,720,8192,controlled,15260,16700,8192,8192,256,256,100,[],merged,2,7,7056,148002.10103227943,128,100,,float32,native_horizon,336,128,fixed_1024_median_feedback_sign_flip,159.41874158517572,159.41874158517572,7.131705009477749,1.2767535082661259,5311811808990.422,0.4504992599660307,9.34337803831962,12.626113479023374,0.6019499458900136,0.3400040282934893,0.265677922931594,1.2767535082661259,1.3360087461222394,0.9556475674069488,-0.04536608724009531,0.265677922931594,0.3747062738871697,0.7090298226807753,-0.34385769031520436,Energy,7
ett1/H/short|H=720|L=128|Hsrc=controlled|Lsrc=controlled|origins=shared_origin_v1:Hmax=720,joint-scaling,release,standard_hl_shared_origin_v1,ett1/H/short,TimesFM-2.5,timesfm25,timesfm-2.5-200m-pytorch,231.28928,200.0,720,controlled,shared_origin_v1:Hmax=720,720,720,128,controlled,15260,16700,128,128,256,256,100,[],merged,2,7,15120,315737.81191634387,128,100,,float32,native_horizon,720,128,fixed_1024_median_feedback_sign_flip,160.14674995866403,160.14674995866403,7.337123842592592,1.3780863231936025,3205950674260.862,0.47951548742869543,10.267280337962815,12.6549101126268,0.6060162377815369,0.35135897036428865,0.28138915781406537,1.3780863231936025,1.478701287480662,0.9319572078966115,-0.07046837962466039,0.28138915781406537,0.4710624864152012,0.5973499608415962,-0.5152521382724409,Energy,7
ett1/H/short|H=720|L=256|Hsrc=controlled|Lsrc=controlled|origins=shared_origin_v1:Hmax=720,joint-scaling,release,standard_hl_shared_origin_v1,ett1/H/short,TimesFM-2.5,timesfm25,timesfm-2.5-200m-pytorch,231.28928,200.0,720,controlled,shared_origin_v1:Hmax=720,720,720,256,controlled,15260,16700,256,256,256,256,100,[],merged,2,7,15120,315737.81191634387,128,100,,float32,native_horizon,720,128,fixed_1024_median_feedback_sign_flip,153.40051669973545,153.40051669973545,7.168273861193783,1.3548152183729534,2868028784772.4453,0.47823536383411874,10.591664794805123,12.385496223395148,0.5931145901123566,0.34327311044382264,0.2695526310180195,1.3548152183729534,1.478701287480662,0.9162196786081254,-0.08749911925314208,0.2695526310180195,0.4710624864152012,0.5722226642781993,-0.5582270901358645,Energy,7
ett1/H/short|H=720|L=512|Hsrc=controlled|Lsrc=controlled|origins=shared_origin_v1:Hmax=720,joint-scaling,release,standard_hl_shared_origin_v1,ett1/H/short,TimesFM-2.5,timesfm25,timesfm-2.5-200m-pytorch,231.28928,200.0,720,controlled,shared_origin_v1:Hmax=720,720,720,512,controlled,15260,16700,512,512,256,256,100,[],merged,2,7,15120,315737.81191634387,128,100,,float32,native_horizon,720,128,fixed_1024_median_feedback_sign_flip,159.44871548445767,159.44871548445767,7.340425553902117,1.3700117992837135,3506973912658.8154,0.4837905803054729,10.382255506657282,12.627300403667352,0.6046940686155028,0.3515170821681838,0.27439916120655566,1.3700117992837135,1.478701287480662,0.9264966568182759,-0.07634484166228751,0.27439916120655566,0.4710624864152012,0.5825111723388143,-0.5404069137454177,Energy,7
ett1/H/short|H=720|L=1024|Hsrc=controlled|Lsrc=controlled|origins=shared_origin_v1:Hmax=720,joint-scaling,release,standard_hl_shared_origin_v1,ett1/H/short,TimesFM-2.5,timesfm25,timesfm-2.5-200m-pytorch,231.28928,200.0,720,controlled,shared_origin_v1:Hmax=720,720,720,1024,controlled,15260,16700,1024,1024,256,256,100,[],merged,2,7,15120,315737.81191634387,128,100,,float32,native_horizon,720,128,fixed_1024_median_feedback_sign_flip,159.14467179232804,159.14467179232804,7.295667601893188,1.3785396274176214,1159262403649.7163,0.48402766474971065,9.916196597943294,12.615255518313058,0.60411726514223,0.34937372078150797,0.2742629175240243,1.3785396274176214,1.478701287480662,0.932263763539632,-0.07013949624604725,0.2742629175240243,0.4710624864152012,0.5822219459910146,-0.5409035534462949,Energy,7
ett1/H/short|H=720|L=2048|Hsrc=controlled|Lsrc=controlled|origins=shared_origin_v1:Hmax=720,joint-scaling,release,standard_hl_shared_origin_v1,ett1/H/short,TimesFM-2.5,timesfm25,timesfm-2.5-200m-pytorch,231.28928,200.0,720,controlled,shared_origin_v1:Hmax=720,720,720,2048,controlled,15260,16700,2048,2048,256,256,100,[],merged,2,7,15120,315737.81191634387,128,100,,float32,native_horizon,720,128,fixed_1024_median_feedback_sign_flip,157.16014694940475,157.16014694940475,7.55416847511574,1.4345639162286943,1332800666563.287,0.5072371225508433,9.971506383660545,12.536353016304412,0.6003387952050061,0.3617527677489981,0.2813024053699417,1.4345639162286943,1.478701287480662,0.9701512593343536,-0.03030328218359362,0.2813024053699417,0.4710624864152012,0.5971657974946402,-0.515560486399504,Energy,7
ett1/H/short|H=720|L=4096|Hsrc=controlled|Lsrc=controlled|origins=shared_origin_v1:Hmax=720,joint-scaling,release,standard_hl_shared_origin_v1,ett1/H/short,TimesFM-2.5,timesfm25,timesfm-2.5-200m-pytorch,231.28928,200.0,720,controlled,shared_origin_v1:Hmax=720,720,720,4096,controlled,15260,16700,4096,4096,256,256,100,[],merged,2,7,15120,315737.81191634387,128,100,,float32,native_horizon,720,128,fixed_1024_median_feedback_sign_flip,147.42415364583334,147.42415364583334,7.261926721643518,1.368101119477179,2207213100692.355,0.4824450619006283,9.585035416801146,12.141834854989312,0.5814461748917166,0.3477579431010375,0.26917449375188784,1.368101119477179,1.478701287480662,0.9252045230907197,-0.07774045986602943,0.26917449375188784,0.4710624864152012,0.5714199315685554,-0.5596309078047553,Energy,7
ett1/H/short|H=720|L=6144|Hsrc=controlled|Lsrc=controlled|origins=shared_origin_v1:Hmax=720,joint-scaling-l6144,release,standard_hl_shared_origin_v1,ett1/H/short,TimesFM-2.5,timesfm25,timesfm-2.5-200m-pytorch,231.28928,200.0,720,controlled,shared_origin_v1:Hmax=720,720,720,6144,controlled,15260,16700,6144,6144,256,256,100,[],merged,6,7,15120,315737.81191634387,128,100,,float32,native_horizon,720,128,fixed_1024_median_feedback_sign_flip,152.62608791129298,152.62608791129298,7.5595976007047785,1.4164239994914785,2444070892069.555,0.4980306696008753,9.143689805301005,12.354193130726626,0.5916155527994817,0.3620127568152681,0.27648264891380625,1.4164239994914785,1.478701287480662,0.957883794031661,-0.043028808962044175,0.27648264891380625,0.4710624864152012,0.586934126336077,-0.5328426863438195,Energy,7
ett1/H/short|H=720|L=8192|Hsrc=controlled|Lsrc=controlled|origins=shared_origin_v1:Hmax=720,joint-scaling,release,standard_hl_shared_origin_v1,ett1/H/short,TimesFM-2.5,timesfm25,timesfm-2.5-200m-pytorch,231.28928,200.0,720,controlled,shared_origin_v1:Hmax=720,720,720,8192,controlled,15260,16700,8192,8192,256,256,100,[],merged,2,7,15120,315737.81191634387,128,100,,float32,native_horizon,720,128,fixed_1024_median_feedback_sign_flip,156.67447503306877,156.67447503306877,7.73552646536045,1.4348405717879142,2478845640088.9355,0.4997140712838955,9.291899918477444,12.516967485500183,0.5994104641192203,0.3704376091237352,0.28171857228671704,1.4348405717879142,1.478701287480662,0.9703383529424827,-0.03011045084090038,0.28171857228671704,0.4710624864152012,0.5980492618518688,-0.5140821507456496,Energy,7
ett2/15T/short|H=48|L=128|Hsrc=controlled|Lsrc=controlled|origins=shared_origin_v1:Hmax=720,joint-scaling,release,standard_hl_shared_origin_v1,ett2/15T/short,TimesFM-2.5,timesfm25,timesfm-2.5-200m-pytorch,231.28928,200.0,48,controlled,shared_origin_v1:Hmax=720,720,720,128,controlled,62480,68960,128,128,256,256,100,[],merged,2,7,3360,61217.23699820042,128,100,,float32,native_horizon,48,128,fixed_1024_median_feedback_sign_flip,8.354092479887463,8.354092479887463,1.9660791306268601,0.9113266876425926,0.14618034560764495,0.19430142357235863,7.6401336411598875,2.890344699147052,0.15864091006622175,0.10791120610524198,0.08448835657811751,0.9113266876425926,0.819992309386593,1.1113844327690385,0.10560647489950663,0.08448835657811751,0.08888418323744869,0.95054433196975,-0.05072047745770851,Energy,7
ett2/15T/short|H=48|L=256|Hsrc=controlled|Lsrc=controlled|origins=shared_origin_v1:Hmax=720,joint-scaling,release,standard_hl_shared_origin_v1,ett2/15T/short,TimesFM-2.5,timesfm25,timesfm-2.5-200m-pytorch,231.28928,200.0,48,controlled,shared_origin_v1:Hmax=720,720,720,256,controlled,62480,68960,256,256,256,256,100,[],merged,2,7,3360,61217.23699820042,128,100,,float32,native_horizon,48,128,fixed_1024_median_feedback_sign_flip,6.758317565917968,6.758317565917968,1.6333207629975819,0.7623328262375603,0.12501996007772573,0.1720080057779948,5.584853090315785,2.599676434850685,0.14268714580102787,0.08964726329992977,0.07121560308438465,0.7623328262375603,0.819992309386593,0.9296828976455088,-0.07291172125206281,0.07121560308438465,0.08888418323744869,0.8012179500388331,-0.22162227149881097,Energy,7
ett2/15T/short|H=48|L=512|Hsrc=controlled|Lsrc=controlled|origins=shared_origin_v1:Hmax=720,joint-scaling,release,standard_hl_shared_origin_v1,ett2/15T/short,TimesFM-2.5,timesfm25,timesfm-2.5-200m-pytorch,231.28928,200.0,48,controlled,shared_origin_v1:Hmax=720,720,720,512,controlled,62480,68960,512,512,256,256,100,[],merged,2,7,3360,61217.23699820042,128,100,,float32,native_horizon,48,128,fixed_1024_median_feedback_sign_flip,6.2777700515020465,6.2777700515020465,1.5726348150344123,0.727663934376071,0.11923693167276274,0.1615906215849377,5.46263746384808,2.5055478545623604,0.1375207572922151,0.08631642389660543,0.0684409270526811,0.727663934376071,0.819992309386593,0.8874033646979086,-0.11945564840837847,0.0684409270526811,0.08888418323744869,0.7700011921113717,-0.2613632159390193,Energy,7
ett2/15T/short|H=48|L=1024|Hsrc=controlled|Lsrc=controlled|origins=shared_origin_v1:Hmax=720,joint-scaling,release,standard_hl_shared_origin_v1,ett2/15T/short,TimesFM-2.5,timesfm25,timesfm-2.5-200m-pytorch,231.28928,200.0,48,controlled,shared_origin_v1:Hmax=720,720,720,1024,controlled,62480,68960,1024,1024,256,256,100,[],merged,2,7,3360,61217.23699820042,128,100,,float32,native_horizon,48,128,fixed_1024_median_feedback_sign_flip,6.245823015485491,6.245823015485491,1.5513829549153646,0.6779131907013826,0.10319554711284407,0.14705376852126348,5.0835764751281705,2.4991644634728405,0.13717039528451103,0.08514998363400261,0.06725186111619953,0.6779131907013826,0.819992309386593,0.8267311570379303,-0.19027571898815585,0.06725186111619953,0.08888418323744869,0.7566234921295308,-0.2788895176623679,Energy,7
ett2/15T/short|H=48|L=2048|Hsrc=controlled|Lsrc=controlled|origins=shared_origin_v1:Hmax=720,joint-scaling,release,standard_hl_shared_origin_v1,ett2/15T/short,TimesFM-2.5,timesfm25,timesfm-2.5-200m-pytorch,231.28928,200.0,48,controlled,shared_origin_v1:Hmax=720,720,720,2048,controlled,62480,68960,2048,2048,256,256,100,[],merged,2,7,3360,61217.23699820042,128,100,,float32,native_horizon,48,128,fixed_1024_median_feedback_sign_flip,5.406235031854539,5.406235031854539,1.4385020664760044,0.6312580100055019,0.09585186739407311,0.13916341690790085,5.1049447195150055,2.3251311859451156,0.1276183174520805,0.0789543465266402,0.06285936699881474,0.6312580100055019,0.819992309386593,0.7698340615873868,-0.26158029179078957,0.06285936699881474,0.08888418323744869,0.707205317181008,-0.34643424904866504,Energy,7
ett2/15T/short|H=48|L=4096|Hsrc=controlled|Lsrc=controlled|origins=shared_origin_v1:Hmax=720,joint-scaling,release,standard_hl_shared_origin_v1,ett2/15T/short,TimesFM-2.5,timesfm25,timesfm-2.5-200m-pytorch,231.28928,200.0,48,controlled,shared_origin_v1:Hmax=720,720,720,4096,controlled,62480,68960,4096,4096,256,256,100,[],merged,2,7,3360,61217.23699820042,128,100,,float32,native_horizon,48,128,fixed_1024_median_feedback_sign_flip,5.037890625,5.037890625,1.3971989222935268,0.6165314609836646,0.09543324534793882,0.13846842902047293,4.940320234462435,2.2445245877468127,0.12319410324008888,0.076687361421494,0.0608230364454629,0.6165314609836646,0.819992309386593,0.7518746870258696,-0.28518560851147545,0.0608230364454629,0.08888418323744869,0.6842953856365858,-0.37936560423422433,Energy,7
ett2/15T/short|H=48|L=6144|Hsrc=controlled|Lsrc=controlled|origins=shared_origin_v1:Hmax=720,joint-scaling-l6144,release,standard_hl_shared_origin_v1,ett2/15T/short,TimesFM-2.5,timesfm25,timesfm-2.5-200m-pytorch,231.28928,200.0,48,controlled,shared_origin_v1:Hmax=720,720,720,6144,controlled,62480,68960,6144,6144,256,256,100,[],merged,6,7,3360,61217.23699820042,128,100,,float32,native_horizon,48,128,fixed_1024_median_feedback_sign_flip,4.844592257908412,4.844592257908412,1.3741036732991536,0.6119185535114855,0.09400806348103143,0.13696644930612473,4.8896681608601416,2.2010434475285607,0.12080757555120247,0.07541974399172705,0.059757256010096,0.6119185535114855,0.819992309386593,0.7462491373476905,-0.2926957702589877,0.059757256010096,0.08888418323744869,0.672304720969963,-0.39704358741375406,Energy,7
ett2/15T/short|H=48|L=8192|Hsrc=controlled|Lsrc=controlled|origins=shared_origin_v1:Hmax=720,joint-scaling,release,standard_hl_shared_origin_v1,ett2/15T/short,TimesFM-2.5,timesfm25,timesfm-2.5-200m-pytorch,231.28928,200.0,48,controlled,shared_origin_v1:Hmax=720,720,720,8192,controlled,62480,68960,8192,8192,256,256,100,[],merged,2,7,3360,61217.23699820042,128,100,,float32,native_horizon,48,128,fixed_1024_median_feedback_sign_flip,4.982200622558594,4.982200622558594,1.3967458089192708,0.6228138904494362,0.09617690476890332,0.13847604479108538,4.952015642141817,2.2320843672582344,0.12251130305355233,0.07666249161337861,0.06068702316740782,0.6228138904494362,0.819992309386593,0.7595362582306914,-0.2750472184798946,0.06068702316740782,0.08888418323744869,0.6827651552502444,-0.3816043215107195,Energy,7
ett2/15T/short|H=96|L=128|Hsrc=controlled|Lsrc=controlled|origins=shared_origin_v1:Hmax=720,joint-scaling,release,standard_hl_shared_origin_v1,ett2/15T/short,TimesFM-2.5,timesfm25,timesfm-2.5-200m-pytorch,231.28928,200.0,96,controlled,shared_origin_v1:Hmax=720,720,720,128,controlled,62480,68960,128,128,256,256,100,[],merged,2,7,6720,124424.0499805212,128,100,,float32,native_horizon,96,128,fixed_1024_median_feedback_sign_flip,12.70350821358817,12.70350821358817,2.1671276274181546,0.9465852274609531,0.14511012521824085,0.18572980789911178,7.052185316523135,3.564198116489622,0.19249824568931725,0.11704407354148877,0.09215788609280366,0.9465852274609531,0.8129763547178831,1.1643453366973195,0.15215898631958036,0.09215788609280366,0.08579978868907917,1.074103881849464,0.07148671566380575,Energy,7
ett2/15T/short|H=96|L=256|Hsrc=controlled|Lsrc=controlled|origins=shared_origin_v1:Hmax=720,joint-scaling,release,standard_hl_shared_origin_v1,ett2/15T/short,TimesFM-2.5,timesfm25,timesfm-2.5-200m-pytorch,231.28928,200.0,96,controlled,shared_origin_v1:Hmax=720,720,720,256,controlled,62480,68960,256,256,256,256,100,[],merged,2,7,6720,124424.0499805212,128,100,,float32,native_horizon,96,128,fixed_1024_median_feedback_sign_flip,9.271454511369978,9.271454511369978,1.8791388738723027,0.8263155091980404,0.1321564643446302,0.169198853628976,5.555505940582882,3.0449063222651,0.16445189245025216,0.10149013180650189,0.0801269906969761,0.8263155091980404,0.8129763547178831,1.0164078012881275,0.01627464784579697,0.0801269906969761,0.08579978868907917,0.9338833104512632,-0.06840378383537642,Energy,7
ett2/15T/short|H=96|L=512|Hsrc=controlled|Lsrc=controlled|origins=shared_origin_v1:Hmax=720,joint-scaling,release,standard_hl_shared_origin_v1,ett2/15T/short,TimesFM-2.5,timesfm25,timesfm-2.5-200m-pytorch,231.28928,200.0,96,controlled,shared_origin_v1:Hmax=720,720,720,512,controlled,62480,68960,512,512,256,256,100,[],merged,2,7,6720,124424.0499805212,128,100,,float32,native_horizon,96,128,fixed_1024_median_feedback_sign_flip,7.750831386021205,7.750831386021205,1.7451738630022322,0.7677827681216709,0.1215176204037513,0.15613992327735537,5.583644100854914,2.7840314987480306,0.15036234292739742,0.09425483546959748,0.074243440098977,0.7677827681216709,0.8129763547178831,0.9444097158128355,-0.057195186008328326,0.074243440098977,0.08579978868907917,0.8653102907749575,-0.1446671187151445,Energy,7
ett2/15T/short|H=96|L=1024|Hsrc=controlled|Lsrc=controlled|origins=shared_origin_v1:Hmax=720,joint-scaling,release,standard_hl_shared_origin_v1,ett2/15T/short,TimesFM-2.5,timesfm25,timesfm-2.5-200m-pytorch,231.28928,200.0,96,controlled,shared_origin_v1:Hmax=720,720,720,1024,controlled,62480,68960,1024,1024,256,256,100,[],merged,2,7,6720,124424.0499805212,128,100,,float32,native_horizon,96,128,fixed_1024_median_feedback_sign_flip,6.889373997279576,6.889373997279576,1.7094943091982886,0.7419401806992122,0.11619669400782076,0.15050047011602494,5.418914469629433,2.6247617029512558,0.14176036422696223,0.09232782375763315,0.07232790575043901,0.7419401806992122,0.8129763547178831,0.9126220909053109,-0.09143340422328283,0.07232790575043901,0.08579978868907917,0.8429846606329126,-0.17080651731082486,Energy,7
ett2/15T/short|H=96|L=2048|Hsrc=controlled|Lsrc=controlled|origins=shared_origin_v1:Hmax=720,joint-scaling,release,standard_hl_shared_origin_v1,ett2/15T/short,TimesFM-2.5,timesfm25,timesfm-2.5-200m-pytorch,231.28928,200.0,96,controlled,shared_origin_v1:Hmax=720,720,720,2048,controlled,62480,68960,2048,2048,256,256,100,[],merged,2,7,6720,124424.0499805212,128,100,,float32,native_horizon,96,128,fixed_1024_median_feedback_sign_flip,6.167217872256324,6.167217872256324,1.6016831897553943,0.7062978842705382,0.11292165170864929,0.14748914809454056,5.006933172964606,2.4833883853026943,0.13412495375167982,0.08650506905088899,0.068226234876115,0.7062978842705382,0.8129763547178831,0.8687803528008337,-0.14066494423768974,0.068226234876115,0.08579978868907917,0.7951795210516529,-0.22918737717605409,Energy,7
ett2/15T/short|H=96|L=4096|Hsrc=controlled|Lsrc=controlled|origins=shared_origin_v1:Hmax=720,joint-scaling,release,standard_hl_shared_origin_v1,ett2/15T/short,TimesFM-2.5,timesfm25,timesfm-2.5-200m-pytorch,231.28928,200.0,96,controlled,shared_origin_v1:Hmax=720,720,720,4096,controlled,62480,68960,4096,4096,256,256,100,[],merged,2,7,6720,124424.0499805212,128,100,,float32,native_horizon,96,128,fixed_1024_median_feedback_sign_flip,5.955816287086123,5.955816287086123,1.5651691255115328,0.6827174763987385,0.10913489981172261,0.1435479027884347,4.953327977361367,2.4404541149315064,0.1318061231322011,0.08453298638875764,0.06685668140239698,0.6827174763987385,0.8129763547178831,0.8397753174945085,-0.17462090209691616,0.06685668140239698,0.08579978868907917,0.7792173200411002,-0.24946529892202485,Energy,7
ett2/15T/short|H=96|L=6144|Hsrc=controlled|Lsrc=controlled|origins=shared_origin_v1:Hmax=720,joint-scaling-l6144,release,standard_hl_shared_origin_v1,ett2/15T/short,TimesFM-2.5,timesfm25,timesfm-2.5-200m-pytorch,231.28928,200.0,96,controlled,shared_origin_v1:Hmax=720,720,720,6144,controlled,62480,68960,6144,6144,256,256,100,[],merged,6,7,6720,124424.0499805212,128,100,,float32,native_horizon,96,128,fixed_1024_median_feedback_sign_flip,5.864084952218192,5.864084952218192,1.5512317748296829,0.6815368070510353,0.108636014083188,0.1426314978372483,4.921157404082573,2.4215872794962796,0.13078714702473176,0.08378024608978255,0.06661404548629564,0.6815368070510353,0.8129763547178831,0.8383230374363598,-0.17635176657986398,0.06661404548629564,0.08579978868907917,0.7763893886462969,-0.2531010951605153,Energy,7
ett2/15T/short|H=96|L=8192|Hsrc=controlled|Lsrc=controlled|origins=shared_origin_v1:Hmax=720,joint-scaling,release,standard_hl_shared_origin_v1,ett2/15T/short,TimesFM-2.5,timesfm25,timesfm-2.5-200m-pytorch,231.28928,200.0,96,controlled,shared_origin_v1:Hmax=720,720,720,8192,controlled,62480,68960,8192,8192,256,256,100,[],merged,2,7,6720,124424.0499805212,128,100,,float32,native_horizon,96,128,fixed_1024_median_feedback_sign_flip,6.164136686779204,6.164136686779204,1.585201881045387,0.6929948350006953,0.10966413328539205,0.14317299524943033,4.990680111226522,2.4827679486370053,0.1340914446801291,0.08561493250133456,0.06773015330144068,0.6929948350006953,0.8129763547178831,0.8524169626571445,-0.15967947907634072,0.06773015330144068,0.08579978868907917,0.7893976702772644,-0.2364850670153278,Energy,7
ett2/15T/short|H=192|L=128|Hsrc=controlled|Lsrc=controlled|origins=shared_origin_v1:Hmax=720,joint-scaling,release,standard_hl_shared_origin_v1,ett2/15T/short,TimesFM-2.5,timesfm25,timesfm-2.5-200m-pytorch,231.28928,200.0,192,controlled,shared_origin_v1:Hmax=720,720,720,128,controlled,62480,68960,128,128,256,256,100,[],merged,2,7,13440,246436.99194276333,128,100,,float32,native_horizon,192,128,fixed_1024_median_feedback_sign_flip,15.13803957984561,15.13803957984561,2.376336161295573,1.0299037374028326,0.16226241752087012,0.20196687607538133,7.589207832126065,3.8907633672385695,0.2121916001467487,0.12959887943783338,0.10220292901808051,1.0299037374028326,0.9157795009384372,1.124619776209718,0.11744500182691285,0.10220292901808051,0.10088154910380433,1.013098330923889,0.013013289582197165,Energy,7
ett2/15T/short|H=192|L=256|Hsrc=controlled|Lsrc=controlled|origins=shared_origin_v1:Hmax=720,joint-scaling,release,standard_hl_shared_origin_v1,ett2/15T/short,TimesFM-2.5,timesfm25,timesfm-2.5-200m-pytorch,231.28928,200.0,192,controlled,shared_origin_v1:Hmax=720,720,720,256,controlled,62480,68960,256,256,256,256,100,[],merged,2,7,13440,246436.99194276333,128,100,,float32,native_horizon,192,128,fixed_1024_median_feedback_sign_flip,11.981597464425223,11.981597464425223,2.185567801339286,0.9362364499159249,0.15131301123744134,0.1865722928728376,6.279146335291247,3.4614444187976243,0.18877771807669635,0.11919489447762097,0.0932455409700655,0.9362364499159249,0.9157795009384372,1.0223382909931098,0.022092445809706557,0.0932455409700655,0.10088154910380433,0.9243071879687178,-0.07871080807960945,Energy,7
ett2/15T/short|H=192|L=512|Hsrc=controlled|Lsrc=controlled|origins=shared_origin_v1:Hmax=720,joint-scaling,release,standard_hl_shared_origin_v1,ett2/15T/short,TimesFM-2.5,timesfm25,timesfm-2.5-200m-pytorch,231.28928,200.0,192,controlled,shared_origin_v1:Hmax=720,720,720,512,controlled,62480,68960,512,512,256,256,100,[],merged,2,7,13440,246436.99194276333,128,100,,float32,native_horizon,192,128,fixed_1024_median_feedback_sign_flip,11.63384050641741,11.63384050641741,2.1499148050944012,0.9116417595214795,0.1448928736812655,0.17871091025216237,6.3878986570258585,3.4108416126254544,0.18601797933133818,0.11725047750615208,0.09288463546705963,0.9116417595214795,0.9157795009384372,0.9954817274106731,-0.004528510834016021,0.09288463546705963,0.10088154910380433,0.9207296705117396,-0.08258880317115606,Energy,7
ett2/15T/short|H=192|L=1024|Hsrc=controlled|Lsrc=controlled|origins=shared_origin_v1:Hmax=720,joint-scaling,release,standard_hl_shared_origin_v1,ett2/15T/short,TimesFM-2.5,timesfm25,timesfm-2.5-200m-pytorch,231.28928,200.0,192,controlled,shared_origin_v1:Hmax=720,720,720,1024,controlled,62480,68960,1024,1024,256,256,100,[],merged,2,7,13440,246436.99194276333,128,100,,float32,native_horizon,192,128,fixed_1024_median_feedback_sign_flip,10.107925705682664,10.107925705682664,2.063235873267764,0.8688465353824478,0.13673796709302125,0.1696385383605957,6.467405851928868,3.179296416769387,0.1733901371889202,0.1125232454677876,0.0888991617817646,0.8688465353824478,0.9157795009384372,0.9487508013578648,-0.05260910562668325,0.0888991617817646,0.10088154910380433,0.8812232025728493,-0.12644433374597674,Energy,7
ett2/15T/short|H=192|L=2048|Hsrc=controlled|Lsrc=controlled|origins=shared_origin_v1:Hmax=720,joint-scaling,release,standard_hl_shared_origin_v1,ett2/15T/short,TimesFM-2.5,timesfm25,timesfm-2.5-200m-pytorch,231.28928,200.0,192,controlled,shared_origin_v1:Hmax=720,720,720,2048,controlled,62480,68960,2048,2048,256,256,100,[],merged,2,7,13440,246436.99194276333,128,100,,float32,native_horizon,192,128,fixed_1024_median_feedback_sign_flip,9.8130860101609,9.8130860101609,1.9899166288829986,0.8406032569717109,0.13493227153697243,0.16818985711960566,6.2589103260437176,3.132584557543643,0.1708426000556159,0.10852461426894501,0.08697892266365721,0.8406032569717109,0.9157795009384372,0.9179101040264713,-0.08565581905379034,0.08697892266365721,0.10088154910380433,0.8621886106661417,-0.14828122637576405,Energy,7
ett2/15T/short|H=192|L=4096|Hsrc=controlled|Lsrc=controlled|origins=shared_origin_v1:Hmax=720,joint-scaling,release,standard_hl_shared_origin_v1,ett2/15T/short,TimesFM-2.5,timesfm25,timesfm-2.5-200m-pytorch,231.28928,200.0,192,controlled,shared_origin_v1:Hmax=720,720,720,4096,controlled,62480,68960,4096,4096,256,256,100,[],merged,2,7,13440,246436.99194276333,128,100,,float32,native_horizon,192,128,fixed_1024_median_feedback_sign_flip,9.520474243164063,9.520474243164063,1.9559785752069383,0.81866983419729,0.1310549644227415,0.16453431447347006,6.262196410421146,3.085526574697431,0.16827618628604687,0.10667372557804511,0.08564198516487677,0.81866983419729,0.9157795009384372,0.893959553973817,-0.11209474647208251,0.08564198516487677,0.10088154910380433,0.8489360633900807,-0.16377140364548204,Energy,7
ett2/15T/short|H=192|L=6144|Hsrc=controlled|Lsrc=controlled|origins=shared_origin_v1:Hmax=720,joint-scaling-l6144,release,standard_hl_shared_origin_v1,ett2/15T/short,TimesFM-2.5,timesfm25,timesfm-2.5-200m-pytorch,231.28928,200.0,192,controlled,shared_origin_v1:Hmax=720,720,720,6144,controlled,62480,68960,6144,6144,256,256,100,[],merged,6,7,13440,246436.99194276333,128,100,,float32,native_horizon,192,128,fixed_1024_median_feedback_sign_flip,9.203358904520671,9.203358904520671,1.9252134595598493,0.8131803527723076,0.1302858826648374,0.16321008205413817,5.9940325361453235,3.0337038261044325,0.16544991521529923,0.10499588025524183,0.08479388300064562,0.8131803527723076,0.9157795009384372,0.8879652273707896,-0.11882269512290371,0.08479388300064562,0.10088154910380433,0.8405291527927973,-0.17372364167513746,Energy,7
ett2/15T/short|H=192|L=8192|Hsrc=controlled|Lsrc=controlled|origins=shared_origin_v1:Hmax=720,joint-scaling,release,standard_hl_shared_origin_v1,ett2/15T/short,TimesFM-2.5,timesfm25,timesfm-2.5-200m-pytorch,231.28928,200.0,192,controlled,shared_origin_v1:Hmax=720,720,720,8192,controlled,62480,68960,8192,8192,256,256,100,[],merged,2,7,13440,246436.99194276333,128,100,,float32,native_horizon,192,128,fixed_1024_median_feedback_sign_flip,9.527685910179502,9.527685910179502,1.958665066673642,0.8264256306303934,0.13186471202187267,0.16463584899902345,5.961158419895922,3.0866949817206595,0.16833990801170334,0.1068202394801499,0.08598725235155727,0.8264256306303934,0.9157795009384372,0.9024286193166814,-0.10266568407293378,0.08598725235155727,0.10088154910380433,0.8523585642313914,-0.15974799064851525,Energy,7
ett2/15T/short|H=336|L=128|Hsrc=controlled|Lsrc=controlled|origins=shared_origin_v1:Hmax=720,joint-scaling,release,standard_hl_shared_origin_v1,ett2/15T/short,TimesFM-2.5,timesfm25,timesfm-2.5-200m-pytorch,231.28928,200.0,336,controlled,shared_origin_v1:Hmax=720,720,720,128,controlled,62480,68960,128,128,256,256,100,[],merged,2,7,23520,432522.33897304535,128,100,,float32,native_horizon,336,128,fixed_1024_median_feedback_sign_flip,18.095254703443878,18.095254703443878,2.6247987085459186,1.1147647499396756,0.1737016730184841,0.21360408238002232,8.151367281574137,4.253851749114428,0.23131890338132682,0.14273312627407975,0.11203026752530923,1.1147647499396756,1.002767734501598,1.111687893003202,0.1058794846729901,0.11203026752530923,0.11585109762181237,0.967019474351672,-0.03353664479504926,Energy,7
ett2/15T/short|H=336|L=256|Hsrc=controlled|Lsrc=controlled|origins=shared_origin_v1:Hmax=720,joint-scaling,release,standard_hl_shared_origin_v1,ett2/15T/short,TimesFM-2.5,timesfm25,timesfm-2.5-200m-pytorch,231.28928,200.0,336,controlled,shared_origin_v1:Hmax=720,720,720,256,controlled,62480,68960,256,256,256,256,100,[],merged,2,7,23520,432522.33897304535,128,100,,float32,native_horizon,336,128,fixed_1024_median_feedback_sign_flip,15.041119094122024,15.041119094122024,2.4433394866735756,1.0254516227501815,0.16321323865588366,0.19943233671642485,6.6351882877605455,3.8782881654309835,0.2108962461164841,0.1328656107404983,0.10356903786381177,1.0254516227501815,1.002767734501598,1.0226212785554554,0.02236921173541572,0.10356903786381177,0.11585109762181237,0.8939840881085607,-0.11206730250330434,Energy,7
ett2/15T/short|H=336|L=512|Hsrc=controlled|Lsrc=controlled|origins=shared_origin_v1:Hmax=720,joint-scaling,release,standard_hl_shared_origin_v1,ett2/15T/short,TimesFM-2.5,timesfm25,timesfm-2.5-200m-pytorch,231.28928,200.0,336,controlled,shared_origin_v1:Hmax=720,720,720,512,controlled,62480,68960,512,512,256,256,100,[],merged,2,7,23520,432522.33897304535,128,100,,float32,native_horizon,336,128,fixed_1024_median_feedback_sign_flip,16.266492612670067,16.266492612670067,2.5221860301737884,1.0399750417379614,0.16309086121705077,0.1980801433122077,7.255528420323647,4.033174012198094,0.21931873621170545,0.1371531828171872,0.1085579320182396,1.0399750417379614,1.002767734501598,1.0371046115228832,0.03643280315933355,0.1085579320182396,0.11585109762181237,0.9370470737585863,-0.06502175920245418,Energy,7
ett2/15T/short|H=336|L=1024|Hsrc=controlled|Lsrc=controlled|origins=shared_origin_v1:Hmax=720,joint-scaling,release,standard_hl_shared_origin_v1,ett2/15T/short,TimesFM-2.5,timesfm25,timesfm-2.5-200m-pytorch,231.28928,200.0,336,controlled,shared_origin_v1:Hmax=720,720,720,1024,controlled,62480,68960,1024,1024,256,256,100,[],merged,2,7,23520,432522.33897304535,128,100,,float32,native_horizon,336,128,fixed_1024_median_feedback_sign_flip,13.716246229937287,13.716246229937287,2.377132576663478,0.9827764090130586,0.15504609876713824,0.18768610013585513,7.364632632753382,3.7035450894969926,0.2013939458289986,0.12926536542800232,0.10227561719727522,0.9827764090130586,1.002767734501598,0.9800638524747951,-0.020137553853526863,0.10227561719727522,0.11585109762181237,0.8828195787246373,-0.12463442686107336,Energy,7
ett2/15T/short|H=336|L=2048|Hsrc=controlled|Lsrc=controlled|origins=shared_origin_v1:Hmax=720,joint-scaling,release,standard_hl_shared_origin_v1,ett2/15T/short,TimesFM-2.5,timesfm25,timesfm-2.5-200m-pytorch,231.28928,200.0,336,controlled,shared_origin_v1:Hmax=720,720,720,2048,controlled,62480,68960,2048,2048,256,256,100,[],merged,2,7,23520,432522.33897304535,128,100,,float32,native_horizon,336,128,fixed_1024_median_feedback_sign_flip,12.33376315369898,12.33376315369898,2.252355500305591,0.9343690802320054,0.14845129975362184,0.1830346036119526,6.947820308511479,3.511945778866607,0.19097502550981596,0.1224801509512065,0.09784972609696768,0.9343690802320054,1.002767734501598,0.9317901325339426,-0.07064766933790861,0.09784972609696768,0.11585109762181237,0.8446163058065373,-0.1688728307172692,Energy,7
ett2/15T/short|H=336|L=4096|Hsrc=controlled|Lsrc=controlled|origins=shared_origin_v1:Hmax=720,joint-scaling,release,standard_hl_shared_origin_v1,ett2/15T/short,TimesFM-2.5,timesfm25,timesfm-2.5-200m-pytorch,231.28928,200.0,336,controlled,shared_origin_v1:Hmax=720,720,720,4096,controlled,62480,68960,4096,4096,256,256,100,[],merged,2,7,23520,432522.33897304535,128,100,,float32,native_horizon,336,128,fixed_1024_median_feedback_sign_flip,13.27247928956739,13.27247928956739,2.300269800302934,0.9383161839159119,0.14873081152237896,0.18245233548741763,7.05419648209404,3.6431414040038836,0.19810927228780967,0.12508566801793938,0.0996000378867804,0.9383161839159119,1.002767734501598,0.9357263418355596,-0.06643221508674116,0.0996000378867804,0.11585109762181237,0.859724594167572,-0.15114318036218352,Energy,7
ett2/15T/short|H=336|L=6144|Hsrc=controlled|Lsrc=controlled|origins=shared_origin_v1:Hmax=720,joint-scaling-l6144,release,standard_hl_shared_origin_v1,ett2/15T/short,TimesFM-2.5,timesfm25,timesfm-2.5-200m-pytorch,231.28928,200.0,336,controlled,shared_origin_v1:Hmax=720,720,720,6144,controlled,62480,68960,6144,6144,256,256,100,[],merged,6,7,23520,432522.33897304535,128,100,,float32,native_horizon,336,128,fixed_1024_median_feedback_sign_flip,12.669630722772508,12.669630722772508,2.2582655718537414,0.9300826949228136,0.14798177319832778,0.18116691745057398,6.844920234695675,3.55944247358663,0.19355783374688268,0.12280153292454583,0.09813682789099568,0.9300826949228136,1.002767734501598,0.9275155780566566,-0.075245688893177,0.09813682789099568,0.11585109762181237,0.8470945023875073,-0.1659430174871797,Energy,7
ett2/15T/short|H=336|L=8192|Hsrc=controlled|Lsrc=controlled|origins=shared_origin_v1:Hmax=720,joint-scaling,release,standard_hl_shared_origin_v1,ett2/15T/short,TimesFM-2.5,timesfm25,timesfm-2.5-200m-pytorch,231.28928,200.0,336,controlled,shared_origin_v1:Hmax=720,720,720,8192,controlled,62480,68960,8192,8192,256,256,100,[],merged,2,7,23520,432522.33897304535,128,100,,float32,native_horizon,336,128,fixed_1024_median_feedback_sign_flip,13.029976897985756,13.029976897985756,2.2843658654868197,0.9407174691645452,0.14984512112373602,0.18265360099117772,6.861200708501608,3.6097059295717924,0.19629109484867444,0.1242208328102062,0.09931242448665796,0.9407174691645452,1.002767734501598,0.9381209993080867,-0.06387634116517035,0.09931242448665796,0.11585109762181237,0.8572419815205918,-0.1540350414062811,Energy,7
ett2/15T/short|H=720|L=128|Hsrc=controlled|Lsrc=controlled|origins=shared_origin_v1:Hmax=720,joint-scaling,release,standard_hl_shared_origin_v1,ett2/15T/short,TimesFM-2.5,timesfm25,timesfm-2.5-200m-pytorch,231.28928,200.0,720,controlled,shared_origin_v1:Hmax=720,720,720,128,controlled,62480,68960,128,128,256,256,100,[],merged,2,7,50400,945736.3714669943,128,100,,float32,native_horizon,720,128,fixed_1024_median_feedback_sign_flip,18.100980747767856,18.100980747767856,2.6284419177827383,1.1267315400362932,0.17104023176204158,0.2074680437360491,8.598737120582555,4.254524738177915,0.22673131040900266,0.14007441888986635,0.11149111691358375,1.1267315400362932,1.0126577750962622,1.112647893242302,0.10674266396870861,0.11149111691358375,0.13282444685997616,0.8393870221128641,-0.17508338911131216,Energy,7
ett2/15T/short|H=720|L=256|Hsrc=controlled|Lsrc=controlled|origins=shared_origin_v1:Hmax=720,joint-scaling,release,standard_hl_shared_origin_v1,ett2/15T/short,TimesFM-2.5,timesfm25,timesfm-2.5-200m-pytorch,231.28928,200.0,720,controlled,shared_origin_v1:Hmax=720,720,720,256,controlled,62480,68960,256,256,256,256,100,[],merged,2,7,50400,945736.3714669943,128,100,,float32,native_horizon,720,128,fixed_1024_median_feedback_sign_flip,14.977745923239087,14.977745923239087,2.438699854290675,1.0275885787207566,0.15837103281363754,0.19070743621341765,7.218210428582266,3.8701092908649346,0.20624511665659248,0.12996272149879934,0.10202859045176513,1.0275885787207566,1.0126577750962622,1.0147441751711974,0.014636536558973654,0.10202859045176513,0.13282444685997616,0.7681461723633143,-0.26377523534658914,Energy,7
ett2/15T/short|H=720|L=512|Hsrc=controlled|Lsrc=controlled|origins=shared_origin_v1:Hmax=720,joint-scaling,release,standard_hl_shared_origin_v1,ett2/15T/short,TimesFM-2.5,timesfm25,timesfm-2.5-200m-pytorch,231.28928,200.0,720,controlled,shared_origin_v1:Hmax=720,720,720,512,controlled,62480,68960,512,512,256,256,100,[],merged,2,7,50400,945736.3714669943,128,100,,float32,native_horizon,720,128,fixed_1024_median_feedback_sign_flip,16.263427501860118,16.263427501860118,2.5319638206845236,1.0423386329315523,0.15821982019490644,0.186015382796999,7.3737301748345,4.032794006871677,0.21491487911272109,0.13493292677805566,0.10637768428330506,1.0423386329315523,1.0126577750962622,1.0293098602165658,0.02888853904064961,0.10637768428330506,0.13282444685997616,0.8008893452833172,-0.22203248717048715,Energy,7
ett2/15T/short|H=720|L=1024|Hsrc=controlled|Lsrc=controlled|origins=shared_origin_v1:Hmax=720,joint-scaling,release,standard_hl_shared_origin_v1,ett2/15T/short,TimesFM-2.5,timesfm25,timesfm-2.5-200m-pytorch,231.28928,200.0,720,controlled,shared_origin_v1:Hmax=720,720,720,1024,controlled,62480,68960,1024,1024,256,256,100,[],merged,2,7,50400,945736.3714669943,128,100,,float32,native_horizon,720,128,fixed_1024_median_feedback_sign_flip,13.340465417286707,13.340465417286707,2.321646515376984,0.9685551395490323,0.14848897574967218,0.17486333453466021,7.485478477415287,3.652460186954364,0.1946462026589451,0.12372473757511993,0.09880309348961631,0.9685551395490323,1.0126577750962622,0.9564486279256212,-0.04452819993349059,0.09880309348961631,0.13282444685997616,0.7438622619959018,-0.295899393013977,Energy,7
ett2/15T/short|H=720|L=2048|Hsrc=controlled|Lsrc=controlled|origins=shared_origin_v1:Hmax=720,joint-scaling,release,standard_hl_shared_origin_v1,ett2/15T/short,TimesFM-2.5,timesfm25,timesfm-2.5-200m-pytorch,231.28928,200.0,720,controlled,shared_origin_v1:Hmax=720,720,720,2048,controlled,62480,68960,2048,2048,256,256,100,[],merged,2,7,50400,945736.3714669943,128,100,,float32,native_horizon,720,128,fixed_1024_median_feedback_sign_flip,12.5588232421875,12.5588232421875,2.2951080419146828,0.9528805543357214,0.14693882022016042,0.1755920652359251,7.243709036382964,3.5438430047319396,0.18885779676786296,0.1223104543743742,0.09796735803836808,0.9528805543357214,1.0126577750962622,0.9409699681070849,-0.06084405477630821,0.09796735803836808,0.13282444685997616,0.7375702316430159,-0.30439396595572626,Energy,7
ett2/15T/short|H=720|L=4096|Hsrc=controlled|Lsrc=controlled|origins=shared_origin_v1:Hmax=720,joint-scaling,release,standard_hl_shared_origin_v1,ett2/15T/short,TimesFM-2.5,timesfm25,timesfm-2.5-200m-pytorch,231.28928,200.0,720,controlled,shared_origin_v1:Hmax=720,720,720,4096,controlled,62480,68960,4096,4096,256,256,100,[],merged,2,7,50400,945736.3714669943,128,100,,float32,native_horizon,720,128,fixed_1024_median_feedback_sign_flip,12.489848555307539,12.489848555307539,2.2758062841021824,0.9306837429758837,0.1425218803627018,0.16958697606646825,7.187811224942273,3.534097983263557,0.18833846696642514,0.12128182882596579,0.09657467723271204,0.9306837429758837,1.0126577750962622,0.9190506070892646,-0.08441409058084477,0.09657467723271204,0.13282444685997616,0.7270851075669925,-0.3187117414957349,Energy,7
ett2/15T/short|H=720|L=6144|Hsrc=controlled|Lsrc=controlled|origins=shared_origin_v1:Hmax=720,joint-scaling-l6144,release,standard_hl_shared_origin_v1,ett2/15T/short,TimesFM-2.5,timesfm25,timesfm-2.5-200m-pytorch,231.28928,200.0,720,controlled,shared_origin_v1:Hmax=720,720,720,6144,controlled,62480,68960,6144,6144,256,256,100,[],merged,6,7,50400,945736.3714669943,128,100,,float32,native_horizon,720,128,fixed_1024_median_feedback_sign_flip,12.237448488265748,12.237448488265748,2.2544161066933284,0.928398022632248,0.1421017364505812,0.16878414880661738,7.047016361675536,3.4982064673580586,0.18642574323472477,0.12014190762389339,0.09608366393202727,0.928398022632248,1.0126577750962622,0.9167934572407697,-0.08687306956461209,0.09608366393202727,0.13282444685997616,0.7233883987736,-0.32380899667650603,Energy,7
ett2/15T/short|H=720|L=8192|Hsrc=controlled|Lsrc=controlled|origins=shared_origin_v1:Hmax=720,joint-scaling,release,standard_hl_shared_origin_v1,ett2/15T/short,TimesFM-2.5,timesfm25,timesfm-2.5-200m-pytorch,231.28928,200.0,720,controlled,shared_origin_v1:Hmax=720,720,720,8192,controlled,62480,68960,8192,8192,256,256,100,[],merged,2,7,50400,945736.3714669943,128,100,,float32,native_horizon,720,128,fixed_1024_median_feedback_sign_flip,12.236107933407737,12.236107933407737,2.2513204520089287,0.9325971237840283,0.14231766664077236,0.16866603306361608,7.207359183338843,3.4980148560873405,0.18641553192390334,0.11997693459250651,0.09625658244248297,0.9325971237840283,1.0126577750962622,0.9209400714820726,-0.08236031381016937,0.09625658244248297,0.13282444685997616,0.7246902563347912,-0.3220109480589969,Energy,7
ett2/H/short|H=48|L=128|Hsrc=controlled|Lsrc=controlled|origins=shared_origin_v1:Hmax=720,joint-scaling,release,standard_hl_shared_origin_v1,ett2/H/short,TimesFM-2.5,timesfm25,timesfm-2.5-200m-pytorch,231.28928,200.0,48,controlled,shared_origin_v1:Hmax=720,720,720,128,controlled,15260,16700,128,128,256,256,100,[],merged,2,7,1008,72264.01940023899,128,100,,float32,native_horizon,48,128,fixed_1024_median_feedback_sign_flip,90.67687503875248,90.67687503875248,6.120543949187748,0.7138191458861954,0.14616765822443203,0.1282997320568751,4.7441069859789,9.522440603057206,0.13282709995300815,0.08537455225969408,0.06644788422627272,0.7138191458861954,0.6947240034491291,1.0274859402327599,0.0271149838228665,0.06644788422627272,0.08145786369717765,0.8157332050014835,-0.20366793213440126,Energy,7
ett2/H/short|H=48|L=256|Hsrc=controlled|Lsrc=controlled|origins=shared_origin_v1:Hmax=720,joint-scaling,release,standard_hl_shared_origin_v1,ett2/H/short,TimesFM-2.5,timesfm25,timesfm-2.5-200m-pytorch,231.28928,200.0,48,controlled,shared_origin_v1:Hmax=720,720,720,256,controlled,15260,16700,256,256,256,256,100,[],merged,2,7,1008,72264.01940023899,128,100,,float32,native_horizon,48,128,fixed_1024_median_feedback_sign_flip,86.80771891276042,86.80771891276042,6.137819320436508,0.6839598124383401,0.13299843642953096,0.12259758843315972,4.580683449903015,9.317066003456262,0.12996236037560974,0.08561552382982365,0.06549366287413379,0.6839598124383401,0.6947240034491291,0.9845058023656194,-0.015615487202072446,0.06549366287413379,0.08145786369717765,0.8040189111466105,-0.21813248875316277,Energy,7
ett2/H/short|H=48|L=512|Hsrc=controlled|Lsrc=controlled|origins=shared_origin_v1:Hmax=720,joint-scaling,release,standard_hl_shared_origin_v1,ett2/H/short,TimesFM-2.5,timesfm25,timesfm-2.5-200m-pytorch,231.28928,200.0,48,controlled,shared_origin_v1:Hmax=720,720,720,512,controlled,15260,16700,512,512,256,256,100,[],merged,2,7,1008,72264.01940023899,128,100,,float32,native_horizon,48,128,fixed_1024_median_feedback_sign_flip,67.97829667348711,67.97829667348711,5.163448878696987,0.6069139687255656,0.1246952523914408,0.11225938040112692,4.5119570935925015,8.244895188750862,0.11500681001745364,0.07202417624875913,0.05708708790566099,0.6069139687255656,0.6947240034491291,0.873604432425526,-0.13512760025719983,0.05708708790566099,0.08145786369717765,0.7008173958242283,-0.35550791685949124,Energy,7
ett2/H/short|H=48|L=1024|Hsrc=controlled|Lsrc=controlled|origins=shared_origin_v1:Hmax=720,joint-scaling,release,standard_hl_shared_origin_v1,ett2/H/short,TimesFM-2.5,timesfm25,timesfm-2.5-200m-pytorch,231.28928,200.0,48,controlled,shared_origin_v1:Hmax=720,720,720,1024,controlled,15260,16700,1024,1024,256,256,100,[],merged,2,7,1008,72264.01940023899,128,100,,float32,native_horizon,48,128,fixed_1024_median_feedback_sign_flip,56.413052029079864,56.413052029079864,4.8911669292147195,0.5865858636208741,0.12331663818666393,0.11040144874936059,4.451709638334759,7.510862269345635,0.10476789459451742,0.06822615605342501,0.05438116390161131,0.5865858636208741,0.6947240034491291,0.8443437404042807,-0.16919559193975559,0.05438116390161131,0.08145786369717765,0.6675986999091348,-0.40406803460627716,Energy,7
ett2/H/short|H=48|L=2048|Hsrc=controlled|Lsrc=controlled|origins=shared_origin_v1:Hmax=720,joint-scaling,release,standard_hl_shared_origin_v1,ett2/H/short,TimesFM-2.5,timesfm25,timesfm-2.5-200m-pytorch,231.28928,200.0,48,controlled,shared_origin_v1:Hmax=720,720,720,2048,controlled,15260,16700,2048,2048,256,256,100,[],merged,2,7,1008,72264.01940023899,128,100,,float32,native_horizon,48,128,fixed_1024_median_feedback_sign_flip,53.49701702783978,53.49701702783978,4.703682551308284,0.57242697606835,0.12196574279346803,0.10880805197216216,4.636347368621763,7.314165504542523,0.10202420083700024,0.06561096450307703,0.05431218444120759,0.57242697606835,0.6947240034491291,0.8239631468416159,-0.19362947477962172,0.05431218444120759,0.08145786369717765,0.6667518883519332,-0.4053372837501459,Energy,7
ett2/H/short|H=48|L=4096|Hsrc=controlled|Lsrc=controlled|origins=shared_origin_v1:Hmax=720,joint-scaling,release,standard_hl_shared_origin_v1,ett2/H/short,TimesFM-2.5,timesfm25,timesfm-2.5-200m-pytorch,231.28928,200.0,48,controlled,shared_origin_v1:Hmax=720,720,720,4096,controlled,15260,16700,4096,4096,256,256,100,[],merged,2,7,1008,72264.01940023899,128,100,,float32,native_horizon,48,128,fixed_1024_median_feedback_sign_flip,54.506068638392854,54.506068638392854,4.7966063968718995,0.5871254391460853,0.12522338232470656,0.11206502006167457,4.613518642724286,7.382822538730892,0.10298188753968103,0.06690714532868738,0.05537221174916976,0.5871254391460853,0.6947240034491291,0.845120416497999,-0.16827615704643817,0.05537221174916976,0.08145786369717765,0.6797650863398261,-0.38600800176243544,Energy,7
ett2/H/short|H=48|L=6144|Hsrc=controlled|Lsrc=controlled|origins=shared_origin_v1:Hmax=720,joint-scaling-l6144,release,standard_hl_shared_origin_v1,ett2/H/short,TimesFM-2.5,timesfm25,timesfm-2.5-200m-pytorch,231.28928,200.0,48,controlled,shared_origin_v1:Hmax=720,720,720,6144,controlled,15260,16700,6144,6144,256,256,100,[],merged,6,7,1008,72264.01940023899,128,100,,float32,native_horizon,48,128,fixed_1024_median_feedback_sign_flip,55.27304452563089,55.27304452563089,4.837185905093238,0.591290133866916,0.12647200684288126,0.11285580056054252,4.660024404719402,7.434584354597834,0.10370390536856622,0.06747318282046541,0.05578827798673726,0.591290133866916,0.6947240034491291,0.8511151636208191,-0.16120783216067233,0.05578827798673726,0.08145786369717765,0.6848728343052557,-0.37852210130376307,Energy,7
ett2/H/short|H=48|L=8192|Hsrc=controlled|Lsrc=controlled|origins=shared_origin_v1:Hmax=720,joint-scaling,release,standard_hl_shared_origin_v1,ett2/H/short,TimesFM-2.5,timesfm25,timesfm-2.5-200m-pytorch,231.28928,200.0,48,controlled,shared_origin_v1:Hmax=720,720,720,8192,controlled,15260,16700,8192,8192,256,256,100,[],merged,2,7,1008,72264.01940023899,128,100,,float32,native_horizon,48,128,fixed_1024_median_feedback_sign_flip,54.10047743055556,54.10047743055556,4.757974291604663,0.5841574348360283,0.1243031268521707,0.11146004616268097,4.723908772627298,7.355302674299376,0.1025980170661425,0.06636827186949469,0.05518985326005485,0.5841574348360283,0.6947240034491291,0.8408482101321306,-0.17334412265674418,0.05518985326005485,0.08145786369717765,0.67752640144388,-0.3893067580666937,Energy,7
ett2/H/short|H=96|L=128|Hsrc=controlled|Lsrc=controlled|origins=shared_origin_v1:Hmax=720,joint-scaling,release,standard_hl_shared_origin_v1,ett2/H/short,TimesFM-2.5,timesfm25,timesfm-2.5-200m-pytorch,231.28928,200.0,96,controlled,shared_origin_v1:Hmax=720,720,720,128,controlled,15260,16700,128,128,256,256,100,[],merged,2,7,2016,144151.83056032658,128,100,,float32,native_horizon,96,128,fixed_1024_median_feedback_sign_flip,118.41885424417163,118.41885424417163,7.395125131758433,0.8484162927573177,0.16676742976434397,0.14430381381322469,5.037828281236856,10.882042742250723,0.15218813443507725,0.10342270512746532,0.07851575021899093,0.8484162927573177,0.7989799974265753,1.0618742590427435,0.06003551566182041,0.07851575021899093,0.09816146652540124,0.7998632559006584,-0.2233144960486053,Energy,7
ett2/H/short|H=96|L=256|Hsrc=controlled|Lsrc=controlled|origins=shared_origin_v1:Hmax=720,joint-scaling,release,standard_hl_shared_origin_v1,ett2/H/short,TimesFM-2.5,timesfm25,timesfm-2.5-200m-pytorch,231.28928,200.0,96,controlled,shared_origin_v1:Hmax=720,720,720,256,controlled,15260,16700,256,256,256,256,100,[],merged,2,7,2016,144151.83056032658,128,100,,float32,native_horizon,96,128,fixed_1024_median_feedback_sign_flip,126.79740590897818,126.79740590897818,7.600393386114211,0.8388566807934855,0.15804559946449234,0.14188345651777964,5.012270087678553,11.260435422708047,0.1574800522750156,0.10629343385267613,0.08011428008498912,0.8388566807934855,0.7989799974265753,1.0499094889676193,0.048703959470693975,0.08011428008498912,0.09816146652540124,0.816147954189926,-0.2031596240446404,Energy,7
ett2/H/short|H=96|L=512|Hsrc=controlled|Lsrc=controlled|origins=shared_origin_v1:Hmax=720,joint-scaling,release,standard_hl_shared_origin_v1,ett2/H/short,TimesFM-2.5,timesfm25,timesfm-2.5-200m-pytorch,231.28928,200.0,96,controlled,shared_origin_v1:Hmax=720,720,720,512,controlled,15260,16700,512,512,256,256,100,[],merged,2,7,2016,144151.83056032658,128,100,,float32,native_horizon,96,128,fixed_1024_median_feedback_sign_flip,117.27038283575149,117.27038283575149,6.774337041945684,0.7909371572056524,0.15760379947446748,0.13711746155269564,4.906564223158363,10.829145064858606,0.15144834696787696,0.0947408258603217,0.07332030444381467,0.7909371572056524,0.7989799974265753,0.9899336150506546,-0.010117393606211597,0.07332030444381467,0.09816146652540124,0.7469357074534086,-0.29177616521947347,Energy,7
ett2/H/short|H=96|L=1024|Hsrc=controlled|Lsrc=controlled|origins=shared_origin_v1:Hmax=720,joint-scaling,release,standard_hl_shared_origin_v1,ett2/H/short,TimesFM-2.5,timesfm25,timesfm-2.5-200m-pytorch,231.28928,200.0,96,controlled,shared_origin_v1:Hmax=720,720,720,1024,controlled,15260,16700,1024,1024,256,256,100,[],merged,2,7,2016,144151.83056032658,128,100,,float32,native_horizon,96,128,fixed_1024_median_feedback_sign_flip,96.69174049014137,96.69174049014137,6.362467084612165,0.755968997606953,0.15428226967802955,0.13407641365414574,4.791535197519076,9.833195843170285,0.13751974388930982,0.0889807197919018,0.06854152380462215,0.755968997606953,0.7989799974265753,0.9461676137598489,-0.05533554406073595,0.06854152380462215,0.09816146652540124,0.6982528504388804,-0.35917399190398686,Energy,7
ett2/H/short|H=96|L=2048|Hsrc=controlled|Lsrc=controlled|origins=shared_origin_v1:Hmax=720,joint-scaling,release,standard_hl_shared_origin_v1,ett2/H/short,TimesFM-2.5,timesfm25,timesfm-2.5-200m-pytorch,231.28928,200.0,96,controlled,shared_origin_v1:Hmax=720,720,720,2048,controlled,15260,16700,2048,2048,256,256,100,[],merged,2,7,2016,144151.83056032658,128,100,,float32,native_horizon,96,128,fixed_1024_median_feedback_sign_flip,83.04333786737351,83.04333786737351,5.93849351671007,0.7119087960709785,0.1446806424591807,0.12643154840620738,5.053928495444179,9.112811743220284,0.1274449890987945,0.08305134165242041,0.0658381306194949,0.7119087960709785,0.7989799974265753,0.89102205107006,-0.11538610314185843,0.0658381306194949,0.09816146652540124,0.6707125815246247,-0.3994145772561697,Energy,7
ett2/H/short|H=96|L=4096|Hsrc=controlled|Lsrc=controlled|origins=shared_origin_v1:Hmax=720,joint-scaling,release,standard_hl_shared_origin_v1,ett2/H/short,TimesFM-2.5,timesfm25,timesfm-2.5-200m-pytorch,231.28928,200.0,96,controlled,shared_origin_v1:Hmax=720,720,720,4096,controlled,15260,16700,4096,4096,256,256,100,[],merged,2,7,2016,144151.83056032658,128,100,,float32,native_horizon,96,128,fixed_1024_median_feedback_sign_flip,79.37066359747024,79.37066359747024,5.911571199931796,0.7208950546728969,0.15015806696956438,0.12992263975597562,5.074102798213555,8.909021472500234,0.12459493035049655,0.08267482620746193,0.06566158486665664,0.7208950546728969,0.7989799974265753,0.9022692144920008,-0.10284233949093105,0.06566158486665664,0.09816146652540124,0.6689140575305627,-0.4020996911860017,Energy,7
ett2/H/short|H=96|L=6144|Hsrc=controlled|Lsrc=controlled|origins=shared_origin_v1:Hmax=720,joint-scaling-l6144,release,standard_hl_shared_origin_v1,ett2/H/short,TimesFM-2.5,timesfm25,timesfm-2.5-200m-pytorch,231.28928,200.0,96,controlled,shared_origin_v1:Hmax=720,720,720,6144,controlled,15260,16700,6144,6144,256,256,100,[],merged,6,7,2016,144151.83056032658,128,100,,float32,native_horizon,96,128,fixed_1024_median_feedback_sign_flip,77.32454814608136,77.32454814608136,5.877767835344587,0.7167465548919044,0.1501811068085343,0.12942909437512595,5.095013327968631,8.793437788833293,0.12297846314805588,0.08220207755943632,0.06534544493159676,0.7167465548919044,0.7989799974265753,0.8970769696368676,-0.1086136127597321,0.06534544493159676,0.09816146652540124,0.6656934461618635,-0.4069260054564436,Energy,7
ett2/H/short|H=96|L=8192|Hsrc=controlled|Lsrc=controlled|origins=shared_origin_v1:Hmax=720,joint-scaling,release,standard_hl_shared_origin_v1,ett2/H/short,TimesFM-2.5,timesfm25,timesfm-2.5-200m-pytorch,231.28928,200.0,96,controlled,shared_origin_v1:Hmax=720,720,720,8192,controlled,15260,16700,8192,8192,256,256,100,[],merged,2,7,2016,144151.83056032658,128,100,,float32,native_horizon,96,128,fixed_1024_median_feedback_sign_flip,75.44195265997024,75.44195265997024,5.758747161380828,0.7053617702394948,0.1475708323015938,0.12717631884983607,5.187187979808416,8.685732707145105,0.12147218019736856,0.08053754317386345,0.06437915079238196,0.7053617702394948,0.7989799974265753,0.8828278211111488,-0.12462509047090593,0.06437915079238196,0.09816146652540124,0.6558495209087221,-0.42182390521035174,Energy,7
ett2/H/short|H=192|L=128|Hsrc=controlled|Lsrc=controlled|origins=shared_origin_v1:Hmax=720,joint-scaling,release,standard_hl_shared_origin_v1,ett2/H/short,TimesFM-2.5,timesfm25,timesfm-2.5-200m-pytorch,231.28928,200.0,192,controlled,shared_origin_v1:Hmax=720,720,720,128,controlled,15260,16700,128,128,256,256,100,[],merged,2,7,4032,286751.6341557503,128,100,,float32,native_horizon,192,128,fixed_1024_median_feedback_sign_flip,163.39728267609127,163.39728267609127,7.743643866644965,0.8798261278440287,0.17100804529072328,0.1491705652267214,5.884546336612978,12.782694656295725,0.17973681302960007,0.10888297868724245,0.08483564868746823,0.8798261278440287,0.8715895895186347,1.0094500191654914,0.009405647060168564,0.08483564868746823,0.1268224591465115,0.6689323741109763,-0.40207230899925506,Energy,7
ett2/H/short|H=192|L=256|Hsrc=controlled|Lsrc=controlled|origins=shared_origin_v1:Hmax=720,joint-scaling,release,standard_hl_shared_origin_v1,ett2/H/short,TimesFM-2.5,timesfm25,timesfm-2.5-200m-pytorch,231.28928,200.0,192,controlled,shared_origin_v1:Hmax=720,720,720,256,controlled,15260,16700,256,256,256,256,100,[],merged,2,7,4032,286751.6341557503,128,100,,float32,native_horizon,192,128,fixed_1024_median_feedback_sign_flip,161.79627821180554,161.79627821180554,7.695769658164372,0.8549532715088696,0.1602843880022644,0.14536479919675796,5.541475934838785,12.719916596102568,0.17885409394957094,0.10820982190066628,0.08429302080410851,0.8549532715088696,0.8715895895186347,0.9809126701261391,-0.01927184465754875,0.08429302080410851,0.1268224591465115,0.6646537322441375,-0.4084890773316469,Energy,7
ett2/H/short|H=192|L=512|Hsrc=controlled|Lsrc=controlled|origins=shared_origin_v1:Hmax=720,joint-scaling,release,standard_hl_shared_origin_v1,ett2/H/short,TimesFM-2.5,timesfm25,timesfm-2.5-200m-pytorch,231.28928,200.0,192,controlled,shared_origin_v1:Hmax=720,720,720,512,controlled,15260,16700,512,512,256,256,100,[],merged,2,7,4032,286751.6341557503,128,100,,float32,native_horizon,192,128,fixed_1024_median_feedback_sign_flip,165.4266173347594,165.4266173347594,7.605029635959202,0.8492555762556716,0.16128736624762166,0.14519888257223462,5.4939496887324255,12.861827915765295,0.18084950172663466,0.10693393110894187,0.08447900325417734,0.8492555762556716,0.8715895895186347,0.9743755392084273,-0.0259584857812282,0.08447900325417734,0.1268224591465115,0.6661202110627982,-0.4062851276380995,Energy,7
ett2/H/short|H=192|L=1024|Hsrc=controlled|Lsrc=controlled|origins=shared_origin_v1:Hmax=720,joint-scaling,release,standard_hl_shared_origin_v1,ett2/H/short,TimesFM-2.5,timesfm25,timesfm-2.5-200m-pytorch,231.28928,200.0,192,controlled,shared_origin_v1:Hmax=720,720,720,1024,controlled,15260,16700,1024,1024,256,256,100,[],merged,2,7,4032,286751.6341557503,128,100,,float32,native_horizon,192,128,fixed_1024_median_feedback_sign_flip,171.30859956287202,171.30859956287202,7.671857561383929,0.8608674853594246,0.16619103067195753,0.14877807904803564,5.900885277639744,13.088491111005577,0.1840366012732494,0.10787359513598677,0.08618151274598725,0.8608674853594246,0.8715895895186347,0.9876982191066189,-0.01237807414083726,0.08618151274598725,0.1268224591465115,0.6795445643143235,-0.3863324635616011,Energy,7
ett2/H/short|H=192|L=2048|Hsrc=controlled|Lsrc=controlled|origins=shared_origin_v1:Hmax=720,joint-scaling,release,standard_hl_shared_origin_v1,ett2/H/short,TimesFM-2.5,timesfm25,timesfm-2.5-200m-pytorch,231.28928,200.0,192,controlled,shared_origin_v1:Hmax=720,720,720,2048,controlled,15260,16700,2048,2048,256,256,100,[],merged,2,7,4032,286751.6341557503,128,100,,float32,native_horizon,192,128,fixed_1024_median_feedback_sign_flip,139.36839076450892,139.36839076450892,7.052755688864087,0.8116837467017218,0.15787165385405105,0.141180606115432,5.940822218146324,11.805439033111345,0.16599567190487596,0.09916843550420532,0.08006289559188479,0.8116837467017218,0.8715895895186347,0.9312682901019986,-0.07120786910325237,0.08006289559188479,0.1268224591465115,0.6312990311865205,-0.4599756282422065,Energy,7
ett2/H/short|H=192|L=4096|Hsrc=controlled|Lsrc=controlled|origins=shared_origin_v1:Hmax=720,joint-scaling,release,standard_hl_shared_origin_v1,ett2/H/short,TimesFM-2.5,timesfm25,timesfm-2.5-200m-pytorch,231.28928,200.0,192,controlled,shared_origin_v1:Hmax=720,720,720,4096,controlled,15260,16700,4096,4096,256,256,100,[],merged,2,7,4032,286751.6341557503,128,100,,float32,native_horizon,192,128,fixed_1024_median_feedback_sign_flip,129.5859559074281,129.5859559074281,6.764158097524492,0.789803097853058,0.15751165531540012,0.13992901453896175,5.685770723042833,11.383582736003111,0.16006397217821797,0.09511047959505356,0.07742688586721735,0.789803097853058,0.8715895895186347,0.9061639874441982,-0.09853498772393209,0.07742688586721735,0.1268224591465115,0.6105139924606732,-0.49345406602052705,Energy,7
ett2/H/short|H=192|L=6144|Hsrc=controlled|Lsrc=controlled|origins=shared_origin_v1:Hmax=720,joint-scaling-l6144,release,standard_hl_shared_origin_v1,ett2/H/short,TimesFM-2.5,timesfm25,timesfm-2.5-200m-pytorch,231.28928,200.0,192,controlled,shared_origin_v1:Hmax=720,720,720,6144,controlled,15260,16700,6144,6144,256,256,100,[],merged,6,7,4032,286751.6341557503,128,100,,float32,native_horizon,192,128,fixed_1024_median_feedback_sign_flip,128.5116184779576,128.5116184779576,6.6696280222090465,0.7824353000699237,0.15826898116407304,0.13890079184183998,5.775351435128363,11.336296506265068,0.15939908293054159,0.09378129706120668,0.07659150508264895,0.7824353000699237,0.8715895895186347,0.8977106994842038,-0.10790742351564898,0.07659150508264895,0.1268224591465115,0.6039269826345719,-0.5043019780329293,Energy,7
ett2/H/short|H=192|L=8192|Hsrc=controlled|Lsrc=controlled|origins=shared_origin_v1:Hmax=720,joint-scaling,release,standard_hl_shared_origin_v1,ett2/H/short,TimesFM-2.5,timesfm25,timesfm-2.5-200m-pytorch,231.28928,200.0,192,controlled,shared_origin_v1:Hmax=720,720,720,8192,controlled,15260,16700,8192,8192,256,256,100,[],merged,2,7,4032,286751.6341557503,128,100,,float32,native_horizon,192,128,fixed_1024_median_feedback_sign_flip,127.6980493939112,127.6980493939112,6.614628261990017,0.7792957257037034,0.1583555613335388,0.13831644588046604,5.900505602326665,11.300356162259277,0.15889372759940984,0.09300794825761215,0.07622287781143373,0.7792957257037034,0.8715895895186347,0.8941085748099586,-0.1119280628495876,0.07622287781143373,0.1268224591465115,0.6010203423305122,-0.5091264975480082,Energy,7
ett2/H/short|H=336|L=128|Hsrc=controlled|Lsrc=controlled|origins=shared_origin_v1:Hmax=720,joint-scaling,release,standard_hl_shared_origin_v1,ett2/H/short,TimesFM-2.5,timesfm25,timesfm-2.5-200m-pytorch,231.28928,200.0,336,controlled,shared_origin_v1:Hmax=720,720,720,128,controlled,15260,16700,128,128,256,256,100,[],merged,2,7,7056,500443.1288883686,128,100,,float32,native_horizon,336,128,fixed_1024_median_feedback_sign_flip,172.517648986678,172.517648986678,8.009861260584962,0.9104346119662068,0.17079098463498488,0.15460974937663868,6.156049055996324,13.134597404819,0.1851913113369492,0.11293507252308502,0.08873757527332116,0.9104346119662068,0.935621923693908,0.9730796050307803,-0.027289386133691567,0.08873757527332116,0.15550102220996356,0.5706558967406928,-0.5609688836604805,Energy,7
ett2/H/short|H=336|L=256|Hsrc=controlled|Lsrc=controlled|origins=shared_origin_v1:Hmax=720,joint-scaling,release,standard_hl_shared_origin_v1,ett2/H/short,TimesFM-2.5,timesfm25,timesfm-2.5-200m-pytorch,231.28928,200.0,336,controlled,shared_origin_v1:Hmax=720,720,720,256,controlled,15260,16700,256,256,256,256,100,[],merged,2,7,7056,500443.1288883686,128,100,,float32,native_horizon,336,128,fixed_1024_median_feedback_sign_flip,172.73030045351473,172.73030045351473,7.9105124960140305,0.8881550817908352,0.16151132722046127,0.1517391680589879,5.7963288773062684,13.142690000662526,0.18530541292607233,0.11153430419928041,0.087228229405504,0.8881550817908352,0.935621923693908,0.9492670696346341,-0.052065097798947066,0.087228229405504,0.15550102220996356,0.5609495562525951,-0.5781242950555726,Energy,7
ett2/H/short|H=336|L=512|Hsrc=controlled|Lsrc=controlled|origins=shared_origin_v1:Hmax=720,joint-scaling,release,standard_hl_shared_origin_v1,ett2/H/short,TimesFM-2.5,timesfm25,timesfm-2.5-200m-pytorch,231.28928,200.0,336,controlled,shared_origin_v1:Hmax=720,720,720,512,controlled,15260,16700,512,512,256,256,100,[],merged,2,7,7056,500443.1288883686,128,100,,float32,native_horizon,336,128,fixed_1024_median_feedback_sign_flip,171.32363414115648,171.32363414115648,7.7543251919908585,0.8766809872863748,0.1627364361722697,0.151561767335922,5.946455112675245,13.089065441854757,0.1845493332336843,0.10933214064947708,0.08745527992403164,0.8766809872863748,0.935621923693908,0.9370034680516787,-0.06506829552145163,0.08745527992403164,0.15550102220996356,0.5624096786061387,-0.5755247291633886,Energy,7
ett2/H/short|H=336|L=1024|Hsrc=controlled|Lsrc=controlled|origins=shared_origin_v1:Hmax=720,joint-scaling,release,standard_hl_shared_origin_v1,ett2/H/short,TimesFM-2.5,timesfm25,timesfm-2.5-200m-pytorch,231.28928,200.0,336,controlled,shared_origin_v1:Hmax=720,720,720,1024,controlled,15260,16700,1024,1024,256,256,100,[],merged,2,7,7056,500443.1288883686,128,100,,float32,native_horizon,336,128,fixed_1024_median_feedback_sign_flip,176.58219843927154,176.58219843927154,7.773509745695153,0.8837882135370655,0.16634519436346928,0.15345909481956846,6.343374478214905,13.28842347456129,0.18736018265408083,0.10960263334509703,0.08943751577249304,0.8837882135370655,0.935621923693908,0.9445997268296162,-0.05699401071176044,0.08943751577249304,0.15550102220996356,0.5751570922262557,-0.5531120716264194,Energy,7
ett2/H/short|H=336|L=2048|Hsrc=controlled|Lsrc=controlled|origins=shared_origin_v1:Hmax=720,joint-scaling,release,standard_hl_shared_origin_v1,ett2/H/short,TimesFM-2.5,timesfm25,timesfm-2.5-200m-pytorch,231.28928,200.0,336,controlled,shared_origin_v1:Hmax=720,720,720,2048,controlled,15260,16700,2048,2048,256,256,100,[],merged,2,7,7056,500443.1288883686,128,100,,float32,native_horizon,336,128,fixed_1024_median_feedback_sign_flip,157.95020084856858,157.95020084856858,7.575934516059028,0.8701896684125733,0.16310370371773672,0.15054178562294057,6.560325551452161,12.567824029981029,0.17720008775528065,0.10681692056408795,0.0872227799280116,0.8701896684125733,0.935621923693908,0.930065495875724,-0.07250026964178524,0.0872227799280116,0.15550102220996356,0.5609145116116342,-0.5781867707903362,Energy,7
ett2/H/short|H=336|L=4096|Hsrc=controlled|Lsrc=controlled|origins=shared_origin_v1:Hmax=720,joint-scaling,release,standard_hl_shared_origin_v1,ett2/H/short,TimesFM-2.5,timesfm25,timesfm-2.5-200m-pytorch,231.28928,200.0,336,controlled,shared_origin_v1:Hmax=720,720,720,4096,controlled,15260,16700,4096,4096,256,256,100,[],merged,2,7,7056,500443.1288883686,128,100,,float32,native_horizon,336,128,fixed_1024_median_feedback_sign_flip,146.1695852820295,146.1695852820295,7.181325899500425,0.8306990487506789,0.15749310541521663,0.1461138173836429,6.240345772990288,12.090061425899766,0.17046387191016438,0.1012531347156892,0.08371859533185802,0.8306990487506789,0.935621923693908,0.8878576139719072,-0.11894389347277153,0.08371859533185802,0.15550102220996356,0.5383797105771941,-0.6191911860251619,Energy,7
ett2/H/short|H=336|L=6144|Hsrc=controlled|Lsrc=controlled|origins=shared_origin_v1:Hmax=720,joint-scaling-l6144,release,standard_hl_shared_origin_v1,ett2/H/short,TimesFM-2.5,timesfm25,timesfm-2.5-200m-pytorch,231.28928,200.0,336,controlled,shared_origin_v1:Hmax=720,720,720,6144,controlled,15260,16700,6144,6144,256,256,100,[],merged,6,7,7056,500443.1288883686,128,100,,float32,native_horizon,336,128,fixed_1024_median_feedback_sign_flip,148.23750626959767,148.23750626959767,7.145120599102271,0.8284217203711135,0.15957761583451852,0.14564233247925634,6.333028301917816,12.175282595061097,0.1716654481430883,0.10074265793049117,0.08318089578616643,0.8284217203711135,0.935621923693908,0.8854235876607511,-0.12168911835592719,0.08318089578616643,0.15550102220996356,0.5349218584161609,-0.6256346017890034,Energy,7
ett2/H/short|H=336|L=8192|Hsrc=controlled|Lsrc=controlled|origins=shared_origin_v1:Hmax=720,joint-scaling,release,standard_hl_shared_origin_v1,ett2/H/short,TimesFM-2.5,timesfm25,timesfm-2.5-200m-pytorch,231.28928,200.0,336,controlled,shared_origin_v1:Hmax=720,720,720,8192,controlled,15260,16700,8192,8192,256,256,100,[],merged,2,7,7056,500443.1288883686,128,100,,float32,native_horizon,336,128,fixed_1024_median_feedback_sign_flip,148.61123290462018,148.61123290462018,7.169710950786564,0.8376921023597724,0.16296769383334592,0.1475231577209334,6.508286220796415,12.190620693985199,0.17188170773336156,0.10108936969746016,0.08331123642181104,0.8376921023597724,0.935621923693908,0.8953318441411665,-0.11056085385083746,0.08331123642181104,0.15550102220996356,0.5357600563507612,-0.6240688742012356,Energy,7
ett2/H/short|H=720|L=128|Hsrc=controlled|Lsrc=controlled|origins=shared_origin_v1:Hmax=720,joint-scaling,release,standard_hl_shared_origin_v1,ett2/H/short,TimesFM-2.5,timesfm25,timesfm-2.5-200m-pytorch,231.28928,200.0,720,controlled,shared_origin_v1:Hmax=720,720,720,128,controlled,15260,16700,128,128,256,256,100,[],merged,2,7,15120,1104114.6179156303,128,100,,float32,native_horizon,720,128,fixed_1024_median_feedback_sign_flip,286.1997974537037,286.1997974537037,10.337563037367724,1.114820533998194,0.19401848082382026,0.18134022869130292,8.766882098942553,16.917440629530926,0.23167133028398473,0.1415649703289625,0.11418938490424498,1.114820533998194,1.1284016695734669,0.9879642719950897,-0.012108743836417992,0.11418938490424498,0.20790633362858252,0.5492347583226607,-0.5992293180839562,Energy,7
ett2/H/short|H=720|L=256|Hsrc=controlled|Lsrc=controlled|origins=shared_origin_v1:Hmax=720,joint-scaling,release,standard_hl_shared_origin_v1,ett2/H/short,TimesFM-2.5,timesfm25,timesfm-2.5-200m-pytorch,231.28928,200.0,720,controlled,shared_origin_v1:Hmax=720,720,720,256,controlled,15260,16700,256,256,256,256,100,[],merged,2,7,15120,1104114.6179156303,128,100,,float32,native_horizon,720,128,fixed_1024_median_feedback_sign_flip,281.9334986772487,281.9334986772487,10.17909820395172,1.0912803593439964,0.1852745589761217,0.17889560114138972,7.816470729942495,16.79087545892854,0.22993811767321362,0.13939491638494972,0.11178754787714981,1.0912803593439964,1.1284016695734669,0.9671027514134197,-0.033450531248873316,0.11178754787714981,0.20790633362858252,0.5376822626137711,-0.6204874832245137,Energy,7
ett2/H/short|H=720|L=512|Hsrc=controlled|Lsrc=controlled|origins=shared_origin_v1:Hmax=720,joint-scaling,release,standard_hl_shared_origin_v1,ett2/H/short,TimesFM-2.5,timesfm25,timesfm-2.5-200m-pytorch,231.28928,200.0,720,controlled,shared_origin_v1:Hmax=720,720,720,512,controlled,15260,16700,512,512,256,256,100,[],merged,2,7,15120,1104114.6179156303,128,100,,float32,native_horizon,720,128,fixed_1024_median_feedback_sign_flip,260.02432002314816,260.02432002314816,9.760816592261905,1.0560294815305136,0.18224952246603096,0.17488165961371527,6.987033731091491,16.12526961086692,0.22082315781361983,0.1336668716094088,0.10626748369925995,1.0560294815305136,1.1284016695734669,0.9358630973398774,-0.06628607672786964,0.10626748369925995,0.20790633362858252,0.5111315362287285,-0.6711283124529942,Energy,7
ett2/H/short|H=720|L=1024|Hsrc=controlled|Lsrc=controlled|origins=shared_origin_v1:Hmax=720,joint-scaling,release,standard_hl_shared_origin_v1,ett2/H/short,TimesFM-2.5,timesfm25,timesfm-2.5-200m-pytorch,231.28928,200.0,720,controlled,shared_origin_v1:Hmax=720,720,720,1024,controlled,15260,16700,1024,1024,256,256,100,[],merged,2,7,15120,1104114.6179156303,128,100,,float32,native_horizon,720,128,fixed_1024_median_feedback_sign_flip,246.72449983465606,246.72449983465606,9.525395404472553,1.0412134232853563,0.1853114435475124,0.17474112535910633,7.239776396419776,15.707466372227447,0.2151016639888623,0.13044295961547575,0.10561066091249977,1.0412134232853563,1.1284016695734669,0.9227329694389166,-0.08041539355346612,0.10561066091249977,0.20790633362858252,0.5079723117101836,-0.6773283373965923,Energy,7
ett2/H/short|H=720|L=2048|Hsrc=controlled|Lsrc=controlled|origins=shared_origin_v1:Hmax=720,joint-scaling,release,standard_hl_shared_origin_v1,ett2/H/short,TimesFM-2.5,timesfm25,timesfm-2.5-200m-pytorch,231.28928,200.0,720,controlled,shared_origin_v1:Hmax=720,720,720,2048,controlled,15260,16700,2048,2048,256,256,100,[],merged,2,7,15120,1104114.6179156303,128,100,,float32,native_horizon,720,128,fixed_1024_median_feedback_sign_flip,226.07324735449737,226.07324735449737,9.187941390749009,1.0049759920197738,0.17744111581069255,0.1682592159856564,7.464718304751393,15.035732351784445,0.20590278352455682,0.12582178659167118,0.10253542830620263,1.0049759920197738,1.1284016695734669,0.890619022568136,-0.11583852705008776,0.10253542830620263,0.20790633362858252,0.49318087869982175,-0.7068792783141153,Energy,7
ett2/H/short|H=720|L=4096|Hsrc=controlled|Lsrc=controlled|origins=shared_origin_v1:Hmax=720,joint-scaling,release,standard_hl_shared_origin_v1,ett2/H/short,TimesFM-2.5,timesfm25,timesfm-2.5-200m-pytorch,231.28928,200.0,720,controlled,shared_origin_v1:Hmax=720,720,720,4096,controlled,15260,16700,4096,4096,256,256,100,[],merged,2,7,15120,1104114.6179156303,128,100,,float32,native_horizon,720,128,fixed_1024_median_feedback_sign_flip,223.4316261574074,223.4316261574074,9.160045805431547,1.0032487058772654,0.17727202678244722,0.16901145813957094,7.221929719818037,14.947629449428007,0.20469628207804563,0.12543977801832554,0.10201506660040696,1.0032487058772654,1.1284016695734669,0.8890882856071022,-0.11755873950465612,0.10201506660040696,0.20790633362858252,0.49067801264127603,-0.7119671450392141,Energy,7
ett2/H/short|H=720|L=6144|Hsrc=controlled|Lsrc=controlled|origins=shared_origin_v1:Hmax=720,joint-scaling-l6144,release,standard_hl_shared_origin_v1,ett2/H/short,TimesFM-2.5,timesfm25,timesfm-2.5-200m-pytorch,231.28928,200.0,720,controlled,shared_origin_v1:Hmax=720,720,720,6144,controlled,15260,16700,6144,6144,256,256,100,[],merged,6,7,15120,1104114.6179156303,128,100,,float32,native_horizon,720,128,fixed_1024_median_feedback_sign_flip,219.91770419973545,219.91770419973545,9.034524261636077,0.9958093105776202,0.1795674537425264,0.16844618761980976,7.36759708452735,14.829622523845153,0.2030802680466572,0.12372085707353236,0.10096539573490632,0.9958093105776202,1.1284016695734669,0.882495424660293,-0.1250016747090394,0.10096539573490632,0.20790633362858252,0.4856292445389254,-0.7223098175351264,Energy,7
ett2/H/short|H=720|L=8192|Hsrc=controlled|Lsrc=controlled|origins=shared_origin_v1:Hmax=720,joint-scaling,release,standard_hl_shared_origin_v1,ett2/H/short,TimesFM-2.5,timesfm25,timesfm-2.5-200m-pytorch,231.28928,200.0,720,controlled,shared_origin_v1:Hmax=720,720,720,8192,controlled,15260,16700,8192,8192,256,256,100,[],merged,2,7,15120,1104114.6179156303,128,100,,float32,native_horizon,720,128,fixed_1024_median_feedback_sign_flip,227.729617228836,227.729617228836,9.192595434441138,1.011206287167986,0.18254049397783192,0.16969267426344453,7.5622033970672335,15.090712946340076,0.20665570045563642,0.12588552013842727,0.10197578434132867,1.011206287167986,1.1284016695734669,0.8961403677736667,-0.10965821781549369,0.10197578434132867,0.20790633362858252,0.49048907054224183,-0.7123522825037867,Energy,7
hierarchical_sales/D/short|H=48|L=128|Hsrc=controlled|Lsrc=controlled|origins=shared_origin_v1:Hmax=720,joint-scaling,release,standard_hl_shared_origin_v1,hierarchical_sales/D/short,TimesFM-2.5,timesfm25,timesfm-2.5-200m-pytorch,231.28928,200.0,48,controlled,shared_origin_v1:Hmax=720,720,720,128,controlled,1105,1105,128,128,256,256,100,[],merged,2,118,5664,19987.0,128,100,,float32,native_horizon,48,128,fixed_1024_median_feedback_sign_flip,34.133118710275426,34.133118710275426,2.284921074991172,0.7327939615727281,0.6386490170821915,0.9009495717344843,7.250012534368406,5.842355578897559,1.6556312602629597,0.6475105302821833,0.5320338530287062,0.7327939615727281,0.9146193419591229,0.8012010329926731,-0.22164338588442398,0.5320338530287062,1.867466512192648,0.2848960608155856,-1.2556308641249831,Sales,1
hierarchical_sales/D/short|H=48|L=256|Hsrc=controlled|Lsrc=controlled|origins=shared_origin_v1:Hmax=720,joint-scaling,release,standard_hl_shared_origin_v1,hierarchical_sales/D/short,TimesFM-2.5,timesfm25,timesfm-2.5-200m-pytorch,231.28928,200.0,48,controlled,shared_origin_v1:Hmax=720,720,720,256,controlled,1105,1105,256,256,256,256,100,[],merged,2,118,5664,19987.0,128,100,,float32,native_horizon,48,128,fixed_1024_median_feedback_sign_flip,33.626977952860166,33.626977952860166,2.239942389019465,0.7177416722471768,0.6054479551679165,0.8941216149062698,6.911509646894085,5.798877301069593,1.6433102032950506,0.6347642813531921,0.5202494035166669,0.7177416722471768,0.9146193419591229,0.7847435969479584,-0.24239824264607496,0.5202494035166669,1.867466512192648,0.2785856667950777,-1.278029666213736,Sales,1
hierarchical_sales/D/short|H=48|L=512|Hsrc=controlled|Lsrc=controlled|origins=shared_origin_v1:Hmax=720,joint-scaling,release,standard_hl_shared_origin_v1,hierarchical_sales/D/short,TimesFM-2.5,timesfm25,timesfm-2.5-200m-pytorch,231.28928,200.0,48,controlled,shared_origin_v1:Hmax=720,720,720,512,controlled,1105,1105,512,512,256,256,100,[],merged,2,118,5664,19987.0,128,100,,float32,native_horizon,48,128,fixed_1024_median_feedback_sign_flip,31.8929050251589,31.8929050251589,2.223303498521363,0.7083632765177469,0.6053760513086324,0.8969623444730342,6.692435703388709,5.647380368379564,1.6003783662631637,0.6300490826849953,0.5129939489766873,0.7083632765177469,0.9146193419591229,0.7744897183132234,-0.2555508944706278,0.5129939489766873,1.867466512192648,0.274700480906812,-1.2920739352205848,Sales,1
hierarchical_sales/D/short|H=48|L=1024|Hsrc=controlled|Lsrc=controlled|origins=shared_origin_v1:Hmax=720,joint-scaling,release,standard_hl_shared_origin_v1,hierarchical_sales/D/short,TimesFM-2.5,timesfm25,timesfm-2.5-200m-pytorch,231.28928,200.0,48,controlled,shared_origin_v1:Hmax=720,720,720,1024,controlled,1105,1105,1024,1024,256,256,100,[],merged,2,118,5664,19987.0,128,100,,float32,native_horizon,48,128,fixed_1024_median_feedback_sign_flip,30.18175166070798,30.18175166070798,2.207448927022643,0.7038302355258181,0.6068167057275792,0.8975212169221601,6.469341377758001,5.493792102064655,1.556853878325622,0.6255561476287712,0.5067645495097727,0.7038302355258181,0.9146193419591229,0.7695335132736286,-0.26197077463905166,0.5067645495097727,1.867466512192648,0.2713647319516136,-1.3042914886193255,Sales,1
hierarchical_sales/D/short|H=48|L=2048|Hsrc=controlled|Lsrc=controlled|origins=shared_origin_v1:Hmax=720,joint-scaling,release,standard_hl_shared_origin_v1,hierarchical_sales/D/short,TimesFM-2.5,timesfm25,timesfm-2.5-200m-pytorch,231.28928,200.0,48,controlled,shared_origin_v1:Hmax=720,720,720,2048,controlled,1105,1105,1105,1105,256,256,100,[],merged,2,118,5664,19987.0,128,100,,float32,native_horizon,48,128,fixed_1024_median_feedback_sign_flip,29.94670768780897,29.94670768780897,2.21516625355866,0.7058195371501932,0.6159909696602459,0.9000241174760658,6.507277424133644,5.472358512360915,1.5507799376600904,0.6277431160332341,0.5079537601234309,0.7058195371501932,0.9146193419591229,0.7717085182545138,-0.25914836728156965,0.5079537601234309,1.867466512192648,0.2720015362026638,-1.3019475648981773,Sales,1
hierarchical_sales/D/short|H=48|L=4096|Hsrc=controlled|Lsrc=controlled|origins=shared_origin_v1:Hmax=720,joint-scaling,release,standard_hl_shared_origin_v1,hierarchical_sales/D/short,TimesFM-2.5,timesfm25,timesfm-2.5-200m-pytorch,231.28928,200.0,48,controlled,shared_origin_v1:Hmax=720,720,720,4096,controlled,1105,1105,1105,1105,256,256,100,[],merged,2,118,5664,19987.0,128,100,,float32,native_horizon,48,128,fixed_1024_median_feedback_sign_flip,29.94670768780897,29.94670768780897,2.21516625355866,0.7058195371501932,0.6159909696602459,0.9000241174760658,6.507277424133644,5.472358512360915,1.5507799376600904,0.6277431160332341,0.5079537601234309,0.7058195371501932,0.9146193419591229,0.7717085182545138,-0.25914836728156965,0.5079537601234309,1.867466512192648,0.2720015362026638,-1.3019475648981773,Sales,1
hierarchical_sales/D/short|H=48|L=6144|Hsrc=controlled|Lsrc=controlled|origins=shared_origin_v1:Hmax=720,joint-scaling-l6144,release,standard_hl_shared_origin_v1,hierarchical_sales/D/short,TimesFM-2.5,timesfm25,timesfm-2.5-200m-pytorch,231.28928,200.0,48,controlled,shared_origin_v1:Hmax=720,720,720,6144,controlled,1105,1105,1105,1105,256,256,100,[],merged,6,118,5664,19987.0,128,100,,float32,native_horizon,48,128,fixed_1024_median_feedback_sign_flip,29.94670768780897,29.94670768780897,2.215166339766508,0.7058195371501932,0.6157765922691487,0.9001711267620858,6.507277424133644,5.472358512360915,1.5507799376600904,0.627743140463176,0.507953760123431,0.7058195371501932,0.9146193419591229,0.7717085182545138,-0.25914836728156965,0.507953760123431,1.867466512192648,0.2720015362026639,-1.3019475648981773,Sales,1
hierarchical_sales/D/short|H=48|L=8192|Hsrc=controlled|Lsrc=controlled|origins=shared_origin_v1:Hmax=720,joint-scaling,release,standard_hl_shared_origin_v1,hierarchical_sales/D/short,TimesFM-2.5,timesfm25,timesfm-2.5-200m-pytorch,231.28928,200.0,48,controlled,shared_origin_v1:Hmax=720,720,720,8192,controlled,1105,1105,1105,1105,256,256,100,[],merged,2,118,5664,19987.0,128,100,,float32,native_horizon,48,128,fixed_1024_median_feedback_sign_flip,29.94670768780897,29.94670768780897,2.21516625355866,0.7058195371501932,0.6159909696602459,0.9000241174760658,6.507277424133644,5.472358512360915,1.5507799376600904,0.6277431160332341,0.5079537601234309,0.7058195371501932,0.9146193419591229,0.7717085182545138,-0.25914836728156965,0.5079537601234309,1.867466512192648,0.2720015362026638,-1.3019475648981773,Sales,1
hierarchical_sales/D/short|H=96|L=128|Hsrc=controlled|Lsrc=controlled|origins=shared_origin_v1:Hmax=720,joint-scaling,release,standard_hl_shared_origin_v1,hierarchical_sales/D/short,TimesFM-2.5,timesfm25,timesfm-2.5-200m-pytorch,231.28928,200.0,96,controlled,shared_origin_v1:Hmax=720,720,720,128,controlled,1105,1105,128,128,256,256,100,[],merged,2,118,11210,44867.0,128,100,,float32,native_horizon,96,128,fixed_1024_median_feedback_sign_flip,56.38986117305977,56.38986117305977,2.737433618142284,0.8546944636711513,0.6409335721731365,0.9238851679576792,10.079083646887518,7.509318289502701,1.8761998356325424,0.6839465722997972,0.5749225936142024,0.8546944636711513,1.0414336391373997,0.8206902788151523,-0.19760948940851789,0.5749225936142024,2.251225579502112,0.2553820456061778,-1.364994636969214,Sales,1
hierarchical_sales/D/short|H=96|L=256|Hsrc=controlled|Lsrc=controlled|origins=shared_origin_v1:Hmax=720,joint-scaling,release,standard_hl_shared_origin_v1,hierarchical_sales/D/short,TimesFM-2.5,timesfm25,timesfm-2.5-200m-pytorch,231.28928,200.0,96,controlled,shared_origin_v1:Hmax=720,720,720,256,controlled,1105,1105,256,256,256,256,100,[],merged,2,118,11210,44867.0,128,100,,float32,native_horizon,96,128,fixed_1024_median_feedback_sign_flip,55.81650312221231,55.81650312221231,2.6881686970338983,0.837784663334578,0.6073429147791399,0.9177449287988819,9.584948788763151,7.471044312692324,1.8666370995448982,0.6716377536663918,0.5627369450881338,0.837784663334578,1.0414336391373997,0.8044532381616745,-0.21759243958189572,0.5627369450881338,2.251225579502112,0.24996915023175528,-1.3864177678071614,Sales,1
hierarchical_sales/D/short|H=96|L=512|Hsrc=controlled|Lsrc=controlled|origins=shared_origin_v1:Hmax=720,joint-scaling,release,standard_hl_shared_origin_v1,hierarchical_sales/D/short,TimesFM-2.5,timesfm25,timesfm-2.5-200m-pytorch,231.28928,200.0,96,controlled,shared_origin_v1:Hmax=720,720,720,512,controlled,1105,1105,512,512,256,256,100,[],merged,2,118,11210,44867.0,128,100,,float32,native_horizon,96,128,fixed_1024_median_feedback_sign_flip,54.78277207850134,54.78277207850134,2.6798026664250667,0.8323302318797322,0.6093154619555271,0.9247585674662419,9.452864289757844,7.401538494022803,1.8492711016559078,0.6695475046387099,0.5602514206542722,0.8323302318797322,1.0414336391373997,0.7992158123191949,-0.22412426665933963,0.5602514206542722,2.251225579502112,0.24886507409807382,-1.3908444004746998,Sales,1
hierarchical_sales/D/short|H=96|L=1024|Hsrc=controlled|Lsrc=controlled|origins=shared_origin_v1:Hmax=720,joint-scaling,release,standard_hl_shared_origin_v1,hierarchical_sales/D/short,TimesFM-2.5,timesfm25,timesfm-2.5-200m-pytorch,231.28928,200.0,96,controlled,shared_origin_v1:Hmax=720,720,720,1024,controlled,1105,1105,1024,1024,256,256,100,[],merged,2,118,11210,44867.0,128,100,,float32,native_horizon,96,128,fixed_1024_median_feedback_sign_flip,53.46370706958073,53.46370706958073,2.667599555363515,0.8277088415979237,0.6109545739892521,0.9234817274460833,9.10905769349349,7.311888064623304,1.8268719817332837,0.6664985627660641,0.5554928864596786,0.8277088415979237,1.0414336391373997,0.7947782849452603,-0.22969209008528563,0.5554928864596786,2.251225579502112,0.2467513213769245,-1.3993742455585707,Sales,1
hierarchical_sales/D/short|H=96|L=2048|Hsrc=controlled|Lsrc=controlled|origins=shared_origin_v1:Hmax=720,joint-scaling,release,standard_hl_shared_origin_v1,hierarchical_sales/D/short,TimesFM-2.5,timesfm25,timesfm-2.5-200m-pytorch,231.28928,200.0,96,controlled,shared_origin_v1:Hmax=720,720,720,2048,controlled,1105,1105,1105,1105,256,256,100,[],merged,2,118,11210,44867.0,128,100,,float32,native_horizon,96,128,fixed_1024_median_feedback_sign_flip,52.8178412132025,52.8178412132025,2.664925377035013,0.828041499525779,0.61859326059548,0.925230712292171,9.13285987282803,7.267588404223405,1.8158037312801028,0.6658304204997547,0.5537067426767297,0.828041499525779,1.0414336391373997,0.795097708012995,-0.22929026871877994,0.5537067426767297,2.251225579502112,0.24595791186736127,-1.4025948476574088,Sales,1
hierarchical_sales/D/short|H=96|L=4096|Hsrc=controlled|Lsrc=controlled|origins=shared_origin_v1:Hmax=720,joint-scaling,release,standard_hl_shared_origin_v1,hierarchical_sales/D/short,TimesFM-2.5,timesfm25,timesfm-2.5-200m-pytorch,231.28928,200.0,96,controlled,shared_origin_v1:Hmax=720,720,720,4096,controlled,1105,1105,1105,1105,256,256,100,[],merged,2,118,11210,44867.0,128,100,,float32,native_horizon,96,128,fixed_1024_median_feedback_sign_flip,52.8178412132025,52.8178412132025,2.664925377035013,0.828041499525779,0.61859326059548,0.925230712292171,9.13285987282803,7.267588404223405,1.8158037312801028,0.6658304204997547,0.5537067426767297,0.828041499525779,1.0414336391373997,0.795097708012995,-0.22929026871877994,0.5537067426767297,2.251225579502112,0.24595791186736127,-1.4025948476574088,Sales,1
hierarchical_sales/D/short|H=96|L=6144|Hsrc=controlled|Lsrc=controlled|origins=shared_origin_v1:Hmax=720,joint-scaling-l6144,release,standard_hl_shared_origin_v1,hierarchical_sales/D/short,TimesFM-2.5,timesfm25,timesfm-2.5-200m-pytorch,231.28928,200.0,96,controlled,shared_origin_v1:Hmax=720,720,720,6144,controlled,1105,1105,1105,1105,256,256,100,[],merged,6,118,11210,44867.0,128,100,,float32,native_horizon,96,128,fixed_1024_median_feedback_sign_flip,52.81784469781445,52.81784469781445,2.664925333477364,0.828041499525779,0.6179374930927878,0.9252687834292943,9.13285987282803,7.267588643959869,1.8158037911781517,0.6658304096168955,0.5537067426767297,0.828041499525779,1.0414336391373997,0.795097708012995,-0.22929026871877994,0.5537067426767297,2.251225579502112,0.24595791186736127,-1.4025948476574088,Sales,1
hierarchical_sales/D/short|H=96|L=8192|Hsrc=controlled|Lsrc=controlled|origins=shared_origin_v1:Hmax=720,joint-scaling,release,standard_hl_shared_origin_v1,hierarchical_sales/D/short,TimesFM-2.5,timesfm25,timesfm-2.5-200m-pytorch,231.28928,200.0,96,controlled,shared_origin_v1:Hmax=720,720,720,8192,controlled,1105,1105,1105,1105,256,256,100,[],merged,2,118,11210,44867.0,128,100,,float32,native_horizon,96,128,fixed_1024_median_feedback_sign_flip,52.8178412132025,52.8178412132025,2.664925377035013,0.828041499525779,0.61859326059548,0.925230712292171,9.13285987282803,7.267588404223405,1.8158037312801028,0.6658304204997547,0.5537067426767297,0.828041499525779,1.0414336391373997,0.795097708012995,-0.22929026871877994,0.5537067426767297,2.251225579502112,0.24595791186736127,-1.4025948476574088,Sales,1
hierarchical_sales/D/short|H=192|L=128|Hsrc=controlled|Lsrc=controlled|origins=shared_origin_v1:Hmax=720,joint-scaling,release,standard_hl_shared_origin_v1,hierarchical_sales/D/short,TimesFM-2.5,timesfm25,timesfm-2.5-200m-pytorch,231.28928,200.0,192,controlled,shared_origin_v1:Hmax=720,720,720,128,controlled,1105,1105,128,128,256,256,100,[],merged,2,118,22538,84027.0,128,100,,float32,native_horizon,192,128,fixed_1024_median_feedback_sign_flip,51.06400301712663,51.06400301712663,2.628447302888455,0.840637812978381,0.6609682307490653,0.9599491880709654,9.857902149682081,7.145908131030417,1.9166991259614592,0.7050108335713521,0.5886571955226757,0.840637812978381,1.0187335912678954,0.8251792423298225,-0.1921546528156492,0.5886571955226757,3.325423783044172,0.177017196582327,-1.7315083952952741,Sales,1
hierarchical_sales/D/short|H=192|L=256|Hsrc=controlled|Lsrc=controlled|origins=shared_origin_v1:Hmax=720,joint-scaling,release,standard_hl_shared_origin_v1,hierarchical_sales/D/short,TimesFM-2.5,timesfm25,timesfm-2.5-200m-pytorch,231.28928,200.0,192,controlled,shared_origin_v1:Hmax=720,720,720,256,controlled,1105,1105,256,256,256,256,100,[],merged,2,118,22538,84027.0,128,100,,float32,native_horizon,192,128,fixed_1024_median_feedback_sign_flip,50.555711465081195,50.555711465081195,2.5611774073231874,0.8126986011628424,0.6163024391151247,0.9547541360337937,9.484425328700642,7.1102539662856765,1.9071358479077745,0.6869674795750176,0.5744444650652659,0.8126986011628424,1.0187335912678954,0.7977538074025556,-0.22595524115882656,0.5744444650652659,3.325423783044172,0.1727432359130498,-1.7559489724523245,Sales,1
hierarchical_sales/D/short|H=192|L=512|Hsrc=controlled|Lsrc=controlled|origins=shared_origin_v1:Hmax=720,joint-scaling,release,standard_hl_shared_origin_v1,hierarchical_sales/D/short,TimesFM-2.5,timesfm25,timesfm-2.5-200m-pytorch,231.28928,200.0,192,controlled,shared_origin_v1:Hmax=720,720,720,512,controlled,1105,1105,512,512,256,256,100,[],merged,2,118,22538,84027.0,128,100,,float32,native_horizon,192,128,fixed_1024_median_feedback_sign_flip,50.11353464149437,50.11353464149437,2.553639963617002,0.8059371075256299,0.6181313299294139,0.963929173395636,9.4375370533646,7.079091371178533,1.8987773135256736,0.6849457614814285,0.5726852064661713,0.8059371075256299,1.0187335912678954,0.791116651530629,-0.23430984859757997,0.5726852064661713,3.325423783044172,0.1722142030096151,-1.759016210659139,Sales,1
hierarchical_sales/D/short|H=192|L=1024|Hsrc=controlled|Lsrc=controlled|origins=shared_origin_v1:Hmax=720,joint-scaling,release,standard_hl_shared_origin_v1,hierarchical_sales/D/short,TimesFM-2.5,timesfm25,timesfm-2.5-200m-pytorch,231.28928,200.0,192,controlled,shared_origin_v1:Hmax=720,720,720,1024,controlled,1105,1105,1024,1024,256,256,100,[],merged,2,118,22538,84027.0,128,100,,float32,native_horizon,192,128,fixed_1024_median_feedback_sign_flip,49.48135925991659,49.48135925991659,2.554972348783166,0.8026035006324171,0.6253493700626324,0.960563096107017,9.153751190086922,7.0342987752807735,1.8867628952274633,0.6853031382397919,0.5717065563621908,0.8026035006324171,1.0187335912678954,0.7878443466593782,-0.2384547382558812,0.5717065563621908,3.325423783044172,0.17191990966000642,-1.7607265521249489,Sales,1
hierarchical_sales/D/short|H=192|L=2048|Hsrc=controlled|Lsrc=controlled|origins=shared_origin_v1:Hmax=720,joint-scaling,release,standard_hl_shared_origin_v1,hierarchical_sales/D/short,TimesFM-2.5,timesfm25,timesfm-2.5-200m-pytorch,231.28928,200.0,192,controlled,shared_origin_v1:Hmax=720,720,720,2048,controlled,1105,1105,1105,1105,256,256,100,[],merged,2,118,22538,84027.0,128,100,,float32,native_horizon,192,128,fixed_1024_median_feedback_sign_flip,49.15939052932825,49.15939052932825,2.5594362507210047,0.8048858329237386,0.6320254207368246,0.9618562122315549,9.172976915427745,7.011375794330828,1.8806144174209265,0.6865004607893891,0.5721503986983231,0.8048858329237386,1.0187335912678954,0.7900847089198205,-0.2356151127886326,0.5721503986983231,3.325423783044172,0.17205337906573911,-1.7599505069097776,Sales,1
hierarchical_sales/D/short|H=192|L=4096|Hsrc=controlled|Lsrc=controlled|origins=shared_origin_v1:Hmax=720,joint-scaling,release,standard_hl_shared_origin_v1,hierarchical_sales/D/short,TimesFM-2.5,timesfm25,timesfm-2.5-200m-pytorch,231.28928,200.0,192,controlled,shared_origin_v1:Hmax=720,720,720,4096,controlled,1105,1105,1105,1105,256,256,100,[],merged,2,118,22538,84027.0,128,100,,float32,native_horizon,192,128,fixed_1024_median_feedback_sign_flip,49.15939052932825,49.15939052932825,2.5594362507210047,0.8048858329237386,0.6320254207368246,0.9618562122315549,9.172976915427745,7.011375794330828,1.8806144174209265,0.6865004607893891,0.5721503986983231,0.8048858329237386,1.0187335912678954,0.7900847089198205,-0.2356151127886326,0.5721503986983231,3.325423783044172,0.17205337906573911,-1.7599505069097776,Sales,1
hierarchical_sales/D/short|H=192|L=6144|Hsrc=controlled|Lsrc=controlled|origins=shared_origin_v1:Hmax=720,joint-scaling-l6144,release,standard_hl_shared_origin_v1,hierarchical_sales/D/short,TimesFM-2.5,timesfm25,timesfm-2.5-200m-pytorch,231.28928,200.0,192,controlled,shared_origin_v1:Hmax=720,720,720,6144,controlled,1105,1105,1105,1105,256,256,100,[],merged,6,118,22538,84027.0,128,100,,float32,native_horizon,192,128,fixed_1024_median_feedback_sign_flip,49.15939295578578,49.15939295578578,2.5594361207322076,0.8048858329237386,0.6312856164811211,0.9618455739198106,9.172976915427746,7.011375967368016,1.8806144638335338,0.6865004259233638,0.5721503986983231,0.8048858329237386,1.0187335912678954,0.7900847089198205,-0.2356151127886326,0.5721503986983231,3.325423783044172,0.17205337906573911,-1.7599505069097776,Sales,1
hierarchical_sales/D/short|H=192|L=8192|Hsrc=controlled|Lsrc=controlled|origins=shared_origin_v1:Hmax=720,joint-scaling,release,standard_hl_shared_origin_v1,hierarchical_sales/D/short,TimesFM-2.5,timesfm25,timesfm-2.5-200m-pytorch,231.28928,200.0,192,controlled,shared_origin_v1:Hmax=720,720,720,8192,controlled,1105,1105,1105,1105,256,256,100,[],merged,2,118,22538,84027.0,128,100,,float32,native_horizon,192,128,fixed_1024_median_feedback_sign_flip,49.15939052932825,49.15939052932825,2.5594362507210047,0.8048858329237386,0.6320254207368246,0.9618562122315549,9.172976915427745,7.011375794330828,1.8806144174209265,0.6865004607893891,0.5721503986983231,0.8048858329237386,1.0187335912678954,0.7900847089198205,-0.2356151127886326,0.5721503986983231,3.325423783044172,0.17205337906573911,-1.7599505069097776,Sales,1
hierarchical_sales/D/short|H=336|L=128|Hsrc=controlled|Lsrc=controlled|origins=shared_origin_v1:Hmax=720,joint-scaling,release,standard_hl_shared_origin_v1,hierarchical_sales/D/short,TimesFM-2.5,timesfm25,timesfm-2.5-200m-pytorch,231.28928,200.0,336,controlled,shared_origin_v1:Hmax=720,720,720,128,controlled,1105,1105,128,128,256,256,100,[],merged,2,118,39530,142438.0,128,100,,float32,native_horizon,336,128,fixed_1024_median_feedback_sign_flip,47.91715785479383,47.91715785479383,2.5691993225082217,0.809336265643526,0.663097805727971,0.9704356840368356,8.953755686266009,6.922222031601835,1.9210845203472424,0.713015130925385,0.5918863747474791,0.809336265643526,0.9843623022305182,0.822193478772611,-0.19577953598667638,0.5918863747474791,4.483902756957517,0.1320025002391208,-2.024934415369688,Sales,1
hierarchical_sales/D/short|H=336|L=256|Hsrc=controlled|Lsrc=controlled|origins=shared_origin_v1:Hmax=720,joint-scaling,release,standard_hl_shared_origin_v1,hierarchical_sales/D/short,TimesFM-2.5,timesfm25,timesfm-2.5-200m-pytorch,231.28928,200.0,336,controlled,shared_origin_v1:Hmax=720,720,720,256,controlled,1105,1105,256,256,256,256,100,[],merged,2,118,39530,142438.0,128,100,,float32,native_horizon,336,128,fixed_1024_median_feedback_sign_flip,47.42720244118391,47.42720244118391,2.505377047495573,0.7838918053661705,0.6205387077533916,0.9694755522739874,8.633430468768728,6.886741060994228,1.911237690371262,0.6953029015255761,0.5777837010621644,0.7838918053661705,0.9843623022305182,0.7963448047430391,-0.22772301514183094,0.5777837010621644,4.483902756957517,0.12885732193135488,-2.0490495182646127,Sales,1
hierarchical_sales/D/short|H=336|L=512|Hsrc=controlled|Lsrc=controlled|origins=shared_origin_v1:Hmax=720,joint-scaling,release,standard_hl_shared_origin_v1,hierarchical_sales/D/short,TimesFM-2.5,timesfm25,timesfm-2.5-200m-pytorch,231.28928,200.0,336,controlled,shared_origin_v1:Hmax=720,720,720,512,controlled,1105,1105,512,512,256,256,100,[],merged,2,118,39530,142438.0,128,100,,float32,native_horizon,336,128,fixed_1024_median_feedback_sign_flip,46.94386858082469,46.94386858082469,2.4903385284910193,0.7754658446387053,0.6201406906128727,0.9790432695638046,8.47795158567547,6.851559572887379,1.9014739740535398,0.691129347724975,0.573813756494506,0.7754658446387053,0.9843623022305182,0.7877849881913768,-0.23853008398182904,0.573813756494506,4.483902756957517,0.12797194488755118,-2.055944219652097,Sales,1
hierarchical_sales/D/short|H=336|L=1024|Hsrc=controlled|Lsrc=controlled|origins=shared_origin_v1:Hmax=720,joint-scaling,release,standard_hl_shared_origin_v1,hierarchical_sales/D/short,TimesFM-2.5,timesfm25,timesfm-2.5-200m-pytorch,231.28928,200.0,336,controlled,shared_origin_v1:Hmax=720,720,720,1024,controlled,1105,1105,1024,1024,256,256,100,[],merged,2,118,39530,142438.0,128,100,,float32,native_horizon,336,128,fixed_1024_median_feedback_sign_flip,46.48129427017455,46.48129427017455,2.491676219010878,0.7720710904444554,0.6212338319109286,0.9756299760490142,8.28942771705423,6.81771913987182,1.8920824330525075,0.6915005892914812,0.5734360625593207,0.7720710904444554,0.9843623022305182,0.7843363045242376,-0.24291739075636073,0.5734360625593207,4.483902756957517,0.12788771158552442,-2.0566026533124173,Sales,1
hierarchical_sales/D/short|H=336|L=2048|Hsrc=controlled|Lsrc=controlled|origins=shared_origin_v1:Hmax=720,joint-scaling,release,standard_hl_shared_origin_v1,hierarchical_sales/D/short,TimesFM-2.5,timesfm25,timesfm-2.5-200m-pytorch,231.28928,200.0,336,controlled,shared_origin_v1:Hmax=720,720,720,2048,controlled,1105,1105,1105,1105,256,256,100,[],merged,2,118,39530,142438.0,128,100,,float32,native_horizon,336,128,fixed_1024_median_feedback_sign_flip,46.367281178851506,46.367281178851506,2.503388249430812,0.7755608320849141,0.628059846826099,0.9762390960856467,8.321961432277952,6.809352478676038,1.8897604816275415,0.6947509618219857,0.5755895486781479,0.7755608320849141,0.9843623022305182,0.7878814846195654,-0.2384076006644844,0.5755895486781479,4.483902756957517,0.128367982063176,-2.0528542797005613,Sales,1
hierarchical_sales/D/short|H=336|L=4096|Hsrc=controlled|Lsrc=controlled|origins=shared_origin_v1:Hmax=720,joint-scaling,release,standard_hl_shared_origin_v1,hierarchical_sales/D/short,TimesFM-2.5,timesfm25,timesfm-2.5-200m-pytorch,231.28928,200.0,336,controlled,shared_origin_v1:Hmax=720,720,720,4096,controlled,1105,1105,1105,1105,256,256,100,[],merged,2,118,39530,142438.0,128,100,,float32,native_horizon,336,128,fixed_1024_median_feedback_sign_flip,46.367281178851506,46.367281178851506,2.503388249430812,0.7755608320849141,0.628059846826099,0.9762390960856467,8.321961432277952,6.809352478676038,1.8897604816275415,0.6947509618219857,0.5755895486781479,0.7755608320849141,0.9843623022305182,0.7878814846195654,-0.2384076006644844,0.5755895486781479,4.483902756957517,0.128367982063176,-2.0528542797005613,Sales,1
hierarchical_sales/D/short|H=336|L=6144|Hsrc=controlled|Lsrc=controlled|origins=shared_origin_v1:Hmax=720,joint-scaling-l6144,release,standard_hl_shared_origin_v1,hierarchical_sales/D/short,TimesFM-2.5,timesfm25,timesfm-2.5-200m-pytorch,231.28928,200.0,336,controlled,shared_origin_v1:Hmax=720,720,720,6144,controlled,1105,1105,1105,1105,256,256,100,[],merged,6,118,39530,142438.0,128,100,,float32,native_horizon,336,128,fixed_1024_median_feedback_sign_flip,46.36728236465975,46.36728236465975,2.503388298839489,0.7755608320849141,0.627456643269881,0.976249170652587,8.321961432277954,6.809352565748065,1.8897605057921412,0.694750975534092,0.575589548678148,0.7755608320849141,0.9843623022305182,0.7878814846195654,-0.2384076006644844,0.575589548678148,4.483902756957517,0.12836798206317604,-2.052854279700561,Sales,1
hierarchical_sales/D/short|H=336|L=8192|Hsrc=controlled|Lsrc=controlled|origins=shared_origin_v1:Hmax=720,joint-scaling,release,standard_hl_shared_origin_v1,hierarchical_sales/D/short,TimesFM-2.5,timesfm25,timesfm-2.5-200m-pytorch,231.28928,200.0,336,controlled,shared_origin_v1:Hmax=720,720,720,8192,controlled,1105,1105,1105,1105,256,256,100,[],merged,2,118,39530,142438.0,128,100,,float32,native_horizon,336,128,fixed_1024_median_feedback_sign_flip,46.367281178851506,46.367281178851506,2.503388249430812,0.7755608320849141,0.628059846826099,0.9762390960856467,8.321961432277952,6.809352478676038,1.8897604816275415,0.6947509618219857,0.5755895486781479,0.7755608320849141,0.9843623022305182,0.7878814846195654,-0.2384076006644844,0.5755895486781479,4.483902756957517,0.128367982063176,-2.0528542797005613,Sales,1
hierarchical_sales/D/short|H=720|L=128|Hsrc=controlled|Lsrc=controlled|origins=shared_origin_v1:Hmax=720,joint-scaling,release,standard_hl_shared_origin_v1,hierarchical_sales/D/short,TimesFM-2.5,timesfm25,timesfm-2.5-200m-pytorch,231.28928,200.0,720,controlled,shared_origin_v1:Hmax=720,720,720,128,controlled,1105,1105,128,128,256,256,100,[],merged,2,118,83544,294968.0,128,100,,float32,native_horizon,720,128,fixed_1024_median_feedback_sign_flip,43.30658096332471,43.30658096332471,2.5587705842131094,0.8109024497297802,0.6873972529282476,0.9815294575956707,8.524711672075352,6.580773583958402,1.863877262273266,0.7247224434091155,0.597031699054926,0.8109024497297802,0.9742282554481628,0.8323536555165404,-0.18349786174958602,0.597031699054926,6.5888634602276355,0.09061224331916866,-2.4011659390900824,Sales,1
hierarchical_sales/D/short|H=720|L=256|Hsrc=controlled|Lsrc=controlled|origins=shared_origin_v1:Hmax=720,joint-scaling,release,standard_hl_shared_origin_v1,hierarchical_sales/D/short,TimesFM-2.5,timesfm25,timesfm-2.5-200m-pytorch,231.28928,200.0,720,controlled,shared_origin_v1:Hmax=720,720,720,256,controlled,1105,1105,256,256,256,256,100,[],merged,2,118,83544,294968.0,128,100,,float32,native_horizon,720,128,fixed_1024_median_feedback_sign_flip,42.837216017906734,42.837216017906734,2.515205591514651,0.78808257101637,0.6536486505506003,0.9826498978241713,8.271094525323063,6.545014592642764,1.85374921729729,0.7123834990151474,0.5880493780352645,0.78808257101637,0.9742282554481628,0.808930111202572,-0.21204275477459436,0.5880493780352645,6.5888634602276355,0.08924898528933065,-2.4163252276942395,Sales,1
hierarchical_sales/D/short|H=720|L=512|Hsrc=controlled|Lsrc=controlled|origins=shared_origin_v1:Hmax=720,joint-scaling,release,standard_hl_shared_origin_v1,hierarchical_sales/D/short,TimesFM-2.5,timesfm25,timesfm-2.5-200m-pytorch,231.28928,200.0,720,controlled,shared_origin_v1:Hmax=720,720,720,512,controlled,1105,1105,512,512,256,256,100,[],merged,2,118,83544,294968.0,128,100,,float32,native_horizon,720,128,fixed_1024_median_feedback_sign_flip,42.36569951163459,42.36569951163459,2.482066336301829,0.776265885345453,0.6427366344374292,0.994321298770832,8.071719877872674,6.508893877736416,1.8435187210870707,0.702997443790513,0.5792531623058553,0.776265885345453,0.9742282554481628,0.7968008328688398,-0.22715052744517658,0.5792531623058553,6.5888634602276355,0.08791397269079894,-2.431396525708996,Sales,1
hierarchical_sales/D/short|H=720|L=1024|Hsrc=controlled|Lsrc=controlled|origins=shared_origin_v1:Hmax=720,joint-scaling,release,standard_hl_shared_origin_v1,hierarchical_sales/D/short,TimesFM-2.5,timesfm25,timesfm-2.5-200m-pytorch,231.28928,200.0,720,controlled,shared_origin_v1:Hmax=720,720,720,1024,controlled,1105,1105,1024,1024,256,256,100,[],merged,2,118,83544,294968.0,128,100,,float32,native_horizon,720,128,fixed_1024_median_feedback_sign_flip,42.071279804653834,42.071279804653834,2.47905706873025,0.7716095146180338,0.633492469421408,0.9907654182790224,7.969633151539908,6.486237723415156,1.837101802110723,0.7021451267595129,0.5784011637937005,0.7716095146180338,0.9742282554481628,0.7920212848508272,-0.23316701271718193,0.5784011637937005,6.5888634602276355,0.08778466381722799,-2.432868465383517,Sales,1
hierarchical_sales/D/short|H=720|L=2048|Hsrc=controlled|Lsrc=controlled|origins=shared_origin_v1:Hmax=720,joint-scaling,release,standard_hl_shared_origin_v1,hierarchical_sales/D/short,TimesFM-2.5,timesfm25,timesfm-2.5-200m-pytorch,231.28928,200.0,720,controlled,shared_origin_v1:Hmax=720,720,720,2048,controlled,1105,1105,1105,1105,256,256,100,[],merged,2,118,83544,294968.0,128,100,,float32,native_horizon,720,128,fixed_1024_median_feedback_sign_flip,42.10939594704587,42.10939594704587,2.4934089746121804,0.7751487215162224,0.6395449029056269,0.9903571749022112,8.01598496859195,6.489175290207983,1.8379338112782937,0.7062100274436549,0.5814325862963061,0.7751487215162224,0.9742282554481628,0.7956541161492383,-0.2285907150228696,0.5814325862963061,6.5888634602276355,0.08824474657974146,-2.4276411137820992,Sales,1
hierarchical_sales/D/short|H=720|L=4096|Hsrc=controlled|Lsrc=controlled|origins=shared_origin_v1:Hmax=720,joint-scaling,release,standard_hl_shared_origin_v1,hierarchical_sales/D/short,TimesFM-2.5,timesfm25,timesfm-2.5-200m-pytorch,231.28928,200.0,720,controlled,shared_origin_v1:Hmax=720,720,720,4096,controlled,1105,1105,1105,1105,256,256,100,[],merged,2,118,83544,294968.0,128,100,,float32,native_horizon,720,128,fixed_1024_median_feedback_sign_flip,42.10939594704587,42.10939594704587,2.4934089746121804,0.7751487215162224,0.6395449029056269,0.9903571749022112,8.01598496859195,6.489175290207983,1.8379338112782937,0.7062100274436549,0.5814325862963061,0.7751487215162224,0.9742282554481628,0.7956541161492383,-0.2285907150228696,0.5814325862963061,6.5888634602276355,0.08824474657974146,-2.4276411137820992,Sales,1
hierarchical_sales/D/short|H=720|L=6144|Hsrc=controlled|Lsrc=controlled|origins=shared_origin_v1:Hmax=720,joint-scaling-l6144,release,standard_hl_shared_origin_v1,hierarchical_sales/D/short,TimesFM-2.5,timesfm25,timesfm-2.5-200m-pytorch,231.28928,200.0,720,controlled,shared_origin_v1:Hmax=720,720,720,6144,controlled,1105,1105,1105,1105,256,256,100,[],merged,6,118,83544,294968.0,128,100,,float32,native_horizon,720,128,fixed_1024_median_feedback_sign_flip,42.10939594704587,42.10939594704587,2.4934089746121804,0.7751487215162224,0.6390988008492546,0.9903649007049863,8.01598496859195,6.489175290207983,1.8379338112782937,0.7062100274436549,0.5814325862963061,0.7751487215162224,0.9742282554481628,0.7956541161492383,-0.2285907150228696,0.5814325862963061,6.5888634602276355,0.08824474657974146,-2.4276411137820992,Sales,1
hierarchical_sales/D/short|H=720|L=8192|Hsrc=controlled|Lsrc=controlled|origins=shared_origin_v1:Hmax=720,joint-scaling,release,standard_hl_shared_origin_v1,hierarchical_sales/D/short,TimesFM-2.5,timesfm25,timesfm-2.5-200m-pytorch,231.28928,200.0,720,controlled,shared_origin_v1:Hmax=720,720,720,8192,controlled,1105,1105,1105,1105,256,256,100,[],merged,2,118,83544,294968.0,128,100,,float32,native_horizon,720,128,fixed_1024_median_feedback_sign_flip,42.10939594704587,42.10939594704587,2.4934089746121804,0.7751487215162224,0.6395449029056269,0.9903571749022112,8.01598496859195,6.489175290207983,1.8379338112782937,0.7062100274436549,0.5814325862963061,0.7751487215162224,0.9742282554481628,0.7956541161492383,-0.2285907150228696,0.5814325862963061,6.5888634602276355,0.08824474657974146,-2.4276411137820992,Sales,1
jena_weather/10T/short|H=48|L=128|Hsrc=controlled|Lsrc=controlled|origins=shared_origin_v1:Hmax=720,joint-scaling,release,standard_hl_shared_origin_v1,jena_weather/10T/short,TimesFM-2.5,timesfm25,timesfm-2.5-200m-pytorch,231.28928,200.0,48,controlled,shared_origin_v1:Hmax=720,720,720,128,controlled,46944,51984,128,128,256,256,100,[],merged,2,21,8064,1266753.2614265718,128,100,,float32,native_horizon,48,128,fixed_1024_median_feedback_sign_flip,2815.7145337301586,2815.7145337301586,13.385574583023313,0.38568888343793606,1.206763519735643,0.4976755188558735,4.200720078260126,53.06330684880239,0.33779467514206685,0.08521096943215321,0.07073184603048879,0.38568888343793606,0.7056584768569798,0.5465659325114378,-0.6041003336079178,0.07073184603048879,0.16264350565490623,0.43488884321373533,-0.8326648133895203,Nature,21
jena_weather/10T/short|H=48|L=256|Hsrc=controlled|Lsrc=controlled|origins=shared_origin_v1:Hmax=720,joint-scaling,release,standard_hl_shared_origin_v1,jena_weather/10T/short,TimesFM-2.5,timesfm25,timesfm-2.5-200m-pytorch,231.28928,200.0,48,controlled,shared_origin_v1:Hmax=720,720,720,256,controlled,46944,51984,256,256,256,256,100,[],merged,2,21,8064,1266753.2614265718,128,100,,float32,native_horizon,48,128,fixed_1024_median_feedback_sign_flip,895.3013121589781,895.3013121589781,4.075797913566468,0.27781989076305064,0.4391246953211747,0.42564640368222567,3.8016614307809204,29.92158605687503,0.19047724391955445,0.025946042829197935,0.023310175907089548,0.27781989076305064,0.7056584768569798,0.3937030445669232,-0.9321583478468951,0.023310175907089548,0.16264350565490623,0.14332066818916592,-1.9426707243376788,Nature,21
jena_weather/10T/short|H=48|L=512|Hsrc=controlled|Lsrc=controlled|origins=shared_origin_v1:Hmax=720,joint-scaling,release,standard_hl_shared_origin_v1,jena_weather/10T/short,TimesFM-2.5,timesfm25,timesfm-2.5-200m-pytorch,231.28928,200.0,48,controlled,shared_origin_v1:Hmax=720,720,720,512,controlled,46944,51984,512,512,256,256,100,[],merged,2,21,8064,1266753.2614265718,128,100,,float32,native_horizon,48,128,fixed_1024_median_feedback_sign_flip,894.5394287109375,894.5394287109375,3.9785784161280073,0.28085460323988504,0.4500585879868343,0.42189062415710443,4.061908734807473,29.908852012588806,0.19039618051419288,0.02532715511742614,0.022634368442829095,0.28085460323988504,0.7056584768569798,0.39800358452550355,-0.9212942673927699,0.022634368442829095,0.16264350565490623,0.13916552248236858,-1.9720912450767139,Nature,21
jena_weather/10T/short|H=48|L=1024|Hsrc=controlled|Lsrc=controlled|origins=shared_origin_v1:Hmax=720,joint-scaling,release,standard_hl_shared_origin_v1,jena_weather/10T/short,TimesFM-2.5,timesfm25,timesfm-2.5-200m-pytorch,231.28928,200.0,48,controlled,shared_origin_v1:Hmax=720,720,720,1024,controlled,46944,51984,1024,1024,256,256,100,[],merged,2,21,8064,1266753.2614265718,128,100,,float32,native_horizon,48,128,fixed_1024_median_feedback_sign_flip,893.3756626674107,893.3756626674107,3.93923102484809,0.2760179675995397,0.3882877503780325,0.4913558425099362,3.707389122148027,29.88939046998802,0.1902722906578873,0.02507667432298641,0.022366578068033018,0.2760179675995397,0.7056584768569798,0.39114951021198036,-0.9386654130262393,0.022366578068033018,0.16264350565490623,0.13751903574613045,-1.9839929296676517,Nature,21
jena_weather/10T/short|H=48|L=2048|Hsrc=controlled|Lsrc=controlled|origins=shared_origin_v1:Hmax=720,joint-scaling,release,standard_hl_shared_origin_v1,jena_weather/10T/short,TimesFM-2.5,timesfm25,timesfm-2.5-200m-pytorch,231.28928,200.0,48,controlled,shared_origin_v1:Hmax=720,720,720,2048,controlled,46944,51984,2048,2048,256,256,100,[],merged,2,21,8064,1266753.2614265718,128,100,,float32,native_horizon,48,128,fixed_1024_median_feedback_sign_flip,888.1877954876612,888.1877954876612,3.8280967833503845,0.27473345948887284,0.3988092265231325,0.4875165574430319,3.6146716226892313,29.802479686892855,0.1897190269906676,0.02436920701208464,0.021695594971675673,0.27473345948887284,0.7056584768569798,0.38932921306712337,-0.9433299871936127,0.021695594971675673,0.16264350565490623,0.1333935522621417,-2.0144514805357363,Nature,21
jena_weather/10T/short|H=48|L=4096|Hsrc=controlled|Lsrc=controlled|origins=shared_origin_v1:Hmax=720,joint-scaling,release,standard_hl_shared_origin_v1,jena_weather/10T/short,TimesFM-2.5,timesfm25,timesfm-2.5-200m-pytorch,231.28928,200.0,48,controlled,shared_origin_v1:Hmax=720,720,720,4096,controlled,46944,51984,4096,4096,256,256,100,[],merged,2,21,8064,1266753.2614265718,128,100,,float32,native_horizon,48,128,fixed_1024_median_feedback_sign_flip,890.0692831372457,890.0692831372457,3.8315010676308283,0.274514874811963,0.3793494542709614,0.4722628967313493,3.767889780859001,29.83402894577341,0.18991986580542328,0.024390878279310416,0.021768825044308122,0.274514874811963,0.7056584768569798,0.3890194531987471,-0.94412592839106,0.021768825044308122,0.16264350565490623,0.1338438012428039,-2.011081821311155,Nature,21
jena_weather/10T/short|H=48|L=6144|Hsrc=controlled|Lsrc=controlled|origins=shared_origin_v1:Hmax=720,joint-scaling-l6144,release,standard_hl_shared_origin_v1,jena_weather/10T/short,TimesFM-2.5,timesfm25,timesfm-2.5-200m-pytorch,231.28928,200.0,48,controlled,shared_origin_v1:Hmax=720,720,720,6144,controlled,46944,51984,6144,6144,256,256,100,[],merged,6,21,8064,1266753.2614265718,128,100,,float32,native_horizon,48,128,fixed_1024_median_feedback_sign_flip,890.0135252210829,890.0135252210829,3.8045814529297846,0.26137177627938335,0.3469472483069566,0.4736462518994591,3.533739864531138,29.833094462711756,0.18991391699783883,0.024219511226578498,0.0216186771015467,0.26137177627938335,0.7056584768569798,0.37039415645304746,-0.9931875526492268,0.0216186771015467,0.16264350565490623,0.1329206291668158,-2.018003102082211,Nature,21
jena_weather/10T/short|H=48|L=8192|Hsrc=controlled|Lsrc=controlled|origins=shared_origin_v1:Hmax=720,joint-scaling,release,standard_hl_shared_origin_v1,jena_weather/10T/short,TimesFM-2.5,timesfm25,timesfm-2.5-200m-pytorch,231.28928,200.0,48,controlled,shared_origin_v1:Hmax=720,720,720,8192,controlled,46944,51984,8192,8192,256,256,100,[],merged,2,21,8064,1266753.2614265718,128,100,,float32,native_horizon,48,128,fixed_1024_median_feedback_sign_flip,889.1533784412202,889.1533784412202,3.8324681236630393,0.2617697333408478,0.36739589566057995,0.4963049312092457,3.3890250544295046,29.818674994728056,0.18982212438647456,0.0243970344425359,0.02168104920939086,0.2617697333408478,0.7056584768569798,0.37095810781835514,-0.9916661396819559,0.02168104920939086,0.16264350565490623,0.13330411885853763,-2.01512215311102,Nature,21
jena_weather/10T/short|H=96|L=128|Hsrc=controlled|Lsrc=controlled|origins=shared_origin_v1:Hmax=720,joint-scaling,release,standard_hl_shared_origin_v1,jena_weather/10T/short,TimesFM-2.5,timesfm25,timesfm-2.5-200m-pytorch,231.28928,200.0,96,controlled,shared_origin_v1:Hmax=720,720,720,128,controlled,46944,51984,128,128,256,256,100,[],merged,2,21,16128,2666546.043662604,128,100,,float32,native_horizon,96,128,fixed_1024_median_feedback_sign_flip,3975.0709325396824,3975.0709325396824,18.568226647755456,0.5953585580677758,0.9066738380793645,0.5576869868311845,8.113916640568865,63.048163593713674,0.3813325424685876,0.11230571476038292,0.10065425615319386,0.5953585580677758,0.7741562320408423,0.7690418722048942,-0.26260986075742865,0.10065425615319386,0.15759631843720967,0.6386840577960394,-0.44834537912059913,Nature,21
jena_weather/10T/short|H=96|L=256|Hsrc=controlled|Lsrc=controlled|origins=shared_origin_v1:Hmax=720,joint-scaling,release,standard_hl_shared_origin_v1,jena_weather/10T/short,TimesFM-2.5,timesfm25,timesfm-2.5-200m-pytorch,231.28928,200.0,96,controlled,shared_origin_v1:Hmax=720,720,720,256,controlled,46944,51984,256,256,256,256,100,[],merged,2,21,16128,2666546.043662604,128,100,,float32,native_horizon,96,128,fixed_1024_median_feedback_sign_flip,1461.6256820436508,1461.6256820436508,10.38379390656002,0.4756213607802391,0.5533453215988048,0.4297445370710172,5.852864951732843,38.231213452408895,0.23123283846002388,0.06280402640074939,0.05136558675246052,0.4756213607802391,0.7741562320408423,0.6143738706674219,-0.487151626263601,0.05136558675246052,0.15759631843720967,0.32593138762264845,-1.1210683871819929,Nature,21
jena_weather/10T/short|H=96|L=512|Hsrc=controlled|Lsrc=controlled|origins=shared_origin_v1:Hmax=720,joint-scaling,release,standard_hl_shared_origin_v1,jena_weather/10T/short,TimesFM-2.5,timesfm25,timesfm-2.5-200m-pytorch,231.28928,200.0,96,controlled,shared_origin_v1:Hmax=720,720,720,512,controlled,46944,51984,512,512,256,256,100,[],merged,2,21,16128,2666546.043662604,128,100,,float32,native_horizon,96,128,fixed_1024_median_feedback_sign_flip,1625.0667782738096,1625.0667782738096,10.825092618427579,0.4759446849604009,0.5963978338078451,0.4373642312139187,5.318806255954509,40.312117015530326,0.24381871251450876,0.06547312174298625,0.053745102566273795,0.4759446849604009,0.7741562320408423,0.6147915178641763,-0.486472063990332,0.053745102566273795,0.15759631843720967,0.34103019092852216,-1.075784269170461,Nature,21
jena_weather/10T/short|H=96|L=1024|Hsrc=controlled|Lsrc=controlled|origins=shared_origin_v1:Hmax=720,joint-scaling,release,standard_hl_shared_origin_v1,jena_weather/10T/short,TimesFM-2.5,timesfm25,timesfm-2.5-200m-pytorch,231.28928,200.0,96,controlled,shared_origin_v1:Hmax=720,720,720,1024,controlled,46944,51984,1024,1024,256,256,100,[],merged,2,21,16128,2666546.043662604,128,100,,float32,native_horizon,96,128,fixed_1024_median_feedback_sign_flip,1471.2921626984128,1471.2921626984128,9.77093505859375,0.4673886232787944,0.6039491106354734,0.4776096480979128,5.2075640117041075,38.35742643476505,0.23199620910733668,0.0590972884190479,0.04998638720781927,0.4673886232787944,0.7741562320408423,0.6037394054771832,-0.5046126220331989,0.04998638720781927,0.15759631843720967,0.31717991704060716,-1.1482861044647552,Nature,21
jena_weather/10T/short|H=96|L=2048|Hsrc=controlled|Lsrc=controlled|origins=shared_origin_v1:Hmax=720,joint-scaling,release,standard_hl_shared_origin_v1,jena_weather/10T/short,TimesFM-2.5,timesfm25,timesfm-2.5-200m-pytorch,231.28928,200.0,96,controlled,shared_origin_v1:Hmax=720,720,720,2048,controlled,46944,51984,2048,2048,256,256,100,[],merged,2,21,16128,2666546.043662604,128,100,,float32,native_horizon,96,128,fixed_1024_median_feedback_sign_flip,1385.0479290674602,1385.0479290674602,9.54965597485739,0.45454810927215633,0.6305131190815697,0.4755774096342766,4.423158911465575,37.21623206434875,0.22509395334099938,0.05775893198189517,0.047435407504432925,0.45454810927215633,0.7741562320408423,0.5871529420797528,-0.5324699444031311,0.047435407504432925,0.15759631843720967,0.30099311947653384,-1.2006678733764768,Nature,21
jena_weather/10T/short|H=96|L=4096|Hsrc=controlled|Lsrc=controlled|origins=shared_origin_v1:Hmax=720,joint-scaling,release,standard_hl_shared_origin_v1,jena_weather/10T/short,TimesFM-2.5,timesfm25,timesfm-2.5-200m-pytorch,231.28928,200.0,96,controlled,shared_origin_v1:Hmax=720,720,720,4096,controlled,46944,51984,4096,4096,256,256,100,[],merged,2,21,16128,2666546.043662604,128,100,,float32,native_horizon,96,128,fixed_1024_median_feedback_sign_flip,1339.6041666666667,1339.6041666666667,9.317173549107142,0.4449377014955629,0.6018350318109174,0.4583797799243131,4.586353244164265,36.60060336478986,0.2213704625390749,0.05635281466717221,0.045810843229089654,0.4449377014955629,0.7741562320408423,0.574738900341358,-0.5538394276760754,0.045810843229089654,0.15759631843720967,0.2906847297155729,-1.2355160021552163,Nature,21
jena_weather/10T/short|H=96|L=6144|Hsrc=controlled|Lsrc=controlled|origins=shared_origin_v1:Hmax=720,joint-scaling-l6144,release,standard_hl_shared_origin_v1,jena_weather/10T/short,TimesFM-2.5,timesfm25,timesfm-2.5-200m-pytorch,231.28928,200.0,96,controlled,shared_origin_v1:Hmax=720,720,720,6144,controlled,46944,51984,6144,6144,256,256,100,[],merged,6,21,16128,2666546.043662604,128,100,,float32,native_horizon,96,128,fixed_1024_median_feedback_sign_flip,1336.1742795913938,1336.1742795913938,9.377921331496466,0.42494335834528457,0.6093404143309722,0.45904290770303896,3.9891040573223115,36.55371772599052,0.2210868853683927,0.056720233874766046,0.045502087307633464,0.42494335834528457,0.7741562320408423,0.548911628890518,-0.5998178178417862,0.045502087307633464,0.15759631843720967,0.2887255727725812,-1.2422786171832092,Nature,21
jena_weather/10T/short|H=96|L=8192|Hsrc=controlled|Lsrc=controlled|origins=shared_origin_v1:Hmax=720,joint-scaling,release,standard_hl_shared_origin_v1,jena_weather/10T/short,TimesFM-2.5,timesfm25,timesfm-2.5-200m-pytorch,231.28928,200.0,96,controlled,shared_origin_v1:Hmax=720,720,720,8192,controlled,46944,51984,8192,8192,256,256,100,[],merged,2,21,16128,2666546.043662604,128,100,,float32,native_horizon,96,128,fixed_1024_median_feedback_sign_flip,1348.4591393849207,1348.4591393849207,9.418290395585318,0.4201373926081392,0.6451602374197392,0.4644254663327838,3.665959403672726,36.72137169803057,0.22210090245896127,0.05696439701875988,0.04545763888492545,0.4201373926081392,0.7741562320408423,0.5427036239191237,-0.6111919203615999,0.04545763888492545,0.15759631843720967,0.288443533045075,-1.2432559382044237,Nature,21
jena_weather/10T/short|H=192|L=128|Hsrc=controlled|Lsrc=controlled|origins=shared_origin_v1:Hmax=720,joint-scaling,release,standard_hl_shared_origin_v1,jena_weather/10T/short,TimesFM-2.5,timesfm25,timesfm-2.5-200m-pytorch,231.28928,200.0,192,controlled,shared_origin_v1:Hmax=720,720,720,128,controlled,46944,51984,128,128,256,256,100,[],merged,2,21,32256,5192373.383527776,128,100,,float32,native_horizon,192,128,fixed_1024_median_feedback_sign_flip,2836.9528769841268,2836.9528769841268,14.76301017640129,0.6684704908696569,0.7279199055484556,0.5776093491865584,8.820791079086007,53.263053582986835,0.3308801061616937,0.0917105957288583,0.08068969698443403,0.6684704908696569,0.7854218158507354,0.8510974324613051,-0.16122866523352752,0.08068969698443403,0.17200378014317172,0.46911583522914385,-0.7569055576002338,Nature,21
jena_weather/10T/short|H=192|L=256|Hsrc=controlled|Lsrc=controlled|origins=shared_origin_v1:Hmax=720,joint-scaling,release,standard_hl_shared_origin_v1,jena_weather/10T/short,TimesFM-2.5,timesfm25,timesfm-2.5-200m-pytorch,231.28928,200.0,192,controlled,shared_origin_v1:Hmax=720,720,720,256,controlled,46944,51984,256,256,256,256,100,[],merged,2,21,32256,5192373.383527776,128,100,,float32,native_horizon,192,128,fixed_1024_median_feedback_sign_flip,1225.6932663690477,1225.6932663690477,8.724146767268104,0.5897378975419924,0.5778352592679883,0.490731612311061,6.686290664954653,35.00990240444906,0.21748809812877123,0.05419604048848438,0.04573327220286331,0.5897378975419924,0.7854218158507354,0.7508550000017677,-0.2865427217560005,0.04573327220286331,0.17200378014317172,0.26588527394453804,-1.3246903641978327,Nature,21
jena_weather/10T/short|H=192|L=512|Hsrc=controlled|Lsrc=controlled|origins=shared_origin_v1:Hmax=720,joint-scaling,release,standard_hl_shared_origin_v1,jena_weather/10T/short,TimesFM-2.5,timesfm25,timesfm-2.5-200m-pytorch,231.28928,200.0,192,controlled,shared_origin_v1:Hmax=720,720,720,512,controlled,46944,51984,512,512,256,256,100,[],merged,2,21,32256,5192373.383527776,128,100,,float32,native_horizon,192,128,fixed_1024_median_feedback_sign_flip,1314.0477120535713,1314.0477120535713,8.805161975678944,0.5768957469378183,0.582804895513459,0.5046024755222341,6.309727811267577,36.249796027751266,0.22519055050635112,0.054699322199847855,0.046089290890080105,0.5768957469378183,0.7854218158507354,0.7345043584165655,-0.3085593495307178,0.046089290890080105,0.17200378014317172,0.2679551045431473,-1.316935832865774,Nature,21
jena_weather/10T/short|H=192|L=1024|Hsrc=controlled|Lsrc=controlled|origins=shared_origin_v1:Hmax=720,joint-scaling,release,standard_hl_shared_origin_v1,jena_weather/10T/short,TimesFM-2.5,timesfm25,timesfm-2.5-200m-pytorch,231.28928,200.0,192,controlled,shared_origin_v1:Hmax=720,720,720,1024,controlled,46944,51984,1024,1024,256,256,100,[],merged,2,21,32256,5192373.383527776,128,100,,float32,native_horizon,192,128,fixed_1024_median_feedback_sign_flip,1238.3579489087301,1238.3579489087301,8.288492596338665,0.5781862129240051,0.6110815924031834,0.5531630628003444,6.162077438583132,35.19031044064161,0.21860882677935092,0.05148967484419542,0.044017716291597724,0.5781862129240051,0.7854218158507354,0.7361473812612888,-0.30632493402094585,0.044017716291597724,0.17200378014317172,0.2559113308728358,-1.3629242582783476,Nature,21
jena_weather/10T/short|H=192|L=2048|Hsrc=controlled|Lsrc=controlled|origins=shared_origin_v1:Hmax=720,joint-scaling,release,standard_hl_shared_origin_v1,jena_weather/10T/short,TimesFM-2.5,timesfm25,timesfm-2.5-200m-pytorch,231.28928,200.0,192,controlled,shared_origin_v1:Hmax=720,720,720,2048,controlled,46944,51984,2048,2048,256,256,100,[],merged,2,21,32256,5192373.383527776,128,100,,float32,native_horizon,192,128,fixed_1024_median_feedback_sign_flip,1187.8148251488096,1187.8148251488096,8.142218211340525,0.5771846955667775,0.6314452541667468,0.5614302448838733,5.445263617296295,34.46468954087371,0.21410113328081223,0.05058099085442919,0.04235791079104636,0.5771846955667775,0.7854218158507354,0.734872248158266,-0.3080586069059318,0.04235791079104636,0.17200378014317172,0.24626151097254184,-1.4013612549562955,Nature,21
jena_weather/10T/short|H=192|L=4096|Hsrc=controlled|Lsrc=controlled|origins=shared_origin_v1:Hmax=720,joint-scaling,release,standard_hl_shared_origin_v1,jena_weather/10T/short,TimesFM-2.5,timesfm25,timesfm-2.5-200m-pytorch,231.28928,200.0,192,controlled,shared_origin_v1:Hmax=720,720,720,4096,controlled,46944,51984,4096,4096,256,256,100,[],merged,2,21,32256,5192373.383527776,128,100,,float32,native_horizon,192,128,fixed_1024_median_feedback_sign_flip,1164.8678695436508,1164.8678695436508,7.933872767857143,0.5578054718571872,0.5977838348953108,0.5511127853465173,5.704872712882712,34.13016070198983,0.21202297721806254,0.049286709775506844,0.04114987586451992,0.5578054718571872,0.7854218158507354,0.7101985972378372,-0.34221063364007176,0.04114987586451992,0.17200378014317172,0.23923820645260108,-1.4302955436880829,Nature,21
jena_weather/10T/short|H=192|L=6144|Hsrc=controlled|Lsrc=controlled|origins=shared_origin_v1:Hmax=720,joint-scaling-l6144,release,standard_hl_shared_origin_v1,jena_weather/10T/short,TimesFM-2.5,timesfm25,timesfm-2.5-200m-pytorch,231.28928,200.0,192,controlled,shared_origin_v1:Hmax=720,720,720,6144,controlled,46944,51984,6144,6144,256,256,100,[],merged,6,21,32256,5192373.383527776,128,100,,float32,native_horizon,192,128,fixed_1024_median_feedback_sign_flip,1162.0406116303943,1162.0406116303943,7.921364981030661,0.5352146237103371,0.595719396900404,0.553017575361417,4.7202928902946715,34.08871677887559,0.21176551977322358,0.049209009051372696,0.04071868461761223,0.5352146237103371,0.7854218158507354,0.6814359022235911,-0.3835530862328174,0.04071868461761223,0.17200378014317172,0.2367313356934307,-1.440829385531844,Nature,21
jena_weather/10T/short|H=192|L=8192|Hsrc=controlled|Lsrc=controlled|origins=shared_origin_v1:Hmax=720,joint-scaling,release,standard_hl_shared_origin_v1,jena_weather/10T/short,TimesFM-2.5,timesfm25,timesfm-2.5-200m-pytorch,231.28928,200.0,192,controlled,shared_origin_v1:Hmax=720,720,720,8192,controlled,46944,51984,8192,8192,256,256,100,[],merged,2,21,32256,5192373.383527776,128,100,,float32,native_horizon,192,128,fixed_1024_median_feedback_sign_flip,1167.9137524801588,1167.9137524801588,7.933439708891369,0.5260620083156369,0.6354567391521331,0.5567918741733954,4.454054061207263,34.17475314439241,0.2122999938568699,0.04928401953176507,0.04056707646924133,0.5260620083156369,0.7854218158507354,0.6697827813018269,-0.40080182617577925,0.04056707646924133,0.17200378014317172,0.23584991234189323,-1.4445596409208215,Nature,21
jena_weather/10T/short|H=336|L=128|Hsrc=controlled|Lsrc=controlled|origins=shared_origin_v1:Hmax=720,joint-scaling,release,standard_hl_shared_origin_v1,jena_weather/10T/short,TimesFM-2.5,timesfm25,timesfm-2.5-200m-pytorch,231.28928,200.0,336,controlled,shared_origin_v1:Hmax=720,720,720,128,controlled,46944,51984,128,128,256,256,100,[],merged,2,21,56448,9144486.066630237,128,100,,float32,native_horizon,336,128,fixed_1024_median_feedback_sign_flip,2662.214285714286,2662.214285714286,14.256485504357993,0.7123014921018266,1.030402499972825,0.5808067053228287,8.81204324025165,51.596649946622364,0.31850097151060697,0.08800386242444702,0.07636819990252379,0.7123014921018266,0.7997915522433136,0.8906089219171064,-0.11584986827237316,0.07636819990252379,0.19237704941727043,0.39697146896602686,-0.9238908674617885,Nature,21
jena_weather/10T/short|H=336|L=256|Hsrc=controlled|Lsrc=controlled|origins=shared_origin_v1:Hmax=720,joint-scaling,release,standard_hl_shared_origin_v1,jena_weather/10T/short,TimesFM-2.5,timesfm25,timesfm-2.5-200m-pytorch,231.28928,200.0,336,controlled,shared_origin_v1:Hmax=720,720,720,256,controlled,46944,51984,256,256,256,256,100,[],merged,2,21,56448,9144486.066630237,128,100,,float32,native_horizon,336,128,fixed_1024_median_feedback_sign_flip,1442.2150297619048,1442.2150297619048,9.911184297937925,0.6689005562669456,0.6517631760720994,0.5164198180068184,7.135542774388446,37.976506286938836,0.2344251837954936,0.061180751676312047,0.05192015557698132,0.6689005562669456,0.7997915522433136,0.8363436127710584,-0.17871573028196766,0.05192015557698132,0.19237704941727043,0.2698874722023897,-1.3097501764771378,Nature,21
jena_weather/10T/short|H=336|L=512|Hsrc=controlled|Lsrc=controlled|origins=shared_origin_v1:Hmax=720,joint-scaling,release,standard_hl_shared_origin_v1,jena_weather/10T/short,TimesFM-2.5,timesfm25,timesfm-2.5-200m-pytorch,231.28928,200.0,336,controlled,shared_origin_v1:Hmax=720,720,720,512,controlled,46944,51984,512,512,256,256,100,[],merged,2,21,56448,9144486.066630237,128,100,,float32,native_horizon,336,128,fixed_1024_median_feedback_sign_flip,1587.6652848639455,1587.6652848639455,10.129764340632086,0.6567820722699849,0.6750207156532848,0.5418309676707593,6.860795527956746,39.845517751234524,0.24596240506389896,0.06253002446869181,0.05254508504381578,0.6567820722699849,0.7997915522433136,0.8211915597605335,-0.1969988718242569,0.05254508504381578,0.19237704941727043,0.27313593384959467,-1.2977856815322957,Nature,21
jena_weather/10T/short|H=336|L=1024|Hsrc=controlled|Lsrc=controlled|origins=shared_origin_v1:Hmax=720,joint-scaling,release,standard_hl_shared_origin_v1,jena_weather/10T/short,TimesFM-2.5,timesfm25,timesfm-2.5-200m-pytorch,231.28928,200.0,336,controlled,shared_origin_v1:Hmax=720,720,720,1024,controlled,46944,51984,1024,1024,256,256,100,[],merged,2,21,56448,9144486.066630237,128,100,,float32,native_horizon,336,128,fixed_1024_median_feedback_sign_flip,1475.2419926303855,1475.2419926303855,9.537460638552297,0.659217525381324,0.6927003062726605,0.582287035950726,6.661432405205117,38.408879085836205,0.23709417793844736,0.05887379281921644,0.04997104820400693,0.659217525381324,0.7997915522433136,0.8242366695825966,-0.19329756994530975,0.04997104820400693,0.19237704941727043,0.25975576793268373,-1.348013443541225,Nature,21
jena_weather/10T/short|H=336|L=2048|Hsrc=controlled|Lsrc=controlled|origins=shared_origin_v1:Hmax=720,joint-scaling,release,standard_hl_shared_origin_v1,jena_weather/10T/short,TimesFM-2.5,timesfm25,timesfm-2.5-200m-pytorch,231.28928,200.0,336,controlled,shared_origin_v1:Hmax=720,720,720,2048,controlled,46944,51984,2048,2048,256,256,100,[],merged,2,21,56448,9144486.066630237,128,100,,float32,native_horizon,336,128,fixed_1024_median_feedback_sign_flip,1376.9299886621316,1376.9299886621316,9.358338371155755,0.6404580310893507,0.6725245408146892,0.5863167369096365,5.8875049079764405,37.10700727170182,0.2290578531380381,0.05776808893642557,0.04787824193994018,0.6404580310893507,0.7997915522433136,0.8007811901650467,-0.22216754006187928,0.04787824193994018,0.19237704941727043,0.2488770988273717,-1.3907960833741835,Nature,21
jena_weather/10T/short|H=336|L=4096|Hsrc=controlled|Lsrc=controlled|origins=shared_origin_v1:Hmax=720,joint-scaling,release,standard_hl_shared_origin_v1,jena_weather/10T/short,TimesFM-2.5,timesfm25,timesfm-2.5-200m-pytorch,231.28928,200.0,336,controlled,shared_origin_v1:Hmax=720,720,720,4096,controlled,46944,51984,4096,4096,256,256,100,[],merged,2,21,56448,9144486.066630237,128,100,,float32,native_horizon,336,128,fixed_1024_median_feedback_sign_flip,1326.3798894557824,1326.3798894557824,9.09844486297123,0.6303562351311064,0.6349454901977877,0.5730275631783763,6.071540466367253,36.41949875349443,0.22481393165869007,0.05616379224406852,0.04677288190136923,0.6303562351311064,0.7997915522433136,0.788150654208634,-0.23806602185393325,0.04677288190136923,0.19237704941727043,0.24313129888959742,-1.414153656915841,Nature,21
jena_weather/10T/short|H=336|L=6144|Hsrc=controlled|Lsrc=controlled|origins=shared_origin_v1:Hmax=720,joint-scaling-l6144,release,standard_hl_shared_origin_v1,jena_weather/10T/short,TimesFM-2.5,timesfm25,timesfm-2.5-200m-pytorch,231.28928,200.0,336,controlled,shared_origin_v1:Hmax=720,720,720,6144,controlled,46944,51984,6144,6144,256,256,100,[],merged,6,21,56448,9144486.066630237,128,100,,float32,native_horizon,336,128,fixed_1024_median_feedback_sign_flip,1326.7086422459608,1326.7086422459608,9.15672886993339,0.6226226321214248,0.6497220964108598,0.5791921776311981,5.205097604620115,36.42401189114072,0.22484179080703384,0.056523573603133176,0.04634860880043871,0.6226226321214248,0.7997915522433136,0.7784811309584947,-0.2504105256916164,0.04634860880043871,0.19237704941727043,0.24092587416655645,-1.4232659688750835,Nature,21
jena_weather/10T/short|H=336|L=8192|Hsrc=controlled|Lsrc=controlled|origins=shared_origin_v1:Hmax=720,joint-scaling,release,standard_hl_shared_origin_v1,jena_weather/10T/short,TimesFM-2.5,timesfm25,timesfm-2.5-200m-pytorch,231.28928,200.0,336,controlled,shared_origin_v1:Hmax=720,720,720,8192,controlled,46944,51984,8192,8192,256,256,100,[],merged,2,21,56448,9144486.066630237,128,100,,float32,native_horizon,336,128,fixed_1024_median_feedback_sign_flip,1337.0354308390022,1337.0354308390022,9.165504645868765,0.6135861709746315,0.6858739589483605,0.586982342343359,5.026647880304995,36.565495085380725,0.22571515244707216,0.056577745592284956,0.04614505248257679,0.6135861709746315,0.7997915522433136,0.7671826105859713,-0.2650304217464678,0.04614505248257679,0.19237704941727043,0.23986776292886716,-1.4276674952860893,Nature,21
jena_weather/10T/short|H=720|L=128|Hsrc=controlled|Lsrc=controlled|origins=shared_origin_v1:Hmax=720,joint-scaling,release,standard_hl_shared_origin_v1,jena_weather/10T/short,TimesFM-2.5,timesfm25,timesfm-2.5-200m-pytorch,231.28928,200.0,720,controlled,shared_origin_v1:Hmax=720,720,720,128,controlled,46944,51984,128,128,256,256,100,[],merged,2,21,120960,19767382.773850746,128,100,,float32,native_horizon,720,128,fixed_1024_median_feedback_sign_flip,2917.117724867725,2917.117724867725,15.178340980489418,0.7226261131585315,0.9682410223537434,0.5973345301269306,8.410686133337588,54.01034831277914,0.33049856962126806,0.09287886747600765,0.0802778968770582,0.7226261131585315,0.7614923704178127,0.9489604114641934,-0.05238819729693871,0.0802778968770582,0.23719491326378092,0.3384469581258783,-1.0833878957296668,Nature,21
jena_weather/10T/short|H=720|L=256|Hsrc=controlled|Lsrc=controlled|origins=shared_origin_v1:Hmax=720,joint-scaling,release,standard_hl_shared_origin_v1,jena_weather/10T/short,TimesFM-2.5,timesfm25,timesfm-2.5-200m-pytorch,231.28928,200.0,720,controlled,shared_origin_v1:Hmax=720,720,720,256,controlled,46944,51984,256,256,256,256,100,[],merged,2,21,120960,19767382.773850746,128,100,,float32,native_horizon,720,128,fixed_1024_median_feedback_sign_flip,1582.8312169312169,1582.8312169312169,10.687276785714285,0.6727288734238911,0.7505858732455785,0.5393478330737298,7.336739097554651,39.784811384889295,0.24345007329357973,0.06539727665465607,0.0565438213237772,0.6727288734238911,0.7614923704178127,0.883434817678844,-0.12393776733077862,0.0565438213237772,0.23719491326378092,0.2383854718709573,-1.43386628578647,Nature,21
jena_weather/10T/short|H=720|L=512|Hsrc=controlled|Lsrc=controlled|origins=shared_origin_v1:Hmax=720,joint-scaling,release,standard_hl_shared_origin_v1,jena_weather/10T/short,TimesFM-2.5,timesfm25,timesfm-2.5-200m-pytorch,231.28928,200.0,720,controlled,shared_origin_v1:Hmax=720,720,720,512,controlled,46944,51984,512,512,256,256,100,[],merged,2,21,120960,19767382.773850746,128,100,,float32,native_horizon,720,128,fixed_1024_median_feedback_sign_flip,1675.1055555555556,1675.1055555555556,10.67424251818783,0.6653295200019623,0.7244536752263805,0.5514168334622241,6.980089669105793,40.92805340540343,0.25044576697662624,0.0653175177397791,0.05556629249434703,0.6653295200019623,0.7614923704178127,0.8737179069002515,-0.13499771640883235,0.05556629249434703,0.23719491326378092,0.23426426701045056,-1.451305454657622,Nature,21
jena_weather/10T/short|H=720|L=1024|Hsrc=controlled|Lsrc=controlled|origins=shared_origin_v1:Hmax=720,joint-scaling,release,standard_hl_shared_origin_v1,jena_weather/10T/short,TimesFM-2.5,timesfm25,timesfm-2.5-200m-pytorch,231.28928,200.0,720,controlled,shared_origin_v1:Hmax=720,720,720,1024,controlled,46944,51984,1024,1024,256,256,100,[],merged,2,21,120960,19767382.773850746,128,100,,float32,native_horizon,720,128,fixed_1024_median_feedback_sign_flip,1638.766302910053,1638.766302910053,10.563603153935185,0.6824918354056586,0.7318014775009536,0.5937076321480097,6.6383960104984645,40.48167860785979,0.2477143231568453,0.06464049652492695,0.05432697302193671,0.6824918354056586,0.7614923704178127,0.8962556447298239,-0.10952958892376218,0.05432697302193671,0.23719491326378092,0.2290393679797024,-1.4738613776280511,Nature,21
jena_weather/10T/short|H=720|L=2048|Hsrc=controlled|Lsrc=controlled|origins=shared_origin_v1:Hmax=720,joint-scaling,release,standard_hl_shared_origin_v1,jena_weather/10T/short,TimesFM-2.5,timesfm25,timesfm-2.5-200m-pytorch,231.28928,200.0,720,controlled,shared_origin_v1:Hmax=720,720,720,2048,controlled,46944,51984,2048,2048,256,256,100,[],merged,2,21,120960,19767382.773850746,128,100,,float32,native_horizon,720,128,fixed_1024_median_feedback_sign_flip,1459.8935846560846,1459.8935846560846,10.141010458002645,0.6722272206187859,0.7548288893803392,0.601504143298764,6.049433131670282,38.208553815292255,0.23380468331961324,0.06205457945715914,0.05100294730928211,0.6722272206187859,0.7614923704178127,0.8827760418005907,-0.12468374384345526,0.05100294730928211,0.23719491326378092,0.21502546832681227,-1.5369988005359796,Nature,21
jena_weather/10T/short|H=720|L=4096|Hsrc=controlled|Lsrc=controlled|origins=shared_origin_v1:Hmax=720,joint-scaling,release,standard_hl_shared_origin_v1,jena_weather/10T/short,TimesFM-2.5,timesfm25,timesfm-2.5-200m-pytorch,231.28928,200.0,720,controlled,shared_origin_v1:Hmax=720,720,720,4096,controlled,46944,51984,4096,4096,256,256,100,[],merged,2,21,120960,19767382.773850746,128,100,,float32,native_horizon,720,128,fixed_1024_median_feedback_sign_flip,1403.942824074074,1403.942824074074,9.709769241898147,0.6507692373093641,0.7360325025359082,0.5754759481464218,5.9762492689689255,37.469225026334264,0.2292806038632949,0.05941574061355645,0.049556306667706065,0.6507692373093641,0.7614923704178127,0.8545971865119312,-0.1571250479471482,0.049556306667706065,0.23719491326378092,0.20892651526888031,-1.5657726904279603,Nature,21
jena_weather/10T/short|H=720|L=6144|Hsrc=controlled|Lsrc=controlled|origins=shared_origin_v1:Hmax=720,joint-scaling-l6144,release,standard_hl_shared_origin_v1,jena_weather/10T/short,TimesFM-2.5,timesfm25,timesfm-2.5-200m-pytorch,231.28928,200.0,720,controlled,shared_origin_v1:Hmax=720,720,720,6144,controlled,46944,51984,6144,6144,256,256,100,[],merged,6,21,120960,19767382.773850746,128,100,,float32,native_horizon,720,128,fixed_1024_median_feedback_sign_flip,1407.2235475570437,1407.2235475570437,9.894679994936343,0.6721380974896222,0.7831513101116112,0.5902181698221557,5.603348509288599,37.51297838824643,0.22954833817680742,0.060547241174019516,0.04967102559740488,0.6721380974896222,0.7614923704178127,0.8826590043454224,-0.12481633150856951,0.04967102559740488,0.23719491326378092,0.20941016362423623,-1.5634604448361071,Nature,21
jena_weather/10T/short|H=720|L=8192|Hsrc=controlled|Lsrc=controlled|origins=shared_origin_v1:Hmax=720,joint-scaling,release,standard_hl_shared_origin_v1,jena_weather/10T/short,TimesFM-2.5,timesfm25,timesfm-2.5-200m-pytorch,231.28928,200.0,720,controlled,shared_origin_v1:Hmax=720,720,720,8192,controlled,46944,51984,8192,8192,256,256,100,[],merged,2,21,120960,19767382.773850746,128,100,,float32,native_horizon,720,128,fixed_1024_median_feedback_sign_flip,1425.534623015873,1425.534623015873,9.968493200231482,0.6841191067112562,0.8413303991841741,0.6041793466025291,5.661883653942755,37.756252767136104,0.2310369757575711,0.060998916816396964,0.04978974862946181,0.6841191067112562,0.7614923704178127,0.8983925949722863,-0.10714811805370918,0.04978974862946181,0.23719491326378092,0.2099106930429464,-1.561073109942186,Nature,21
jena_weather/H/short|H=48|L=128|Hsrc=controlled|Lsrc=controlled|origins=shared_origin_v1:Hmax=720,joint-scaling,release,standard_hl_shared_origin_v1,jena_weather/H/short,TimesFM-2.5,timesfm25,timesfm-2.5-200m-pytorch,231.28928,200.0,48,controlled,shared_origin_v1:Hmax=720,720,720,128,controlled,7344,8064,128,128,256,256,100,[],merged,2,21,2016,331233.4168627397,128,100,,float32,native_horizon,48,128,fixed_1024_median_feedback_sign_flip,780.2731274801587,780.2731274801587,8.039148724268353,0.718187018156977,1.973676159717581,0.544860063757682,5.133289741141037,27.933369425834734,0.1700120516095715,0.048929011998934305,0.0422134472178605,0.718187018156977,0.8929280908209436,0.8043055488339352,-0.21777604613540513,0.0422134472178605,0.16072236972671894,0.2626482380121528,-1.3369396401058953,Nature,21
jena_weather/H/short|H=48|L=256|Hsrc=controlled|Lsrc=controlled|origins=shared_origin_v1:Hmax=720,joint-scaling,release,standard_hl_shared_origin_v1,jena_weather/H/short,TimesFM-2.5,timesfm25,timesfm-2.5-200m-pytorch,231.28928,200.0,48,controlled,shared_origin_v1:Hmax=720,720,720,256,controlled,7344,8064,256,256,256,256,100,[],merged,2,21,2016,331233.4168627397,128,100,,float32,native_horizon,48,128,fixed_1024_median_feedback_sign_flip,522.0394345238095,522.0394345238095,8.041515047588046,0.70861672519992,2.2217448459859295,0.5489017798858116,4.108415930281631,22.848182302402297,0.1390618614447669,0.04894341425296315,0.03991848761627266,0.70861672519992,0.8929280908209436,0.7935876723829232,-0.2311912569238041,0.03991848761627266,0.16072236972671894,0.24836920762273018,-1.3928388994783016,Nature,21
jena_weather/H/short|H=48|L=512|Hsrc=controlled|Lsrc=controlled|origins=shared_origin_v1:Hmax=720,joint-scaling,release,standard_hl_shared_origin_v1,jena_weather/H/short,TimesFM-2.5,timesfm25,timesfm-2.5-200m-pytorch,231.28928,200.0,48,controlled,shared_origin_v1:Hmax=720,720,720,512,controlled,7344,8064,512,512,256,256,100,[],merged,2,21,2016,331233.4168627397,128,100,,float32,native_horizon,48,128,fixed_1024_median_feedback_sign_flip,755.8840835813492,755.8840835813492,8.929134308345734,0.7273562783532128,2.61340427707272,0.5769226735637777,4.337417388997048,27.49334616923428,0.1673339193917883,0.05434576902331239,0.043582764130258106,0.7273562783532128,0.8929280908209436,0.8145743042807548,-0.2050896282369216,0.043582764130258106,0.16072236972671894,0.2711680035850839,-1.305016710757147,Nature,21
jena_weather/H/short|H=48|L=1024|Hsrc=controlled|Lsrc=controlled|origins=shared_origin_v1:Hmax=720,joint-scaling,release,standard_hl_shared_origin_v1,jena_weather/H/short,TimesFM-2.5,timesfm25,timesfm-2.5-200m-pytorch,231.28928,200.0,48,controlled,shared_origin_v1:Hmax=720,720,720,1024,controlled,7344,8064,1024,1024,256,256,100,[],merged,2,21,2016,331233.4168627397,128,100,,float32,native_horizon,48,128,fixed_1024_median_feedback_sign_flip,712.4184337797619,712.4184337797619,8.757225399925595,0.7233537108393424,2.8888785054671424,0.5771678916233446,4.241219059237045,26.691167711056817,0.16245158660362063,0.05329947253952913,0.043464556144065726,0.7233537108393424,0.8929280908209436,0.8100917848539212,-0.21060772310080023,0.043464556144065726,0.16072236972671894,0.27043252422154934,-1.307732660162186,Nature,21
jena_weather/H/short|H=48|L=2048|Hsrc=controlled|Lsrc=controlled|origins=shared_origin_v1:Hmax=720,joint-scaling,release,standard_hl_shared_origin_v1,jena_weather/H/short,TimesFM-2.5,timesfm25,timesfm-2.5-200m-pytorch,231.28928,200.0,48,controlled,shared_origin_v1:Hmax=720,720,720,2048,controlled,7344,8064,2048,2048,256,256,100,[],merged,2,21,2016,331233.4168627397,128,100,,float32,native_horizon,48,128,fixed_1024_median_feedback_sign_flip,748.1433531746031,748.1433531746031,8.772018917023189,0.7324111125940068,2.5215583951648664,0.5729067986775609,4.112044436863244,27.35220929238812,0.16647491202949743,0.053389510950361055,0.0427927017106601,0.7324111125940068,0.8929280908209436,0.8202352688004696,-0.1981640667042467,0.0427927017106601,0.16072236972671894,0.2662523069030267,-1.3233108975715246,Nature,21
jena_weather/H/short|H=48|L=4096|Hsrc=controlled|Lsrc=controlled|origins=shared_origin_v1:Hmax=720,joint-scaling,release,standard_hl_shared_origin_v1,jena_weather/H/short,TimesFM-2.5,timesfm25,timesfm-2.5-200m-pytorch,231.28928,200.0,48,controlled,shared_origin_v1:Hmax=720,720,720,4096,controlled,7344,8064,4096,4096,256,256,100,[],merged,2,21,2016,331233.4168627397,128,100,,float32,native_horizon,48,128,fixed_1024_median_feedback_sign_flip,841.8933531746031,841.8933531746031,8.967187064034599,0.7248313682794941,2.4528266750585654,0.5822283205277885,3.9776193578753096,29.015398552744422,0.1765976513975116,0.054577371124922024,0.04382511716200699,0.7248313682794941,0.8929280908209436,0.8117466296900749,-0.2085670199140837,0.04382511716200699,0.16072236972671894,0.2726759021567698,-1.2994713606305104,Nature,21
jena_weather/H/short|H=48|L=6144|Hsrc=controlled|Lsrc=controlled|origins=shared_origin_v1:Hmax=720,joint-scaling-l6144,release,standard_hl_shared_origin_v1,jena_weather/H/short,TimesFM-2.5,timesfm25,timesfm-2.5-200m-pytorch,231.28928,200.0,48,controlled,shared_origin_v1:Hmax=720,720,720,6144,controlled,7344,8064,6144,6144,256,256,100,[],merged,6,21,2016,331233.4168627397,128,100,,float32,native_horizon,48,128,fixed_1024_median_feedback_sign_flip,880.3265308198474,880.3265308198474,8.958690643310547,0.7052145983392882,2.163814868963862,0.5637430304277874,4.028547121745101,29.670297113777735,0.18058358829828713,0.05452565899894777,0.0437673034188315,0.7052145983392882,0.8929280908209436,0.7897775930544703,-0.236003900936606,0.0437673034188315,0.16072236972671894,0.2723161902929278,-1.300791423512378,Nature,21
jena_weather/H/short|H=48|L=8192|Hsrc=controlled|Lsrc=controlled|origins=shared_origin_v1:Hmax=720,joint-scaling,release,standard_hl_shared_origin_v1,jena_weather/H/short,TimesFM-2.5,timesfm25,timesfm-2.5-200m-pytorch,231.28928,200.0,48,controlled,shared_origin_v1:Hmax=720,720,720,8192,controlled,7344,8064,7344,8064,256,256,100,[],merged,2,21,2016,331233.4168627397,128,100,,float32,native_horizon,48,128,fixed_1024_median_feedback_sign_flip,858.5930679563492,858.5930679563492,8.84339081294953,0.7038391410675332,2.3933010892321853,0.566661080883039,4.017942153724058,29.301758786058375,0.17834053783641265,0.05382390474900102,0.04324421402633742,0.7038391410675332,0.8929280908209436,0.7882372033121222,-0.23795621498988986,0.04324421402633742,0.16072236972671894,0.26906157555956184,-1.3128150201492672,Nature,21
jena_weather/H/short|H=96|L=128|Hsrc=controlled|Lsrc=controlled|origins=shared_origin_v1:Hmax=720,joint-scaling,release,standard_hl_shared_origin_v1,jena_weather/H/short,TimesFM-2.5,timesfm25,timesfm-2.5-200m-pytorch,231.28928,200.0,96,controlled,shared_origin_v1:Hmax=720,720,720,128,controlled,7344,8064,128,128,256,256,100,[],merged,2,21,4032,670747.2639028188,128,100,,float32,native_horizon,96,128,fixed_1024_median_feedback_sign_flip,1214.8192894345239,1214.8192894345239,10.895253014942956,1.0675989430056054,2.1407162774614057,0.583073122346116,9.723785355458158,34.85425783795323,0.20951612502289454,0.06549361066438096,0.05646094767464954,1.0675989430056054,1.1124114209687321,0.9597159134485492,-0.041117961805345965,0.05646094767464954,0.19834110075816852,0.28466589858997865,-1.2564390720269845,Nature,21
jena_weather/H/short|H=96|L=256|Hsrc=controlled|Lsrc=controlled|origins=shared_origin_v1:Hmax=720,joint-scaling,release,standard_hl_shared_origin_v1,jena_weather/H/short,TimesFM-2.5,timesfm25,timesfm-2.5-200m-pytorch,231.28928,200.0,96,controlled,shared_origin_v1:Hmax=720,720,720,256,controlled,7344,8064,256,256,256,256,100,[],merged,2,21,4032,670747.2639028188,128,100,,float32,native_horizon,96,128,fixed_1024_median_feedback_sign_flip,850.7132316468254,850.7132316468254,10.484765915643601,1.0082318730266222,2.032906999336911,0.5774927868163896,9.13319780947501,29.166988731215046,0.17532877865201063,0.06302608813623123,0.052014440947835444,1.0082318730266222,1.1124114209687321,0.9063480058022182,-0.09833193432694726,0.052014440947835444,0.19834110075816852,0.26224741492816017,-1.3384668890349232,Nature,21
jena_weather/H/short|H=96|L=512|Hsrc=controlled|Lsrc=controlled|origins=shared_origin_v1:Hmax=720,joint-scaling,release,standard_hl_shared_origin_v1,jena_weather/H/short,TimesFM-2.5,timesfm25,timesfm-2.5-200m-pytorch,231.28928,200.0,96,controlled,shared_origin_v1:Hmax=720,720,720,512,controlled,7344,8064,512,512,256,256,100,[],merged,2,21,4032,670747.2639028188,128,100,,float32,native_horizon,96,128,fixed_1024_median_feedback_sign_flip,1119.8126240079366,1119.8126240079366,11.405558268229166,0.9582767274185071,2.135855118352327,0.5999065821859999,7.927386509771778,33.46360147993543,0.2011566031324852,0.06856116068207005,0.05518867441591864,0.9582767274185071,1.1124114209687321,0.8614409285586098,-0.1491487934920307,0.05518867441591864,0.19834110075816852,0.27825132665371544,-1.2792305209898152,Nature,21
jena_weather/H/short|H=96|L=1024|Hsrc=controlled|Lsrc=controlled|origins=shared_origin_v1:Hmax=720,joint-scaling,release,standard_hl_shared_origin_v1,jena_weather/H/short,TimesFM-2.5,timesfm25,timesfm-2.5-200m-pytorch,231.28928,200.0,96,controlled,shared_origin_v1:Hmax=720,720,720,1024,controlled,7344,8064,1024,1024,256,256,100,[],merged,2,21,4032,670747.2639028188,128,100,,float32,native_horizon,96,128,fixed_1024_median_feedback_sign_flip,1060.2597036210318,1060.2597036210318,10.99447244311136,0.9421148474654061,2.171019758821267,0.5961111429507209,7.413870322535641,32.56162931459407,0.19573466260976807,0.06609003908966778,0.0541495683079475,0.9421148474654061,1.1124114209687321,0.8469122392189887,-0.1661582033713268,0.0541495683079475,0.19834110075816852,0.2730123413702865,-1.2982382783343938,Nature,21
jena_weather/H/short|H=96|L=2048|Hsrc=controlled|Lsrc=controlled|origins=shared_origin_v1:Hmax=720,joint-scaling,release,standard_hl_shared_origin_v1,jena_weather/H/short,TimesFM-2.5,timesfm25,timesfm-2.5-200m-pytorch,231.28928,200.0,96,controlled,shared_origin_v1:Hmax=720,720,720,2048,controlled,7344,8064,2048,2048,256,256,100,[],merged,2,21,4032,670747.2639028188,128,100,,float32,native_horizon,96,128,fixed_1024_median_feedback_sign_flip,1250.1475694444443,1250.1475694444443,11.497291201636905,0.9633683749167224,1.8956005188176566,0.5932458949894313,7.057766796071982,35.35742594483434,0.21254077218304843,0.06911258624487873,0.05552391051138438,0.9633683749167224,1.1124114209687321,0.8660180547928777,-0.1438495221464077,0.05552391051138438,0.19834110075816852,0.27994152648715537,-1.2731745315961833,Nature,21
jena_weather/H/short|H=96|L=4096|Hsrc=controlled|Lsrc=controlled|origins=shared_origin_v1:Hmax=720,joint-scaling,release,standard_hl_shared_origin_v1,jena_weather/H/short,TimesFM-2.5,timesfm25,timesfm-2.5-200m-pytorch,231.28928,200.0,96,controlled,shared_origin_v1:Hmax=720,720,720,4096,controlled,7344,8064,4096,4096,256,256,100,[],merged,2,21,4032,670747.2639028188,128,100,,float32,native_horizon,96,128,fixed_1024_median_feedback_sign_flip,1343.238777281746,1343.238777281746,11.70717996264261,0.9533175134694492,1.894227360375009,0.607911303050691,6.915681458241171,36.65022206319828,0.22031203601037075,0.07037427083148573,0.05618248994062038,0.9533175134694492,1.1124114209687321,0.8569828531958638,-0.15433736852400096,0.05618248994062038,0.19834110075816852,0.2832619649979761,-1.2613831381374934,Nature,21
jena_weather/H/short|H=96|L=6144|Hsrc=controlled|Lsrc=controlled|origins=shared_origin_v1:Hmax=720,joint-scaling-l6144,release,standard_hl_shared_origin_v1,jena_weather/H/short,TimesFM-2.5,timesfm25,timesfm-2.5-200m-pytorch,231.28928,200.0,96,controlled,shared_origin_v1:Hmax=720,720,720,6144,controlled,7344,8064,6144,6144,256,256,100,[],merged,6,21,4032,670747.2639028188,128,100,,float32,native_horizon,96,128,fixed_1024_median_feedback_sign_flip,1379.3402642144097,1379.3402642144097,11.61677372644818,0.9073961319654222,1.7249055865554876,0.582567206081615,6.449708656285499,37.13947043529848,0.2232530087768192,0.06983082031897085,0.05562881426681558,0.9073961319654222,1.1124114209687321,0.8157019200461153,-0.2037062848152915,0.05562881426681558,0.19834110075816852,0.2804704322713332,-1.2712869703728806,Nature,21
jena_weather/H/short|H=96|L=8192|Hsrc=controlled|Lsrc=controlled|origins=shared_origin_v1:Hmax=720,joint-scaling,release,standard_hl_shared_origin_v1,jena_weather/H/short,TimesFM-2.5,timesfm25,timesfm-2.5-200m-pytorch,231.28928,200.0,96,controlled,shared_origin_v1:Hmax=720,720,720,8192,controlled,7344,8064,7344,8064,256,256,100,[],merged,2,21,4032,670747.2639028188,128,100,,float32,native_horizon,96,128,fixed_1024_median_feedback_sign_flip,1355.5465029761904,1355.5465029761904,11.519652351500495,0.8979972276987,1.8212306953531516,0.5835337811064737,6.101047203373947,36.81774711978166,0.22131906364133555,0.06924700372386387,0.055100832922383436,0.8979972276987,1.1124114209687321,0.8072527940397163,-0.21411840816706498,0.055100832922383436,0.19834110075816852,0.2778084457117452,-1.2808234469939168,Nature,21
jena_weather/H/short|H=192|L=128|Hsrc=controlled|Lsrc=controlled|origins=shared_origin_v1:Hmax=720,joint-scaling,release,standard_hl_shared_origin_v1,jena_weather/H/short,TimesFM-2.5,timesfm25,timesfm-2.5-200m-pytorch,231.28928,200.0,192,controlled,shared_origin_v1:Hmax=720,720,720,128,controlled,7344,8064,128,128,256,256,100,[],merged,2,21,8064,1349853.3219126405,128,100,,float32,native_horizon,192,128,fixed_1024_median_feedback_sign_flip,1904.818824404762,1904.818824404762,14.116356259300595,1.2415545985883945,4.073333505146043,0.6414997814239892,11.29131938050973,43.64423013875674,0.2607298631085723,0.08433086397395043,0.07246397517089895,1.2415545985883945,1.2442303483332282,0.9978494739752827,-0.0021528417263889515,0.07246397517089895,0.24899536052535107,0.2910254031159795,-1.2343447196895114,Nature,21
jena_weather/H/short|H=192|L=256|Hsrc=controlled|Lsrc=controlled|origins=shared_origin_v1:Hmax=720,joint-scaling,release,standard_hl_shared_origin_v1,jena_weather/H/short,TimesFM-2.5,timesfm25,timesfm-2.5-200m-pytorch,231.28928,200.0,192,controlled,shared_origin_v1:Hmax=720,720,720,256,controlled,7344,8064,256,256,256,256,100,[],merged,2,21,8064,1349853.3219126405,128,100,,float32,native_horizon,192,128,fixed_1024_median_feedback_sign_flip,1367.7745535714287,1367.7745535714287,13.082560221354166,1.1474580916617456,3.916498227698319,0.6358427008285578,11.246879841804928,36.9834362055695,0.22093839732093018,0.07815498462863922,0.064362117709844,1.1474580916617456,1.2442303483332282,0.922223198621446,-0.08096800378808137,0.064362117709844,0.24899536052535107,0.25848721668567426,-1.3529090381493813,Nature,21
jena_weather/H/short|H=192|L=512|Hsrc=controlled|Lsrc=controlled|origins=shared_origin_v1:Hmax=720,joint-scaling,release,standard_hl_shared_origin_v1,jena_weather/H/short,TimesFM-2.5,timesfm25,timesfm-2.5-200m-pytorch,231.28928,200.0,192,controlled,shared_origin_v1:Hmax=720,720,720,512,controlled,7344,8064,512,512,256,256,100,[],merged,2,21,8064,1349853.3219126405,128,100,,float32,native_horizon,192,128,fixed_1024_median_feedback_sign_flip,1578.958953373016,1578.958953373016,13.43390134781126,1.042381305713086,3.4319677896325254,0.6217333781261664,9.489103790790297,39.736116485799364,0.23738286089295837,0.08025389033769474,0.06526702080455137,1.042381305713086,1.2442303483332282,0.8377719665088226,-0.1770093318683431,0.06526702080455137,0.24899536052535107,0.2621214333746845,-1.3389473964346568,Nature,21
jena_weather/H/short|H=192|L=1024|Hsrc=controlled|Lsrc=controlled|origins=shared_origin_v1:Hmax=720,joint-scaling,release,standard_hl_shared_origin_v1,jena_weather/H/short,TimesFM-2.5,timesfm25,timesfm-2.5-200m-pytorch,231.28928,200.0,192,controlled,shared_origin_v1:Hmax=720,720,720,1024,controlled,7344,8064,1024,1024,256,256,100,[],merged,2,21,8064,1349853.3219126405,128,100,,float32,native_horizon,192,128,fixed_1024_median_feedback_sign_flip,1545.8008432539682,1545.8008432539682,12.956924196273562,1.0048713169715873,3.3627675434333395,0.6168433808429236,8.064008134790948,39.31667385796983,0.23487711801266917,0.07740443722485577,0.06301018606701186,1.0048713169715873,1.2442303483332282,0.8076248247100817,-0.2136576541475312,0.06301018606701186,0.24899536052535107,0.25305767117133326,-1.3741378669373023,Nature,21
jena_weather/H/short|H=192|L=2048|Hsrc=controlled|Lsrc=controlled|origins=shared_origin_v1:Hmax=720,joint-scaling,release,standard_hl_shared_origin_v1,jena_weather/H/short,TimesFM-2.5,timesfm25,timesfm-2.5-200m-pytorch,231.28928,200.0,192,controlled,shared_origin_v1:Hmax=720,720,720,2048,controlled,7344,8064,2048,2048,256,256,100,[],merged,2,21,8064,1349853.3219126405,128,100,,float32,native_horizon,192,128,fixed_1024_median_feedback_sign_flip,1637.730716765873,1637.730716765873,13.244493272569445,1.0144689296622518,3.106116762862935,0.601171758609544,7.528822390623773,40.4688857860687,0.24176041180271146,0.07912236982805462,0.06363380943830088,1.0144689296622518,1.2442303483332282,0.8153385191264906,-0.20415189108833068,0.06363380943830088,0.24899536052535107,0.2555622293686155,-1.3642893398214346,Nature,21
jena_weather/H/short|H=192|L=4096|Hsrc=controlled|Lsrc=controlled|origins=shared_origin_v1:Hmax=720,joint-scaling,release,standard_hl_shared_origin_v1,jena_weather/H/short,TimesFM-2.5,timesfm25,timesfm-2.5-200m-pytorch,231.28928,200.0,192,controlled,shared_origin_v1:Hmax=720,720,720,4096,controlled,7344,8064,4096,4096,256,256,100,[],merged,2,21,8064,1349853.3219126405,128,100,,float32,native_horizon,192,128,fixed_1024_median_feedback_sign_flip,1721.368675595238,1721.368675595238,13.566228957403274,1.0008073071863473,3.4800567046865347,0.6296893383914426,7.453556969021397,41.48938027489972,0.2478568279275932,0.08104441314963849,0.0647933947299158,1.0008073071863473,1.2442303483332282,0.804358540624756,-0.21771016315686767,0.0647933947299158,0.24899536052535107,0.2602192851835043,-1.3462305988804353,Nature,21
jena_weather/H/short|H=192|L=6144|Hsrc=controlled|Lsrc=controlled|origins=shared_origin_v1:Hmax=720,joint-scaling-l6144,release,standard_hl_shared_origin_v1,jena_weather/H/short,TimesFM-2.5,timesfm25,timesfm-2.5-200m-pytorch,231.28928,200.0,192,controlled,shared_origin_v1:Hmax=720,720,720,6144,controlled,7344,8064,6144,6144,256,256,100,[],merged,6,21,8064,1349853.3219126405,128,100,,float32,native_horizon,192,128,fixed_1024_median_feedback_sign_flip,1688.256119016617,1688.256119016617,13.264860365125868,0.9534971740124711,3.3707963602210587,0.6136017032091777,6.721687317454187,41.088393969789294,0.24546134279456497,0.07924404248071164,0.06337272909786998,0.9534971740124711,1.2442303483332282,0.766334927684232,-0.26613596239653875,0.06337272909786998,0.24899536052535107,0.25451369440844573,-1.368400635368702,Nature,21
jena_weather/H/short|H=192|L=8192|Hsrc=controlled|Lsrc=controlled|origins=shared_origin_v1:Hmax=720,joint-scaling,release,standard_hl_shared_origin_v1,jena_weather/H/short,TimesFM-2.5,timesfm25,timesfm-2.5-200m-pytorch,231.28928,200.0,192,controlled,shared_origin_v1:Hmax=720,720,720,8192,controlled,7344,8064,7344,8064,256,256,100,[],merged,2,21,8064,1349853.3219126405,128,100,,float32,native_horizon,192,128,fixed_1024_median_feedback_sign_flip,1688.0530753968253,1688.0530753968253,13.23252699110243,0.9321706126794106,3.2385888188080707,0.6068955008767074,6.329460673293223,41.08592308074415,0.2454465817468744,0.07905088347306809,0.06320976033362669,0.9321706126794106,1.2442303483332282,0.7491945634730313,-0.28875656488136237,0.06320976033362669,0.24899536052535107,0.25385918918433453,-1.3709755389753098,Nature,21
jena_weather/H/short|H=336|L=128|Hsrc=controlled|Lsrc=controlled|origins=shared_origin_v1:Hmax=720,joint-scaling,release,standard_hl_shared_origin_v1,jena_weather/H/short,TimesFM-2.5,timesfm25,timesfm-2.5-200m-pytorch,231.28928,200.0,336,controlled,shared_origin_v1:Hmax=720,720,720,128,controlled,7344,8064,128,128,256,256,100,[],merged,2,21,14112,2353072.8469861536,128,100,,float32,native_horizon,336,128,fixed_1024_median_feedback_sign_flip,1664.9759070294785,1664.9759070294785,12.994280133928571,1.1108775247000577,2.920809802758567,0.6296746183343672,9.696455560893263,40.804116300068046,0.24471307378523696,0.07793013356338264,0.06681137231285256,1.1108775247000577,1.1513268748449759,0.9648671884338976,-0.035764815680740455,0.06681137231285256,0.3039908079990565,0.2197808965100679,-1.5151241538467906,Nature,21
jena_weather/H/short|H=336|L=256|Hsrc=controlled|Lsrc=controlled|origins=shared_origin_v1:Hmax=720,joint-scaling,release,standard_hl_shared_origin_v1,jena_weather/H/short,TimesFM-2.5,timesfm25,timesfm-2.5-200m-pytorch,231.28928,200.0,336,controlled,shared_origin_v1:Hmax=720,720,720,256,controlled,7344,8064,256,256,256,256,100,[],merged,2,21,14112,2353072.8469861536,128,100,,float32,native_horizon,336,128,fixed_1024_median_feedback_sign_flip,1262.2114512471655,1262.2114512471655,12.325652038159014,1.050445087235874,3.2399395065491996,0.635881889470205,9.534907574443613,35.5276153329655,0.21306850241417935,0.0739201940922841,0.06058380317588092,1.050445087235874,1.1513268748449759,0.9123778052842851,-0.09170111450972697,0.06058380317588092,0.3039908079990565,0.19929485228404983,-1.612969881078147,Nature,21
jena_weather/H/short|H=336|L=512|Hsrc=controlled|Lsrc=controlled|origins=shared_origin_v1:Hmax=720,joint-scaling,release,standard_hl_shared_origin_v1,jena_weather/H/short,TimesFM-2.5,timesfm25,timesfm-2.5-200m-pytorch,231.28928,200.0,336,controlled,shared_origin_v1:Hmax=720,720,720,512,controlled,7344,8064,512,512,256,256,100,[],merged,2,21,14112,2353072.8469861536,128,100,,float32,native_horizon,336,128,fixed_1024_median_feedback_sign_flip,1438.545705782313,1438.545705782313,12.39206271701389,0.93062383557352,2.536340214630191,0.591568796066002,8.395455390220228,37.92816507270439,0.2274652338925884,0.07431847649191331,0.0604369236255612,0.93062383557352,1.1513268748449759,0.8083054916083904,-0.21281520824291314,0.0604369236255612,0.3039908079990565,0.19881168125895696,-1.6153972276380248,Nature,21
jena_weather/H/short|H=336|L=1024|Hsrc=controlled|Lsrc=controlled|origins=shared_origin_v1:Hmax=720,joint-scaling,release,standard_hl_shared_origin_v1,jena_weather/H/short,TimesFM-2.5,timesfm25,timesfm-2.5-200m-pytorch,231.28928,200.0,336,controlled,shared_origin_v1:Hmax=720,720,720,1024,controlled,7344,8064,1024,1024,256,256,100,[],merged,2,21,14112,2353072.8469861536,128,100,,float32,native_horizon,336,128,fixed_1024_median_feedback_sign_flip,1479.0323129251701,1479.0323129251701,12.220352691857993,0.9026579784125205,2.6423862236914437,0.5904021828997453,7.105020462362872,38.45818915296416,0.2306439284367059,0.0732886860720784,0.059151058655582185,0.9026579784125205,1.1513268748449759,0.7840153809786311,-0.2433266402289786,0.059151058655582185,0.3039908079990565,0.19458173437851375,-1.636902976027598,Nature,21
jena_weather/H/short|H=336|L=2048|Hsrc=controlled|Lsrc=controlled|origins=shared_origin_v1:Hmax=720,joint-scaling,release,standard_hl_shared_origin_v1,jena_weather/H/short,TimesFM-2.5,timesfm25,timesfm-2.5-200m-pytorch,231.28928,200.0,336,controlled,shared_origin_v1:Hmax=720,720,720,2048,controlled,7344,8064,2048,2048,256,256,100,[],merged,2,21,14112,2353072.8469861536,128,100,,float32,native_horizon,336,128,fixed_1024_median_feedback_sign_flip,1481.9432397959183,1481.9432397959183,12.14199517697704,0.8871950072027182,2.380189562263291,0.5560610848817301,6.627028377651076,38.49601589510164,0.2308707854104404,0.07281875533813777,0.05831195202095792,0.8871950072027182,1.1513268748449759,0.7705848153003267,-0.2606055520188402,0.05831195202095792,0.3039908079990565,0.19182143172282667,-1.6511903828230703,Nature,21
jena_weather/H/short|H=336|L=4096|Hsrc=controlled|Lsrc=controlled|origins=shared_origin_v1:Hmax=720,joint-scaling,release,standard_hl_shared_origin_v1,jena_weather/H/short,TimesFM-2.5,timesfm25,timesfm-2.5-200m-pytorch,231.28928,200.0,336,controlled,shared_origin_v1:Hmax=720,720,720,4096,controlled,7344,8064,4096,4096,256,256,100,[],merged,2,21,14112,2353072.8469861536,128,100,,float32,native_horizon,336,128,fixed_1024_median_feedback_sign_flip,1527.9114937641723,1527.9114937641723,12.44400764863237,0.8751943121449464,2.7252143177414814,0.5941686207706133,6.659645687377378,39.08850846174835,0.23442411998366772,0.07463000398071966,0.05938453477183679,0.8751943121449464,1.1513268748449759,0.7601614548108153,-0.2742244277235101,0.05938453477183679,0.3039908079990565,0.1953497711418337,-1.6329636290106218,Nature,21
jena_weather/H/short|H=336|L=6144|Hsrc=controlled|Lsrc=controlled|origins=shared_origin_v1:Hmax=720,joint-scaling-l6144,release,standard_hl_shared_origin_v1,jena_weather/H/short,TimesFM-2.5,timesfm25,timesfm-2.5-200m-pytorch,231.28928,200.0,336,controlled,shared_origin_v1:Hmax=720,720,720,6144,controlled,7344,8064,6144,6144,256,256,100,[],merged,6,21,14112,2353072.8469861536,128,100,,float32,native_horizon,336,128,fixed_1024_median_feedback_sign_flip,1498.6085445897108,1498.6085445897108,12.24121038389314,0.857602467642994,2.5333444876653175,0.5938801903297055,6.2485806681500335,38.7118656821098,0.23216529365235933,0.07341377516584659,0.058441537625537,0.857602467642994,1.1513268748449759,0.7448818284194648,-0.2945296927551803,0.058441537625537,0.3039908079990565,0.1922477130483445,-1.648970566384462,Nature,21
jena_weather/H/short|H=336|L=8192|Hsrc=controlled|Lsrc=controlled|origins=shared_origin_v1:Hmax=720,joint-scaling,release,standard_hl_shared_origin_v1,jena_weather/H/short,TimesFM-2.5,timesfm25,timesfm-2.5-200m-pytorch,231.28928,200.0,336,controlled,shared_origin_v1:Hmax=720,720,720,8192,controlled,7344,8064,7344,8064,256,256,100,[],merged,2,21,14112,2353072.8469861536,128,100,,float32,native_horizon,336,128,fixed_1024_median_feedback_sign_flip,1502.562003968254,1502.562003968254,12.275806383751418,0.8404033134190019,2.4645624004531523,0.5864572494348863,5.963623684385939,38.762894679941716,0.23247132804408088,0.07362125652394619,0.058405548268053456,0.8404033134190019,1.1513268748449759,0.7299432782997971,-0.3147884488177582,0.058405548268053456,0.3039908079990565,0.192129323424262,-1.6495865741923825,Nature,21
jena_weather/H/short|H=720|L=128|Hsrc=controlled|Lsrc=controlled|origins=shared_origin_v1:Hmax=720,joint-scaling,release,standard_hl_shared_origin_v1,jena_weather/H/short,TimesFM-2.5,timesfm25,timesfm-2.5-200m-pytorch,231.28928,200.0,720,controlled,shared_origin_v1:Hmax=720,720,720,128,controlled,7344,8064,128,128,256,256,100,[],merged,2,21,30240,5022331.19659215,128,100,,float32,native_horizon,720,128,fixed_1024_median_feedback_sign_flip,1465.3555555555556,1465.3555555555556,12.53648933531746,1.2330388848480363,2.451538313524103,0.6695717271123435,10.731776932807238,38.27996284684137,0.23048780161570204,0.07548355985707128,0.06425010648554837,1.2330388848480363,1.2677178475879953,0.9726445732337519,-0.0277365531156689,0.06425010648554837,0.4191434094146837,0.15328907729998895,-1.875429746132114,Nature,21
jena_weather/H/short|H=720|L=256|Hsrc=controlled|Lsrc=controlled|origins=shared_origin_v1:Hmax=720,joint-scaling,release,standard_hl_shared_origin_v1,jena_weather/H/short,TimesFM-2.5,timesfm25,timesfm-2.5-200m-pytorch,231.28928,200.0,720,controlled,shared_origin_v1:Hmax=720,720,720,256,controlled,7344,8064,256,256,256,256,100,[],merged,2,21,30240,5022331.19659215,128,100,,float32,native_horizon,720,128,fixed_1024_median_feedback_sign_flip,1175.2209656084656,1175.2209656084656,11.940859581679895,1.1335904233791538,2.8989091436805716,0.6705265911738677,10.63726220233235,34.2814959651481,0.20641259952937827,0.07189720861002055,0.05959515367373112,1.1335904233791538,1.2677178475879953,0.8941977314084226,-0.11182835219238327,0.05959515367373112,0.4191434094146837,0.1421832058792318,-1.9506388707027074,Nature,21
jena_weather/H/short|H=720|L=512|Hsrc=controlled|Lsrc=controlled|origins=shared_origin_v1:Hmax=720,joint-scaling,release,standard_hl_shared_origin_v1,jena_weather/H/short,TimesFM-2.5,timesfm25,timesfm-2.5-200m-pytorch,231.28928,200.0,720,controlled,shared_origin_v1:Hmax=720,720,720,512,controlled,7344,8064,512,512,256,256,100,[],merged,2,21,30240,5022331.19659215,128,100,,float32,native_horizon,720,128,fixed_1024_median_feedback_sign_flip,1261.6015873015874,1261.6015873015874,11.751007047784391,1.0308996321631112,2.1944200846691513,0.6184612386093772,8.934892128631962,35.51903133957326,0.2138639340307767,0.07075408594441547,0.05829008366566746,1.0308996321631112,1.2677178475879953,0.8131932780819779,-0.20678646327049827,0.05829008366566746,0.4191434094146837,0.13906954602260627,-1.9727811398774284,Nature,21
jena_weather/H/short|H=720|L=1024|Hsrc=controlled|Lsrc=controlled|origins=shared_origin_v1:Hmax=720,joint-scaling,release,standard_hl_shared_origin_v1,jena_weather/H/short,TimesFM-2.5,timesfm25,timesfm-2.5-200m-pytorch,231.28928,200.0,720,controlled,shared_origin_v1:Hmax=720,720,720,1024,controlled,7344,8064,1024,1024,256,256,100,[],merged,2,21,30240,5022331.19659215,128,100,,float32,native_horizon,720,128,fixed_1024_median_feedback_sign_flip,1282.4650132275133,1282.4650132275133,11.534161086309524,0.9778078940289902,2.1966266616429424,0.6061206031203606,7.481769923190136,35.81152067739533,0.2156250440073033,0.0694484329282525,0.056535881701700916,0.9778078940289902,1.2677178475879953,0.7713135031500913,-0.2596603691941441,0.056535881701700916,0.4191434094146837,0.13488433894415974,-2.003337616324294,Nature,21
jena_weather/H/short|H=720|L=2048|Hsrc=controlled|Lsrc=controlled|origins=shared_origin_v1:Hmax=720,joint-scaling,release,standard_hl_shared_origin_v1,jena_weather/H/short,TimesFM-2.5,timesfm25,timesfm-2.5-200m-pytorch,231.28928,200.0,720,controlled,shared_origin_v1:Hmax=720,720,720,2048,controlled,7344,8064,2048,2048,256,256,100,[],merged,2,21,30240,5022331.19659215,128,100,,float32,native_horizon,720,128,fixed_1024_median_feedback_sign_flip,1294.1636904761904,1294.1636904761904,11.370252562830688,0.9369533414638177,1.9384552082758986,0.5577412320788508,7.10482275873377,35.97448666035682,0.21660627983820577,0.06846152195882792,0.05577672333118835,0.9369533414638177,1.2677178475879953,0.7390866534272577,-0.30234010722572857,0.05577672333118835,0.4191434094146837,0.13307312504108848,-2.0168564895127976,Nature,21
jena_weather/H/short|H=720|L=4096|Hsrc=controlled|Lsrc=controlled|origins=shared_origin_v1:Hmax=720,joint-scaling,release,standard_hl_shared_origin_v1,jena_weather/H/short,TimesFM-2.5,timesfm25,timesfm-2.5-200m-pytorch,231.28928,200.0,720,controlled,shared_origin_v1:Hmax=720,720,720,4096,controlled,7344,8064,4096,4096,256,256,100,[],merged,2,21,30240,5022331.19659215,128,100,,float32,native_horizon,720,128,fixed_1024_median_feedback_sign_flip,1325.7515542328042,1325.7515542328042,11.562821903935186,0.9133472815443946,2.351470198865892,0.6005295342679112,7.12190684601587,36.4108713742586,0.21923379945645477,0.06962100281483984,0.0565266957341701,0.9133472815443946,1.2677178475879953,0.7204657434476933,-0.3278574102000279,0.0565266957341701,0.4191434094146837,0.13486242289508327,-2.003500109834691,Nature,21
jena_weather/H/short|H=720|L=6144|Hsrc=controlled|Lsrc=controlled|origins=shared_origin_v1:Hmax=720,joint-scaling-l6144,release,standard_hl_shared_origin_v1,jena_weather/H/short,TimesFM-2.5,timesfm25,timesfm-2.5-200m-pytorch,231.28928,200.0,720,controlled,shared_origin_v1:Hmax=720,720,720,6144,controlled,7344,8064,6144,6144,256,256,100,[],merged,6,21,30240,5022331.19659215,128,100,,float32,native_horizon,720,128,fixed_1024_median_feedback_sign_flip,1328.4944857804232,1328.4944857804232,11.377603391617063,0.8745197700232121,2.070621690025678,0.5940594930562368,6.673838080887391,36.44851829334662,0.2194604756330467,0.06850578209496766,0.05565318733282223,0.8745197700232121,1.2677178475879953,0.6898378623343548,-0.37129869112758046,0.05565318733282223,0.4191434094146837,0.1327783906003427,-2.0190737765633258,Nature,21
jena_weather/H/short|H=720|L=8192|Hsrc=controlled|Lsrc=controlled|origins=shared_origin_v1:Hmax=720,joint-scaling,release,standard_hl_shared_origin_v1,jena_weather/H/short,TimesFM-2.5,timesfm25,timesfm-2.5-200m-pytorch,231.28928,200.0,720,controlled,shared_origin_v1:Hmax=720,720,720,8192,controlled,7344,8064,7344,8064,256,256,100,[],merged,2,21,30240,5022331.19659215,128,100,,float32,native_horizon,720,128,fixed_1024_median_feedback_sign_flip,1341.0652777777777,1341.0652777777777,11.353405567956349,0.8486795568094022,1.9978446030620738,0.5887720513746004,6.3540059498626515,36.620558130342275,0.2204963461216912,0.06836008437833827,0.055113779010791945,0.8486795568094022,1.2677178475879953,0.6694546096547666,-0.4012919135282455,0.055113779010791945,0.4191434094146837,0.13149146037571255,-2.028813369581668,Nature,21
kdd_cup_2018/H/short|H=48|L=128|Hsrc=controlled|Lsrc=controlled|origins=shared_origin_v1:Hmax=720,joint-scaling,release,standard_hl_shared_origin_v1,kdd_cup_2018/H/short,TimesFM-2.5,timesfm25,timesfm-2.5-200m-pytorch,231.28928,200.0,48,controlled,shared_origin_v1:Hmax=720,720,720,128,controlled,8064,10200,128,128,256,256,100,[],merged,2,270,23531,1125444.1999045536,128,100,,float32,native_horizon,48,128,fixed_1024_median_feedback_sign_flip,1861.4892070566486,1861.4892070566486,23.802308552912912,1.1502695983883457,0.8505242655682205,0.6003514808984525,7.858100343262087,43.14497893216137,0.9020833723598112,0.49766316500284413,0.38052877070477864,1.1502695983883457,1.478995375991201,0.7777371160592386,-0.25136670899992664,0.38052877070477864,0.5363321992970804,0.7095020049206471,-0.3431919565641196,Nature,1
kdd_cup_2018/H/short|H=48|L=256|Hsrc=controlled|Lsrc=controlled|origins=shared_origin_v1:Hmax=720,joint-scaling,release,standard_hl_shared_origin_v1,kdd_cup_2018/H/short,TimesFM-2.5,timesfm25,timesfm-2.5-200m-pytorch,231.28928,200.0,48,controlled,shared_origin_v1:Hmax=720,720,720,256,controlled,8064,10200,256,256,256,256,100,[],merged,2,270,23531,1125444.1999045536,128,100,,float32,native_horizon,48,128,fixed_1024_median_feedback_sign_flip,1940.0207465683566,1940.0207465683566,24.220998820372593,1.1662700066040088,0.8539159781984639,0.5811466759959767,7.712682069232536,44.04566660374612,0.9209151203948165,0.5064172202322631,0.38562012391099126,1.1662700066040088,1.478995375991201,0.7885555462419156,-0.23755242960438663,0.38562012391099126,0.5363321992970804,0.7189949147494535,-0.3299009939572374,Nature,1
kdd_cup_2018/H/short|H=48|L=512|Hsrc=controlled|Lsrc=controlled|origins=shared_origin_v1:Hmax=720,joint-scaling,release,standard_hl_shared_origin_v1,kdd_cup_2018/H/short,TimesFM-2.5,timesfm25,timesfm-2.5-200m-pytorch,231.28928,200.0,48,controlled,shared_origin_v1:Hmax=720,720,720,512,controlled,8064,10200,512,512,256,256,100,[],merged,2,270,23531,1125444.1999045536,128,100,,float32,native_horizon,48,128,fixed_1024_median_feedback_sign_flip,2270.0947354022355,2270.0947354022355,26.256804023150313,1.2393386863391889,0.8909854128240234,0.6349288255013001,10.035516009339766,47.64551117788785,0.9961813509918669,0.5489822201057577,0.43408074750100395,1.2393386863391889,1.478995375991201,0.8379598114082015,-0.17678513739683974,0.43408074750100395,0.5363321992970804,0.8093505257933652,-0.21152317295344403,Nature,1
kdd_cup_2018/H/short|H=48|L=1024|Hsrc=controlled|Lsrc=controlled|origins=shared_origin_v1:Hmax=720,joint-scaling,release,standard_hl_shared_origin_v1,kdd_cup_2018/H/short,TimesFM-2.5,timesfm25,timesfm-2.5-200m-pytorch,231.28928,200.0,48,controlled,shared_origin_v1:Hmax=720,720,720,1024,controlled,8064,10200,1024,1024,256,256,100,[],merged,2,270,23531,1125444.1999045536,128,100,,float32,native_horizon,48,128,fixed_1024_median_feedback_sign_flip,2274.045964631762,2274.045964631762,26.307044264746505,1.267034430378822,0.9015226467791365,0.6479042017233417,9.52039930645709,47.686958014028974,0.9970479292738639,0.550032652570646,0.4279784163606615,1.267034430378822,1.478995375991201,0.856685863219602,-0.15468398158449528,0.4279784163606615,0.5363321992970804,0.7979726313683423,-0.22568097865136713,Nature,1
kdd_cup_2018/H/short|H=48|L=2048|Hsrc=controlled|Lsrc=controlled|origins=shared_origin_v1:Hmax=720,joint-scaling,release,standard_hl_shared_origin_v1,kdd_cup_2018/H/short,TimesFM-2.5,timesfm25,timesfm-2.5-200m-pytorch,231.28928,200.0,48,controlled,shared_origin_v1:Hmax=720,720,720,2048,controlled,8064,10200,2048,2048,256,256,100,[],merged,2,270,23531,1125444.1999045536,128,100,,float32,native_horizon,48,128,fixed_1024_median_feedback_sign_flip,2194.7909327057923,2194.7909327057923,25.974480721574732,1.2577182905055024,0.8233097675895261,0.6553214439031225,9.260679833596015,46.848595845615186,0.9795192946364311,0.5430793511674856,0.42061237217625147,1.2577182905055024,1.478995375991201,0.8503868983786363,-0.16206385849519056,0.42061237217625147,0.5363321992970804,0.784238523675267,-0.24304206552142693,Nature,1
kdd_cup_2018/H/short|H=48|L=4096|Hsrc=controlled|Lsrc=controlled|origins=shared_origin_v1:Hmax=720,joint-scaling,release,standard_hl_shared_origin_v1,kdd_cup_2018/H/short,TimesFM-2.5,timesfm25,timesfm-2.5-200m-pytorch,231.28928,200.0,48,controlled,shared_origin_v1:Hmax=720,720,720,4096,controlled,8064,10200,4096,4096,256,256,100,[],merged,2,270,23531,1125444.1999045536,128,100,,float32,native_horizon,48,128,fixed_1024_median_feedback_sign_flip,2213.3656871520548,2213.3656871520548,25.84205665116628,1.2490801072226578,0.8122219357700993,0.6454507128157155,9.123807757967045,47.04642055621293,0.9836554510673499,0.5403106036800087,0.4204420468649588,1.2490801072226578,1.478995375991201,0.8445463234701074,-0.16895569110650238,0.4204420468649588,0.5363321992970804,0.7839209493966467,-0.24344709356661634,Nature,1
kdd_cup_2018/H/short|H=48|L=6144|Hsrc=controlled|Lsrc=controlled|origins=shared_origin_v1:Hmax=720,joint-scaling-l6144,release,standard_hl_shared_origin_v1,kdd_cup_2018/H/short,TimesFM-2.5,timesfm25,timesfm-2.5-200m-pytorch,231.28928,200.0,48,controlled,shared_origin_v1:Hmax=720,720,720,6144,controlled,8064,10200,6144,6144,256,256,100,[],merged,6,270,23531,1125444.1999045536,128,100,,float32,native_horizon,48,128,fixed_1024_median_feedback_sign_flip,2181.2178416238153,2181.2178416238153,25.701264173457353,1.2501721587208687,0.8267055382943097,0.6411894357775382,9.339475949430492,46.70350994972236,0.9764858113090981,0.537366887951366,0.4193235891512184,1.2501721587208687,1.478995375991201,0.845284697312202,-0.16808178847362906,0.4193235891512184,0.5363321992970804,0.7818355670250378,-0.24611083289365437,Nature,1
kdd_cup_2018/H/short|H=48|L=8192|Hsrc=controlled|Lsrc=controlled|origins=shared_origin_v1:Hmax=720,joint-scaling,release,standard_hl_shared_origin_v1,kdd_cup_2018/H/short,TimesFM-2.5,timesfm25,timesfm-2.5-200m-pytorch,231.28928,200.0,48,controlled,shared_origin_v1:Hmax=720,720,720,8192,controlled,8064,10200,8064,8192,256,256,100,[],merged,2,270,23531,1125444.1999045536,128,100,,float32,native_horizon,48,128,fixed_1024_median_feedback_sign_flip,2138.6278127788873,2138.6278127788873,25.434205102776655,1.2419126774577853,0.8120831987244739,0.6352270945908539,9.424242032960493,46.24530043992457,0.9669054802931613,0.5317831664370337,0.41494060660087645,1.2419126774577853,1.478995375991201,0.8397001759559077,-0.17471038424648483,0.41494060660087645,0.5363321992970804,0.773663425661744,-0.25661835053355797,Nature,1
kdd_cup_2018/H/short|H=96|L=128|Hsrc=controlled|Lsrc=controlled|origins=shared_origin_v1:Hmax=720,joint-scaling,release,standard_hl_shared_origin_v1,kdd_cup_2018/H/short,TimesFM-2.5,timesfm25,timesfm-2.5-200m-pytorch,231.28928,200.0,96,controlled,shared_origin_v1:Hmax=720,720,720,128,controlled,8064,10200,128,128,256,256,100,[],merged,2,270,46102,1926428.5999522582,128,100,,float32,native_horizon,96,128,fixed_1024_median_feedback_sign_flip,1659.4291692876666,1659.4291692876666,20.818080801978493,0.9446542003560607,0.8671316806664616,0.5611975013984785,6.830371316282098,40.73609172819192,0.9748688847848531,0.4982043773418842,0.3896975847808247,0.9446542003560607,1.278123908838329,0.7390943818699435,-0.3023296505326696,0.3896975847808247,0.6076938681984665,0.6412728598629756,-0.44430023422344134,Nature,1
kdd_cup_2018/H/short|H=96|L=256|Hsrc=controlled|Lsrc=controlled|origins=shared_origin_v1:Hmax=720,joint-scaling,release,standard_hl_shared_origin_v1,kdd_cup_2018/H/short,TimesFM-2.5,timesfm25,timesfm-2.5-200m-pytorch,231.28928,200.0,96,controlled,shared_origin_v1:Hmax=720,720,720,256,controlled,8064,10200,256,256,256,256,100,[],merged,2,270,46102,1926428.5999522582,128,100,,float32,native_horizon,96,128,fixed_1024_median_feedback_sign_flip,1820.4625050160514,1820.4625050160514,21.82260918638969,0.9717541248376131,0.9208148360915344,0.5656669795096844,6.592187764676321,42.666878313465254,1.021075177172994,0.5222440783613108,0.4035005466187132,0.9717541248376131,1.278123908838329,0.7602972748712826,-0.2740457710350027,0.4035005466187132,0.6076938681984665,0.6639865362059801,-0.40949340650950294,Nature,1
kdd_cup_2018/H/short|H=96|L=512|Hsrc=controlled|Lsrc=controlled|origins=shared_origin_v1:Hmax=720,joint-scaling,release,standard_hl_shared_origin_v1,kdd_cup_2018/H/short,TimesFM-2.5,timesfm25,timesfm-2.5-200m-pytorch,231.28928,200.0,96,controlled,shared_origin_v1:Hmax=720,720,720,512,controlled,8064,10200,512,512,256,256,100,[],merged,2,270,46102,1926428.5999522582,128,100,,float32,native_horizon,96,128,fixed_1024_median_feedback_sign_flip,2031.2804569216087,2031.2804569216087,23.118158025444938,1.02009377751957,0.9497329684497029,0.6027872000261478,8.00747432895832,45.069728831241136,1.078578587667029,0.553248286137091,0.4406732466756853,1.02009377751957,1.278123908838329,0.7981180623142561,-0.22549874471329345,0.4406732466756853,0.6076938681984665,0.7251566450424772,-0.3213675853379674,Nature,1
kdd_cup_2018/H/short|H=96|L=1024|Hsrc=controlled|Lsrc=controlled|origins=shared_origin_v1:Hmax=720,joint-scaling,release,standard_hl_shared_origin_v1,kdd_cup_2018/H/short,TimesFM-2.5,timesfm25,timesfm-2.5-200m-pytorch,231.28928,200.0,96,controlled,shared_origin_v1:Hmax=720,720,720,1024,controlled,8064,10200,1024,1024,256,256,100,[],merged,2,270,46102,1926428.5999522582,128,100,,float32,native_horizon,96,128,fixed_1024_median_feedback_sign_flip,2113.8681720695413,2113.8681720695413,23.914815543184137,1.0535891122665793,1.0174033634875557,0.6246558507917905,7.691361296104218,45.97682211799268,1.1002865371372852,0.5723133606920071,0.448225284884113,1.0535891122665793,1.278123908838329,0.8243247035603719,-0.19319076897411971,0.448225284884113,0.6076938681984665,0.737584017776739,-0.3043752748476894,Nature,1
kdd_cup_2018/H/short|H=96|L=2048|Hsrc=controlled|Lsrc=controlled|origins=shared_origin_v1:Hmax=720,joint-scaling,release,standard_hl_shared_origin_v1,kdd_cup_2018/H/short,TimesFM-2.5,timesfm25,timesfm-2.5-200m-pytorch,231.28928,200.0,96,controlled,shared_origin_v1:Hmax=720,720,720,2048,controlled,8064,10200,2048,2048,256,256,100,[],merged,2,270,46102,1926428.5999522582,128,100,,float32,native_horizon,96,128,fixed_1024_median_feedback_sign_flip,1985.4134954828423,1985.4134954828423,22.902472498142707,1.019567845176219,0.894418170551636,0.6062029485697136,7.443420445513105,44.55797903274836,1.066331733975852,0.5480866444443058,0.4282714850271238,1.019567845176219,1.278123908838329,0.7977065745549596,-0.2260144502098866,0.4282714850271238,0.6076938681984665,0.7047487352418945,-0.3499139436090437,Nature,1
kdd_cup_2018/H/short|H=96|L=4096|Hsrc=controlled|Lsrc=controlled|origins=shared_origin_v1:Hmax=720,joint-scaling,release,standard_hl_shared_origin_v1,kdd_cup_2018/H/short,TimesFM-2.5,timesfm25,timesfm-2.5-200m-pytorch,231.28928,200.0,96,controlled,shared_origin_v1:Hmax=720,720,720,4096,controlled,8064,10200,4096,4096,256,256,100,[],merged,2,270,46102,1926428.5999522582,128,100,,float32,native_horizon,96,128,fixed_1024_median_feedback_sign_flip,2021.788867619626,2021.788867619626,23.004297239341568,1.0124459234291272,0.8851533484135369,0.6007508695795295,7.380518346560077,44.964306595561176,1.0760556932761143,0.5505234460049067,0.430560626260448,1.0124459234291272,1.278123908838329,0.7921344060837785,-0.2330241969146811,0.430560626260448,0.6076938681984665,0.7085156668387369,-0.3445831074088875,Nature,1
kdd_cup_2018/H/short|H=96|L=6144|Hsrc=controlled|Lsrc=controlled|origins=shared_origin_v1:Hmax=720,joint-scaling-l6144,release,standard_hl_shared_origin_v1,kdd_cup_2018/H/short,TimesFM-2.5,timesfm25,timesfm-2.5-200m-pytorch,231.28928,200.0,96,controlled,shared_origin_v1:Hmax=720,720,720,6144,controlled,8064,10200,6144,6144,256,256,100,[],merged,6,270,46102,1926428.5999522582,128,100,,float32,native_horizon,96,128,fixed_1024_median_feedback_sign_flip,1995.2026783002907,1995.2026783002907,22.895240487465294,1.0107189827374237,0.9057766446061901,0.597728075068259,7.5057711005164025,44.6676916607551,1.068957303164605,0.5479135728047659,0.42977835823232124,1.0107189827374237,1.278123908838329,0.7907832532888409,-0.23473136483347934,0.42977835823232124,0.6076938681984665,0.7072283936423728,-0.346401619083485,Nature,1
kdd_cup_2018/H/short|H=96|L=8192|Hsrc=controlled|Lsrc=controlled|origins=shared_origin_v1:Hmax=720,joint-scaling,release,standard_hl_shared_origin_v1,kdd_cup_2018/H/short,TimesFM-2.5,timesfm25,timesfm-2.5-200m-pytorch,231.28928,200.0,96,controlled,shared_origin_v1:Hmax=720,720,720,8192,controlled,8064,10200,8064,8192,256,256,100,[],merged,2,270,46102,1926428.5999522582,128,100,,float32,native_horizon,96,128,fixed_1024_median_feedback_sign_flip,1947.3889385221898,1947.3889385221898,22.6463683364469,1.0042678200723765,0.8958467941803252,0.5931311919267077,7.50194626129948,44.12922997880418,1.056071198555321,0.5419577310432108,0.42472719596465525,1.0042678200723765,1.278123908838329,0.7857358845474873,-0.24113456777064057,0.42472719596465525,0.6076938681984665,0.698916375812342,-0.3582241779360325,Nature,1
kdd_cup_2018/H/short|H=192|L=128|Hsrc=controlled|Lsrc=controlled|origins=shared_origin_v1:Hmax=720,joint-scaling,release,standard_hl_shared_origin_v1,kdd_cup_2018/H/short,TimesFM-2.5,timesfm25,timesfm-2.5-200m-pytorch,231.28928,200.0,192,controlled,shared_origin_v1:Hmax=720,720,720,128,controlled,8064,10200,128,128,256,256,100,[],merged,2,270,91920,3382365.100021012,128,100,,float32,native_horizon,192,128,fixed_1024_median_feedback_sign_flip,1124.761868336597,1124.761868336597,18.141760498259355,0.8595884029024742,0.9368049098149276,0.5606928454366739,6.401060259079441,33.53746961737866,0.9114226631567053,0.49302502115742636,0.39093177024737114,0.8595884029024742,1.1902104596437932,0.7222154669685328,-0.32543175390655693,0.39093177024737114,0.713423030713114,0.5479662884678796,-0.6015415113207743,Nature,1
kdd_cup_2018/H/short|H=192|L=256|Hsrc=controlled|Lsrc=controlled|origins=shared_origin_v1:Hmax=720,joint-scaling,release,standard_hl_shared_origin_v1,kdd_cup_2018/H/short,TimesFM-2.5,timesfm25,timesfm-2.5-200m-pytorch,231.28928,200.0,192,controlled,shared_origin_v1:Hmax=720,720,720,256,controlled,8064,10200,256,256,256,256,100,[],merged,2,270,91920,3382365.100021012,128,100,,float32,native_horizon,192,128,fixed_1024_median_feedback_sign_flip,1206.6612305537424,1206.6612305537424,18.666588452424662,0.8721794603155809,0.9655651098597905,0.563658294810535,5.994340051423576,34.73702967373207,0.944022207297969,0.507287876916722,0.39444180972461534,0.8721794603155809,1.1902104596437932,0.7327943165418049,-0.3108902214631487,0.39444180972461534,0.713423030713114,0.552886285897365,-0.5926029298934854,Nature,1
kdd_cup_2018/H/short|H=192|L=512|Hsrc=controlled|Lsrc=controlled|origins=shared_origin_v1:Hmax=720,joint-scaling,release,standard_hl_shared_origin_v1,kdd_cup_2018/H/short,TimesFM-2.5,timesfm25,timesfm-2.5-200m-pytorch,231.28928,200.0,192,controlled,shared_origin_v1:Hmax=720,720,720,512,controlled,8064,10200,512,512,256,256,100,[],merged,2,270,91920,3382365.100021012,128,100,,float32,native_horizon,192,128,fixed_1024_median_feedback_sign_flip,1319.8173241677546,1319.8173241677546,19.680046699065763,0.9118751687833625,1.0113152005698396,0.6025519488063246,6.637046379885268,36.329290168784674,0.9872938767887424,0.5348298717270017,0.41759884474086145,0.9118751687833625,1.1902104596437932,0.7661461562489283,-0.2663823229398923,0.41759884474086145,0.713423030713114,0.5853453375670302,-0.5355532852935591,Nature,1
kdd_cup_2018/H/short|H=192|L=1024|Hsrc=controlled|Lsrc=controlled|origins=shared_origin_v1:Hmax=720,joint-scaling,release,standard_hl_shared_origin_v1,kdd_cup_2018/H/short,TimesFM-2.5,timesfm25,timesfm-2.5-200m-pytorch,231.28928,200.0,192,controlled,shared_origin_v1:Hmax=720,720,720,1024,controlled,8064,10200,1024,1024,256,256,100,[],merged,2,270,91920,3382365.100021012,128,100,,float32,native_horizon,192,128,fixed_1024_median_feedback_sign_flip,1379.3041483083116,1379.3041483083116,20.219958315484934,0.9238702251190923,1.0636257628204393,0.6039718627929688,6.478559852940657,37.138984212122864,1.0092983246418685,0.5495026448646331,0.424936237513198,0.9238702251190923,1.1902104596437932,0.7762242531422456,-0.25331381453928326,0.424936237513198,0.713423030713114,0.595630108952953,-0.5181354271448484,Nature,1
kdd_cup_2018/H/short|H=192|L=2048|Hsrc=controlled|Lsrc=controlled|origins=shared_origin_v1:Hmax=720,joint-scaling,release,standard_hl_shared_origin_v1,kdd_cup_2018/H/short,TimesFM-2.5,timesfm25,timesfm-2.5-200m-pytorch,231.28928,200.0,192,controlled,shared_origin_v1:Hmax=720,720,720,2048,controlled,8064,10200,2048,2048,256,256,100,[],merged,2,270,91920,3382365.100021012,128,100,,float32,native_horizon,192,128,fixed_1024_median_feedback_sign_flip,1299.072393793516,1299.072393793516,19.337882083265338,0.8922582509538977,0.9484489382813672,0.5859592600424877,6.261252907427278,36.04264687552117,0.9795039869520074,0.5255311205412767,0.40524847902058764,0.8922582509538977,1.1902104596437932,0.7496642662852527,-0.2881298176276899,0.40524847902058764,0.713423030713114,0.568033917569937,-0.5655741480122182,Nature,1
kdd_cup_2018/H/short|H=192|L=4096|Hsrc=controlled|Lsrc=controlled|origins=shared_origin_v1:Hmax=720,joint-scaling,release,standard_hl_shared_origin_v1,kdd_cup_2018/H/short,TimesFM-2.5,timesfm25,timesfm-2.5-200m-pytorch,231.28928,200.0,192,controlled,shared_origin_v1:Hmax=720,720,720,4096,controlled,8064,10200,4096,4096,256,256,100,[],merged,2,270,91920,3382365.100021012,128,100,,float32,native_horizon,192,128,fixed_1024_median_feedback_sign_flip,1303.4618166612272,1303.4618166612272,19.218416447386314,0.8780150716968816,0.9375175131210614,0.5758365913304793,6.211670909684619,36.10348759692375,0.9811574096151285,0.5222844925383058,0.40469619568626336,0.8780150716968816,1.1902104596437932,0.7376973245216265,-0.3042216678822088,0.40469619568626336,0.713423030713114,0.5672597859389855,-0.5669379039258435,Nature,1
kdd_cup_2018/H/short|H=192|L=6144|Hsrc=controlled|Lsrc=controlled|origins=shared_origin_v1:Hmax=720,joint-scaling-l6144,release,standard_hl_shared_origin_v1,kdd_cup_2018/H/short,TimesFM-2.5,timesfm25,timesfm-2.5-200m-pytorch,231.28928,200.0,192,controlled,shared_origin_v1:Hmax=720,720,720,6144,controlled,8064,10200,6144,6144,256,256,100,[],merged,6,270,91920,3382365.100021012,128,100,,float32,native_horizon,192,128,fixed_1024_median_feedback_sign_flip,1288.3568789436467,1288.3568789436467,19.206125613645018,0.8777231653253827,0.9679774967208974,0.5742553073494615,6.260933619287869,35.893688566984125,0.9754558586997851,0.5219504737662066,0.40524444177145674,0.8777231653253827,1.1902104596437932,0.7374520684249979,-0.30455418484633606,0.40524444177145674,0.713423030713114,0.5680282585864769,-0.5655841104659975,Nature,1
kdd_cup_2018/H/short|H=192|L=8192|Hsrc=controlled|Lsrc=controlled|origins=shared_origin_v1:Hmax=720,joint-scaling,release,standard_hl_shared_origin_v1,kdd_cup_2018/H/short,TimesFM-2.5,timesfm25,timesfm-2.5-200m-pytorch,231.28928,200.0,192,controlled,shared_origin_v1:Hmax=720,720,720,8192,controlled,8064,10200,8064,8192,256,256,100,[],merged,2,270,91920,3382365.100021012,128,100,,float32,native_horizon,192,128,fixed_1024_median_feedback_sign_flip,1261.5982457571804,1261.5982457571804,19.042311716370214,0.8722317821554231,0.9582580201845512,0.5706101918033769,6.281831067318766,35.518984300753594,0.9652728018347245,0.517498626318571,0.4020234520734039,0.8722317821554231,1.1902104596437932,0.7328382766997906,-0.3108302334986321,0.4020234520734039,0.713423030713114,0.5635134201815081,-0.5735641300245693,Nature,1
kdd_cup_2018/H/short|H=336|L=128|Hsrc=controlled|Lsrc=controlled|origins=shared_origin_v1:Hmax=720,joint-scaling,release,standard_hl_shared_origin_v1,kdd_cup_2018/H/short,TimesFM-2.5,timesfm25,timesfm-2.5-200m-pytorch,231.28928,200.0,336,controlled,shared_origin_v1:Hmax=720,720,720,128,controlled,8064,10200,128,128,256,256,100,[],merged,2,270,160686,6279566.400042564,128,100,,float32,native_horizon,336,128,fixed_1024_median_feedback_sign_flip,1537.9252599012982,1537.9252599012982,20.560619439854747,0.9451406143360817,0.986055740523742,0.5967768364341499,6.576687151448537,39.21639019467878,1.0034968138531735,0.5261197166877806,0.409601286849186,0.9451406143360817,1.2954560131853796,0.7295814020053741,-0.31528433121936683,0.409601286849186,0.783824851835104,0.5225673642398816,-0.6490013766786203,Nature,1
kdd_cup_2018/H/short|H=336|L=256|Hsrc=controlled|Lsrc=controlled|origins=shared_origin_v1:Hmax=720,joint-scaling,release,standard_hl_shared_origin_v1,kdd_cup_2018/H/short,TimesFM-2.5,timesfm25,timesfm-2.5-200m-pytorch,231.28928,200.0,336,controlled,shared_origin_v1:Hmax=720,720,720,256,controlled,8064,10200,256,256,256,256,100,[],merged,2,270,160686,6279566.400042564,128,100,,float32,native_horizon,336,128,fixed_1024_median_feedback_sign_flip,1659.736118890258,1659.736118890258,21.18225625939332,0.9693091935370195,1.0187988654379223,0.6082271633236269,6.56266413958104,40.739859092665725,1.0424804168198163,0.5420266006381913,0.41674173505970563,0.9693091935370195,1.2954560131853796,0.7482378279703978,-0.29003439971154915,0.41674173505970563,0.783824851835104,0.5316771139420022,-0.6317189025767084,Nature,1
kdd_cup_2018/H/short|H=336|L=512|Hsrc=controlled|Lsrc=controlled|origins=shared_origin_v1:Hmax=720,joint-scaling,release,standard_hl_shared_origin_v1,kdd_cup_2018/H/short,TimesFM-2.5,timesfm25,timesfm-2.5-200m-pytorch,231.28928,200.0,336,controlled,shared_origin_v1:Hmax=720,720,720,512,controlled,8064,10200,512,512,256,256,100,[],merged,2,270,160686,6279566.400042564,128,100,,float32,native_horizon,336,128,fixed_1024_median_feedback_sign_flip,1796.913107317999,1796.913107317999,22.15736709765085,1.0086020644724907,1.0504620730639336,0.6438035191632964,6.929593901433088,42.39001188155058,1.0847056970609734,0.5669784285470716,0.4402840011658198,1.0086020644724907,1.2954560131853796,0.7785691325732106,-0.25029748937304575,0.4402840011658198,0.783824851835104,0.5617122245295227,-0.5767656162311797,Nature,1
kdd_cup_2018/H/short|H=336|L=1024|Hsrc=controlled|Lsrc=controlled|origins=shared_origin_v1:Hmax=720,joint-scaling,release,standard_hl_shared_origin_v1,kdd_cup_2018/H/short,TimesFM-2.5,timesfm25,timesfm-2.5-200m-pytorch,231.28928,200.0,336,controlled,shared_origin_v1:Hmax=720,720,720,1024,controlled,8064,10200,1024,1024,256,256,100,[],merged,2,270,160686,6279566.400042564,128,100,,float32,native_horizon,336,128,fixed_1024_median_feedback_sign_flip,1846.3379463674496,1846.3379463674496,22.36773719396836,1.0066697256984092,1.094052145539774,0.6371874914611708,6.800199461778591,42.969034738605075,1.0995221447074268,0.5723615278159394,0.4439170694171274,1.0066697256984092,1.2954560131853796,0.7770775043323334,-0.25221518541354687,0.4439170694171274,0.783824851835104,0.5663472756417728,-0.5685478277261267,Nature,1
kdd_cup_2018/H/short|H=336|L=2048|Hsrc=controlled|Lsrc=controlled|origins=shared_origin_v1:Hmax=720,joint-scaling,release,standard_hl_shared_origin_v1,kdd_cup_2018/H/short,TimesFM-2.5,timesfm25,timesfm-2.5-200m-pytorch,231.28928,200.0,336,controlled,shared_origin_v1:Hmax=720,720,720,2048,controlled,8064,10200,2048,2048,256,256,100,[],merged,2,270,160686,6279566.400042564,128,100,,float32,native_horizon,336,128,fixed_1024_median_feedback_sign_flip,1817.6808328821428,1817.6808328821428,21.89150438393824,0.9832365048846916,1.0065883209523854,0.6243388917829746,6.7384255993063835,42.634268293030935,1.0909559034024283,0.5601753448157912,0.43442663390404646,0.9832365048846916,1.2954560131853796,0.7589887227950136,-0.27576835967447216,0.43442663390404646,0.783824851835104,0.5542394233698504,-0.5901585134465941,Nature,1
kdd_cup_2018/H/short|H=336|L=4096|Hsrc=controlled|Lsrc=controlled|origins=shared_origin_v1:Hmax=720,joint-scaling,release,standard_hl_shared_origin_v1,kdd_cup_2018/H/short,TimesFM-2.5,timesfm25,timesfm-2.5-200m-pytorch,231.28928,200.0,336,controlled,shared_origin_v1:Hmax=720,720,720,4096,controlled,8064,10200,4096,4096,256,256,100,[],merged,2,270,160686,6279566.400042564,128,100,,float32,native_horizon,336,128,fixed_1024_median_feedback_sign_flip,1783.0282340247438,1783.0282340247438,21.718063259341978,0.9721721376435274,1.0172376477355543,0.6180658993899593,6.791241664095472,42.2259189837799,1.0805067715792713,0.5557372102740996,0.4326410757630698,0.9721721376435274,1.2954560131853796,0.7504478174083782,-0.2870851607611788,0.4326410757630698,0.783824851835104,0.5519614168269393,-0.5942771322006007,Nature,1
kdd_cup_2018/H/short|H=336|L=6144|Hsrc=controlled|Lsrc=controlled|origins=shared_origin_v1:Hmax=720,joint-scaling-l6144,release,standard_hl_shared_origin_v1,kdd_cup_2018/H/short,TimesFM-2.5,timesfm25,timesfm-2.5-200m-pytorch,231.28928,200.0,336,controlled,shared_origin_v1:Hmax=720,720,720,6144,controlled,8064,10200,6144,6144,256,256,100,[],merged,6,270,160686,6279566.400042564,128,100,,float32,native_horizon,336,128,fixed_1024_median_feedback_sign_flip,1752.482828311116,1752.482828311116,21.635409227857437,0.9687462831823728,1.05264533505105,0.6156805090751528,6.854871114979309,41.86266628287209,1.071211603763596,0.5536222002786587,0.43191969778008776,0.9687462831823728,1.2954560131853796,0.747803301171404,-0.290615301937763,0.43191969778008776,0.783824851835104,0.5510410862437828,-0.5959459059235485,Nature,1
kdd_cup_2018/H/short|H=336|L=8192|Hsrc=controlled|Lsrc=controlled|origins=shared_origin_v1:Hmax=720,joint-scaling,release,standard_hl_shared_origin_v1,kdd_cup_2018/H/short,TimesFM-2.5,timesfm25,timesfm-2.5-200m-pytorch,231.28928,200.0,336,controlled,shared_origin_v1:Hmax=720,720,720,8192,controlled,8064,10200,8064,8192,256,256,100,[],merged,2,270,160686,6279566.400042564,128,100,,float32,native_horizon,336,128,fixed_1024_median_feedback_sign_flip,1730.8920620029126,1730.8920620029126,21.475690688575078,0.9626730441619785,1.0454995987220765,0.6119492921596215,6.8748975704195345,41.603990938405325,1.0645924355355627,0.5495352089852867,0.4290755003582411,0.9626730441619785,1.2954560131853796,0.7431151921514297,-0.2969042097383266,0.4290755003582411,0.783824851835104,0.5474124727656725,-0.6025526971662494,Nature,1
kdd_cup_2018/H/short|H=720|L=128|Hsrc=controlled|Lsrc=controlled|origins=shared_origin_v1:Hmax=720,joint-scaling,release,standard_hl_shared_origin_v1,kdd_cup_2018/H/short,TimesFM-2.5,timesfm25,timesfm-2.5-200m-pytorch,231.28928,200.0,720,controlled,shared_origin_v1:Hmax=720,720,720,128,controlled,8064,10200,128,128,256,256,100,[],merged,2,270,341362,14548303.999882698,128,100,,float32,native_horizon,720,128,fixed_1024_median_feedback_sign_flip,3955.204439861496,3955.204439861496,23.522883675357832,1.0309142602847083,0.9546936956660477,0.618671946548175,8.43941710509299,62.89041612091223,1.4756632957381106,0.5519419045169969,0.442418199775178,1.0309142602847083,1.3355336656461645,0.7719118482767159,-0.25888492164715504,0.442418199775178,0.9362833367919572,0.47252597839780164,-0.7496625528236368,Nature,1
kdd_cup_2018/H/short|H=720|L=256|Hsrc=controlled|Lsrc=controlled|origins=shared_origin_v1:Hmax=720,joint-scaling,release,standard_hl_shared_origin_v1,kdd_cup_2018/H/short,TimesFM-2.5,timesfm25,timesfm-2.5-200m-pytorch,231.28928,200.0,720,controlled,shared_origin_v1:Hmax=720,720,720,256,controlled,8064,10200,256,256,256,256,100,[],merged,2,270,341362,14548303.999882698,128,100,,float32,native_horizon,720,128,fixed_1024_median_feedback_sign_flip,4097.161871048916,4097.161871048916,23.973934470591338,1.0409461509093398,0.9956462711069096,0.617740796112567,8.542865180800908,64.00907647395731,1.5019115880091034,0.5625253788218878,0.4453841420391781,1.0409461509093398,1.3355336656461645,0.779423370361618,-0.24920090145956042,0.4453841420391781,0.9362833367919572,0.4756937612125236,-0.7429809905920145,Nature,1
kdd_cup_2018/H/short|H=720|L=512|Hsrc=controlled|Lsrc=controlled|origins=shared_origin_v1:Hmax=720,joint-scaling,release,standard_hl_shared_origin_v1,kdd_cup_2018/H/short,TimesFM-2.5,timesfm25,timesfm-2.5-200m-pytorch,231.28928,200.0,720,controlled,shared_origin_v1:Hmax=720,720,720,512,controlled,8064,10200,512,512,256,256,100,[],merged,2,270,341362,14548303.999882698,128,100,,float32,native_horizon,720,128,fixed_1024_median_feedback_sign_flip,4242.894389240747,4242.894389240747,24.970208175265554,1.0767361269193878,1.0056472275973976,0.6546151663970817,8.1402194432816,65.1375037074706,1.5283890507628148,0.5859019857705563,0.4618869503736213,1.0767361269193878,1.3355336656461645,0.8062216285640662,-0.21539660086921786,0.4618869503736213,0.9362833367919572,0.49331963116657807,-0.7065979759401508,Nature,1
kdd_cup_2018/H/short|H=720|L=1024|Hsrc=controlled|Lsrc=controlled|origins=shared_origin_v1:Hmax=720,joint-scaling,release,standard_hl_shared_origin_v1,kdd_cup_2018/H/short,TimesFM-2.5,timesfm25,timesfm-2.5-200m-pytorch,231.28928,200.0,720,controlled,shared_origin_v1:Hmax=720,720,720,1024,controlled,8064,10200,1024,1024,256,256,100,[],merged,2,270,341362,14548303.999882698,128,100,,float32,native_horizon,720,128,fixed_1024_median_feedback_sign_flip,4231.336407904219,4231.336407904219,24.841431873458383,1.061422960585674,1.0570863339020315,0.6326138465349376,7.904923603271521,65.04872333800425,1.5263059045430205,0.5828803733587004,0.45773036317866145,1.061422960585674,1.3355336656461645,0.7947556754940588,-0.22972053798481556,0.45773036317866145,0.9362833367919572,0.48888017674971124,-0.7156378568554687,Nature,1
kdd_cup_2018/H/short|H=720|L=2048|Hsrc=controlled|Lsrc=controlled|origins=shared_origin_v1:Hmax=720,joint-scaling,release,standard_hl_shared_origin_v1,kdd_cup_2018/H/short,TimesFM-2.5,timesfm25,timesfm-2.5-200m-pytorch,231.28928,200.0,720,controlled,shared_origin_v1:Hmax=720,720,720,2048,controlled,8064,10200,2048,2048,256,256,100,[],merged,2,270,341362,14548303.999882698,128,100,,float32,native_horizon,720,128,fixed_1024_median_feedback_sign_flip,4240.998353653892,4240.998353653892,24.583148122447724,1.0442334412574474,1.0004977476267691,0.6233966249939122,7.81523990271045,65.12294798036935,1.5280475145868606,0.5768199928625812,0.4543682900066118,1.0442334412574474,1.3355336656461645,0.781884776189615,-0.24604789431923846,0.4543682900066118,0.9362833367919572,0.4852893052261729,-0.723010060262439,Nature,1
kdd_cup_2018/H/short|H=720|L=4096|Hsrc=controlled|Lsrc=controlled|origins=shared_origin_v1:Hmax=720,joint-scaling,release,standard_hl_shared_origin_v1,kdd_cup_2018/H/short,TimesFM-2.5,timesfm25,timesfm-2.5-200m-pytorch,231.28928,200.0,720,controlled,shared_origin_v1:Hmax=720,720,720,4096,controlled,8064,10200,4096,4096,256,256,100,[],merged,2,270,341362,14548303.999882698,128,100,,float32,native_horizon,720,128,fixed_1024_median_feedback_sign_flip,4166.070517515131,4166.070517515131,24.204930886236607,1.025291707771535,1.0009675677671335,0.6115530497476835,7.685987929769827,64.54510452013484,1.5144889720052537,0.5679454881650894,0.4477336947733223,1.025291707771535,1.3355336656461645,0.7677018813864744,-0.2643537964720186,0.4477336947733223,0.9362833367919572,0.4782032074899663,-0.7377195165568057,Nature,1
kdd_cup_2018/H/short|H=720|L=6144|Hsrc=controlled|Lsrc=controlled|origins=shared_origin_v1:Hmax=720,joint-scaling-l6144,release,standard_hl_shared_origin_v1,kdd_cup_2018/H/short,TimesFM-2.5,timesfm25,timesfm-2.5-200m-pytorch,231.28928,200.0,720,controlled,shared_origin_v1:Hmax=720,720,720,6144,controlled,8064,10200,6144,6144,256,256,100,[],merged,6,270,341362,14548303.999882698,128,100,,float32,native_horizon,720,128,fixed_1024_median_feedback_sign_flip,4126.063560091633,4126.063560091633,24.024699997729684,1.017902641607776,1.0343750336504474,0.6060313400803253,7.7323836446869425,64.23444216377716,1.5071995777712712,0.5637165432266967,0.445839330203313,1.017902641607776,1.3355336656461645,0.7621692120469981,-0.271586684894038,0.445839330203313,0.9362833367919572,0.4761799261865736,-0.7419594999829985,Nature,1
kdd_cup_2018/H/short|H=720|L=8192|Hsrc=controlled|Lsrc=controlled|origins=shared_origin_v1:Hmax=720,joint-scaling,release,standard_hl_shared_origin_v1,kdd_cup_2018/H/short,TimesFM-2.5,timesfm25,timesfm-2.5-200m-pytorch,231.28928,200.0,720,controlled,shared_origin_v1:Hmax=720,720,720,8192,controlled,8064,10200,8064,8192,256,256,100,[],merged,2,270,341362,14548303.999882698,128,100,,float32,native_horizon,720,128,fixed_1024_median_feedback_sign_flip,4097.3256315875815,4097.3256315875815,23.843022617393704,1.0099943364652064,1.030424430595351,0.6013494861210387,7.680110564800544,64.01035565896804,1.5019416028585069,0.5594536577448735,0.44246381297107873,1.0099943364652064,1.3355336656461645,0.756247755069915,-0.27938623814408353,0.44246381297107873,0.9362833367919572,0.4725746956974783,-0.7495594584104063,Nature,1
loop_seattle/5T/short|H=48|L=128|Hsrc=controlled|Lsrc=controlled|origins=shared_origin_v1:Hmax=720,joint-scaling,release,standard_hl_shared_origin_v1,loop_seattle/5T/short,TimesFM-2.5,timesfm25,timesfm-2.5-200m-pytorch,231.28928,200.0,48,controlled,shared_origin_v1:Hmax=720,720,720,128,controlled,94320,104400,128,128,256,256,100,[],merged,2,323,232560,13486058.610530853,128,100,,float32,native_horizon,48,128,fixed_1024_median_feedback_sign_flip,89.10715742711558,89.10715742711558,5.107167996464622,0.7916644669729939,0.1745927792953633,0.10592082895935709,9.70611640999761,9.439658755861654,0.16278195903352766,0.08807043062458261,0.07392625340736575,0.7916644669729939,1.0786574227120576,0.7339350291425426,-0.3093347704399816,0.07392625340736575,0.10341127324220856,0.7148761550804681,-0.33564596096832505,Transport,1
loop_seattle/5T/short|H=48|L=256|Hsrc=controlled|Lsrc=controlled|origins=shared_origin_v1:Hmax=720,joint-scaling,release,standard_hl_shared_origin_v1,loop_seattle/5T/short,TimesFM-2.5,timesfm25,timesfm-2.5-200m-pytorch,231.28928,200.0,48,controlled,shared_origin_v1:Hmax=720,720,720,256,controlled,94320,104400,256,256,256,256,100,[],merged,2,323,232560,13486058.610530853,128,100,,float32,native_horizon,48,128,fixed_1024_median_feedback_sign_flip,65.9405368171117,65.9405368171117,4.720555019739529,0.7405721520495477,0.13096635947737614,0.10047889265933724,6.028682697531552,8.120377874034663,0.14003165290345457,0.08140349282876294,0.06523476688926531,0.7405721520495477,1.0786574227120576,0.6865684474571496,-0.37604935378124776,0.06523476688926531,0.10341127324220856,0.6308283888592424,-0.4607214203732031,Transport,1
loop_seattle/5T/short|H=48|L=512|Hsrc=controlled|Lsrc=controlled|origins=shared_origin_v1:Hmax=720,joint-scaling,release,standard_hl_shared_origin_v1,loop_seattle/5T/short,TimesFM-2.5,timesfm25,timesfm-2.5-200m-pytorch,231.28928,200.0,48,controlled,shared_origin_v1:Hmax=720,720,720,512,controlled,94320,104400,512,512,256,256,100,[],merged,2,323,232560,13486058.610530853,128,100,,float32,native_horizon,48,128,fixed_1024_median_feedback_sign_flip,58.96618087133428,58.96618087133428,4.425529550841718,0.6963951945215154,0.11760349477079672,0.09430192455951808,5.4775563286363145,7.678943994543409,0.132419357422674,0.07631593351819471,0.061096908276041924,0.6963951945215154,1.0786574227120576,0.6456129442567372,-0.4375551122634287,0.061096908276041924,0.10341127324220856,0.5908147763826631,-0.5262527178342529,Transport,1
loop_seattle/5T/short|H=48|L=1024|Hsrc=controlled|Lsrc=controlled|origins=shared_origin_v1:Hmax=720,joint-scaling,release,standard_hl_shared_origin_v1,loop_seattle/5T/short,TimesFM-2.5,timesfm25,timesfm-2.5-200m-pytorch,231.28928,200.0,48,controlled,shared_origin_v1:Hmax=720,720,720,1024,controlled,94320,104400,1024,1024,256,256,100,[],merged,2,323,232560,13486058.610530853,128,100,,float32,native_horizon,48,128,fixed_1024_median_feedback_sign_flip,56.057649571615926,56.057649571615926,4.281623299162043,0.6723819922968693,0.11475297050620421,0.09221974016261092,5.165853908555172,7.487165656749951,0.12911224067898583,0.07383434576471336,0.058831346016659215,0.6723819922968693,1.0786574227120576,0.6233508231059182,-0.4726457997365534,0.058831346016659215,0.10341127324220856,0.5689065047953252,-0.5640391733036904,Transport,1
loop_seattle/5T/short|H=48|L=2048|Hsrc=controlled|Lsrc=controlled|origins=shared_origin_v1:Hmax=720,joint-scaling,release,standard_hl_shared_origin_v1,loop_seattle/5T/short,TimesFM-2.5,timesfm25,timesfm-2.5-200m-pytorch,231.28928,200.0,48,controlled,shared_origin_v1:Hmax=720,720,720,2048,controlled,94320,104400,2048,2048,256,256,100,[],merged,2,323,232560,13486058.610530853,128,100,,float32,native_horizon,48,128,fixed_1024_median_feedback_sign_flip,54.12488917510535,54.12488917510535,4.1873277032338425,0.6581878625019875,0.10640715890050467,0.09004744669806314,5.08100194601825,7.356961952810776,0.12686694616688504,0.07220826772201981,0.05744751174260568,0.6581878625019875,1.0786574227120576,0.6101917519346526,-0.49398202377772643,0.05744751174260568,0.10341127324220856,0.5555246535651182,-0.5878422900319552,Transport,1
loop_seattle/5T/short|H=48|L=4096|Hsrc=controlled|Lsrc=controlled|origins=shared_origin_v1:Hmax=720,joint-scaling,release,standard_hl_shared_origin_v1,loop_seattle/5T/short,TimesFM-2.5,timesfm25,timesfm-2.5-200m-pytorch,231.28928,200.0,48,controlled,shared_origin_v1:Hmax=720,720,720,4096,controlled,94320,104400,4096,4096,256,256,100,[],merged,2,323,232560,13486058.610530853,128,100,,float32,native_horizon,48,128,fixed_1024_median_feedback_sign_flip,47.73636810124269,47.73636810124269,3.957160349748452,0.6253607800776847,0.1012283671628088,0.08487447115987037,4.832009978578091,6.909151040557927,0.11914468210433674,0.06823915255854542,0.05422047222863274,0.6253607800776847,1.0786574227120576,0.5797584728109008,-0.5451436883592377,0.05422047222863274,0.10341127324220856,0.524318776170933,-0.6456554281605906,Transport,1
loop_seattle/5T/short|H=48|L=6144|Hsrc=controlled|Lsrc=controlled|origins=shared_origin_v1:Hmax=720,joint-scaling-l6144,release,standard_hl_shared_origin_v1,loop_seattle/5T/short,TimesFM-2.5,timesfm25,timesfm-2.5-200m-pytorch,231.28928,200.0,48,controlled,shared_origin_v1:Hmax=720,720,720,6144,controlled,94320,104400,6144,6144,256,256,100,[],merged,6,323,232560,13486058.610530853,128,100,,float32,native_horizon,48,128,fixed_1024_median_feedback_sign_flip,46.3456400952308,46.3456400952308,3.910074689226705,0.6188504497649809,0.10012350518719043,0.08380873013822164,4.797630029213944,6.807763222618043,0.11739630241676162,0.0674271850647673,0.05354803333421923,0.6188504497649809,1.0786574227120576,0.5737228861866184,-0.5556087759151175,0.05354803333421923,0.10341127324220856,0.5178162076082335,-0.658134911250288,Transport,1
loop_seattle/5T/short|H=48|L=8192|Hsrc=controlled|Lsrc=controlled|origins=shared_origin_v1:Hmax=720,joint-scaling,release,standard_hl_shared_origin_v1,loop_seattle/5T/short,TimesFM-2.5,timesfm25,timesfm-2.5-200m-pytorch,231.28928,200.0,48,controlled,shared_origin_v1:Hmax=720,720,720,8192,controlled,94320,104400,8192,8192,256,256,100,[],merged,2,323,232560,13486058.610530853,128,100,,float32,native_horizon,48,128,fixed_1024_median_feedback_sign_flip,45.571010505353456,45.571010505353456,3.865365397975254,0.6119400772188615,0.09968306709082216,0.0828218361008483,4.742182424302036,6.750630378368634,0.11641107651478703,0.06665619681136328,0.05297172201055413,0.6119400772188615,1.0786574227120576,0.567316429047757,-0.5668380549988692,0.05297172201055413,0.10341127324220856,0.5122432047276358,-0.6689557574901382,Transport,1
loop_seattle/5T/short|H=96|L=128|Hsrc=controlled|Lsrc=controlled|origins=shared_origin_v1:Hmax=720,joint-scaling,release,standard_hl_shared_origin_v1,loop_seattle/5T/short,TimesFM-2.5,timesfm25,timesfm-2.5-200m-pytorch,231.28928,200.0,96,controlled,shared_origin_v1:Hmax=720,720,720,128,controlled,94320,104400,128,128,256,256,100,[],merged,2,323,465120,26184961.315769076,128,100,,float32,native_horizon,96,128,fixed_1024_median_feedback_sign_flip,168.0045480870528,168.0045480870528,7.130011139598383,1.102361894555531,0.32333555730052693,0.15501777995358557,16.031803312350462,12.96165684189536,0.23023619388246938,0.12664944359695712,0.1084766147207316,1.102361894555531,1.184716577264144,0.9304857513695014,-0.07204851589240921,0.1084766147207316,0.11731650359111231,0.9246492300760112,-0.07834082411691888,Transport,1
loop_seattle/5T/short|H=96|L=256|Hsrc=controlled|Lsrc=controlled|origins=shared_origin_v1:Hmax=720,joint-scaling,release,standard_hl_shared_origin_v1,loop_seattle/5T/short,TimesFM-2.5,timesfm25,timesfm-2.5-200m-pytorch,231.28928,200.0,96,controlled,shared_origin_v1:Hmax=720,720,720,256,controlled,94320,104400,256,256,256,256,100,[],merged,2,323,465120,26184961.315769076,128,100,,float32,native_horizon,96,128,fixed_1024_median_feedback_sign_flip,108.94248090546526,108.94248090546526,6.077145233521725,0.9530876073263804,0.20736880267982757,0.1401746247944079,8.652703840513164,10.437551480374372,0.18540084463016288,0.10794752594548965,0.08710878242959696,0.9530876073263804,1.184716577264144,0.8044857526408026,-0.21755202228911036,0.08710878242959696,0.11731650359111231,0.7425108979824401,-0.2977177309955669,Transport,1
loop_seattle/5T/short|H=96|L=512|Hsrc=controlled|Lsrc=controlled|origins=shared_origin_v1:Hmax=720,joint-scaling,release,standard_hl_shared_origin_v1,loop_seattle/5T/short,TimesFM-2.5,timesfm25,timesfm-2.5-200m-pytorch,231.28928,200.0,96,controlled,shared_origin_v1:Hmax=720,720,720,512,controlled,94320,104400,512,512,256,256,100,[],merged,2,323,465120,26184961.315769076,128,100,,float32,native_horizon,96,128,fixed_1024_median_feedback_sign_flip,94.01831640893748,94.01831640893748,5.546672599275456,0.8740293593492467,0.18350653239940096,0.1281279769598269,7.675455058079623,9.69630426548886,0.17223416852054713,0.09852481079746163,0.07940404279438655,0.8740293593492467,1.184716577264144,0.7377539709688502,-0.3041448826336212,0.07940404279438655,0.11731650359111231,0.6768360832772216,-0.390326157576391,Transport,1
loop_seattle/5T/short|H=96|L=1024|Hsrc=controlled|Lsrc=controlled|origins=shared_origin_v1:Hmax=720,joint-scaling,release,standard_hl_shared_origin_v1,loop_seattle/5T/short,TimesFM-2.5,timesfm25,timesfm-2.5-200m-pytorch,231.28928,200.0,96,controlled,shared_origin_v1:Hmax=720,720,720,1024,controlled,94320,104400,1024,1024,256,256,100,[],merged,2,323,465120,26184961.315769076,128,100,,float32,native_horizon,96,128,fixed_1024_median_feedback_sign_flip,80.5918280497506,80.5918280497506,5.149608148837935,0.8095923867997701,0.16373963764454436,0.1208462497644257,6.42529003290883,8.977295141062847,0.15946250466662232,0.09147180755027788,0.0730452683432343,0.8095923867997701,1.184716577264144,0.6833637701511318,-0.38072795482516114,0.0730452683432343,0.11731650359111231,0.6226342083789145,-0.4737960780912859,Transport,1
loop_seattle/5T/short|H=96|L=2048|Hsrc=controlled|Lsrc=controlled|origins=shared_origin_v1:Hmax=720,joint-scaling,release,standard_hl_shared_origin_v1,loop_seattle/5T/short,TimesFM-2.5,timesfm25,timesfm-2.5-200m-pytorch,231.28928,200.0,96,controlled,shared_origin_v1:Hmax=720,720,720,2048,controlled,94320,104400,2048,2048,256,256,100,[],merged,2,323,465120,26184961.315769076,128,100,,float32,native_horizon,96,128,fixed_1024_median_feedback_sign_flip,79.3765250432684,79.3765250432684,5.014763713530916,0.7890745038222452,0.1510470092112066,0.11816937788106094,6.6142604139139385,8.909350427683737,0.15825561172124836,0.08907658370428237,0.07151244787001002,0.7890745038222452,1.184716577264144,0.6660449587397927,-0.406398105104845,0.07151244787001002,0.11731650359111231,0.6095685234470939,-0.49500391070808686,Transport,1
loop_seattle/5T/short|H=96|L=4096|Hsrc=controlled|Lsrc=controlled|origins=shared_origin_v1:Hmax=720,joint-scaling,release,standard_hl_shared_origin_v1,loop_seattle/5T/short,TimesFM-2.5,timesfm25,timesfm-2.5-200m-pytorch,231.28928,200.0,96,controlled,shared_origin_v1:Hmax=720,720,720,4096,controlled,94320,104400,4096,4096,256,256,100,[],merged,2,323,465120,26184961.315769076,128,100,,float32,native_horizon,96,128,fixed_1024_median_feedback_sign_flip,70.00777742840557,70.00777742840557,4.658870812236627,0.7360846960344527,0.14426692048011466,0.11098271807239848,6.235153544409218,8.367065042678082,0.14862306824592408,0.08275490523190239,0.06642148738157727,0.7360846960344527,1.184716577264144,0.6213171235725315,-0.47591366141584385,0.06642148738157727,0.11731650359111231,0.5661734312597536,-0.5688548320613678,Transport,1
loop_seattle/5T/short|H=96|L=6144|Hsrc=controlled|Lsrc=controlled|origins=shared_origin_v1:Hmax=720,joint-scaling-l6144,release,standard_hl_shared_origin_v1,loop_seattle/5T/short,TimesFM-2.5,timesfm25,timesfm-2.5-200m-pytorch,231.28928,200.0,96,controlled,shared_origin_v1:Hmax=720,720,720,6144,controlled,94320,104400,6144,6144,256,256,100,[],merged,6,323,465120,26184961.315769076,128,100,,float32,native_horizon,96,128,fixed_1024_median_feedback_sign_flip,68.1644730963246,68.1644730963246,4.588652515706632,0.7262052945092914,0.14235028403708316,0.10936325927513918,6.206135200787519,8.256177874557004,0.14665339416412904,0.0815076269301253,0.06549676373672472,0.7262052945092914,1.184716577264144,0.6129780813790174,-0.4894261000000145,0.06549676373672472,0.11731650359111231,0.558291133232227,-0.5828747085182019,Transport,1
loop_seattle/5T/short|H=96|L=8192|Hsrc=controlled|Lsrc=controlled|origins=shared_origin_v1:Hmax=720,joint-scaling,release,standard_hl_shared_origin_v1,loop_seattle/5T/short,TimesFM-2.5,timesfm25,timesfm-2.5-200m-pytorch,231.28928,200.0,96,controlled,shared_origin_v1:Hmax=720,720,720,8192,controlled,94320,104400,8192,8192,256,256,100,[],merged,2,323,465120,26184961.315769076,128,100,,float32,native_horizon,96,128,fixed_1024_median_feedback_sign_flip,67.60410482106768,67.60410482106768,4.550951207820025,0.7203996708224889,0.1422873807027244,0.10844404261916783,6.126705745033083,8.222171539263073,0.14604934413399256,0.08083794359117538,0.06496875054355171,0.7203996708224889,1.184716577264144,0.6080776488213762,-0.49745269329317415,0.06496875054355171,0.11731650359111231,0.5537903752228226,-0.590969047914498,Transport,1
loop_seattle/5T/short|H=192|L=128|Hsrc=controlled|Lsrc=controlled|origins=shared_origin_v1:Hmax=720,joint-scaling,release,standard_hl_shared_origin_v1,loop_seattle/5T/short,TimesFM-2.5,timesfm25,timesfm-2.5-200m-pytorch,231.28928,200.0,192,controlled,shared_origin_v1:Hmax=720,720,720,128,controlled,94320,104400,128,128,256,256,100,[],merged,2,323,930240,53017427.57837188,128,100,,float32,native_horizon,192,128,fixed_1024_median_feedback_sign_flip,165.5131067654584,165.5131067654584,7.569891909614723,1.1818415745252075,0.2922336598052821,0.15589171108774685,13.745365797458302,12.86518972908905,0.22573170069213144,0.13282078312061793,0.11026987838415894,1.1818415745252075,1.0971770242236139,1.077165806822745,0.07433333880644173,0.11026987838415894,0.10738030835162748,1.0269096827611006,0.0265539842954894,Transport,1
loop_seattle/5T/short|H=192|L=256|Hsrc=controlled|Lsrc=controlled|origins=shared_origin_v1:Hmax=720,joint-scaling,release,standard_hl_shared_origin_v1,loop_seattle/5T/short,TimesFM-2.5,timesfm25,timesfm-2.5-200m-pytorch,231.28928,200.0,192,controlled,shared_origin_v1:Hmax=720,720,720,256,controlled,94320,104400,256,256,256,256,100,[],merged,2,323,930240,53017427.57837188,128,100,,float32,native_horizon,192,128,fixed_1024_median_feedback_sign_flip,108.32558103285174,108.32558103285174,6.206498306216675,0.9807893565746961,0.2020342058851664,0.1348942708427815,9.159617725750126,10.407957582198907,0.18261728083567713,0.10889877627201731,0.08818851513535982,0.9807893565746961,1.0971770242236139,0.8939207939290598,-0.11213810512839166,0.08818851513535982,0.10738030835162748,0.8212726941198358,-0.19690007593365938,Transport,1
loop_seattle/5T/short|H=192|L=512|Hsrc=controlled|Lsrc=controlled|origins=shared_origin_v1:Hmax=720,joint-scaling,release,standard_hl_shared_origin_v1,loop_seattle/5T/short,TimesFM-2.5,timesfm25,timesfm-2.5-200m-pytorch,231.28928,200.0,192,controlled,shared_origin_v1:Hmax=720,720,720,512,controlled,94320,104400,512,512,256,256,100,[],merged,2,323,930240,53017427.57837188,128,100,,float32,native_horizon,192,128,fixed_1024_median_feedback_sign_flip,90.97731553147575,90.97731553147575,5.501416317966331,0.8714621901018678,0.17855552132694755,0.12134518526573955,7.792595914138165,9.538202950843296,0.16735662815545724,0.09652745803368075,0.07819109597601906,0.8714621901018678,1.0971770242236139,0.7942767400898987,-0.23032333930461954,0.07819109597601906,0.10738030835162748,0.7281697843516574,-0.3172210377138034,Transport,1
loop_seattle/5T/short|H=192|L=1024|Hsrc=controlled|Lsrc=controlled|origins=shared_origin_v1:Hmax=720,joint-scaling,release,standard_hl_shared_origin_v1,loop_seattle/5T/short,TimesFM-2.5,timesfm25,timesfm-2.5-200m-pytorch,231.28928,200.0,192,controlled,shared_origin_v1:Hmax=720,720,720,1024,controlled,94320,104400,1024,1024,256,256,100,[],merged,2,323,930240,53017427.57837188,128,100,,float32,native_horizon,192,128,fixed_1024_median_feedback_sign_flip,73.77956693299579,73.77956693299579,4.996528835972438,0.7909208442485135,0.15620344429029237,0.11249485599818326,6.285647858177998,8.5895032995509,0.15071081179038232,0.08766873831259044,0.07026075030267297,0.7909208442485135,1.0971770242236139,0.7208689452900148,-0.32729792619400266,0.07026075030267297,0.10738030835162748,0.6543168983329528,-0.4241634908574092,Transport,1
loop_seattle/5T/short|H=192|L=2048|Hsrc=controlled|Lsrc=controlled|origins=shared_origin_v1:Hmax=720,joint-scaling,release,standard_hl_shared_origin_v1,loop_seattle/5T/short,TimesFM-2.5,timesfm25,timesfm-2.5-200m-pytorch,231.28928,200.0,192,controlled,shared_origin_v1:Hmax=720,720,720,2048,controlled,94320,104400,2048,2048,256,256,100,[],merged,2,323,930240,53017427.57837188,128,100,,float32,native_horizon,192,128,fixed_1024_median_feedback_sign_flip,70.98602081183351,70.98602081183351,4.822321251605769,0.7633042671418946,0.1451298207485434,0.10931048253823442,6.285619170280546,8.425320220136058,0.14783006719806702,0.0846121044719218,0.06805615073862811,0.7633042671418946,1.0971770242236139,0.6956983698068461,-0.3628390892968477,0.06805615073862811,0.10738030835162748,0.6337861362417725,-0.45604370599142247,Transport,1
loop_seattle/5T/short|H=192|L=4096|Hsrc=controlled|Lsrc=controlled|origins=shared_origin_v1:Hmax=720,joint-scaling,release,standard_hl_shared_origin_v1,loop_seattle/5T/short,TimesFM-2.5,timesfm25,timesfm-2.5-200m-pytorch,231.28928,200.0,192,controlled,shared_origin_v1:Hmax=720,720,720,4096,controlled,94320,104400,4096,4096,256,256,100,[],merged,2,323,930240,53017427.57837188,128,100,,float32,native_horizon,192,128,fixed_1024_median_feedback_sign_flip,64.59259270457086,64.59259270457086,4.571982473944896,0.726912072604455,0.1390276398083005,0.1040765126546224,5.949470113355231,8.036951704755408,0.14101578094825515,0.08021967814782287,0.06429044266258305,0.726912072604455,1.0971770242236139,0.662529433770119,-0.41169029377641386,0.06429044266258305,0.10738030835162748,0.5987172475986715,-0.5129658330497646,Transport,1
loop_seattle/5T/short|H=192|L=6144|Hsrc=controlled|Lsrc=controlled|origins=shared_origin_v1:Hmax=720,joint-scaling-l6144,release,standard_hl_shared_origin_v1,loop_seattle/5T/short,TimesFM-2.5,timesfm25,timesfm-2.5-200m-pytorch,231.28928,200.0,192,controlled,shared_origin_v1:Hmax=720,720,720,6144,controlled,94320,104400,6144,6144,256,256,100,[],merged,6,323,930240,53017427.57837188,128,100,,float32,native_horizon,192,128,fixed_1024_median_feedback_sign_flip,63.59175238043408,63.59175238043408,4.536073881135513,0.7225064460955539,0.13802784164213502,0.10313229300043285,5.947624092345748,7.974443703508984,0.13991902002009585,0.07958962854148122,0.06382420201442547,0.7225064460955539,1.0971770242236139,0.6585140138227148,-0.4177694765936384,0.06382420201442547,0.10738030835162748,0.5943752909092679,-0.520244356245348,Transport,1
loop_seattle/5T/short|H=192|L=8192|Hsrc=controlled|Lsrc=controlled|origins=shared_origin_v1:Hmax=720,joint-scaling,release,standard_hl_shared_origin_v1,loop_seattle/5T/short,TimesFM-2.5,timesfm25,timesfm-2.5-200m-pytorch,231.28928,200.0,192,controlled,shared_origin_v1:Hmax=720,720,720,8192,controlled,94320,104400,8192,8192,256,256,100,[],merged,2,323,930240,53017427.57837188,128,100,,float32,native_horizon,192,128,fixed_1024_median_feedback_sign_flip,62.73507465143404,62.73507465143404,4.497866519997528,0.716482001197259,0.137384085824164,0.10228680747458317,5.835434373597114,7.920547623203464,0.13897336324206197,0.07891924491012792,0.06323805482386408,0.716482001197259,1.0971770242236139,0.6530231543120921,-0.4261426919697262,0.06323805482386408,0.10738030835162748,0.5889166812297165,-0.5294705633507425,Transport,1
loop_seattle/5T/short|H=336|L=128|Hsrc=controlled|Lsrc=controlled|origins=shared_origin_v1:Hmax=720,joint-scaling,release,standard_hl_shared_origin_v1,loop_seattle/5T/short,TimesFM-2.5,timesfm25,timesfm-2.5-200m-pytorch,231.28928,200.0,336,controlled,shared_origin_v1:Hmax=720,720,720,128,controlled,94320,104400,128,128,256,256,100,[],merged,2,323,1627920,92063261.14741683,128,100,,float32,native_horizon,336,128,fixed_1024_median_feedback_sign_flip,166.4937261198339,166.4937261198339,7.63686667649516,1.1930609058716746,0.29794575682178026,0.1594943186464553,13.30971852985439,12.903244790355405,0.22816322165125427,0.13503983940013656,0.11198202965679883,1.1930609058716746,1.1369492698328763,1.0493528053780679,0.04817359830134451,0.11198202965679883,0.11269141332273826,0.9937050779201091,-0.006314818644049766,Transport,1
loop_seattle/5T/short|H=336|L=256|Hsrc=controlled|Lsrc=controlled|origins=shared_origin_v1:Hmax=720,joint-scaling,release,standard_hl_shared_origin_v1,loop_seattle/5T/short,TimesFM-2.5,timesfm25,timesfm-2.5-200m-pytorch,231.28928,200.0,336,controlled,shared_origin_v1:Hmax=720,720,720,256,controlled,94320,104400,256,256,256,256,100,[],merged,2,323,1627920,92063261.14741683,128,100,,float32,native_horizon,336,128,fixed_1024_median_feedback_sign_flip,121.77128686452652,121.77128686452652,6.60690813469028,1.040514342430193,0.22900708818255236,0.14386958349506196,10.06646828811042,11.035002803104605,0.19512780168046545,0.11682747011756041,0.0952034341703181,1.040514342430193,1.1369492698328763,0.9151809760018066,-0.08863344528396301,0.0952034341703181,0.11269141332273826,0.8448153356428663,-0.16863721320855612,Transport,1
loop_seattle/5T/short|H=336|L=512|Hsrc=controlled|Lsrc=controlled|origins=shared_origin_v1:Hmax=720,joint-scaling,release,standard_hl_shared_origin_v1,loop_seattle/5T/short,TimesFM-2.5,timesfm25,timesfm-2.5-200m-pytorch,231.28928,200.0,336,controlled,shared_origin_v1:Hmax=720,720,720,512,controlled,94320,104400,512,512,256,256,100,[],merged,2,323,1627920,92063261.14741683,128,100,,float32,native_horizon,336,128,fixed_1024_median_feedback_sign_flip,103.94347123169443,103.94347123169443,5.968723758692073,0.9437829405461183,0.2036089919323335,0.13170887870550496,8.978565610780228,10.195267099575883,0.1802790712591139,0.1055426959695815,0.08633512697063815,0.9437829405461183,1.1369492698328763,0.8301011888462253,-0.18620767134987382,0.08633512697063815,0.11269141332273826,0.7661198349104201,-0.2664166790355867,Transport,1
loop_seattle/5T/short|H=336|L=1024|Hsrc=controlled|Lsrc=controlled|origins=shared_origin_v1:Hmax=720,joint-scaling,release,standard_hl_shared_origin_v1,loop_seattle/5T/short,TimesFM-2.5,timesfm25,timesfm-2.5-200m-pytorch,231.28928,200.0,336,controlled,shared_origin_v1:Hmax=720,720,720,1024,controlled,94320,104400,1024,1024,256,256,100,[],merged,2,323,1627920,92063261.14741683,128,100,,float32,native_horizon,336,128,fixed_1024_median_feedback_sign_flip,88.39669528447344,88.39669528447344,5.513868051332375,0.8727998900182621,0.18103989841979143,0.12334454511270997,7.747109549227599,9.401951674225593,0.166251173147094,0.09749965367566016,0.07939023860313568,0.8727998900182621,1.1369492698328763,0.7676682796467759,-0.26439756668529585,0.07939023860313568,0.11269141332273826,0.7044923500583762,-0.35027780638457784,Transport,1
loop_seattle/5T/short|H=336|L=2048|Hsrc=controlled|Lsrc=controlled|origins=shared_origin_v1:Hmax=720,joint-scaling,release,standard_hl_shared_origin_v1,loop_seattle/5T/short,TimesFM-2.5,timesfm25,timesfm-2.5-200m-pytorch,231.28928,200.0,336,controlled,shared_origin_v1:Hmax=720,720,720,2048,controlled,94320,104400,2048,2048,256,256,100,[],merged,2,323,1627920,92063261.14741683,128,100,,float32,native_horizon,336,128,fixed_1024_median_feedback_sign_flip,81.31150375171998,81.31150375171998,5.254586844332031,0.8331532031114474,0.16434909963591385,0.11818068444954394,6.884091139886083,9.017289157597197,0.15944933062853503,0.09291488166954875,0.07513120753921387,0.8331532031114474,1.1369492698328763,0.7327971662569563,-0.310886332637122,0.07513120753921387,0.11269141332273826,0.6666986003986367,-0.4054172086574063,Transport,1
loop_seattle/5T/short|H=336|L=4096|Hsrc=controlled|Lsrc=controlled|origins=shared_origin_v1:Hmax=720,joint-scaling,release,standard_hl_shared_origin_v1,loop_seattle/5T/short,TimesFM-2.5,timesfm25,timesfm-2.5-200m-pytorch,231.28928,200.0,336,controlled,shared_origin_v1:Hmax=720,720,720,4096,controlled,94320,104400,4096,4096,256,256,100,[],merged,2,323,1627920,92063261.14741683,128,100,,float32,native_horizon,336,128,fixed_1024_median_feedback_sign_flip,75.32501547219765,75.32501547219765,5.052826776269718,0.8037166086286417,0.15682328265564724,0.11398667148937083,6.536843826565687,8.678998529334917,0.15346746476046738,0.0893472343159093,0.07190877742902163,0.8037166086286417,1.1369492698328763,0.7069063061598012,-0.3468571449795487,0.07190877742902163,0.11269141332273826,0.6381034304990145,-0.44925489200723534,Transport,1
loop_seattle/5T/short|H=336|L=6144|Hsrc=controlled|Lsrc=controlled|origins=shared_origin_v1:Hmax=720,joint-scaling-l6144,release,standard_hl_shared_origin_v1,loop_seattle/5T/short,TimesFM-2.5,timesfm25,timesfm-2.5-200m-pytorch,231.28928,200.0,336,controlled,shared_origin_v1:Hmax=720,720,720,6144,controlled,94320,104400,6144,6144,256,256,100,[],merged,6,323,1627920,92063261.14741683,128,100,,float32,native_horizon,336,128,fixed_1024_median_feedback_sign_flip,75.29481396314009,75.29481396314009,5.039833186049913,0.8020993826594671,0.15654060063452807,0.11352730144170983,6.523668697943866,8.677258435885156,0.15343669534285792,0.08911747355002946,0.07175664287968715,0.8020993826594671,1.1369492698328763,0.7054838803646624,-0.3488713564766467,0.07175664287968715,0.11269141332273826,0.6367534203709245,-0.451372793529735,Transport,1
loop_seattle/5T/short|H=336|L=8192|Hsrc=controlled|Lsrc=controlled|origins=shared_origin_v1:Hmax=720,joint-scaling,release,standard_hl_shared_origin_v1,loop_seattle/5T/short,TimesFM-2.5,timesfm25,timesfm-2.5-200m-pytorch,231.28928,200.0,336,controlled,shared_origin_v1:Hmax=720,720,720,8192,controlled,94320,104400,8192,8192,256,256,100,[],merged,2,323,1627920,92063261.14741683,128,100,,float32,native_horizon,336,128,fixed_1024_median_feedback_sign_flip,73.69716578517372,73.69716578517372,4.979266568880841,0.7926239088868307,0.155432362260968,0.11226060940326651,6.4026902589260795,8.584705340614418,0.15180011379039823,0.0880464968521261,0.07083670683825136,0.7926239088868307,1.1369492698328763,0.6971497584965607,-0.36075502975648555,0.07083670683825136,0.11269141332273826,0.6285901006084756,-0.4642759030588139,Transport,1
loop_seattle/5T/short|H=720|L=128|Hsrc=controlled|Lsrc=controlled|origins=shared_origin_v1:Hmax=720,joint-scaling,release,standard_hl_shared_origin_v1,loop_seattle/5T/short,TimesFM-2.5,timesfm25,timesfm-2.5-200m-pytorch,231.28928,200.0,720,controlled,shared_origin_v1:Hmax=720,720,720,128,controlled,94320,104400,128,128,256,256,100,[],merged,2,323,3488400,197305397.9755218,128,100,,float32,native_horizon,720,128,fixed_1024_median_feedback_sign_flip,183.76969857241141,183.76969857241141,8.17582116801399,1.2773157618184614,0.32153074520195507,0.16931958349346227,15.00922788322848,13.556168285043212,0.23967584227681177,0.1445501991082795,0.12089070615953938,1.2773157618184614,1.2506857542723633,1.0212923249946115,0.02106881063645337,0.12089070615953938,0.12716656793492073,0.9506484929388587,-0.050610903123271475,Transport,1
loop_seattle/5T/short|H=720|L=256|Hsrc=controlled|Lsrc=controlled|origins=shared_origin_v1:Hmax=720,joint-scaling,release,standard_hl_shared_origin_v1,loop_seattle/5T/short,TimesFM-2.5,timesfm25,timesfm-2.5-200m-pytorch,231.28928,200.0,720,controlled,shared_origin_v1:Hmax=720,720,720,256,controlled,94320,104400,256,256,256,256,100,[],merged,2,323,3488400,197305397.9755218,128,100,,float32,native_horizon,720,128,fixed_1024_median_feedback_sign_flip,149.75121947024425,149.75121947024425,7.45629308923862,1.1718660720222813,0.2618496295030942,0.16054690789361706,11.834610775634841,12.237288076622379,0.2163577690448467,0.1318287947485701,0.10831191269707502,1.1718660720222813,1.2506857542723633,0.9369788278303861,-0.06509459269762893,0.10831191269707502,0.12716656793492073,0.851732609096639,-0.16048264049906627,Transport,1
loop_seattle/5T/short|H=720|L=512|Hsrc=controlled|Lsrc=controlled|origins=shared_origin_v1:Hmax=720,joint-scaling,release,standard_hl_shared_origin_v1,loop_seattle/5T/short,TimesFM-2.5,timesfm25,timesfm-2.5-200m-pytorch,231.28928,200.0,720,controlled,shared_origin_v1:Hmax=720,720,720,512,controlled,94320,104400,512,512,256,256,100,[],merged,2,323,3488400,197305397.9755218,128,100,,float32,native_horizon,720,128,fixed_1024_median_feedback_sign_flip,130.90752723311547,130.90752723311547,6.844280499297672,1.0792327148808916,0.23789918489896872,0.14923174647805942,10.462594453841856,11.441482737526439,0.20228776704091425,0.12100828633544057,0.09958959665784876,1.0792327148808916,1.2506857542723633,0.8629127750070029,-0.1474416648411067,0.09958959665784876,0.12716656793492073,0.7831429146441629,-0.24444007775094595,Transport,1
loop_seattle/5T/short|H=720|L=1024|Hsrc=controlled|Lsrc=controlled|origins=shared_origin_v1:Hmax=720,joint-scaling,release,standard_hl_shared_origin_v1,loop_seattle/5T/short,TimesFM-2.5,timesfm25,timesfm-2.5-200m-pytorch,231.28928,200.0,720,controlled,shared_origin_v1:Hmax=720,720,720,1024,controlled,94320,104400,1024,1024,256,256,100,[],merged,2,323,3488400,197305397.9755218,128,100,,float32,native_horizon,720,128,fixed_1024_median_feedback_sign_flip,110.67477385764248,110.67477385764248,6.280241595358904,0.9919054106804749,0.20769875667166537,0.13923141292278515,8.673958421280757,10.520207880913878,0.1859994381721523,0.11103596255368522,0.09037755073611176,0.9919054106804749,1.2506857542723633,0.7930892370782265,-0.2318195326844459,0.09037755073611176,0.12716656793492073,0.7107021303143427,-0.3415018816663132,Transport,1
loop_seattle/5T/short|H=720|L=2048|Hsrc=controlled|Lsrc=controlled|origins=shared_origin_v1:Hmax=720,joint-scaling,release,standard_hl_shared_origin_v1,loop_seattle/5T/short,TimesFM-2.5,timesfm25,timesfm-2.5-200m-pytorch,231.28928,200.0,720,controlled,shared_origin_v1:Hmax=720,720,720,2048,controlled,94320,104400,2048,2048,256,256,100,[],merged,2,323,3488400,197305397.9755218,128,100,,float32,native_horizon,720,128,fixed_1024_median_feedback_sign_flip,95.31329105033826,95.31329105033826,5.7019474409829725,0.9036979755369132,0.18422875861784774,0.12775726069907586,7.317263789851694,9.76285260824613,0.17260924124757582,0.10081160301348008,0.08169389790569384,0.9036979755369132,1.2506857542723633,0.7225619804574138,-0.3249520765747402,0.08169389790569384,0.12716656793492073,0.6424164718159401,-0.44251847561987423,Transport,1
loop_seattle/5T/short|H=720|L=4096|Hsrc=controlled|Lsrc=controlled|origins=shared_origin_v1:Hmax=720,joint-scaling,release,standard_hl_shared_origin_v1,loop_seattle/5T/short,TimesFM-2.5,timesfm25,timesfm-2.5-200m-pytorch,231.28928,200.0,720,controlled,shared_origin_v1:Hmax=720,720,720,4096,controlled,94320,104400,4096,4096,256,256,100,[],merged,2,323,3488400,197305397.9755218,128,100,,float32,native_horizon,720,128,fixed_1024_median_feedback_sign_flip,87.72131797528954,87.72131797528954,5.4671806424506935,0.8689279232363154,0.1742440626881235,0.12316957463038213,6.979949911049845,9.365965939255252,0.1655922033443374,0.09666087774998981,0.07808076793380124,0.8689279232363154,1.2506857542723633,0.6947611902254769,-0.36418710365155954,0.07808076793380124,0.12716656793492073,0.6140038942763648,-0.4877540083854584,Transport,1
loop_seattle/5T/short|H=720|L=6144|Hsrc=controlled|Lsrc=controlled|origins=shared_origin_v1:Hmax=720,joint-scaling-l6144,release,standard_hl_shared_origin_v1,loop_seattle/5T/short,TimesFM-2.5,timesfm25,timesfm-2.5-200m-pytorch,231.28928,200.0,720,controlled,shared_origin_v1:Hmax=720,720,720,6144,controlled,94320,104400,6144,6144,256,256,100,[],merged,6,323,3488400,197305397.9755218,128,100,,float32,native_horizon,720,128,fixed_1024_median_feedback_sign_flip,87.8264283589898,87.8264283589898,5.445803820340271,0.8661109987331433,0.17366835891728882,0.12261351440275717,7.0109037695577054,9.371575553715063,0.1656913824812611,0.09628293114024095,0.07783668209118777,0.8661109987331433,1.2506857542723633,0.6925088862446013,-0.3674342088808066,0.07783668209118777,0.12716656793492073,0.6120844759372744,-0.49088497341818477,Transport,1
loop_seattle/5T/short|H=720|L=8192|Hsrc=controlled|Lsrc=controlled|origins=shared_origin_v1:Hmax=720,joint-scaling,release,standard_hl_shared_origin_v1,loop_seattle/5T/short,TimesFM-2.5,timesfm25,timesfm-2.5-200m-pytorch,231.28928,200.0,720,controlled,shared_origin_v1:Hmax=720,720,720,8192,controlled,94320,104400,8192,8192,256,256,100,[],merged,2,323,3488400,197305397.9755218,128,100,,float32,native_horizon,720,128,fixed_1024_median_feedback_sign_flip,86.0462457717005,86.0462457717005,5.372761536449375,0.854618726214013,0.17223742593197275,0.12107729031396916,6.884052491491862,9.276111565289655,0.1640035595395669,0.09499152854436968,0.07678139689821446,0.854618726214013,1.2506857542723633,0.6833201092237768,-0.38079184806050065,0.07678139689821446,0.12716656793492073,0.6037860276099329,-0.5045354027357905,Transport,1
loop_seattle/H/short|H=48|L=128|Hsrc=controlled|Lsrc=controlled|origins=shared_origin_v1:Hmax=720,joint-scaling,release,standard_hl_shared_origin_v1,loop_seattle/H/short,TimesFM-2.5,timesfm25,timesfm-2.5-200m-pytorch,231.28928,200.0,48,controlled,shared_origin_v1:Hmax=720,720,720,128,controlled,7320,8040,128,128,256,256,100,[],merged,2,323,31008,1656976.6854760647,128,100,,float32,native_horizon,48,128,fixed_1024_median_feedback_sign_flip,86.60446346507354,86.60446346507354,5.452426150610326,1.13856303906048,0.21730641462485487,0.13430828944817416,9.139053186941204,9.306151915000825,0.17415161064709742,0.10203452562734759,0.08126763091480901,1.13856303906048,1.344619756005659,0.8467546560841162,-0.16634428852864352,0.08126763091480901,0.1135796516928088,0.7155122392398955,-0.3347565742760363,Transport,1
loop_seattle/H/short|H=48|L=256|Hsrc=controlled|Lsrc=controlled|origins=shared_origin_v1:Hmax=720,joint-scaling,release,standard_hl_shared_origin_v1,loop_seattle/H/short,TimesFM-2.5,timesfm25,timesfm-2.5-200m-pytorch,231.28928,200.0,48,controlled,shared_origin_v1:Hmax=720,720,720,256,controlled,7320,8040,256,256,256,256,100,[],merged,2,323,31008,1656976.6854760647,128,100,,float32,native_horizon,48,128,fixed_1024_median_feedback_sign_flip,82.03284434662022,82.03284434662022,5.025198890205753,1.0410219548778314,0.2031813012311087,0.12437370662472688,8.944858812664258,9.057198482236117,0.16949279552264068,0.09403956528376323,0.07594704316567848,1.0410219548778314,1.344619756005659,0.7742128956741657,-0.2559083842036542,0.07594704316567848,0.1135796516928088,0.668667688567027,-0.4024680708637905,Transport,1
loop_seattle/H/short|H=48|L=512|Hsrc=controlled|Lsrc=controlled|origins=shared_origin_v1:Hmax=720,joint-scaling,release,standard_hl_shared_origin_v1,loop_seattle/H/short,TimesFM-2.5,timesfm25,timesfm-2.5-200m-pytorch,231.28928,200.0,48,controlled,shared_origin_v1:Hmax=720,720,720,512,controlled,7320,8040,512,512,256,256,100,[],merged,2,323,31008,1656976.6854760647,128,100,,float32,native_horizon,48,128,fixed_1024_median_feedback_sign_flip,46.529542779282764,46.529542779282764,3.775990174158685,0.7909090589898206,0.14058004739483812,0.09812655020793525,6.774138000965558,6.821256686218659,0.12765027364612458,0.07066237222684436,0.05738092793083169,0.7909090589898206,1.344619756005659,0.5882027654712608,-0.5306835512900564,0.05738092793083169,0.1135796516928088,0.5052042956252939,-0.682792385720703,Transport,1
loop_seattle/H/short|H=48|L=1024|Hsrc=controlled|Lsrc=controlled|origins=shared_origin_v1:Hmax=720,joint-scaling,release,standard_hl_shared_origin_v1,loop_seattle/H/short,TimesFM-2.5,timesfm25,timesfm-2.5-200m-pytorch,231.28928,200.0,48,controlled,shared_origin_v1:Hmax=720,720,720,1024,controlled,7320,8040,1024,1024,256,256,100,[],merged,2,323,31008,1656976.6854760647,128,100,,float32,native_horizon,48,128,fixed_1024_median_feedback_sign_flip,42.84286010868163,42.84286010868163,3.6066203240393606,0.7592810362855902,0.13012112773977935,0.0932484972218611,6.716553630225059,6.545445753245659,0.12248885798796183,0.06749285248734899,0.05498882787853311,0.7592810362855902,1.344619756005659,0.5646808570930998,-0.5714945621286917,0.05498882787853311,0.1135796516928088,0.484143304359285,-0.7253743327025888,Transport,1
loop_seattle/H/short|H=48|L=2048|Hsrc=controlled|Lsrc=controlled|origins=shared_origin_v1:Hmax=720,joint-scaling,release,standard_hl_shared_origin_v1,loop_seattle/H/short,TimesFM-2.5,timesfm25,timesfm-2.5-200m-pytorch,231.28928,200.0,48,controlled,shared_origin_v1:Hmax=720,720,720,2048,controlled,7320,8040,2048,2048,256,256,100,[],merged,2,323,31008,1656976.6854760647,128,100,,float32,native_horizon,48,128,fixed_1024_median_feedback_sign_flip,41.41799243340428,41.41799243340428,3.5407265425958623,0.7477853770284503,0.1251020077212307,0.09137162679981276,6.724571974445985,6.435681194201922,0.12043476786306045,0.0662597425752364,0.054081255402594945,0.7477853770284503,1.344619756005659,0.5561314815497201,-0.5867505350805665,0.054081255402594945,0.1135796516928088,0.4761526787286235,-0.7420167225496038,Transport,1
loop_seattle/H/short|H=48|L=4096|Hsrc=controlled|Lsrc=controlled|origins=shared_origin_v1:Hmax=720,joint-scaling,release,standard_hl_shared_origin_v1,loop_seattle/H/short,TimesFM-2.5,timesfm25,timesfm-2.5-200m-pytorch,231.28928,200.0,48,controlled,shared_origin_v1:Hmax=720,720,720,4096,controlled,7320,8040,4096,4096,256,256,100,[],merged,2,323,31008,1656976.6854760647,128,100,,float32,native_horizon,48,128,fixed_1024_median_feedback_sign_flip,39.98849616429631,39.98849616429631,3.488528288062758,0.7359938492363336,0.12173731383647465,0.09017996497690615,6.665643743435859,6.323645796871952,0.11833818217730015,0.06528292528459512,0.05329983680937743,0.7359938492363336,1.344619756005659,0.5473620671933933,-0.6026447810985569,0.05329983680937743,0.1135796516928088,0.46927276158174785,-0.7565710983909038,Transport,1
loop_seattle/H/short|H=48|L=6144|Hsrc=controlled|Lsrc=controlled|origins=shared_origin_v1:Hmax=720,joint-scaling-l6144,release,standard_hl_shared_origin_v1,loop_seattle/H/short,TimesFM-2.5,timesfm25,timesfm-2.5-200m-pytorch,231.28928,200.0,48,controlled,shared_origin_v1:Hmax=720,720,720,6144,controlled,7320,8040,6144,6144,256,256,100,[],merged,6,323,31008,1656976.6854760647,128,100,,float32,native_horizon,48,128,fixed_1024_median_feedback_sign_flip,40.40237196852425,40.40237196852425,3.5212714133247873,0.743141453652863,0.12350915213979557,0.09112192356672573,6.73758000382877,6.356286020037507,0.11894899827917349,0.06589566705520929,0.053760467464704594,0.743141453652863,1.344619756005659,0.5526777740202528,-0.5929801344122358,0.053760467464704594,0.1135796516928088,0.4733283353439654,-0.7479659762431559,Transport,1
loop_seattle/H/short|H=48|L=8192|Hsrc=controlled|Lsrc=controlled|origins=shared_origin_v1:Hmax=720,joint-scaling,release,standard_hl_shared_origin_v1,loop_seattle/H/short,TimesFM-2.5,timesfm25,timesfm-2.5-200m-pytorch,231.28928,200.0,48,controlled,shared_origin_v1:Hmax=720,720,720,8192,controlled,7320,8040,7320,8040,256,256,100,[],merged,2,323,31008,1656976.6854760647,128,100,,float32,native_horizon,48,128,fixed_1024_median_feedback_sign_flip,40.30230353860294,40.30230353860294,3.497587379164248,0.7391004263786525,0.12375232039098277,0.09065108993105106,6.764523868160923,6.348409528267922,0.1188016007575716,0.06545245349783868,0.053489649900629925,0.7391004263786525,1.344619756005659,0.549672443140529,-0.5984327360969973,0.053489649900629925,0.1135796516928088,0.47094395081699814,-0.7530161924353663,Transport,1
loop_seattle/H/short|H=96|L=128|Hsrc=controlled|Lsrc=controlled|origins=shared_origin_v1:Hmax=720,joint-scaling,release,standard_hl_shared_origin_v1,loop_seattle/H/short,TimesFM-2.5,timesfm25,timesfm-2.5-200m-pytorch,231.28928,200.0,96,controlled,shared_origin_v1:Hmax=720,720,720,128,controlled,7320,8040,128,128,256,256,100,[],merged,2,323,62016,3347817.30120945,128,100,,float32,native_horizon,96,128,fixed_1024_median_feedback_sign_flip,82.89575875580495,82.89575875580495,5.209552902678341,1.084074712244816,0.2011996781985949,0.12491056621382234,9.010862022723803,9.10471080022891,0.16865847033618356,0.09650336435497361,0.07718986643821778,1.084074712244816,1.493892268216058,0.7256712785182103,-0.32065815110533347,0.07718986643821778,0.1278238151544749,0.6038770345333061,-0.5043846869833621,Transport,1
loop_seattle/H/short|H=96|L=256|Hsrc=controlled|Lsrc=controlled|origins=shared_origin_v1:Hmax=720,joint-scaling,release,standard_hl_shared_origin_v1,loop_seattle/H/short,TimesFM-2.5,timesfm25,timesfm-2.5-200m-pytorch,231.28928,200.0,96,controlled,shared_origin_v1:Hmax=720,720,720,256,controlled,7320,8040,256,256,256,256,100,[],merged,2,323,62016,3347817.30120945,128,100,,float32,native_horizon,96,128,fixed_1024_median_feedback_sign_flip,80.07599702093009,80.07599702093009,4.923792190473023,1.0160558524497232,0.1900700292597122,0.11812904326416268,8.742872609574023,8.948519264153711,0.16576513015966313,0.09120984480666292,0.07347218244567867,1.0160558524497232,1.493892268216058,0.6801399766685007,-0.385456653953873,0.07347218244567867,0.1278238151544749,0.5747925952365577,-0.5537460071905206,Transport,1
loop_seattle/H/short|H=96|L=512|Hsrc=controlled|Lsrc=controlled|origins=shared_origin_v1:Hmax=720,joint-scaling,release,standard_hl_shared_origin_v1,loop_seattle/H/short,TimesFM-2.5,timesfm25,timesfm-2.5-200m-pytorch,231.28928,200.0,96,controlled,shared_origin_v1:Hmax=720,720,720,512,controlled,7320,8040,512,512,256,256,100,[],merged,2,323,62016,3347817.30120945,128,100,,float32,native_horizon,96,128,fixed_1024_median_feedback_sign_flip,48.63696263867389,48.63696263867389,3.796543180388932,0.7940161776264675,0.13729618848046773,0.09500957888592385,7.176376878637129,6.974020550491223,0.1291889071434741,0.07032833655227883,0.05724618441043108,0.7940161776264675,1.493892268216058,0.5315083252788018,-0.6320364175809435,0.05724618441043108,0.1278238151544749,0.44785225930902733,-0.8032918792840466,Transport,1
loop_seattle/H/short|H=96|L=1024|Hsrc=controlled|Lsrc=controlled|origins=shared_origin_v1:Hmax=720,joint-scaling,release,standard_hl_shared_origin_v1,loop_seattle/H/short,TimesFM-2.5,timesfm25,timesfm-2.5-200m-pytorch,231.28928,200.0,96,controlled,shared_origin_v1:Hmax=720,720,720,1024,controlled,7320,8040,1024,1024,256,256,100,[],merged,2,323,62016,3347817.30120945,128,100,,float32,native_horizon,96,128,fixed_1024_median_feedback_sign_flip,45.34595658781605,45.34595658781605,3.6302886427494516,0.7631137207668627,0.12856114980975172,0.09053466489809585,7.250375535281219,6.733940643324386,0.12474159291354892,0.06724858623181623,0.05498916924119511,0.7631137207668627,1.493892268216058,0.510822458220592,-0.6717331890310768,0.05498916924119511,0.1278238151544749,0.43019502410204835,-0.8435166286913448,Transport,1
loop_seattle/H/short|H=96|L=2048|Hsrc=controlled|Lsrc=controlled|origins=shared_origin_v1:Hmax=720,joint-scaling,release,standard_hl_shared_origin_v1,loop_seattle/H/short,TimesFM-2.5,timesfm25,timesfm-2.5-200m-pytorch,231.28928,200.0,96,controlled,shared_origin_v1:Hmax=720,720,720,2048,controlled,7320,8040,2048,2048,256,256,100,[],merged,2,323,62016,3347817.30120945,128,100,,float32,native_horizon,96,128,fixed_1024_median_feedback_sign_flip,44.8425481932082,44.8425481932082,3.601298581212913,0.758730694082421,0.1259595420215398,0.08959066363434058,7.305471420029253,6.6964578840763425,0.12404725072328456,0.06671156539271594,0.05463618703109757,0.758730694082421,1.493892268216058,0.5078884938526823,-0.677493355787365,0.05463618703109757,0.1278238151544749,0.4274335495703192,-0.8499564422889015,Transport,1
loop_seattle/H/short|H=96|L=4096|Hsrc=controlled|Lsrc=controlled|origins=shared_origin_v1:Hmax=720,joint-scaling,release,standard_hl_shared_origin_v1,loop_seattle/H/short,TimesFM-2.5,timesfm25,timesfm-2.5-200m-pytorch,231.28928,200.0,96,controlled,shared_origin_v1:Hmax=720,720,720,4096,controlled,7320,8040,4096,4096,256,256,100,[],merged,2,323,62016,3347817.30120945,128,100,,float32,native_horizon,96,128,fixed_1024_median_feedback_sign_flip,43.992976610874614,43.992976610874614,3.57609729747162,0.7526169992011471,0.12382611942980189,0.0889124078032156,7.2934966387947,6.632720151708092,0.12286655331511913,0.06624472904177905,0.05431147979295859,0.7526169992011471,1.493892268216058,0.5037960334983793,-0.6855837882617917,0.05431147979295859,0.1278238151544749,0.4248932777301572,-0.855917252814582,Transport,1
loop_seattle/H/short|H=96|L=6144|Hsrc=controlled|Lsrc=controlled|origins=shared_origin_v1:Hmax=720,joint-scaling-l6144,release,standard_hl_shared_origin_v1,loop_seattle/H/short,TimesFM-2.5,timesfm25,timesfm-2.5-200m-pytorch,231.28928,200.0,96,controlled,shared_origin_v1:Hmax=720,720,720,6144,controlled,7320,8040,6144,6144,256,256,100,[],merged,6,323,62016,3347817.30120945,128,100,,float32,native_horizon,96,128,fixed_1024_median_feedback_sign_flip,44.55617905056759,44.55617905056759,3.614635802151864,0.7607220903682771,0.12586363919379173,0.08985885820890728,7.388145732176848,6.675041501786157,0.12365052705391696,0.06695862818597266,0.054892988817638426,0.7607220903682771,1.493892268216058,0.5092215192175128,-0.6748721523561999,0.054892988817638426,0.1278238151544749,0.42944257884417175,-0.8452672395242403,Transport,1
loop_seattle/H/short|H=96|L=8192|Hsrc=controlled|Lsrc=controlled|origins=shared_origin_v1:Hmax=720,joint-scaling,release,standard_hl_shared_origin_v1,loop_seattle/H/short,TimesFM-2.5,timesfm25,timesfm-2.5-200m-pytorch,231.28928,200.0,96,controlled,shared_origin_v1:Hmax=720,720,720,8192,controlled,7320,8040,7320,8040,256,256,100,[],merged,2,323,62016,3347817.30120945,128,100,,float32,native_horizon,96,128,fixed_1024_median_feedback_sign_flip,44.573704013883514,44.573704013883514,3.597696656659169,0.7577927599914404,0.12599719690218553,0.08939584883620004,7.442493252123949,6.676354095903206,0.12367484195208464,0.06664484223161503,0.054735225319221655,0.7577927599914404,1.493892268216058,0.5072606479825778,-0.6787303089093912,0.054735225319221655,0.1278238151544749,0.42820835266944746,-0.8481453965491539,Transport,1
loop_seattle/H/short|H=192|L=128|Hsrc=controlled|Lsrc=controlled|origins=shared_origin_v1:Hmax=720,joint-scaling,release,standard_hl_shared_origin_v1,loop_seattle/H/short,TimesFM-2.5,timesfm25,timesfm-2.5-200m-pytorch,231.28928,200.0,192,controlled,shared_origin_v1:Hmax=720,720,720,128,controlled,7320,8040,128,128,256,256,100,[],merged,2,323,124032,6757989.810523033,128,100,,float32,native_horizon,192,128,fixed_1024_median_feedback_sign_flip,88.28428349135707,88.28428349135707,5.465264508352683,1.1422975898177656,0.2045461745208016,0.1285330011625654,9.063925813842305,9.395971662971162,0.1724479009256516,0.10030611269115491,0.07979718426226431,1.1422975898177656,1.4321323015188605,0.7976201560472395,-0.22612278978214725,0.07979718426226431,0.135466303338544,0.5890555975595132,-0.5292347066452121,Transport,1
loop_seattle/H/short|H=192|L=256|Hsrc=controlled|Lsrc=controlled|origins=shared_origin_v1:Hmax=720,joint-scaling,release,standard_hl_shared_origin_v1,loop_seattle/H/short,TimesFM-2.5,timesfm25,timesfm-2.5-200m-pytorch,231.28928,200.0,192,controlled,shared_origin_v1:Hmax=720,720,720,256,controlled,7320,8040,256,256,256,256,100,[],merged,2,323,124032,6757989.810523033,128,100,,float32,native_horizon,192,128,fixed_1024_median_feedback_sign_flip,73.32298670907508,73.32298670907508,4.848869709530605,1.00770866604597,0.18032094740892218,0.1161650489358341,8.314349800701912,8.562884251762082,0.157157925550698,0.08899318061652324,0.07096529789972494,1.00770866604597,1.4321323015188605,0.7036421599996283,-0.3514853475050947,0.07096529789972494,0.135466303338544,0.5238594111657087,-0.6465319299618745,Transport,1
loop_seattle/H/short|H=192|L=512|Hsrc=controlled|Lsrc=controlled|origins=shared_origin_v1:Hmax=720,joint-scaling,release,standard_hl_shared_origin_v1,loop_seattle/H/short,TimesFM-2.5,timesfm25,timesfm-2.5-200m-pytorch,231.28928,200.0,192,controlled,shared_origin_v1:Hmax=720,720,720,512,controlled,7320,8040,512,512,256,256,100,[],merged,2,323,124032,6757989.810523033,128,100,,float32,native_horizon,192,128,fixed_1024_median_feedback_sign_flip,50.90492776057791,50.90492776057791,3.9995264578898992,0.8403877721968153,0.14082361424055384,0.09838590336534876,7.145861298498625,7.134768935331957,0.130947172960979,0.07340485551673344,0.058996188306593526,0.8403877721968153,1.4321323015188605,0.5868087545442098,-0.533056313696771,0.058996188306593526,0.135466303338544,0.4355045266065619,-0.831250088698679,Transport,1
loop_seattle/H/short|H=192|L=1024|Hsrc=controlled|Lsrc=controlled|origins=shared_origin_v1:Hmax=720,joint-scaling,release,standard_hl_shared_origin_v1,loop_seattle/H/short,TimesFM-2.5,timesfm25,timesfm-2.5-200m-pytorch,231.28928,200.0,192,controlled,shared_origin_v1:Hmax=720,720,720,1024,controlled,7320,8040,1024,1024,256,256,100,[],merged,2,323,124032,6757989.810523033,128,100,,float32,native_horizon,192,128,fixed_1024_median_feedback_sign_flip,48.07747748564886,48.07747748564886,3.845434545117389,0.8113210783799428,0.13304726725638344,0.09436647860012311,7.156591070056128,6.933792431681876,0.12725857348101063,0.07057674706128124,0.057120133779565915,0.8113210783799428,1.4321323015188605,0.5665126591443327,-0.5682558525248569,0.057120133779565915,0.135466303338544,0.4216556617538822,-0.8635662654365948,Transport,1
loop_seattle/H/short|H=192|L=2048|Hsrc=controlled|Lsrc=controlled|origins=shared_origin_v1:Hmax=720,joint-scaling,release,standard_hl_shared_origin_v1,loop_seattle/H/short,TimesFM-2.5,timesfm25,timesfm-2.5-200m-pytorch,231.28928,200.0,192,controlled,shared_origin_v1:Hmax=720,720,720,2048,controlled,7320,8040,2048,2048,256,256,100,[],merged,2,323,124032,6757989.810523033,128,100,,float32,native_horizon,192,128,fixed_1024_median_feedback_sign_flip,47.560138714202786,47.560138714202786,3.7970002826891447,0.8020293573106713,0.1305467627242869,0.09308467880737178,7.228044861232159,6.896385916855493,0.12657203725100308,0.069687814315608,0.05666199673918519,0.8020293573106713,1.4321323015188605,0.5600246265376962,-0.5797745202596845,0.05666199673918519,0.135466303338544,0.41827373555459857,-0.871619191043162,Transport,1
loop_seattle/H/short|H=192|L=4096|Hsrc=controlled|Lsrc=controlled|origins=shared_origin_v1:Hmax=720,joint-scaling,release,standard_hl_shared_origin_v1,loop_seattle/H/short,TimesFM-2.5,timesfm25,timesfm-2.5-200m-pytorch,231.28928,200.0,192,controlled,shared_origin_v1:Hmax=720,720,720,4096,controlled,7320,8040,4096,4096,256,256,100,[],merged,2,323,124032,6757989.810523033,128,100,,float32,native_horizon,192,128,fixed_1024_median_feedback_sign_flip,46.79180826319014,46.79180826319014,3.770548849036942,0.7968919025158469,0.1285327531481921,0.09229640350499266,7.28928323725389,6.840453805354594,0.12554549358222197,0.0692023409262221,0.05636787377834958,0.7968919025158469,1.4321323015188605,0.5564373498668357,-0.5862006934596538,0.05636787377834958,0.135466303338544,0.41610254645747996,-0.8768235431910592,Transport,1
loop_seattle/H/short|H=192|L=6144|Hsrc=controlled|Lsrc=controlled|origins=shared_origin_v1:Hmax=720,joint-scaling-l6144,release,standard_hl_shared_origin_v1,loop_seattle/H/short,TimesFM-2.5,timesfm25,timesfm-2.5-200m-pytorch,231.28928,200.0,192,controlled,shared_origin_v1:Hmax=720,720,720,6144,controlled,7320,8040,6144,6144,256,256,100,[],merged,6,323,124032,6757989.810523033,128,100,,float32,native_horizon,192,128,fixed_1024_median_feedback_sign_flip,47.330026726973685,47.330026726973685,3.8007491262335527,0.8031630549309715,0.13001793506098727,0.09297184801446148,7.361580012791173,6.879682167584029,0.12626546688204332,0.06975661829068591,0.056852242255502956,0.8031630549309715,1.4321323015188605,0.5608162416832368,-0.5783619820491166,0.056852242255502956,0.135466303338544,0.41967811075071154,-0.8682672645161202,Transport,1
loop_seattle/H/short|H=192|L=8192|Hsrc=controlled|Lsrc=controlled|origins=shared_origin_v1:Hmax=720,joint-scaling,release,standard_hl_shared_origin_v1,loop_seattle/H/short,TimesFM-2.5,timesfm25,timesfm-2.5-200m-pytorch,231.28928,200.0,192,controlled,shared_origin_v1:Hmax=720,720,720,8192,controlled,7320,8040,7320,8040,256,256,100,[],merged,2,323,124032,6757989.810523033,128,100,,float32,native_horizon,192,128,fixed_1024_median_feedback_sign_flip,47.5269333216428,47.5269333216428,3.7912428219128933,0.8014875715911546,0.13035502300912014,0.09269974573723919,7.4155726302085805,6.8939780476618,0.12652784469667763,0.06958214541183308,0.05680635190159565,0.8014875715911546,1.4321323015188605,0.5596463195063263,-0.5804502670888797,0.05680635190159565,0.135466303338544,0.41933935230838054,-0.8690747768162908,Transport,1
loop_seattle/H/short|H=336|L=128|Hsrc=controlled|Lsrc=controlled|origins=shared_origin_v1:Hmax=720,joint-scaling,release,standard_hl_shared_origin_v1,loop_seattle/H/short,TimesFM-2.5,timesfm25,timesfm-2.5-200m-pytorch,231.28928,200.0,336,controlled,shared_origin_v1:Hmax=720,720,720,128,controlled,7320,8040,128,128,256,256,100,[],merged,2,323,217056,11889516.385464072,128,100,,float32,native_horizon,336,128,fixed_1024_median_feedback_sign_flip,85.71538162962554,85.71538162962554,5.370159731244471,1.123086912530268,0.19447105977979184,0.12457122307830411,9.039039164847505,9.258260183729206,0.16901956793603337,0.09803808269696104,0.07824846639962071,1.123086912530268,1.4759900186073378,0.7609041378138522,-0.2732478977623338,0.07824846639962071,0.15223418257634255,0.5140006342555857,-0.6655307795674498,Transport,1
loop_seattle/H/short|H=336|L=256|Hsrc=controlled|Lsrc=controlled|origins=shared_origin_v1:Hmax=720,joint-scaling,release,standard_hl_shared_origin_v1,loop_seattle/H/short,TimesFM-2.5,timesfm25,timesfm-2.5-200m-pytorch,231.28928,200.0,336,controlled,shared_origin_v1:Hmax=720,720,720,256,controlled,7320,8040,256,256,256,256,100,[],merged,2,323,217056,11889516.385464072,128,100,,float32,native_horizon,336,128,fixed_1024_median_feedback_sign_flip,71.28122754035824,71.28122754035824,4.7903650872355525,0.9964666145320951,0.17242408020208494,0.1132406881209515,8.302319589037573,8.442821065281334,0.15413284356848772,0.08745330345363879,0.07006754714917733,0.9964666145320951,1.4759900186073378,0.6751174479298346,-0.39286860631222953,0.07006754714917733,0.15223418257634255,0.4602615914729912,-0.7759602740193526,Transport,1
loop_seattle/H/short|H=336|L=512|Hsrc=controlled|Lsrc=controlled|origins=shared_origin_v1:Hmax=720,joint-scaling,release,standard_hl_shared_origin_v1,loop_seattle/H/short,TimesFM-2.5,timesfm25,timesfm-2.5-200m-pytorch,231.28928,200.0,336,controlled,shared_origin_v1:Hmax=720,720,720,512,controlled,7320,8040,512,512,256,256,100,[],merged,2,323,217056,11889516.385464072,128,100,,float32,native_horizon,336,128,fixed_1024_median_feedback_sign_flip,49.75501051571945,49.75501051571945,3.9854272198188485,0.8385902849283827,0.13453107876322817,0.09618451752424345,7.291552521629582,7.053723166932443,0.12877335680310165,0.07275829079832122,0.059048139562293364,0.8385902849283827,1.4759900186073378,0.5681544416673155,-0.565361992876407,0.059048139562293364,0.15223418257634255,0.38787701003144837,-0.9470669740640852,Transport,1
loop_seattle/H/short|H=336|L=1024|Hsrc=controlled|Lsrc=controlled|origins=shared_origin_v1:Hmax=720,joint-scaling,release,standard_hl_shared_origin_v1,loop_seattle/H/short,TimesFM-2.5,timesfm25,timesfm-2.5-200m-pytorch,231.28928,200.0,336,controlled,shared_origin_v1:Hmax=720,720,720,1024,controlled,7320,8040,1024,1024,256,256,100,[],merged,2,323,217056,11889516.385464072,128,100,,float32,native_horizon,336,128,fixed_1024_median_feedback_sign_flip,47.31682578459015,47.31682578459015,3.840478522823603,0.8109741473288545,0.12783324983853533,0.09262164089332793,7.217472161918013,6.878722685542001,0.12557853345981382,0.07011209533039917,0.057085058016002284,0.8109741473288545,1.4759900186073378,0.5494441948151144,-0.5988480665920759,0.057085058016002284,0.15223418257634255,0.37498186708083914,-0.9808776086319361,Transport,1
loop_seattle/H/short|H=336|L=2048|Hsrc=controlled|Lsrc=controlled|origins=shared_origin_v1:Hmax=720,joint-scaling,release,standard_hl_shared_origin_v1,loop_seattle/H/short,TimesFM-2.5,timesfm25,timesfm-2.5-200m-pytorch,231.28928,200.0,336,controlled,shared_origin_v1:Hmax=720,720,720,2048,controlled,7320,8040,2048,2048,256,256,100,[],merged,2,323,217056,11889516.385464072,128,100,,float32,native_horizon,336,128,fixed_1024_median_feedback_sign_flip,46.955976510670055,46.955976510670055,3.8065373250451495,0.8052056315940048,0.12554730867084704,0.09165554223783984,7.306209719328369,6.852443105248671,0.12509877125627097,0.06949246200082095,0.05675485458875455,0.8052056315940048,1.4759900186073378,0.545535959893382,-0.6059865549039182,0.05675485458875455,0.15223418257634255,0.3728128179115953,-0.9866788139517029,Transport,1
loop_seattle/H/short|H=336|L=4096|Hsrc=controlled|Lsrc=controlled|origins=shared_origin_v1:Hmax=720,joint-scaling,release,standard_hl_shared_origin_v1,loop_seattle/H/short,TimesFM-2.5,timesfm25,timesfm-2.5-200m-pytorch,231.28928,200.0,336,controlled,shared_origin_v1:Hmax=720,720,720,4096,controlled,7320,8040,4096,4096,256,256,100,[],merged,2,323,217056,11889516.385464072,128,100,,float32,native_horizon,336,128,fixed_1024_median_feedback_sign_flip,46.39081878639614,46.39081878639614,3.7911571495374465,0.8027772661068382,0.12374625978578109,0.09106974747264243,7.383631078672976,6.811080588746263,0.12434365371482722,0.06921168023756256,0.056578081254354075,0.8027772661068382,1.4759900186073378,0.5438907146975792,-0.6090069444077535,0.056578081254354075,0.15223418257634255,0.37165162446995925,-0.989798356853189,Transport,1
loop_seattle/H/short|H=336|L=6144|Hsrc=controlled|Lsrc=controlled|origins=shared_origin_v1:Hmax=720,joint-scaling-l6144,release,standard_hl_shared_origin_v1,loop_seattle/H/short,TimesFM-2.5,timesfm25,timesfm-2.5-200m-pytorch,231.28928,200.0,336,controlled,shared_origin_v1:Hmax=720,720,720,6144,controlled,7320,8040,6144,6144,256,256,100,[],merged,6,323,217056,11889516.385464072,128,100,,float32,native_horizon,336,128,fixed_1024_median_feedback_sign_flip,46.66964631247236,46.66964631247236,3.806748891991007,0.8062046347137334,0.12460088469752621,0.09139586668986056,7.414034214103228,6.831518594900578,0.12471677165503668,0.06949632438458082,0.056831547091338384,0.8062046347137334,1.4759900186073378,0.5462127958523888,-0.6047466431711911,0.056831547091338384,0.15223418257634255,0.373316597688817,-0.9853284319851345,Transport,1
loop_seattle/H/short|H=336|L=8192|Hsrc=controlled|Lsrc=controlled|origins=shared_origin_v1:Hmax=720,joint-scaling,release,standard_hl_shared_origin_v1,loop_seattle/H/short,TimesFM-2.5,timesfm25,timesfm-2.5-200m-pytorch,231.28928,200.0,336,controlled,shared_origin_v1:Hmax=720,720,720,8192,controlled,7320,8040,7320,8040,256,256,100,[],merged,2,323,217056,11889516.385464072,128,100,,float32,native_horizon,336,128,fixed_1024_median_feedback_sign_flip,46.737508695912574,46.737508695912574,3.7928612388623213,0.8035266903786532,0.12468896298111144,0.09100993776609637,7.446686864563002,6.836483649941143,0.1248074141128075,0.06924279023400887,0.05671851977916877,0.8035266903786532,1.4759900186073378,0.5443984581527295,-0.6080738404044108,0.05671851977916877,0.15223418257634255,0.372574140835456,-0.9873192251676379,Transport,1
loop_seattle/H/short|H=720|L=128|Hsrc=controlled|Lsrc=controlled|origins=shared_origin_v1:Hmax=720,joint-scaling,release,standard_hl_shared_origin_v1,loop_seattle/H/short,TimesFM-2.5,timesfm25,timesfm-2.5-200m-pytorch,231.28928,200.0,720,controlled,shared_origin_v1:Hmax=720,720,720,128,controlled,7320,8040,128,128,256,256,100,[],merged,2,323,465120,26026034.384654045,128,100,,float32,native_horizon,720,128,fixed_1024_median_feedback_sign_flip,84.98494044547644,84.98494044547644,5.356059827302632,1.1137031554224022,0.18021786233424977,0.12084785621519716,9.171287208463077,9.21872770210057,0.1647509784021986,0.0957199437323388,0.0769358108832838,1.1137031554224022,1.546026875629892,0.7203646799274755,-0.327997695300542,0.0769358108832838,0.1870944876868091,0.41121366981197316,-0.8886423216875811,Transport,1
loop_seattle/H/short|H=720|L=256|Hsrc=controlled|Lsrc=controlled|origins=shared_origin_v1:Hmax=720,joint-scaling,release,standard_hl_shared_origin_v1,loop_seattle/H/short,TimesFM-2.5,timesfm25,timesfm-2.5-200m-pytorch,231.28928,200.0,720,controlled,shared_origin_v1:Hmax=720,720,720,256,controlled,7320,8040,256,256,256,256,100,[],merged,2,323,465120,26026034.384654045,128,100,,float32,native_horizon,720,128,fixed_1024_median_feedback_sign_flip,71.18309522273822,71.18309522273822,4.82483418257654,0.9992252846247399,0.15898126970257676,0.11064343526267414,8.492288888551181,8.43700748030593,0.15078059381777217,0.08622623185048983,0.06990929941850299,0.9992252846247399,1.546026875629892,0.6463181852628721,-0.43646334961436567,0.06990929941850299,0.1870944876868091,0.3736577185295228,-0.9844150917081994,Transport,1
loop_seattle/H/short|H=720|L=512|Hsrc=controlled|Lsrc=controlled|origins=shared_origin_v1:Hmax=720,joint-scaling,release,standard_hl_shared_origin_v1,loop_seattle/H/short,TimesFM-2.5,timesfm25,timesfm-2.5-200m-pytorch,231.28928,200.0,720,controlled,shared_origin_v1:Hmax=720,720,720,512,controlled,7320,8040,512,512,256,256,100,[],merged,2,323,465120,26026034.384654045,128,100,,float32,native_horizon,720,128,fixed_1024_median_feedback_sign_flip,57.81788624441005,57.81788624441005,4.321646060425267,0.9019545235244405,0.13185544796403348,0.10007903916260857,7.85620932572216,7.6038073518738,0.13589019453493487,0.07723358794954269,0.0629896138554769,0.9019545235244405,1.546026875629892,0.5834015810087134,-0.5388795115612497,0.0629896138554769,0.1870944876868091,0.33667274025154464,-1.088643917626544,Transport,1
loop_seattle/H/short|H=720|L=1024|Hsrc=controlled|Lsrc=controlled|origins=shared_origin_v1:Hmax=720,joint-scaling,release,standard_hl_shared_origin_v1,loop_seattle/H/short,TimesFM-2.5,timesfm25,timesfm-2.5-200m-pytorch,231.28928,200.0,720,controlled,shared_origin_v1:Hmax=720,720,720,1024,controlled,7320,8040,1024,1024,256,256,100,[],merged,2,323,465120,26026034.384654045,128,100,,float32,native_horizon,720,128,fixed_1024_median_feedback_sign_flip,55.952918601651184,55.952918601651184,4.19691820121689,0.87878265470024,0.12682874828505278,0.097178505555354,7.827135784370541,7.48016835383076,0.13368060048307703,0.07500453449416082,0.06133246443652309,0.87878265470024,1.546026875629892,0.5684135693580364,-0.5649060101411952,0.06133246443652309,0.1870944876868091,0.32781545407789836,-1.1153044689456848,Transport,1
loop_seattle/H/short|H=720|L=2048|Hsrc=controlled|Lsrc=controlled|origins=shared_origin_v1:Hmax=720,joint-scaling,release,standard_hl_shared_origin_v1,loop_seattle/H/short,TimesFM-2.5,timesfm25,timesfm-2.5-200m-pytorch,231.28928,200.0,720,controlled,shared_origin_v1:Hmax=720,720,720,2048,controlled,7320,8040,2048,2048,256,256,100,[],merged,2,323,465120,26026034.384654045,128,100,,float32,native_horizon,720,128,fixed_1024_median_feedback_sign_flip,55.50403874269006,55.50403874269006,4.164164859337375,0.873352684808772,0.12527922376718642,0.09643418266472227,7.943460624722568,7.45010327060572,0.13314329728494265,0.07441918852289818,0.060979437183942255,0.873352684808772,1.546026875629892,0.5649013601092446,-0.5711041469546784,0.060979437183942255,0.1870944876868091,0.32592856121993347,-1.1210770589916967,Transport,1
loop_seattle/H/short|H=720|L=4096|Hsrc=controlled|Lsrc=controlled|origins=shared_origin_v1:Hmax=720,joint-scaling,release,standard_hl_shared_origin_v1,loop_seattle/H/short,TimesFM-2.5,timesfm25,timesfm-2.5-200m-pytorch,231.28928,200.0,720,controlled,shared_origin_v1:Hmax=720,720,720,4096,controlled,7320,8040,4096,4096,256,256,100,[],merged,2,323,465120,26026034.384654045,128,100,,float32,native_horizon,720,128,fixed_1024_median_feedback_sign_flip,51.69189187736498,51.69189187736498,4.028836207591589,0.8473880314061539,0.12239501764161669,0.09347568035617825,7.714241929221593,7.189707356865436,0.12848967446984733,0.07200068474434658,0.058899266988547125,0.8473880314061539,1.546026875629892,0.5481069215312998,-0.6012848987826538,0.058899266988547125,0.1870944876868091,0.31481027429917036,-1.1557851254264682,Transport,1
loop_seattle/H/short|H=720|L=6144|Hsrc=controlled|Lsrc=controlled|origins=shared_origin_v1:Hmax=720,joint-scaling-l6144,release,standard_hl_shared_origin_v1,loop_seattle/H/short,TimesFM-2.5,timesfm25,timesfm-2.5-200m-pytorch,231.28928,200.0,720,controlled,shared_origin_v1:Hmax=720,720,720,6144,controlled,7320,8040,6144,6144,256,256,100,[],merged,6,323,465120,26026034.384654045,128,100,,float32,native_horizon,720,128,fixed_1024_median_feedback_sign_flip,48.79009664172687,48.79009664172687,3.9190535506965944,0.8269824347382337,0.12147982938206807,0.09122343847421095,7.46155155111716,6.984990811857012,0.12483111635042586,0.07003872201808858,0.05726385366210072,0.8269824347382337,1.546026875629892,0.5349081880619309,-0.6256601579121948,0.05726385366210072,0.1870944876868091,0.3060691652121723,-1.1839441724655737,Transport,1
loop_seattle/H/short|H=720|L=8192|Hsrc=controlled|Lsrc=controlled|origins=shared_origin_v1:Hmax=720,joint-scaling,release,standard_hl_shared_origin_v1,loop_seattle/H/short,TimesFM-2.5,timesfm25,timesfm-2.5-200m-pytorch,231.28928,200.0,720,controlled,shared_origin_v1:Hmax=720,720,720,8192,controlled,7320,8040,7320,8040,256,256,100,[],merged,2,323,465120,26026034.384654045,128,100,,float32,native_horizon,720,128,fixed_1024_median_feedback_sign_flip,48.53298342363261,48.53298342363261,3.8958863774402306,0.8221961363007404,0.12143410340510245,0.09067764675900171,7.442797879290826,6.966561807924523,0.12450176543271044,0.06962469368531447,0.05698631231761808,0.8221961363007404,1.546026875629892,0.5318123179234876,-0.6314646377421691,0.05698631231761808,0.1870944876868091,0.30458573644890896,-1.188802666771444,Transport,1
m_dense/H/short|H=48|L=128|Hsrc=controlled|Lsrc=controlled|origins=shared_origin_v1:Hmax=720,joint-scaling,release,standard_hl_shared_origin_v1,m_dense/H/short,TimesFM-2.5,timesfm25,timesfm-2.5-200m-pytorch,231.28928,200.0,48,controlled,shared_origin_v1:Hmax=720,720,720,128,controlled,15360,16800,128,128,256,256,100,[],merged,2,30,4320,2481933.9528036118,128,100,,float32,native_horizon,48,128,fixed_1024_median_feedback_sign_flip,51502.26851851852,51502.26851851852,105.48967013888888,0.8593459714007149,0.3927898036939923,0.26765142370153355,6.850091193590916,226.94111244664003,0.39500874093044813,0.18361301455472673,0.14826688095464985,0.8593459714007149,1.1204480776464614,0.7669663490393949,-0.26531235205923437,0.14826688095464985,0.2198618001220286,0.6743639907994847,-0.39398526814546225,Transport,1
m_dense/H/short|H=48|L=256|Hsrc=controlled|Lsrc=controlled|origins=shared_origin_v1:Hmax=720,joint-scaling,release,standard_hl_shared_origin_v1,m_dense/H/short,TimesFM-2.5,timesfm25,timesfm-2.5-200m-pytorch,231.28928,200.0,48,controlled,shared_origin_v1:Hmax=720,720,720,256,controlled,15360,16800,256,256,256,256,100,[],merged,2,30,4320,2481933.9528036118,128,100,,float32,native_horizon,48,128,fixed_1024_median_feedback_sign_flip,15022.275925925926,15022.275925925926,64.5762839988426,0.5674310507363494,0.23814323447658084,0.18432932959662543,4.206565911071978,122.56539448770165,0.21333464719670062,0.11240006872861134,0.08944243614274493,0.5674310507363494,1.1204480776464614,0.5064322587158677,-0.6803647081355074,0.08944243614274493,0.2198618001220286,0.4068120796477706,-0.8994039209325461,Transport,1
m_dense/H/short|H=48|L=512|Hsrc=controlled|Lsrc=controlled|origins=shared_origin_v1:Hmax=720,joint-scaling,release,standard_hl_shared_origin_v1,m_dense/H/short,TimesFM-2.5,timesfm25,timesfm-2.5-200m-pytorch,231.28928,200.0,48,controlled,shared_origin_v1:Hmax=720,720,720,512,controlled,15360,16800,512,512,256,256,100,[],merged,2,30,4320,2481933.9528036118,128,100,,float32,native_horizon,48,128,fixed_1024_median_feedback_sign_flip,11907.753240740742,11907.753240740742,56.874169921875,0.4884839031577097,0.20846466642070827,0.1655428992377387,3.8727412641175625,109.12265228054504,0.18993650387813357,0.09899393728223889,0.07927278131929139,0.4884839031577097,1.1204480776464614,0.4359719231111418,-0.830177434240727,0.07927278131929139,0.2198618001220286,0.3605573195311467,-1.0201043348099086,Transport,1
m_dense/H/short|H=48|L=1024|Hsrc=controlled|Lsrc=controlled|origins=shared_origin_v1:Hmax=720,joint-scaling,release,standard_hl_shared_origin_v1,m_dense/H/short,TimesFM-2.5,timesfm25,timesfm-2.5-200m-pytorch,231.28928,200.0,48,controlled,shared_origin_v1:Hmax=720,720,720,1024,controlled,15360,16800,1024,1024,256,256,100,[],merged,2,30,4320,2481933.9528036118,128,100,,float32,native_horizon,48,128,fixed_1024_median_feedback_sign_flip,11680.841666666667,11680.841666666667,55.605911820023145,0.48177197907457475,0.21047846389425737,0.16177620357937283,3.8082741195673524,108.07794255381931,0.1881181049580668,0.09678643494567953,0.07704089799576601,0.48177197907457475,1.1204480776464614,0.429981530323612,-0.8440130239528101,0.07704089799576601,0.2198618001220286,0.3504060184761812,-1.048662744050908,Transport,1
m_dense/H/short|H=48|L=2048|Hsrc=controlled|Lsrc=controlled|origins=shared_origin_v1:Hmax=720,joint-scaling,release,standard_hl_shared_origin_v1,m_dense/H/short,TimesFM-2.5,timesfm25,timesfm-2.5-200m-pytorch,231.28928,200.0,48,controlled,shared_origin_v1:Hmax=720,720,720,2048,controlled,15360,16800,2048,2048,256,256,100,[],merged,2,30,4320,2481933.9528036118,128,100,,float32,native_horizon,48,128,fixed_1024_median_feedback_sign_flip,11124.24074074074,11124.24074074074,53.94681532118056,0.4687908233274293,0.1960469601055382,0.1545765488236039,3.7735676329359937,105.4715162531607,0.1835814162979491,0.09389864783639575,0.07500291437764066,0.4687908233274293,1.1204480776464614,0.4183958477684571,-0.871327290352233,0.07500291437764066,0.2198618001220286,0.3411366337217845,-1.0754721965504512,Transport,1
m_dense/H/short|H=48|L=4096|Hsrc=controlled|Lsrc=controlled|origins=shared_origin_v1:Hmax=720,joint-scaling,release,standard_hl_shared_origin_v1,m_dense/H/short,TimesFM-2.5,timesfm25,timesfm-2.5-200m-pytorch,231.28928,200.0,48,controlled,shared_origin_v1:Hmax=720,720,720,4096,controlled,15360,16800,4096,4096,256,256,100,[],merged,2,30,4320,2481933.9528036118,128,100,,float32,native_horizon,48,128,fixed_1024_median_feedback_sign_flip,10832.781481481481,10832.781481481481,53.23192997685185,0.463752270152096,0.1893609428764556,0.15020504704228155,3.7895339163396353,104.08064892899871,0.18116050302844308,0.09265433402860428,0.07438403895748365,0.463752270152096,1.1204480776464614,0.41389893865160016,-0.8821334444936031,0.07438403895748365,0.2198618001220286,0.33832179540146906,-1.0837577790175221,Transport,1
m_dense/H/short|H=48|L=6144|Hsrc=controlled|Lsrc=controlled|origins=shared_origin_v1:Hmax=720,joint-scaling-l6144,release,standard_hl_shared_origin_v1,m_dense/H/short,TimesFM-2.5,timesfm25,timesfm-2.5-200m-pytorch,231.28928,200.0,48,controlled,shared_origin_v1:Hmax=720,720,720,6144,controlled,15360,16800,6144,6144,256,256,100,[],merged,6,30,4320,2481933.9528036118,128,100,,float32,native_horizon,48,128,fixed_1024_median_feedback_sign_flip,10836.949594907408,10836.949594907408,52.95855441623264,0.45725970318370746,0.18692807747692294,0.14903802871704103,3.7753119190211786,104.10067048250654,0.1811953521069434,0.09217850250192688,0.07397291144398271,0.45725970318370746,1.1204480776464614,0.4081043221067385,-0.8962324458233754,0.07397291144398271,0.2198618001220286,0.33645185931765303,-1.0893002030808596,Transport,1
m_dense/H/short|H=48|L=8192|Hsrc=controlled|Lsrc=controlled|origins=shared_origin_v1:Hmax=720,joint-scaling,release,standard_hl_shared_origin_v1,m_dense/H/short,TimesFM-2.5,timesfm25,timesfm-2.5-200m-pytorch,231.28928,200.0,48,controlled,shared_origin_v1:Hmax=720,720,720,8192,controlled,15360,16800,8192,8192,256,256,100,[],merged,2,30,4320,2481933.9528036118,128,100,,float32,native_horizon,48,128,fixed_1024_median_feedback_sign_flip,10755.507407407407,10755.507407407407,52.85672923900463,0.4549453654305443,0.18541156047975418,0.14863012101915146,3.7589797144161072,103.70876244275316,0.18051320553740147,0.09200126782365187,0.0736661407495355,0.4549453654305443,1.1204480776464614,0.40603877547469425,-0.9013066178455151,0.0736661407495355,0.2198618001220286,0.3350565705759209,-1.0934558940227548,Transport,1
m_dense/H/short|H=96|L=128|Hsrc=controlled|Lsrc=controlled|origins=shared_origin_v1:Hmax=720,joint-scaling,release,standard_hl_shared_origin_v1,m_dense/H/short,TimesFM-2.5,timesfm25,timesfm-2.5-200m-pytorch,231.28928,200.0,96,controlled,shared_origin_v1:Hmax=720,720,720,128,controlled,15360,16800,128,128,256,256,100,[],merged,2,30,8640,5043646.119029522,128,100,,float32,native_horizon,96,128,fixed_1024_median_feedback_sign_flip,34707.90740740741,34707.90740740741,88.75649956597222,0.7408544374029139,0.3402753035154112,0.2329321614018193,5.871176991603943,186.3005834864921,0.3191415502467908,0.1520440051011262,0.12197330244921101,0.7408544374029139,1.6112164314292674,0.4598106268974191,-0.7769405549205275,0.12197330244921101,0.288525055629236,0.4227476958047991,-0.8609797417096104,Transport,1
m_dense/H/short|H=96|L=256|Hsrc=controlled|Lsrc=controlled|origins=shared_origin_v1:Hmax=720,joint-scaling,release,standard_hl_shared_origin_v1,m_dense/H/short,TimesFM-2.5,timesfm25,timesfm-2.5-200m-pytorch,231.28928,200.0,96,controlled,shared_origin_v1:Hmax=720,720,720,256,controlled,15360,16800,256,256,256,256,100,[],merged,2,30,8640,5043646.119029522,128,100,,float32,native_horizon,96,128,fixed_1024_median_feedback_sign_flip,15018.697685185185,15018.697685185185,64.68643663194445,0.5655421424783835,0.23419334639493436,0.17941635979546441,4.247394211060863,122.55079634659738,0.20993520470035257,0.11081086961896913,0.08848522962177773,0.5655421424783835,1.6112164314292674,0.35100321188799327,-1.0469599048800948,0.08848522962177773,0.288525055629236,0.3066812670005481,-1.1819462889560746,Transport,1
m_dense/H/short|H=96|L=512|Hsrc=controlled|Lsrc=controlled|origins=shared_origin_v1:Hmax=720,joint-scaling,release,standard_hl_shared_origin_v1,m_dense/H/short,TimesFM-2.5,timesfm25,timesfm-2.5-200m-pytorch,231.28928,200.0,96,controlled,shared_origin_v1:Hmax=720,720,720,512,controlled,15360,16800,512,512,256,256,100,[],merged,2,30,8640,5043646.119029522,128,100,,float32,native_horizon,96,128,fixed_1024_median_feedback_sign_flip,12898.27037037037,12898.27037037037,59.485695167824076,0.519712883994237,0.2060835190410785,0.16257883001256873,4.094935373255004,113.57055239088331,0.1945516298130052,0.10190175799821845,0.08151578103647854,0.519712883994237,1.6112164314292674,0.32255932465461107,-1.1314682072460824,0.08151578103647854,0.288525055629236,0.28252583075914534,-1.263985296260128,Transport,1
m_dense/H/short|H=96|L=1024|Hsrc=controlled|Lsrc=controlled|origins=shared_origin_v1:Hmax=720,joint-scaling,release,standard_hl_shared_origin_v1,m_dense/H/short,TimesFM-2.5,timesfm25,timesfm-2.5-200m-pytorch,231.28928,200.0,96,controlled,shared_origin_v1:Hmax=720,720,720,1024,controlled,15360,16800,1024,1024,256,256,100,[],merged,2,30,8640,5043646.119029522,128,100,,float32,native_horizon,96,128,fixed_1024_median_feedback_sign_flip,12166.492592592593,12166.492592592593,57.372119140625,0.504115130322826,0.2015429076201069,0.157396811026114,3.924232028633383,110.3018249739894,0.18895214796684473,0.09828110412123435,0.07829449278028124,0.504115130322826,1.6112164314292674,0.31287859314818356,-1.161940045003107,0.07829449278028124,0.288525055629236,0.2713611565190795,-1.3043046644512146,Transport,1
m_dense/H/short|H=96|L=2048|Hsrc=controlled|Lsrc=controlled|origins=shared_origin_v1:Hmax=720,joint-scaling,release,standard_hl_shared_origin_v1,m_dense/H/short,TimesFM-2.5,timesfm25,timesfm-2.5-200m-pytorch,231.28928,200.0,96,controlled,shared_origin_v1:Hmax=720,720,720,2048,controlled,15360,16800,2048,2048,256,256,100,[],merged,2,30,8640,5043646.119029522,128,100,,float32,native_horizon,96,128,fixed_1024_median_feedback_sign_flip,11615.487962962963,11615.487962962963,56.18084129050926,0.496611695305839,0.1925756470074653,0.1535422713668258,3.8850999560217123,107.77517322167922,0.1846238761918693,0.09624038984785062,0.07682854164567847,0.496611695305839,1.6112164314292674,0.30822159308871244,-1.1769362966142236,0.07682854164567847,0.288525055629236,0.26628031135155766,-1.3232057229865442,Transport,1
m_dense/H/short|H=96|L=4096|Hsrc=controlled|Lsrc=controlled|origins=shared_origin_v1:Hmax=720,joint-scaling,release,standard_hl_shared_origin_v1,m_dense/H/short,TimesFM-2.5,timesfm25,timesfm-2.5-200m-pytorch,231.28928,200.0,96,controlled,shared_origin_v1:Hmax=720,720,720,4096,controlled,15360,16800,4096,4096,256,256,100,[],merged,2,30,8640,5043646.119029522,128,100,,float32,native_horizon,96,128,fixed_1024_median_feedback_sign_flip,13521.725925925926,13521.725925925926,57.61189236111111,0.49620808635793634,0.19159827265920656,0.15252092855947988,3.905030879929289,116.28295630025032,0.19919810365828763,0.09869184678162517,0.07886732331801267,0.49620808635793634,1.6112164314292674,0.3079710935654767,-1.1777493524730833,0.07886732331801267,0.288525055629236,0.27334653188442576,-1.2970149411757006,Transport,1
m_dense/H/short|H=96|L=6144|Hsrc=controlled|Lsrc=controlled|origins=shared_origin_v1:Hmax=720,joint-scaling-l6144,release,standard_hl_shared_origin_v1,m_dense/H/short,TimesFM-2.5,timesfm25,timesfm-2.5-200m-pytorch,231.28928,200.0,96,controlled,shared_origin_v1:Hmax=720,720,720,6144,controlled,15360,16800,6144,6144,256,256,100,[],merged,6,30,8640,5043646.119029522,128,100,,float32,native_horizon,96,128,fixed_1024_median_feedback_sign_flip,13282.056597222223,13282.056597222223,57.4870288990162,0.49581642857968816,0.191997426870978,0.15296791041338886,3.920877967270981,115.24780517312347,0.19742484171101665,0.09847794987311098,0.07858249107978323,0.49581642857968816,1.6112164314292674,0.3077280115247227,-1.1785389656181222,0.07858249107978323,0.288525055629236,0.2723593308331747,-1.3006330152907348,Transport,1
m_dense/H/short|H=96|L=8192|Hsrc=controlled|Lsrc=controlled|origins=shared_origin_v1:Hmax=720,joint-scaling,release,standard_hl_shared_origin_v1,m_dense/H/short,TimesFM-2.5,timesfm25,timesfm-2.5-200m-pytorch,231.28928,200.0,96,controlled,shared_origin_v1:Hmax=720,720,720,8192,controlled,15360,16800,8192,8192,256,256,100,[],merged,2,30,8640,5043646.119029522,128,100,,float32,native_horizon,96,128,fixed_1024_median_feedback_sign_flip,12629.09861111111,12629.09861111111,56.66548574942129,0.4903397958980514,0.18758802855608767,0.15096795823838977,3.8857667552412303,112.37926237127164,0.19251089469270985,0.09707060831008597,0.07736204336254116,0.4903397958980514,1.6112164314292674,0.3043289444752521,-1.1896461083796854,0.07736204336254116,0.288525055629236,0.26812937681902355,-1.3162856656325335,Transport,1
m_dense/H/short|H=192|L=128|Hsrc=controlled|Lsrc=controlled|origins=shared_origin_v1:Hmax=720,joint-scaling,release,standard_hl_shared_origin_v1,m_dense/H/short,TimesFM-2.5,timesfm25,timesfm-2.5-200m-pytorch,231.28928,200.0,192,controlled,shared_origin_v1:Hmax=720,720,720,128,controlled,15360,16800,128,128,256,256,100,[],merged,2,30,17280,9801028.528793812,128,100,,float32,native_horizon,192,128,fixed_1024_median_feedback_sign_flip,57280.096296296295,57280.096296296295,111.04548972800926,0.918883765475852,0.3923673108290203,0.26633211771647136,8.00859040503469,239.33260600322785,0.42196259500580635,0.195782111730691,0.15910973588494748,0.918883765475852,1.3606427928826206,0.675330638050219,-0.392552873890719,0.15910973588494748,0.29794983608119385,0.534015181809292,-0.6273310100715977,Transport,1
m_dense/H/short|H=192|L=256|Hsrc=controlled|Lsrc=controlled|origins=shared_origin_v1:Hmax=720,joint-scaling,release,standard_hl_shared_origin_v1,m_dense/H/short,TimesFM-2.5,timesfm25,timesfm-2.5-200m-pytorch,231.28928,200.0,192,controlled,shared_origin_v1:Hmax=720,720,720,256,controlled,15360,16800,256,256,256,256,100,[],merged,2,30,17280,9801028.528793812,128,100,,float32,native_horizon,192,128,fixed_1024_median_feedback_sign_flip,35019.50555555556,35019.50555555556,84.20288266782407,0.7159536327202208,0.30317289218211146,0.209753093013057,6.74410365102785,187.13499286759694,0.32993401327748584,0.14845644089550125,0.121138782467161,0.7159536327202208,1.3606427928826206,0.5261877962866515,-0.6420971028025239,0.121138782467161,0.29794983608119385,0.40657442225995943,-0.8999882861611717,Transport,1
m_dense/H/short|H=192|L=512|Hsrc=controlled|Lsrc=controlled|origins=shared_origin_v1:Hmax=720,joint-scaling,release,standard_hl_shared_origin_v1,m_dense/H/short,TimesFM-2.5,timesfm25,timesfm-2.5-200m-pytorch,231.28928,200.0,192,controlled,shared_origin_v1:Hmax=720,720,720,512,controlled,15360,16800,512,512,256,256,100,[],merged,2,30,17280,9801028.528793812,128,100,,float32,native_horizon,192,128,fixed_1024_median_feedback_sign_flip,31849.498148148148,31849.498148148148,78.50079933449074,0.6674526881867092,0.27366917155239273,0.1943284281977901,6.751364541304023,178.46427695241462,0.3146468451426136,0.13840321028704733,0.11392996358402134,0.6674526881867092,1.3606427928826206,0.4905421846777744,-0.7122440002542624,0.11392996358402134,0.29794983608119385,0.3823796820380678,-0.9613412319621237,Transport,1
m_dense/H/short|H=192|L=1024|Hsrc=controlled|Lsrc=controlled|origins=shared_origin_v1:Hmax=720,joint-scaling,release,standard_hl_shared_origin_v1,m_dense/H/short,TimesFM-2.5,timesfm25,timesfm-2.5-200m-pytorch,231.28928,200.0,192,controlled,shared_origin_v1:Hmax=720,720,720,1024,controlled,15360,16800,1024,1024,256,256,100,[],merged,2,30,17280,9801028.528793812,128,100,,float32,native_horizon,192,128,fixed_1024_median_feedback_sign_flip,32784.96111111111,32784.96111111111,77.53244357638889,0.6628570202386294,0.2759629598913477,0.19191571694833262,6.907462195396565,181.06617881623035,0.3192342069765934,0.13669592135804964,0.11277965081960148,0.6628570202386294,1.3606427928826206,0.4871646134503227,-0.7191531977154444,0.11277965081960148,0.29794983608119385,0.37851892218819033,-0.971489214783044,Transport,1
m_dense/H/short|H=192|L=2048|Hsrc=controlled|Lsrc=controlled|origins=shared_origin_v1:Hmax=720,joint-scaling,release,standard_hl_shared_origin_v1,m_dense/H/short,TimesFM-2.5,timesfm25,timesfm-2.5-200m-pytorch,231.28928,200.0,192,controlled,shared_origin_v1:Hmax=720,720,720,2048,controlled,15360,16800,2048,2048,256,256,100,[],merged,2,30,17280,9801028.528793812,128,100,,float32,native_horizon,192,128,fixed_1024_median_feedback_sign_flip,32155.912962962964,32155.912962962964,76.00001446759259,0.6485588437178293,0.2670861066572559,0.187167195920591,6.928623008346134,179.3206986462047,0.31615678533156577,0.13399412583503847,0.11105236687342313,0.6485588437178293,1.3606427928826206,0.4766562150700922,-0.7409597710630613,0.11105236687342313,0.29794983608119385,0.37272169145668005,-0.9869232733408365,Transport,1
m_dense/H/short|H=192|L=4096|Hsrc=controlled|Lsrc=controlled|origins=shared_origin_v1:Hmax=720,joint-scaling,release,standard_hl_shared_origin_v1,m_dense/H/short,TimesFM-2.5,timesfm25,timesfm-2.5-200m-pytorch,231.28928,200.0,192,controlled,shared_origin_v1:Hmax=720,720,720,4096,controlled,15360,16800,4096,4096,256,256,100,[],merged,2,30,17280,9801028.528793812,128,100,,float32,native_horizon,192,128,fixed_1024_median_feedback_sign_flip,32411.92037037037,32411.92037037037,75.36123046875,0.6375328340048849,0.2615863059777884,0.18408099280463325,6.660156408761393,180.0331090948839,0.3174128221359696,0.13286789837150528,0.11003801020295274,0.6375328340048849,1.3606427928826206,0.4685526850542642,-0.7581067288679212,0.11003801020295274,0.29794983608119385,0.36931723692227997,-0.9960992836331526,Transport,1
m_dense/H/short|H=192|L=6144|Hsrc=controlled|Lsrc=controlled|origins=shared_origin_v1:Hmax=720,joint-scaling-l6144,release,standard_hl_shared_origin_v1,m_dense/H/short,TimesFM-2.5,timesfm25,timesfm-2.5-200m-pytorch,231.28928,200.0,192,controlled,shared_origin_v1:Hmax=720,720,720,6144,controlled,15360,16800,6144,6144,256,256,100,[],merged,6,30,17280,9801028.528793812,128,100,,float32,native_horizon,192,128,fixed_1024_median_feedback_sign_flip,32271.866666666665,32271.866666666665,75.0053783275463,0.6336939901898796,0.260583935135006,0.1839887230484574,6.617920772806071,179.64372147856062,0.31672630051323386,0.13224050248321303,0.10954985098925028,0.6336939901898796,1.3606427928826206,0.46573133926454924,-0.7641463362944084,0.10954985098925028,0.29794983608119385,0.3676788429559566,-1.0005454312045354,Transport,1
m_dense/H/short|H=192|L=8192|Hsrc=controlled|Lsrc=controlled|origins=shared_origin_v1:Hmax=720,joint-scaling,release,standard_hl_shared_origin_v1,m_dense/H/short,TimesFM-2.5,timesfm25,timesfm-2.5-200m-pytorch,231.28928,200.0,192,controlled,shared_origin_v1:Hmax=720,720,720,8192,controlled,15360,16800,8192,8192,256,256,100,[],merged,2,30,17280,9801028.528793812,128,100,,float32,native_horizon,192,128,fixed_1024_median_feedback_sign_flip,31508.77037037037,31508.77037037037,74.13697554976852,0.6275891959378799,0.2562353969754514,0.1821875324955693,6.544777160827277,177.5070994928664,0.3129592644512197,0.13070943868149928,0.10825518687599514,0.6275891959378799,1.3606427928826206,0.46124464056307285,-0.7738267030703574,0.10825518687599514,0.29794983608119385,0.3633336010512007,-1.0124338555891617,Transport,1
m_dense/H/short|H=336|L=128|Hsrc=controlled|Lsrc=controlled|origins=shared_origin_v1:Hmax=720,joint-scaling,release,standard_hl_shared_origin_v1,m_dense/H/short,TimesFM-2.5,timesfm25,timesfm-2.5-200m-pytorch,231.28928,200.0,336,controlled,shared_origin_v1:Hmax=720,720,720,128,controlled,15360,16800,128,128,256,256,100,[],merged,2,30,30240,17556057.090857506,128,100,,float32,native_horizon,336,128,fixed_1024_median_feedback_sign_flip,51164.160846560844,51164.160846560844,104.14994626322752,0.8618812576605559,0.37032672691665763,0.25080003687944363,7.622986100836985,226.19496202736445,0.38961684940461777,0.17939645324120818,0.14621100046879687,0.8618812576605559,1.4734938128038875,0.5849235674905863,-0.5362740941484856,0.14621100046879687,0.336977925961787,0.43388895593528304,-0.8349666395202421,Transport,1
m_dense/H/short|H=336|L=256|Hsrc=controlled|Lsrc=controlled|origins=shared_origin_v1:Hmax=720,joint-scaling,release,standard_hl_shared_origin_v1,m_dense/H/short,TimesFM-2.5,timesfm25,timesfm-2.5-200m-pytorch,231.28928,200.0,336,controlled,shared_origin_v1:Hmax=720,720,720,256,controlled,15360,16800,256,256,256,256,100,[],merged,2,30,30240,17556057.090857506,128,100,,float32,native_horizon,336,128,fixed_1024_median_feedback_sign_flip,28278.198941798943,28278.198941798943,78.10612185846561,0.6682255754249103,0.28417084542841115,0.19838714599609375,6.210572140367663,168.1612290089453,0.2896547635333604,0.13453642311461828,0.11006086611317735,0.6682255754249103,1.4734938128038875,0.45349737448395167,-0.7907657988947484,0.11006086611317735,0.336977925961787,0.3266115007356837,-1.1189838855455956,Transport,1
m_dense/H/short|H=336|L=512|Hsrc=controlled|Lsrc=controlled|origins=shared_origin_v1:Hmax=720,joint-scaling,release,standard_hl_shared_origin_v1,m_dense/H/short,TimesFM-2.5,timesfm25,timesfm-2.5-200m-pytorch,231.28928,200.0,336,controlled,shared_origin_v1:Hmax=720,720,720,512,controlled,15360,16800,512,512,256,256,100,[],merged,2,30,30240,17556057.090857506,128,100,,float32,native_horizon,336,128,fixed_1024_median_feedback_sign_flip,25254.754497354497,25254.754497354497,72.20316220238095,0.6142412461515742,0.25594358360675235,0.18217456958912037,6.155341024677723,158.91744554124477,0.27373250885985323,0.12436867878135575,0.10284257758751914,0.6142412461515742,1.4734938128038875,0.4168604176102677,-0.8750038431693068,0.10284257758751914,0.336977925961787,0.30519084386311224,-1.1868179804703758,Transport,1
m_dense/H/short|H=336|L=1024|Hsrc=controlled|Lsrc=controlled|origins=shared_origin_v1:Hmax=720,joint-scaling,release,standard_hl_shared_origin_v1,m_dense/H/short,TimesFM-2.5,timesfm25,timesfm-2.5-200m-pytorch,231.28928,200.0,336,controlled,shared_origin_v1:Hmax=720,720,720,1024,controlled,15360,16800,1024,1024,256,256,100,[],merged,2,30,30240,17556057.090857506,128,100,,float32,native_horizon,336,128,fixed_1024_median_feedback_sign_flip,25086.679365079366,25086.679365079366,70.53923817791005,0.6067205615974858,0.25526324608566137,0.17997562468998016,6.20806831914739,158.38775004740538,0.27282011767481634,0.12150259887288911,0.1005504532691128,0.6067205615974858,1.4734938128038875,0.4117564365220965,-0.887323277934615,0.1005504532691128,0.336977925961787,0.29838884248019004,-1.209357802503776,Transport,1
m_dense/H/short|H=336|L=2048|Hsrc=controlled|Lsrc=controlled|origins=shared_origin_v1:Hmax=720,joint-scaling,release,standard_hl_shared_origin_v1,m_dense/H/short,TimesFM-2.5,timesfm25,timesfm-2.5-200m-pytorch,231.28928,200.0,336,controlled,shared_origin_v1:Hmax=720,720,720,2048,controlled,15360,16800,2048,2048,256,256,100,[],merged,2,30,30240,17556057.090857506,128,100,,float32,native_horizon,336,128,fixed_1024_median_feedback_sign_flip,24866.750264550265,24866.750264550265,69.84677992724868,0.6000480129037696,0.2503737872848653,0.1767782140661169,6.191745183570037,157.69194736748693,0.2716216097791174,0.1203098516978469,0.09985078590176068,0.6000480129037696,1.4734938128038875,0.4072280505623217,-0.8983819296686771,0.09985078590176068,0.336977925961787,0.29631254218439124,-1.2163404959552753,Transport,1
m_dense/H/short|H=336|L=4096|Hsrc=controlled|Lsrc=controlled|origins=shared_origin_v1:Hmax=720,joint-scaling,release,standard_hl_shared_origin_v1,m_dense/H/short,TimesFM-2.5,timesfm25,timesfm-2.5-200m-pytorch,231.28928,200.0,336,controlled,shared_origin_v1:Hmax=720,720,720,4096,controlled,15360,16800,4096,4096,256,256,100,[],merged,2,30,30240,17556057.090857506,128,100,,float32,native_horizon,336,128,fixed_1024_median_feedback_sign_flip,25149.933333333334,25149.933333333334,69.63580522486772,0.5944600538490304,0.2479398735952182,0.17516192077959655,6.0019303921334455,158.58730508251074,0.2731638477179778,0.11994645147836809,0.09936968781029619,0.5944600538490304,1.4734938128038875,0.4034357312419535,-0.907738082169027,0.09936968781029619,0.336977925961787,0.294884857892931,-1.2211703110613135,Transport,1
m_dense/H/short|H=336|L=6144|Hsrc=controlled|Lsrc=controlled|origins=shared_origin_v1:Hmax=720,joint-scaling-l6144,release,standard_hl_shared_origin_v1,m_dense/H/short,TimesFM-2.5,timesfm25,timesfm-2.5-200m-pytorch,231.28928,200.0,336,controlled,shared_origin_v1:Hmax=720,720,720,6144,controlled,15360,16800,6144,6144,256,256,100,[],merged,6,30,30240,17556057.090857506,128,100,,float32,native_horizon,336,128,fixed_1024_median_feedback_sign_flip,25056.030687830687,25056.030687830687,69.41938037367724,0.5923942904335411,0.2462862493942914,0.17524501457416192,5.994080280946577,158.29096843418037,0.2726534130458226,0.11957366347328646,0.0991695939490432,0.5923942904335411,1.4734938128038875,0.4020337820803493,-0.9112191588681164,0.0991695939490432,0.336977925961787,0.29429106866866095,-1.223185971914183,Transport,1
m_dense/H/short|H=336|L=8192|Hsrc=controlled|Lsrc=controlled|origins=shared_origin_v1:Hmax=720,joint-scaling,release,standard_hl_shared_origin_v1,m_dense/H/short,TimesFM-2.5,timesfm25,timesfm-2.5-200m-pytorch,231.28928,200.0,336,controlled,shared_origin_v1:Hmax=720,720,720,8192,controlled,15360,16800,8192,8192,256,256,100,[],merged,2,30,30240,17556057.090857506,128,100,,float32,native_horizon,336,128,fixed_1024_median_feedback_sign_flip,24639.4,24639.4,69.0058986441799,0.5891412316283952,0.24436218269425386,0.17434311316757606,5.9655843615048925,156.96942377418603,0.2703770755794196,0.11886144845625332,0.09861020038539196,0.5891412316283952,1.4734938128038875,0.3998260640859617,-0.9167256662294864,0.09861020038539196,0.336977925961787,0.29263103838016463,-1.228842718167683,Transport,1
m_dense/H/short|H=720|L=128|Hsrc=controlled|Lsrc=controlled|origins=shared_origin_v1:Hmax=720,joint-scaling,release,standard_hl_shared_origin_v1,m_dense/H/short,TimesFM-2.5,timesfm25,timesfm-2.5-200m-pytorch,231.28928,200.0,720,controlled,shared_origin_v1:Hmax=720,720,720,128,controlled,15360,16800,128,128,256,256,100,[],merged,2,30,64800,37431809.903151035,128,100,,float32,native_horizon,720,128,fixed_1024_median_feedback_sign_flip,59378.625185185185,59378.625185185185,113.17749228395061,0.9489746279558091,0.4008837030579857,0.2680549376687886,8.712479694051021,243.67729722972797,0.42184144719000444,0.19592698079455215,0.16021463126164862,0.9489746279558091,1.4779178745268122,0.642102409282819,-0.4430074719966508,0.16021463126164862,0.41895078948633335,0.3824187357615064,-0.9612391038128921,Transport,1
m_dense/H/short|H=720|L=256|Hsrc=controlled|Lsrc=controlled|origins=shared_origin_v1:Hmax=720,joint-scaling,release,standard_hl_shared_origin_v1,m_dense/H/short,TimesFM-2.5,timesfm25,timesfm-2.5-200m-pytorch,231.28928,200.0,720,controlled,shared_origin_v1:Hmax=720,720,720,256,controlled,15360,16800,256,256,256,256,100,[],merged,2,30,64800,37431809.903151035,128,100,,float32,native_horizon,720,128,fixed_1024_median_feedback_sign_flip,36687.64444444444,36687.64444444444,87.29989969135802,0.7574398258985823,0.3193729972920954,0.2155110451027199,7.564140415005075,191.54019015455853,0.33158440252098415,0.15112904010350264,0.1244344426233406,0.7574398258985823,1.4779178745268122,0.512504679017495,-0.668445438221016,0.1244344426233406,0.41895078948633335,0.29701446028042344,-1.213974453551777,Transport,1
m_dense/H/short|H=720|L=512|Hsrc=controlled|Lsrc=controlled|origins=shared_origin_v1:Hmax=720,joint-scaling,release,standard_hl_shared_origin_v1,m_dense/H/short,TimesFM-2.5,timesfm25,timesfm-2.5-200m-pytorch,231.28928,200.0,720,controlled,shared_origin_v1:Hmax=720,720,720,512,controlled,15360,16800,512,512,256,256,100,[],merged,2,30,64800,37431809.903151035,128,100,,float32,native_horizon,720,128,fixed_1024_median_feedback_sign_flip,36076.79209876543,36076.79209876543,83.3573649691358,0.7097641723312004,0.2920396589947791,0.20132007740162036,7.620567101546603,189.93891675684958,0.32881236140301495,0.14430392930439875,0.12002070023210501,0.7097641723312004,1.4779178745268122,0.48024601675410883,-0.7334567714769588,0.12002070023210501,0.41895078948633335,0.28647923155667004,-1.2500892356584796,Transport,1
m_dense/H/short|H=720|L=1024|Hsrc=controlled|Lsrc=controlled|origins=shared_origin_v1:Hmax=720,joint-scaling,release,standard_hl_shared_origin_v1,m_dense/H/short,TimesFM-2.5,timesfm25,timesfm-2.5-200m-pytorch,231.28928,200.0,720,controlled,shared_origin_v1:Hmax=720,720,720,1024,controlled,15360,16800,1024,1024,256,256,100,[],merged,2,30,64800,37431809.903151035,128,100,,float32,native_horizon,720,128,fixed_1024_median_feedback_sign_flip,35007.21382716049,35007.21382716049,81.1276350308642,0.7018394830975958,0.2913452199747007,0.1992522891951196,7.698686758905445,187.1021481094231,0.32390149524856376,0.14044393695100102,0.11696262772320701,0.7018394830975958,1.4779178745268122,0.47488395342826817,-0.7446848133677636,0.11696262772320701,0.41895078948633335,0.27917987185705606,-1.2758990028952086,Transport,1
m_dense/H/short|H=720|L=2048|Hsrc=controlled|Lsrc=controlled|origins=shared_origin_v1:Hmax=720,joint-scaling,release,standard_hl_shared_origin_v1,m_dense/H/short,TimesFM-2.5,timesfm25,timesfm-2.5-200m-pytorch,231.28928,200.0,720,controlled,shared_origin_v1:Hmax=720,720,720,2048,controlled,15360,16800,2048,2048,256,256,100,[],merged,2,30,64800,37431809.903151035,128,100,,float32,native_horizon,720,128,fixed_1024_median_feedback_sign_flip,35077.03111111111,35077.03111111111,80.90783179012345,0.6979234905277477,0.2893569958194849,0.19726714711130403,7.718472145608128,187.28863049077782,0.3242243238358817,0.14006342502713595,0.11689521913939094,0.6979234905277477,1.4779178745268122,0.4722342848388671,-0.7502800503614859,0.11689521913939094,0.41895078948633335,0.279018973284938,-1.2764754948674673,Transport,1
m_dense/H/short|H=720|L=4096|Hsrc=controlled|Lsrc=controlled|origins=shared_origin_v1:Hmax=720,joint-scaling,release,standard_hl_shared_origin_v1,m_dense/H/short,TimesFM-2.5,timesfm25,timesfm-2.5-200m-pytorch,231.28928,200.0,720,controlled,shared_origin_v1:Hmax=720,720,720,4096,controlled,15360,16800,4096,4096,256,256,100,[],merged,2,30,64800,37431809.903151035,128,100,,float32,native_horizon,720,128,fixed_1024_median_feedback_sign_flip,34376.78419753086,34376.78419753086,79.74359953703704,0.6875276821406581,0.2815110750314603,0.19462329252266589,7.473091183414061,185.40977373787732,0.32097174486887575,0.13804796677931958,0.11510970886027445,0.6875276821406581,1.4779178745268122,0.4652001941317511,-0.7652874410295654,0.11510970886027445,0.41895078948633335,0.27475711169182426,-1.2918678018047374,Transport,1
m_dense/H/short|H=720|L=6144|Hsrc=controlled|Lsrc=controlled|origins=shared_origin_v1:Hmax=720,joint-scaling-l6144,release,standard_hl_shared_origin_v1,m_dense/H/short,TimesFM-2.5,timesfm25,timesfm-2.5-200m-pytorch,231.28928,200.0,720,controlled,shared_origin_v1:Hmax=720,720,720,6144,controlled,15360,16800,6144,6144,256,256,100,[],merged,6,30,64800,37431809.903151035,128,100,,float32,native_horizon,720,128,fixed_1024_median_feedback_sign_flip,34389.491481481484,34389.491481481484,79.35495081018519,0.6808781786770133,0.27733923575342334,0.19353987328800154,7.394161938356303,185.44403867873856,0.3210310625501087,0.13737515834272085,0.11474765821439606,0.6808781786770133,1.4779178745268122,0.46070095667190664,-0.7750061304808706,0.11474765821439606,0.41895078948633335,0.2738929275084688,-1.2950180244832534,Transport,1
m_dense/H/short|H=720|L=8192|Hsrc=controlled|Lsrc=controlled|origins=shared_origin_v1:Hmax=720,joint-scaling,release,standard_hl_shared_origin_v1,m_dense/H/short,TimesFM-2.5,timesfm25,timesfm-2.5-200m-pytorch,231.28928,200.0,720,controlled,shared_origin_v1:Hmax=720,720,720,8192,controlled,15360,16800,8192,8192,256,256,100,[],merged,2,30,64800,37431809.903151035,128,100,,float32,native_horizon,720,128,fixed_1024_median_feedback_sign_flip,33927.583209876546,33927.583209876546,78.93989969135802,0.676068165249346,0.27532934743319487,0.1927000446084105,7.310532126120174,184.1944168803076,0.3188677823681502,0.13665664346006925,0.11415849059992875,0.676068165249346,1.4779178745268122,0.4574463689099125,-0.7820956275645363,0.11415849059992875,0.41895078948633335,0.27248663438466375,-1.3001657142114114,Transport,1
saugeen/D/short|H=48|L=128|Hsrc=controlled|Lsrc=controlled|origins=shared_origin_v1:Hmax=720,joint-scaling,release,standard_hl_shared_origin_v1,saugeen/D/short,TimesFM-2.5,timesfm25,timesfm-2.5-200m-pytorch,231.28928,200.0,48,controlled,shared_origin_v1:Hmax=720,720,720,128,controlled,20861,23021,128,128,256,256,100,[],merged,2,1,192,6793.600008964539,128,100,,float32,native_horizon,48,128,fixed_1024_median_feedback_sign_flip,2169.5325520833335,2169.5325520833335,21.904591878255207,4.942589879405442,0.46518441041310626,0.5129356384277344,81.52415078420773,46.57824118709651,1.3163892922929974,0.6190652430339386,0.5387388379708817,4.942589879405442,6.287958974414405,0.7860404146268691,-0.24074706977445332,0.5387388379708817,0.781620444657756,0.6892588872937893,-0.37213833501005145,Nature,1
saugeen/D/short|H=48|L=256|Hsrc=controlled|Lsrc=controlled|origins=shared_origin_v1:Hmax=720,joint-scaling,release,standard_hl_shared_origin_v1,saugeen/D/short,TimesFM-2.5,timesfm25,timesfm-2.5-200m-pytorch,231.28928,200.0,48,controlled,shared_origin_v1:Hmax=720,720,720,256,controlled,20861,23021,256,256,256,256,100,[],merged,2,1,192,6793.600008964539,128,100,,float32,native_horizon,48,128,fixed_1024_median_feedback_sign_flip,2120.0384114583335,2120.0384114583335,19.725606282552082,4.455647155324234,0.3529580434163411,0.4365806182225545,88.57371731960616,46.04387485277856,1.3012870878574019,0.5574829841692802,0.5106758023216937,4.455647155324234,6.287958974414405,0.7085999087230347,-0.34446421536387745,0.5106758023216937,0.781620444657756,0.6533552260717804,-0.4256343066935662,Nature,1
saugeen/D/short|H=48|L=512|Hsrc=controlled|Lsrc=controlled|origins=shared_origin_v1:Hmax=720,joint-scaling,release,standard_hl_shared_origin_v1,saugeen/D/short,TimesFM-2.5,timesfm25,timesfm-2.5-200m-pytorch,231.28928,200.0,48,controlled,shared_origin_v1:Hmax=720,720,720,512,controlled,20861,23021,512,512,256,256,100,[],merged,2,1,192,6793.600008964539,128,100,,float32,native_horizon,48,128,fixed_1024_median_feedback_sign_flip,2024.7887369791667,2024.7887369791667,20.760724385579426,4.690323136953896,0.43996357917785645,0.4684617519378662,85.5702998886298,44.99765257187498,1.271718865167161,0.5867373817668717,0.5295083766806179,4.690323136953896,6.287958974414405,0.7459213961221342,-0.29313505145838853,0.5295083766806179,0.781620444657756,0.6774494964911913,-0.3894202729312583,Nature,1
saugeen/D/short|H=48|L=1024|Hsrc=controlled|Lsrc=controlled|origins=shared_origin_v1:Hmax=720,joint-scaling,release,standard_hl_shared_origin_v1,saugeen/D/short,TimesFM-2.5,timesfm25,timesfm-2.5-200m-pytorch,231.28928,200.0,48,controlled,shared_origin_v1:Hmax=720,720,720,1024,controlled,20861,23021,1024,1024,256,256,100,[],merged,2,1,192,6793.600008964539,128,100,,float32,native_horizon,48,128,fixed_1024_median_feedback_sign_flip,1892.42431640625,1892.42431640625,19.083567301432293,4.310400015033508,0.4031256437301636,0.4003811677296956,49.914065247513236,43.5020035907112,1.2294489929338064,0.539337746855877,0.4691018001284016,4.310400015033508,6.287958974414405,0.6855006580946934,-0.3776058199587942,0.4691018001284016,0.781620444657756,0.6001657240859465,-0.5105494550941583,Nature,1
saugeen/D/short|H=48|L=2048|Hsrc=controlled|Lsrc=controlled|origins=shared_origin_v1:Hmax=720,joint-scaling,release,standard_hl_shared_origin_v1,saugeen/D/short,TimesFM-2.5,timesfm25,timesfm-2.5-200m-pytorch,231.28928,200.0,48,controlled,shared_origin_v1:Hmax=720,720,720,2048,controlled,20861,23021,2048,2048,256,256,100,[],merged,2,1,192,6793.600008964539,128,100,,float32,native_horizon,48,128,fixed_1024_median_feedback_sign_flip,1932.8753255208333,1932.8753255208333,18.644388834635418,4.2088191084771225,0.35985275109608966,0.388365904490153,46.63408837116541,43.96447799668311,1.2425193953462883,0.5269257317955656,0.4438304373856664,4.2088191084771225,6.287958974414405,0.6693458283685905,-0.4014544191315094,0.4438304373856664,0.781620444657756,0.5678337106189745,-0.5659266661192006,Nature,1
saugeen/D/short|H=48|L=4096|Hsrc=controlled|Lsrc=controlled|origins=shared_origin_v1:Hmax=720,joint-scaling,release,standard_hl_shared_origin_v1,saugeen/D/short,TimesFM-2.5,timesfm25,timesfm-2.5-200m-pytorch,231.28928,200.0,48,controlled,shared_origin_v1:Hmax=720,720,720,4096,controlled,20861,23021,4096,4096,256,256,100,[],merged,2,1,192,6793.600008964539,128,100,,float32,native_horizon,48,128,fixed_1024_median_feedback_sign_flip,1933.16259765625,1933.16259765625,19.891128540039062,4.491225858771311,0.4264440933863322,0.4392266670862834,46.519089911697755,43.96774496896845,1.2426117261691152,0.5621609565838416,0.46985337456184584,4.491225858771311,6.287958974414405,0.7142581363914794,-0.33651084641849044,0.46985337456184584,0.781620444657756,0.601127283418972,-0.5089485808155682,Nature,1
saugeen/D/short|H=48|L=6144|Hsrc=controlled|Lsrc=controlled|origins=shared_origin_v1:Hmax=720,joint-scaling-l6144,release,standard_hl_shared_origin_v1,saugeen/D/short,TimesFM-2.5,timesfm25,timesfm-2.5-200m-pytorch,231.28928,200.0,48,controlled,shared_origin_v1:Hmax=720,720,720,6144,controlled,20861,23021,6144,6144,256,256,100,[],merged,6,1,192,6793.600008964539,128,100,,float32,native_horizon,48,128,fixed_1024_median_feedback_sign_flip,1977.2646484375,1977.2646484375,20.543176015218098,4.638903823274336,0.4452926317850749,0.45488977432250977,46.18236841401181,44.466444072328294,1.2567059071215916,0.5805890528905384,0.47788918643145306,4.638903823274336,6.287958974414405,0.7377439710007578,-0.3041584373364888,0.47788918643145306,0.781620444657756,0.6114082476958542,-0.49199037976383175,Nature,1
saugeen/D/short|H=48|L=8192|Hsrc=controlled|Lsrc=controlled|origins=shared_origin_v1:Hmax=720,joint-scaling,release,standard_hl_shared_origin_v1,saugeen/D/short,TimesFM-2.5,timesfm25,timesfm-2.5-200m-pytorch,231.28928,200.0,48,controlled,shared_origin_v1:Hmax=720,720,720,8192,controlled,20861,23021,8192,8192,256,256,100,[],merged,2,1,192,6793.600008964539,128,100,,float32,native_horizon,48,128,fixed_1024_median_feedback_sign_flip,2000.02734375,2000.02734375,20.319854736328125,4.589091552678288,0.4270007610321045,0.44657548268636066,47.88900390090095,44.72166526136969,1.2639189411876663,0.574277570688128,0.47691773057265663,4.589091552678288,6.287958974414405,0.7298221205563238,-0.31495444500296227,0.47691773057265663,0.781620444657756,0.6101653735291969,-0.4940252544106443,Nature,1
saugeen/D/short|H=96|L=128|Hsrc=controlled|Lsrc=controlled|origins=shared_origin_v1:Hmax=720,joint-scaling,release,standard_hl_shared_origin_v1,saugeen/D/short,TimesFM-2.5,timesfm25,timesfm-2.5-200m-pytorch,231.28928,200.0,96,controlled,shared_origin_v1:Hmax=720,720,720,128,controlled,20861,23021,128,128,256,256,100,[],merged,2,1,384,22887.600024223328,128,100,,float32,native_horizon,96,128,fixed_1024_median_feedback_sign_flip,6446.776692708333,6446.776692708333,44.078094482421875,9.93528084941453,0.5537394285202026,0.7486559549967448,206.90127479837383,80.29182207864218,1.3471075886317119,0.7395265673699386,0.6614087855209891,9.93528084941453,10.79500131911943,0.9203593918805534,-0.08299104187187112,0.6614087855209891,0.7336308511462726,0.9015553046706815,-0.10363389083199606,Nature,1
saugeen/D/short|H=96|L=256|Hsrc=controlled|Lsrc=controlled|origins=shared_origin_v1:Hmax=720,joint-scaling,release,standard_hl_shared_origin_v1,saugeen/D/short,TimesFM-2.5,timesfm25,timesfm-2.5-200m-pytorch,231.28928,200.0,96,controlled,shared_origin_v1:Hmax=720,720,720,256,controlled,20861,23021,256,256,256,256,100,[],merged,2,1,384,22887.600024223328,128,100,,float32,native_horizon,96,128,fixed_1024_median_feedback_sign_flip,6600.024088541667,6600.024088541667,43.702850341796875,9.85110454482684,0.4907407760620117,0.7313299179077148,235.413807020695,81.2405323009498,1.363024710784343,0.733230854851042,0.6758659716366444,9.85110454482684,10.79500131911943,0.9125616805047704,-0.09149960073621358,0.6758659716366444,0.7336308511462726,0.9212616543873904,-0.08201118493457618,Nature,1
saugeen/D/short|H=96|L=512|Hsrc=controlled|Lsrc=controlled|origins=shared_origin_v1:Hmax=720,joint-scaling,release,standard_hl_shared_origin_v1,saugeen/D/short,TimesFM-2.5,timesfm25,timesfm-2.5-200m-pytorch,231.28928,200.0,96,controlled,shared_origin_v1:Hmax=720,720,720,512,controlled,20861,23021,512,512,256,256,100,[],merged,2,1,384,22887.600024223328,128,100,,float32,native_horizon,96,128,fixed_1024_median_feedback_sign_flip,6405.951822916667,6405.951822916667,42.80560302734375,9.647808922407112,0.51656174659729,0.7070942719777426,210.35989125333296,80.0371902487629,1.342835466497012,0.7181771590338594,0.657975748249484,9.647808922407112,10.79500131911943,0.8937292953655797,-0.11235235126678239,0.657975748249484,0.7336308511462726,0.8968757887177453,-0.1088379006279925,Nature,1
saugeen/D/short|H=96|L=1024|Hsrc=controlled|Lsrc=controlled|origins=shared_origin_v1:Hmax=720,joint-scaling,release,standard_hl_shared_origin_v1,saugeen/D/short,TimesFM-2.5,timesfm25,timesfm-2.5-200m-pytorch,231.28928,200.0,96,controlled,shared_origin_v1:Hmax=720,720,720,1024,controlled,20861,23021,1024,1024,256,256,100,[],merged,2,1,384,22887.600024223328,128,100,,float32,native_horizon,96,128,fixed_1024_median_feedback_sign_flip,5755.287760416667,5755.287760416667,39.879234313964844,8.988752438486392,0.48922638098398846,0.6063161691029867,128.94662437663735,75.86361288797593,1.2728126722832886,0.6690795872155738,0.5762731194730338,8.988752438486392,10.79500131911943,0.8326772894938027,-0.18310911944745906,0.5762731194730338,0.7336308511462726,0.785508295585753,-0.241424260443751,Nature,1
saugeen/D/short|H=96|L=2048|Hsrc=controlled|Lsrc=controlled|origins=shared_origin_v1:Hmax=720,joint-scaling,release,standard_hl_shared_origin_v1,saugeen/D/short,TimesFM-2.5,timesfm25,timesfm-2.5-200m-pytorch,231.28928,200.0,96,controlled,shared_origin_v1:Hmax=720,720,720,2048,controlled,20861,23021,2048,2048,256,256,100,[],merged,2,1,384,22887.600024223328,128,100,,float32,native_horizon,96,128,fixed_1024_median_feedback_sign_flip,5207.908854166667,5207.908854166667,37.38753763834635,8.424517580605512,0.4579095045725505,0.5440818866093954,95.13292650162583,72.1658427108467,1.210772801501083,0.6272747880044355,0.523921241051751,8.424517580605512,10.79500131911943,0.7804091293332714,-0.24793697202729528,0.523921241051751,0.7336308511462726,0.7141483216431566,-0.33666460482236976,Nature,1
saugeen/D/short|H=96|L=4096|Hsrc=controlled|Lsrc=controlled|origins=shared_origin_v1:Hmax=720,joint-scaling,release,standard_hl_shared_origin_v1,saugeen/D/short,TimesFM-2.5,timesfm25,timesfm-2.5-200m-pytorch,231.28928,200.0,96,controlled,shared_origin_v1:Hmax=720,720,720,4096,controlled,20861,23021,4096,4096,256,256,100,[],merged,2,1,384,22887.600024223328,128,100,,float32,native_horizon,96,128,fixed_1024_median_feedback_sign_flip,4634.813151041667,4634.813151041667,37.284098307291664,8.399147069316504,0.5556214253107706,0.5442484219868978,79.98585127165673,68.07946203548958,1.1422129622135917,0.625539319755997,0.5088304442623234,8.399147069316504,10.79500131911943,0.7780589201448693,-0.25095302483730947,0.5088304442623234,0.7336308511462726,0.6935783077651295,-0.3658911288533024,Nature,1
saugeen/D/short|H=96|L=6144|Hsrc=controlled|Lsrc=controlled|origins=shared_origin_v1:Hmax=720,joint-scaling-l6144,release,standard_hl_shared_origin_v1,saugeen/D/short,TimesFM-2.5,timesfm25,timesfm-2.5-200m-pytorch,231.28928,200.0,96,controlled,shared_origin_v1:Hmax=720,720,720,6144,controlled,20861,23021,6144,6144,256,256,100,[],merged,6,1,384,22887.600024223328,128,100,,float32,native_horizon,96,128,fixed_1024_median_feedback_sign_flip,4554.865885416667,4554.865885416667,37.73947397867838,8.503039079712364,0.5930243333180746,0.5512841542561849,76.51534396800055,67.48974652061354,1.1323189253782426,0.6331794505529101,0.5101386865250219,8.503039079712364,10.79500131911943,0.787683005156499,-0.2386595477798253,0.5101386865250219,0.7336308511462726,0.695361551014312,-0.36332335139666805,Nature,1
saugeen/D/short|H=96|L=8192|Hsrc=controlled|Lsrc=controlled|origins=shared_origin_v1:Hmax=720,joint-scaling,release,standard_hl_shared_origin_v1,saugeen/D/short,TimesFM-2.5,timesfm25,timesfm-2.5-200m-pytorch,231.28928,200.0,96,controlled,shared_origin_v1:Hmax=720,720,720,8192,controlled,20861,23021,8192,8192,256,256,100,[],merged,2,1,384,22887.600024223328,128,100,,float32,native_horizon,96,128,fixed_1024_median_feedback_sign_flip,4508.645833333333,4508.645833333333,37.253692626953125,8.393805152783676,0.5767480532328287,0.5422488848368326,76.7664032413877,67.14645063838694,1.1265592293578868,0.6250291840826349,0.5054948536160251,8.393805152783676,10.79500131911943,0.7775640692064663,-0.2515892341997088,0.5054948536160251,0.7336308511462726,0.6890316196847598,-0.3724681168810554,Nature,1
saugeen/D/short|H=192|L=128|Hsrc=controlled|Lsrc=controlled|origins=shared_origin_v1:Hmax=720,joint-scaling,release,standard_hl_shared_origin_v1,saugeen/D/short,TimesFM-2.5,timesfm25,timesfm-2.5-200m-pytorch,231.28928,200.0,192,controlled,shared_origin_v1:Hmax=720,720,720,128,controlled,20861,23021,128,128,256,256,100,[],merged,2,1,768,32805.300033569336,128,100,,float32,native_horizon,192,128,fixed_1024_median_feedback_sign_flip,3486.4778645833335,3486.4778645833335,28.494277954101562,6.4182438965615605,0.5071477890014648,0.6033280293146769,117.09907161166132,59.04640433238364,1.3823265899372006,0.6670753032697986,0.5921318012178779,6.4182438965615605,8.364690063972306,0.7673020575150398,-0.2648747383019957,0.5921318012178779,1.0359365198829344,0.5715908164766617,-0.5593318994014281,Nature,1
saugeen/D/short|H=192|L=256|Hsrc=controlled|Lsrc=controlled|origins=shared_origin_v1:Hmax=720,joint-scaling,release,standard_hl_shared_origin_v1,saugeen/D/short,TimesFM-2.5,timesfm25,timesfm-2.5-200m-pytorch,231.28928,200.0,192,controlled,shared_origin_v1:Hmax=720,720,720,256,controlled,20861,23021,256,256,256,256,100,[],merged,2,1,768,32805.300033569336,128,100,,float32,native_horizon,192,128,fixed_1024_median_feedback_sign_flip,3602.8102213541665,3602.8102213541665,28.553817749023438,6.430992516215469,0.43207939465840656,0.6036949952443441,131.09254620172763,60.023413942845394,1.4051992166184628,0.6684691805534452,0.6030307706570911,6.430992516215469,8.364690063972306,0.7688261569803408,-0.26289039877743337,0.6030307706570911,1.0359365198829344,0.5821117019074068,-0.5410929219905026,Nature,1
saugeen/D/short|H=192|L=512|Hsrc=controlled|Lsrc=controlled|origins=shared_origin_v1:Hmax=720,joint-scaling,release,standard_hl_shared_origin_v1,saugeen/D/short,TimesFM-2.5,timesfm25,timesfm-2.5-200m-pytorch,231.28928,200.0,192,controlled,shared_origin_v1:Hmax=720,720,720,512,controlled,20861,23021,512,512,256,256,100,[],merged,2,1,768,32805.300033569336,128,100,,float32,native_horizon,192,128,fixed_1024_median_feedback_sign_flip,3483.61328125,3483.61328125,28.034749348958332,6.313303163629077,0.45770736535390216,0.6011033455530802,119.86569466087879,59.022142296345024,1.381758595019959,0.6563173474398303,0.5901781436057738,6.313303163629077,8.364690063972306,0.7547563765477945,-0.2813602618746744,0.5901781436057738,1.0359365198829344,0.5697049310246024,-0.5626367170573768,Nature,1
saugeen/D/short|H=192|L=1024|Hsrc=controlled|Lsrc=controlled|origins=shared_origin_v1:Hmax=720,joint-scaling,release,standard_hl_shared_origin_v1,saugeen/D/short,TimesFM-2.5,timesfm25,timesfm-2.5-200m-pytorch,231.28928,200.0,192,controlled,shared_origin_v1:Hmax=720,720,720,1024,controlled,20861,23021,1024,1024,256,256,100,[],merged,2,1,768,32805.300033569336,128,100,,float32,native_horizon,192,128,fixed_1024_median_feedback_sign_flip,3137.5078125,3137.5078125,25.83826955159505,5.820201735190211,0.40500450134277344,0.5016651550928751,75.75777234609228,56.0134609937647,1.3113228045221672,0.6048958855830932,0.5123827572586201,5.820201735190211,8.364690063972306,0.6958060239743368,-0.36268435867840826,0.5123827572586201,1.0359365198829344,0.4946082577690395,-0.7039892281809008,Nature,1
saugeen/D/short|H=192|L=2048|Hsrc=controlled|Lsrc=controlled|origins=shared_origin_v1:Hmax=720,joint-scaling,release,standard_hl_shared_origin_v1,saugeen/D/short,TimesFM-2.5,timesfm25,timesfm-2.5-200m-pytorch,231.28928,200.0,192,controlled,shared_origin_v1:Hmax=720,720,720,2048,controlled,20861,23021,2048,2048,256,256,100,[],merged,2,1,768,32805.300033569336,128,100,,float32,native_horizon,192,128,fixed_1024_median_feedback_sign_flip,2838.0377604166665,2838.0377604166665,24.159014383951824,5.440256376710018,0.3857690890630086,0.454049030939738,58.85699765596803,53.27323681189896,1.2471718237501765,0.5655830926066444,0.47190894042427634,5.440256376710018,8.364690063972306,0.6503834971891947,-0.4301930943957908,0.47190894042427634,1.0359365198829344,0.45553847303076467,-0.786275102554184,Nature,1
saugeen/D/short|H=192|L=4096|Hsrc=controlled|Lsrc=controlled|origins=shared_origin_v1:Hmax=720,joint-scaling,release,standard_hl_shared_origin_v1,saugeen/D/short,TimesFM-2.5,timesfm25,timesfm-2.5-200m-pytorch,231.28928,200.0,192,controlled,shared_origin_v1:Hmax=720,720,720,4096,controlled,20861,23021,4096,4096,256,256,100,[],merged,2,1,768,32805.300033569336,128,100,,float32,native_horizon,192,128,fixed_1024_median_feedback_sign_flip,2493.2781575520835,2493.2781575520835,23.201334635416668,5.22433385948226,0.422185738881429,0.4269678592681885,51.79945685379141,49.932736331509844,1.1689678638317005,0.5431629944480428,0.44873357911163514,5.22433385948226,8.364690063972306,0.6245699266233514,-0.4706919835098184,0.44873357911163514,1.0359365198829344,0.43316706236241587,-0.836631800073738,Nature,1
saugeen/D/short|H=192|L=6144|Hsrc=controlled|Lsrc=controlled|origins=shared_origin_v1:Hmax=720,joint-scaling-l6144,release,standard_hl_shared_origin_v1,saugeen/D/short,TimesFM-2.5,timesfm25,timesfm-2.5-200m-pytorch,231.28928,200.0,192,controlled,shared_origin_v1:Hmax=720,720,720,6144,controlled,20861,23021,6144,6144,256,256,100,[],merged,6,1,768,32805.300033569336,128,100,,float32,native_horizon,192,128,fixed_1024_median_feedback_sign_flip,2447.0345052083335,2447.0345052083335,23.23126983642578,5.232114329190929,0.42885541915893555,0.4232006072998047,50.013095991062436,49.467509591734384,1.1580765098193324,0.543863802986647,0.44674655326426205,5.232114329190929,8.364690063972306,0.6255000829888789,-0.46920381639911457,0.44674655326426205,1.0359365198829344,0.4312489662153685,-0.841069707821195,Nature,1
saugeen/D/short|H=192|L=8192|Hsrc=controlled|Lsrc=controlled|origins=shared_origin_v1:Hmax=720,joint-scaling,release,standard_hl_shared_origin_v1,saugeen/D/short,TimesFM-2.5,timesfm25,timesfm-2.5-200m-pytorch,231.28928,200.0,192,controlled,shared_origin_v1:Hmax=720,720,720,8192,controlled,20861,23021,8192,8192,256,256,100,[],merged,2,1,768,32805.300033569336,128,100,,float32,native_horizon,192,128,fixed_1024_median_feedback_sign_flip,2416.7605794270835,2416.7605794270835,22.89025370279948,5.155420773345573,0.41787898540496826,0.4153428077697754,50.03527832646076,49.160559185459675,1.150890539510335,0.5358803250011691,0.44209409378019,5.155420773345573,8.364690063972306,0.6163313564420719,-0.48397054377166465,0.44209409378019,1.0359365198829344,0.4267579000208899,-0.8515384054206088,Nature,1
saugeen/D/short|H=336|L=128|Hsrc=controlled|Lsrc=controlled|origins=shared_origin_v1:Hmax=720,joint-scaling,release,standard_hl_shared_origin_v1,saugeen/D/short,TimesFM-2.5,timesfm25,timesfm-2.5-200m-pytorch,231.28928,200.0,336,controlled,shared_origin_v1:Hmax=720,720,720,128,controlled,20861,23021,128,128,256,256,100,[],merged,2,1,1344,43361.500032901764,128,100,,float32,native_horizon,336,128,fixed_1024_median_feedback_sign_flip,2101.3558407738096,2101.3558407738096,20.378441220238095,4.589431964343462,0.5301757994152251,0.5474904378255209,79.03430140303273,45.840547998183986,1.4208386809222737,0.6316346293190528,0.5627997474184645,4.589431964343462,7.385081578500397,0.6214463463347936,-0.47570570106641813,0.5627997474184645,1.5617052718269562,0.36037513452206954,-1.0206097497400621,Nature,1
saugeen/D/short|H=336|L=256|Hsrc=controlled|Lsrc=controlled|origins=shared_origin_v1:Hmax=720,joint-scaling,release,standard_hl_shared_origin_v1,saugeen/D/short,TimesFM-2.5,timesfm25,timesfm-2.5-200m-pytorch,231.28928,200.0,336,controlled,shared_origin_v1:Hmax=720,720,720,256,controlled,20861,23021,256,256,256,256,100,[],merged,2,1,1344,43361.500032901764,128,100,,float32,native_horizon,336,128,fixed_1024_median_feedback_sign_flip,2174.12109375,2174.12109375,20.362758091517858,4.585873087141854,0.4545386178152902,0.547687984648205,87.01319083078967,46.62747144924331,1.4452295603296104,0.6311485270166877,0.5657135510038768,4.585873087141854,7.385081578500397,0.6209644454696808,-0.47648145235972394,0.5657135510038768,1.5617052718269562,0.36224091780267764,-1.0154457697238628,Nature,1
saugeen/D/short|H=336|L=512|Hsrc=controlled|Lsrc=controlled|origins=shared_origin_v1:Hmax=720,joint-scaling,release,standard_hl_shared_origin_v1,saugeen/D/short,TimesFM-2.5,timesfm25,timesfm-2.5-200m-pytorch,231.28928,200.0,336,controlled,shared_origin_v1:Hmax=720,720,720,512,controlled,20861,23021,512,512,256,256,100,[],merged,2,1,1344,43361.500032901764,128,100,,float32,native_horizon,336,128,fixed_1024_median_feedback_sign_flip,2095.563988095238,2095.563988095238,19.637875511532737,4.423057455230882,0.42860853104364305,0.5282734008062453,77.50906799853617,45.777330504248916,1.4188792396717573,0.6086806191546265,0.5391095726371014,4.423057455230882,7.385081578500397,0.5989178871236005,-0.5126307735295668,0.5391095726371014,1.5617052718269562,0.34520570709633686,-1.0636147871854933,Nature,1
saugeen/D/short|H=336|L=1024|Hsrc=controlled|Lsrc=controlled|origins=shared_origin_v1:Hmax=720,joint-scaling,release,standard_hl_shared_origin_v1,saugeen/D/short,TimesFM-2.5,timesfm25,timesfm-2.5-200m-pytorch,231.28928,200.0,336,controlled,shared_origin_v1:Hmax=720,720,720,1024,controlled,20861,23021,1024,1024,256,256,100,[],merged,2,1,1344,43361.500032901764,128,100,,float32,native_horizon,336,128,fixed_1024_median_feedback_sign_flip,1888.564174107143,1888.564174107143,17.92410423642113,4.038183378665777,0.3700292223975772,0.43687688736688524,52.37526960663817,43.4576135344216,1.346979060824571,0.5555618711407824,0.47160988431799505,4.038183378665777,7.385081578500397,0.5468028126353838,-0.6036670303354333,0.47160988431799505,1.5617052718269562,0.3019839228475445,-1.1973814986284899,Nature,1
saugeen/D/short|H=336|L=2048|Hsrc=controlled|Lsrc=controlled|origins=shared_origin_v1:Hmax=720,joint-scaling,release,standard_hl_shared_origin_v1,saugeen/D/short,TimesFM-2.5,timesfm25,timesfm-2.5-200m-pytorch,231.28928,200.0,336,controlled,shared_origin_v1:Hmax=720,720,720,2048,controlled,20861,23021,2048,2048,256,256,100,[],merged,2,1,1344,43361.500032901764,128,100,,float32,native_horizon,336,128,fixed_1024_median_feedback_sign_flip,1717.060081845238,1717.060081845238,17.04614984421503,3.839332224809523,0.37289126714070636,0.41703968956356957,43.014183560449816,41.437423687353416,1.2843627963411133,0.5283494660756978,0.44453139198952996,3.839332224809523,7.385081578500397,0.5198767520709137,-0.6541635107474599,0.44453139198952996,1.5617052718269562,0.28464486866302,-1.2565129505769008,Nature,1
saugeen/D/short|H=336|L=4096|Hsrc=controlled|Lsrc=controlled|origins=shared_origin_v1:Hmax=720,joint-scaling,release,standard_hl_shared_origin_v1,saugeen/D/short,TimesFM-2.5,timesfm25,timesfm-2.5-200m-pytorch,231.28928,200.0,336,controlled,shared_origin_v1:Hmax=720,720,720,4096,controlled,20861,23021,4096,4096,256,256,100,[],merged,2,1,1344,43361.500032901764,128,100,,float32,native_horizon,336,128,fixed_1024_median_feedback_sign_flip,1511.951636904762,1511.951636904762,16.336175827752974,3.6789501515510414,0.3815389814830962,0.3888598850795201,38.248147110335445,38.88382230317336,1.2052133144796964,0.5063436526836109,0.42277179037081897,3.6789501515510414,7.385081578500397,0.4981597173227277,-0.6968345358608354,0.42277179037081897,1.5617052718269562,0.27071163682263855,-1.3067010953928218,Nature,1
saugeen/D/short|H=336|L=6144|Hsrc=controlled|Lsrc=controlled|origins=shared_origin_v1:Hmax=720,joint-scaling-l6144,release,standard_hl_shared_origin_v1,saugeen/D/short,TimesFM-2.5,timesfm25,timesfm-2.5-200m-pytorch,231.28928,200.0,336,controlled,shared_origin_v1:Hmax=720,720,720,6144,controlled,20861,23021,6144,6144,256,256,100,[],merged,6,1,1344,43361.500032901764,128,100,,float32,native_horizon,336,128,fixed_1024_median_feedback_sign_flip,1485.788597470238,1485.788597470238,16.27665783110119,3.666162781373385,0.3759207498459589,0.382156008765811,37.142272112175746,38.54592841624441,1.1947402131412295,0.5044988782307138,0.41949101681964396,3.666162781373385,7.385081578500397,0.4964282035890293,-0.700316411010572,0.41949101681964396,1.5617052718269562,0.26861087324684746,-1.3144915145252694,Nature,1
saugeen/D/short|H=336|L=8192|Hsrc=controlled|Lsrc=controlled|origins=shared_origin_v1:Hmax=720,joint-scaling,release,standard_hl_shared_origin_v1,saugeen/D/short,TimesFM-2.5,timesfm25,timesfm-2.5-200m-pytorch,231.28928,200.0,336,controlled,shared_origin_v1:Hmax=720,720,720,8192,controlled,20861,23021,8192,8192,256,256,100,[],merged,2,1,1344,43361.500032901764,128,100,,float32,native_horizon,336,128,fixed_1024_median_feedback_sign_flip,1469.5494791666667,1469.5494791666667,16.096120198567707,3.625642739259693,0.368160883585612,0.37807930083501906,37.131737769470206,38.3347033269682,1.188193241293581,0.49890307139882634,0.4157769532660756,3.625642739259693,7.385081578500397,0.49094146093317903,-0.7114303824640608,0.4157769532660756,1.5617052718269562,0.2662326629529016,-1.3233846797484725,Nature,1
saugeen/D/short|H=720|L=128|Hsrc=controlled|Lsrc=controlled|origins=shared_origin_v1:Hmax=720,joint-scaling,release,standard_hl_shared_origin_v1,saugeen/D/short,TimesFM-2.5,timesfm25,timesfm-2.5-200m-pytorch,231.28928,200.0,720,controlled,shared_origin_v1:Hmax=720,720,720,128,controlled,20861,23021,128,128,256,256,100,[],merged,2,1,2880,94972.20006084442,128,100,,float32,native_horizon,720,128,fixed_1024_median_feedback_sign_flip,2223.1053819444446,2223.1053819444446,21.319447157118056,4.799305286561222,0.5275581359863282,0.5874552832709419,75.57220360783315,47.149818472020065,1.429802374931004,0.6465050590927005,0.5667363969015711,4.799305286561222,7.510913121627286,0.6389776061637393,-0.4478858703458656,0.5667363969015711,2.036616431144664,0.2782735070948246,-1.2791508104727785,Nature,1
saugeen/D/short|H=720|L=256|Hsrc=controlled|Lsrc=controlled|origins=shared_origin_v1:Hmax=720,joint-scaling,release,standard_hl_shared_origin_v1,saugeen/D/short,TimesFM-2.5,timesfm25,timesfm-2.5-200m-pytorch,231.28928,200.0,720,controlled,shared_origin_v1:Hmax=720,720,720,256,controlled,20861,23021,256,256,256,256,100,[],merged,2,1,2880,94972.20006084442,128,100,,float32,native_horizon,720,128,fixed_1024_median_feedback_sign_flip,2297.7539930555554,2297.7539930555554,21.539485677083334,4.849238507835289,0.4760318332248264,0.6003321329752604,87.86766042519389,47.93489327260003,1.4536095040090053,0.6531776531475293,0.5795872371089277,4.849238507835289,7.510913121627286,0.6456256954793096,-0.4375353618901353,0.5795872371089277,2.036616431144664,0.2845834042413059,-1.256728907601099,Nature,1
saugeen/D/short|H=720|L=512|Hsrc=controlled|Lsrc=controlled|origins=shared_origin_v1:Hmax=720,joint-scaling,release,standard_hl_shared_origin_v1,saugeen/D/short,TimesFM-2.5,timesfm25,timesfm-2.5-200m-pytorch,231.28928,200.0,720,controlled,shared_origin_v1:Hmax=720,720,720,512,controlled,20861,23021,512,512,256,256,100,[],merged,2,1,2880,94972.20006084442,128,100,,float32,native_horizon,720,128,fixed_1024_median_feedback_sign_flip,2234.190972222222,2234.190972222222,20.991639539930556,4.724662653989852,0.47951219346788193,0.5765141805013021,77.7403742409676,47.26722936900599,1.4333628208625802,0.6365644034387811,0.5595814179434154,4.724662653989852,7.510913121627286,0.6290397156086694,-0.463560883402709,0.5595814179434154,2.036616431144664,0.27476033748235407,-1.2918560613566963,Nature,1
saugeen/D/short|H=720|L=1024|Hsrc=controlled|Lsrc=controlled|origins=shared_origin_v1:Hmax=720,joint-scaling,release,standard_hl_shared_origin_v1,saugeen/D/short,TimesFM-2.5,timesfm25,timesfm-2.5-200m-pytorch,231.28928,200.0,720,controlled,shared_origin_v1:Hmax=720,720,720,1024,controlled,20861,23021,1024,1024,256,256,100,[],merged,2,1,2880,94972.20006084442,128,100,,float32,native_horizon,720,128,fixed_1024_median_feedback_sign_flip,1978.5711805555557,1978.5711805555557,18.88611518012153,4.250217642643464,0.4194450378417969,0.48087836371527776,56.75853024439928,44.48113286052364,1.348875382019544,0.5727150859293928,0.49049202517580004,4.250217642643464,7.510913121627286,0.5658722945956041,-0.5693868541597243,0.49049202517580004,2.036616431144664,0.24083672196444125,-1.4236360773220607,Nature,1
saugeen/D/short|H=720|L=2048|Hsrc=controlled|Lsrc=controlled|origins=shared_origin_v1:Hmax=720,joint-scaling,release,standard_hl_shared_origin_v1,saugeen/D/short,TimesFM-2.5,timesfm25,timesfm-2.5-200m-pytorch,231.28928,200.0,720,controlled,shared_origin_v1:Hmax=720,720,720,2048,controlled,20861,23021,2048,2048,256,256,100,[],merged,2,1,2880,94972.20006084442,128,100,,float32,native_horizon,720,128,fixed_1024_median_feedback_sign_flip,1919.7354166666667,1919.7354166666667,18.600816514756943,4.185812496176666,0.4351200103759766,0.47430280049641926,51.64019384255844,43.81478536597739,1.328668618534401,0.564063499931347,0.4813976743028283,4.185812496176666,7.510913121627286,0.5572974188882355,-0.5846562158757684,0.4813976743028283,2.036616431144664,0.2363713004280647,-1.4423514034086435,Nature,1
saugeen/D/short|H=720|L=4096|Hsrc=controlled|Lsrc=controlled|origins=shared_origin_v1:Hmax=720,joint-scaling,release,standard_hl_shared_origin_v1,saugeen/D/short,TimesFM-2.5,timesfm25,timesfm-2.5-200m-pytorch,231.28928,200.0,720,controlled,shared_origin_v1:Hmax=720,720,720,4096,controlled,20861,23021,4096,4096,256,256,100,[],merged,2,1,2880,94972.20006084442,128,100,,float32,native_horizon,720,128,fixed_1024_median_feedback_sign_flip,1747.7376736111112,1747.7376736111112,17.7287109375,3.989289538842623,0.4280597686767578,0.4420237223307292,46.00257941703854,41.80595260977928,1.267751441358932,0.5376171918444449,0.4544058503551097,3.989289538842623,7.510913121627286,0.5311324301376446,-0.6327438912119328,0.4544058503551097,2.036616431144664,0.2231180321469343,-1.500054355408976,Nature,1
saugeen/D/short|H=720|L=6144|Hsrc=controlled|Lsrc=controlled|origins=shared_origin_v1:Hmax=720,joint-scaling-l6144,release,standard_hl_shared_origin_v1,saugeen/D/short,TimesFM-2.5,timesfm25,timesfm-2.5-200m-pytorch,231.28928,200.0,720,controlled,shared_origin_v1:Hmax=720,720,720,6144,controlled,20861,23021,6144,6144,256,256,100,[],merged,6,1,2880,94972.20006084442,128,100,,float32,native_horizon,720,128,fixed_1024_median_feedback_sign_flip,1694.5387152777778,1694.5387152777778,17.434183756510418,3.9235248697901777,0.41083433363172744,0.4288704766167535,44.39849545964217,41.16477517584394,1.2483079514897832,0.5286857542163119,0.4435954354592672,3.9235248697901777,7.510913121627286,0.522376548131357,-0.6493665945786176,0.4435954354592672,2.036616431144664,0.21781000520061009,-1.524132131978181,Nature,1
saugeen/D/short|H=720|L=8192|Hsrc=controlled|Lsrc=controlled|origins=shared_origin_v1:Hmax=720,joint-scaling,release,standard_hl_shared_origin_v1,saugeen/D/short,TimesFM-2.5,timesfm25,timesfm-2.5-200m-pytorch,231.28928,200.0,720,controlled,shared_origin_v1:Hmax=720,720,720,8192,controlled,20861,23021,8192,8192,256,256,100,[],merged,2,1,2880,94972.20006084442,128,100,,float32,native_horizon,720,128,fixed_1024_median_feedback_sign_flip,1674.0013888888889,1674.0013888888889,17.318865288628473,3.8977988433664614,0.403134028116862,0.42587398952907984,44.41636597645884,40.91456206399977,1.2407203230927413,0.52518876049302,0.44020959953519523,3.8977988433664614,7.510913121627286,0.5189513951563294,-0.6559450511529683,0.44020959953519523,2.036616431144664,0.2161475242973361,-1.5317941215665851,Nature,1
saugeen/W/short|H=48|L=128|Hsrc=controlled|Lsrc=controlled|origins=shared_origin_v1:Hmax=720,joint-scaling,release,standard_hl_shared_origin_v1,saugeen/W/short,TimesFM-2.5,timesfm25,timesfm-2.5-200m-pytorch,231.28928,200.0,48,controlled,shared_origin_v1:Hmax=720,720,720,128,controlled,2671,2671,128,128,256,256,100,[],merged,2,1,48,1301.8571429252625,128,100,,float32,native_horizon,48,128,fixed_1024_median_feedback_sign_flip,456.5293375651042,456.5293375651042,12.485877990722656,1.0649657358486095,0.33874666690826416,0.43978432814280194,7.599658605486256,21.36654716057567,0.7877932454271674,0.46035937722630266,0.3642090065010354,1.0649657358486095,2.4447283905978785,0.43561719982650643,-0.8309914033343863,0.3642090065010354,1.3379684481783347,0.2722104598183251,-1.3011797625437547,Nature,1
saugeen/W/short|H=48|L=256|Hsrc=controlled|Lsrc=controlled|origins=shared_origin_v1:Hmax=720,joint-scaling,release,standard_hl_shared_origin_v1,saugeen/W/short,TimesFM-2.5,timesfm25,timesfm-2.5-200m-pytorch,231.28928,200.0,48,controlled,shared_origin_v1:Hmax=720,720,720,256,controlled,2671,2671,256,256,256,256,100,[],merged,2,1,48,1301.8571429252625,128,100,,float32,native_horizon,48,128,fixed_1024_median_feedback_sign_flip,324.4947916666667,324.4947916666667,10.273539225260416,0.8762674044604598,0.3197421431541443,0.3352855443954468,7.082593237158908,18.013738969649435,0.664173849828323,0.37878955113649504,0.32025674132452964,0.8762674044604598,2.4447283905978785,0.35843139378201494,-1.0260180074596605,0.32025674132452964,1.3379684481783347,0.2393604585822366,-1.4297846683295587,Nature,1
saugeen/W/short|H=48|L=512|Hsrc=controlled|Lsrc=controlled|origins=shared_origin_v1:Hmax=720,joint-scaling,release,standard_hl_shared_origin_v1,saugeen/W/short,TimesFM-2.5,timesfm25,timesfm-2.5-200m-pytorch,231.28928,200.0,48,controlled,shared_origin_v1:Hmax=720,720,720,512,controlled,2671,2671,512,512,256,256,100,[],merged,2,1,48,1301.8571429252625,128,100,,float32,native_horizon,48,128,fixed_1024_median_feedback_sign_flip,326.27581787109375,326.27581787109375,10.66986338297526,0.9100713134843798,0.3405149777730306,0.35864166418711346,7.838065893263771,18.063106539881055,0.6659940521323894,0.39340218330869076,0.3304454620359009,0.9100713134843798,2.4447283905978785,0.37225865948315606,-0.9881663451414927,0.3304454620359009,1.3379684481783347,0.2469755265797244,-1.3984660299363527,Nature,1
saugeen/W/short|H=48|L=1024|Hsrc=controlled|Lsrc=controlled|origins=shared_origin_v1:Hmax=720,joint-scaling,release,standard_hl_shared_origin_v1,saugeen/W/short,TimesFM-2.5,timesfm25,timesfm-2.5-200m-pytorch,231.28928,200.0,48,controlled,shared_origin_v1:Hmax=720,720,720,1024,controlled,2671,2671,1024,1024,256,256,100,[],merged,2,1,48,1301.8571429252625,128,100,,float32,native_horizon,48,128,fixed_1024_median_feedback_sign_flip,308.2587890625,308.2587890625,9.841298421223959,0.8393999751446719,0.31167962153752643,0.3383655548095703,8.00384324964176,17.55730016439031,0.6473447662598997,0.36285265767126396,0.3201134910287048,0.8393999751446719,2.4447283905978785,0.3433510153409679,-1.0690019867595855,0.3201134910287048,1.3379684481783347,0.23925339305612506,-1.4302320666968684,Nature,1
saugeen/W/short|H=48|L=2048|Hsrc=controlled|Lsrc=controlled|origins=shared_origin_v1:Hmax=720,joint-scaling,release,standard_hl_shared_origin_v1,saugeen/W/short,TimesFM-2.5,timesfm25,timesfm-2.5-200m-pytorch,231.28928,200.0,48,controlled,shared_origin_v1:Hmax=720,720,720,2048,controlled,2671,2671,2048,2048,256,256,100,[],merged,2,1,48,1301.8571429252625,128,100,,float32,native_horizon,48,128,fixed_1024_median_feedback_sign_flip,309.4959716796875,309.4959716796875,9.1573855082194,0.7810665870088411,0.26522932449976605,0.3047749598821004,7.435419636112962,17.59249759640988,0.6486425098303987,0.33763651164278735,0.3040588540119197,0.7810665870088411,2.4447283905978785,0.3194901282337646,-1.1410289031887892,0.3040588540119197,1.3379684481783347,0.22725412876955406,-1.4816863776867142,Nature,1
saugeen/W/short|H=48|L=4096|Hsrc=controlled|Lsrc=controlled|origins=shared_origin_v1:Hmax=720,joint-scaling,release,standard_hl_shared_origin_v1,saugeen/W/short,TimesFM-2.5,timesfm25,timesfm-2.5-200m-pytorch,231.28928,200.0,48,controlled,shared_origin_v1:Hmax=720,720,720,4096,controlled,2671,2671,2671,2671,256,256,100,[],merged,2,1,48,1301.8571429252625,128,100,,float32,native_horizon,48,128,fixed_1024_median_feedback_sign_flip,297.17348225911456,297.17348225911456,9.100266774495443,0.7761947383785595,0.2736307978630066,0.3060638705889384,7.47294596210736,17.238720435667915,0.635598602664473,0.3355305208022029,0.3026195997508463,0.7761947383785595,2.4447283905978785,0.3174973307315888,-1.1472858678293332,0.3026195997508463,1.3379684481783347,0.2261784275726888,-1.4864310886690166,Nature,1
saugeen/W/short|H=48|L=6144|Hsrc=controlled|Lsrc=controlled|origins=shared_origin_v1:Hmax=720,joint-scaling-l6144,release,standard_hl_shared_origin_v1,saugeen/W/short,TimesFM-2.5,timesfm25,timesfm-2.5-200m-pytorch,231.28928,200.0,48,controlled,shared_origin_v1:Hmax=720,720,720,6144,controlled,2671,2671,2671,2671,256,256,100,[],merged,6,1,48,1301.8571429252625,128,100,,float32,native_horizon,48,128,fixed_1024_median_feedback_sign_flip,297.17348225911456,297.17348225911456,9.100266774495443,0.7761947383785595,0.2736307978630066,0.3060638705889384,7.47294596210736,17.238720435667915,0.635598602664473,0.3355305208022029,0.3026195997508463,0.7761947383785595,2.4447283905978785,0.3174973307315888,-1.1472858678293332,0.3026195997508463,1.3379684481783347,0.2261784275726888,-1.4864310886690166,Nature,1
saugeen/W/short|H=48|L=8192|Hsrc=controlled|Lsrc=controlled|origins=shared_origin_v1:Hmax=720,joint-scaling,release,standard_hl_shared_origin_v1,saugeen/W/short,TimesFM-2.5,timesfm25,timesfm-2.5-200m-pytorch,231.28928,200.0,48,controlled,shared_origin_v1:Hmax=720,720,720,8192,controlled,2671,2671,2671,2671,256,256,100,[],merged,2,1,48,1301.8571429252625,128,100,,float32,native_horizon,48,128,fixed_1024_median_feedback_sign_flip,297.17348225911456,297.17348225911456,9.100266774495443,0.7761947383785595,0.2736307978630066,0.3060638705889384,7.47294596210736,17.238720435667915,0.635598602664473,0.3355305208022029,0.3026195997508463,0.7761947383785595,2.4447283905978785,0.3174973307315888,-1.1472858678293332,0.3026195997508463,1.3379684481783347,0.2261784275726888,-1.4864310886690166,Nature,1
saugeen/W/short|H=96|L=128|Hsrc=controlled|Lsrc=controlled|origins=shared_origin_v1:Hmax=720,joint-scaling,release,standard_hl_shared_origin_v1,saugeen/W/short,TimesFM-2.5,timesfm25,timesfm-2.5-200m-pytorch,231.28928,200.0,96,controlled,shared_origin_v1:Hmax=720,720,720,128,controlled,2671,2671,128,128,256,256,100,[],merged,2,1,96,3321.7142910957336,128,100,,float32,native_horizon,96,128,fixed_1024_median_feedback_sign_flip,1347.8833821614583,1347.8833821614583,22.966341654459637,1.9588825915251629,0.5322281122207642,0.8155771891276041,18.20001754237282,36.71353132240834,1.0610482112802588,0.6637442614309969,0.543134200149548,1.9588825915251629,2.322296545884376,0.8435109611633091,-0.1701823822218516,0.543134200149548,1.4049036993226194,0.3865988824795768,-0.9503676028494957,Nature,1
saugeen/W/short|H=96|L=256|Hsrc=controlled|Lsrc=controlled|origins=shared_origin_v1:Hmax=720,joint-scaling,release,standard_hl_shared_origin_v1,saugeen/W/short,TimesFM-2.5,timesfm25,timesfm-2.5-200m-pytorch,231.28928,200.0,96,controlled,shared_origin_v1:Hmax=720,720,720,256,controlled,2671,2671,256,256,256,256,100,[],merged,2,1,96,3321.7142910957336,128,100,,float32,native_horizon,96,128,fixed_1024_median_feedback_sign_flip,925.3355305989584,925.3355305989584,17.61937967936198,1.5028207456650435,0.3997023105621338,0.5256891250610352,13.396867076756456,30.419328240428953,0.8791410865495826,0.509213105339288,0.4330644907281303,1.5028207456650435,2.322296545884376,0.6471269779599745,-0.43521274723010955,0.4330644907281303,1.4049036993226194,0.3082520822864473,-1.1768373817733226,Nature,1
saugeen/W/short|H=96|L=512|Hsrc=controlled|Lsrc=controlled|origins=shared_origin_v1:Hmax=720,joint-scaling,release,standard_hl_shared_origin_v1,saugeen/W/short,TimesFM-2.5,timesfm25,timesfm-2.5-200m-pytorch,231.28928,200.0,96,controlled,shared_origin_v1:Hmax=720,720,720,512,controlled,2671,2671,512,512,256,256,100,[],merged,2,1,96,3321.7142910957336,128,100,,float32,native_horizon,96,128,fixed_1024_median_feedback_sign_flip,909.2842610677084,909.2842610677084,17.932785034179688,1.5295524042523454,0.4208022753397624,0.5427613258361816,12.204400746991396,30.15434066710311,0.8714827496759169,0.5182707519114665,0.43224570053079425,1.5295524042523454,2.322296545884376,0.6586378500898393,-0.41758144016309107,0.43224570053079425,1.4049036993226194,0.3076692735161872,-1.1787298602162675,Nature,1
saugeen/W/short|H=96|L=1024|Hsrc=controlled|Lsrc=controlled|origins=shared_origin_v1:Hmax=720,joint-scaling,release,standard_hl_shared_origin_v1,saugeen/W/short,TimesFM-2.5,timesfm25,timesfm-2.5-200m-pytorch,231.28928,200.0,96,controlled,shared_origin_v1:Hmax=720,720,720,1024,controlled,2671,2671,1024,1024,256,256,100,[],merged,2,1,96,3321.7142910957336,128,100,,float32,native_horizon,96,128,fixed_1024_median_feedback_sign_flip,931.7459309895834,931.7459309895834,17.84857177734375,1.5223694274027586,0.41606593132019043,0.5478706359863281,12.815518256916468,30.524513607747846,0.8821810214680318,0.51583692649851,0.4382292687203162,1.5223694274027586,2.322296545884376,0.6555448011584629,-0.4222886315716235,0.4382292687203162,1.4049036993226194,0.3119283328327845,-1.1649818200173292,Nature,1
saugeen/W/short|H=96|L=2048|Hsrc=controlled|Lsrc=controlled|origins=shared_origin_v1:Hmax=720,joint-scaling,release,standard_hl_shared_origin_v1,saugeen/W/short,TimesFM-2.5,timesfm25,timesfm-2.5-200m-pytorch,231.28928,200.0,96,controlled,shared_origin_v1:Hmax=720,720,720,2048,controlled,2671,2671,2048,2048,256,256,100,[],merged,2,1,96,3321.7142910957336,128,100,,float32,native_horizon,96,128,fixed_1024_median_feedback_sign_flip,941.3353678385416,941.3353678385416,17.542723337809246,1.4962824898966953,0.39350183804829914,0.5319236914316813,13.225922607527254,30.681189152940952,0.886709060613017,0.5069976803676733,0.4344178144143112,1.4962824898966953,2.322296545884376,0.6443115512308019,-0.43957289465617155,0.4344178144143112,1.4049036993226194,0.3092153680168738,-1.1737172609914706,Nature,1
saugeen/W/short|H=96|L=4096|Hsrc=controlled|Lsrc=controlled|origins=shared_origin_v1:Hmax=720,joint-scaling,release,standard_hl_shared_origin_v1,saugeen/W/short,TimesFM-2.5,timesfm25,timesfm-2.5-200m-pytorch,231.28928,200.0,96,controlled,shared_origin_v1:Hmax=720,720,720,4096,controlled,2671,2671,2671,2671,256,256,100,[],merged,2,1,96,3321.7142910957336,128,100,,float32,native_horizon,96,128,fixed_1024_median_feedback_sign_flip,905.0133463541666,905.0133463541666,17.335063934326172,1.4785704427843882,0.39827489852905273,0.5248208045959473,13.011860160223074,30.083439736076834,0.8694336603256473,0.5009961700066486,0.4286886811919597,1.4785704427843882,2.322296545884376,0.6366845980134375,-0.4514808825871693,0.4286886811919597,1.4049036993226194,0.3051374136167866,-1.186993067387317,Nature,1
saugeen/W/short|H=96|L=6144|Hsrc=controlled|Lsrc=controlled|origins=shared_origin_v1:Hmax=720,joint-scaling-l6144,release,standard_hl_shared_origin_v1,saugeen/W/short,TimesFM-2.5,timesfm25,timesfm-2.5-200m-pytorch,231.28928,200.0,96,controlled,shared_origin_v1:Hmax=720,720,720,6144,controlled,2671,2671,2671,2671,256,256,100,[],merged,6,1,96,3321.7142910957336,128,100,,float32,native_horizon,96,128,fixed_1024_median_feedback_sign_flip,905.0133463541666,905.0133463541666,17.335063934326172,1.4785704427843882,0.39827489852905273,0.5248208045959473,13.011860160223074,30.083439736076834,0.8694336603256473,0.5009961700066486,0.4286886811919597,1.4785704427843882,2.322296545884376,0.6366845980134375,-0.4514808825871693,0.4286886811919597,1.4049036993226194,0.3051374136167866,-1.186993067387317,Nature,1
saugeen/W/short|H=96|L=8192|Hsrc=controlled|Lsrc=controlled|origins=shared_origin_v1:Hmax=720,joint-scaling,release,standard_hl_shared_origin_v1,saugeen/W/short,TimesFM-2.5,timesfm25,timesfm-2.5-200m-pytorch,231.28928,200.0,96,controlled,shared_origin_v1:Hmax=720,720,720,8192,controlled,2671,2671,2671,2671,256,256,100,[],merged,2,1,96,3321.7142910957336,128,100,,float32,native_horizon,96,128,fixed_1024_median_feedback_sign_flip,905.0133463541666,905.0133463541666,17.335063934326172,1.4785704427843882,0.39827489852905273,0.5248208045959473,13.011860160223074,30.083439736076834,0.8694336603256473,0.5009961700066486,0.4286886811919597,1.4785704427843882,2.322296545884376,0.6366845980134375,-0.4514808825871693,0.4286886811919597,1.4049036993226194,0.3051374136167866,-1.186993067387317,Nature,1
saugeen/W/short|H=192|L=128|Hsrc=controlled|Lsrc=controlled|origins=shared_origin_v1:Hmax=720,joint-scaling,release,standard_hl_shared_origin_v1,saugeen/W/short,TimesFM-2.5,timesfm25,timesfm-2.5-200m-pytorch,231.28928,200.0,192,controlled,shared_origin_v1:Hmax=720,720,720,128,controlled,2671,2671,128,128,256,256,100,[],merged,2,1,192,6644.128565788269,128,100,,float32,native_horizon,192,128,fixed_1024_median_feedback_sign_flip,1593.0447591145833,1593.0447591145833,24.5224609375,2.0916095578821277,0.5653286774953207,0.8722903728485107,23.428714601226016,39.91296479985649,1.1533926783163118,0.7086425937396651,0.5861524324739928,2.0916095578821277,2.5613281149382647,0.8166113297563757,-0.20259202588924038,0.5861524324739928,1.9253131793188218,0.304445239751267,-1.1892640446179725,Nature,1
saugeen/W/short|H=192|L=256|Hsrc=controlled|Lsrc=controlled|origins=shared_origin_v1:Hmax=720,joint-scaling,release,standard_hl_shared_origin_v1,saugeen/W/short,TimesFM-2.5,timesfm25,timesfm-2.5-200m-pytorch,231.28928,200.0,192,controlled,shared_origin_v1:Hmax=720,720,720,256,controlled,2671,2671,256,256,256,256,100,[],merged,2,1,192,6644.128565788269,128,100,,float32,native_horizon,192,128,fixed_1024_median_feedback_sign_flip,1064.4130859375,1064.4130859375,18.174570719401043,1.550175031534713,0.3907308578491211,0.519222100575765,14.700881968550709,32.62534422711123,0.9427972426451953,0.5252031991212679,0.44392100871810775,1.550175031534713,2.5613281149382647,0.6052231350187933,-0.5021580707351327,0.44392100871810775,1.9253131793188218,0.23057080452499035,-1.4671972857323263,Nature,1
saugeen/W/short|H=192|L=512|Hsrc=controlled|Lsrc=controlled|origins=shared_origin_v1:Hmax=720,joint-scaling,release,standard_hl_shared_origin_v1,saugeen/W/short,TimesFM-2.5,timesfm25,timesfm-2.5-200m-pytorch,231.28928,200.0,192,controlled,shared_origin_v1:Hmax=720,720,720,512,controlled,2671,2671,512,512,256,256,100,[],merged,2,1,192,6644.128565788269,128,100,,float32,native_horizon,192,128,fixed_1024_median_feedback_sign_flip,983.08203125,983.08203125,17.663959503173828,1.5066232501004355,0.38687459627787274,0.49982937177022296,12.348733466410204,31.354138981161643,0.9060623413250907,0.5104477119953209,0.426451166479435,1.5066232501004355,2.5613281149382647,0.588219541773448,-0.5306550304058721,0.426451166479435,1.9253131793188218,0.22149703801971268,-1.507346061957858,Nature,1
saugeen/W/short|H=192|L=1024|Hsrc=controlled|Lsrc=controlled|origins=shared_origin_v1:Hmax=720,joint-scaling,release,standard_hl_shared_origin_v1,saugeen/W/short,TimesFM-2.5,timesfm25,timesfm-2.5-200m-pytorch,231.28928,200.0,192,controlled,shared_origin_v1:Hmax=720,720,720,1024,controlled,2671,2671,1024,1024,256,256,100,[],merged,2,1,192,6644.128565788269,128,100,,float32,native_horizon,192,128,fixed_1024_median_feedback_sign_flip,957.029296875,957.029296875,17.45004399617513,1.4883775142009494,0.38876016934712726,0.4962124824523926,12.616404288006002,30.935890109628332,0.8939759130539863,0.504266046945184,0.42161349190331276,1.4883775142009494,2.5613281149382647,0.5810959968464734,-0.5428393088484449,0.42161349190331276,1.9253131793188218,0.2189843691053318,-1.5187549256611343,Nature,1
saugeen/W/short|H=192|L=2048|Hsrc=controlled|Lsrc=controlled|origins=shared_origin_v1:Hmax=720,joint-scaling,release,standard_hl_shared_origin_v1,saugeen/W/short,TimesFM-2.5,timesfm25,timesfm-2.5-200m-pytorch,231.28928,200.0,192,controlled,shared_origin_v1:Hmax=720,720,720,2048,controlled,2671,2671,2048,2048,256,256,100,[],merged,2,1,192,6644.128565788269,128,100,,float32,native_horizon,192,128,fixed_1024_median_feedback_sign_flip,957.10302734375,957.10302734375,17.179039001464844,1.4652624919548904,0.3705019950866699,0.47718457380930585,12.916656922836845,30.937081752223335,0.8940103487780959,0.4964346272986254,0.41875487607171186,1.4652624919548904,2.5613281149382647,0.5720713732103032,-0.5584915170468178,0.41875487607171186,1.9253131793188218,0.2174996154235374,-1.5255581966226055,Nature,1
saugeen/W/short|H=192|L=4096|Hsrc=controlled|Lsrc=controlled|origins=shared_origin_v1:Hmax=720,joint-scaling,release,standard_hl_shared_origin_v1,saugeen/W/short,TimesFM-2.5,timesfm25,timesfm-2.5-200m-pytorch,231.28928,200.0,192,controlled,shared_origin_v1:Hmax=720,720,720,4096,controlled,2671,2671,2671,2671,256,256,100,[],merged,2,1,192,6644.128565788269,128,100,,float32,native_horizon,192,128,fixed_1024_median_feedback_sign_flip,924.0807291666666,924.0807291666666,17.007639567057293,1.4506431640688946,0.3729008436203003,0.46855958302815753,12.72267262896562,30.39869617543928,0.8784522466554476,0.49148157874148246,0.4136808584199024,1.4506431640688946,2.5613281149382647,0.5663636593876451,-0.5685188993466668,0.4136808584199024,1.9253131793188218,0.21486419085660816,-1.5377491208766774,Nature,1
saugeen/W/short|H=192|L=6144|Hsrc=controlled|Lsrc=controlled|origins=shared_origin_v1:Hmax=720,joint-scaling-l6144,release,standard_hl_shared_origin_v1,saugeen/W/short,TimesFM-2.5,timesfm25,timesfm-2.5-200m-pytorch,231.28928,200.0,192,controlled,shared_origin_v1:Hmax=720,720,720,6144,controlled,2671,2671,2671,2671,256,256,100,[],merged,6,1,192,6644.128565788269,128,100,,float32,native_horizon,192,128,fixed_1024_median_feedback_sign_flip,924.0807291666666,924.0807291666666,17.007639567057293,1.4506431640688946,0.3729008436203003,0.46855958302815753,12.72267262896562,30.39869617543928,0.8784522466554476,0.49148157874148246,0.4136808584199024,1.4506431640688946,2.5613281149382647,0.5663636593876451,-0.5685188993466668,0.4136808584199024,1.9253131793188218,0.21486419085660816,-1.5377491208766774,Nature,1
saugeen/W/short|H=192|L=8192|Hsrc=controlled|Lsrc=controlled|origins=shared_origin_v1:Hmax=720,joint-scaling,release,standard_hl_shared_origin_v1,saugeen/W/short,TimesFM-2.5,timesfm25,timesfm-2.5-200m-pytorch,231.28928,200.0,192,controlled,shared_origin_v1:Hmax=720,720,720,8192,controlled,2671,2671,2671,2671,256,256,100,[],merged,2,1,192,6644.128565788269,128,100,,float32,native_horizon,192,128,fixed_1024_median_feedback_sign_flip,924.0807291666666,924.0807291666666,17.007639567057293,1.4506431640688946,0.3729008436203003,0.46855958302815753,12.72267262896562,30.39869617543928,0.8784522466554476,0.49148157874148246,0.4136808584199024,1.4506431640688946,2.5613281149382647,0.5663636593876451,-0.5685188993466668,0.4136808584199024,1.9253131793188218,0.21486419085660816,-1.5377491208766774,Nature,1
saugeen/W/short|H=336|L=128|Hsrc=controlled|Lsrc=controlled|origins=shared_origin_v1:Hmax=720,joint-scaling,release,standard_hl_shared_origin_v1,saugeen/W/short,TimesFM-2.5,timesfm25,timesfm-2.5-200m-pytorch,231.28928,200.0,336,controlled,shared_origin_v1:Hmax=720,720,720,128,controlled,2671,2671,128,128,256,256,100,[],merged,2,1,336,10768.314269065857,128,100,,float32,native_horizon,336,128,fixed_1024_median_feedback_sign_flip,1684.3869047619048,1684.3869047619048,22.852443150111608,1.9491677401103435,0.5565287272135416,0.852790287562779,23.742035646041742,41.041282932699666,1.280597010899028,0.7130569099840729,0.5875788465240049,1.9491677401103435,2.6937625935473966,0.7235855694111109,-0.3235364684305714,0.5875788465240049,2.7050943488662202,0.21721196037775004,-1.5268816262425415,Nature,1
saugeen/W/short|H=336|L=256|Hsrc=controlled|Lsrc=controlled|origins=shared_origin_v1:Hmax=720,joint-scaling,release,standard_hl_shared_origin_v1,saugeen/W/short,TimesFM-2.5,timesfm25,timesfm-2.5-200m-pytorch,231.28928,200.0,336,controlled,shared_origin_v1:Hmax=720,720,720,256,controlled,2671,2671,256,256,256,256,100,[],merged,2,1,336,10768.314269065857,128,100,,float32,native_horizon,336,128,fixed_1024_median_feedback_sign_flip,1188.5663132440477,1188.5663132440477,16.78500511532738,1.431654023941232,0.36818029766991023,0.48261619749523343,16.99232659730543,34.47559010726354,1.0757299598245693,0.523736731472571,0.44998308613837595,1.431654023941232,2.6937625935473966,0.5314700068115124,-0.6321085140031363,0.44998308613837595,2.7050943488662202,0.16634654030717128,-1.793682074406476,Nature,1
saugeen/W/short|H=336|L=512|Hsrc=controlled|Lsrc=controlled|origins=shared_origin_v1:Hmax=720,joint-scaling,release,standard_hl_shared_origin_v1,saugeen/W/short,TimesFM-2.5,timesfm25,timesfm-2.5-200m-pytorch,231.28928,200.0,336,controlled,shared_origin_v1:Hmax=720,720,720,512,controlled,2671,2671,512,512,256,256,100,[],merged,2,1,336,10768.314269065857,128,100,,float32,native_horizon,336,128,fixed_1024_median_feedback_sign_flip,1089.6592261904761,1089.6592261904761,16.053706577845983,1.3692788794601713,0.35561048416864305,0.45129317329043434,14.61189953549926,33.00998676446987,1.0299992436814387,0.5009182751706762,0.42956430600251766,1.3692788794601713,2.6937625935473966,0.5083146089934295,-0.6766547140541753,0.42956430600251766,2.7050943488662202,0.15879827118878864,-1.840120616948837,Nature,1
saugeen/W/short|H=336|L=1024|Hsrc=controlled|Lsrc=controlled|origins=shared_origin_v1:Hmax=720,joint-scaling,release,standard_hl_shared_origin_v1,saugeen/W/short,TimesFM-2.5,timesfm25,timesfm-2.5-200m-pytorch,231.28928,200.0,336,controlled,shared_origin_v1:Hmax=720,720,720,1024,controlled,2671,2671,1024,1024,256,256,100,[],merged,2,1,336,10768.314269065857,128,100,,float32,native_horizon,336,128,fixed_1024_median_feedback_sign_flip,1036.4886532738096,1036.4886532738096,15.736578078497024,1.3422298387981737,0.3576124736240932,0.4417946679251535,14.433124380097643,32.194543843232346,1.0045552591644844,0.4910230238696113,0.4219127587921062,1.3422298387981737,2.6937625935473966,0.4982732487314708,-0.6966066602021568,0.4219127587921062,2.7050943488662202,0.15596970174771962,-1.858093510161562,Nature,1
saugeen/W/short|H=336|L=2048|Hsrc=controlled|Lsrc=controlled|origins=shared_origin_v1:Hmax=720,joint-scaling,release,standard_hl_shared_origin_v1,saugeen/W/short,TimesFM-2.5,timesfm25,timesfm-2.5-200m-pytorch,231.28928,200.0,336,controlled,shared_origin_v1:Hmax=720,720,720,2048,controlled,2671,2671,2048,2048,256,256,100,[],merged,2,1,336,10768.314269065857,128,100,,float32,native_horizon,336,128,fixed_1024_median_feedback_sign_flip,1072.8087797619048,1072.8087797619048,15.819636753627233,1.3493141801926118,0.34963194529215497,0.4408748263404483,15.093431644308307,32.75375978054893,1.022004281383138,0.4936146750924884,0.4249522449250666,1.3493141801926118,2.6937625935473966,0.5009031543554511,-0.6913425012627683,0.4249522449250666,2.7050943488662202,0.1570933173192927,-1.8509152723764777,Nature,1
saugeen/W/short|H=336|L=4096|Hsrc=controlled|Lsrc=controlled|origins=shared_origin_v1:Hmax=720,joint-scaling,release,standard_hl_shared_origin_v1,saugeen/W/short,TimesFM-2.5,timesfm25,timesfm-2.5-200m-pytorch,231.28928,200.0,336,controlled,shared_origin_v1:Hmax=720,720,720,4096,controlled,2671,2671,2671,2671,256,256,100,[],merged,2,1,336,10768.314269065857,128,100,,float32,native_horizon,336,128,fixed_1024_median_feedback_sign_flip,1039.420200892857,1039.420200892857,15.605925060453869,1.3310858125773415,0.3488404864356631,0.43031070345924016,14.8551737204342,32.24004033640245,1.0059748705654137,0.48694630276307654,0.41975852853829415,1.3310858125773415,2.6937625935473966,0.4941362745795813,-0.7049439403636062,0.41975852853829415,2.7050943488662202,0.15517334126043572,-1.8632124562163654,Nature,1
saugeen/W/short|H=336|L=6144|Hsrc=controlled|Lsrc=controlled|origins=shared_origin_v1:Hmax=720,joint-scaling-l6144,release,standard_hl_shared_origin_v1,saugeen/W/short,TimesFM-2.5,timesfm25,timesfm-2.5-200m-pytorch,231.28928,200.0,336,controlled,shared_origin_v1:Hmax=720,720,720,6144,controlled,2671,2671,2671,2671,256,256,100,[],merged,6,1,336,10768.314269065857,128,100,,float32,native_horizon,336,128,fixed_1024_median_feedback_sign_flip,1039.420200892857,1039.420200892857,15.605925060453869,1.3310858125773415,0.3488404864356631,0.43031070345924016,14.8551737204342,32.24004033640245,1.0059748705654137,0.48694630276307654,0.41975852853829415,1.3310858125773415,2.6937625935473966,0.4941362745795813,-0.7049439403636062,0.41975852853829415,2.7050943488662202,0.15517334126043572,-1.8632124562163654,Nature,1
saugeen/W/short|H=336|L=8192|Hsrc=controlled|Lsrc=controlled|origins=shared_origin_v1:Hmax=720,joint-scaling,release,standard_hl_shared_origin_v1,saugeen/W/short,TimesFM-2.5,timesfm25,timesfm-2.5-200m-pytorch,231.28928,200.0,336,controlled,shared_origin_v1:Hmax=720,720,720,8192,controlled,2671,2671,2671,2671,256,256,100,[],merged,2,1,336,10768.314269065857,128,100,,float32,native_horizon,336,128,fixed_1024_median_feedback_sign_flip,1039.420200892857,1039.420200892857,15.605925060453869,1.3310858125773415,0.3488404864356631,0.43031070345924016,14.8551737204342,32.24004033640245,1.0059748705654137,0.48694630276307654,0.41975852853829415,1.3310858125773415,2.6937625935473966,0.4941362745795813,-0.7049439403636062,0.41975852853829415,2.7050943488662202,0.15517334126043572,-1.8632124562163654,Nature,1
saugeen/W/short|H=720|L=128|Hsrc=controlled|Lsrc=controlled|origins=shared_origin_v1:Hmax=720,joint-scaling,release,standard_hl_shared_origin_v1,saugeen/W/short,TimesFM-2.5,timesfm25,timesfm-2.5-200m-pytorch,231.28928,200.0,720,controlled,shared_origin_v1:Hmax=720,720,720,128,controlled,2671,2671,128,128,256,256,100,[],merged,2,1,720,23266.02853870392,128,100,,float32,native_horizon,720,128,fixed_1024_median_feedback_sign_flip,1882.6708333333333,1882.6708333333333,23.85075412326389,2.03431723530494,0.5660924275716146,0.8714771694607205,22.466150187484192,43.38975493516106,1.3427570374267357,0.7380951562138259,0.602012903825465,2.03431723530494,2.73253347642006,0.7444802608494059,-0.2950689405078702,0.602012903825465,3.8595468091044376,0.15598020534570353,-1.8580261685932589,Nature,1
saugeen/W/short|H=720|L=256|Hsrc=controlled|Lsrc=controlled|origins=shared_origin_v1:Hmax=720,joint-scaling,release,standard_hl_shared_origin_v1,saugeen/W/short,TimesFM-2.5,timesfm25,timesfm-2.5-200m-pytorch,231.28928,200.0,720,controlled,shared_origin_v1:Hmax=720,720,720,256,controlled,2671,2671,256,256,256,256,100,[],merged,2,1,720,23266.02853870392,128,100,,float32,native_horizon,720,128,fixed_1024_median_feedback_sign_flip,1434.404079861111,1434.404079861111,18.311284722222222,1.5618359635682908,0.38250986735026044,0.5204052395290799,18.12040508260634,37.873527428285726,1.1720496131517595,0.5666684788109715,0.4810189153925956,1.5618359635682908,2.73253347642006,0.571570660358196,-0.5593671632182662,0.4810189153925956,3.8595468091044376,0.12463093186430621,-2.0823984541252973,Nature,1
saugeen/W/short|H=720|L=512|Hsrc=controlled|Lsrc=controlled|origins=shared_origin_v1:Hmax=720,joint-scaling,release,standard_hl_shared_origin_v1,saugeen/W/short,TimesFM-2.5,timesfm25,timesfm-2.5-200m-pytorch,231.28928,200.0,720,controlled,shared_origin_v1:Hmax=720,720,720,512,controlled,2671,2671,512,512,256,256,100,[],merged,2,1,720,23266.02853870392,128,100,,float32,native_horizon,720,128,fixed_1024_median_feedback_sign_flip,1321.3479166666666,1321.3479166666666,17.307416449652777,1.4762123430636969,0.36437055799696183,0.479022216796875,16.233709151437907,36.350349608589276,1.1249127316527505,0.5356023621745366,0.45507351432935983,1.4762123430636969,2.73253347642006,0.5402357759941183,-0.6157496125042279,0.45507351432935983,3.8595468091044376,0.11790853611513893,-2.137846072743809,Nature,1
saugeen/W/short|H=720|L=1024|Hsrc=controlled|Lsrc=controlled|origins=shared_origin_v1:Hmax=720,joint-scaling,release,standard_hl_shared_origin_v1,saugeen/W/short,TimesFM-2.5,timesfm25,timesfm-2.5-200m-pytorch,231.28928,200.0,720,controlled,shared_origin_v1:Hmax=720,720,720,1024,controlled,2671,2671,1024,1024,256,256,100,[],merged,2,1,720,23266.02853870392,128,100,,float32,native_horizon,720,128,fixed_1024_median_feedback_sign_flip,1230.3678819444444,1230.3678819444444,16.546831597222223,1.4113392229655106,0.35555362701416016,0.4511189354790582,15.611996023556618,35.07660020504331,1.0854947635613137,0.51206499339503,0.4372555354429206,1.4113392229655106,2.73253347642006,0.5164947603183735,-0.6606901350656266,0.4372555354429206,3.8595468091044376,0.1132919373879496,-2.1777872751047367,Nature,1
saugeen/W/short|H=720|L=2048|Hsrc=controlled|Lsrc=controlled|origins=shared_origin_v1:Hmax=720,joint-scaling,release,standard_hl_shared_origin_v1,saugeen/W/short,TimesFM-2.5,timesfm25,timesfm-2.5-200m-pytorch,231.28928,200.0,720,controlled,shared_origin_v1:Hmax=720,720,720,2048,controlled,2671,2671,2048,2048,256,256,100,[],merged,2,1,720,23266.02853870392,128,100,,float32,native_horizon,720,128,fixed_1024_median_feedback_sign_flip,1289.9256944444444,1289.9256944444444,16.940304904513887,1.4449000758807267,0.35556759304470487,0.4618599361843533,16.216413690759573,35.915535558368674,1.11145679886912,0.5242415787017451,0.4478010262331469,1.4449000758807267,2.73253347642006,0.5287767152165747,-0.6371890246657134,0.4478010262331469,3.8595468091044376,0.11602425061326146,-2.1539560527142694,Nature,1
saugeen/W/short|H=720|L=4096|Hsrc=controlled|Lsrc=controlled|origins=shared_origin_v1:Hmax=720,joint-scaling,release,standard_hl_shared_origin_v1,saugeen/W/short,TimesFM-2.5,timesfm25,timesfm-2.5-200m-pytorch,231.28928,200.0,720,controlled,shared_origin_v1:Hmax=720,720,720,4096,controlled,2671,2671,2671,2671,256,256,100,[],merged,2,1,720,23266.02853870392,128,100,,float32,native_horizon,720,128,fixed_1024_median_feedback_sign_flip,1253.9824652777777,1253.9824652777777,16.619764539930557,1.4175599944405697,0.35213474697536895,0.44656889173719616,15.834462913265588,35.411614835782025,1.0958622628416748,0.5143220059600514,0.4403179586746377,1.4175599944405697,2.73253347642006,0.518771318511984,-0.6562921123549273,0.4403179586746377,3.8595468091044376,0.1140854044407375,-2.170807949308383,Nature,1
saugeen/W/short|H=720|L=6144|Hsrc=controlled|Lsrc=controlled|origins=shared_origin_v1:Hmax=720,joint-scaling-l6144,release,standard_hl_shared_origin_v1,saugeen/W/short,TimesFM-2.5,timesfm25,timesfm-2.5-200m-pytorch,231.28928,200.0,720,controlled,shared_origin_v1:Hmax=720,720,720,6144,controlled,2671,2671,2671,2671,256,256,100,[],merged,6,1,720,23266.02853870392,128,100,,float32,native_horizon,720,128,fixed_1024_median_feedback_sign_flip,1253.9824652777777,1253.9824652777777,16.619764539930557,1.4175599944405697,0.35213474697536895,0.44656889173719616,15.834462913265588,35.411614835782025,1.0958622628416748,0.5143220059600514,0.4403179586746377,1.4175599944405697,2.73253347642006,0.518771318511984,-0.6562921123549273,0.4403179586746377,3.8595468091044376,0.1140854044407375,-2.170807949308383,Nature,1
saugeen/W/short|H=720|L=8192|Hsrc=controlled|Lsrc=controlled|origins=shared_origin_v1:Hmax=720,joint-scaling,release,standard_hl_shared_origin_v1,saugeen/W/short,TimesFM-2.5,timesfm25,timesfm-2.5-200m-pytorch,231.28928,200.0,720,controlled,shared_origin_v1:Hmax=720,720,720,8192,controlled,2671,2671,2671,2671,256,256,100,[],merged,2,1,720,23266.02853870392,128,100,,float32,native_horizon,720,128,fixed_1024_median_feedback_sign_flip,1253.9824652777777,1253.9824652777777,16.619764539930557,1.4175599944405697,0.35213474697536895,0.44656889173719616,15.834462913265588,35.411614835782025,1.0958622628416748,0.5143220059600514,0.4403179586746377,1.4175599944405697,2.73253347642006,0.518771318511984,-0.6562921123549273,0.4403179586746377,3.8595468091044376,0.1140854044407375,-2.170807949308383,Nature,1
solar/10T/short|H=48|L=128|Hsrc=controlled|Lsrc=controlled|origins=shared_origin_v1:Hmax=720,joint-scaling,release,standard_hl_shared_origin_v1,solar/10T/short,TimesFM-2.5,timesfm25,timesfm-2.5-200m-pytorch,231.28928,200.0,48,controlled,shared_origin_v1:Hmax=720,720,720,128,controlled,46800,51840,128,128,256,256,100,[],merged,2,137,52608,25625.249984469265,128,100,,float32,native_horizon,48,128,fixed_1024_median_feedback_sign_flip,21.835573962135037,21.835573962135037,2.077630954937343,0.9154070721396342,3.7792198483937964,1.9418946094551228,7.542802627818288,4.672855011888881,9.59325495807614,4.265324605363357,3.5754851793719813,0.9154070721396342,0.06312709153425175,14.501017707159042,2.674218833664181,3.5754851793719813,2.7053515916525894,1.3216341973458106,0.2788689991654617,Energy,1
solar/10T/short|H=48|L=256|Hsrc=controlled|Lsrc=controlled|origins=shared_origin_v1:Hmax=720,joint-scaling,release,standard_hl_shared_origin_v1,solar/10T/short,TimesFM-2.5,timesfm25,timesfm-2.5-200m-pytorch,231.28928,200.0,48,controlled,shared_origin_v1:Hmax=720,720,720,256,controlled,46800,51840,256,256,256,256,100,[],merged,2,137,52608,25625.249984469265,128,100,,float32,native_horizon,48,128,fixed_1024_median_feedback_sign_flip,2.501506670838145,2.501506670838145,0.4744654142653565,0.1899984734447283,3.6721099048531345,1.8345048391782521,2.4200450476104836,1.5816152094735765,3.247016633609993,0.9740656785319102,0.8907592123638841,0.1899984734447283,0.06312709153425175,3.0097770834513766,1.1018660173642791,0.8907592123638841,2.7053515916525894,0.3292582062576774,-1.1109130145761732,Energy,1
solar/10T/short|H=48|L=512|Hsrc=controlled|Lsrc=controlled|origins=shared_origin_v1:Hmax=720,joint-scaling,release,standard_hl_shared_origin_v1,solar/10T/short,TimesFM-2.5,timesfm25,timesfm-2.5-200m-pytorch,231.28928,200.0,48,controlled,shared_origin_v1:Hmax=720,720,720,512,controlled,46800,51840,512,512,256,256,100,[],merged,2,137,52608,25625.249984469265,128,100,,float32,native_horizon,48,128,fixed_1024_median_feedback_sign_flip,1.3894985366041643,1.3894985366041643,0.2881405806019358,0.11655900279130912,2.5960142534951225,1.7498862146774117,1.1574503023538107,1.1787699252204242,2.4199852982343675,0.5915454355955073,0.4979101952979735,0.11655900279130912,0.06312709153425175,1.8464180743709073,0.6132475862627759,0.4979101952979735,2.7053515916525894,0.18404639043379215,-1.692567431227759,Energy,1
solar/10T/short|H=48|L=1024|Hsrc=controlled|Lsrc=controlled|origins=shared_origin_v1:Hmax=720,joint-scaling,release,standard_hl_shared_origin_v1,solar/10T/short,TimesFM-2.5,timesfm25,timesfm-2.5-200m-pytorch,231.28928,200.0,48,controlled,shared_origin_v1:Hmax=720,720,720,1024,controlled,46800,51840,1024,1024,256,256,100,[],merged,2,137,52608,25625.249984469265,128,100,,float32,native_horizon,48,128,fixed_1024_median_feedback_sign_flip,1.2731090183675724,1.2731090183675724,0.2800190895433263,0.11566315769964122,2.1927690926922287,1.793716098165369,0.9602424886423371,1.1283213276223987,2.316415583829808,0.5748722167246563,0.47171592870019097,0.11566315769964122,0.06312709153425175,1.832226939156293,0.6055321336653665,0.47171592870019097,2.7053515916525894,0.1743640013947462,-1.7466102028345145,Energy,1
solar/10T/short|H=48|L=2048|Hsrc=controlled|Lsrc=controlled|origins=shared_origin_v1:Hmax=720,joint-scaling,release,standard_hl_shared_origin_v1,solar/10T/short,TimesFM-2.5,timesfm25,timesfm-2.5-200m-pytorch,231.28928,200.0,48,controlled,shared_origin_v1:Hmax=720,720,720,2048,controlled,46800,51840,2048,2048,256,256,100,[],merged,2,137,52608,25625.249984469265,128,100,,float32,native_horizon,48,128,fixed_1024_median_feedback_sign_flip,1.0096632129084455,1.0096632129084455,0.25882901472476855,0.1075803547285793,2.57322044579179,1.7862215638305914,0.7813383181013961,1.004819990300972,2.06287041421221,0.5313695208785546,0.42446295398187667,0.1075803547285793,0.06312709153425175,1.7041867780366202,0.533088033924058,0.42446295398187667,2.7053515916525894,0.156897519454242,-1.852162429092523,Energy,1
solar/10T/short|H=48|L=4096|Hsrc=controlled|Lsrc=controlled|origins=shared_origin_v1:Hmax=720,joint-scaling,release,standard_hl_shared_origin_v1,solar/10T/short,TimesFM-2.5,timesfm25,timesfm-2.5-200m-pytorch,231.28928,200.0,48,controlled,shared_origin_v1:Hmax=720,720,720,4096,controlled,46800,51840,4096,4096,256,256,100,[],merged,2,137,52608,25625.249984469265,128,100,,float32,native_horizon,48,128,fixed_1024_median_feedback_sign_flip,0.9250734310660629,0.9250734310660629,0.24034285951414827,0.09967398111419241,2.9671876569617095,1.7377182453002846,0.8022118379383496,0.9618073773194209,1.9745665910259047,0.4934179046441871,0.39791749129949205,0.09967398111419241,0.06312709153425175,1.5789414448170942,0.45675465087283723,0.39791749129949205,2.7053515916525894,0.14708531509444966,-1.9167424857635407,Energy,1
solar/10T/short|H=48|L=6144|Hsrc=controlled|Lsrc=controlled|origins=shared_origin_v1:Hmax=720,joint-scaling-l6144,release,standard_hl_shared_origin_v1,solar/10T/short,TimesFM-2.5,timesfm25,timesfm-2.5-200m-pytorch,231.28928,200.0,48,controlled,shared_origin_v1:Hmax=720,720,720,6144,controlled,46800,51840,6144,6144,256,256,100,[],merged,6,137,52608,25625.249984469265,128,100,,float32,native_horizon,48,128,fixed_1024_median_feedback_sign_flip,0.9669031760408351,0.9669031760408351,0.24949716767545455,0.10319851437984175,2.9947519107514755,1.744054967317063,0.8791080425935146,0.9833123491753956,2.018715762647051,0.5122114713037076,0.4162442295111182,0.10319851437984175,0.06312709153425175,1.634773785259026,0.4915044371371761,0.4162442295111182,2.7053515916525894,0.15385956886175062,-1.8717149831017024,Energy,1
solar/10T/short|H=48|L=8192|Hsrc=controlled|Lsrc=controlled|origins=shared_origin_v1:Hmax=720,joint-scaling,release,standard_hl_shared_origin_v1,solar/10T/short,TimesFM-2.5,timesfm25,timesfm-2.5-200m-pytorch,231.28928,200.0,48,controlled,shared_origin_v1:Hmax=720,720,720,8192,controlled,46800,51840,8192,8192,256,256,100,[],merged,2,137,52608,25625.249984469265,128,100,,float32,native_horizon,48,128,fixed_1024_median_feedback_sign_flip,0.8864860801511147,0.8864860801511147,0.2473401826083515,0.10239041322494283,3.171695160293977,1.7405535927086837,0.922398099835396,0.9415338975050844,1.9329456418949102,0.5077832346824481,0.4152249478146074,0.10239041322494283,0.06312709153425175,1.621972606949386,0.4836430671100341,0.4152249478146074,2.7053515916525894,0.1534828038972056,-1.87416674495865,Energy,1
solar/10T/short|H=96|L=128|Hsrc=controlled|Lsrc=controlled|origins=shared_origin_v1:Hmax=720,joint-scaling,release,standard_hl_shared_origin_v1,solar/10T/short,TimesFM-2.5,timesfm25,timesfm-2.5-200m-pytorch,231.28928,200.0,96,controlled,shared_origin_v1:Hmax=720,720,720,128,controlled,46800,51840,128,128,256,256,100,[],merged,2,137,105216,788758.9999858476,128,100,,float32,native_horizon,96,128,fixed_1024_median_feedback_sign_flip,155.28322302454,155.28322302454,7.875661362696738,3.4302494873813383,1.2135937743012244,1.8717085136863352,59.66646561998684,12.461268917110328,1.6622629604305057,1.0505687871103442,0.9165273343853759,3.4302494873813383,1.1131332342854092,3.0816162717335747,1.1254542228951037,0.9165273343853759,0.37923992534823775,2.4167480086485438,0.8824228383831523,Energy,1
solar/10T/short|H=96|L=256|Hsrc=controlled|Lsrc=controlled|origins=shared_origin_v1:Hmax=720,joint-scaling,release,standard_hl_shared_origin_v1,solar/10T/short,TimesFM-2.5,timesfm25,timesfm-2.5-200m-pytorch,231.28928,200.0,96,controlled,shared_origin_v1:Hmax=720,720,720,256,controlled,46800,51840,256,256,256,256,100,[],merged,2,137,105216,788758.9999858476,128,100,,float32,native_horizon,96,128,fixed_1024_median_feedback_sign_flip,40.59256575461432,40.59256575461432,3.110930514741698,1.3378681487410993,1.6865328047659376,1.1255974366513646,15.40490801988484,6.371229532406937,0.8498860697548379,0.41498057714071784,0.34103177821391434,1.3378681487410993,1.1131332342854092,1.2018939939386157,0.18389864082510357,0.34103177821391434,0.37923992534823775,0.8992507260430486,-0.1061933890194085,Energy,1
solar/10T/short|H=96|L=512|Hsrc=controlled|Lsrc=controlled|origins=shared_origin_v1:Hmax=720,joint-scaling,release,standard_hl_shared_origin_v1,solar/10T/short,TimesFM-2.5,timesfm25,timesfm-2.5-200m-pytorch,231.28928,200.0,96,controlled,shared_origin_v1:Hmax=720,720,720,512,controlled,46800,51840,512,512,256,256,100,[],merged,2,137,105216,788758.9999858476,128,100,,float32,native_horizon,96,128,fixed_1024_median_feedback_sign_flip,31.28793372086945,31.28793372086945,2.761575907686331,1.2038702068072702,1.8485990720742005,0.9502422617112247,11.805933578083286,5.593561809872977,0.7461495835840287,0.36837864380417645,0.297692212548034,1.2038702068072702,1.1131332342854092,1.0815149253719936,0.07836276693710198,0.297692212548034,0.37923992534823775,0.7849706548557027,-0.24210894424788934,Energy,1
solar/10T/short|H=96|L=1024|Hsrc=controlled|Lsrc=controlled|origins=shared_origin_v1:Hmax=720,joint-scaling,release,standard_hl_shared_origin_v1,solar/10T/short,TimesFM-2.5,timesfm25,timesfm-2.5-200m-pytorch,231.28928,200.0,96,controlled,shared_origin_v1:Hmax=720,720,720,1024,controlled,46800,51840,1024,1024,256,256,100,[],merged,2,137,105216,788758.9999858476,128,100,,float32,native_horizon,96,128,fixed_1024_median_feedback_sign_flip,35.78148036687624,35.78148036687624,3.0605360063613185,1.3434952134602944,2.5418445462035484,1.0367084830271487,13.86206951411543,5.981762312803497,0.7979333402410944,0.40825823407541506,0.3357045875501378,1.3434952134602944,1.1131332342854092,1.2069491522484002,0.18809581384474716,0.3357045875501378,0.37923992534823775,0.8852037064448751,-0.12193748368694664,Energy,1
solar/10T/short|H=96|L=2048|Hsrc=controlled|Lsrc=controlled|origins=shared_origin_v1:Hmax=720,joint-scaling,release,standard_hl_shared_origin_v1,solar/10T/short,TimesFM-2.5,timesfm25,timesfm-2.5-200m-pytorch,231.28928,200.0,96,controlled,shared_origin_v1:Hmax=720,720,720,2048,controlled,46800,51840,2048,2048,256,256,100,[],merged,2,137,105216,788758.9999858476,128,100,,float32,native_horizon,96,128,fixed_1024_median_feedback_sign_flip,33.68692573491674,33.68692573491674,3.0440527876508208,1.344746550175597,3.3643505217534075,1.0258296368228892,12.208956824584515,5.804043912214719,0.774226708384362,0.4060594657065282,0.33187008788623135,1.344746550175597,1.1131332342854092,1.2080733094263196,0.18902678428245706,0.33187008788623135,0.37923992534823775,0.8750926938441174,-0.13342546241347714,Energy,1
solar/10T/short|H=96|L=4096|Hsrc=controlled|Lsrc=controlled|origins=shared_origin_v1:Hmax=720,joint-scaling,release,standard_hl_shared_origin_v1,solar/10T/short,TimesFM-2.5,timesfm25,timesfm-2.5-200m-pytorch,231.28928,200.0,96,controlled,shared_origin_v1:Hmax=720,720,720,4096,controlled,46800,51840,4096,4096,256,256,100,[],merged,2,137,105216,788758.9999858476,128,100,,float32,native_horizon,96,128,fixed_1024_median_feedback_sign_flip,32.847492747063185,32.847492747063185,2.9334589083409366,1.2993873572231656,3.4590086466996373,0.9443016269643905,11.635355239648888,5.731273222161302,0.7645195089422032,0.3913068662361227,0.31834736750060383,1.2993873572231656,1.1131332342854092,1.16732419552393,0.15471411722995762,0.31834736750060383,0.37923992534823775,0.8394352657048985,-0.17502591597386608,Energy,1
solar/10T/short|H=96|L=6144|Hsrc=controlled|Lsrc=controlled|origins=shared_origin_v1:Hmax=720,joint-scaling-l6144,release,standard_hl_shared_origin_v1,solar/10T/short,TimesFM-2.5,timesfm25,timesfm-2.5-200m-pytorch,231.28928,200.0,96,controlled,shared_origin_v1:Hmax=720,720,720,6144,controlled,46800,51840,6144,6144,256,256,100,[],merged,6,137,105216,788758.9999858476,128,100,,float32,native_horizon,96,128,fixed_1024_median_feedback_sign_flip,32.31241980782391,32.31241980782391,2.9825470267711185,1.321276722447664,3.4469336103907127,0.9534551228725312,10.537000255827003,5.684401446750916,0.7582670785779632,0.39785494425341655,0.31786583884176073,1.321276722447664,1.1131332342854092,1.1869888363326744,0.1714197106403172,0.31786583884176073,0.37923992534823775,0.8381655453335506,-0.17653964987938794,Energy,1
solar/10T/short|H=96|L=8192|Hsrc=controlled|Lsrc=controlled|origins=shared_origin_v1:Hmax=720,joint-scaling,release,standard_hl_shared_origin_v1,solar/10T/short,TimesFM-2.5,timesfm25,timesfm-2.5-200m-pytorch,231.28928,200.0,96,controlled,shared_origin_v1:Hmax=720,720,720,8192,controlled,46800,51840,8192,8192,256,256,100,[],merged,2,137,105216,788758.9999858476,128,100,,float32,native_horizon,96,128,fixed_1024_median_feedback_sign_flip,30.884532919185293,30.884532919185293,2.904219671467505,1.2881710987203498,3.4070900949367227,0.9450665746971656,9.503339869978392,5.557385439141799,0.741323859854829,0.38740651702054457,0.307557987747568,1.2881710987203498,1.1131332342854092,1.1572479008295071,0.14604468699759737,0.307557987747568,0.37923992534823775,0.8109852554821392,-0.20950540569520132,Energy,1
solar/10T/short|H=192|L=128|Hsrc=controlled|Lsrc=controlled|origins=shared_origin_v1:Hmax=720,joint-scaling,release,standard_hl_shared_origin_v1,solar/10T/short,TimesFM-2.5,timesfm25,timesfm-2.5-200m-pytorch,231.28928,200.0,192,controlled,shared_origin_v1:Hmax=720,720,720,128,controlled,46800,51840,128,128,256,256,100,[],merged,2,137,210432,815527.549981378,128,100,,float32,native_horizon,192,128,fixed_1024_median_feedback_sign_flip,82.49705011595195,82.49705011595195,4.557403527327118,1.9868847761025552,1.3976505678313724,1.9161255359050182,36.91034686517405,9.082788675068464,2.3436478467412294,1.1759548026113877,1.069977045647156,1.9868847761025552,0.5851880213648835,3.395292971767221,1.2223900523588003,1.069977045647156,0.5695499043319253,1.8786361607807225,0.6305460671850602,Energy,1
solar/10T/short|H=192|L=256|Hsrc=controlled|Lsrc=controlled|origins=shared_origin_v1:Hmax=720,joint-scaling,release,standard_hl_shared_origin_v1,solar/10T/short,TimesFM-2.5,timesfm25,timesfm-2.5-200m-pytorch,231.28928,200.0,192,controlled,shared_origin_v1:Hmax=720,720,720,256,controlled,46800,51840,256,256,256,256,100,[],merged,2,137,210432,815527.549981378,128,100,,float32,native_horizon,192,128,fixed_1024_median_feedback_sign_flip,21.840130474155547,21.840130474155547,1.8369009616601206,0.7823191227522679,2.337040233031057,1.4772292591301532,9.658791826291417,4.673342537644287,1.205870748209571,0.47397876769814695,0.40662683378257447,0.7823191227522679,0.5851880213648835,1.3368679709601692,0.2903295430269055,0.40662683378257447,0.5695499043319253,0.7139441701066432,-0.3369505128277453,Energy,1
solar/10T/short|H=192|L=512|Hsrc=controlled|Lsrc=controlled|origins=shared_origin_v1:Hmax=720,joint-scaling,release,standard_hl_shared_origin_v1,solar/10T/short,TimesFM-2.5,timesfm25,timesfm-2.5-200m-pytorch,231.28928,200.0,192,controlled,shared_origin_v1:Hmax=720,720,720,512,controlled,46800,51840,512,512,256,256,100,[],merged,2,137,210432,815527.549981378,128,100,,float32,native_horizon,192,128,fixed_1024_median_feedback_sign_flip,16.26348045330558,16.26348045330558,1.5133555706980164,0.6577003562355805,2.206297323598207,1.326414790556002,6.694729598888322,4.032800571972978,1.0405905845618528,0.3904937846187989,0.32147926079340927,0.6577003562355805,0.5851880213648835,1.123912883079135,0.11681624231038866,0.32147926079340927,0.5695499043319253,0.5644444118913519,-0.5719133734186324,Energy,1
solar/10T/short|H=192|L=1024|Hsrc=controlled|Lsrc=controlled|origins=shared_origin_v1:Hmax=720,joint-scaling,release,standard_hl_shared_origin_v1,solar/10T/short,TimesFM-2.5,timesfm25,timesfm-2.5-200m-pytorch,231.28928,200.0,192,controlled,shared_origin_v1:Hmax=720,720,720,1024,controlled,46800,51840,1024,1024,256,256,100,[],merged,2,137,210432,815527.549981378,128,100,,float32,native_horizon,192,128,fixed_1024_median_feedback_sign_flip,18.334993497008533,18.334993497008533,1.6352589994741473,0.714382058527108,2.7177782704025626,1.3771466598851496,7.392412475088704,4.281938053849977,1.1048759647277806,0.42194873954313533,0.34886674127065054,0.714382058527108,0.5851880213648835,1.2207735504580124,0.19948471556794717,0.34886674127065054,0.5695499043319253,0.6125305941010853,-0.4901563882579,Energy,1
solar/10T/short|H=192|L=2048|Hsrc=controlled|Lsrc=controlled|origins=shared_origin_v1:Hmax=720,joint-scaling,release,standard_hl_shared_origin_v1,solar/10T/short,TimesFM-2.5,timesfm25,timesfm-2.5-200m-pytorch,231.28928,200.0,192,controlled,shared_origin_v1:Hmax=720,720,720,2048,controlled,46800,51840,2048,2048,256,256,100,[],merged,2,137,210432,815527.549981378,128,100,,float32,native_horizon,192,128,fixed_1024_median_feedback_sign_flip,17.199715421727685,17.199715421727685,1.6159378803559463,0.7105613174380928,3.4215185004216275,1.368498779956049,6.454887203045698,4.147253961566338,1.0701231928464654,0.41696327738630923,0.34195541849284544,0.7105613174380928,0.5851880213648835,1.2142444675828985,0.1941220459911291,0.34195541849284544,0.5695499043319253,0.6003958843500373,-0.5101660340930314,Energy,1
solar/10T/short|H=192|L=4096|Hsrc=controlled|Lsrc=controlled|origins=shared_origin_v1:Hmax=720,joint-scaling,release,standard_hl_shared_origin_v1,solar/10T/short,TimesFM-2.5,timesfm25,timesfm-2.5-200m-pytorch,231.28928,200.0,192,controlled,shared_origin_v1:Hmax=720,720,720,4096,controlled,46800,51840,4096,4096,256,256,100,[],merged,2,137,210432,815527.549981378,128,100,,float32,native_horizon,192,128,fixed_1024_median_feedback_sign_flip,16.781755099331374,16.781755099331374,1.563920290220683,0.6893551546907672,3.537190504802552,1.3452812739779023,6.157356495363634,4.096554051801511,1.05704100646064,0.40354108763000524,0.3289965034750489,0.6893551546907672,0.5851880213648835,1.1780062638379474,0.16382340256495856,0.3289965034750489,0.5695499043319253,0.5776429790835581,-0.5487992844010872,Energy,1
solar/10T/short|H=192|L=6144|Hsrc=controlled|Lsrc=controlled|origins=shared_origin_v1:Hmax=720,joint-scaling-l6144,release,standard_hl_shared_origin_v1,solar/10T/short,TimesFM-2.5,timesfm25,timesfm-2.5-200m-pytorch,231.28928,200.0,192,controlled,shared_origin_v1:Hmax=720,720,720,6144,controlled,46800,51840,6144,6144,256,256,100,[],merged,6,137,210432,815527.549981378,128,100,,float32,native_horizon,192,128,fixed_1024_median_feedback_sign_flip,16.49460573962135,16.49460573962135,1.5954979295568164,0.7033778724025554,3.5247621746599602,1.379313371213472,5.621132611586363,4.0613551604878575,1.0479585749755431,0.41168912113412537,0.3294935730385772,0.7033778724025554,0.5851880213648835,1.201969019738319,0.1839610618526753,0.3294935730385772,0.5695499043319253,0.5785157201019442,-0.5472895588162368,Energy,1
solar/10T/short|H=192|L=8192|Hsrc=controlled|Lsrc=controlled|origins=shared_origin_v1:Hmax=720,joint-scaling,release,standard_hl_shared_origin_v1,solar/10T/short,TimesFM-2.5,timesfm25,timesfm-2.5-200m-pytorch,231.28928,200.0,192,controlled,shared_origin_v1:Hmax=720,720,720,8192,controlled,46800,51840,8192,8192,256,256,100,[],merged,2,137,210432,815527.549981378,128,100,,float32,native_horizon,192,128,fixed_1024_median_feedback_sign_flip,15.779576081139037,15.779576081139037,1.5610041513930273,0.6889149277214869,3.5218669261611426,1.385159912956626,5.12030373690022,3.972351454886518,1.0249927931604115,0.40278863122826225,0.3202609444646955,0.6889149277214869,0.5851880213648835,1.177253980890915,0.16318459165283236,0.3202609444646955,0.5695499043319253,0.5623053257121646,-0.575710292428523,Energy,1
solar/10T/short|H=336|L=128|Hsrc=controlled|Lsrc=controlled|origins=shared_origin_v1:Hmax=720,joint-scaling,release,standard_hl_shared_origin_v1,solar/10T/short,TimesFM-2.5,timesfm25,timesfm-2.5-200m-pytorch,231.28928,200.0,336,controlled,shared_origin_v1:Hmax=720,720,720,128,controlled,46800,51840,128,128,256,256,100,[],merged,2,137,368256,1659666.549766235,128,100,,float32,native_horizon,336,128,fixed_1024_median_feedback_sign_flip,88.86978699939716,88.86978699939716,4.996742680787957,2.1854910151854643,1.3140243195603705,1.8732106367403083,39.20475143054987,9.427077330721179,2.091732095215772,1.108704922031131,1.0001689071080502,2.1854910151854643,0.8330046030785475,2.623624175795083,0.9645566351362148,1.0001689071080502,0.6140800217385534,1.6287273184306188,0.4877989236074556,Energy,1
solar/10T/short|H=336|L=256|Hsrc=controlled|Lsrc=controlled|origins=shared_origin_v1:Hmax=720,joint-scaling,release,standard_hl_shared_origin_v1,solar/10T/short,TimesFM-2.5,timesfm25,timesfm-2.5-200m-pytorch,231.28928,200.0,336,controlled,shared_origin_v1:Hmax=720,720,720,256,controlled,46800,51840,256,256,256,256,100,[],merged,2,137,368256,1659666.549766235,128,100,,float32,native_horizon,336,128,fixed_1024_median_feedback_sign_flip,34.90462205639555,34.90462205639555,2.508780900082076,1.074086486039439,2.3083183628720363,1.4582963445732617,13.593072991707485,5.908013376457061,1.3109027076957203,0.5566621917340885,0.4879515032749375,1.074086486039439,0.8330046030785475,1.289412425897674,0.25418663080907206,0.4879515032749375,0.6140800217385534,0.7946057288974702,-0.22990922583972281,Energy,1
solar/10T/short|H=336|L=512|Hsrc=controlled|Lsrc=controlled|origins=shared_origin_v1:Hmax=720,joint-scaling,release,standard_hl_shared_origin_v1,solar/10T/short,TimesFM-2.5,timesfm25,timesfm-2.5-200m-pytorch,231.28928,200.0,336,controlled,shared_origin_v1:Hmax=720,720,720,512,controlled,46800,51840,512,512,256,256,100,[],merged,2,137,368256,1659666.549766235,128,100,,float32,native_horizon,336,128,fixed_1024_median_feedback_sign_flip,24.028313863182134,24.028313863182134,1.9787942556859224,0.8565955550638485,2.0657500223782566,1.2991237521177388,8.94805369230052,4.901868405330985,1.0876536926817153,0.4390658217004574,0.36715227898804326,0.8565955550638485,0.8330046030785475,1.028320314075235,0.027926708066374917,0.36715227898804326,0.6140800217385534,0.597889958947988,-0.5143485571015117,Energy,1
solar/10T/short|H=336|L=1024|Hsrc=controlled|Lsrc=controlled|origins=shared_origin_v1:Hmax=720,joint-scaling,release,standard_hl_shared_origin_v1,solar/10T/short,TimesFM-2.5,timesfm25,timesfm-2.5-200m-pytorch,231.28928,200.0,336,controlled,shared_origin_v1:Hmax=720,720,720,1024,controlled,46800,51840,1024,1024,256,256,100,[],merged,2,137,368256,1659666.549766235,128,100,,float32,native_horizon,336,128,fixed_1024_median_feedback_sign_flip,21.86830191666938,21.86830191666938,1.8666962221508272,0.8133354658622236,2.2495216068885586,1.316170986943907,9.40310265768296,4.676355623417597,1.0376156684605282,0.414192889578451,0.350650476685447,0.8133354658622236,0.8330046030785475,0.9763877208557643,-0.023895516478742954,0.350650476685447,0.6140800217385534,0.5710175616733183,-0.5603353138037792,Energy,1
solar/10T/short|H=336|L=2048|Hsrc=controlled|Lsrc=controlled|origins=shared_origin_v1:Hmax=720,joint-scaling,release,standard_hl_shared_origin_v1,solar/10T/short,TimesFM-2.5,timesfm25,timesfm-2.5-200m-pytorch,231.28928,200.0,336,controlled,shared_origin_v1:Hmax=720,720,720,2048,controlled,46800,51840,2048,2048,256,256,100,[],merged,2,137,368256,1659666.549766235,128,100,,float32,native_horizon,336,128,fixed_1024_median_feedback_sign_flip,19.026951847865345,19.026951847865345,1.7547646801961476,0.7669277115864831,2.5756993535927215,1.3180982078958297,6.893324287179485,4.3619894369273,0.9678623590451662,0.38935689952980646,0.3214734917857781,0.7669277115864831,0.8330046030785475,0.920676438944199,-0.08264661938810249,0.3214734917857781,0.6140800217385534,0.5235042346364535,-0.647210159618391,Energy,1
solar/10T/short|H=336|L=4096|Hsrc=controlled|Lsrc=controlled|origins=shared_origin_v1:Hmax=720,joint-scaling,release,standard_hl_shared_origin_v1,solar/10T/short,TimesFM-2.5,timesfm25,timesfm-2.5-200m-pytorch,231.28928,200.0,336,controlled,shared_origin_v1:Hmax=720,720,720,4096,controlled,46800,51840,4096,4096,256,256,100,[],merged,2,137,368256,1659666.549766235,128,100,,float32,native_horizon,336,128,fixed_1024_median_feedback_sign_flip,17.695418489447558,17.695418489447558,1.6882980420931701,0.7402941805326412,2.603793753269398,1.293754932165508,6.342462818717487,4.206592265652515,0.9333819745890067,0.37460891398735063,0.30700575267713204,0.7402941805326412,0.8330046030785475,0.888703589147917,-0.11799151959624316,0.30700575267713204,0.6140800217385534,0.4999442121695351,-0.6932587624459022,Energy,1
solar/10T/short|H=336|L=6144|Hsrc=controlled|Lsrc=controlled|origins=shared_origin_v1:Hmax=720,joint-scaling-l6144,release,standard_hl_shared_origin_v1,solar/10T/short,TimesFM-2.5,timesfm25,timesfm-2.5-200m-pytorch,231.28928,200.0,336,controlled,shared_origin_v1:Hmax=720,720,720,6144,controlled,46800,51840,6144,6144,256,256,100,[],merged,6,137,368256,1659666.549766235,128,100,,float32,native_horizon,336,128,fixed_1024_median_feedback_sign_flip,16.58801163456943,16.58801163456943,1.6845546347174247,0.7387795031437797,2.55249295173619,1.3263203627671953,5.496044620872595,4.072838277487755,0.9037038993921913,0.37377830603977424,0.2999825528312525,0.7387795031437797,0.8330046030785475,0.8868852589931212,-0.12003966355968525,0.2999825528312525,0.6140800217385534,0.48850726649917153,-0.7164009324836865,Energy,1
solar/10T/short|H=336|L=8192|Hsrc=controlled|Lsrc=controlled|origins=shared_origin_v1:Hmax=720,joint-scaling,release,standard_hl_shared_origin_v1,solar/10T/short,TimesFM-2.5,timesfm25,timesfm-2.5-200m-pytorch,231.28928,200.0,336,controlled,shared_origin_v1:Hmax=720,720,720,8192,controlled,46800,51840,8192,8192,256,256,100,[],merged,2,137,368256,1659666.549766235,128,100,,float32,native_horizon,336,128,fixed_1024_median_feedback_sign_flip,15.916019910402003,15.916019910402003,1.6556848148774221,0.7262954058460623,2.554530949500249,1.3380035206764211,5.0939569091430394,3.989488677813487,0.8852098288923245,0.36737251062472687,0.29294506885300187,0.7262954058460623,0.8330046030785475,0.8718984302870375,-0.137082340885993,0.29294506885300187,0.6140800217385534,0.4770470598011479,-0.7401401350961211,Energy,1
solar/10T/short|H=720|L=128|Hsrc=controlled|Lsrc=controlled|origins=shared_origin_v1:Hmax=720,joint-scaling,release,standard_hl_shared_origin_v1,solar/10T/short,TimesFM-2.5,timesfm25,timesfm-2.5-200m-pytorch,231.28928,200.0,720,controlled,shared_origin_v1:Hmax=720,720,720,128,controlled,46800,51840,128,128,256,256,100,[],merged,2,137,789120,3651068.249705702,128,100,,float32,native_horizon,720,128,fixed_1024_median_feedback_sign_flip,88.75300096943431,88.75300096943431,5.093762909950325,2.22809562463929,1.2870043104717808,1.8658594948203773,32.75285968491113,9.420881114281949,2.0361727572475297,1.1009353735920997,0.9766001974975305,2.22809562463929,0.8709317965851564,2.55828944743486,0.9393388505608948,0.9766001974975305,0.673849495765364,1.449285342846921,0.37107056793149523,Energy,1
solar/10T/short|H=720|L=256|Hsrc=controlled|Lsrc=controlled|origins=shared_origin_v1:Hmax=720,joint-scaling,release,standard_hl_shared_origin_v1,solar/10T/short,TimesFM-2.5,timesfm25,timesfm-2.5-200m-pytorch,231.28928,200.0,720,controlled,shared_origin_v1:Hmax=720,720,720,256,controlled,46800,51840,256,256,256,256,100,[],merged,2,137,789120,3651068.249705702,128,100,,float32,native_horizon,720,128,fixed_1024_median_feedback_sign_flip,39.56637979648216,39.56637979648216,2.9408574682082573,1.2670029693366123,2.885086394200654,1.457119882980147,14.957338226433258,6.29018122127512,1.3595220537804864,0.6356193000499406,0.5543505971174294,1.2670029693366123,0.8709317965851564,1.45476715203695,0.3748458548525192,0.5543505971174294,0.673849495765364,0.8226623312788759,-0.19520945255918354,Energy,1
solar/10T/short|H=720|L=512|Hsrc=controlled|Lsrc=controlled|origins=shared_origin_v1:Hmax=720,joint-scaling,release,standard_hl_shared_origin_v1,solar/10T/short,TimesFM-2.5,timesfm25,timesfm-2.5-200m-pytorch,231.28928,200.0,720,controlled,shared_origin_v1:Hmax=720,720,720,512,controlled,46800,51840,512,512,256,256,100,[],merged,2,137,789120,3651068.249705702,128,100,,float32,native_horizon,720,128,fixed_1024_median_feedback_sign_flip,27.049360680251418,27.049360680251418,2.2507504700647556,0.9780033500487957,2.91628752778306,1.2849667917377896,9.836809574654401,5.200899987526333,1.12409133915467,0.4864637112934455,0.4104092461275945,0.9780033500487957,0.8709317965851564,1.1229390795966538,0.11594942637446445,0.4104092461275945,0.673849495765364,0.6090517967390451,-0.49585196277230764,Energy,1
solar/10T/short|H=720|L=1024|Hsrc=controlled|Lsrc=controlled|origins=shared_origin_v1:Hmax=720,joint-scaling,release,standard_hl_shared_origin_v1,solar/10T/short,TimesFM-2.5,timesfm25,timesfm-2.5-200m-pytorch,231.28928,200.0,720,controlled,shared_origin_v1:Hmax=720,720,720,1024,controlled,46800,51840,1024,1024,256,256,100,[],merged,2,137,789120,3651068.249705702,128,100,,float32,native_horizon,720,128,fixed_1024_median_feedback_sign_flip,24.61858755639193,24.61858755639193,2.1067116198265157,0.9199050749995645,3.2284650971334945,1.2745747489327208,9.599270885498353,4.961712159768232,1.0723947162126894,0.45533201784751715,0.3843609197907106,0.9199050749995645,0.8709317965851564,1.0562308996025038,0.05470681630917879,0.3843609197907106,0.673849495765364,0.5703957963998328,-0.5614247794747167,Energy,1
solar/10T/short|H=720|L=2048|Hsrc=controlled|Lsrc=controlled|origins=shared_origin_v1:Hmax=720,joint-scaling,release,standard_hl_shared_origin_v1,solar/10T/short,TimesFM-2.5,timesfm25,timesfm-2.5-200m-pytorch,231.28928,200.0,720,controlled,shared_origin_v1:Hmax=720,720,720,2048,controlled,46800,51840,2048,2048,256,256,100,[],merged,2,137,789120,3651068.249705702,128,100,,float32,native_horizon,720,128,fixed_1024_median_feedback_sign_flip,22.71303764398951,22.71303764398951,2.0024648599864405,0.8750096923083343,3.4774517862336802,1.290795626665812,7.282926289423954,4.7658197242436176,1.0300556997526042,0.43280074823029463,0.35744552754149195,0.8750096923083343,0.8709317965851564,1.0046822216609463,0.004671294157823692,0.35744552754149195,0.673849495765364,0.5304530607914194,-0.6340238059145626,Energy,1
solar/10T/short|H=720|L=4096|Hsrc=controlled|Lsrc=controlled|origins=shared_origin_v1:Hmax=720,joint-scaling,release,standard_hl_shared_origin_v1,solar/10T/short,TimesFM-2.5,timesfm25,timesfm-2.5-200m-pytorch,231.28928,200.0,720,controlled,shared_origin_v1:Hmax=720,720,720,4096,controlled,46800,51840,4096,4096,256,256,100,[],merged,2,137,789120,3651068.249705702,128,100,,float32,native_horizon,720,128,fixed_1024_median_feedback_sign_flip,21.755243103076847,21.755243103076847,1.9844302781500278,0.8681802224526479,3.493146620761737,1.2700105018648906,6.7566191528216635,4.664251612325052,1.0081033770361942,0.42890286184597487,0.349584764424918,0.8681802224526479,0.8709317965851564,0.9968406548672386,-0.003164346400193304,0.349584764424918,0.673849495765364,0.5187876026053215,-0.6562607231142636,Energy,1
solar/10T/short|H=720|L=6144|Hsrc=controlled|Lsrc=controlled|origins=shared_origin_v1:Hmax=720,joint-scaling-l6144,release,standard_hl_shared_origin_v1,solar/10T/short,TimesFM-2.5,timesfm25,timesfm-2.5-200m-pytorch,231.28928,200.0,720,controlled,shared_origin_v1:Hmax=720,720,720,6144,controlled,46800,51840,6144,6144,256,256,100,[],merged,6,137,789120,3651068.249705702,128,100,,float32,native_horizon,720,128,fixed_1024_median_feedback_sign_flip,20.657550182481753,20.657550182481753,1.9753059777030109,0.864509131403025,3.480323636609225,1.3057358597959057,5.83946681931161,4.54505777548336,0.982341535817231,0.4269307902558778,0.34151056491617965,0.864509131403025,0.8709317965851564,0.9926255245160251,-0.007401801353830079,0.34151056491617965,0.673849495765364,0.506805402485742,-0.6796281705964258,Energy,1
solar/10T/short|H=720|L=8192|Hsrc=controlled|Lsrc=controlled|origins=shared_origin_v1:Hmax=720,joint-scaling,release,standard_hl_shared_origin_v1,solar/10T/short,TimesFM-2.5,timesfm25,timesfm-2.5-200m-pytorch,231.28928,200.0,720,controlled,shared_origin_v1:Hmax=720,720,720,8192,controlled,46800,51840,8192,8192,256,256,100,[],merged,2,137,789120,3651068.249705702,128,100,,float32,native_horizon,720,128,fixed_1024_median_feedback_sign_flip,19.9035385540222,19.9035385540222,1.95269209095258,0.8545103516919418,3.4549197024218485,1.3226379299488187,5.501873576834752,4.461338202156636,0.9642468892137582,0.4220431603645608,0.3348182901101811,0.8545103516919418,0.8709317965851564,0.9811449702977872,-0.01903505225354644,0.3348182901101811,0.673849495765364,0.49687399369482593,-0.6994188188438664,Energy,1
solar/H/short|H=48|L=128|Hsrc=controlled|Lsrc=controlled|origins=shared_origin_v1:Hmax=720,joint-scaling,release,standard_hl_shared_origin_v1,solar/H/short,TimesFM-2.5,timesfm25,timesfm-2.5-200m-pytorch,231.28928,200.0,48,controlled,shared_origin_v1:Hmax=720,720,720,128,controlled,7320,8040,128,128,256,256,100,[],merged,2,137,13152,497771.299971804,128,100,,float32,native_horizon,48,128,fixed_1024_median_feedback_sign_flip,824.4062119829683,824.4062119829683,14.965029083029197,1.1404886804464813,4.414137085218466,1.2022595371354705,6.964499408290211,28.712474849496488,0.7586344757963511,0.39540259253827764,0.29507035534228976,1.1404886804464813,0.9985551325387176,1.142138919807976,0.1329027499020647,0.29507035534228976,0.42567461696570436,0.6931828762673508,-0.36646142388758696,Energy,1
solar/H/short|H=48|L=256|Hsrc=controlled|Lsrc=controlled|origins=shared_origin_v1:Hmax=720,joint-scaling,release,standard_hl_shared_origin_v1,solar/H/short,TimesFM-2.5,timesfm25,timesfm-2.5-200m-pytorch,231.28928,200.0,48,controlled,shared_origin_v1:Hmax=720,720,720,256,controlled,7320,8040,256,256,256,256,100,[],merged,2,137,13152,497771.299971804,128,100,,float32,native_horizon,48,128,fixed_1024_median_feedback_sign_flip,1372.8228406326034,1372.8228406326034,16.4272306493309,1.254623848076709,1.5070455378139267,1.2639623549943069,10.355182112194601,37.05162399453772,0.9789695765982552,0.4340365495403976,0.3591243063437946,1.254623848076709,0.9985551325387176,1.2564392362462395,0.22828171729871538,0.3591243063437946,0.42567461696570436,0.8436591989057418,-0.1700066586981401,Energy,1
solar/H/short|H=48|L=512|Hsrc=controlled|Lsrc=controlled|origins=shared_origin_v1:Hmax=720,joint-scaling,release,standard_hl_shared_origin_v1,solar/H/short,TimesFM-2.5,timesfm25,timesfm-2.5-200m-pytorch,231.28928,200.0,48,controlled,shared_origin_v1:Hmax=720,720,720,512,controlled,7320,8040,512,512,256,256,100,[],merged,2,137,13152,497771.299971804,128,100,,float32,native_horizon,48,128,fixed_1024_median_feedback_sign_flip,713.7179136253042,713.7179136253042,12.960988585386254,0.9880120300572015,1.9383567070360255,1.1296746800245108,5.4764377812860365,26.715499501699462,0.7058708476488179,0.34245229060947424,0.2625624962350822,0.9880120300572015,0.9985551325387176,0.9894416420906962,-0.010614492848322738,0.2625624962350822,0.42567461696570436,0.6168150173169388,-0.4831861098878043,Energy,1
solar/H/short|H=48|L=1024|Hsrc=controlled|Lsrc=controlled|origins=shared_origin_v1:Hmax=720,joint-scaling,release,standard_hl_shared_origin_v1,solar/H/short,TimesFM-2.5,timesfm25,timesfm-2.5-200m-pytorch,231.28928,200.0,48,controlled,shared_origin_v1:Hmax=720,720,720,1024,controlled,7320,8040,1024,1024,256,256,100,[],merged,2,137,13152,497771.299971804,128,100,,float32,native_horizon,48,128,fixed_1024_median_feedback_sign_flip,594.6841925182482,594.6841925182482,12.075894469472324,0.9156952717602597,2.647950665087394,1.0025382193592547,5.162212000106888,24.38614755385213,0.6443252406204025,0.3190665353175171,0.2432154779815598,0.9156952717602597,0.9985551325387176,0.9170202444728357,-0.08662573011785119,0.2432154779815598,0.42567461696570436,0.571364766156952,-0.5597274533951121,Energy,1
solar/H/short|H=48|L=2048|Hsrc=controlled|Lsrc=controlled|origins=shared_origin_v1:Hmax=720,joint-scaling,release,standard_hl_shared_origin_v1,solar/H/short,TimesFM-2.5,timesfm25,timesfm-2.5-200m-pytorch,231.28928,200.0,48,controlled,shared_origin_v1:Hmax=720,720,720,2048,controlled,7320,8040,2048,2048,256,256,100,[],merged,2,137,13152,497771.299971804,128,100,,float32,native_horizon,48,128,fixed_1024_median_feedback_sign_flip,536.0794365875912,536.0794365875912,11.071280152258211,0.8428931898572557,3.119413894700218,1.0264772510547784,5.48747818580961,23.153389311018618,0.6117535828919141,0.2925228444684295,0.22892100273743204,0.8428931898572557,0.9985551325387176,0.8441128210059785,-0.16946911914207705,0.22892100273743204,0.42567461696570436,0.5377840106352305,-0.6202982666506539,Energy,1
solar/H/short|H=48|L=4096|Hsrc=controlled|Lsrc=controlled|origins=shared_origin_v1:Hmax=720,joint-scaling,release,standard_hl_shared_origin_v1,solar/H/short,TimesFM-2.5,timesfm25,timesfm-2.5-200m-pytorch,231.28928,200.0,48,controlled,shared_origin_v1:Hmax=720,720,720,4096,controlled,7320,8040,4096,4096,256,256,100,[],merged,2,137,13152,497771.299971804,128,100,,float32,native_horizon,48,128,fixed_1024_median_feedback_sign_flip,478.8025775547445,478.8025775547445,10.328689909329379,0.7827185643700094,3.6296592710854094,1.0645578927093706,5.095980009619286,21.88155793253178,0.578149543665855,0.27290229407600386,0.21132714302242045,0.7827185643700094,0.9985551325387176,0.7838511253555251,-0.2435361677914889,0.21132714302242045,0.42567461696570436,0.4964523008884192,-0.7002678708301857,Energy,1
solar/H/short|H=48|L=6144|Hsrc=controlled|Lsrc=controlled|origins=shared_origin_v1:Hmax=720,joint-scaling-l6144,release,standard_hl_shared_origin_v1,solar/H/short,TimesFM-2.5,timesfm25,timesfm-2.5-200m-pytorch,231.28928,200.0,48,controlled,shared_origin_v1:Hmax=720,720,720,6144,controlled,7320,8040,6144,6144,256,256,100,[],merged,6,137,13152,497771.299971804,128,100,,float32,native_horizon,48,128,fixed_1024_median_feedback_sign_flip,482.64707839111924,482.64707839111924,10.316121864782923,0.7824816135957577,3.783042370227287,1.079107156531447,5.227293060286094,21.96923026396508,0.5804660020536249,0.2725702240633608,0.21124443689865577,0.7824816135957577,0.9985551325387176,0.7836138317234257,-0.24383894155729535,0.21124443689865577,0.42567461696570436,0.4962580066541183,-0.7006593127952899,Energy,1
solar/H/short|H=48|L=8192|Hsrc=controlled|Lsrc=controlled|origins=shared_origin_v1:Hmax=720,joint-scaling,release,standard_hl_shared_origin_v1,solar/H/short,TimesFM-2.5,timesfm25,timesfm-2.5-200m-pytorch,231.28928,200.0,48,controlled,shared_origin_v1:Hmax=720,720,720,8192,controlled,7320,8040,7320,8040,256,256,100,[],merged,2,137,13152,497771.299971804,128,100,,float32,native_horizon,48,128,fixed_1024_median_feedback_sign_flip,491.3221943430657,491.3221943430657,10.484064329569648,0.7949146325148025,3.860040939173325,1.0981408615162052,5.24032839916842,22.165788827449063,0.5856594276832017,0.27700756164590146,0.21404656393490565,0.7949146325148025,0.9985551325387176,0.7960648407002012,-0.22807463828920835,0.21404656393490565,0.42567461696570436,0.5028407976512043,-0.6874816646444964,Energy,1
solar/H/short|H=96|L=128|Hsrc=controlled|Lsrc=controlled|origins=shared_origin_v1:Hmax=720,joint-scaling,release,standard_hl_shared_origin_v1,solar/H/short,TimesFM-2.5,timesfm25,timesfm-2.5-200m-pytorch,231.28928,200.0,96,controlled,shared_origin_v1:Hmax=720,720,720,128,controlled,7320,8040,128,128,256,256,100,[],merged,2,137,26304,1038078.1998032965,128,100,,float32,native_horizon,96,128,fixed_1024_median_feedback_sign_flip,880.6392944038929,880.6392944038929,15.371318288093066,1.1734642063418526,3.5926837839688224,1.1706728682646528,6.585378853608721,29.675567297086214,0.7519531017320926,0.38949585525118935,0.28846056187951397,1.1734642063418526,0.8598259443877844,1.3647694792198737,0.31098553468274187,0.28846056187951397,0.4221167147713504,0.6833668314597908,-0.38072347507084026,Energy,1
solar/H/short|H=96|L=256|Hsrc=controlled|Lsrc=controlled|origins=shared_origin_v1:Hmax=720,joint-scaling,release,standard_hl_shared_origin_v1,solar/H/short,TimesFM-2.5,timesfm25,timesfm-2.5-200m-pytorch,231.28928,200.0,96,controlled,shared_origin_v1:Hmax=720,720,720,256,controlled,7320,8040,256,256,256,256,100,[],merged,2,137,26304,1038078.1998032965,128,100,,float32,native_horizon,96,128,fixed_1024_median_feedback_sign_flip,870.673927919708,870.673927919708,13.100401198486923,1.001462739085259,1.6794670833660132,1.1064592272847955,7.647561365013519,29.507184344150968,0.7476864239472707,0.33195278851853,0.2624038387802081,1.001462739085259,0.8598259443877844,1.164727286518812,0.1524869707895443,0.2624038387802081,0.4221167147713504,0.6216381147625141,-0.47539716462300946,Energy,1
solar/H/short|H=96|L=512|Hsrc=controlled|Lsrc=controlled|origins=shared_origin_v1:Hmax=720,joint-scaling,release,standard_hl_shared_origin_v1,solar/H/short,TimesFM-2.5,timesfm25,timesfm-2.5-200m-pytorch,231.28928,200.0,96,controlled,shared_origin_v1:Hmax=720,720,720,512,controlled,7320,8040,512,512,256,256,100,[],merged,2,137,26304,1038078.1998032965,128,100,,float32,native_horizon,96,128,fixed_1024_median_feedback_sign_flip,582.5327136557178,582.5327136557178,12.234914960652372,0.9359699741639024,2.0188113421220644,1.0718018620604493,5.117788926897209,24.135714484052833,0.6115780428765629,0.31002211893668746,0.2296758941658517,0.9359699741639024,0.8598259443877844,1.0885574926799102,0.0848534185612128,0.2296758941658517,0.4221167147713504,0.5441051873301467,-0.608612691754879,Energy,1
solar/H/short|H=96|L=1024|Hsrc=controlled|Lsrc=controlled|origins=shared_origin_v1:Hmax=720,joint-scaling,release,standard_hl_shared_origin_v1,solar/H/short,TimesFM-2.5,timesfm25,timesfm-2.5-200m-pytorch,231.28928,200.0,96,controlled,shared_origin_v1:Hmax=720,720,720,1024,controlled,7320,8040,1024,1024,256,256,100,[],merged,2,137,26304,1038078.1998032965,128,100,,float32,native_horizon,96,128,fixed_1024_median_feedback_sign_flip,606.3016651459855,606.3016651459855,12.629529372909063,0.9643013740221124,2.5003187779832547,0.9841921557226285,4.714973080725488,24.62319364229558,0.6239303413651035,0.32002130541605567,0.2405284004582058,0.9643013740221124,0.8598259443877844,1.1215076496775367,0.11467389588891315,0.2405284004582058,0.4221167147713504,0.5698149162098302,-0.5624436792865364,Energy,1
solar/H/short|H=96|L=2048|Hsrc=controlled|Lsrc=controlled|origins=shared_origin_v1:Hmax=720,joint-scaling,release,standard_hl_shared_origin_v1,solar/H/short,TimesFM-2.5,timesfm25,timesfm-2.5-200m-pytorch,231.28928,200.0,96,controlled,shared_origin_v1:Hmax=720,720,720,2048,controlled,7320,8040,2048,2048,256,256,100,[],merged,2,137,26304,1038078.1998032965,128,100,,float32,native_horizon,96,128,fixed_1024_median_feedback_sign_flip,521.0389674574209,521.0389674574209,11.350610886177007,0.8652276216037036,3.198626491389243,0.9905151937576728,4.870331106241875,22.826278002719167,0.5783980597004137,0.28761462171787716,0.22035386278068084,0.8652276216037036,0.8598259443877844,1.0062822914930363,0.006262640160489909,0.22035386278068084,0.4221167147713504,0.5220211734568264,-0.6500471297442928,Energy,1
solar/H/short|H=96|L=4096|Hsrc=controlled|Lsrc=controlled|origins=shared_origin_v1:Hmax=720,joint-scaling,release,standard_hl_shared_origin_v1,solar/H/short,TimesFM-2.5,timesfm25,timesfm-2.5-200m-pytorch,231.28928,200.0,96,controlled,shared_origin_v1:Hmax=720,720,720,4096,controlled,7320,8040,4096,4096,256,256,100,[],merged,2,137,26304,1038078.1998032965,128,100,,float32,native_horizon,96,128,fixed_1024_median_feedback_sign_flip,431.10859565085156,431.10859565085156,10.210718605060068,0.7750981462118829,3.686619357900409,1.0202928335962802,4.555659882695587,20.763154761520504,0.5261203086150206,0.2587307413241057,0.19678742119736187,0.7750981462118829,0.8598259443877844,0.9014593607823388,-0.10374031690857943,0.19678742119736187,0.4221167147713504,0.4661919661341923,-0.7631577851883545,Energy,1
solar/H/short|H=96|L=6144|Hsrc=controlled|Lsrc=controlled|origins=shared_origin_v1:Hmax=720,joint-scaling-l6144,release,standard_hl_shared_origin_v1,solar/H/short,TimesFM-2.5,timesfm25,timesfm-2.5-200m-pytorch,231.28928,200.0,96,controlled,shared_origin_v1:Hmax=720,720,720,6144,controlled,7320,8040,6144,6144,256,256,100,[],merged,6,137,26304,1038078.1998032965,128,100,,float32,native_horizon,96,128,fixed_1024_median_feedback_sign_flip,433.0422701870438,433.0422701870438,10.189167403246655,0.7734797842520983,3.8305746606698907,1.0334833085301005,4.654308363196094,20.80966770967388,0.5272989063241896,0.2581846525876238,0.19641254304879757,0.7734797842520983,0.8598259443877844,0.8995771636116813,-0.10583044426622391,0.19641254304879757,0.4221167147713504,0.46530387491333797,-0.7650645923920041,Energy,1
solar/H/short|H=96|L=8192|Hsrc=controlled|Lsrc=controlled|origins=shared_origin_v1:Hmax=720,joint-scaling,release,standard_hl_shared_origin_v1,solar/H/short,TimesFM-2.5,timesfm25,timesfm-2.5-200m-pytorch,231.28928,200.0,96,controlled,shared_origin_v1:Hmax=720,720,720,8192,controlled,7320,8040,7320,8040,256,256,100,[],merged,2,137,26304,1038078.1998032965,128,100,,float32,native_horizon,96,128,fixed_1024_median_feedback_sign_flip,437.38298357664235,437.38298357664235,10.301104988784976,0.7812630212962869,3.8931973776884705,1.0547781223950405,4.672278807620485,20.9137032487468,0.529935076528219,0.26102105378606716,0.19767822866673407,0.7812630212962869,0.8598259443877844,0.908629271302768,-0.09581811034615999,0.19767822866673407,0.4221167147713504,0.46830230064168676,-0.7586412500528683,Energy,1
solar/H/short|H=192|L=128|Hsrc=controlled|Lsrc=controlled|origins=shared_origin_v1:Hmax=720,joint-scaling,release,standard_hl_shared_origin_v1,solar/H/short,TimesFM-2.5,timesfm25,timesfm-2.5-200m-pytorch,231.28928,200.0,192,controlled,shared_origin_v1:Hmax=720,720,720,128,controlled,7320,8040,128,128,256,256,100,[],merged,2,137,52608,1826336.7000688054,128,100,,float32,native_horizon,192,128,fixed_1024_median_feedback_sign_flip,917.1082725060827,917.1082725060827,15.231676384770378,1.1611887277370094,3.7571145755863147,1.214418802750606,6.820616583104158,30.283795543261792,0.872330888318619,0.4387515353657469,0.33205599051621565,1.1611887277370094,0.8782273706731201,1.3221960126874805,0.2792940002475996,0.33205599051621565,0.5637361403600482,0.5890273245638242,-0.5292827049569837,Energy,1
solar/H/short|H=192|L=256|Hsrc=controlled|Lsrc=controlled|origins=shared_origin_v1:Hmax=720,joint-scaling,release,standard_hl_shared_origin_v1,solar/H/short,TimesFM-2.5,timesfm25,timesfm-2.5-200m-pytorch,231.28928,200.0,192,controlled,shared_origin_v1:Hmax=720,720,720,256,controlled,7320,8040,256,256,256,256,100,[],merged,2,137,52608,1826336.7000688054,128,100,,float32,native_horizon,192,128,fixed_1024_median_feedback_sign_flip,844.8932861922141,844.8932861922141,12.986332877128953,0.9902876155287645,2.7026105162696106,1.0750288464373468,7.165657335886262,29.067048116246927,0.8372822312785527,0.37407395907570695,0.2961563373046135,0.9902876155287645,0.8782273706731201,1.127598214992725,0.12008989724195683,0.2961563373046135,0.5637361403600482,0.5253456645789354,-0.6436988243246605,Energy,1
solar/H/short|H=192|L=512|Hsrc=controlled|Lsrc=controlled|origins=shared_origin_v1:Hmax=720,joint-scaling,release,standard_hl_shared_origin_v1,solar/H/short,TimesFM-2.5,timesfm25,timesfm-2.5-200m-pytorch,231.28928,200.0,192,controlled,shared_origin_v1:Hmax=720,720,720,512,controlled,7320,8040,512,512,256,256,100,[],merged,2,137,52608,1826336.7000688054,128,100,,float32,native_horizon,192,128,fixed_1024_median_feedback_sign_flip,610.9063640510949,610.9063640510949,12.200903973730231,0.930908707731599,3.1899521550039194,1.122308307365473,5.163854317519275,24.716520063534325,0.7119643861142508,0.35144951980969247,0.2638271156211873,0.930908707731599,0.8782273706731201,1.059985988614886,0.058255689748769955,0.2638271156211873,0.5637361403600482,0.4679975199970072,-0.7592922822302248,Energy,1
solar/H/short|H=192|L=1024|Hsrc=controlled|Lsrc=controlled|origins=shared_origin_v1:Hmax=720,joint-scaling,release,standard_hl_shared_origin_v1,solar/H/short,TimesFM-2.5,timesfm25,timesfm-2.5-200m-pytorch,231.28928,200.0,192,controlled,shared_origin_v1:Hmax=720,720,720,1024,controlled,7320,8040,1024,1024,256,256,100,[],merged,2,137,52608,1826336.7000688054,128,100,,float32,native_horizon,192,128,fixed_1024_median_feedback_sign_flip,655.2436511557178,655.2436511557178,12.573533849414538,0.9578838442079644,3.517138527439539,1.0429742661868333,5.098977784837224,25.59772746076725,0.7373477443700879,0.362183199146729,0.27527013140975487,0.9578838442079644,0.8782273706731201,1.090701424477116,0.08682099797271774,0.27527013140975487,0.5637361403600482,0.4882960514717839,-0.7168333942224902,Energy,1
solar/H/short|H=192|L=2048|Hsrc=controlled|Lsrc=controlled|origins=shared_origin_v1:Hmax=720,joint-scaling,release,standard_hl_shared_origin_v1,solar/H/short,TimesFM-2.5,timesfm25,timesfm-2.5-200m-pytorch,231.28928,200.0,192,controlled,shared_origin_v1:Hmax=720,720,720,2048,controlled,7320,8040,2048,2048,256,256,100,[],merged,2,137,52608,1826336.7000688054,128,100,,float32,native_horizon,192,128,fixed_1024_median_feedback_sign_flip,626.8782314476886,626.8782314476886,11.948818383135645,0.9109863994724403,4.294531862346765,1.0587905945688776,5.432570756159393,25.03753644925332,0.7212113283781109,0.34418814311529633,0.26699878339509886,0.9109863994724403,0.8782273706731201,1.0373013070342045,0.036622443489754124,0.26699878339509886,0.5637361403600482,0.47362367653876425,-0.7473422039702866,Energy,1
solar/H/short|H=192|L=4096|Hsrc=controlled|Lsrc=controlled|origins=shared_origin_v1:Hmax=720,joint-scaling,release,standard_hl_shared_origin_v1,solar/H/short,TimesFM-2.5,timesfm25,timesfm-2.5-200m-pytorch,231.28928,200.0,192,controlled,shared_origin_v1:Hmax=720,720,720,4096,controlled,7320,8040,4096,4096,256,256,100,[],merged,2,137,52608,1826336.7000688054,128,100,,float32,native_horizon,192,128,fixed_1024_median_feedback_sign_flip,596.6022277980535,596.6022277980535,11.483520804820559,0.8739834469590282,4.9589474622934375,1.1025999793626875,5.426527950164313,24.425442223183055,0.7035798297372023,0.33078515176157836,0.2565110558795444,0.8739834469590282,0.8782273706731201,0.9951676253145707,-0.004844088359790852,0.2565110558795444,0.5637361403600482,0.455019711377233,-0.7874145392613403,Energy,1
solar/H/short|H=192|L=6144|Hsrc=controlled|Lsrc=controlled|origins=shared_origin_v1:Hmax=720,joint-scaling-l6144,release,standard_hl_shared_origin_v1,solar/H/short,TimesFM-2.5,timesfm25,timesfm-2.5-200m-pytorch,231.28928,200.0,192,controlled,shared_origin_v1:Hmax=720,720,720,6144,controlled,7320,8040,6144,6144,256,256,100,[],merged,6,137,52608,1826336.7000688054,128,100,,float32,native_horizon,192,128,fixed_1024_median_feedback_sign_flip,595.5424127509124,595.5424127509124,11.437420550344054,0.8703832969613668,5.129926555588157,1.1150159899648662,5.346351248826686,24.40373767993158,0.7029546259555938,0.3294572245576796,0.2551271237537049,0.8703832969613668,0.8782273706731201,0.9910682882660089,-0.008971838584239906,0.2551271237537049,0.5637361403600482,0.45256478250757487,-0.7928243603267996,Energy,1
solar/H/short|H=192|L=8192|Hsrc=controlled|Lsrc=controlled|origins=shared_origin_v1:Hmax=720,joint-scaling,release,standard_hl_shared_origin_v1,solar/H/short,TimesFM-2.5,timesfm25,timesfm-2.5-200m-pytorch,231.28928,200.0,192,controlled,shared_origin_v1:Hmax=720,720,720,8192,controlled,7320,8040,7320,8040,256,256,100,[],merged,2,137,52608,1826336.7000688054,128,100,,float32,native_horizon,192,128,fixed_1024_median_feedback_sign_flip,588.3420392335767,588.3420392335767,11.449834744715632,0.870596237147519,5.12307603594273,1.1354204495639824,5.241073090653834,24.25576301074812,0.6986921855216309,0.32981481795076834,0.25411062927937844,0.870596237147519,0.8782273706731201,0.9913107541618156,-0.008727217457980607,0.25411062927937844,0.5637361403600482,0.45076164376667877,-0.7968165852485927,Energy,1
solar/H/short|H=336|L=128|Hsrc=controlled|Lsrc=controlled|origins=shared_origin_v1:Hmax=720,joint-scaling,release,standard_hl_shared_origin_v1,solar/H/short,TimesFM-2.5,timesfm25,timesfm-2.5-200m-pytorch,231.28928,200.0,336,controlled,shared_origin_v1:Hmax=720,720,720,128,controlled,7320,8040,128,128,256,256,100,[],merged,2,137,92064,2863971.200091798,128,100,,float32,native_horizon,336,128,fixed_1024_median_feedback_sign_flip,863.2446993395898,863.2446993395898,14.468089454075425,1.102146820501236,5.050765762834994,1.2532069406696553,7.038019664961525,29.38102617914476,0.9444699702532214,0.4650850495484404,0.3583086918633784,1.102146820501236,0.9728773315767743,1.1328733692612103,0.12475720992246694,0.3583086918633784,0.7547623072249494,0.47473050579430703,-0.7450079921774508,Energy,1
solar/H/short|H=336|L=256|Hsrc=controlled|Lsrc=controlled|origins=shared_origin_v1:Hmax=720,joint-scaling,release,standard_hl_shared_origin_v1,solar/H/short,TimesFM-2.5,timesfm25,timesfm-2.5-200m-pytorch,231.28928,200.0,336,controlled,shared_origin_v1:Hmax=720,720,720,256,controlled,7320,8040,256,256,256,256,100,[],merged,2,137,92064,2863971.200091798,128,100,,float32,native_horizon,336,128,fixed_1024_median_feedback_sign_flip,832.668230795968,832.668230795968,12.99004021658846,0.9880057434446228,4.229461142885286,1.1083908965549187,6.703116011398955,28.855991246116776,0.9275924206211793,0.4175723074525567,0.3307841865900117,0.9880057434446228,0.9728773315767743,1.015550174083437,0.01543050907323173,0.3307841865900117,0.7547623072249494,0.43826272645518416,-0.8249367163435899,Energy,1
solar/H/short|H=336|L=512|Hsrc=controlled|Lsrc=controlled|origins=shared_origin_v1:Hmax=720,joint-scaling,release,standard_hl_shared_origin_v1,solar/H/short,TimesFM-2.5,timesfm25,timesfm-2.5-200m-pytorch,231.28928,200.0,336,controlled,shared_origin_v1:Hmax=720,720,720,512,controlled,7320,8040,512,512,256,256,100,[],merged,2,137,92064,2863971.200091798,128,100,,float32,native_horizon,336,128,fixed_1024_median_feedback_sign_flip,634.2094412582551,634.2094412582551,12.109442887556483,0.9227290755969649,4.63377713885092,1.1247141038774293,5.160658441217421,25.183515268092638,0.8095385699295323,0.38926500027802874,0.2952187175339045,0.9227290755969649,0.9728773315767743,0.9484536700032548,-0.05292233634221734,0.2952187175339045,0.7547623072249494,0.39114130993019697,-0.9386863778172673,Energy,1
solar/H/short|H=336|L=1024|Hsrc=controlled|Lsrc=controlled|origins=shared_origin_v1:Hmax=720,joint-scaling,release,standard_hl_shared_origin_v1,solar/H/short,TimesFM-2.5,timesfm25,timesfm-2.5-200m-pytorch,231.28928,200.0,336,controlled,shared_origin_v1:Hmax=720,720,720,1024,controlled,7320,8040,1024,1024,256,256,100,[],merged,2,137,92064,2863971.200091798,128,100,,float32,native_horizon,336,128,fixed_1024_median_feedback_sign_flip,667.4218587069864,667.4218587069864,12.38946548053528,0.9429823062968591,4.456998269984911,1.0204331165894724,4.970345796718028,25.83450906649837,0.8304651396710522,0.39826648744353293,0.30570402561819615,0.9429823062968591,0.9728773315767743,0.9692715368015993,-0.031210482609248438,0.30570402561819615,0.7547623072249494,0.40503350881707995,-0.9037854774782321,Energy,1
solar/H/short|H=336|L=2048|Hsrc=controlled|Lsrc=controlled|origins=shared_origin_v1:Hmax=720,joint-scaling,release,standard_hl_shared_origin_v1,solar/H/short,TimesFM-2.5,timesfm25,timesfm-2.5-200m-pytorch,231.28928,200.0,336,controlled,shared_origin_v1:Hmax=720,720,720,2048,controlled,7320,8040,2048,2048,256,256,100,[],merged,2,137,92064,2863971.200091798,128,100,,float32,native_horizon,336,128,fixed_1024_median_feedback_sign_flip,670.8836896072297,670.8836896072297,12.150573242526939,0.9256692912241538,5.301101114323151,1.0407131790126967,5.093742689889309,25.90142254022411,0.8326161117356069,0.3905871591739976,0.30373820424228754,0.9256692912241538,0.9728773315767743,0.951475855361838,-0.04974096791015402,0.30373820424228754,0.7547623072249494,0.4024289519160651,-0.9102367146831947,Energy,1
solar/H/short|H=336|L=4096|Hsrc=controlled|Lsrc=controlled|origins=shared_origin_v1:Hmax=720,joint-scaling,release,standard_hl_shared_origin_v1,solar/H/short,TimesFM-2.5,timesfm25,timesfm-2.5-200m-pytorch,231.28928,200.0,336,controlled,shared_origin_v1:Hmax=720,720,720,4096,controlled,7320,8040,4096,4096,256,256,100,[],merged,2,137,92064,2863971.200091798,128,100,,float32,native_horizon,336,128,fixed_1024_median_feedback_sign_flip,647.7642944038929,647.7642944038929,11.844470286974278,0.9008511092115788,6.092247575585133,1.0953509187427315,5.074052231986271,25.451214006484896,0.8181438997074836,0.38074730376654914,0.29538558105538454,0.9008511092115788,0.9728773315767743,0.9259657718116835,-0.07691800850542709,0.29538558105538454,0.7547623072249494,0.39136239081868696,-0.9381213175008474,Energy,1
solar/H/short|H=336|L=6144|Hsrc=controlled|Lsrc=controlled|origins=shared_origin_v1:Hmax=720,joint-scaling-l6144,release,standard_hl_shared_origin_v1,solar/H/short,TimesFM-2.5,timesfm25,timesfm-2.5-200m-pytorch,231.28928,200.0,336,controlled,shared_origin_v1:Hmax=720,720,720,6144,controlled,7320,8040,6144,6144,256,256,100,[],merged,6,137,92064,2863971.200091798,128,100,,float32,native_horizon,336,128,fixed_1024_median_feedback_sign_flip,651.1002780674313,651.1002780674313,11.864038026535889,0.9023715677122786,6.315168029282999,1.1056096063000977,5.0363539510438216,25.51666667234244,0.8202479132636659,0.38137631999930394,0.29518011504075775,0.9023715677122786,0.9728773315767743,0.9275286188956374,-0.07523162902441222,0.29518011504075775,0.7547623072249494,0.39109016469841046,-0.9388171453292333,Energy,1
solar/H/short|H=336|L=8192|Hsrc=controlled|Lsrc=controlled|origins=shared_origin_v1:Hmax=720,joint-scaling,release,standard_hl_shared_origin_v1,solar/H/short,TimesFM-2.5,timesfm25,timesfm-2.5-200m-pytorch,231.28928,200.0,336,controlled,shared_origin_v1:Hmax=720,720,720,8192,controlled,7320,8040,7320,8040,256,256,100,[],merged,2,137,92064,2863971.200091798,128,100,,float32,native_horizon,336,128,fixed_1024_median_feedback_sign_flip,647.2327945776851,647.2327945776851,11.898089915710809,0.9048023495073793,6.302554909343768,1.1234029940014278,4.991661698428168,25.44077032201826,0.8178081814688695,0.3824709375446548,0.2949698704669889,0.9048023495073793,0.9728773315767743,0.9300271680099035,-0.07254148034764958,0.2949698704669889,0.7547623072249494,0.39081160736750475,-0.939529657700076,Energy,1
solar/H/short|H=720|L=128|Hsrc=controlled|Lsrc=controlled|origins=shared_origin_v1:Hmax=720,joint-scaling,release,standard_hl_shared_origin_v1,solar/H/short,TimesFM-2.5,timesfm25,timesfm-2.5-200m-pytorch,231.28928,200.0,720,controlled,shared_origin_v1:Hmax=720,720,720,128,controlled,7320,8040,128,128,256,256,100,[],merged,2,137,197280,5689922.250655826,128,100,,float32,native_horizon,720,128,fixed_1024_median_feedback_sign_flip,816.7556772100568,816.7556772100568,14.321691251013787,1.091757836009221,5.630314290694095,1.3363061343910776,7.113008643466813,28.578937650130676,0.9908839824600296,0.49655920160848305,0.3810724290930232,1.091757836009221,1.0711966474341135,1.01919459757866,0.019012705172831927,0.3810724290930232,1.0779765484284825,0.3535071608455359,-1.0398515368618935,Energy,1
solar/H/short|H=720|L=256|Hsrc=controlled|Lsrc=controlled|origins=shared_origin_v1:Hmax=720,joint-scaling,release,standard_hl_shared_origin_v1,solar/H/short,TimesFM-2.5,timesfm25,timesfm-2.5-200m-pytorch,231.28928,200.0,720,controlled,shared_origin_v1:Hmax=720,720,720,256,controlled,7320,8040,256,256,256,256,100,[],merged,2,137,197280,5689922.250655826,128,100,,float32,native_horizon,720,128,fixed_1024_median_feedback_sign_flip,869.3183292781833,869.3183292781833,13.589996451743714,1.0335057124847016,5.0413885981206965,1.157025760999954,6.372734966602394,29.48420474216972,1.0222712464770165,0.4711900061008709,0.3695872550267116,1.0335057124847016,1.0711966474341135,0.9648141776398436,-0.03581975821684968,0.3695872550267116,1.0779765484284825,0.34285277872279385,-1.070454140507609,Energy,1
solar/H/short|H=720|L=512|Hsrc=controlled|Lsrc=controlled|origins=shared_origin_v1:Hmax=720,joint-scaling,release,standard_hl_shared_origin_v1,solar/H/short,TimesFM-2.5,timesfm25,timesfm-2.5-200m-pytorch,231.28928,200.0,720,controlled,shared_origin_v1:Hmax=720,720,720,512,controlled,7320,8040,512,512,256,256,100,[],merged,2,137,197280,5689922.250655826,128,100,,float32,native_horizon,720,128,fixed_1024_median_feedback_sign_flip,708.4650040551501,708.4650040551501,12.990893020072992,0.9888378537159316,5.228504180238076,1.1757187413152792,5.242393405026775,26.61700591830625,0.9228602248401938,0.4504179955542633,0.33707612229933814,0.9888378537159316,1.0711966474341135,0.9231151498509077,-0.0800012961925203,0.33707612229933814,1.0779765484284825,0.3126933724028981,-1.162532209489042,Energy,1
solar/H/short|H=720|L=1024|Hsrc=controlled|Lsrc=controlled|origins=shared_origin_v1:Hmax=720,joint-scaling,release,standard_hl_shared_origin_v1,solar/H/short,TimesFM-2.5,timesfm25,timesfm-2.5-200m-pytorch,231.28928,200.0,720,controlled,shared_origin_v1:Hmax=720,720,720,1024,controlled,7320,8040,1024,1024,256,256,100,[],merged,2,137,197280,5689922.250655826,128,100,,float32,native_horizon,720,128,fixed_1024_median_feedback_sign_flip,752.1238442822385,752.1238442822385,13.44238582218167,1.022063871372865,4.362477057523831,1.07218579737106,4.860328651755918,27.424876376790444,0.9508705696267841,0.4660720758872123,0.35290896988812853,1.022063871372865,1.0711966474341135,0.9541328138218705,-0.04695239938112346,0.35290896988812853,1.0779765484284825,0.3273809345876897,-1.1166308485211192,Energy,1
solar/H/short|H=720|L=2048|Hsrc=controlled|Lsrc=controlled|origins=shared_origin_v1:Hmax=720,joint-scaling,release,standard_hl_shared_origin_v1,solar/H/short,TimesFM-2.5,timesfm25,timesfm-2.5-200m-pytorch,231.28928,200.0,720,controlled,shared_origin_v1:Hmax=720,720,720,2048,controlled,7320,8040,2048,2048,256,256,100,[],merged,2,137,197280,5689922.250655826,128,100,,float32,native_horizon,720,128,fixed_1024_median_feedback_sign_flip,678.1657542579076,678.1657542579076,12.632192822384429,0.9612903588474099,4.976031238551669,1.0583741732291705,4.807683283059058,26.04161581503551,0.9029103987138055,0.43798120434998217,0.3337334529637686,0.9612903588474099,1.0711966474341135,0.8973985879717163,-0.10825515890737526,0.3337334529637686,1.0779765484284825,0.3095924985105647,-1.172498367177146,Energy,1
solar/H/short|H=720|L=4096|Hsrc=controlled|Lsrc=controlled|origins=shared_origin_v1:Hmax=720,joint-scaling,release,standard_hl_shared_origin_v1,solar/H/short,TimesFM-2.5,timesfm25,timesfm-2.5-200m-pytorch,231.28928,200.0,720,controlled,shared_origin_v1:Hmax=720,720,720,4096,controlled,7320,8040,4096,4096,256,256,100,[],merged,2,137,197280,5689922.250655826,128,100,,float32,native_horizon,720,128,fixed_1024_median_feedback_sign_flip,650.1143349553934,650.1143349553934,12.371824310624493,0.9408464536407459,6.111113016527037,1.1796405997018309,4.744726756534883,25.497339762324096,0.8840393535661268,0.42895375235025063,0.32543492792080236,0.9408464536407459,1.0711966474341135,0.8783134785703434,-0.12975171197353422,0.32543492792080236,1.0779765484284825,0.3018942558585662,-1.1976784690864368,Energy,1
solar/H/short|H=720|L=6144|Hsrc=controlled|Lsrc=controlled|origins=shared_origin_v1:Hmax=720,joint-scaling-l6144,release,standard_hl_shared_origin_v1,solar/H/short,TimesFM-2.5,timesfm25,timesfm-2.5-200m-pytorch,231.28928,200.0,720,controlled,shared_origin_v1:Hmax=720,720,720,6144,controlled,7320,8040,6144,6144,256,256,100,[],merged,6,137,197280,5689922.250655826,128,100,,float32,native_horizon,720,128,fixed_1024_median_feedback_sign_flip,652.6181924168694,652.6181924168694,12.340433964416059,0.9380902418089346,6.448722788637533,1.1798448763263774,4.789826994995919,25.546392943366182,0.885740116973723,0.4278653916965903,0.3237759609080676,0.9380902418089346,1.0711966474341135,0.8757404572316253,-0.1326855136448975,0.3237759609080676,1.0779765484284825,0.30035529194033134,-1.2027891985958654,Energy,1
solar/H/short|H=720|L=8192|Hsrc=controlled|Lsrc=controlled|origins=shared_origin_v1:Hmax=720,joint-scaling,release,standard_hl_shared_origin_v1,solar/H/short,TimesFM-2.5,timesfm25,timesfm-2.5-200m-pytorch,231.28928,200.0,720,controlled,shared_origin_v1:Hmax=720,720,720,8192,controlled,7320,8040,7320,8040,256,256,100,[],merged,2,137,197280,5689922.250655826,128,100,,float32,native_horizon,720,128,fixed_1024_median_feedback_sign_flip,652.85399432279,652.85399432279,12.415588883819952,0.9437131233783528,6.388338082778274,1.1941672599184157,4.811222676807266,25.55100769681677,0.8859001189070759,0.43047115006144165,0.3244991702483086,0.9437131233783528,1.0711966474341135,0.8809896162752863,-0.1267094394090756,0.3244991702483086,1.0779765484284825,0.30102618718503343,-1.2005580174028663,Energy,1
sz_taxi/15T/short|H=48|L=128|Hsrc=controlled|Lsrc=controlled|origins=shared_origin_v1:Hmax=720,joint-scaling,release,standard_hl_shared_origin_v1,sz_taxi/15T/short,TimesFM-2.5,timesfm25,timesfm-2.5-200m-pytorch,231.28928,200.0,48,controlled,shared_origin_v1:Hmax=720,720,720,128,controlled,2256,2256,128,128,256,256,100,[],merged,2,156,7488,81925.4959676048,128,100,,float32,native_horizon,48,128,fixed_1024_median_feedback_sign_flip,13.866435254740919,13.866435254740919,2.5873240935496793,0.4939049540087202,1.37708253126878,0.39750307849329763,3.711724855786284,3.7237662728400287,0.3403526768034694,0.23648172749739438,0.18798137517955602,0.4939049540087202,0.6215073574928317,0.7946888287873837,-0.22980465127915767,0.18798137517955602,0.27437530071796695,0.6851249900689271,-0.37815399011112816,Transport,1
sz_taxi/15T/short|H=48|L=256|Hsrc=controlled|Lsrc=controlled|origins=shared_origin_v1:Hmax=720,joint-scaling,release,standard_hl_shared_origin_v1,sz_taxi/15T/short,TimesFM-2.5,timesfm25,timesfm-2.5-200m-pytorch,231.28928,200.0,48,controlled,shared_origin_v1:Hmax=720,720,720,256,controlled,2256,2256,256,256,256,256,100,[],merged,2,156,7488,81925.4959676048,128,100,,float32,native_horizon,48,128,fixed_1024_median_feedback_sign_flip,13.389358390090813,13.389358390090813,2.505768213516627,0.47189136654611236,1.360682365221855,0.37963025997846556,3.423186082053587,3.659147221702184,0.3344464879033557,0.2290275104374332,0.18122228099922963,0.47189136654611236,0.6215073574928317,0.7592691556375581,-0.27539894569056683,0.18122228099922963,0.27437530071796695,0.6604905052496317,-0.4147725302182626,Transport,1
sz_taxi/15T/short|H=48|L=512|Hsrc=controlled|Lsrc=controlled|origins=shared_origin_v1:Hmax=720,joint-scaling,release,standard_hl_shared_origin_v1,sz_taxi/15T/short,TimesFM-2.5,timesfm25,timesfm-2.5-200m-pytorch,231.28928,200.0,48,controlled,shared_origin_v1:Hmax=720,720,720,512,controlled,2256,2256,512,512,256,256,100,[],merged,2,156,7488,81925.4959676048,128,100,,float32,native_horizon,48,128,fixed_1024_median_feedback_sign_flip,12.547249557625534,12.547249557625534,2.4214772281483707,0.4561664872855661,1.3414755275106838,0.3701754349928636,3.1987833111636985,3.542209699837876,0.32375838460439993,0.2213233044270469,0.1746060127516295,0.4561664872855661,0.6215073574928317,0.7339679599703329,-0.3092899025869421,0.1746060127516295,0.27437530071796695,0.636376569956305,-0.45196479973254067,Transport,1
sz_taxi/15T/short|H=48|L=1024|Hsrc=controlled|Lsrc=controlled|origins=shared_origin_v1:Hmax=720,joint-scaling,release,standard_hl_shared_origin_v1,sz_taxi/15T/short,TimesFM-2.5,timesfm25,timesfm-2.5-200m-pytorch,231.28928,200.0,48,controlled,shared_origin_v1:Hmax=720,720,720,1024,controlled,2256,2256,1024,1024,256,256,100,[],merged,2,156,7488,81925.4959676048,128,100,,float32,native_horizon,48,128,fixed_1024_median_feedback_sign_flip,12.018386710403313,12.018386710403313,2.3614400227864585,0.4437257784123805,1.3261005369007077,0.36151028494549614,3.104239366826387,3.4667544923751543,0.31686176973734714,0.2158358967715868,0.17023472065198525,0.4437257784123805,0.6215073574928317,0.7139509662482126,-0.33694099372316066,0.17023472065198525,0.27437530071796695,0.6204447711092304,-0.4773186853750199,Transport,1
sz_taxi/15T/short|H=48|L=2048|Hsrc=controlled|Lsrc=controlled|origins=shared_origin_v1:Hmax=720,joint-scaling,release,standard_hl_shared_origin_v1,sz_taxi/15T/short,TimesFM-2.5,timesfm25,timesfm-2.5-200m-pytorch,231.28928,200.0,48,controlled,shared_origin_v1:Hmax=720,720,720,2048,controlled,2256,2256,2048,2048,256,256,100,[],merged,2,156,7488,81925.4959676048,128,100,,float32,native_horizon,48,128,fixed_1024_median_feedback_sign_flip,12.059908353365385,12.059908353365385,2.3891641991770167,0.4490293635639861,1.4826705150115185,0.36540003719492853,3.12304170681182,3.4727378757063403,0.3174086516799555,0.2183698897655943,0.17222077858589396,0.4490293635639861,0.6215073574928317,0.7224843892039767,-0.3250594658670711,0.17222077858589396,0.27437530071796695,0.6276832431171397,-0.4657196297021949,Transport,1
sz_taxi/15T/short|H=48|L=4096|Hsrc=controlled|Lsrc=controlled|origins=shared_origin_v1:Hmax=720,joint-scaling,release,standard_hl_shared_origin_v1,sz_taxi/15T/short,TimesFM-2.5,timesfm25,timesfm-2.5-200m-pytorch,231.28928,200.0,48,controlled,shared_origin_v1:Hmax=720,720,720,4096,controlled,2256,2256,2256,2256,256,256,100,[],merged,2,156,7488,81925.4959676048,128,100,,float32,native_horizon,48,128,fixed_1024_median_feedback_sign_flip,12.043546758146368,12.043546758146368,2.3872007712339745,0.4487709888276438,1.4734074193188267,0.36590501182099694,3.1106194089038346,3.47038135629881,0.3171932655279991,0.21819043221988332,0.1719354352985809,0.4487709888276438,0.6215073574928317,0.7220686664724155,-0.32563503869411886,0.1719354352985809,0.27437530071796695,0.6266432687223367,-0.46737784966850787,Transport,1
sz_taxi/15T/short|H=48|L=6144|Hsrc=controlled|Lsrc=controlled|origins=shared_origin_v1:Hmax=720,joint-scaling-l6144,release,standard_hl_shared_origin_v1,sz_taxi/15T/short,TimesFM-2.5,timesfm25,timesfm-2.5-200m-pytorch,231.28928,200.0,48,controlled,shared_origin_v1:Hmax=720,720,720,6144,controlled,2256,2256,2256,2256,256,256,100,[],merged,6,156,7488,81925.4959676048,128,100,,float32,native_horizon,48,128,fixed_1024_median_feedback_sign_flip,12.043547801482372,12.043547801482372,2.3872009016509748,0.4487709888276438,1.4734075415847647,0.3659050199720595,3.110619408903834,3.4703815066188866,0.3171932792672718,0.21819044414001257,0.17193542615043242,0.4487709888276438,0.6215073574928317,0.7220686664724155,-0.32563503869411886,0.17193542615043242,0.27437530071796695,0.626643235380602,-0.46737790287539166,Transport,1
sz_taxi/15T/short|H=48|L=8192|Hsrc=controlled|Lsrc=controlled|origins=shared_origin_v1:Hmax=720,joint-scaling,release,standard_hl_shared_origin_v1,sz_taxi/15T/short,TimesFM-2.5,timesfm25,timesfm-2.5-200m-pytorch,231.28928,200.0,48,controlled,shared_origin_v1:Hmax=720,720,720,8192,controlled,2256,2256,2256,2256,256,256,100,[],merged,2,156,7488,81925.4959676048,128,100,,float32,native_horizon,48,128,fixed_1024_median_feedback_sign_flip,12.043546758146368,12.043546758146368,2.3872007712339745,0.4487709888276438,1.4734074193188267,0.36590501182099694,3.1106194089038346,3.47038135629881,0.3171932655279991,0.21819043221988332,0.1719354352985809,0.4487709888276438,0.6215073574928317,0.7220686664724155,-0.32563503869411886,0.1719354352985809,0.27437530071796695,0.6266432687223367,-0.46737784966850787,Transport,1
sz_taxi/15T/short|H=96|L=128|Hsrc=controlled|Lsrc=controlled|origins=shared_origin_v1:Hmax=720,joint-scaling,release,standard_hl_shared_origin_v1,sz_taxi/15T/short,TimesFM-2.5,timesfm25,timesfm-2.5-200m-pytorch,231.28928,200.0,96,controlled,shared_origin_v1:Hmax=720,720,720,128,controlled,2256,2256,128,128,256,256,100,[],merged,2,156,14976,163561.76873346936,128,100,,float32,native_horizon,96,128,fixed_1024_median_feedback_sign_flip,15.929875822148771,15.929875822148771,2.7486302302433896,0.5252223701196741,10.128728361211271,0.41267810723720455,3.954410928467876,3.991224852366598,0.3654434887314288,0.2516693640993978,0.19944233300909095,0.5252223701196741,0.6589804808090461,0.7970226515280786,-0.2268721796069844,0.19944233300909095,0.2865356133749313,0.6960472754502633,-0.36233769645697683,Transport,1
sz_taxi/15T/short|H=96|L=256|Hsrc=controlled|Lsrc=controlled|origins=shared_origin_v1:Hmax=720,joint-scaling,release,standard_hl_shared_origin_v1,sz_taxi/15T/short,TimesFM-2.5,timesfm25,timesfm-2.5-200m-pytorch,231.28928,200.0,96,controlled,shared_origin_v1:Hmax=720,720,720,256,controlled,2256,2256,256,256,256,256,100,[],merged,2,156,14976,163561.76873346936,128,100,,float32,native_horizon,96,128,fixed_1024_median_feedback_sign_flip,15.35341285640358,15.35341285640358,2.665631155682425,0.5039689249635745,10.590393588074253,0.39493860750116855,3.6154604123461667,3.918343126425196,0.35877031115362307,0.24406982448662612,0.1920581107662839,0.5039689249635745,0.6589804808090461,0.7647706413774802,-0.2681793053019979,0.1920581107662839,0.2865356133749313,0.6702765792501201,-0.40006484692668115,Transport,1
sz_taxi/15T/short|H=96|L=512|Hsrc=controlled|Lsrc=controlled|origins=shared_origin_v1:Hmax=720,joint-scaling,release,standard_hl_shared_origin_v1,sz_taxi/15T/short,TimesFM-2.5,timesfm25,timesfm-2.5-200m-pytorch,231.28928,200.0,96,controlled,shared_origin_v1:Hmax=720,720,720,512,controlled,2256,2256,512,512,256,256,100,[],merged,2,156,14976,163561.76873346936,128,100,,float32,native_horizon,96,128,fixed_1024_median_feedback_sign_flip,14.000043298444178,14.000043298444178,2.549490512945713,0.4830305267625181,8.798589983557024,0.3843680976802467,3.412678909729257,3.7416631727674496,0.34259318732776056,0.23343578525427167,0.18386195998513874,0.4830305267625181,0.6589804808090461,0.7329967136044606,-0.31061406059194757,0.18386195998513874,0.2865356133749313,0.6416722787772832,-0.44367757482019415,Transport,1
sz_taxi/15T/short|H=96|L=1024|Hsrc=controlled|Lsrc=controlled|origins=shared_origin_v1:Hmax=720,joint-scaling,release,standard_hl_shared_origin_v1,sz_taxi/15T/short,TimesFM-2.5,timesfm25,timesfm-2.5-200m-pytorch,231.28928,200.0,96,controlled,shared_origin_v1:Hmax=720,720,720,1024,controlled,2256,2256,1024,1024,256,256,100,[],merged,2,156,14976,163561.76873346936,128,100,,float32,native_horizon,96,128,fixed_1024_median_feedback_sign_flip,13.492612659421741,13.492612659421741,2.4975875463241186,0.4727720987966844,9.74145977313702,0.37759402674487513,3.2838344829693833,3.6732291868901594,0.3363272525654118,0.22868345936452392,0.18001445081046932,0.4727720987966844,0.6589804808090461,0.7174295939938172,-0.3320804630009994,0.18001445081046932,0.2865356133749313,0.628244596509966,-0.4648257034550077,Transport,1
sz_taxi/15T/short|H=96|L=2048|Hsrc=controlled|Lsrc=controlled|origins=shared_origin_v1:Hmax=720,joint-scaling,release,standard_hl_shared_origin_v1,sz_taxi/15T/short,TimesFM-2.5,timesfm25,timesfm-2.5-200m-pytorch,231.28928,200.0,96,controlled,shared_origin_v1:Hmax=720,720,720,2048,controlled,2256,2256,2048,2048,256,256,100,[],merged,2,156,14976,163561.76873346936,128,100,,float32,native_horizon,96,128,fixed_1024_median_feedback_sign_flip,13.611655732505342,13.611655732505342,2.5403177636301417,0.4812301221645572,9.893917768429487,0.3859910394391443,3.3877037608135465,3.6893977465848464,0.33780767401024353,0.2325959123743577,0.18327189097682528,0.4812301221645572,0.6589804808090461,0.7302646074945034,-0.3143483344983943,0.18327189097682528,0.2865356133749313,0.6396129570707652,-0.4468920401431568,Transport,1
sz_taxi/15T/short|H=96|L=4096|Hsrc=controlled|Lsrc=controlled|origins=shared_origin_v1:Hmax=720,joint-scaling,release,standard_hl_shared_origin_v1,sz_taxi/15T/short,TimesFM-2.5,timesfm25,timesfm-2.5-200m-pytorch,231.28928,200.0,96,controlled,shared_origin_v1:Hmax=720,720,720,4096,controlled,2256,2256,2256,2256,256,256,100,[],merged,2,156,14976,163561.76873346936,128,100,,float32,native_horizon,96,128,fixed_1024_median_feedback_sign_flip,13.617424858940971,13.617424858940971,2.53983391655816,0.4812511827125284,9.705246102096687,0.38618782239082533,3.372061984826929,3.6901795158150468,0.337879254160557,0.23255161049497533,0.1830225044212929,0.4812511827125284,0.6589804808090461,0.7302965667840189,-0.31430457147075336,0.1830225044212929,0.2865356133749313,0.6387426060781084,-0.4482537131427928,Transport,1
sz_taxi/15T/short|H=96|L=6144|Hsrc=controlled|Lsrc=controlled|origins=shared_origin_v1:Hmax=720,joint-scaling-l6144,release,standard_hl_shared_origin_v1,sz_taxi/15T/short,TimesFM-2.5,timesfm25,timesfm-2.5-200m-pytorch,231.28928,200.0,96,controlled,shared_origin_v1:Hmax=720,720,720,6144,controlled,2256,2256,2256,2256,256,256,100,[],merged,6,156,14976,163561.76873346936,128,100,,float32,native_horizon,96,128,fixed_1024_median_feedback_sign_flip,13.61742420685597,13.61742420685597,2.53983401437091,0.48125118271252837,9.70524694165613,0.38618781016423154,3.3720619848269284,3.6901794274609427,0.3378792460707016,0.23255161945088085,0.18302249602662402,0.48125118271252837,0.6589804808090461,0.7302965667840188,-0.3143045714707535,0.18302249602662402,0.2865356133749313,0.6387425767809862,-0.4482537590096608,Transport,1
sz_taxi/15T/short|H=96|L=8192|Hsrc=controlled|Lsrc=controlled|origins=shared_origin_v1:Hmax=720,joint-scaling,release,standard_hl_shared_origin_v1,sz_taxi/15T/short,TimesFM-2.5,timesfm25,timesfm-2.5-200m-pytorch,231.28928,200.0,96,controlled,shared_origin_v1:Hmax=720,720,720,8192,controlled,2256,2256,2256,2256,256,256,100,[],merged,2,156,14976,163561.76873346936,128,100,,float32,native_horizon,96,128,fixed_1024_median_feedback_sign_flip,13.617424858940971,13.617424858940971,2.53983391655816,0.4812511827125284,9.705246102096687,0.38618782239082533,3.372061984826929,3.6901795158150468,0.337879254160557,0.23255161049497533,0.1830225044212929,0.4812511827125284,0.6589804808090461,0.7302965667840189,-0.31430457147075336,0.1830225044212929,0.2865356133749313,0.6387426060781084,-0.4482537131427928,Transport,1
sz_taxi/15T/short|H=192|L=128|Hsrc=controlled|Lsrc=controlled|origins=shared_origin_v1:Hmax=720,joint-scaling,release,standard_hl_shared_origin_v1,sz_taxi/15T/short,TimesFM-2.5,timesfm25,timesfm-2.5-200m-pytorch,231.28928,200.0,192,controlled,shared_origin_v1:Hmax=720,720,720,128,controlled,2256,2256,128,128,256,256,100,[],merged,2,156,29952,325698.1201417807,128,100,,float32,native_horizon,192,128,fixed_1024_median_feedback_sign_flip,16.561906341813568,16.561906341813568,2.772076729016426,0.5268821283340731,6.674816685864049,0.4092433309962607,4.154066633666175,4.0696322121063435,0.37425338520206164,0.25492699236752203,0.20324723428330801,0.5268821283340731,0.6639967647920173,0.7935010474021024,-0.23130041903909976,0.20324723428330801,0.31348991628027995,0.6483373905449388,-0.43334405370734946,Transport,1
sz_taxi/15T/short|H=192|L=256|Hsrc=controlled|Lsrc=controlled|origins=shared_origin_v1:Hmax=720,joint-scaling,release,standard_hl_shared_origin_v1,sz_taxi/15T/short,TimesFM-2.5,timesfm25,timesfm-2.5-200m-pytorch,231.28928,200.0,192,controlled,shared_origin_v1:Hmax=720,720,720,256,controlled,2256,2256,256,256,256,256,100,[],merged,2,156,29952,325698.1201417807,128,100,,float32,native_horizon,192,128,fixed_1024_median_feedback_sign_flip,15.739341279380342,15.739341279380342,2.684970431857639,0.5062172110738364,6.892506395649706,0.3930030724941156,3.7122387202297484,3.9672838667506944,0.36484117969483326,0.24691648309174155,0.19433806548170127,0.5062172110738364,0.6639967647920173,0.7623790324225421,-0.2713114290894021,0.19433806548170127,0.31348991628027995,0.6199180751573223,-0.47816794651687006,Transport,1
sz_taxi/15T/short|H=192|L=512|Hsrc=controlled|Lsrc=controlled|origins=shared_origin_v1:Hmax=720,joint-scaling,release,standard_hl_shared_origin_v1,sz_taxi/15T/short,TimesFM-2.5,timesfm25,timesfm-2.5-200m-pytorch,231.28928,200.0,192,controlled,shared_origin_v1:Hmax=720,720,720,512,controlled,2256,2256,512,512,256,256,100,[],merged,2,156,29952,325698.1201417807,128,100,,float32,native_horizon,192,128,fixed_1024_median_feedback_sign_flip,14.253111749632746,14.253111749632746,2.560429108448518,0.48323509915093005,5.903813288762019,0.3813908242771768,3.452221454655408,3.775329356444646,0.34718857092268574,0.23546335675153987,0.1853681226277392,0.48323509915093005,0.6639967647920173,0.7277672494417846,-0.3177739942095669,0.1853681226277392,0.31348991628027995,0.591304896907779,-0.5254234945935365,Transport,1
sz_taxi/15T/short|H=192|L=1024|Hsrc=controlled|Lsrc=controlled|origins=shared_origin_v1:Hmax=720,joint-scaling,release,standard_hl_shared_origin_v1,sz_taxi/15T/short,TimesFM-2.5,timesfm25,timesfm-2.5-200m-pytorch,231.28928,200.0,192,controlled,shared_origin_v1:Hmax=720,720,720,1024,controlled,2256,2256,1024,1024,256,256,100,[],merged,2,156,29952,325698.1201417807,128,100,,float32,native_horizon,192,128,fixed_1024_median_feedback_sign_flip,13.768767528044872,13.768767528044872,2.5185387766259346,0.4750724059740229,6.363822219718216,0.37777147537622696,3.3171431775511913,3.7106289935865147,0.34123856646001594,0.23161101883137067,0.18177183116421272,0.4750724059740229,0.6639967647920173,0.7154739769294345,-0.33481005111604745,0.18177183116421272,0.31348991628027995,0.5798331037917568,-0.5450149689334245,Transport,1
sz_taxi/15T/short|H=192|L=2048|Hsrc=controlled|Lsrc=controlled|origins=shared_origin_v1:Hmax=720,joint-scaling,release,standard_hl_shared_origin_v1,sz_taxi/15T/short,TimesFM-2.5,timesfm25,timesfm-2.5-200m-pytorch,231.28928,200.0,192,controlled,shared_origin_v1:Hmax=720,720,720,2048,controlled,2256,2256,2048,2048,256,256,100,[],merged,2,156,29952,325698.1201417807,128,100,,float32,native_horizon,192,128,fixed_1024_median_feedback_sign_flip,13.786255404480503,13.786255404480503,2.5408072186331463,0.4795632920614811,6.558347783536992,0.38162366752950555,3.461995543360968,3.7129847029688263,0.3414552032873587,0.2336588795150911,0.184727214348342,0.4795632920614811,0.6639967647920173,0.7222373925446669,-0.3254013955933847,0.184727214348342,0.31348991628027995,0.5892604666211467,-0.5288869747082121,Transport,1
sz_taxi/15T/short|H=192|L=4096|Hsrc=controlled|Lsrc=controlled|origins=shared_origin_v1:Hmax=720,joint-scaling,release,standard_hl_shared_origin_v1,sz_taxi/15T/short,TimesFM-2.5,timesfm25,timesfm-2.5-200m-pytorch,231.28928,200.0,192,controlled,shared_origin_v1:Hmax=720,720,720,4096,controlled,2256,2256,2256,2256,256,256,100,[],merged,2,156,29952,325698.1201417807,128,100,,float32,native_horizon,192,128,fixed_1024_median_feedback_sign_flip,13.935695028712606,13.935695028712606,2.5477150159004407,0.4808495471178513,6.4706705207498665,0.38149114755483776,3.4547951266756565,3.733054383304991,0.34330086044118907,0.23429413753764256,0.184961958084923,0.4808495471178513,0.6639967647920173,0.7241745330919903,-0.32272284784197897,0.184961958084923,0.31348991628027995,0.5900092745552786,-0.5276170226207053,Transport,1
sz_taxi/15T/short|H=192|L=6144|Hsrc=controlled|Lsrc=controlled|origins=shared_origin_v1:Hmax=720,joint-scaling-l6144,release,standard_hl_shared_origin_v1,sz_taxi/15T/short,TimesFM-2.5,timesfm25,timesfm-2.5-200m-pytorch,231.28928,200.0,192,controlled,shared_origin_v1:Hmax=720,720,720,6144,controlled,2256,2256,2256,2256,256,256,100,[],merged,6,156,29952,325698.1201417807,128,100,,float32,native_horizon,192,128,fixed_1024_median_feedback_sign_flip,13.935695028712606,13.935695028712606,2.5477150485046907,0.4808495471178513,6.470670357728616,0.381491151630369,3.4547951266756565,3.733054383304991,0.34330086044118907,0.23429414053600958,0.18496195831605133,0.4808495471178513,0.6639967647920173,0.7241745330919903,-0.32272284784197897,0.18496195831605133,0.31348991628027995,0.5900092752925538,-0.5276170213711061,Transport,1
sz_taxi/15T/short|H=192|L=8192|Hsrc=controlled|Lsrc=controlled|origins=shared_origin_v1:Hmax=720,joint-scaling,release,standard_hl_shared_origin_v1,sz_taxi/15T/short,TimesFM-2.5,timesfm25,timesfm-2.5-200m-pytorch,231.28928,200.0,192,controlled,shared_origin_v1:Hmax=720,720,720,8192,controlled,2256,2256,2256,2256,256,256,100,[],merged,2,156,29952,325698.1201417807,128,100,,float32,native_horizon,192,128,fixed_1024_median_feedback_sign_flip,13.935695028712606,13.935695028712606,2.5477150159004407,0.4808495471178513,6.4706705207498665,0.38149114755483776,3.4547951266756565,3.733054383304991,0.34330086044118907,0.23429413753764256,0.184961958084923,0.4808495471178513,0.6639967647920173,0.7241745330919903,-0.32272284784197897,0.184961958084923,0.31348991628027995,0.5900092745552786,-0.5276170226207053,Transport,1
sz_taxi/15T/short|H=336|L=128|Hsrc=controlled|Lsrc=controlled|origins=shared_origin_v1:Hmax=720,joint-scaling,release,standard_hl_shared_origin_v1,sz_taxi/15T/short,TimesFM-2.5,timesfm25,timesfm-2.5-200m-pytorch,231.28928,200.0,336,controlled,shared_origin_v1:Hmax=720,720,720,128,controlled,2256,2256,128,128,256,256,100,[],merged,2,156,52416,570457.3737188877,128,100,,float32,native_horizon,336,128,fixed_1024_median_feedback_sign_flip,16.863255613743895,16.863255613743895,2.7871420165121337,0.527428862501186,4.944429092500382,0.4147304027217357,4.227495268196634,4.106489451312872,0.37732135825819857,0.25609421959981754,0.2041211209419654,0.527428862501186,0.6630630446052542,0.7954430077085411,-0.22885607712901698,0.2041211209419654,0.346640141093298,0.5888559827438633,-0.5295736366988744,Transport,1
sz_taxi/15T/short|H=336|L=256|Hsrc=controlled|Lsrc=controlled|origins=shared_origin_v1:Hmax=720,joint-scaling,release,standard_hl_shared_origin_v1,sz_taxi/15T/short,TimesFM-2.5,timesfm25,timesfm-2.5-200m-pytorch,231.28928,200.0,336,controlled,shared_origin_v1:Hmax=720,720,720,256,controlled,2256,2256,256,256,256,256,100,[],merged,2,156,52416,570457.3737188877,128,100,,float32,native_horizon,336,128,fixed_1024_median_feedback_sign_flip,15.680450625763125,15.680450625763125,2.683481218759539,0.5047378717949371,5.049758184523809,0.3952168708028083,3.725198565157993,3.9598548743310182,0.36384796245129575,0.2465694336555525,0.19401845259146994,0.5047378717949371,0.6630630446052542,0.761221539794042,-0.27283084680595154,0.19401845259146994,0.346640141093298,0.5597114401682926,-0.5803339134718579,Transport,1
sz_taxi/15T/short|H=336|L=512|Hsrc=controlled|Lsrc=controlled|origins=shared_origin_v1:Hmax=720,joint-scaling,release,standard_hl_shared_origin_v1,sz_taxi/15T/short,TimesFM-2.5,timesfm25,timesfm-2.5-200m-pytorch,231.28928,200.0,336,controlled,shared_origin_v1:Hmax=720,720,720,512,controlled,2256,2256,512,512,256,256,100,[],merged,2,156,52416,570457.3737188877,128,100,,float32,native_horizon,336,128,fixed_1024_median_feedback_sign_flip,14.049622848939256,14.049622848939256,2.547613756415026,0.47932446813625407,4.577843597374847,0.3829295399424794,3.3947837829862335,3.7482826532879367,0.34440782538040743,0.2340853651968995,0.18403436153804656,0.47932446813625407,0.6630630446052542,0.7228942587527458,-0.32449232097346853,0.18403436153804656,0.346640141093298,0.5309089736624409,-0.633164696799552,Transport,1
sz_taxi/15T/short|H=336|L=1024|Hsrc=controlled|Lsrc=controlled|origins=shared_origin_v1:Hmax=720,joint-scaling,release,standard_hl_shared_origin_v1,sz_taxi/15T/short,TimesFM-2.5,timesfm25,timesfm-2.5-200m-pytorch,231.28928,200.0,336,controlled,shared_origin_v1:Hmax=720,720,720,1024,controlled,2256,2256,1024,1024,256,256,100,[],merged,2,156,52416,570457.3737188877,128,100,,float32,native_horizon,336,128,fixed_1024_median_feedback_sign_flip,13.648157885950855,13.648157885950855,2.515379443418994,0.47326343209222516,4.8545349642761755,0.3794134976080777,3.2888509127287167,3.69434133316764,0.33945147217036237,0.23112354223195944,0.18114507636399244,0.47326343209222516,0.6630630446052542,0.7137532938123196,-0.3372179032242191,0.18114507636399244,0.346640141093298,0.5225738594285806,-0.6489889473751884,Transport,1
sz_taxi/15T/short|H=336|L=2048|Hsrc=controlled|Lsrc=controlled|origins=shared_origin_v1:Hmax=720,joint-scaling,release,standard_hl_shared_origin_v1,sz_taxi/15T/short,TimesFM-2.5,timesfm25,timesfm-2.5-200m-pytorch,231.28928,200.0,336,controlled,shared_origin_v1:Hmax=720,720,720,2048,controlled,2256,2256,2048,2048,256,256,100,[],merged,2,156,52416,570457.3737188877,128,100,,float32,native_horizon,336,128,fixed_1024_median_feedback_sign_flip,13.648339128319597,13.648339128319597,2.532319792024382,0.4766907241346689,5.026574364220848,0.38089607807015036,3.518418972152518,3.6943658628132106,0.3394537260563869,0.23268009203464032,0.18438836271394451,0.4766907241346689,0.6630630446052542,0.718922171900653,-0.33000217204259147,0.18438836271394451,0.346640141093298,0.5319302090415331,-0.6312429842582861,Transport,1
sz_taxi/15T/short|H=336|L=4096|Hsrc=controlled|Lsrc=controlled|origins=shared_origin_v1:Hmax=720,joint-scaling,release,standard_hl_shared_origin_v1,sz_taxi/15T/short,TimesFM-2.5,timesfm25,timesfm-2.5-200m-pytorch,231.28928,200.0,336,controlled,shared_origin_v1:Hmax=720,720,720,4096,controlled,2256,2256,2256,2256,256,256,100,[],merged,2,156,52416,570457.3737188877,128,100,,float32,native_horizon,336,128,fixed_1024_median_feedback_sign_flip,13.794020432692308,13.794020432692308,2.539090819120116,0.47796402673205507,4.995664789854243,0.38051499959458945,3.5018770460171837,3.714030214294481,0.3412605685913915,0.2333022422120257,0.1845876845563391,0.47796402673205507,0.6630630446052542,0.7208425060344067,-0.32733460379073914,0.1845876845563391,0.346640141093298,0.5325052198921688,-0.6301625788322006,Transport,1
sz_taxi/15T/short|H=336|L=6144|Hsrc=controlled|Lsrc=controlled|origins=shared_origin_v1:Hmax=720,joint-scaling-l6144,release,standard_hl_shared_origin_v1,sz_taxi/15T/short,TimesFM-2.5,timesfm25,timesfm-2.5-200m-pytorch,231.28928,200.0,336,controlled,shared_origin_v1:Hmax=720,720,720,6144,controlled,2256,2256,2256,2256,256,256,100,[],merged,6,156,52416,570457.3737188877,128,100,,float32,native_horizon,336,128,fixed_1024_median_feedback_sign_flip,13.794020432692308,13.794020432692308,2.5390907073341156,0.47796402673205507,4.995664938902244,0.3805149809635894,3.5018770460171837,3.714030214294481,0.3412605685913915,0.2333022319406623,0.18458768958636612,0.47796402673205507,0.6630630446052542,0.7208425060344067,-0.32733460379073914,0.18458768958636612,0.346640141093298,0.5325052344029726,-0.6301625515821324,Transport,1
sz_taxi/15T/short|H=336|L=8192|Hsrc=controlled|Lsrc=controlled|origins=shared_origin_v1:Hmax=720,joint-scaling,release,standard_hl_shared_origin_v1,sz_taxi/15T/short,TimesFM-2.5,timesfm25,timesfm-2.5-200m-pytorch,231.28928,200.0,336,controlled,shared_origin_v1:Hmax=720,720,720,8192,controlled,2256,2256,2256,2256,256,256,100,[],merged,2,156,52416,570457.3737188877,128,100,,float32,native_horizon,336,128,fixed_1024_median_feedback_sign_flip,13.794020432692308,13.794020432692308,2.539090819120116,0.47796402673205507,4.995664789854243,0.38051499959458945,3.5018770460171837,3.714030214294481,0.3412605685913915,0.2333022422120257,0.1845876845563391,0.47796402673205507,0.6630630446052542,0.7208425060344067,-0.32733460379073914,0.1845876845563391,0.346640141093298,0.5325052198921688,-0.6301625788322006,Transport,1
sz_taxi/15T/short|H=720|L=128|Hsrc=controlled|Lsrc=controlled|origins=shared_origin_v1:Hmax=720,joint-scaling,release,standard_hl_shared_origin_v1,sz_taxi/15T/short,TimesFM-2.5,timesfm25,timesfm-2.5-200m-pytorch,231.28928,200.0,720,controlled,shared_origin_v1:Hmax=720,720,720,128,controlled,2256,2256,128,128,256,256,100,[],merged,2,156,112320,1213506.5590510867,128,100,,float32,native_horizon,720,128,fixed_1024_median_feedback_sign_flip,19.346082064636754,19.346082064636754,2.973328158386752,0.5633124108100868,8260142285538.888,0.4389762508903134,4.398764339088873,4.3984181320830285,0.4071097275171529,0.2752059445077467,0.21838307385138975,0.5633124108100868,0.6909431345378894,0.8152804227323809,-0.20422314794993449,0.21838307385138975,0.4279704057318517,0.5102761100453741,-0.6728033075178423,Transport,1
sz_taxi/15T/short|H=720|L=256|Hsrc=controlled|Lsrc=controlled|origins=shared_origin_v1:Hmax=720,joint-scaling,release,standard_hl_shared_origin_v1,sz_taxi/15T/short,TimesFM-2.5,timesfm25,timesfm-2.5-200m-pytorch,231.28928,200.0,720,controlled,shared_origin_v1:Hmax=720,720,720,256,controlled,2256,2256,256,256,256,256,100,[],merged,2,156,112320,1213506.5590510867,128,100,,float32,native_horizon,720,128,fixed_1024_median_feedback_sign_flip,17.69024494747151,17.69024494747151,2.854359057825855,0.5383202896186748,8271935702860.507,0.41457510836783296,3.9523975219636296,4.2059772880356245,0.3892977466570689,0.2641943770173748,0.20834612740865682,0.5383202896186748,0.6909431345378894,0.779109398024064,-0.24960380905081578,0.20834612740865682,0.4279704057318517,0.48682367896998413,-0.7198532769605778,Transport,1
sz_taxi/15T/short|H=720|L=512|Hsrc=controlled|Lsrc=controlled|origins=shared_origin_v1:Hmax=720,joint-scaling,release,standard_hl_shared_origin_v1,sz_taxi/15T/short,TimesFM-2.5,timesfm25,timesfm-2.5-200m-pytorch,231.28928,200.0,720,controlled,shared_origin_v1:Hmax=720,720,720,512,controlled,2256,2256,512,512,256,256,100,[],merged,2,156,112320,1213506.5590510867,128,100,,float32,native_horizon,720,128,fixed_1024_median_feedback_sign_flip,15.98374732905983,15.98374732905983,2.7156529614049147,0.5124035974691921,7912364956478.915,0.4016212224281072,3.6182627026050405,3.997967899953654,0.3700447691637817,0.25135598843694346,0.19768563524314192,0.5124035974691921,0.6909431345378894,0.7416002444425378,-0.29894493511547343,0.19768563524314192,0.4279704057318517,0.46191426462091273,-0.7723759795350691,Transport,1
sz_taxi/15T/short|H=720|L=1024|Hsrc=controlled|Lsrc=controlled|origins=shared_origin_v1:Hmax=720,joint-scaling,release,standard_hl_shared_origin_v1,sz_taxi/15T/short,TimesFM-2.5,timesfm25,timesfm-2.5-200m-pytorch,231.28928,200.0,720,controlled,shared_origin_v1:Hmax=720,720,720,1024,controlled,2256,2256,1024,1024,256,256,100,[],merged,2,156,112320,1213506.5590510867,128,100,,float32,native_horizon,720,128,fixed_1024_median_feedback_sign_flip,15.653729856659544,15.653729856659544,2.690344968616453,0.5074205206799633,7308200717139.984,0.39871267987112713,3.51528008047876,3.9564794775986827,0.36620467488151076,0.24901352581999414,0.19541373874660628,0.5074205206799633,0.6909431345378894,0.734388251819496,-0.3087174367816199,0.19541373874660628,0.4279704057318517,0.45660572817514944,-0.7839349996844731,Transport,1
sz_taxi/15T/short|H=720|L=2048|Hsrc=controlled|Lsrc=controlled|origins=shared_origin_v1:Hmax=720,joint-scaling,release,standard_hl_shared_origin_v1,sz_taxi/15T/short,TimesFM-2.5,timesfm25,timesfm-2.5-200m-pytorch,231.28928,200.0,720,controlled,shared_origin_v1:Hmax=720,720,720,2048,controlled,2256,2256,2048,2048,256,256,100,[],merged,2,156,112320,1213506.5590510867,128,100,,float32,native_horizon,720,128,fixed_1024_median_feedback_sign_flip,15.685802840099715,15.685802840099715,2.7112260171830482,0.5118211741648311,7260587762024.766,0.40037436634726675,3.8313209543168756,3.9605306260777375,0.3665796419501051,0.2509462383854985,0.19954635341216828,0.5118211741648311,0.6909431345378894,0.7407573048788493,-0.3000822311139081,0.19954635341216828,0.4279704057318517,0.46626203760732854,-0.7630074904328235,Transport,1
sz_taxi/15T/short|H=720|L=4096|Hsrc=controlled|Lsrc=controlled|origins=shared_origin_v1:Hmax=720,joint-scaling,release,standard_hl_shared_origin_v1,sz_taxi/15T/short,TimesFM-2.5,timesfm25,timesfm-2.5-200m-pytorch,231.28928,200.0,720,controlled,shared_origin_v1:Hmax=720,720,720,4096,controlled,2256,2256,2256,2256,256,256,100,[],merged,2,156,112320,1213506.5590510867,128,100,,float32,native_horizon,720,128,fixed_1024_median_feedback_sign_flip,15.859454015313391,15.859454015313391,2.718789368545228,0.5130758853643509,7220199162156.088,0.39991555933938744,3.811237473651618,3.9823930011129476,0.36860318434107087,0.2516462886807884,0.19981732238670968,0.5130758853643509,0.6909431345378894,0.7425732447685466,-0.2976337670175695,0.19981732238670968,0.4279704057318517,0.46689518646741857,-0.7616504866162851,Transport,1
sz_taxi/15T/short|H=720|L=6144|Hsrc=controlled|Lsrc=controlled|origins=shared_origin_v1:Hmax=720,joint-scaling-l6144,release,standard_hl_shared_origin_v1,sz_taxi/15T/short,TimesFM-2.5,timesfm25,timesfm-2.5-200m-pytorch,231.28928,200.0,720,controlled,shared_origin_v1:Hmax=720,720,720,6144,controlled,2256,2256,2256,2256,256,256,100,[],merged,6,156,112320,1213506.5590510867,128,100,,float32,native_horizon,720,128,fixed_1024_median_feedback_sign_flip,15.859452624198719,15.859452624198719,2.7187892642116274,0.5130758853643509,7220199162157.304,0.39991557672832084,3.811237473651618,3.9823928264548085,0.3686031681750254,0.2516462790238567,0.19981731916241782,0.5130758853643509,0.6909431345378894,0.7425732447685466,-0.2976337670175695,0.19981731916241782,0.4279704057318517,0.46689517893350546,-0.7616505027524831,Transport,1
sz_taxi/15T/short|H=720|L=8192|Hsrc=controlled|Lsrc=controlled|origins=shared_origin_v1:Hmax=720,joint-scaling,release,standard_hl_shared_origin_v1,sz_taxi/15T/short,TimesFM-2.5,timesfm25,timesfm-2.5-200m-pytorch,231.28928,200.0,720,controlled,shared_origin_v1:Hmax=720,720,720,8192,controlled,2256,2256,2256,2256,256,256,100,[],merged,2,156,112320,1213506.5590510867,128,100,,float32,native_horizon,720,128,fixed_1024_median_feedback_sign_flip,15.859454015313391,15.859454015313391,2.718789368545228,0.5130758853643509,7220199162156.088,0.39991555933938744,3.811237473651618,3.9823930011129476,0.36860318434107087,0.2516462886807884,0.19981732238670968,0.5130758853643509,0.6909431345378894,0.7425732447685466,-0.2976337670175695,0.19981732238670968,0.4279704057318517,0.46689518646741857,-0.7616504866162851,Transport,1
us_births/D/short|H=48|L=128|Hsrc=controlled|Lsrc=controlled|origins=shared_origin_v1:Hmax=720,joint-scaling,release,standard_hl_shared_origin_v1,us_births/D/short,TimesFM-2.5,timesfm25,timesfm-2.5-200m-pytorch,231.28928,200.0,48,controlled,shared_origin_v1:Hmax=720,720,720,128,controlled,5865,6585,128,128,256,256,100,[],merged,2,1,96,966203.0,128,100,,float32,native_horizon,48,128,fixed_1024_median_feedback_sign_flip,119064.09375,119064.09375,270.38246663411456,0.41751922487942394,0.02645394702752431,0.02691616863012314,6.08953527303034,345.05665295716295,0.03428413975519393,0.026864661770740723,0.02582765450942015,0.41751922487942394,1.9806011529499583,0.21080429255408645,-1.5568250993624533,0.02582765450942015,0.13560089778328527,0.1904681674799632,-1.6582701982208283,Healthcare,1
us_births/D/short|H=48|L=256|Hsrc=controlled|Lsrc=controlled|origins=shared_origin_v1:Hmax=720,joint-scaling,release,standard_hl_shared_origin_v1,us_births/D/short,TimesFM-2.5,timesfm25,timesfm-2.5-200m-pytorch,231.28928,200.0,48,controlled,shared_origin_v1:Hmax=720,720,720,256,controlled,5865,6585,256,256,256,256,100,[],merged,2,1,96,966203.0,128,100,,float32,native_horizon,48,128,fixed_1024_median_feedback_sign_flip,113778.89583333333,113778.89583333333,263.0093180338542,0.40513702428496495,0.02609332650899887,0.026579658190409344,5.495750184168535,337.3112743940429,0.033514574413273525,0.026132080454366213,0.024833302215228496,0.40513702428496495,1.9806011529499583,0.20455255399682234,-1.586930348755456,0.024833302215228496,0.13560089778328527,0.1831352345094101,-1.6975304126664936,Healthcare,1
us_births/D/short|H=48|L=512|Hsrc=controlled|Lsrc=controlled|origins=shared_origin_v1:Hmax=720,joint-scaling,release,standard_hl_shared_origin_v1,us_births/D/short,TimesFM-2.5,timesfm25,timesfm-2.5-200m-pytorch,231.28928,200.0,48,controlled,shared_origin_v1:Hmax=720,720,720,512,controlled,5865,6585,512,512,256,256,100,[],merged,2,1,96,966203.0,128,100,,float32,native_horizon,48,128,fixed_1024_median_feedback_sign_flip,42744.3671875,42744.3671875,151.24300130208334,0.23189656600752093,0.015018578618764877,0.015103057026863098,2.4256680494251714,206.74710926032316,0.02054197977960224,0.015027202487468989,0.012984146139777015,0.23189656600752093,1.9806011529499583,0.11708392962516871,-2.1448642541312566,0.012984146139777015,0.13560089778328527,0.09575265615518289,-2.3459869107820395,Healthcare,1
us_births/D/short|H=48|L=1024|Hsrc=controlled|Lsrc=controlled|origins=shared_origin_v1:Hmax=720,joint-scaling,release,standard_hl_shared_origin_v1,us_births/D/short,TimesFM-2.5,timesfm25,timesfm-2.5-200m-pytorch,231.28928,200.0,48,controlled,shared_origin_v1:Hmax=720,720,720,1024,controlled,5865,6585,1024,1024,256,256,100,[],merged,2,1,96,966203.0,128,100,,float32,native_horizon,48,128,fixed_1024_median_feedback_sign_flip,37254.578125,37254.578125,135.65568033854166,0.20736696599190788,0.013445007304350534,0.013402865578730902,2.0379176689137894,193.01445056005522,0.019177530243401544,0.013478477413649098,0.011689583127415597,0.20736696599190788,1.9806011529499583,0.10469900296839178,-2.2566656838979617,0.011689583127415597,0.13560089778328527,0.08620579449332011,-2.45101788207152,Healthcare,1
us_births/D/short|H=48|L=2048|Hsrc=controlled|Lsrc=controlled|origins=shared_origin_v1:Hmax=720,joint-scaling,release,standard_hl_shared_origin_v1,us_births/D/short,TimesFM-2.5,timesfm25,timesfm-2.5-200m-pytorch,231.28928,200.0,48,controlled,shared_origin_v1:Hmax=720,720,720,2048,controlled,5865,6585,2048,2048,256,256,100,[],merged,2,1,96,966203.0,128,100,,float32,native_horizon,48,128,fixed_1024_median_feedback_sign_flip,34953.401041666664,34953.401041666664,131.3719685872396,0.20097212185449656,0.012985162436962128,0.012965843081474304,1.982751392458395,186.95828690289892,0.01857580192017443,0.013052856371150784,0.011004815783334924,0.20097212185449656,1.9806011529499583,0.1014702639929112,-2.2879894890101777,0.011004815783334924,0.13560089778328527,0.08115592126036368,-2.5113830208274974,Healthcare,1
us_births/D/short|H=48|L=4096|Hsrc=controlled|Lsrc=controlled|origins=shared_origin_v1:Hmax=720,joint-scaling,release,standard_hl_shared_origin_v1,us_births/D/short,TimesFM-2.5,timesfm25,timesfm-2.5-200m-pytorch,231.28928,200.0,48,controlled,shared_origin_v1:Hmax=720,720,720,4096,controlled,5865,6585,4096,4096,256,256,100,[],merged,2,1,96,966203.0,128,100,,float32,native_horizon,48,128,fixed_1024_median_feedback_sign_flip,36106.088541666664,36106.088541666664,133.3209025065104,0.20402054575277576,0.013168086608250936,0.013162615398565928,1.9986369833691062,190.0160218025487,0.018879612351694906,0.013246498552193483,0.01118402017310645,0.20402054575277576,1.9806011529499583,0.10300940471982575,-2.2729349869613458,0.01118402017310645,0.13560089778328527,0.08247747880681834,-2.4952300070682374,Healthcare,1
us_births/D/short|H=48|L=6144|Hsrc=controlled|Lsrc=controlled|origins=shared_origin_v1:Hmax=720,joint-scaling-l6144,release,standard_hl_shared_origin_v1,us_births/D/short,TimesFM-2.5,timesfm25,timesfm-2.5-200m-pytorch,231.28928,200.0,48,controlled,shared_origin_v1:Hmax=720,720,720,6144,controlled,5865,6585,5865,6144,256,256,100,[],merged,6,1,96,966203.0,128,100,,float32,native_horizon,48,128,fixed_1024_median_feedback_sign_flip,37950.848958333336,37950.848958333336,137.90215047200522,0.21103738139821313,0.013612233102321625,0.013611546407143274,2.00254148216313,194.8097763417774,0.01935591022674389,0.013701682198577834,0.011454781847607048,0.21103738139821313,1.9806011529499583,0.10655218547353092,-2.2391204093993333,0.011454781847607048,0.13560089778328527,0.08447423309773257,-2.4713087248754038,Healthcare,1
us_births/D/short|H=48|L=8192|Hsrc=controlled|Lsrc=controlled|origins=shared_origin_v1:Hmax=720,joint-scaling,release,standard_hl_shared_origin_v1,us_births/D/short,TimesFM-2.5,timesfm25,timesfm-2.5-200m-pytorch,231.28928,200.0,48,controlled,shared_origin_v1:Hmax=720,720,720,8192,controlled,5865,6585,5865,6585,256,256,100,[],merged,2,1,96,966203.0,128,100,,float32,native_horizon,48,128,fixed_1024_median_feedback_sign_flip,37746.416666666664,37746.416666666664,137.38248697916666,0.21025610508866857,0.013569104174772898,0.013569898903369904,2.002972052048239,194.28437061860294,0.019303706963635883,0.013650049472005365,0.011431730549822921,0.21025610508866857,1.9806011529499583,0.10615772124312244,-2.242829354494498,0.011431730549822921,0.13560089778328527,0.08430423940181349,-2.4733231257748205,Healthcare,1
us_births/D/short|H=96|L=128|Hsrc=controlled|Lsrc=controlled|origins=shared_origin_v1:Hmax=720,joint-scaling,release,standard_hl_shared_origin_v1,us_births/D/short,TimesFM-2.5,timesfm25,timesfm-2.5-200m-pytorch,231.28928,200.0,96,controlled,shared_origin_v1:Hmax=720,720,720,128,controlled,5865,6585,128,128,256,256,100,[],merged,2,1,192,1945491.0,128,100,,float32,native_horizon,96,128,fixed_1024_median_feedback_sign_flip,144775.08333333334,144775.08333333334,302.0961100260417,0.4657712559994603,0.029118786255518597,0.029698962966601055,6.1625050427763215,380.49321062711925,0.03755077584034411,0.029813786404049157,0.0268787430088432,0.4657712559994603,2.0761689330647766,0.2243416942531276,-1.4945849686266537,0.0268787430088432,0.17051259046311812,0.15763494611066314,-1.8474733868580215,Healthcare,1
us_births/D/short|H=96|L=256|Hsrc=controlled|Lsrc=controlled|origins=shared_origin_v1:Hmax=720,joint-scaling,release,standard_hl_shared_origin_v1,us_births/D/short,TimesFM-2.5,timesfm25,timesfm-2.5-200m-pytorch,231.28928,200.0,96,controlled,shared_origin_v1:Hmax=720,720,720,256,controlled,5865,6585,256,256,256,256,100,[],merged,2,1,192,1945491.0,128,100,,float32,native_horizon,96,128,fixed_1024_median_feedback_sign_flip,152532.89583333334,152532.89583333334,307.7925618489583,0.4714651553279632,0.029983227451642353,0.03061451514561971,5.61298177378777,390.5546003228401,0.03854373176847659,0.03037596775055757,0.02696394085270619,0.4714651553279632,2.0761689330647766,0.22708419715730976,-1.4824344176845357,0.02696394085270619,0.17051259046311812,0.15813460331270077,-1.8443086889321538,Healthcare,1
us_births/D/short|H=96|L=512|Hsrc=controlled|Lsrc=controlled|origins=shared_origin_v1:Hmax=720,joint-scaling,release,standard_hl_shared_origin_v1,us_births/D/short,TimesFM-2.5,timesfm25,timesfm-2.5-200m-pytorch,231.28928,200.0,96,controlled,shared_origin_v1:Hmax=720,720,720,512,controlled,5865,6585,512,512,256,256,100,[],merged,2,1,192,1945491.0,128,100,,float32,native_horizon,96,128,fixed_1024_median_feedback_sign_flip,71531.67708333333,71531.67708333333,210.65323893229166,0.32322688219204915,0.02051367113987605,0.020745160679022472,2.4883411143992458,267.4540653707349,0.02639497204108428,0.020789313276185807,0.016267212060753915,0.32322688219204915,2.0761689330647766,0.15568428803859982,-1.8599251169964834,0.016267212060753915,0.17051259046311812,0.09540182350506553,-2.3496575864017095,Healthcare,1
us_births/D/short|H=96|L=1024|Hsrc=controlled|Lsrc=controlled|origins=shared_origin_v1:Hmax=720,joint-scaling,release,standard_hl_shared_origin_v1,us_births/D/short,TimesFM-2.5,timesfm25,timesfm-2.5-200m-pytorch,231.28928,200.0,96,controlled,shared_origin_v1:Hmax=720,720,720,1024,controlled,5865,6585,1024,1024,256,256,100,[],merged,2,1,192,1945491.0,128,100,,float32,native_horizon,96,128,fixed_1024_median_feedback_sign_flip,51122.192708333336,51122.192708333336,168.80943806966147,0.2588200364189227,0.01652172952890396,0.01657593498627345,2.0298746522558875,226.10217316145668,0.022313964570897363,0.016659759469139154,0.01355107035533275,0.2588200364189227,2.0761689330647766,0.12466232024619527,-2.082146635178822,0.01355107035533275,0.17051259046311812,0.07947254990688706,-2.532343601136262,Healthcare,1
us_births/D/short|H=96|L=2048|Hsrc=controlled|Lsrc=controlled|origins=shared_origin_v1:Hmax=720,joint-scaling,release,standard_hl_shared_origin_v1,us_births/D/short,TimesFM-2.5,timesfm25,timesfm-2.5-200m-pytorch,231.28928,200.0,96,controlled,shared_origin_v1:Hmax=720,720,720,2048,controlled,5865,6585,2048,2048,256,256,100,[],merged,2,1,192,1945491.0,128,100,,float32,native_horizon,96,128,fixed_1024_median_feedback_sign_flip,51156.744791666664,51156.744791666664,169.14217122395834,0.2595103980025518,0.016524992883205414,0.01659933105111122,1.9653667778960946,226.17856837389934,0.022321503994512784,0.016692596817461505,0.013321169128223929,0.2595103980025518,2.0761689330647766,0.1249948373032779,-2.079482844106546,0.013321169128223929,0.17051259046311812,0.07812425517695304,-2.5494547047060188,Healthcare,1
us_births/D/short|H=96|L=4096|Hsrc=controlled|Lsrc=controlled|origins=shared_origin_v1:Hmax=720,joint-scaling,release,standard_hl_shared_origin_v1,us_births/D/short,TimesFM-2.5,timesfm25,timesfm-2.5-200m-pytorch,231.28928,200.0,96,controlled,shared_origin_v1:Hmax=720,720,720,4096,controlled,5865,6585,4096,4096,256,256,100,[],merged,2,1,192,1945491.0,128,100,,float32,native_horizon,96,128,fixed_1024_median_feedback_sign_flip,51197.177083333336,51197.177083333336,168.8927205403646,0.2592095118446585,0.0165092833340168,0.016580420235792797,2.0137867552064814,226.26793207021922,0.02233032327442383,0.016667978594478206,0.01328072403309042,0.2592095118446585,2.0761689330647766,0.12484991356749638,-2.0806429545473724,0.01328072403309042,0.17051259046311812,0.07788705805840795,-2.5524954752295415,Healthcare,1
us_births/D/short|H=96|L=6144|Hsrc=controlled|Lsrc=controlled|origins=shared_origin_v1:Hmax=720,joint-scaling-l6144,release,standard_hl_shared_origin_v1,us_births/D/short,TimesFM-2.5,timesfm25,timesfm-2.5-200m-pytorch,231.28928,200.0,96,controlled,shared_origin_v1:Hmax=720,720,720,6144,controlled,5865,6585,5865,6144,256,256,100,[],merged,6,1,192,1945491.0,128,100,,float32,native_horizon,96,128,fixed_1024_median_feedback_sign_flip,51932.0,51932.0,170.0901082356771,0.26112328237839716,0.016649335622787476,0.01671607792377472,2.029505427485789,227.88593638046206,0.022490003698320226,0.016786148474215508,0.013372623063710024,0.26112328237839716,2.0761689330647766,0.12577169334334226,-2.0732869732040387,0.013372623063710024,0.17051259046311812,0.07842601550647677,-2.5455995762295642,Healthcare,1
us_births/D/short|H=96|L=8192|Hsrc=controlled|Lsrc=controlled|origins=shared_origin_v1:Hmax=720,joint-scaling,release,standard_hl_shared_origin_v1,us_births/D/short,TimesFM-2.5,timesfm25,timesfm-2.5-200m-pytorch,231.28928,200.0,96,controlled,shared_origin_v1:Hmax=720,720,720,8192,controlled,5865,6585,5865,6585,256,256,100,[],merged,2,1,192,1945491.0,128,100,,float32,native_horizon,96,128,fixed_1024_median_feedback_sign_flip,51811.125,51811.125,169.7664794921875,0.26063674536683723,0.016619569311539333,0.016688103477160137,2.027999790199693,227.62057244458376,0.02246381500061428,0.016754209637824077,0.013360329948073233,0.26063674536683723,2.0761689330647766,0.12553734969056363,-2.075151957590381,0.013360329948073233,0.17051259046311812,0.07835392044532379,-2.5465192738400657,Healthcare,1
us_births/D/short|H=192|L=128|Hsrc=controlled|Lsrc=controlled|origins=shared_origin_v1:Hmax=720,joint-scaling,release,standard_hl_shared_origin_v1,us_births/D/short,TimesFM-2.5,timesfm25,timesfm-2.5-200m-pytorch,231.28928,200.0,192,controlled,shared_origin_v1:Hmax=720,720,720,128,controlled,5865,6585,128,128,256,256,100,[],merged,2,1,384,3956119.0,128,100,,float32,native_horizon,192,128,fixed_1024_median_feedback_sign_flip,197849.72916666666,197849.72916666666,345.1239420572917,0.5312261270045591,0.032546378672122955,0.03307763487100601,6.242771865053608,444.80302288391283,0.04317472775399894,0.03349939517744537,0.028866921049958194,0.5312261270045591,2.2883183061785637,0.23214695506749403,-1.460384680830982,0.028866921049958194,0.221823182915226,0.13013482482121916,-2.039184251948358,Healthcare,1
us_births/D/short|H=192|L=256|Hsrc=controlled|Lsrc=controlled|origins=shared_origin_v1:Hmax=720,joint-scaling,release,standard_hl_shared_origin_v1,us_births/D/short,TimesFM-2.5,timesfm25,timesfm-2.5-200m-pytorch,231.28928,200.0,192,controlled,shared_origin_v1:Hmax=720,720,720,256,controlled,5865,6585,256,256,256,256,100,[],merged,2,1,384,3956119.0,128,100,,float32,native_horizon,192,128,fixed_1024_median_feedback_sign_flip,293289.6041666667,293289.6041666667,443.0387369791667,0.6775306609809668,0.04203148682912191,0.043109238147735596,5.312339929999778,541.562188641957,0.052566639284235765,0.043003477650697564,0.03333258939468816,0.6775306609809668,2.2883183061785637,0.29608234971140296,-1.2171176548664113,0.03333258939468816,0.221823182915226,0.15026648232446854,-1.8953450122524462,Healthcare,1
us_births/D/short|H=192|L=512|Hsrc=controlled|Lsrc=controlled|origins=shared_origin_v1:Hmax=720,joint-scaling,release,standard_hl_shared_origin_v1,us_births/D/short,TimesFM-2.5,timesfm25,timesfm-2.5-200m-pytorch,231.28928,200.0,192,controlled,shared_origin_v1:Hmax=720,720,720,512,controlled,5865,6585,512,512,256,256,100,[],merged,2,1,384,3956119.0,128,100,,float32,native_horizon,192,128,fixed_1024_median_feedback_sign_flip,131310.41666666666,131310.41666666666,281.960693359375,0.43253084452425217,0.026985955735047657,0.02728628118832906,3.162151708626395,362.367791983044,0.03517316645972705,0.02736846547083139,0.0210154294843765,0.43253084452425217,2.2883183061785637,0.18901690527773132,-1.6659188220086196,0.0210154294843765,0.221823182915226,0.09473955430712555,-2.356623685876681,Healthcare,1
us_births/D/short|H=192|L=1024|Hsrc=controlled|Lsrc=controlled|origins=shared_origin_v1:Hmax=720,joint-scaling,release,standard_hl_shared_origin_v1,us_births/D/short,TimesFM-2.5,timesfm25,timesfm-2.5-200m-pytorch,231.28928,200.0,192,controlled,shared_origin_v1:Hmax=720,720,720,1024,controlled,5865,6585,1024,1024,256,256,100,[],merged,2,1,384,3956119.0,128,100,,float32,native_horizon,192,128,fixed_1024_median_feedback_sign_flip,103639.0,103639.0,234.1806640625,0.3597657807000793,0.022590565184752148,0.022705112894376118,2.7760463121396213,321.93011664024226,0.03124809056296159,0.02273070526948254,0.018020638881901647,0.3597657807000793,2.2883183061785637,0.15721841656761443,-1.8501192521109888,0.018020638881901647,0.221823182915226,0.081238753520134,-2.5103628855667104,Healthcare,1
us_births/D/short|H=192|L=2048|Hsrc=controlled|Lsrc=controlled|origins=shared_origin_v1:Hmax=720,joint-scaling,release,standard_hl_shared_origin_v1,us_births/D/short,TimesFM-2.5,timesfm25,timesfm-2.5-200m-pytorch,231.28928,200.0,192,controlled,shared_origin_v1:Hmax=720,720,720,2048,controlled,5865,6585,2048,2048,256,256,100,[],merged,2,1,384,3956119.0,128,100,,float32,native_horizon,192,128,fixed_1024_median_feedback_sign_flip,98820.35416666667,98820.35416666667,227.85396321614584,0.34992745418224164,0.021911342938741047,0.022007949650287628,2.6982577313357425,314.3570488579295,0.030513012060922568,0.02211660515646774,0.017412496144817057,0.34992745418224164,2.2883183061785637,0.15291904681154783,-1.8778466034224504,0.017412496144817057,0.221823182915226,0.0784971882378569,-2.5446924734613035,Healthcare,1
us_births/D/short|H=192|L=4096|Hsrc=controlled|Lsrc=controlled|origins=shared_origin_v1:Hmax=720,joint-scaling,release,standard_hl_shared_origin_v1,us_births/D/short,TimesFM-2.5,timesfm25,timesfm-2.5-200m-pytorch,231.28928,200.0,192,controlled,shared_origin_v1:Hmax=720,720,720,4096,controlled,5865,6585,4096,4096,256,256,100,[],merged,2,1,384,3956119.0,128,100,,float32,native_horizon,192,128,fixed_1024_median_feedback_sign_flip,98527.91666666667,98527.91666666667,224.6331787109375,0.34482707760835,0.021625347435474396,0.021706437071164448,2.7337596353720546,313.89156832681357,0.030467830274442304,0.02180398027081592,0.017266229738516395,0.34482707760835,2.2883183061785637,0.1506901713268216,-1.8925293956038742,0.017266229738516395,0.221823182915226,0.07783780537093372,-2.553128035605989,Healthcare,1
us_births/D/short|H=192|L=6144|Hsrc=controlled|Lsrc=controlled|origins=shared_origin_v1:Hmax=720,joint-scaling-l6144,release,standard_hl_shared_origin_v1,us_births/D/short,TimesFM-2.5,timesfm25,timesfm-2.5-200m-pytorch,231.28928,200.0,192,controlled,shared_origin_v1:Hmax=720,720,720,6144,controlled,5865,6585,5865,6144,256,256,100,[],merged,6,1,384,3956119.0,128,100,,float32,native_horizon,192,128,fixed_1024_median_feedback_sign_flip,94125.91666666667,94125.91666666667,216.005126953125,0.33171396257528935,0.020877843101819355,0.02090876301129659,2.7533894913238335,306.7994730547409,0.029779437285132347,0.02096649993339432,0.01678535654987881,0.33171396257528935,2.2883183061785637,0.14495971197697738,-1.9312994236032293,0.01678535654987881,0.221823182915226,0.075669983314114,-2.5813737187843344,Healthcare,1
us_births/D/short|H=192|L=8192|Hsrc=controlled|Lsrc=controlled|origins=shared_origin_v1:Hmax=720,joint-scaling,release,standard_hl_shared_origin_v1,us_births/D/short,TimesFM-2.5,timesfm25,timesfm-2.5-200m-pytorch,231.28928,200.0,192,controlled,shared_origin_v1:Hmax=720,720,720,8192,controlled,5865,6585,5865,6585,256,256,100,[],merged,2,1,384,3956119.0,128,100,,float32,native_horizon,192,128,fixed_1024_median_feedback_sign_flip,93855.08333333333,93855.08333333333,215.27364095052084,0.3306142494510402,0.020815324038267136,0.020843173066775005,2.7565495043270416,306.3577701533508,0.029736563470129873,0.020895498372268378,0.016750652544535893,0.3306142494510402,2.2883183061785637,0.14447913498675716,-1.9346201764108615,0.016750652544535893,0.221823182915226,0.07551353435829779,-2.583443375769042,Healthcare,1
us_births/D/short|H=336|L=128|Hsrc=controlled|Lsrc=controlled|origins=shared_origin_v1:Hmax=720,joint-scaling,release,standard_hl_shared_origin_v1,us_births/D/short,TimesFM-2.5,timesfm25,timesfm-2.5-200m-pytorch,231.28928,200.0,336,controlled,shared_origin_v1:Hmax=720,720,720,128,controlled,5865,6585,128,128,256,256,100,[],merged,2,1,672,7003570.0,128,100,,float32,native_horizon,336,128,fixed_1024_median_feedback_sign_flip,368749.8333333333,368749.8333333333,453.77562313988096,0.6993901152667336,0.041975248427618114,0.043094969931102935,6.506625896514138,607.2477528433789,0.0582660685779896,0.043540254291739786,0.0360412824550625,0.6993901152667336,2.4486101875872244,0.2856273811209976,-1.2530671808397598,0.0360412824550625,0.2803123367673056,0.1285754414904018,-2.0512394536081975,Healthcare,1
us_births/D/short|H=336|L=256|Hsrc=controlled|Lsrc=controlled|origins=shared_origin_v1:Hmax=720,joint-scaling,release,standard_hl_shared_origin_v1,us_births/D/short,TimesFM-2.5,timesfm25,timesfm-2.5-200m-pytorch,231.28928,200.0,336,controlled,shared_origin_v1:Hmax=720,720,720,256,controlled,5865,6585,256,256,256,256,100,[],merged,2,1,672,7003570.0,128,100,,float32,native_horizon,336,128,fixed_1024_median_feedback_sign_flip,338553.9761904762,338553.9761904762,465.8056175595238,0.7121714040861475,0.04355949447268531,0.04462219987596784,5.519736790877173,581.8539131005963,0.05582950261132547,0.04469454506772974,0.03469793570426652,0.7121714040861475,2.4486101875872244,0.29084719474597,-1.2349572536917528,0.03469793570426652,0.2803123367673056,0.12378312030222971,-2.089224274536317,Healthcare,1
us_births/D/short|H=336|L=512|Hsrc=controlled|Lsrc=controlled|origins=shared_origin_v1:Hmax=720,joint-scaling,release,standard_hl_shared_origin_v1,us_births/D/short,TimesFM-2.5,timesfm25,timesfm-2.5-200m-pytorch,231.28928,200.0,336,controlled,shared_origin_v1:Hmax=720,720,720,512,controlled,5865,6585,512,512,256,256,100,[],merged,2,1,672,7003570.0,128,100,,float32,native_horizon,336,128,fixed_1024_median_feedback_sign_flip,167952.19047619047,167952.19047619047,316.4419642857143,0.48547017813552495,0.029927724883669897,0.030245860417683918,3.873297457522212,409.8197048412759,0.039322637119831375,0.030362943470258738,0.02339208964458632,0.48547017813552495,2.4486101875872244,0.1982635621613134,-1.618158011418277,0.02339208964458632,0.2803123367673056,0.08345008969050366,-2.4835065540935206,Healthcare,1
us_births/D/short|H=336|L=1024|Hsrc=controlled|Lsrc=controlled|origins=shared_origin_v1:Hmax=720,joint-scaling,release,standard_hl_shared_origin_v1,us_births/D/short,TimesFM-2.5,timesfm25,timesfm-2.5-200m-pytorch,231.28928,200.0,336,controlled,shared_origin_v1:Hmax=720,720,720,1024,controlled,5865,6585,1024,1024,256,256,100,[],merged,2,1,672,7003570.0,128,100,,float32,native_horizon,336,128,fixed_1024_median_feedback_sign_flip,122936.83333333333,122936.83333333333,248.49086216517858,0.381784476134996,0.02380575310616266,0.02385112785157703,3.5317019931112337,350.6234922724565,0.03364269748243978,0.023842962856800175,0.019362571864142936,0.381784476134996,2.4486101875872244,0.15591884656462743,-1.8584196214203312,0.019362571864142936,0.2803123367673056,0.06907499001806795,-2.6725625526812746,Healthcare,1
us_births/D/short|H=336|L=2048|Hsrc=controlled|Lsrc=controlled|origins=shared_origin_v1:Hmax=720,joint-scaling,release,standard_hl_shared_origin_v1,us_births/D/short,TimesFM-2.5,timesfm25,timesfm-2.5-200m-pytorch,231.28928,200.0,336,controlled,shared_origin_v1:Hmax=720,720,720,2048,controlled,5865,6585,2048,2048,256,256,100,[],merged,2,1,672,7003570.0,128,100,,float32,native_horizon,336,128,fixed_1024_median_feedback_sign_flip,126500.69047619047,126500.69047619047,255.24837239583334,0.39254299421033034,0.024373976957230342,0.024457318442208425,3.36238121387404,355.6693555483667,0.03412685343739014,0.024491353159888457,0.019547106305955093,0.39254299421033034,2.4486101875872244,0.1603125708617298,-1.83062980159466,0.019547106305955093,0.2803123367673056,0.069733307250696,-2.663077209493545,Healthcare,1
us_births/D/short|H=336|L=4096|Hsrc=controlled|Lsrc=controlled|origins=shared_origin_v1:Hmax=720,joint-scaling,release,standard_hl_shared_origin_v1,us_births/D/short,TimesFM-2.5,timesfm25,timesfm-2.5-200m-pytorch,231.28928,200.0,336,controlled,shared_origin_v1:Hmax=720,720,720,4096,controlled,5865,6585,4096,4096,256,256,100,[],merged,2,1,672,7003570.0,128,100,,float32,native_horizon,336,128,fixed_1024_median_feedback_sign_flip,123240.32142857143,123240.32142857143,249.16071428571428,0.38293789757516256,0.02380300561587016,0.023864570118132093,3.3505886582951883,351.056008962347,0.03368419791944639,0.023907235881129196,0.019178936878352752,0.38293789757516256,2.4486101875872244,0.1563898980394655,-1.8554030434974869,0.019178936878352752,0.2803123367673056,0.06841988154903676,-2.682091830667197,Healthcare,1
us_births/D/short|H=336|L=6144|Hsrc=controlled|Lsrc=controlled|origins=shared_origin_v1:Hmax=720,joint-scaling-l6144,release,standard_hl_shared_origin_v1,us_births/D/short,TimesFM-2.5,timesfm25,timesfm-2.5-200m-pytorch,231.28928,200.0,336,controlled,shared_origin_v1:Hmax=720,720,720,6144,controlled,5865,6585,5865,6144,256,256,100,[],merged,6,1,672,7003570.0,128,100,,float32,native_horizon,336,128,fixed_1024_median_feedback_sign_flip,117418.98809523809,117418.98809523809,238.41341145833334,0.3664725762861343,0.022872184004102434,0.022850003980454944,3.4081032072278767,342.6645416369165,0.03287902769302055,0.02287602072942799,0.01865109101587853,0.3664725762861343,2.4486101875872244,0.14966554421111988,-1.8993521796391006,0.01865109101587853,0.2803123367673056,0.06653681828981103,-2.7099998260392444,Healthcare,1
us_births/D/short|H=336|L=8192|Hsrc=controlled|Lsrc=controlled|origins=shared_origin_v1:Hmax=720,joint-scaling,release,standard_hl_shared_origin_v1,us_births/D/short,TimesFM-2.5,timesfm25,timesfm-2.5-200m-pytorch,231.28928,200.0,336,controlled,shared_origin_v1:Hmax=720,720,720,8192,controlled,5865,6585,5865,6585,256,256,100,[],merged,2,1,672,7003570.0,128,100,,float32,native_horizon,336,128,fixed_1024_median_feedback_sign_flip,117411.95238095238,117411.95238095238,238.24386160714286,0.3662176463692546,0.02286048588298616,0.022834848789941697,3.4173680623423017,342.65427529939325,0.03287804262700198,0.022859752240642985,0.018666748591960658,0.3662176463692546,2.4486101875872244,0.14956143212411965,-1.9000480533365633,0.018666748591960658,0.2803123367673056,0.06659267589587539,-2.7091606790165086,Healthcare,1
us_births/D/short|H=720|L=128|Hsrc=controlled|Lsrc=controlled|origins=shared_origin_v1:Hmax=720,joint-scaling,release,standard_hl_shared_origin_v1,us_births/D/short,TimesFM-2.5,timesfm25,timesfm-2.5-200m-pytorch,231.28928,200.0,720,controlled,shared_origin_v1:Hmax=720,720,720,128,controlled,5865,6585,128,128,256,256,100,[],merged,2,1,1440,15049224.0,128,100,,float32,native_horizon,720,128,fixed_1024_median_feedback_sign_flip,437078.22222222225,437078.22222222225,497.20772569444443,0.7642579963058023,0.046181445651584205,0.04716761377122667,7.1667269500399255,661.1189168540121,0.06325982258419287,0.047575816866039074,0.03905546528203441,0.7642579963058023,2.5540307133162745,0.2992360241876079,-1.2065226384329668,0.03905546528203441,0.3972298484429282,0.0983195634344323,-2.3195322539861247,Healthcare,1
us_births/D/short|H=720|L=256|Hsrc=controlled|Lsrc=controlled|origins=shared_origin_v1:Hmax=720,joint-scaling,release,standard_hl_shared_origin_v1,us_births/D/short,TimesFM-2.5,timesfm25,timesfm-2.5-200m-pytorch,231.28928,200.0,720,controlled,shared_origin_v1:Hmax=720,720,720,256,controlled,5865,6585,256,256,256,256,100,[],merged,2,1,1440,15049224.0,128,100,,float32,native_horizon,720,128,fixed_1024_median_feedback_sign_flip,444530.4,444530.4,522.8450520833334,0.7992489917081789,0.04858409563700358,0.04976704385545519,6.366257590323529,666.7311302166714,0.06379683281423726,0.05002894999768759,0.03900056934780302,0.7992489917081789,2.5540307133162745,0.31293632748464334,-1.161755535702609,0.03900056934780302,0.3972298484429282,0.09818136653294927,-2.3209388318001913,Healthcare,1
us_births/D/short|H=720|L=512|Hsrc=controlled|Lsrc=controlled|origins=shared_origin_v1:Hmax=720,joint-scaling,release,standard_hl_shared_origin_v1,us_births/D/short,TimesFM-2.5,timesfm25,timesfm-2.5-200m-pytorch,231.28928,200.0,720,controlled,shared_origin_v1:Hmax=720,720,720,512,controlled,5865,6585,512,512,256,256,100,[],merged,2,1,1440,15049224.0,128,100,,float32,native_horizon,720,128,fixed_1024_median_feedback_sign_flip,266687.4666666667,266687.4666666667,391.92309027777776,0.5996066047223204,0.036854955885145396,0.03727155791388618,4.950258633259654,516.4179186150174,0.04941396332499436,0.03750155157501809,0.028924872062582478,0.5996066047223204,2.5540307133162745,0.23476875262152302,-1.4491542807125013,0.028924872062582478,0.3972298484429282,0.07281646174365532,-2.6198132264890073,Healthcare,1
us_births/D/short|H=720|L=1024|Hsrc=controlled|Lsrc=controlled|origins=shared_origin_v1:Hmax=720,joint-scaling,release,standard_hl_shared_origin_v1,us_births/D/short,TimesFM-2.5,timesfm25,timesfm-2.5-200m-pytorch,231.28928,200.0,720,controlled,shared_origin_v1:Hmax=720,720,720,1024,controlled,5865,6585,1024,1024,256,256,100,[],merged,2,1,1440,15049224.0,128,100,,float32,native_horizon,720,128,fixed_1024_median_feedback_sign_flip,199232.3777777778,199232.3777777778,314.678515625,0.4822511491803616,0.029866589440239802,0.029951853222317165,4.58446465581079,446.3545426875118,0.04270987935790024,0.03011032744944191,0.024327892205691273,0.4822511491803616,2.5540307133162745,0.1888196358273953,-1.666963027355639,0.024327892205691273,0.3972298484429282,0.06124386750152934,-2.792891556993896,Healthcare,1
us_births/D/short|H=720|L=2048|Hsrc=controlled|Lsrc=controlled|origins=shared_origin_v1:Hmax=720,joint-scaling,release,standard_hl_shared_origin_v1,us_births/D/short,TimesFM-2.5,timesfm25,timesfm-2.5-200m-pytorch,231.28928,200.0,720,controlled,shared_origin_v1:Hmax=720,720,720,2048,controlled,5865,6585,2048,2048,256,256,100,[],merged,2,1,1440,15049224.0,128,100,,float32,native_horizon,720,128,fixed_1024_median_feedback_sign_flip,230798.3111111111,230798.3111111111,353.2310763888889,0.54194661506956,0.033202158080206975,0.03352952533298069,4.242460385478009,480.4147282412469,0.0459689621649193,0.03379926765659146,0.026259910562855725,0.54194661506956,2.5540307133162745,0.21219267734093566,-1.550260561687332,0.026259910562855725,0.3972298484429282,0.06610759656100869,-2.71647161344789,Healthcare,1
us_births/D/short|H=720|L=4096|Hsrc=controlled|Lsrc=controlled|origins=shared_origin_v1:Hmax=720,joint-scaling,release,standard_hl_shared_origin_v1,us_births/D/short,TimesFM-2.5,timesfm25,timesfm-2.5-200m-pytorch,231.28928,200.0,720,controlled,shared_origin_v1:Hmax=720,720,720,4096,controlled,5865,6585,4096,4096,256,256,100,[],merged,2,1,1440,15049224.0,128,100,,float32,native_horizon,720,128,fixed_1024_median_feedback_sign_flip,226458.84444444443,226458.84444444443,346.4640842013889,0.5309763454877874,0.03256207836998833,0.03285958237118191,4.186644191085525,475.8769215295531,0.04553475760627634,0.033151761263570806,0.025854893027773853,0.5309763454877874,2.5540307133162745,0.20789740026201273,-1.5707105889485784,0.025854893027773853,0.3972298484429282,0.06508799157243729,-2.732015208035566,Healthcare,1
us_births/D/short|H=720|L=6144|Hsrc=controlled|Lsrc=controlled|origins=shared_origin_v1:Hmax=720,joint-scaling-l6144,release,standard_hl_shared_origin_v1,us_births/D/short,TimesFM-2.5,timesfm25,timesfm-2.5-200m-pytorch,231.28928,200.0,720,controlled,shared_origin_v1:Hmax=720,720,720,6144,controlled,5865,6585,5865,6144,256,256,100,[],merged,6,1,1440,15049224.0,128,100,,float32,native_horizon,720,128,fixed_1024_median_feedback_sign_flip,198212.97777777776,198212.97777777776,313.64032118055553,0.4810791015432121,0.029694785012139215,0.029795938067966037,4.292732060698782,445.2111608863571,0.04260047373049628,0.030010986779118974,0.023971814208065413,0.4810791015432121,2.5540307133162745,0.18836073467517397,-1.6693963532365284,0.023971814208065413,0.3972298484429282,0.0603474645775758,-2.807636344291699,Healthcare,1
us_births/D/short|H=720|L=8192|Hsrc=controlled|Lsrc=controlled|origins=shared_origin_v1:Hmax=720,joint-scaling,release,standard_hl_shared_origin_v1,us_births/D/short,TimesFM-2.5,timesfm25,timesfm-2.5-200m-pytorch,231.28928,200.0,720,controlled,shared_origin_v1:Hmax=720,720,720,8192,controlled,5865,6585,5865,6585,256,256,100,[],merged,2,1,1440,15049224.0,128,100,,float32,native_horizon,720,128,fixed_1024_median_feedback_sign_flip,198223.2,198223.2,313.476953125,0.480833497186693,0.029677873187594943,0.029776819547017417,4.306421069257295,445.22264093372434,0.042601572210272304,0.02999535474387251,0.023999377043455075,0.480833497186693,2.5540307133162745,0.18826457124407717,-1.669907011610648,0.023999377043455075,0.3972298484429282,0.06041685220163704,-2.8064872029965304,Healthcare,1
