run_key,experiment_name,run_timestamp,experiment_protocol,dataset,model,adapter,checkpoint,parameters_total_m,parameters_active_m,H,H_source,origin_policy,origin_horizon,origin_distance,L,L_source,available_context_min,available_context_max,effective_context_min,effective_context_max,requested_batch_size,effective_batch_size,effective_samples_per_batch,batch_recovery_events,instance_shard_index,instance_shard_count,instance_count,valid_target_count,sum_absolute_label,per_core_batch_size,num_samples,seed,torch_dtype,output_strategy,model_call_horizon,native_output_block,native_rollout_mechanism,eval_metrics/MSE[mean],eval_metrics/MSE[0.5],eval_metrics/MAE[0.5],eval_metrics/MASE[0.5],eval_metrics/MAPE[0.5],eval_metrics/sMAPE[0.5],eval_metrics/MSIS,eval_metrics/RMSE[mean],eval_metrics/NRMSE[mean],eval_metrics/ND[0.5],eval_metrics/mean_weighted_sum_quantile_loss,raw_mase,seasonal_naive_mase,rel_mase,log_rel_mase,raw_crps,seasonal_naive_crps,rel_crps,log_rel_crps,domain,num_variates
bitbrains_fast_storage/5T/short|H=48|L=128|Hsrc=controlled|Lsrc=controlled|origins=shared_origin_v1:Hmax=720,joint-scaling,release,standard_hl_shared_origin_v1,bitbrains_fast_storage/5T/short,Toto-2.0-4m,toto2,Toto-2.0-4m,4.144448,4.144448,48,controlled,shared_origin_v1:Hmax=720,720,720,128,controlled,7200,7920,128,128,256,256,100,[],merged,2,1250,233280,93999895.05028507,,100,,float32,native_horizon,48,,direct_full_horizon,2459312.0219478738,2459312.0219478738,208.32071223422497,0.5989668795718879,0.6172095197370457,0.721446560832208,9.832040095693104,1568.219379407063,3.8918577157174195,0.5169905320000953,0.3982407183829271,0.5989668795718879,0.9937511465312888,0.6027332714659958,-0.506280515991612,0.3982407183829271,1.078099624364623,0.36939138961079765,-0.995898520609402,Web/CloudOps,2
bitbrains_fast_storage/5T/short|H=48|L=256|Hsrc=controlled|Lsrc=controlled|origins=shared_origin_v1:Hmax=720,joint-scaling,release,standard_hl_shared_origin_v1,bitbrains_fast_storage/5T/short,Toto-2.0-4m,toto2,Toto-2.0-4m,4.144448,4.144448,48,controlled,shared_origin_v1:Hmax=720,720,720,256,controlled,7200,7920,256,256,256,256,100,[],merged,2,1250,233280,93999895.05028507,,100,,float32,native_horizon,48,,direct_full_horizon,2039149.7569272977,2039149.7569272977,192.87099354852538,0.5843998014064492,0.7660401176195604,0.731796746064279,9.324324881188534,1427.98801007827,3.54384483953792,0.478648889458133,0.3830535070767319,0.5843998014064492,0.9937511465312888,0.5880745933690845,-0.5309014796582602,0.3830535070767319,1.078099624364623,0.35530436929934384,-1.0347804785375414,Web/CloudOps,2
bitbrains_fast_storage/5T/short|H=48|L=512|Hsrc=controlled|Lsrc=controlled|origins=shared_origin_v1:Hmax=720,joint-scaling,release,standard_hl_shared_origin_v1,bitbrains_fast_storage/5T/short,Toto-2.0-4m,toto2,Toto-2.0-4m,4.144448,4.144448,48,controlled,shared_origin_v1:Hmax=720,720,720,512,controlled,7200,7920,512,512,256,256,100,[],merged,2,1250,233280,93999895.05028507,,100,,float32,native_horizon,48,,direct_full_horizon,1865927.9187928669,1865927.9187928669,192.36190790037722,0.5295666272066369,1.2217073119786028,0.7254757393207734,7.706810621199508,1365.9897213349984,3.3899833826682775,0.47738548911139356,0.3685976468942564,0.5295666272066369,0.9937511465312888,0.5328966200996108,-0.6294278321659977,0.3685976468942564,1.078099624364623,0.34189571962005744,-1.0732495018067167,Web/CloudOps,2
bitbrains_fast_storage/5T/short|H=48|L=1024|Hsrc=controlled|Lsrc=controlled|origins=shared_origin_v1:Hmax=720,joint-scaling,release,standard_hl_shared_origin_v1,bitbrains_fast_storage/5T/short,Toto-2.0-4m,toto2,Toto-2.0-4m,4.144448,4.144448,48,controlled,shared_origin_v1:Hmax=720,720,720,1024,controlled,7200,7920,1024,1024,256,256,100,[],merged,2,1250,233280,93999895.05028507,,100,,float32,native_horizon,48,,direct_full_horizon,2421933.4145404664,2421933.4145404664,216.98869813100137,0.5010101952491911,1.4619383428223132,0.725162065503365,6.179155463148775,1556.2562175106214,3.8621686782380804,0.5385019150598136,0.3867383135241671,0.5010101952491911,0.9937511465312888,0.5041606210951088,-0.6848603690334585,0.3867383135241671,1.078099624364623,0.3587222412326606,-1.0252068912569638,Web/CloudOps,2
bitbrains_fast_storage/5T/short|H=48|L=2048|Hsrc=controlled|Lsrc=controlled|origins=shared_origin_v1:Hmax=720,joint-scaling,release,standard_hl_shared_origin_v1,bitbrains_fast_storage/5T/short,Toto-2.0-4m,toto2,Toto-2.0-4m,4.144448,4.144448,48,controlled,shared_origin_v1:Hmax=720,720,720,2048,controlled,7200,7920,2048,2048,256,256,100,[],merged,2,1250,233280,93999895.05028507,,100,,float32,native_horizon,48,,direct_full_horizon,1707654.1936899864,1707654.1936899864,184.64879758230452,0.4779524686847333,0.9056796448394369,0.7186156598628793,5.894017444199111,1306.7724337810262,3.2430235500727114,0.4582438254527537,0.3530812584961901,0.4779524686847333,0.9937511465312888,0.4809579041524001,-0.7319755300609206,0.3530812584961901,1.078099624364623,0.3275033684426689,-1.1162569386385974,Web/CloudOps,2
bitbrains_fast_storage/5T/short|H=48|L=4096|Hsrc=controlled|Lsrc=controlled|origins=shared_origin_v1:Hmax=720,joint-scaling,release,standard_hl_shared_origin_v1,bitbrains_fast_storage/5T/short,Toto-2.0-4m,toto2,Toto-2.0-4m,4.144448,4.144448,48,controlled,shared_origin_v1:Hmax=720,720,720,4096,controlled,7200,7920,4096,4096,256,256,100,[],merged,2,1250,233280,93999895.05028507,,100,,float32,native_horizon,48,,direct_full_horizon,1770627.8628257888,1770627.8628257888,187.8097050754458,0.4794913832460205,0.8397370770912864,0.7172574350699803,5.808611175100537,1330.6494139426015,3.3022791686998665,0.4660882650620271,0.3567958405227349,0.4794913832460205,0.9937511465312888,0.4825064956349446,-0.7287608958378708,0.3567958405227349,1.078099624364623,0.3309488589544887,-1.1057914202113686,Web/CloudOps,2
bitbrains_fast_storage/5T/short|H=96|L=128|Hsrc=controlled|Lsrc=controlled|origins=shared_origin_v1:Hmax=720,joint-scaling,release,standard_hl_shared_origin_v1,bitbrains_fast_storage/5T/short,Toto-2.0-4m,toto2,Toto-2.0-4m,4.144448,4.144448,96,controlled,shared_origin_v1:Hmax=720,720,720,128,controlled,7200,7920,128,128,256,256,100,[],merged,2,1250,466604,216676457.21785885,,100,,float32,native_horizon,96,,direct_full_horizon,3485373.537132129,3485373.537132129,268.2471196132052,0.6447152992910214,0.8493275397067236,0.7401293483406165,10.133985527090182,1866.9155141923613,4.020327163224516,0.5776593387538721,0.44961612326519207,0.6447152992910214,0.892038671048877,0.7227436659589569,-0.324700661930439,0.44961612326519207,0.9134181472559556,0.49223471705254157,-0.7087996090702341,Web/CloudOps,2
bitbrains_fast_storage/5T/short|H=96|L=256|Hsrc=controlled|Lsrc=controlled|origins=shared_origin_v1:Hmax=720,joint-scaling,release,standard_hl_shared_origin_v1,bitbrains_fast_storage/5T/short,Toto-2.0-4m,toto2,Toto-2.0-4m,4.144448,4.144448,96,controlled,shared_origin_v1:Hmax=720,720,720,256,controlled,7200,7920,256,256,256,256,100,[],merged,2,1250,466604,216676457.21785885,,100,,float32,native_horizon,96,,direct_full_horizon,3203536.1713144337,3203536.1713144337,250.08846902298308,0.6137577780347163,0.9758671958595472,0.7422264491477248,9.551792378612232,1789.8424990245464,3.854353537704119,0.5385554180566601,0.43252391147792285,0.6137577780347163,0.892038671048877,0.6880394291797323,-0.3739091328366783,0.43252391147792285,0.9134181472559556,0.47352235422220285,-0.7475561568638367,Web/CloudOps,2
bitbrains_fast_storage/5T/short|H=96|L=512|Hsrc=controlled|Lsrc=controlled|origins=shared_origin_v1:Hmax=720,joint-scaling,release,standard_hl_shared_origin_v1,bitbrains_fast_storage/5T/short,Toto-2.0-4m,toto2,Toto-2.0-4m,4.144448,4.144448,96,controlled,shared_origin_v1:Hmax=720,720,720,512,controlled,7200,7920,512,512,256,256,100,[],merged,2,1250,466604,216676457.21785885,,100,,float32,native_horizon,96,,direct_full_horizon,2929202.1549408063,2929202.1549408063,238.8770788505885,0.565475225332809,1.1497785029697982,0.7490918967489028,8.008115175394144,1711.4912079647988,3.685627196674443,0.514412142099641,0.3986252109769584,0.565475225332809,0.892038671048877,0.6339133534064301,-0.45584300043600734,0.3986252109769584,0.9134181472559556,0.4364104349957224,-0.829172113769862,Web/CloudOps,2
bitbrains_fast_storage/5T/short|H=96|L=1024|Hsrc=controlled|Lsrc=controlled|origins=shared_origin_v1:Hmax=720,joint-scaling,release,standard_hl_shared_origin_v1,bitbrains_fast_storage/5T/short,Toto-2.0-4m,toto2,Toto-2.0-4m,4.144448,4.144448,96,controlled,shared_origin_v1:Hmax=720,720,720,1024,controlled,7200,7920,1024,1024,256,256,100,[],merged,2,1250,466604,216676457.21785885,,100,,float32,native_horizon,96,,direct_full_horizon,3587846.2391921203,3587846.2391921203,281.5973437861656,0.5516989326021206,2.180919256689568,0.750193845785184,6.6982972579615785,1894.1610911409093,4.078999412852993,0.6064085073529172,0.43452640612898435,0.5516989326021206,0.892038671048877,0.6184697485742651,-0.48050699930088325,0.43452640612898435,0.9134181472559556,0.47571466303178506,-0.7429370519033669,Web/CloudOps,2
bitbrains_fast_storage/5T/short|H=96|L=2048|Hsrc=controlled|Lsrc=controlled|origins=shared_origin_v1:Hmax=720,joint-scaling,release,standard_hl_shared_origin_v1,bitbrains_fast_storage/5T/short,Toto-2.0-4m,toto2,Toto-2.0-4m,4.144448,4.144448,96,controlled,shared_origin_v1:Hmax=720,720,720,2048,controlled,7200,7920,2048,2048,256,256,100,[],merged,2,1250,466604,216676457.21785885,,100,,float32,native_horizon,96,,direct_full_horizon,2382962.6009892756,2382962.6009892756,229.00225351690085,0.5254711509746262,1.3854788582576918,0.7423115177698862,6.325416512903949,1543.6847479292123,3.324262761960069,0.49314710454474314,0.38176076724513025,0.5254711509746262,0.892038671048877,0.5890676806160955,-0.529214194264536,0.38176076724513025,0.9134181472559556,0.41794743009211777,-0.8723996196963648,Web/CloudOps,2
bitbrains_fast_storage/5T/short|H=96|L=4096|Hsrc=controlled|Lsrc=controlled|origins=shared_origin_v1:Hmax=720,joint-scaling,release,standard_hl_shared_origin_v1,bitbrains_fast_storage/5T/short,Toto-2.0-4m,toto2,Toto-2.0-4m,4.144448,4.144448,96,controlled,shared_origin_v1:Hmax=720,720,720,4096,controlled,7200,7920,4096,4096,256,256,100,[],merged,2,1250,466604,216676457.21785885,,100,,float32,native_horizon,96,,direct_full_horizon,2739906.1545293224,2739906.1545293224,247.42413052609922,0.5254103227525161,1.6744369508610604,0.7416425928423781,6.121755159541903,1655.26618842086,3.5645488877702967,0.5328178727046515,0.3931409086353538,0.5254103227525161,0.892038671048877,0.5889994904982405,-0.5293299603593786,0.3931409086353538,0.9134181472559556,0.43040628196013814,-0.8430256746087864,Web/CloudOps,2
bitbrains_fast_storage/5T/short|H=192|L=128|Hsrc=controlled|Lsrc=controlled|origins=shared_origin_v1:Hmax=720,joint-scaling,release,standard_hl_shared_origin_v1,bitbrains_fast_storage/5T/short,Toto-2.0-4m,toto2,Toto-2.0-4m,4.144448,4.144448,192,controlled,shared_origin_v1:Hmax=720,720,720,128,controlled,7200,7920,128,128,256,256,100,[],merged,2,1250,926464,387266142.77553153,,100,,float32,native_horizon,192,,direct_full_horizon,3592860.4719535783,3592860.4719535783,282.12189680332966,0.9499472653872149,1.1286555201057011,0.786917659017926,19.82827472022972,1895.4842315233273,4.534602200151287,0.6749254637307643,0.5453296811912581,0.9499472653872149,1.036139598574382,0.9168139763157797,-0.08685068846532625,0.5453296811912581,1.049700674173019,0.5195096989157245,-0.6548697989044764,Web/CloudOps,2
bitbrains_fast_storage/5T/short|H=192|L=256|Hsrc=controlled|Lsrc=controlled|origins=shared_origin_v1:Hmax=720,joint-scaling,release,standard_hl_shared_origin_v1,bitbrains_fast_storage/5T/short,Toto-2.0-4m,toto2,Toto-2.0-4m,4.144448,4.144448,192,controlled,shared_origin_v1:Hmax=720,720,720,256,controlled,7200,7920,256,256,256,256,100,[],merged,2,1250,926464,387266142.77553153,,100,,float32,native_horizon,192,,direct_full_horizon,3956419.448466427,3956419.448466427,294.2395192905499,0.8694033718118742,1.902224159305993,0.7948548021024022,17.832750119931262,1989.0750233378396,4.7585011930407815,0.7039146775038546,0.5660804118071736,0.8694033718118742,1.036139598574382,0.8390793798519822,-0.17544996453274062,0.5660804118071736,1.049700674173019,0.539277934877146,-0.6175241918517439,Web/CloudOps,2
bitbrains_fast_storage/5T/short|H=192|L=512|Hsrc=controlled|Lsrc=controlled|origins=shared_origin_v1:Hmax=720,joint-scaling,release,standard_hl_shared_origin_v1,bitbrains_fast_storage/5T/short,Toto-2.0-4m,toto2,Toto-2.0-4m,4.144448,4.144448,192,controlled,shared_origin_v1:Hmax=720,720,720,512,controlled,7200,7920,512,512,256,256,100,[],merged,2,1250,926464,387266142.77553153,,100,,float32,native_horizon,192,,direct_full_horizon,4175050.3277148386,4175050.3277148386,299.61953729448743,0.8197679251743212,2.431288720043685,0.7987778325206206,15.966455273778756,2043.2939895460072,4.888210234861665,0.7167853946914634,0.5813274439880863,0.8197679251743212,1.036139598574382,0.7911751720542626,-0.23423587927942013,0.5813274439880863,1.049700674173019,0.553803058615801,-0.5909461452995285,Web/CloudOps,2
bitbrains_fast_storage/5T/short|H=192|L=1024|Hsrc=controlled|Lsrc=controlled|origins=shared_origin_v1:Hmax=720,joint-scaling,release,standard_hl_shared_origin_v1,bitbrains_fast_storage/5T/short,Toto-2.0-4m,toto2,Toto-2.0-4m,4.144448,4.144448,192,controlled,shared_origin_v1:Hmax=720,720,720,1024,controlled,7200,7920,1024,1024,256,256,100,[],merged,2,1250,926464,387266142.77553153,,100,,float32,native_horizon,192,,direct_full_horizon,3895292.463111357,3895292.463111357,297.2818274644239,0.7674181194205522,2.9062062476538086,0.7891844606887046,13.624341226608959,1973.649528946656,4.72159849575563,0.7111928479625454,0.5380653494139545,0.7674181194205522,1.036139598574382,0.7406512794959655,-0.300225372424392,0.5380653494139545,1.049700674173019,0.5125893148900338,-0.6682803101971779,Web/CloudOps,2
bitbrains_fast_storage/5T/short|H=192|L=2048|Hsrc=controlled|Lsrc=controlled|origins=shared_origin_v1:Hmax=720,joint-scaling,release,standard_hl_shared_origin_v1,bitbrains_fast_storage/5T/short,Toto-2.0-4m,toto2,Toto-2.0-4m,4.144448,4.144448,192,controlled,shared_origin_v1:Hmax=720,720,720,2048,controlled,7200,7920,2048,2048,256,256,100,[],merged,2,1250,926464,387266142.77553153,,100,,float32,native_horizon,192,,direct_full_horizon,3283960.2807405363,3283960.2807405363,277.4618020775767,0.7453385583061861,2.366559109000297,0.7842188147623653,12.732736642863385,1812.1700474129177,4.335288127109776,0.6637770323986133,0.5008269577498777,0.7453385583061861,1.036139598574382,0.7193418332159999,-0.329418605568337,0.5008269577498777,1.049700674173019,0.47711406696432007,-0.7399996825846895,Web/CloudOps,2
bitbrains_fast_storage/5T/short|H=192|L=4096|Hsrc=controlled|Lsrc=controlled|origins=shared_origin_v1:Hmax=720,joint-scaling,release,standard_hl_shared_origin_v1,bitbrains_fast_storage/5T/short,Toto-2.0-4m,toto2,Toto-2.0-4m,4.144448,4.144448,192,controlled,shared_origin_v1:Hmax=720,720,720,4096,controlled,7200,7920,4096,4096,256,256,100,[],merged,2,1250,926464,387266142.77553153,,100,,float32,native_horizon,192,,direct_full_horizon,3348300.0431058304,3348300.0431058304,290.22060652113845,0.7477992732889108,2.820572361673698,0.783089009801505,12.699427609321528,1829.8360700089586,4.377550881713411,0.6943001576976185,0.5095205859396352,0.7477992732889108,1.036139598574382,0.721716720717752,-0.32612257065663525,0.5095205859396352,1.049700674173019,0.4853960738293786,-0.7227900742485565,Web/CloudOps,2
bitbrains_fast_storage/5T/short|H=336|L=128|Hsrc=controlled|Lsrc=controlled|origins=shared_origin_v1:Hmax=720,joint-scaling,release,standard_hl_shared_origin_v1,bitbrains_fast_storage/5T/short,Toto-2.0-4m,toto2,Toto-2.0-4m,4.144448,4.144448,336,controlled,shared_origin_v1:Hmax=720,720,720,128,controlled,7200,7920,128,128,256,256,100,[],merged,2,1250,1626788,602772443.3393704,,100,,float32,native_horizon,336,,direct_full_horizon,3060031.0512445383,3060031.0512445383,263.5562236751193,0.9094591677641761,1.6307429082119067,0.8064290684743292,18.496257978587373,1749.2944438385832,4.721070515330592,0.7112967866027793,0.588526616365139,0.9094591677641761,1.028563515064899,0.8842032158867624,-0.12306836053851915,0.588526616365139,1.1477310845581272,0.5127739627194291,-0.6679201493928593,Web/CloudOps,2
bitbrains_fast_storage/5T/short|H=336|L=256|Hsrc=controlled|Lsrc=controlled|origins=shared_origin_v1:Hmax=720,joint-scaling,release,standard_hl_shared_origin_v1,bitbrains_fast_storage/5T/short,Toto-2.0-4m,toto2,Toto-2.0-4m,4.144448,4.144448,336,controlled,shared_origin_v1:Hmax=720,720,720,256,controlled,7200,7920,256,256,256,256,100,[],merged,2,1250,1626788,602772443.3393704,,100,,float32,native_horizon,336,,direct_full_horizon,3060031.0512445383,3060031.0512445383,263.5562236751193,0.9094591677641761,1.6307429082119067,0.8064290684743292,18.496257978587373,1749.2944438385832,4.721070515330592,0.7112967866027793,0.588526616365139,0.9094591677641761,1.028563515064899,0.8842032158867624,-0.12306836053851915,0.588526616365139,1.1477310845581272,0.5127739627194291,-0.6679201493928593,Web/CloudOps,2
bitbrains_fast_storage/5T/short|H=336|L=512|Hsrc=controlled|Lsrc=controlled|origins=shared_origin_v1:Hmax=720,joint-scaling,release,standard_hl_shared_origin_v1,bitbrains_fast_storage/5T/short,Toto-2.0-4m,toto2,Toto-2.0-4m,4.144448,4.144448,336,controlled,shared_origin_v1:Hmax=720,720,720,512,controlled,7200,7920,512,512,256,256,100,[],merged,2,1250,1626788,602772443.3393704,,100,,float32,native_horizon,336,,direct_full_horizon,3799280.670730298,3799280.670730298,295.0024551447392,0.8115415174308568,2.899204611530217,0.8170232586006905,15.356957785389639,1949.1743561647577,5.260514954780856,0.7961652184053231,0.6537586943202998,0.8115415174308568,1.028563515064899,0.7890047678578713,-0.2369829152421367,0.6537586943202998,1.1477310845581272,0.5696096438583388,-0.5628039880966254,Web/CloudOps,2
bitbrains_fast_storage/5T/short|H=336|L=1024|Hsrc=controlled|Lsrc=controlled|origins=shared_origin_v1:Hmax=720,joint-scaling,release,standard_hl_shared_origin_v1,bitbrains_fast_storage/5T/short,Toto-2.0-4m,toto2,Toto-2.0-4m,4.144448,4.144448,336,controlled,shared_origin_v1:Hmax=720,720,720,1024,controlled,7200,7920,1024,1024,256,256,100,[],merged,2,1250,1626788,602772443.3393704,,100,,float32,native_horizon,336,,direct_full_horizon,4073634.385894167,4073634.385894167,314.0163659923727,0.751750054528689,3.8985285715697118,0.8118000244281927,12.683013138432724,2018.3246482898055,5.447140714913999,0.847480772627806,0.655114730791695,0.751750054528689,1.028563515064899,0.7308737316832165,-0.31351456782802856,0.655114730791695,1.1477310845581272,0.5707911370579565,-0.560731920728532,Web/CloudOps,2
bitbrains_fast_storage/5T/short|H=336|L=2048|Hsrc=controlled|Lsrc=controlled|origins=shared_origin_v1:Hmax=720,joint-scaling,release,standard_hl_shared_origin_v1,bitbrains_fast_storage/5T/short,Toto-2.0-4m,toto2,Toto-2.0-4m,4.144448,4.144448,336,controlled,shared_origin_v1:Hmax=720,720,720,2048,controlled,7200,7920,2048,2048,256,256,100,[],merged,2,1250,1626788,602772443.3393704,,100,,float32,native_horizon,336,,direct_full_horizon,3182181.520768533,3182181.520768533,290.88210018760896,0.7127823419809971,3.2134863958993405,0.8081604911411321,11.358787338813864,1783.8670131959202,4.814376441275216,0.7850450285657451,0.6087880718714765,0.7127823419809971,1.028563515064899,0.6929881641154876,-0.3667423591365156,0.6087880718714765,1.1477310845581272,0.530427449480344,-0.6340720890356726,Web/CloudOps,2
bitbrains_fast_storage/5T/short|H=336|L=4096|Hsrc=controlled|Lsrc=controlled|origins=shared_origin_v1:Hmax=720,joint-scaling,release,standard_hl_shared_origin_v1,bitbrains_fast_storage/5T/short,Toto-2.0-4m,toto2,Toto-2.0-4m,4.144448,4.144448,336,controlled,shared_origin_v1:Hmax=720,720,720,4096,controlled,7200,7920,4096,4096,256,256,100,[],merged,2,1250,1626788,602772443.3393704,,100,,float32,native_horizon,336,,direct_full_horizon,3416758.5122880177,3416758.5122880177,311.2322109580351,0.717603913546506,3.81188086436142,0.8089422105164497,11.067157173581913,1848.4475952236292,4.988669272735234,0.839966776176827,0.622264720391243,0.717603913546506,1.028563515064899,0.6976758392030146,-0.36000069784249256,0.622264720391243,1.1477310845581272,0.542169440876312,-0.6121767048554123,Web/CloudOps,2
bitbrains_fast_storage/5T/short|H=720|L=128|Hsrc=controlled|Lsrc=controlled|origins=shared_origin_v1:Hmax=720,joint-scaling,release,standard_hl_shared_origin_v1,bitbrains_fast_storage/5T/short,Toto-2.0-4m,toto2,Toto-2.0-4m,4.144448,4.144448,720,controlled,shared_origin_v1:Hmax=720,720,720,128,controlled,7200,7920,128,128,256,256,100,[],merged,2,1250,3493116,1321797441.1704721,,100,,float32,native_horizon,720,,direct_full_horizon,3497214.0573081453,3497214.0573081453,286.5593802209832,1.0651908394597167,2.0466832720534582,0.8226363357526749,23.884332526023833,1870.0839706569716,4.942073600521453,0.7572908865019531,0.6250583778331668,1.0651908394597167,1.1366422321001453,0.9371381859458014,-0.06492453062079168,0.6250583778331668,1.1773076884933498,0.5309218515620843,-0.6331404407705538,Web/CloudOps,2
bitbrains_fast_storage/5T/short|H=720|L=256|Hsrc=controlled|Lsrc=controlled|origins=shared_origin_v1:Hmax=720,joint-scaling,release,standard_hl_shared_origin_v1,bitbrains_fast_storage/5T/short,Toto-2.0-4m,toto2,Toto-2.0-4m,4.144448,4.144448,720,controlled,shared_origin_v1:Hmax=720,720,720,256,controlled,7200,7920,256,256,256,256,100,[],merged,2,1250,3493116,1321797441.1704721,,100,,float32,native_horizon,720,,direct_full_horizon,3497214.0573081453,3497214.0573081453,286.5593802209832,1.0651908394597167,2.0466832720534582,0.8226363357526749,23.884332526023833,1870.0839706569716,4.942073600521453,0.7572908865019531,0.6250583778331668,1.0651908394597167,1.1366422321001453,0.9371381859458014,-0.06492453062079168,0.6250583778331668,1.1773076884933498,0.5309218515620843,-0.6331404407705538,Web/CloudOps,2
bitbrains_fast_storage/5T/short|H=720|L=512|Hsrc=controlled|Lsrc=controlled|origins=shared_origin_v1:Hmax=720,joint-scaling,release,standard_hl_shared_origin_v1,bitbrains_fast_storage/5T/short,Toto-2.0-4m,toto2,Toto-2.0-4m,4.144448,4.144448,720,controlled,shared_origin_v1:Hmax=720,720,720,512,controlled,7200,7920,512,512,256,256,100,[],merged,2,1250,3493116,1321797441.1704721,,100,,float32,native_horizon,720,,direct_full_horizon,3497214.0573081453,3497214.0573081453,286.5593802209832,1.0651908394597167,2.0466832720534582,0.8226363357526749,23.884332526023833,1870.0839706569716,4.942073600521453,0.7572908865019531,0.6250583778331668,1.0651908394597167,1.1366422321001453,0.9371381859458014,-0.06492453062079168,0.6250583778331668,1.1773076884933498,0.5309218515620843,-0.6331404407705538,Web/CloudOps,2
bitbrains_fast_storage/5T/short|H=720|L=1024|Hsrc=controlled|Lsrc=controlled|origins=shared_origin_v1:Hmax=720,joint-scaling,release,standard_hl_shared_origin_v1,bitbrains_fast_storage/5T/short,Toto-2.0-4m,toto2,Toto-2.0-4m,4.144448,4.144448,720,controlled,shared_origin_v1:Hmax=720,720,720,1024,controlled,7200,7920,1024,1024,256,256,100,[],merged,2,1250,3493116,1321797441.1704721,,100,,float32,native_horizon,720,,direct_full_horizon,4394804.986795743,4394804.986795743,324.41899324270935,0.9463596697871912,3.4489535569818632,0.8374627499487564,19.017923099667005,2096.379017924894,5.540103847601034,0.8573425403188135,0.6731324883551616,0.9463596697871912,1.1366422321001453,0.8325923875260435,-0.18321108727766028,0.6731324883551616,1.1773076884933498,0.5717557907199243,-0.5590433180677028,Web/CloudOps,2
bitbrains_fast_storage/5T/short|H=720|L=2048|Hsrc=controlled|Lsrc=controlled|origins=shared_origin_v1:Hmax=720,joint-scaling,release,standard_hl_shared_origin_v1,bitbrains_fast_storage/5T/short,Toto-2.0-4m,toto2,Toto-2.0-4m,4.144448,4.144448,720,controlled,shared_origin_v1:Hmax=720,720,720,2048,controlled,7200,7920,2048,2048,256,256,100,[],merged,2,1250,3493116,1321797441.1704721,,100,,float32,native_horizon,720,,direct_full_horizon,3891897.298270083,3891897.298270083,337.22556136126025,0.8828110667853473,3.518535333990103,0.8277953020182895,15.790328430359937,1972.7892179019236,5.21349290522037,0.8911864763158348,0.6391953583297331,0.8828110667853473,1.1366422321001453,0.7766833237879956,-0.2527225743831493,0.6391953583297331,1.1773076884933498,0.5429297409479575,-0.6107753579392923,Web/CloudOps,2
bitbrains_fast_storage/5T/short|H=720|L=4096|Hsrc=controlled|Lsrc=controlled|origins=shared_origin_v1:Hmax=720,joint-scaling,release,standard_hl_shared_origin_v1,bitbrains_fast_storage/5T/short,Toto-2.0-4m,toto2,Toto-2.0-4m,4.144448,4.144448,720,controlled,shared_origin_v1:Hmax=720,720,720,4096,controlled,7200,7920,4096,4096,256,256,100,[],merged,2,1250,3493116,1321797441.1704721,,100,,float32,native_horizon,720,,direct_full_horizon,3485233.909621095,3485233.909621095,318.0748798493952,0.8683321959414966,4.073731825248839,0.8206635719416162,15.642975274302417,1866.8781185768648,4.933601490615764,0.8405769427243921,0.6181719764263628,0.8683321959414966,1.1366422321001453,0.7639450404170721,-0.26925942903004874,0.6181719764263628,1.1773076884933498,0.5250725723344791,-0.6442187929257611,Web/CloudOps,2
bitbrains_rnd/5T/short|H=48|L=128|Hsrc=controlled|Lsrc=controlled|origins=shared_origin_v1:Hmax=720,joint-scaling,release,standard_hl_shared_origin_v1,bitbrains_rnd/5T/short,Toto-2.0-4m,toto2,Toto-2.0-4m,4.144448,4.144448,48,controlled,shared_origin_v1:Hmax=720,720,720,128,controlled,7200,7920,128,128,256,256,100,[],merged,2,500,92736,41168952.07374331,,100,,float32,native_horizon,48,,direct_full_horizon,3036922.0593512766,3036922.0593512766,180.13503925120773,0.8568834255983161,0.3308963225522697,0.5919657431445178,11.115805114167719,1742.6766938681646,3.925503510341446,0.40576702001249376,0.3834051080135176,0.8568834255983161,0.7074620825156427,1.211207564017213,0.1916178487419937,0.3834051080135176,0.8671435291452065,0.44214722837344145,-0.8161123565010365,Web/CloudOps,2
bitbrains_rnd/5T/short|H=48|L=256|Hsrc=controlled|Lsrc=controlled|origins=shared_origin_v1:Hmax=720,joint-scaling,release,standard_hl_shared_origin_v1,bitbrains_rnd/5T/short,Toto-2.0-4m,toto2,Toto-2.0-4m,4.144448,4.144448,48,controlled,shared_origin_v1:Hmax=720,720,720,256,controlled,7200,7920,256,256,256,256,100,[],merged,2,500,92736,41168952.07374331,,100,,float32,native_horizon,48,,direct_full_horizon,3060766.1007591444,3060766.1007591444,180.60805135006902,0.8250334120258901,0.2823454367177504,0.5994174659786922,10.429583913774017,1749.5045300767713,3.9408836982439013,0.40683251349217786,0.3827584067509958,0.8250334120258901,0.7074620825156427,1.166187464199041,0.15373985047618544,0.3827584067509958,0.8671435291452065,0.4414014449583714,-0.8178005115844981,Web/CloudOps,2
bitbrains_rnd/5T/short|H=48|L=512|Hsrc=controlled|Lsrc=controlled|origins=shared_origin_v1:Hmax=720,joint-scaling,release,standard_hl_shared_origin_v1,bitbrains_rnd/5T/short,Toto-2.0-4m,toto2,Toto-2.0-4m,4.144448,4.144448,48,controlled,shared_origin_v1:Hmax=720,720,720,512,controlled,7200,7920,512,512,256,256,100,[],merged,2,500,92736,41168952.07374331,,100,,float32,native_horizon,48,,direct_full_horizon,3005185.2808833676,3005185.2808833676,177.5189368206522,0.5494645723180009,0.290751952380143,0.5940135695179056,8.635769558775154,1733.5470229801579,3.9049382756968125,0.39987406275272597,0.3679402540095389,0.5494645723180009,0.7074620825156427,0.7766699953221192,-0.2527397352772135,0.3679402540095389,0.8671435291452065,0.42431297892776626,-0.8572839382061844,Web/CloudOps,2
bitbrains_rnd/5T/short|H=48|L=1024|Hsrc=controlled|Lsrc=controlled|origins=shared_origin_v1:Hmax=720,joint-scaling,release,standard_hl_shared_origin_v1,bitbrains_rnd/5T/short,Toto-2.0-4m,toto2,Toto-2.0-4m,4.144448,4.144448,48,controlled,shared_origin_v1:Hmax=720,720,720,1024,controlled,7200,7920,1024,1024,256,256,100,[],merged,2,500,92736,41168952.07374331,,100,,float32,native_horizon,48,,direct_full_horizon,3048325.6535541755,3048325.6535541755,174.9529255089717,0.43907082812760834,0.28622002049288636,0.5872878238527918,5.830677658577122,1745.9454898576232,3.9328667063814,0.3940939393098519,0.3586350842080254,0.43907082812760834,0.7074620825156427,0.6206280717778258,-0.4770232947039908,0.3586350842080254,0.8671435291452065,0.41358214892239664,-0.882899116965004,Web/CloudOps,2
bitbrains_rnd/5T/short|H=48|L=2048|Hsrc=controlled|Lsrc=controlled|origins=shared_origin_v1:Hmax=720,joint-scaling,release,standard_hl_shared_origin_v1,bitbrains_rnd/5T/short,Toto-2.0-4m,toto2,Toto-2.0-4m,4.144448,4.144448,48,controlled,shared_origin_v1:Hmax=720,720,720,2048,controlled,7200,7920,2048,2048,256,256,100,[],merged,2,500,92736,41168952.07374331,,100,,float32,native_horizon,48,,direct_full_horizon,3049816.910973085,3049816.910973085,174.55455810041408,0.44083336128195155,0.26771972791630444,0.5798981049868713,5.825860591257126,1746.3725006346972,3.9338285786037432,0.39319658831743837,0.36490316205101136,0.44083336128195155,0.7074620825156427,0.6231194182370958,-0.4730170959998825,0.36490316205101136,0.8671435291452065,0.42081056916923254,-0.8655725010270242,Web/CloudOps,2
bitbrains_rnd/5T/short|H=48|L=4096|Hsrc=controlled|Lsrc=controlled|origins=shared_origin_v1:Hmax=720,joint-scaling,release,standard_hl_shared_origin_v1,bitbrains_rnd/5T/short,Toto-2.0-4m,toto2,Toto-2.0-4m,4.144448,4.144448,48,controlled,shared_origin_v1:Hmax=720,720,720,4096,controlled,7200,7920,4096,4096,256,256,100,[],merged,2,500,92736,41168952.07374331,,100,,float32,native_horizon,48,,direct_full_horizon,3022665.915804003,3022665.915804003,175.6425403834541,0.4422540695244202,0.29690228950406283,0.5843432040112524,5.795497461841844,1738.5815815785013,3.916278977916769,0.3956473459859666,0.36473435519501707,0.4422540695244202,0.7074620825156427,0.625127594049737,-0.4697994996020299,0.36473435519501707,0.8671435291452065,0.42061589914019976,-0.8660352153338303,Web/CloudOps,2
bitbrains_rnd/5T/short|H=96|L=128|Hsrc=controlled|Lsrc=controlled|origins=shared_origin_v1:Hmax=720,joint-scaling,release,standard_hl_shared_origin_v1,bitbrains_rnd/5T/short,Toto-2.0-4m,toto2,Toto-2.0-4m,4.144448,4.144448,96,controlled,shared_origin_v1:Hmax=720,720,720,128,controlled,7200,7920,128,128,256,256,100,[],merged,2,500,185472,78410919.91535383,,100,,float32,native_horizon,96,,direct_full_horizon,2679474.793650794,2679474.793650794,168.82061982401657,0.7542058647406363,0.5485053903338332,0.602245365034884,12.931923807122708,1636.910136095074,3.8719223940947125,0.3993257321021281,0.3766259168720785,0.7542058647406363,0.7043199277369718,1.0708285184602848,0.06843266516361919,0.3766259168720785,0.8704516141640497,0.43267875059750044,-0.8377597418143522,Web/CloudOps,2
bitbrains_rnd/5T/short|H=96|L=256|Hsrc=controlled|Lsrc=controlled|origins=shared_origin_v1:Hmax=720,joint-scaling,release,standard_hl_shared_origin_v1,bitbrains_rnd/5T/short,Toto-2.0-4m,toto2,Toto-2.0-4m,4.144448,4.144448,96,controlled,shared_origin_v1:Hmax=720,720,720,256,controlled,7200,7920,256,256,256,256,100,[],merged,2,500,185472,78410919.91535383,,100,,float32,native_horizon,96,,direct_full_horizon,2709767.641131815,2709767.641131815,169.6144134963768,0.7506508025580236,0.34726166066457614,0.6049340921405927,12.737584985072358,1646.1371878223927,3.8937479222203444,0.4012033596080792,0.3724026883252064,0.7506508025580236,0.7043199277369718,1.065781008028434,0.06370787127012893,0.3724026883252064,0.8704516141640497,0.42782698344795245,-0.8490364094095707,Web/CloudOps,2
bitbrains_rnd/5T/short|H=96|L=512|Hsrc=controlled|Lsrc=controlled|origins=shared_origin_v1:Hmax=720,joint-scaling,release,standard_hl_shared_origin_v1,bitbrains_rnd/5T/short,Toto-2.0-4m,toto2,Toto-2.0-4m,4.144448,4.144448,96,controlled,shared_origin_v1:Hmax=720,720,720,512,controlled,7200,7920,512,512,256,256,100,[],merged,2,500,185472,78410919.91535383,,100,,float32,native_horizon,96,,direct_full_horizon,2729334.2387853693,2729334.2387853693,169.52266784204625,0.5660738394971196,0.40052884812605155,0.6053418461580454,10.369148023259745,1652.0696833927343,3.907780557210601,0.40098634582966197,0.3811932585573918,0.5660738394971196,0.7043199277369718,0.803716915004739,-0.21850816756868846,0.3811932585573918,0.8704516141640497,0.4379258448770596,-0.8257056868728736,Web/CloudOps,2
bitbrains_rnd/5T/short|H=96|L=1024|Hsrc=controlled|Lsrc=controlled|origins=shared_origin_v1:Hmax=720,joint-scaling,release,standard_hl_shared_origin_v1,bitbrains_rnd/5T/short,Toto-2.0-4m,toto2,Toto-2.0-4m,4.144448,4.144448,96,controlled,shared_origin_v1:Hmax=720,720,720,1024,controlled,7200,7920,1024,1024,256,256,100,[],merged,2,500,185472,78410919.91535383,,100,,float32,native_horizon,96,,direct_full_horizon,2715772.7536231885,2715772.7536231885,164.85934534592823,0.48189274802221105,0.38032623694521167,0.596075717460048,6.419464892478666,1647.9601796230359,3.8980599993597775,0.38995579356814414,0.3667811167202344,0.48189274802221105,0.7043199277369718,0.6841958164815319,-0.37951112092454053,0.3667811167202344,0.8704516141640497,0.4213687593335992,-0.8642469157811942,Web/CloudOps,2
bitbrains_rnd/5T/short|H=96|L=2048|Hsrc=controlled|Lsrc=controlled|origins=shared_origin_v1:Hmax=720,joint-scaling,release,standard_hl_shared_origin_v1,bitbrains_rnd/5T/short,Toto-2.0-4m,toto2,Toto-2.0-4m,4.144448,4.144448,96,controlled,shared_origin_v1:Hmax=720,720,720,2048,controlled,7200,7920,2048,2048,256,256,100,[],merged,2,500,185472,78410919.91535383,,100,,float32,native_horizon,96,,direct_full_horizon,2720020.7149758455,2720020.7149758455,163.803722394755,0.4692706405363319,0.31088297198688924,0.5885293564358771,6.249795274479809,1649.2485303846252,3.9011074446991696,0.38745883905962214,0.3654694267057136,0.4692706405363319,0.7043199277369718,0.6662748305931518,-0.40605303501359435,0.3654694267057136,0.8704516141640497,0.41986185189247677,-0.8678295458776402,Web/CloudOps,2
bitbrains_rnd/5T/short|H=96|L=4096|Hsrc=controlled|Lsrc=controlled|origins=shared_origin_v1:Hmax=720,joint-scaling,release,standard_hl_shared_origin_v1,bitbrains_rnd/5T/short,Toto-2.0-4m,toto2,Toto-2.0-4m,4.144448,4.144448,96,controlled,shared_origin_v1:Hmax=720,720,720,4096,controlled,7200,7920,4096,4096,256,256,100,[],merged,2,500,185472,78410919.91535383,,100,,float32,native_horizon,96,,direct_full_horizon,2693487.149758454,2693487.149758454,165.72827704451345,0.4748078389282363,0.38833020997414947,0.5942859940952787,6.216812435056029,1641.1846787483894,3.882033332416206,0.3920111514210296,0.3725055343219419,0.4748078389282363,0.7043199277369718,0.6741365964950423,-0.3943225231807811,0.3725055343219419,0.8704516141640497,0.4279451359047484,-0.8487602787554519,Web/CloudOps,2
bitbrains_rnd/5T/short|H=192|L=128|Hsrc=controlled|Lsrc=controlled|origins=shared_origin_v1:Hmax=720,joint-scaling,release,standard_hl_shared_origin_v1,bitbrains_rnd/5T/short,Toto-2.0-4m,toto2,Toto-2.0-4m,4.144448,4.144448,192,controlled,shared_origin_v1:Hmax=720,720,720,128,controlled,7200,7920,128,128,256,256,100,[],merged,2,500,371492,142552570.1272524,,100,,float32,native_horizon,192,,direct_full_horizon,3987088.024635793,3987088.024635793,249.8418458540157,1.6207728545067808,1.8784415277682283,0.6400440865819452,48.514526593735965,1996.7693969599477,5.203581079971246,0.6510878542361426,0.6007887365068257,1.6207728545067808,1.4781188921497603,1.096510479038358,0.09213284563666786,0.6007887365068257,0.882401511928171,0.6808564223717366,-0.384403828582815,Web/CloudOps,2
bitbrains_rnd/5T/short|H=192|L=256|Hsrc=controlled|Lsrc=controlled|origins=shared_origin_v1:Hmax=720,joint-scaling,release,standard_hl_shared_origin_v1,bitbrains_rnd/5T/short,Toto-2.0-4m,toto2,Toto-2.0-4m,4.144448,4.144448,192,controlled,shared_origin_v1:Hmax=720,720,720,256,controlled,7200,7920,256,256,256,256,100,[],merged,2,500,371492,142552570.1272524,,100,,float32,native_horizon,192,,direct_full_horizon,4000884.972812335,4000884.972812335,245.4482007687918,1.5561327988754177,1.6107004604066792,0.63519534278329,46.587363494042634,2000.2212309672984,5.212576559448846,0.6396380150747513,0.5782977999889267,1.5561327988754177,1.4781188921497603,1.0527791824730652,0.0514335079065876,0.5782977999889267,0.882401511928171,0.65536809737017,-0.42255822048109487,Web/CloudOps,2
bitbrains_rnd/5T/short|H=192|L=512|Hsrc=controlled|Lsrc=controlled|origins=shared_origin_v1:Hmax=720,joint-scaling,release,standard_hl_shared_origin_v1,bitbrains_rnd/5T/short,Toto-2.0-4m,toto2,Toto-2.0-4m,4.144448,4.144448,192,controlled,shared_origin_v1:Hmax=720,720,720,512,controlled,7200,7920,512,512,256,256,100,[],merged,2,500,371492,142552570.1272524,,100,,float32,native_horizon,192,,direct_full_horizon,4103512.898345052,4103512.898345052,243.1107803129004,1.4390671143597837,1.0276999593138942,0.6334020252286725,42.8651911528525,2025.712935819153,5.279007942694841,0.6335466973298318,0.5636137442156994,1.4390671143597837,1.4781188921497603,0.9735800834443161,-0.026775194128251908,0.5636137442156994,0.882401511928171,0.6387270835292705,-0.44827801516571336,Web/CloudOps,2
bitbrains_rnd/5T/short|H=192|L=1024|Hsrc=controlled|Lsrc=controlled|origins=shared_origin_v1:Hmax=720,joint-scaling,release,standard_hl_shared_origin_v1,bitbrains_rnd/5T/short,Toto-2.0-4m,toto2,Toto-2.0-4m,4.144448,4.144448,192,controlled,shared_origin_v1:Hmax=720,720,720,1024,controlled,7200,7920,1024,1024,256,256,100,[],merged,2,500,371492,142552570.1272524,,100,,float32,native_horizon,192,,direct_full_horizon,3727180.25725453,3727180.25725453,225.09691460381381,1.2777330479290188,1.0673974260119172,0.6229161731611986,36.99139331419941,1930.5906498412683,5.031119263936177,0.5866025630078322,0.5067590459268934,1.2777330479290188,1.4781188921497603,0.8644318496401175,-0.1456828090771169,0.5067590459268934,0.882401511928171,0.5742953055684977,-0.5546115453251701,Web/CloudOps,2
bitbrains_rnd/5T/short|H=192|L=2048|Hsrc=controlled|Lsrc=controlled|origins=shared_origin_v1:Hmax=720,joint-scaling,release,standard_hl_shared_origin_v1,bitbrains_rnd/5T/short,Toto-2.0-4m,toto2,Toto-2.0-4m,4.144448,4.144448,192,controlled,shared_origin_v1:Hmax=720,720,720,2048,controlled,7200,7920,2048,2048,256,256,100,[],merged,2,500,371492,142552570.1272524,,100,,float32,native_horizon,192,,direct_full_horizon,4012735.733313234,4012735.733313234,234.28515553497786,1.2738722085066252,0.9935977108441274,0.618191622396983,36.87158269467542,2003.181402997051,5.22029076780507,0.6105471190193654,0.5177373407096079,1.2738722085066252,1.4781188921497603,0.8618198544596903,-0.1487090157045689,0.5177373407096079,0.882401511928171,0.5867366881299639,-0.5331791319732788,Web/CloudOps,2
bitbrains_rnd/5T/short|H=192|L=4096|Hsrc=controlled|Lsrc=controlled|origins=shared_origin_v1:Hmax=720,joint-scaling,release,standard_hl_shared_origin_v1,bitbrains_rnd/5T/short,Toto-2.0-4m,toto2,Toto-2.0-4m,4.144448,4.144448,192,controlled,shared_origin_v1:Hmax=720,720,720,4096,controlled,7200,7920,4096,4096,256,256,100,[],merged,2,500,371492,142552570.1272524,,100,,float32,native_horizon,192,,direct_full_horizon,3511663.3909963067,3511663.3909963067,215.585485017174,1.265780265495989,0.9644845188955645,0.6165008940646883,36.749523350737725,1873.9432731532474,4.883496199393736,0.5618157773550319,0.4859034165297427,1.265780265495989,1.4781188921497603,0.8563453672221534,-0.1550815178300488,0.4859034165297427,0.882401511928171,0.5506602266217514,-0.5966373086345299,Web/CloudOps,2
bitbrains_rnd/5T/short|H=336|L=128|Hsrc=controlled|Lsrc=controlled|origins=shared_origin_v1:Hmax=720,joint-scaling,release,standard_hl_shared_origin_v1,bitbrains_rnd/5T/short,Toto-2.0-4m,toto2,Toto-2.0-4m,4.144448,4.144448,336,controlled,shared_origin_v1:Hmax=720,720,720,128,controlled,7200,7920,128,128,256,256,100,[],merged,2,500,651232,199613313.81588575,,100,,float32,native_horizon,336,,direct_full_horizon,4186131.0701194042,4186131.0701194042,260.1426711218122,1.3657546844905661,3.839941018142741,0.6675119235541251,37.088517459712186,2046.0036828215643,6.675021043938079,0.8487070765042208,0.7889390964256879,1.3657546844905661,1.2395395786277248,1.1018241837848954,0.09696715515748677,0.7889390964256879,1.0477434277744575,0.7529888286691491,-0.2837048870570368,Web/CloudOps,2
bitbrains_rnd/5T/short|H=336|L=256|Hsrc=controlled|Lsrc=controlled|origins=shared_origin_v1:Hmax=720,joint-scaling,release,standard_hl_shared_origin_v1,bitbrains_rnd/5T/short,Toto-2.0-4m,toto2,Toto-2.0-4m,4.144448,4.144448,336,controlled,shared_origin_v1:Hmax=720,720,720,256,controlled,7200,7920,256,256,256,256,100,[],merged,2,500,651232,199613313.81588575,,100,,float32,native_horizon,336,,direct_full_horizon,4186131.0701194042,4186131.0701194042,260.1426711218122,1.3657546844905661,3.839941018142741,0.6675119235541251,37.088517459712186,2046.0036828215643,6.675021043938079,0.8487070765042208,0.7889390964256879,1.3657546844905661,1.2395395786277248,1.1018241837848954,0.09696715515748677,0.7889390964256879,1.0477434277744575,0.7529888286691491,-0.2837048870570368,Web/CloudOps,2
bitbrains_rnd/5T/short|H=336|L=512|Hsrc=controlled|Lsrc=controlled|origins=shared_origin_v1:Hmax=720,joint-scaling,release,standard_hl_shared_origin_v1,bitbrains_rnd/5T/short,Toto-2.0-4m,toto2,Toto-2.0-4m,4.144448,4.144448,336,controlled,shared_origin_v1:Hmax=720,720,720,512,controlled,7200,7920,512,512,256,256,100,[],merged,2,500,651232,199613313.81588575,,100,,float32,native_horizon,336,,direct_full_horizon,4127259.347255663,4127259.347255663,247.30630251584688,1.2882702272923559,2.840568099497223,0.6608144615705309,31.859626546235464,2031.565737862219,6.62791771404478,0.8068288378226549,0.6977471106067046,1.2882702272923559,1.2395395786277248,1.0393135076159328,0.03856040636789694,0.6977471106067046,1.0477434277744575,0.665952266662087,-0.4065372826888335,Web/CloudOps,2
bitbrains_rnd/5T/short|H=336|L=1024|Hsrc=controlled|Lsrc=controlled|origins=shared_origin_v1:Hmax=720,joint-scaling,release,standard_hl_shared_origin_v1,bitbrains_rnd/5T/short,Toto-2.0-4m,toto2,Toto-2.0-4m,4.144448,4.144448,336,controlled,shared_origin_v1:Hmax=720,720,720,1024,controlled,7200,7920,1024,1024,256,256,100,[],merged,2,500,651232,199613313.81588575,,100,,float32,native_horizon,336,,direct_full_horizon,3134824.5963343326,3134824.5963343326,209.94350093361507,1.062329180958932,2.1481070863172835,0.6510074606668591,26.858021949765494,1770.5435878097812,5.776341365887278,0.6849339023854195,0.5567765773544584,1.062329180958932,1.2395395786277248,0.8570353051049973,-0.15427616507770622,0.5567765773544584,1.0477434277744575,0.5314054591944555,-0.6322299724791302,Web/CloudOps,2
bitbrains_rnd/5T/short|H=336|L=2048|Hsrc=controlled|Lsrc=controlled|origins=shared_origin_v1:Hmax=720,joint-scaling,release,standard_hl_shared_origin_v1,bitbrains_rnd/5T/short,Toto-2.0-4m,toto2,Toto-2.0-4m,4.144448,4.144448,336,controlled,shared_origin_v1:Hmax=720,720,720,2048,controlled,7200,7920,2048,2048,256,256,100,[],merged,2,500,651232,199613313.81588575,,100,,float32,native_horizon,336,,direct_full_horizon,3729662.7043388532,3729662.7043388532,228.88418873765417,1.0322837533539573,2.3956032689484634,0.6489154162802196,26.113455983721323,1931.233467071978,6.300586915701657,0.7467272856232582,0.5986207658231079,1.0322837533539573,1.2395395786277248,0.8327961213604673,-0.18296641904036542,0.5986207658231079,1.0477434277744575,0.571342897463605,-0.5597657286146558,Web/CloudOps,2
bitbrains_rnd/5T/short|H=336|L=4096|Hsrc=controlled|Lsrc=controlled|origins=shared_origin_v1:Hmax=720,joint-scaling,release,standard_hl_shared_origin_v1,bitbrains_rnd/5T/short,Toto-2.0-4m,toto2,Toto-2.0-4m,4.144448,4.144448,336,controlled,shared_origin_v1:Hmax=720,720,720,4096,controlled,7200,7920,4096,4096,256,256,100,[],merged,2,500,651232,199613313.81588575,,100,,float32,native_horizon,336,,direct_full_horizon,2814173.495159943,2814173.495159943,189.2798096530883,1.019171671025596,1.4282723597143612,0.6420648670519876,26.042233920769174,1677.5498487854074,5.4729522908069494,0.6175192758620004,0.5314137747987238,1.019171671025596,1.2395395786277248,0.8222179336571933,-0.1957497929620302,0.5314137747987238,1.0477434277744575,0.5071983853217914,-0.6788530593780064,Web/CloudOps,2
bitbrains_rnd/5T/short|H=720|L=128|Hsrc=controlled|Lsrc=controlled|origins=shared_origin_v1:Hmax=720,joint-scaling,release,standard_hl_shared_origin_v1,bitbrains_rnd/5T/short,Toto-2.0-4m,toto2,Toto-2.0-4m,4.144448,4.144448,720,controlled,shared_origin_v1:Hmax=720,720,720,128,controlled,7200,7920,128,128,256,256,100,[],merged,2,500,1403896,366478349.16954803,,100,,float32,native_horizon,720,,direct_full_horizon,4714025.333568868,4714025.333568868,287.4527286921538,3.6220414291987377,5.7304635572166225,0.7197251211984363,127.57340658705239,2171.180631262371,8.31730390189172,1.1011666498565766,1.036820987366482,3.6220414291987377,3.5012579045235244,1.034497180147502,0.03391549238776113,1.036820987366482,1.1752204699604023,0.8822353029652525,-0.12529647514839512,Web/CloudOps,2
bitbrains_rnd/5T/short|H=720|L=256|Hsrc=controlled|Lsrc=controlled|origins=shared_origin_v1:Hmax=720,joint-scaling,release,standard_hl_shared_origin_v1,bitbrains_rnd/5T/short,Toto-2.0-4m,toto2,Toto-2.0-4m,4.144448,4.144448,720,controlled,shared_origin_v1:Hmax=720,720,720,256,controlled,7200,7920,256,256,256,256,100,[],merged,2,500,1403896,366478349.16954803,,100,,float32,native_horizon,720,,direct_full_horizon,4714025.333568868,4714025.333568868,287.4527286921538,3.6220414291987377,5.7304635572166225,0.7197251211984363,127.57340658705239,2171.180631262371,8.31730390189172,1.1011666498565766,1.036820987366482,3.6220414291987377,3.5012579045235244,1.034497180147502,0.03391549238776113,1.036820987366482,1.1752204699604023,0.8822353029652525,-0.12529647514839512,Web/CloudOps,2
bitbrains_rnd/5T/short|H=720|L=512|Hsrc=controlled|Lsrc=controlled|origins=shared_origin_v1:Hmax=720,joint-scaling,release,standard_hl_shared_origin_v1,bitbrains_rnd/5T/short,Toto-2.0-4m,toto2,Toto-2.0-4m,4.144448,4.144448,720,controlled,shared_origin_v1:Hmax=720,720,720,512,controlled,7200,7920,512,512,256,256,100,[],merged,2,500,1403896,366478349.16954803,,100,,float32,native_horizon,720,,direct_full_horizon,4714025.333568868,4714025.333568868,287.4527286921538,3.6220414291987377,5.7304635572166225,0.7197251211984363,127.57340658705239,2171.180631262371,8.31730390189172,1.1011666498565766,1.036820987366482,3.6220414291987377,3.5012579045235244,1.034497180147502,0.03391549238776113,1.036820987366482,1.1752204699604023,0.8822353029652525,-0.12529647514839512,Web/CloudOps,2
bitbrains_rnd/5T/short|H=720|L=1024|Hsrc=controlled|Lsrc=controlled|origins=shared_origin_v1:Hmax=720,joint-scaling,release,standard_hl_shared_origin_v1,bitbrains_rnd/5T/short,Toto-2.0-4m,toto2,Toto-2.0-4m,4.144448,4.144448,720,controlled,shared_origin_v1:Hmax=720,720,720,1024,controlled,7200,7920,1024,1024,256,256,100,[],merged,2,500,1403896,366478349.16954803,,100,,float32,native_horizon,720,,direct_full_horizon,4704549.545071715,4704549.545071715,268.94598175363416,3.5178020019295704,4.335370041740368,0.7144796182373908,121.26870875657347,2168.997359397128,8.308940279196209,1.0302714713040784,0.8709242492026928,3.5178020019295704,3.5012579045235244,1.0047251867349365,0.004714058082966179,0.8709242492026928,1.1752204699604023,0.7410730764688243,-0.2996560398321941,Web/CloudOps,2
bitbrains_rnd/5T/short|H=720|L=2048|Hsrc=controlled|Lsrc=controlled|origins=shared_origin_v1:Hmax=720,joint-scaling,release,standard_hl_shared_origin_v1,bitbrains_rnd/5T/short,Toto-2.0-4m,toto2,Toto-2.0-4m,4.144448,4.144448,720,controlled,shared_origin_v1:Hmax=720,720,720,2048,controlled,7200,7920,2048,2048,256,256,100,[],merged,2,500,1403896,366478349.16954803,,100,,float32,native_horizon,720,,direct_full_horizon,2437687.5772678317,2437687.5772678317,167.11685908357885,3.312932779265333,1.0654834862593972,0.6991994955466787,115.8680749363618,1561.309571247109,5.981025255113939,0.6401870411489371,0.5832234208245737,3.312932779265333,3.5012579045235244,0.946212152776612,-0.055288472096050145,0.5832234208245737,1.1752204699604023,0.4962672415365814,-0.7006407039337417,Web/CloudOps,2
bitbrains_rnd/5T/short|H=720|L=4096|Hsrc=controlled|Lsrc=controlled|origins=shared_origin_v1:Hmax=720,joint-scaling,release,standard_hl_shared_origin_v1,bitbrains_rnd/5T/short,Toto-2.0-4m,toto2,Toto-2.0-4m,4.144448,4.144448,720,controlled,shared_origin_v1:Hmax=720,720,720,4096,controlled,7200,7920,4096,4096,256,256,100,[],merged,2,500,1403896,366478349.16954803,,100,,float32,native_horizon,720,,direct_full_horizon,2481401.063417803,2481401.063417803,171.36005516078114,3.3044188777647805,1.3532162212102237,0.692237040706719,115.49999884865969,1575.2463500728395,6.034413915291721,0.6564417694664456,0.5995263161512671,3.3044188777647805,3.5012579045235244,0.9437804834358435,-0.057861678611176366,0.5995263161512671,1.1752204699604023,0.5101394431731328,-0.6730711726491165,Web/CloudOps,2
bizitobs_l2c/5T/short|H=48|L=128|Hsrc=controlled|Lsrc=controlled|origins=shared_origin_v1:Hmax=720,joint-scaling,release,standard_hl_shared_origin_v1,bizitobs_l2c/5T/short,Toto-2.0-4m,toto2,Toto-2.0-4m,4.144448,4.144448,48,controlled,shared_origin_v1:Hmax=720,720,720,128,controlled,28368,31248,128,128,256,256,100,[],merged,2,1,1680,27004.650024414062,,100,,float32,native_horizon,48,,direct_full_horizon,7.89686279296875,7.89686279296875,1.5447666713169643,0.14622030821382623,0.16390194363064237,0.864725603376116,1.5717701012523284,2.810135725008447,0.174822781030158,0.09610226407178961,0.0781759919034053,0.14622030821382623,0.6625521029117435,0.2206925426260458,-1.5109847559321696,0.0781759919034053,0.3954327593876954,0.19769730769007673,-1.621018167056732,Web/CloudOps,7
bizitobs_l2c/5T/short|H=48|L=256|Hsrc=controlled|Lsrc=controlled|origins=shared_origin_v1:Hmax=720,joint-scaling,release,standard_hl_shared_origin_v1,bizitobs_l2c/5T/short,Toto-2.0-4m,toto2,Toto-2.0-4m,4.144448,4.144448,48,controlled,shared_origin_v1:Hmax=720,720,720,256,controlled,28368,31248,256,256,256,256,100,[],merged,2,1,1680,27004.650024414062,,100,,float32,native_horizon,48,,direct_full_horizon,8.263977632068453,8.263977632068453,1.5074680873325892,0.1452923850280361,0.16493246290418836,0.8646857125418527,1.5839564540280278,2.874713486952822,0.178840260981517,0.09378186291728105,0.0790701479374945,0.1452923850280361,0.6625521029117435,0.21929201400088236,-1.5173510400860177,0.0790701479374945,0.3954327593876954,0.19995851648692442,-1.6096453515134765,Web/CloudOps,7
bizitobs_l2c/5T/short|H=48|L=512|Hsrc=controlled|Lsrc=controlled|origins=shared_origin_v1:Hmax=720,joint-scaling,release,standard_hl_shared_origin_v1,bizitobs_l2c/5T/short,Toto-2.0-4m,toto2,Toto-2.0-4m,4.144448,4.144448,48,controlled,shared_origin_v1:Hmax=720,720,720,512,controlled,28368,31248,512,512,256,256,100,[],merged,2,1,1680,27004.650024414062,,100,,float32,native_horizon,48,,direct_full_horizon,9.691573079427084,9.691573079427084,1.6366901216052827,0.1557098026867958,0.1694084026195385,0.8665716262090774,1.58259411956831,3.113129145960232,0.1936724586500791,0.1018209605312793,0.08204205208542217,0.1557098026867958,0.6625521029117435,0.2350151814513785,-1.4481051650038328,0.08204205208542217,0.3954327593876954,0.20747409044323872,-1.5727488124414981,Web/CloudOps,7
bizitobs_l2c/5T/short|H=48|L=1024|Hsrc=controlled|Lsrc=controlled|origins=shared_origin_v1:Hmax=720,joint-scaling,release,standard_hl_shared_origin_v1,bizitobs_l2c/5T/short,Toto-2.0-4m,toto2,Toto-2.0-4m,4.144448,4.144448,48,controlled,shared_origin_v1:Hmax=720,720,720,1024,controlled,28368,31248,1024,1024,256,256,100,[],merged,2,1,1680,27004.650024414062,,100,,float32,native_horizon,48,,direct_full_horizon,8.010754975818452,8.010754975818452,1.496444847470238,0.14129650612344724,0.15900285508897566,0.8582917712983631,1.5577205283746502,2.8303277152687554,0.17607895519300218,0.09309609054281934,0.07570880648647875,0.14129650612344724,0.6625521029117435,0.21326097298987656,-1.54523863794412,0.07570880648647875,0.3954327593876954,0.19145810428986568,-1.6530862708507439,Web/CloudOps,7
bizitobs_l2c/5T/short|H=48|L=2048|Hsrc=controlled|Lsrc=controlled|origins=shared_origin_v1:Hmax=720,joint-scaling,release,standard_hl_shared_origin_v1,bizitobs_l2c/5T/short,Toto-2.0-4m,toto2,Toto-2.0-4m,4.144448,4.144448,48,controlled,shared_origin_v1:Hmax=720,720,720,2048,controlled,28368,31248,2048,2048,256,256,100,[],merged,2,1,1680,27004.650024414062,,100,,float32,native_horizon,48,,direct_full_horizon,7.724481491815476,7.724481491815476,1.4749264671688989,0.14045381174968477,0.15741519221553096,0.8597314017159599,1.5009569514693826,2.779295142984184,0.1729041419160084,0.0917573996553771,0.07396221191689678,0.14045381174968477,0.6625521029117435,0.21198908151136633,-1.5512205079412895,0.07396221191689678,0.3954327593876954,0.18704118503338713,-1.6764264455567475,Web/CloudOps,7
bizitobs_l2c/5T/short|H=48|L=4096|Hsrc=controlled|Lsrc=controlled|origins=shared_origin_v1:Hmax=720,joint-scaling,release,standard_hl_shared_origin_v1,bizitobs_l2c/5T/short,Toto-2.0-4m,toto2,Toto-2.0-4m,4.144448,4.144448,48,controlled,shared_origin_v1:Hmax=720,720,720,4096,controlled,28368,31248,4096,4096,256,256,100,[],merged,2,1,1680,27004.650024414062,,100,,float32,native_horizon,48,,direct_full_horizon,7.8704293387276785,7.8704293387276785,1.501934814453125,0.14026310861464394,0.15322556672272858,0.8529504685174851,1.4742108351319143,2.8054285481415633,0.17452994045902617,0.09343762966748534,0.07424603623156797,0.14026310861464394,0.6625521029117435,0.21170125035936677,-1.5525791945792755,0.07424603623156797,0.3954327593876954,0.18775894123322923,-1.672596366392053,Web/CloudOps,7
bizitobs_l2c/5T/short|H=96|L=128|Hsrc=controlled|Lsrc=controlled|origins=shared_origin_v1:Hmax=720,joint-scaling,release,standard_hl_shared_origin_v1,bizitobs_l2c/5T/short,Toto-2.0-4m,toto2,Toto-2.0-4m,4.144448,4.144448,96,controlled,shared_origin_v1:Hmax=720,720,720,128,controlled,28368,31248,128,128,256,256,100,[],merged,2,1,3360,51878.349986076355,,100,,float32,native_horizon,96,,direct_full_horizon,27.68085472470238,27.68085472470238,2.9407374790736607,0.29568424660857945,0.3278084725244647,0.9270583379836309,4.296286502710958,5.261259803954029,0.3407554971588359,0.19046245557808666,0.1630430263678324,0.29568424660857945,0.6910206422486538,0.42789495498483493,-0.8488775458021939,0.1630430263678324,0.4076755597141003,0.39993328636667164,-0.9164575298674879,Web/CloudOps,7
bizitobs_l2c/5T/short|H=96|L=256|Hsrc=controlled|Lsrc=controlled|origins=shared_origin_v1:Hmax=720,joint-scaling,release,standard_hl_shared_origin_v1,bizitobs_l2c/5T/short,Toto-2.0-4m,toto2,Toto-2.0-4m,4.144448,4.144448,96,controlled,shared_origin_v1:Hmax=720,720,720,256,controlled,28368,31248,256,256,256,256,100,[],merged,2,1,3360,51878.349986076355,,100,,float32,native_horizon,96,,direct_full_horizon,30.67837611607143,30.67837611607143,3.0778994605654764,0.30965844531714176,0.34126450693731075,0.9328274681454614,4.071114530520035,5.538806380085102,0.35873132900488913,0.19934601216645523,0.17027430867741267,0.30965844531714176,0.6910206422486538,0.4481175038555732,-0.8026997955660475,0.17027430867741267,0.4076755597141003,0.41767112258783606,-0.8730609442049359,Web/CloudOps,7
bizitobs_l2c/5T/short|H=96|L=512|Hsrc=controlled|Lsrc=controlled|origins=shared_origin_v1:Hmax=720,joint-scaling,release,standard_hl_shared_origin_v1,bizitobs_l2c/5T/short,Toto-2.0-4m,toto2,Toto-2.0-4m,4.144448,4.144448,96,controlled,shared_origin_v1:Hmax=720,720,720,512,controlled,28368,31248,512,512,256,256,100,[],merged,2,1,3360,51878.349986076355,,100,,float32,native_horizon,96,,direct_full_horizon,40.54856770833333,40.54856770833333,3.413647751581101,0.33879040830708956,0.361538791326503,0.9375014532180059,3.4770250409503762,6.367775726918571,0.4124211053009358,0.22109138876604398,0.17576358798043293,0.33879040830708956,0.6910206422486538,0.4902753804931644,-0.7127880447344289,0.17576358798043293,0.4076755597141003,0.43113594571059044,-0.8413318193304808,Web/CloudOps,7
bizitobs_l2c/5T/short|H=96|L=1024|Hsrc=controlled|Lsrc=controlled|origins=shared_origin_v1:Hmax=720,joint-scaling,release,standard_hl_shared_origin_v1,bizitobs_l2c/5T/short,Toto-2.0-4m,toto2,Toto-2.0-4m,4.144448,4.144448,96,controlled,shared_origin_v1:Hmax=720,720,720,1024,controlled,28368,31248,1024,1024,256,256,100,[],merged,2,1,3360,51878.349986076355,,100,,float32,native_horizon,96,,direct_full_horizon,30.78197777157738,30.78197777157738,3.102998279389881,0.3082959106883928,0.3352722115170172,0.9231019519624256,3.4277036741498965,5.548150842540006,0.3593365408872429,0.20097158490098965,0.16160808513432712,0.3082959106883928,0.6910206422486538,0.44614573261540424,-0.807109625591719,0.16160808513432712,0.4076755597141003,0.3964134745964698,-0.9252974846810521,Web/CloudOps,7
bizitobs_l2c/5T/short|H=96|L=2048|Hsrc=controlled|Lsrc=controlled|origins=shared_origin_v1:Hmax=720,joint-scaling,release,standard_hl_shared_origin_v1,bizitobs_l2c/5T/short,Toto-2.0-4m,toto2,Toto-2.0-4m,4.144448,4.144448,96,controlled,shared_origin_v1:Hmax=720,720,720,2048,controlled,28368,31248,2048,2048,256,256,100,[],merged,2,1,3360,51878.349986076355,,100,,float32,native_horizon,96,,direct_full_horizon,26.678248232886904,26.678248232886904,2.9267249697730655,0.2914575053332146,0.3200585388394788,0.921674310593378,2.938810283442402,5.165099053540687,0.3345274632781218,0.18955490876399878,0.1485291475923627,0.2914575053332146,0.6910206422486538,0.4217782907103632,-0.8632754804688167,0.1485291475923627,0.4076755597141003,0.36433174384190464,-1.0096904422227364,Web/CloudOps,7
bizitobs_l2c/5T/short|H=96|L=4096|Hsrc=controlled|Lsrc=controlled|origins=shared_origin_v1:Hmax=720,joint-scaling,release,standard_hl_shared_origin_v1,bizitobs_l2c/5T/short,Toto-2.0-4m,toto2,Toto-2.0-4m,4.144448,4.144448,96,controlled,shared_origin_v1:Hmax=720,720,720,4096,controlled,28368,31248,4096,4096,256,256,100,[],merged,2,1,3360,51878.349986076355,,100,,float32,native_horizon,96,,direct_full_horizon,26.193784877232144,26.193784877232144,2.8890555245535716,0.28803554185829683,0.30521229146673606,0.9073558989025298,2.8807316808719765,5.117986408464968,0.33147612322014186,0.18711517550394963,0.14663573036011862,0.28803554185829683,0.6910206422486538,0.4168262483751555,-0.8750858145778119,0.14663573036011862,0.4076755597141003,0.3596873221022941,-1.0225201746556831,Web/CloudOps,7
bizitobs_l2c/5T/short|H=192|L=128|Hsrc=controlled|Lsrc=controlled|origins=shared_origin_v1:Hmax=720,joint-scaling,release,standard_hl_shared_origin_v1,bizitobs_l2c/5T/short,Toto-2.0-4m,toto2,Toto-2.0-4m,4.144448,4.144448,192,controlled,shared_origin_v1:Hmax=720,720,720,128,controlled,28368,31248,128,128,256,256,100,[],merged,2,1,6720,96848.35990285873,,100,,float32,native_horizon,192,,direct_full_horizon,99.5930431547619,99.5930431547619,5.804066103980655,0.5544588160033518,0.7761586413029509,1.0552631196521578,10.71884345001244,9.97963141377285,0.6924549178511592,0.402725707052461,0.36840432804014017,0.5544588160033518,0.7391127356907388,0.750168126226619,-0.2874579292715818,0.36840432804014017,0.4569876225288572,0.8061582193440626,-0.21547525382449828,Web/CloudOps,7
bizitobs_l2c/5T/short|H=192|L=256|Hsrc=controlled|Lsrc=controlled|origins=shared_origin_v1:Hmax=720,joint-scaling,release,standard_hl_shared_origin_v1,bizitobs_l2c/5T/short,Toto-2.0-4m,toto2,Toto-2.0-4m,4.144448,4.144448,192,controlled,shared_origin_v1:Hmax=720,720,720,256,controlled,28368,31248,256,256,256,256,100,[],merged,2,1,6720,96848.35990285873,,100,,float32,native_horizon,192,,direct_full_horizon,85.04241071428571,85.04241071428571,5.457117861793154,0.5218474198370168,0.7195141506175459,1.055717032296317,8.548972781199062,9.221844214379557,0.6398744716254239,0.3786520708046346,0.32767669713164504,0.5218474198370168,0.7391127356907388,0.7060457689845158,-0.34807521500021155,0.32767669713164504,0.4569876225288572,0.7170362630794302,-0.33262886353950666,Web/CloudOps,7
bizitobs_l2c/5T/short|H=192|L=512|Hsrc=controlled|Lsrc=controlled|origins=shared_origin_v1:Hmax=720,joint-scaling,release,standard_hl_shared_origin_v1,bizitobs_l2c/5T/short,Toto-2.0-4m,toto2,Toto-2.0-4m,4.144448,4.144448,192,controlled,shared_origin_v1:Hmax=720,720,720,512,controlled,28368,31248,512,512,256,256,100,[],merged,2,1,6720,96848.35990285873,,100,,float32,native_horizon,192,,direct_full_horizon,117.20603608630952,117.20603608630952,6.177677408854167,0.5916565412456576,0.8235036484037632,1.0628278459821427,7.786171775961773,10.826173658606697,0.7511937946993518,0.4286494085097522,0.3590339382029763,0.5916565412456576,0.7391127356907388,0.8004956655126828,-0.22252416128497074,0.3590339382029763,0.4569876225288572,0.7856535286802095,-0.2412393869410638,Web/CloudOps,7
bizitobs_l2c/5T/short|H=192|L=1024|Hsrc=controlled|Lsrc=controlled|origins=shared_origin_v1:Hmax=720,joint-scaling,release,standard_hl_shared_origin_v1,bizitobs_l2c/5T/short,Toto-2.0-4m,toto2,Toto-2.0-4m,4.144448,4.144448,192,controlled,shared_origin_v1:Hmax=720,720,720,1024,controlled,28368,31248,1024,1024,256,256,100,[],merged,2,1,6720,96848.35990285873,,100,,float32,native_horizon,192,,direct_full_horizon,113.69422433035714,113.69422433035714,6.229186430431548,0.594576745047974,0.829720523998175,1.0620288667224702,7.922713178390086,10.662749379515452,0.7398543031829782,0.4322234558694307,0.36075944802928905,0.594576745047974,0.7391127356907388,0.8044466240895057,-0.21760066143873585,0.36075944802928905,0.4569876225288572,0.7894293636071256,-0.2364449190710815,Web/CloudOps,7
bizitobs_l2c/5T/short|H=192|L=2048|Hsrc=controlled|Lsrc=controlled|origins=shared_origin_v1:Hmax=720,joint-scaling,release,standard_hl_shared_origin_v1,bizitobs_l2c/5T/short,Toto-2.0-4m,toto2,Toto-2.0-4m,4.144448,4.144448,192,controlled,shared_origin_v1:Hmax=720,720,720,2048,controlled,28368,31248,2048,2048,256,256,100,[],merged,2,1,6720,96848.35990285873,,100,,float32,native_horizon,192,,direct_full_horizon,85.32066592261904,85.32066592261904,5.596949404761904,0.5374810688255965,0.7164488127024213,1.054727754138765,6.343724051702413,9.236918637869397,0.6409204379789412,0.3883545373171549,0.31210387964608194,0.5374810688255965,0.7391127356907388,0.7271976829397926,-0.318556922400357,0.31210387964608194,0.4569876225288572,0.6829591530706581,-0.38132022636715857,Web/CloudOps,7
bizitobs_l2c/5T/short|H=192|L=4096|Hsrc=controlled|Lsrc=controlled|origins=shared_origin_v1:Hmax=720,joint-scaling,release,standard_hl_shared_origin_v1,bizitobs_l2c/5T/short,Toto-2.0-4m,toto2,Toto-2.0-4m,4.144448,4.144448,192,controlled,shared_origin_v1:Hmax=720,720,720,4096,controlled,28368,31248,4096,4096,256,256,100,[],merged,2,1,6720,96848.35990285873,,100,,float32,native_horizon,192,,direct_full_horizon,76.77484188988095,76.77484188988095,5.323637462797619,0.5157342344248739,0.6648359383032593,1.0275215512230282,6.030889405230885,8.762125420802931,0.6079760450962232,0.36939028999441026,0.29582253093305666,0.5157342344248739,0.7391127356907388,0.697774790665586,-0.3598588777585436,0.29582253093305666,0.4569876225288572,0.647331604510528,-0.43489658948658816,Web/CloudOps,7
bizitobs_l2c/5T/short|H=336|L=128|Hsrc=controlled|Lsrc=controlled|origins=shared_origin_v1:Hmax=720,joint-scaling,release,standard_hl_shared_origin_v1,bizitobs_l2c/5T/short,Toto-2.0-4m,toto2,Toto-2.0-4m,4.144448,4.144448,336,controlled,shared_origin_v1:Hmax=720,720,720,128,controlled,28368,31248,128,128,256,256,100,[],merged,2,1,11760,177970.49996738136,,100,,float32,native_horizon,336,,direct_full_horizon,195.1686224489796,195.1686224489796,8.683956473214286,0.8080618607506309,1.2979337825909831,1.149563370269983,18.26816609782488,13.970276391288026,0.9231330495315715,0.5738216622626631,0.531015626974109,0.8080618607506309,0.9677479555394671,0.8349920618537294,-0.1803330609384718,0.531015626974109,0.5559218172835492,0.9551983938476429,-0.04583621782799898,Web/CloudOps,7
bizitobs_l2c/5T/short|H=336|L=256|Hsrc=controlled|Lsrc=controlled|origins=shared_origin_v1:Hmax=720,joint-scaling,release,standard_hl_shared_origin_v1,bizitobs_l2c/5T/short,Toto-2.0-4m,toto2,Toto-2.0-4m,4.144448,4.144448,336,controlled,shared_origin_v1:Hmax=720,720,720,256,controlled,28368,31248,256,256,256,256,100,[],merged,2,1,11760,177970.49996738136,,100,,float32,native_horizon,336,,direct_full_horizon,195.1686224489796,195.1686224489796,8.683956473214286,0.8080618607506309,1.2979337825909831,1.149563370269983,18.26816609782488,13.970276391288026,0.9231330495315715,0.5738216622626631,0.531015626974109,0.8080618607506309,0.9677479555394671,0.8349920618537294,-0.1803330609384718,0.531015626974109,0.5559218172835492,0.9551983938476429,-0.04583621782799898,Web/CloudOps,7
bizitobs_l2c/5T/short|H=336|L=512|Hsrc=controlled|Lsrc=controlled|origins=shared_origin_v1:Hmax=720,joint-scaling,release,standard_hl_shared_origin_v1,bizitobs_l2c/5T/short,Toto-2.0-4m,toto2,Toto-2.0-4m,4.144448,4.144448,336,controlled,shared_origin_v1:Hmax=720,720,720,512,controlled,28368,31248,512,512,256,256,100,[],merged,2,1,11760,177970.49996738136,,100,,float32,native_horizon,336,,direct_full_horizon,203.325,203.325,8.802345078656463,0.8194087729729584,1.326386814231396,1.146713568239796,15.903080358962265,14.259207551613798,0.9422251487618025,0.5816445879736949,0.5228176000796476,0.8194087729729584,0.9677479555394671,0.846717131545044,-0.16638860522686358,0.5228176000796476,0.5559218172835492,0.9404516675282476,-0.06139502174950742,Web/CloudOps,7
bizitobs_l2c/5T/short|H=336|L=1024|Hsrc=controlled|Lsrc=controlled|origins=shared_origin_v1:Hmax=720,joint-scaling,release,standard_hl_shared_origin_v1,bizitobs_l2c/5T/short,Toto-2.0-4m,toto2,Toto-2.0-4m,4.144448,4.144448,336,controlled,shared_origin_v1:Hmax=720,720,720,1024,controlled,28368,31248,1024,1024,256,256,100,[],merged,2,1,11760,177970.49996738136,,100,,float32,native_horizon,336,,direct_full_horizon,213.23022959183675,213.23022959183675,9.028922193877552,0.828664921564393,1.3522788226507334,1.1508859647374574,11.307412799538014,14.602404924937424,0.9649030707265415,0.5966164337317749,0.5020837479373541,0.828664921564393,0.9677479555394671,0.8562817589239515,-0.15515579937944154,0.5020837479373541,0.5559218172835492,0.9031553220751996,-0.10186073362881697,Web/CloudOps,7
bizitobs_l2c/5T/short|H=336|L=2048|Hsrc=controlled|Lsrc=controlled|origins=shared_origin_v1:Hmax=720,joint-scaling,release,standard_hl_shared_origin_v1,bizitobs_l2c/5T/short,Toto-2.0-4m,toto2,Toto-2.0-4m,4.144448,4.144448,336,controlled,shared_origin_v1:Hmax=720,720,720,2048,controlled,28368,31248,2048,2048,256,256,100,[],merged,2,1,11760,177970.49996738136,,100,,float32,native_horizon,336,,direct_full_horizon,205.31313775510205,205.31313775510205,9.12953869047619,0.8473117986819318,1.2457729325095057,1.1715168440423045,9.083740382418691,14.328752135308296,0.9468205412813335,0.6032650075134794,0.4873474429905268,0.8473117986819318,0.9677479555394671,0.8755500787491732,-0.13290292872171156,0.4873474429905268,0.5559218172835492,0.8766474490457965,-0.13165036395924673,Web/CloudOps,7
bizitobs_l2c/5T/short|H=336|L=4096|Hsrc=controlled|Lsrc=controlled|origins=shared_origin_v1:Hmax=720,joint-scaling,release,standard_hl_shared_origin_v1,bizitobs_l2c/5T/short,Toto-2.0-4m,toto2,Toto-2.0-4m,4.144448,4.144448,336,controlled,shared_origin_v1:Hmax=720,720,720,4096,controlled,28368,31248,4096,4096,256,256,100,[],merged,2,1,11760,177970.49996738136,,100,,float32,native_horizon,336,,direct_full_horizon,172.58368409863945,172.58368409863945,8.324888392857142,0.7745496647692391,1.0219360020029875,1.1207268747342687,8.714000716199578,13.137110949468283,0.8680788377515519,0.5500950298950856,0.44185949824876813,0.7745496647692391,0.9677479555394671,0.8003630080907478,-0.22268989411876308,0.44185949824876813,0.5559218172835492,0.7948230929447345,-0.22963571368789523,Web/CloudOps,7
bizitobs_l2c/5T/short|H=720|L=128|Hsrc=controlled|Lsrc=controlled|origins=shared_origin_v1:Hmax=720,joint-scaling,release,standard_hl_shared_origin_v1,bizitobs_l2c/5T/short,Toto-2.0-4m,toto2,Toto-2.0-4m,4.144448,4.144448,720,controlled,shared_origin_v1:Hmax=720,720,720,128,controlled,28368,31248,128,128,256,256,100,[],merged,2,1,25200,448809.8099897355,,100,,float32,native_horizon,720,,direct_full_horizon,355.07174603174604,355.07174603174604,13.31038318452381,1.245112300037117,0.9855878775537161,1.2727303447420635,30.926106861742323,18.843347527224193,1.0580257987161863,0.7473581209324976,0.6970435001338177,1.245112300037117,1.4542830442928587,0.85616916522777,-0.15528729943559597,0.6970435001338177,0.648492126471023,1.0748681004455714,0.07219795679176792,Web/CloudOps,7
bizitobs_l2c/5T/short|H=720|L=256|Hsrc=controlled|Lsrc=controlled|origins=shared_origin_v1:Hmax=720,joint-scaling,release,standard_hl_shared_origin_v1,bizitobs_l2c/5T/short,Toto-2.0-4m,toto2,Toto-2.0-4m,4.144448,4.144448,720,controlled,shared_origin_v1:Hmax=720,720,720,256,controlled,28368,31248,256,256,256,256,100,[],merged,2,1,25200,448809.8099897355,,100,,float32,native_horizon,720,,direct_full_horizon,355.07174603174604,355.07174603174604,13.31038318452381,1.245112300037117,0.9855878775537161,1.2727303447420635,30.926106861742323,18.843347527224193,1.0580257987161863,0.7473581209324976,0.6970435001338177,1.245112300037117,1.4542830442928587,0.85616916522777,-0.15528729943559597,0.6970435001338177,0.648492126471023,1.0748681004455714,0.07219795679176792,Web/CloudOps,7
bizitobs_l2c/5T/short|H=720|L=512|Hsrc=controlled|Lsrc=controlled|origins=shared_origin_v1:Hmax=720,joint-scaling,release,standard_hl_shared_origin_v1,bizitobs_l2c/5T/short,Toto-2.0-4m,toto2,Toto-2.0-4m,4.144448,4.144448,720,controlled,shared_origin_v1:Hmax=720,720,720,512,controlled,28368,31248,512,512,256,256,100,[],merged,2,1,25200,448809.8099897355,,100,,float32,native_horizon,720,,direct_full_horizon,355.07174603174604,355.07174603174604,13.31038318452381,1.245112300037117,0.9855878775537161,1.2727303447420635,30.926106861742323,18.843347527224193,1.0580257987161863,0.7473581209324976,0.6970435001338177,1.245112300037117,1.4542830442928587,0.85616916522777,-0.15528729943559597,0.6970435001338177,0.648492126471023,1.0748681004455714,0.07219795679176792,Web/CloudOps,7
bizitobs_l2c/5T/short|H=720|L=1024|Hsrc=controlled|Lsrc=controlled|origins=shared_origin_v1:Hmax=720,joint-scaling,release,standard_hl_shared_origin_v1,bizitobs_l2c/5T/short,Toto-2.0-4m,toto2,Toto-2.0-4m,4.144448,4.144448,720,controlled,shared_origin_v1:Hmax=720,720,720,1024,controlled,28368,31248,1024,1024,256,256,100,[],merged,2,1,25200,448809.8099897355,,100,,float32,native_horizon,720,,direct_full_horizon,369.46214285714285,369.46214285714285,13.498152281746032,1.2695935116947774,1.0268651247924319,1.2661744326636906,22.931310430454744,19.221398046373807,1.0792527702986214,0.7579010750851892,0.6532536542722877,1.2695935116947774,1.4542830442928587,0.8730030351912093,-0.13581624641179832,0.6532536542722877,0.648492126471023,1.0073424604662142,0.007315635829227111,Web/CloudOps,7
bizitobs_l2c/5T/short|H=720|L=2048|Hsrc=controlled|Lsrc=controlled|origins=shared_origin_v1:Hmax=720,joint-scaling,release,standard_hl_shared_origin_v1,bizitobs_l2c/5T/short,Toto-2.0-4m,toto2,Toto-2.0-4m,4.144448,4.144448,720,controlled,shared_origin_v1:Hmax=720,720,720,2048,controlled,28368,31248,2048,2048,256,256,100,[],merged,2,1,25200,448809.8099897355,,100,,float32,native_horizon,720,,direct_full_horizon,473.5625,473.5625,15.704552331349205,1.4424736215297158,1.0403004390378907,1.413366195436508,11.134483144396752,21.761491217285638,1.2218752051969186,0.8817871399893222,0.7178688952443903,1.4424736215297158,1.4542830442928587,0.9918795568651595,-0.008153593519039368,0.7178688952443903,0.648492126471023,1.1069816670726649,0.10163709267939795,Web/CloudOps,7
bizitobs_l2c/5T/short|H=720|L=4096|Hsrc=controlled|Lsrc=controlled|origins=shared_origin_v1:Hmax=720,joint-scaling,release,standard_hl_shared_origin_v1,bizitobs_l2c/5T/short,Toto-2.0-4m,toto2,Toto-2.0-4m,4.144448,4.144448,720,controlled,shared_origin_v1:Hmax=720,720,720,4096,controlled,28368,31248,4096,4096,256,256,100,[],merged,2,1,25200,448809.8099897355,,100,,float32,native_horizon,720,,direct_full_horizon,423.8456746031746,423.8456746031746,14.569303075396826,1.347640058865316,0.9002587327970111,1.417538132440476,9.721003886557058,20.587512589022857,1.1559580599524806,0.8180445911117603,0.660272089950192,1.347640058865316,1.4542830442928587,0.9266697182188508,-0.07615806792906071,0.660272089950192,0.648492126471023,1.018165160374843,0.01800214502271,Web/CloudOps,7
bizitobs_l2c/H/short|H=48|L=128|Hsrc=controlled|Lsrc=controlled|origins=shared_origin_v1:Hmax=720,joint-scaling,release,standard_hl_shared_origin_v1,bizitobs_l2c/H/short,Toto-2.0-4m,toto2,Toto-2.0-4m,4.144448,4.144448,48,controlled,shared_origin_v1:Hmax=720,720,720,128,controlled,1944,1944,128,128,256,256,100,[],merged,2,1,336,6586.944159589708,,100,,float32,native_horizon,48,,direct_full_horizon,132.98600260416666,132.98600260416666,8.573343186151414,0.9251663951324117,1.7901060852823378,0.5285961968558175,7.056999834152521,11.531955714629095,0.5882450232213186,0.43732620783691395,0.3505038898634113,0.9251663951324117,1.0508646017568088,0.880385916116826,-0.1273949265990559,0.3505038898634113,0.38759898490519035,0.9042951697852026,-0.10059945663534589,Web/CloudOps,7
bizitobs_l2c/H/short|H=48|L=256|Hsrc=controlled|Lsrc=controlled|origins=shared_origin_v1:Hmax=720,joint-scaling,release,standard_hl_shared_origin_v1,bizitobs_l2c/H/short,Toto-2.0-4m,toto2,Toto-2.0-4m,4.144448,4.144448,48,controlled,shared_origin_v1:Hmax=720,720,720,256,controlled,1944,1944,256,256,256,256,100,[],merged,2,1,336,6586.944159589708,,100,,float32,native_horizon,48,,direct_full_horizon,103.20417131696429,103.20417131696429,7.52199954078311,0.8287589712246201,1.3500169198724288,0.5166012900216239,4.881943855503129,10.158945384092007,0.5182077707589875,0.38369717193117253,0.292133992101185,0.8287589712246201,1.0508646017568088,0.7886448642756848,-0.23743916811489035,0.292133992101185,0.38759898490519035,0.7537016439107631,-0.28275868701427004,Web/CloudOps,7
bizitobs_l2c/H/short|H=48|L=512|Hsrc=controlled|Lsrc=controlled|origins=shared_origin_v1:Hmax=720,joint-scaling,release,standard_hl_shared_origin_v1,bizitobs_l2c/H/short,Toto-2.0-4m,toto2,Toto-2.0-4m,4.144448,4.144448,48,controlled,shared_origin_v1:Hmax=720,720,720,512,controlled,1944,1944,512,512,256,256,100,[],merged,2,1,336,6586.944159589708,,100,,float32,native_horizon,48,,direct_full_horizon,85.16569010416667,85.16569010416667,6.4570806594122026,0.7240665764067677,1.0943707816208466,0.4731361752464658,4.3580604500661915,9.228525890095701,0.4707470754185503,0.3293756632814146,0.2578572765920439,0.7240665764067677,1.0508646017568088,0.6890198558370808,-0.3724851900425276,0.2578572765920439,0.38759898490519035,0.6652681937624726,-0.4075650207384855,Web/CloudOps,7
bizitobs_l2c/H/short|H=48|L=1024|Hsrc=controlled|Lsrc=controlled|origins=shared_origin_v1:Hmax=720,joint-scaling,release,standard_hl_shared_origin_v1,bizitobs_l2c/H/short,Toto-2.0-4m,toto2,Toto-2.0-4m,4.144448,4.144448,48,controlled,shared_origin_v1:Hmax=720,720,720,1024,controlled,1944,1944,1024,1024,256,256,100,[],merged,2,1,336,6586.944159589708,,100,,float32,native_horizon,48,,direct_full_horizon,83.84630766369048,83.84630766369048,6.486894153413319,0.7254060760552403,1.1934300676176819,0.4674296152024042,4.31546335164653,9.156762946789136,0.4670864479155979,0.33089644951273417,0.2610920509118834,0.7254060760552403,1.0508646017568088,0.6902945201908265,-0.37063693160520583,0.2610920509118834,0.38759898490519035,0.6736138665991308,-0.3950982304595943,Web/CloudOps,7
bizitobs_l2c/H/short|H=48|L=2048|Hsrc=controlled|Lsrc=controlled|origins=shared_origin_v1:Hmax=720,joint-scaling,release,standard_hl_shared_origin_v1,bizitobs_l2c/H/short,Toto-2.0-4m,toto2,Toto-2.0-4m,4.144448,4.144448,48,controlled,shared_origin_v1:Hmax=720,720,720,2048,controlled,1944,1944,1944,1944,256,256,100,[],merged,2,1,336,6586.944159589708,,100,,float32,native_horizon,48,,direct_full_horizon,83.35596865699405,83.35596865699405,6.587815057663691,0.7378084551753687,1.2463186722767503,0.4665693101428804,5.386053686765704,9.129948995311752,0.46571866833858655,0.33604442450790056,0.2672540242075743,0.7378084551753687,1.0508646017568088,0.7020965916464588,-0.3536842894836657,0.2672540242075743,0.38759898490519035,0.689511672155041,-0.3717716534583578,Web/CloudOps,7
bizitobs_l2c/H/short|H=48|L=4096|Hsrc=controlled|Lsrc=controlled|origins=shared_origin_v1:Hmax=720,joint-scaling,release,standard_hl_shared_origin_v1,bizitobs_l2c/H/short,Toto-2.0-4m,toto2,Toto-2.0-4m,4.144448,4.144448,48,controlled,shared_origin_v1:Hmax=720,720,720,4096,controlled,1944,1944,1944,1944,256,256,100,[],merged,2,1,336,6586.944159589708,,100,,float32,native_horizon,48,,direct_full_horizon,83.35586402529762,83.35586402529762,6.587811424618676,0.7378080224325555,1.2463171270829212,0.46656921931675505,5.38605021588853,9.129943265174084,0.4657183760442829,0.33604423918628623,0.2672538523471186,0.7378080224325555,1.0508646017568088,0.7020961798495322,-0.3536848760084434,0.2672538523471186,0.38759898490519035,0.6895112287574513,-0.37177229651887467,Web/CloudOps,7
bizitobs_l2c/H/short|H=96|L=128|Hsrc=controlled|Lsrc=controlled|origins=shared_origin_v1:Hmax=720,joint-scaling,release,standard_hl_shared_origin_v1,bizitobs_l2c/H/short,Toto-2.0-4m,toto2,Toto-2.0-4m,4.144448,4.144448,96,controlled,shared_origin_v1:Hmax=720,720,720,128,controlled,1944,1944,128,128,256,256,100,[],merged,2,1,672,8627.715840272605,,100,,float32,native_horizon,96,,direct_full_horizon,355.93722098214283,355.93722098214283,14.46630132765997,1.4560125250219453,3.3165605295523837,1.031487328665597,9.046172568125055,18.866298550116895,1.4694680330684105,1.1267587704743345,0.8584743244697433,1.4560125250219453,1.5614972218267393,0.9324464396539935,-0.0699435664821268,0.8584743244697433,0.856660679125936,1.0021171105292912,0.0021148726088545617,Web/CloudOps,7
bizitobs_l2c/H/short|H=96|L=256|Hsrc=controlled|Lsrc=controlled|origins=shared_origin_v1:Hmax=720,joint-scaling,release,standard_hl_shared_origin_v1,bizitobs_l2c/H/short,Toto-2.0-4m,toto2,Toto-2.0-4m,4.144448,4.144448,96,controlled,shared_origin_v1:Hmax=720,720,720,256,controlled,1944,1944,256,256,256,256,100,[],merged,2,1,672,8627.715840272605,,100,,float32,native_horizon,96,,direct_full_horizon,251.60709635416666,251.60709635416666,12.427373976934524,1.2588570031151642,2.8291873635843956,1.0288440159388952,7.474289119287616,15.862127737291951,1.2354776208210623,0.9679497409404865,0.6978798954766734,1.2588570031151642,1.5614972218267393,0.8061858743766913,-0.21544094969209987,0.6978798954766734,0.856660679125936,0.8146514862672709,-0.20499488141051903,Web/CloudOps,7
bizitobs_l2c/H/short|H=96|L=512|Hsrc=controlled|Lsrc=controlled|origins=shared_origin_v1:Hmax=720,joint-scaling,release,standard_hl_shared_origin_v1,bizitobs_l2c/H/short,Toto-2.0-4m,toto2,Toto-2.0-4m,4.144448,4.144448,96,controlled,shared_origin_v1:Hmax=720,720,720,512,controlled,1944,1944,512,512,256,256,100,[],merged,2,1,672,8627.715840272605,,100,,float32,native_horizon,96,,direct_full_horizon,66.59183175223214,66.59183175223214,4.9525299072265625,0.5621453647199611,0.9190123699721104,0.9459620884486607,3.7964542796817575,8.160381838629375,0.6356000472293802,0.3857452145237892,0.3102957155799968,0.5621453647199611,1.5614972218267393,0.36000407612786367,-1.0216399250186823,0.3102957155799968,0.856660679125936,0.3622154292135788,-1.0155161358382998,Web/CloudOps,7
bizitobs_l2c/H/short|H=96|L=1024|Hsrc=controlled|Lsrc=controlled|origins=shared_origin_v1:Hmax=720,joint-scaling,release,standard_hl_shared_origin_v1,bizitobs_l2c/H/short,Toto-2.0-4m,toto2,Toto-2.0-4m,4.144448,4.144448,96,controlled,shared_origin_v1:Hmax=720,720,720,1024,controlled,1944,1944,1024,1024,256,256,100,[],merged,2,1,672,8627.715840272605,,100,,float32,native_horizon,96,,direct_full_horizon,64.05914015997024,64.05914015997024,4.652146112351191,0.5201039867517274,0.9226090458702882,0.9567605881463914,3.418936708123956,8.003695406496316,0.6233959732493443,0.3623487659279726,0.28766714405221067,0.5201039867517274,1.5614972218267393,0.3330803151498896,-1.099371631446209,0.28766714405221067,0.856660679125936,0.33580056965579635,-1.0912378379262095,Web/CloudOps,7
bizitobs_l2c/H/short|H=96|L=2048|Hsrc=controlled|Lsrc=controlled|origins=shared_origin_v1:Hmax=720,joint-scaling,release,standard_hl_shared_origin_v1,bizitobs_l2c/H/short,Toto-2.0-4m,toto2,Toto-2.0-4m,4.144448,4.144448,96,controlled,shared_origin_v1:Hmax=720,720,720,2048,controlled,1944,1944,1944,1944,256,256,100,[],merged,2,1,672,8627.715840272605,,100,,float32,native_horizon,96,,direct_full_horizon,66.24246651785714,66.24246651785714,4.770507085890997,0.5349857672005726,1.0226257730217572,0.9795299711681548,4.251585828599344,8.138947506763829,0.6339305588873544,0.37156772673883737,0.29704906671939174,0.5349857672005726,1.5614972218267393,0.3426107710743872,-1.07116025437328,0.29704906671939174,0.856660679125936,0.3467523069022795,-1.0591445668827817,Web/CloudOps,7
bizitobs_l2c/H/short|H=96|L=4096|Hsrc=controlled|Lsrc=controlled|origins=shared_origin_v1:Hmax=720,joint-scaling,release,standard_hl_shared_origin_v1,bizitobs_l2c/H/short,Toto-2.0-4m,toto2,Toto-2.0-4m,4.144448,4.144448,96,controlled,shared_origin_v1:Hmax=720,720,720,4096,controlled,1944,1944,1944,1944,256,256,100,[],merged,2,1,672,8627.715840272605,,100,,float32,native_horizon,96,,direct_full_horizon,66.24232700892857,66.24232700892857,4.770501999627976,0.534985285813294,1.0226259760211682,0.9795292445591518,4.251575392239082,8.138938936306658,0.6339298913471473,0.3715673305773488,0.2970488026829666,0.534985285813294,1.5614972218267393,0.3426104627886779,-1.0711611541869288,0.2970488026829666,0.856660679125936,0.3467519986863994,-1.059145455747862,Web/CloudOps,7
bizitobs_l2c/H/short|H=192|L=128|Hsrc=controlled|Lsrc=controlled|origins=shared_origin_v1:Hmax=720,joint-scaling,release,standard_hl_shared_origin_v1,bizitobs_l2c/H/short,Toto-2.0-4m,toto2,Toto-2.0-4m,4.144448,4.144448,192,controlled,shared_origin_v1:Hmax=720,720,720,128,controlled,1944,1944,128,128,256,256,100,[],merged,2,1,1344,22188.21000327915,,100,,float32,native_horizon,192,,direct_full_horizon,299.1546688988095,299.1546688988095,13.138583228701638,1.396223781206354,2.5711515184859155,0.8788630167643229,10.83334132792304,17.296088254250137,1.047670930204677,0.7958395858325356,0.6523420386391137,1.396223781206354,1.4056832067668206,0.9932705850685775,-0.006752159540116345,0.6523420386391137,0.6716249132023688,0.9712892208370999,-0.029130996301343498,Web/CloudOps,7
bizitobs_l2c/H/short|H=192|L=256|Hsrc=controlled|Lsrc=controlled|origins=shared_origin_v1:Hmax=720,joint-scaling,release,standard_hl_shared_origin_v1,bizitobs_l2c/H/short,Toto-2.0-4m,toto2,Toto-2.0-4m,4.144448,4.144448,192,controlled,shared_origin_v1:Hmax=720,720,720,256,controlled,1944,1944,256,256,256,256,100,[],merged,2,1,1344,22188.21000327915,,100,,float32,native_horizon,192,,direct_full_horizon,324.81312779017856,324.81312779017856,13.389545259021578,1.368493938707093,2.368404764524648,0.8962435041155133,12.297500075710126,18.022572729501704,1.0916760633178848,0.8110410360036017,0.6588517408236232,1.368493938707093,1.4056832067668206,0.9735436349522408,-0.02681263241913726,0.6588517408236232,0.6716249132023688,0.9809816876538394,-0.01920148661053663,Web/CloudOps,7
bizitobs_l2c/H/short|H=192|L=512|Hsrc=controlled|Lsrc=controlled|origins=shared_origin_v1:Hmax=720,joint-scaling,release,standard_hl_shared_origin_v1,bizitobs_l2c/H/short,Toto-2.0-4m,toto2,Toto-2.0-4m,4.144448,4.144448,192,controlled,shared_origin_v1:Hmax=720,720,720,512,controlled,1944,1944,512,512,256,256,100,[],merged,2,1,1344,22188.21000327915,,100,,float32,native_horizon,192,,direct_full_horizon,132.75994001116072,132.75994001116072,7.459312802269345,0.8212052615295716,0.9015899514928111,0.8282264527820405,7.37291663752938,11.522149973471128,0.6979278437538039,0.4518307878268855,0.367006533404097,0.8212052615295716,1.4056832067668206,0.5842036509907569,-0.5375056394917823,0.367006533404097,0.6716249132023688,0.5464456814953103,-0.6043203697266044,Web/CloudOps,7
bizitobs_l2c/H/short|H=192|L=1024|Hsrc=controlled|Lsrc=controlled|origins=shared_origin_v1:Hmax=720,joint-scaling,release,standard_hl_shared_origin_v1,bizitobs_l2c/H/short,Toto-2.0-4m,toto2,Toto-2.0-4m,4.144448,4.144448,192,controlled,shared_origin_v1:Hmax=720,720,720,1024,controlled,1944,1944,1024,1024,256,256,100,[],merged,2,1,1344,22188.21000327915,,100,,float32,native_horizon,192,,direct_full_horizon,110.08190336681548,110.08190336681548,6.4049072265625,0.709885329288996,0.8046837175396127,0.7942742847260975,6.094117310583247,10.49199234496554,0.6355284049299017,0.3879625851399375,0.312204149041989,0.709885329288996,1.4056832067668206,0.5050108914097272,-0.6831752827913702,0.312204149041989,0.6716249132023688,0.46484896987125024,-0.7660427221282236,Web/CloudOps,7
bizitobs_l2c/H/short|H=192|L=2048|Hsrc=controlled|Lsrc=controlled|origins=shared_origin_v1:Hmax=720,joint-scaling,release,standard_hl_shared_origin_v1,bizitobs_l2c/H/short,Toto-2.0-4m,toto2,Toto-2.0-4m,4.144448,4.144448,192,controlled,shared_origin_v1:Hmax=720,720,720,2048,controlled,1944,1944,1944,1944,256,256,100,[],merged,2,1,1344,22188.21000327915,,100,,float32,native_horizon,192,,direct_full_horizon,104.72912016369048,104.72912016369048,6.315511067708333,0.7036331517929277,0.8433510077391431,0.8172057015555245,6.586896578582379,10.23372464763883,0.6198844307131534,0.38254761757462946,0.3068953744153776,0.7036331517929277,1.4056832067668206,0.5005631058304653,-0.6920216025996246,0.3068953744153776,0.6716249132023688,0.45694459568522033,-0.7831931302619308,Web/CloudOps,7
bizitobs_l2c/H/short|H=192|L=4096|Hsrc=controlled|Lsrc=controlled|origins=shared_origin_v1:Hmax=720,joint-scaling,release,standard_hl_shared_origin_v1,bizitobs_l2c/H/short,Toto-2.0-4m,toto2,Toto-2.0-4m,4.144448,4.144448,192,controlled,shared_origin_v1:Hmax=720,720,720,4096,controlled,1944,1944,1944,1944,256,256,100,[],merged,2,1,1344,22188.21000327915,,100,,float32,native_horizon,192,,direct_full_horizon,104.42396763392857,104.42396763392857,6.290020897274926,0.7022410677152547,0.8418265615830398,0.811621348063151,6.470584880888019,10.218804608853649,0.6189806835373189,0.3810036088845442,0.3056733341316615,0.7022410677152547,1.4056832067668206,0.4995727802215573,-0.6940019853583749,0.3056733341316615,0.6716249132023688,0.4551250677616814,-0.787183023600681,Web/CloudOps,7
bizitobs_l2c/H/short|H=336|L=128|Hsrc=controlled|Lsrc=controlled|origins=shared_origin_v1:Hmax=720,joint-scaling,release,standard_hl_shared_origin_v1,bizitobs_l2c/H/short,Toto-2.0-4m,toto2,Toto-2.0-4m,4.144448,4.144448,336,controlled,shared_origin_v1:Hmax=720,720,720,128,controlled,1944,1944,128,128,256,256,100,[],merged,2,1,2352,34637.90584325045,,100,,float32,native_horizon,336,,direct_full_horizon,323.71933460884355,323.71933460884355,13.88319781037415,1.4515988972633753,3.023679825971984,0.9686364413929635,12.268483430391138,17.99220205002277,1.2217152911367353,0.942703678385419,0.7766234256845445,1.4515988972633753,1.4724422034928037,0.9858443977087958,-0.014256748487436266,0.7766234256845445,0.8512860008308335,0.9122943698434836,-0.09179256703692286,Web/CloudOps,7
bizitobs_l2c/H/short|H=336|L=256|Hsrc=controlled|Lsrc=controlled|origins=shared_origin_v1:Hmax=720,joint-scaling,release,standard_hl_shared_origin_v1,bizitobs_l2c/H/short,Toto-2.0-4m,toto2,Toto-2.0-4m,4.144448,4.144448,336,controlled,shared_origin_v1:Hmax=720,720,720,256,controlled,1944,1944,256,256,256,256,100,[],merged,2,1,2352,34637.90584325045,,100,,float32,native_horizon,336,,direct_full_horizon,323.71933460884355,323.71933460884355,13.88319781037415,1.4515988972633753,3.023679825971984,0.9686364413929635,12.268483430391138,17.99220205002277,1.2217152911367353,0.942703678385419,0.7766234256845445,1.4515988972633753,1.4724422034928037,0.9858443977087958,-0.014256748487436266,0.7766234256845445,0.8512860008308335,0.9122943698434836,-0.09179256703692286,Web/CloudOps,7
bizitobs_l2c/H/short|H=336|L=512|Hsrc=controlled|Lsrc=controlled|origins=shared_origin_v1:Hmax=720,joint-scaling,release,standard_hl_shared_origin_v1,bizitobs_l2c/H/short,Toto-2.0-4m,toto2,Toto-2.0-4m,4.144448,4.144448,336,controlled,shared_origin_v1:Hmax=720,720,720,512,controlled,1944,1944,512,512,256,256,100,[],merged,2,1,2352,34637.90584325045,,100,,float32,native_horizon,336,,direct_full_horizon,192.10216039540816,192.10216039540816,10.546004730017007,1.0871569082409764,2.0323923938679247,0.9284655512595663,9.384162825025417,13.860092366048942,0.941134761219964,0.7160999639310859,0.5650805522381214,1.0871569082409764,1.4724422034928037,0.7383358787612269,-0.30335643764481773,0.5650805522381214,0.8512860008308335,0.663796364190903,-0.40977985697715186,Web/CloudOps,7
bizitobs_l2c/H/short|H=336|L=1024|Hsrc=controlled|Lsrc=controlled|origins=shared_origin_v1:Hmax=720,joint-scaling,release,standard_hl_shared_origin_v1,bizitobs_l2c/H/short,Toto-2.0-4m,toto2,Toto-2.0-4m,4.144448,4.144448,336,controlled,shared_origin_v1:Hmax=720,720,720,1024,controlled,1944,1944,1024,1024,256,256,100,[],merged,2,1,2352,34637.90584325045,,100,,float32,native_horizon,336,,direct_full_horizon,97.35868409863946,97.35868409863946,6.038515674824617,0.650945774629647,0.8578369419802387,0.8819640282870961,5.297914677861392,9.867050425463502,0.6699972771365545,0.4100302406115298,0.3316992003311853,0.650945774629647,1.4724422034928037,0.44208578991116126,-0.81625132091677,0.3316992003311853,0.8512860008308335,0.38964484322243675,-0.9425196131637257,Web/CloudOps,7
bizitobs_l2c/H/short|H=336|L=2048|Hsrc=controlled|Lsrc=controlled|origins=shared_origin_v1:Hmax=720,joint-scaling,release,standard_hl_shared_origin_v1,bizitobs_l2c/H/short,Toto-2.0-4m,toto2,Toto-2.0-4m,4.144448,4.144448,336,controlled,shared_origin_v1:Hmax=720,720,720,2048,controlled,1944,1944,1944,1944,256,256,100,[],merged,2,1,2352,34637.90584325045,,100,,float32,native_horizon,336,,direct_full_horizon,92.71948076105443,92.71948076105443,5.931621110358206,0.647364874577028,0.8910525601683105,0.8973272414434523,5.18918212958598,9.629095531827193,0.6538395477297794,0.4027718336869672,0.31929722706584185,0.647364874577028,1.4724422034928037,0.4396538438258584,-0.8217675802728875,0.31929722706584185,0.8512860008308335,0.37507632776084165,-0.9806257330277455,Web/CloudOps,7
bizitobs_l2c/H/short|H=336|L=4096|Hsrc=controlled|Lsrc=controlled|origins=shared_origin_v1:Hmax=720,joint-scaling,release,standard_hl_shared_origin_v1,bizitobs_l2c/H/short,Toto-2.0-4m,toto2,Toto-2.0-4m,4.144448,4.144448,336,controlled,shared_origin_v1:Hmax=720,720,720,4096,controlled,1944,1944,1944,1944,256,256,100,[],merged,2,1,2352,34637.90584325045,,100,,float32,native_horizon,336,,direct_full_horizon,89.71373432185374,89.71373432185374,5.831090810347576,0.6398942857709823,0.903466043096055,0.8825899500425171,5.093039855311578,9.471733438070022,0.6431542699825685,0.3959455761558389,0.31326852830889096,0.6398942857709823,1.4724422034928037,0.4345802397221968,-0.8333746799288929,0.31326852830889096,0.8512860008308335,0.3679944554511044,-0.9996874076356657,Web/CloudOps,7
bizitobs_l2c/H/short|H=720|L=128|Hsrc=controlled|Lsrc=controlled|origins=shared_origin_v1:Hmax=720,joint-scaling,release,standard_hl_shared_origin_v1,bizitobs_l2c/H/short,Toto-2.0-4m,toto2,Toto-2.0-4m,4.144448,4.144448,720,controlled,shared_origin_v1:Hmax=720,720,720,128,controlled,1944,1944,128,128,256,256,100,[],merged,2,1,5040,82510.83089736104,,100,,float32,native_horizon,720,,direct_full_horizon,311.9793154761905,311.9793154761905,13.605189732142858,1.405830268595553,2.488648413124025,0.9062430245535714,13.863262662159924,17.66293620766917,1.0789031878419708,0.8310443065989425,0.6818736252906669,1.405830268595553,1.4260541522843406,0.985818291923633,-0.014283229472547584,0.6818736252906669,0.9410651274656231,0.7245764457631287,-0.3221680075867314,Web/CloudOps,7
bizitobs_l2c/H/short|H=720|L=256|Hsrc=controlled|Lsrc=controlled|origins=shared_origin_v1:Hmax=720,joint-scaling,release,standard_hl_shared_origin_v1,bizitobs_l2c/H/short,Toto-2.0-4m,toto2,Toto-2.0-4m,4.144448,4.144448,720,controlled,shared_origin_v1:Hmax=720,720,720,256,controlled,1944,1944,256,256,256,256,100,[],merged,2,1,5040,82510.83089736104,,100,,float32,native_horizon,720,,direct_full_horizon,311.9793154761905,311.9793154761905,13.605189732142858,1.405830268595553,2.488648413124025,0.9062430245535714,13.863262662159924,17.66293620766917,1.0789031878419708,0.8310443065989425,0.6818736252906669,1.405830268595553,1.4260541522843406,0.985818291923633,-0.014283229472547584,0.6818736252906669,0.9410651274656231,0.7245764457631287,-0.3221680075867314,Web/CloudOps,7
bizitobs_l2c/H/short|H=720|L=512|Hsrc=controlled|Lsrc=controlled|origins=shared_origin_v1:Hmax=720,joint-scaling,release,standard_hl_shared_origin_v1,bizitobs_l2c/H/short,Toto-2.0-4m,toto2,Toto-2.0-4m,4.144448,4.144448,720,controlled,shared_origin_v1:Hmax=720,720,720,512,controlled,1944,1944,512,512,256,256,100,[],merged,2,1,5040,82510.83089736104,,100,,float32,native_horizon,720,,direct_full_horizon,311.9793154761905,311.9793154761905,13.605189732142858,1.405830268595553,2.488648413124025,0.9062430245535714,13.863262662159924,17.66293620766917,1.0789031878419708,0.8310443065989425,0.6818736252906669,1.405830268595553,1.4260541522843406,0.985818291923633,-0.014283229472547584,0.6818736252906669,0.9410651274656231,0.7245764457631287,-0.3221680075867314,Web/CloudOps,7
bizitobs_l2c/H/short|H=720|L=1024|Hsrc=controlled|Lsrc=controlled|origins=shared_origin_v1:Hmax=720,joint-scaling,release,standard_hl_shared_origin_v1,bizitobs_l2c/H/short,Toto-2.0-4m,toto2,Toto-2.0-4m,4.144448,4.144448,720,controlled,shared_origin_v1:Hmax=720,720,720,1024,controlled,1944,1944,1024,1024,256,256,100,[],merged,2,1,5040,82510.83089736104,,100,,float32,native_horizon,720,,direct_full_horizon,210.54082341269842,210.54082341269842,10.1172603546627,1.0256466490492093,0.9378132058876105,0.9910360669332837,5.981315117623919,14.510024928052275,0.8863142552564262,0.617991500424108,0.4602836020193814,1.0256466490492093,1.4260541522843406,0.7192199871276037,-0.32958800543279115,0.4602836020193814,0.9410651274656231,0.489109189774111,-0.7151695224616097,Web/CloudOps,7
bizitobs_l2c/H/short|H=720|L=2048|Hsrc=controlled|Lsrc=controlled|origins=shared_origin_v1:Hmax=720,joint-scaling,release,standard_hl_shared_origin_v1,bizitobs_l2c/H/short,Toto-2.0-4m,toto2,Toto-2.0-4m,4.144448,4.144448,720,controlled,shared_origin_v1:Hmax=720,720,720,2048,controlled,1944,1944,1944,1944,256,256,100,[],merged,2,1,5040,82510.83089736104,,100,,float32,native_horizon,720,,direct_full_horizon,124.55492311507936,124.55492311507936,7.00885494171627,0.7337980624349414,0.7945412543064223,0.859551517547123,5.283807746526779,11.160417694471805,0.6817105653693872,0.428121114792698,0.34196411872537946,0.7337980624349414,1.4260541522843406,0.5145653559224934,-0.6644327037433528,0.34196411872537946,0.9410651274656231,0.3633798647351018,-1.0123065325488116,Web/CloudOps,7
bizitobs_l2c/H/short|H=720|L=4096|Hsrc=controlled|Lsrc=controlled|origins=shared_origin_v1:Hmax=720,joint-scaling,release,standard_hl_shared_origin_v1,bizitobs_l2c/H/short,Toto-2.0-4m,toto2,Toto-2.0-4m,4.144448,4.144448,720,controlled,shared_origin_v1:Hmax=720,720,720,4096,controlled,1944,1944,1944,1944,256,256,100,[],merged,2,1,5040,82510.83089736104,,100,,float32,native_horizon,720,,direct_full_horizon,111.11875,111.11875,6.605538504464286,0.6990191899020761,0.791433063572543,0.8395345052083333,5.171909997451711,10.541287871982247,0.643892326582906,0.40348538125756267,0.32238612235652686,0.6990191899020761,1.4260541522843406,0.4901771708895798,-0.7129883799852772,0.32238612235652686,0.9410651274656231,0.34257578242724074,-1.0712623831935206,Web/CloudOps,7
electricity/15T/short|H=48|L=128|Hsrc=controlled|Lsrc=controlled|origins=shared_origin_v1:Hmax=720,joint-scaling,release,standard_hl_shared_origin_v1,electricity/15T/short,Toto-2.0-4m,toto2,Toto-2.0-4m,4.144448,4.144448,48,controlled,shared_origin_v1:Hmax=720,720,720,128,controlled,125856,139536,128,128,256,256,100,[],merged,2,370,355200,225501006.4677921,,100,,float32,native_horizon,48,,direct_full_horizon,1055010.3042117117,1055010.3042117117,121.54803935282939,2.0393663740186856,0.2811019392442161,0.2733965246527045,17.241323924537866,1027.1369452082383,1.6179042774697132,0.1914575205423371,0.16256210340756558,2.0393663740186856,1.0560089751972532,1.9312017434678999,0.6581424741506458,0.16256210340756558,0.09051464705745935,1.795975664627737,0.5855484200263699,Energy,1
electricity/15T/short|H=48|L=256|Hsrc=controlled|Lsrc=controlled|origins=shared_origin_v1:Hmax=720,joint-scaling,release,standard_hl_shared_origin_v1,electricity/15T/short,Toto-2.0-4m,toto2,Toto-2.0-4m,4.144448,4.144448,48,controlled,shared_origin_v1:Hmax=720,720,720,256,controlled,125856,139536,256,256,256,256,100,[],merged,2,370,355200,225501006.4677921,,100,,float32,native_horizon,48,,direct_full_horizon,264234.44029912725,264234.44029912725,61.83779578406531,1.00009836534017,0.15535295882975886,0.15612605515901032,9.099682608983432,514.0373919270146,0.8096907613516752,0.09740437706488546,0.07963667458824329,1.00009836534017,1.0560089751972532,0.9470547967202272,-0.05439832398515728,0.07963667458824329,0.09051464705745935,0.8798208596857187,-0.12803696077172838,Energy,1
electricity/15T/short|H=48|L=512|Hsrc=controlled|Lsrc=controlled|origins=shared_origin_v1:Hmax=720,joint-scaling,release,standard_hl_shared_origin_v1,electricity/15T/short,Toto-2.0-4m,toto2,Toto-2.0-4m,4.144448,4.144448,48,controlled,shared_origin_v1:Hmax=720,720,720,512,controlled,125856,139536,512,512,256,256,100,[],merged,2,370,355200,225501006.4677921,,100,,float32,native_horizon,48,,direct_full_horizon,255046.03920537725,255046.03920537725,57.21866048177083,0.9002100453499059,0.1364829751816722,0.14312808835828628,8.329217706762494,505.0208304668009,0.7954882410133663,0.09012850328908777,0.07341882728234836,0.9002100453499059,1.0560089751972532,0.8524643885547986,-0.15962384365322746,0.07341882728234836,0.09051464705745935,0.8111264824989215,-0.20933127833537477,Energy,1
electricity/15T/short|H=48|L=1024|Hsrc=controlled|Lsrc=controlled|origins=shared_origin_v1:Hmax=720,joint-scaling,release,standard_hl_shared_origin_v1,electricity/15T/short,Toto-2.0-4m,toto2,Toto-2.0-4m,4.144448,4.144448,48,controlled,shared_origin_v1:Hmax=720,720,720,1024,controlled,125856,139536,1024,1024,256,256,100,[],merged,2,370,355200,225501006.4677921,,100,,float32,native_horizon,48,,direct_full_horizon,237179.04711782094,237179.04711782094,52.99037617451436,0.8242996919570684,0.12229657995402088,0.13016903009500588,7.633128811950519,487.0103152067941,0.76711881100256,0.08346828208004402,0.06796256607855727,0.8242996919570684,1.0560089751972532,0.7805801951665198,-0.247717795853252,0.06796256607855727,0.09051464705745935,0.7508460595931413,-0.2865546287977774,Energy,1
electricity/15T/short|H=48|L=2048|Hsrc=controlled|Lsrc=controlled|origins=shared_origin_v1:Hmax=720,joint-scaling,release,standard_hl_shared_origin_v1,electricity/15T/short,Toto-2.0-4m,toto2,Toto-2.0-4m,4.144448,4.144448,48,controlled,shared_origin_v1:Hmax=720,720,720,2048,controlled,125856,139536,2048,2048,256,256,100,[],merged,2,370,355200,225501006.4677921,,100,,float32,native_horizon,48,,direct_full_horizon,247133.82791596284,247133.82791596284,52.419345571157095,0.7995737143115121,0.11633946029351225,0.12545810218329903,7.4424828123752125,497.12556554251245,0.783051941304399,0.08256881793356594,0.06695622948206723,0.7995737143115121,1.0560089751972532,0.7571656426141253,-0.27817323493139695,0.06695622948206723,0.09051464705745935,0.7397281175892221,-0.30147256895823454,Energy,1
electricity/15T/short|H=48|L=4096|Hsrc=controlled|Lsrc=controlled|origins=shared_origin_v1:Hmax=720,joint-scaling,release,standard_hl_shared_origin_v1,electricity/15T/short,Toto-2.0-4m,toto2,Toto-2.0-4m,4.144448,4.144448,48,controlled,shared_origin_v1:Hmax=720,720,720,4096,controlled,125856,139536,4096,4096,256,256,100,[],merged,2,370,355200,225501006.4677921,,100,,float32,native_horizon,48,,direct_full_horizon,237512.67917194538,237512.67917194538,51.913535090266045,0.7895425539956534,0.11346637993870343,0.12378695111152381,7.366850648950148,487.3527256227725,0.7676581619423214,0.08177208586736932,0.06643641147671621,0.7895425539956534,1.0560089751972532,0.7476665185048961,-0.29079823129560056,0.06643641147671621,0.09051464705745935,0.7339852016938418,-0.3092664117509128,Energy,1
electricity/15T/short|H=96|L=128|Hsrc=controlled|Lsrc=controlled|origins=shared_origin_v1:Hmax=720,joint-scaling,release,standard_hl_shared_origin_v1,electricity/15T/short,Toto-2.0-4m,toto2,Toto-2.0-4m,4.144448,4.144448,96,controlled,shared_origin_v1:Hmax=720,720,720,128,controlled,125856,139536,128,128,256,256,100,[],merged,2,370,710400,449541917.5210018,,100,,float32,native_horizon,96,,direct_full_horizon,3686205.6667398647,3686205.6667398647,201.85757412197353,2.8359211274725333,0.4239838164063167,0.34642533035965656,26.6011700400247,1919.9493917131942,3.0340486497776546,0.31899054363389956,0.24835274790258444,2.8359211274725333,1.0749568648612153,2.6381720236175905,0.9700862620316718,0.24835274790258444,0.09292762757833782,2.6725394199181887,0.9830291140115311,Energy,1
electricity/15T/short|H=96|L=256|Hsrc=controlled|Lsrc=controlled|origins=shared_origin_v1:Hmax=720,joint-scaling,release,standard_hl_shared_origin_v1,electricity/15T/short,Toto-2.0-4m,toto2,Toto-2.0-4m,4.144448,4.144448,96,controlled,shared_origin_v1:Hmax=720,720,720,256,controlled,125856,139536,256,256,256,256,100,[],merged,2,370,710400,449541917.5210018,,100,,float32,native_horizon,96,,direct_full_horizon,308312.2991913007,308312.2991913007,70.450699407904,1.1392632948036645,0.18823458308920393,0.17905615729254645,11.733255295449034,555.2587677752605,0.8774617299378246,0.1113315019328244,0.09593183394836755,1.1392632948036645,1.0749568648612153,1.0598223352438905,0.05810128581566088,0.09593183394836755,0.09292762757833782,1.0323284522409353,0.03181688409828297,Energy,1
electricity/15T/short|H=96|L=512|Hsrc=controlled|Lsrc=controlled|origins=shared_origin_v1:Hmax=720,joint-scaling,release,standard_hl_shared_origin_v1,electricity/15T/short,Toto-2.0-4m,toto2,Toto-2.0-4m,4.144448,4.144448,96,controlled,shared_origin_v1:Hmax=720,720,720,512,controlled,125856,139536,512,512,256,256,100,[],merged,2,370,710400,449541917.5210018,,100,,float32,native_horizon,96,,direct_full_horizon,289875.66710937495,289875.66710937495,63.984527774845155,1.0066686861977834,0.16204306388853326,0.16067396438873566,10.02624813265773,538.4010281466548,0.8508218599604002,0.10111317045117699,0.08311568414328914,1.0066686861977834,1.0749568648612153,0.9364735638278393,-0.0656339861906762,0.08311568414328914,0.09292762757833782,0.8944130643303335,-0.11158756987857385,Energy,1
electricity/15T/short|H=96|L=1024|Hsrc=controlled|Lsrc=controlled|origins=shared_origin_v1:Hmax=720,joint-scaling,release,standard_hl_shared_origin_v1,electricity/15T/short,Toto-2.0-4m,toto2,Toto-2.0-4m,4.144448,4.144448,96,controlled,shared_origin_v1:Hmax=720,720,720,1024,controlled,125856,139536,1024,1024,256,256,100,[],merged,2,370,710400,449541917.5210018,,100,,float32,native_horizon,96,,direct_full_horizon,276463.2598676802,276463.2598676802,59.864704193940035,0.9250044795374142,0.14735757290137014,0.1466407196800988,9.269039670145435,525.7977366513479,0.8309051893913031,0.09460271490119311,0.0775201177217894,0.9250044795374142,1.0749568648612153,0.8605038116174447,-0.1502372338023583,0.0775201177217894,0.09292762757833782,0.8341988248482949,-0.18128350593726492,Energy,1
electricity/15T/short|H=96|L=2048|Hsrc=controlled|Lsrc=controlled|origins=shared_origin_v1:Hmax=720,joint-scaling,release,standard_hl_shared_origin_v1,electricity/15T/short,Toto-2.0-4m,toto2,Toto-2.0-4m,4.144448,4.144448,96,controlled,shared_origin_v1:Hmax=720,720,720,2048,controlled,125856,139536,2048,2048,256,256,100,[],merged,2,370,710400,449541917.5210018,,100,,float32,native_horizon,96,,direct_full_horizon,271489.61286528717,271489.61286528717,58.06117785754505,0.8915321318574025,0.136941605816081,0.1397070937972885,9.160730801537213,521.0466513329561,0.8233971664936879,0.0917526467330447,0.07512657801970932,0.8915321318574025,1.0749568648612153,0.8293654945610359,-0.1870943349276895,0.07512657801970932,0.09292762757833782,0.8084417947329792,-0.21264659422875862,Energy,1
electricity/15T/short|H=96|L=4096|Hsrc=controlled|Lsrc=controlled|origins=shared_origin_v1:Hmax=720,joint-scaling,release,standard_hl_shared_origin_v1,electricity/15T/short,Toto-2.0-4m,toto2,Toto-2.0-4m,4.144448,4.144448,96,controlled,shared_origin_v1:Hmax=720,720,720,4096,controlled,125856,139536,4096,4096,256,256,100,[],merged,2,370,710400,449541917.5210018,,100,,float32,native_horizon,96,,direct_full_horizon,265134.8346948902,265134.8346948902,57.65387391786317,0.8814355744987663,0.13350381828576963,0.13795168747773043,9.077788983725958,514.9124534276581,0.8137034449027083,0.09110899436721949,0.07451466117818593,0.8814355744987663,1.0749568648612153,0.81997297129924,-0.19848390109728647,0.07451466117818593,0.09292762757833782,0.8018569194115088,-0.22082509175544277,Energy,1
electricity/15T/short|H=192|L=128|Hsrc=controlled|Lsrc=controlled|origins=shared_origin_v1:Hmax=720,joint-scaling,release,standard_hl_shared_origin_v1,electricity/15T/short,Toto-2.0-4m,toto2,Toto-2.0-4m,4.144448,4.144448,192,controlled,shared_origin_v1:Hmax=720,720,720,128,controlled,125856,139536,128,128,256,256,100,[],merged,2,370,1420800,899544419.732925,,100,,float32,native_horizon,192,,direct_full_horizon,6805295.288175676,6805295.288175676,256.35975018475506,3.4386088684831573,0.5285116427698808,0.39320610527519706,53.80796019297987,2608.6960896539244,4.120347281216794,0.40491155864280914,0.3739074329305486,3.4386088684831573,1.1437313288387232,3.006483062743867,1.1007709779355899,0.3739074329305486,0.10019956699000873,3.7316272331579268,1.3168443940622618,Energy,1
electricity/15T/short|H=192|L=256|Hsrc=controlled|Lsrc=controlled|origins=shared_origin_v1:Hmax=720,joint-scaling,release,standard_hl_shared_origin_v1,electricity/15T/short,Toto-2.0-4m,toto2,Toto-2.0-4m,4.144448,4.144448,192,controlled,shared_origin_v1:Hmax=720,720,720,256,controlled,125856,139536,256,256,256,256,100,[],merged,2,370,1420800,899544419.732925,,100,,float32,native_horizon,192,,direct_full_horizon,4063602.130899493,4063602.130899493,204.7571850805884,2.815618536806252,0.43158741213914714,0.344954928836307,26.12479564714963,2015.8378235610853,3.1839476927286623,0.3234070515927095,0.2515388340828915,2.815618536806252,1.1437313288387232,2.4617831704103654,0.900885953376258,0.2515388340828915,0.10019956699000873,2.51037845411022,0.9204335203077205,Energy,1
electricity/15T/short|H=192|L=512|Hsrc=controlled|Lsrc=controlled|origins=shared_origin_v1:Hmax=720,joint-scaling,release,standard_hl_shared_origin_v1,electricity/15T/short,Toto-2.0-4m,toto2,Toto-2.0-4m,4.144448,4.144448,192,controlled,shared_origin_v1:Hmax=720,720,720,512,controlled,125856,139536,512,512,256,256,100,[],merged,2,370,1420800,899544419.732925,,100,,float32,native_horizon,192,,direct_full_horizon,345475.2476534347,345475.2476534347,72.87417088963964,1.1308584162533213,0.19327171824073736,0.17858166170549822,11.318339058680838,587.7714246656047,0.9283650944250583,0.11510228925742315,0.09436247031088364,1.1308584162533213,1.1437313288387232,0.9887448107253718,-0.011319008232253942,0.09436247031088364,0.10019956699000873,0.9417452903792775,-0.06002043334707056,Energy,1
electricity/15T/short|H=192|L=1024|Hsrc=controlled|Lsrc=controlled|origins=shared_origin_v1:Hmax=720,joint-scaling,release,standard_hl_shared_origin_v1,electricity/15T/short,Toto-2.0-4m,toto2,Toto-2.0-4m,4.144448,4.144448,192,controlled,shared_origin_v1:Hmax=720,720,720,1024,controlled,125856,139536,1024,1024,256,256,100,[],merged,2,370,1420800,899544419.732925,,100,,float32,native_horizon,192,,direct_full_horizon,310407.02342905407,310407.02342905407,65.9150169798705,1.012111208779454,0.17045611690680548,0.15916340544417099,10.028003672961036,557.1418342119483,0.8799866918004545,0.10411054092560024,0.08519546726188536,1.012111208779454,1.1437313288387232,0.8849204207836918,-0.12225755803568208,0.08519546726188536,0.10019956699000873,0.8502578386429606,-0.16221563591596988,Energy,1
electricity/15T/short|H=192|L=2048|Hsrc=controlled|Lsrc=controlled|origins=shared_origin_v1:Hmax=720,joint-scaling,release,standard_hl_shared_origin_v1,electricity/15T/short,Toto-2.0-4m,toto2,Toto-2.0-4m,4.144448,4.144448,192,controlled,shared_origin_v1:Hmax=720,720,720,2048,controlled,125856,139536,2048,2048,256,256,100,[],merged,2,370,1420800,899544419.732925,,100,,float32,native_horizon,192,,direct_full_horizon,296859.1770319538,296859.1770319538,62.76720876882742,0.95322325013237,0.15086031264875124,0.14761855426135365,9.754270893344055,544.8478475977985,0.8605687555671664,0.09913868427445469,0.08118057517128952,0.95322325013237,1.1437313288387232,0.8334328404733096,-0.18220215535461873,0.08118057517128952,0.10019956699000873,0.8101888821474081,-0.21048787066340385,Energy,1
electricity/15T/short|H=192|L=4096|Hsrc=controlled|Lsrc=controlled|origins=shared_origin_v1:Hmax=720,joint-scaling,release,standard_hl_shared_origin_v1,electricity/15T/short,Toto-2.0-4m,toto2,Toto-2.0-4m,4.144448,4.144448,192,controlled,shared_origin_v1:Hmax=720,720,720,4096,controlled,125856,139536,4096,4096,256,256,100,[],merged,2,370,1420800,899544419.732925,,100,,float32,native_horizon,192,,direct_full_horizon,294942.70253589534,294942.70253589534,62.42294341216216,0.9386834847267308,0.14652596168148374,0.14476457252158775,9.644656668556147,543.086275407412,0.857786411846059,0.09859492878220759,0.08061639280465165,0.9386834847267308,1.1437313288387232,0.8207202697506015,-0.19757294652717872,0.08061639280465165,0.10019956699000873,0.804558295273773,-0.21746185367860701,Energy,1
electricity/15T/short|H=336|L=128|Hsrc=controlled|Lsrc=controlled|origins=shared_origin_v1:Hmax=720,joint-scaling,release,standard_hl_shared_origin_v1,electricity/15T/short,Toto-2.0-4m,toto2,Toto-2.0-4m,4.144448,4.144448,336,controlled,shared_origin_v1:Hmax=720,720,720,128,controlled,125856,139536,128,128,256,256,100,[],merged,2,370,2486400,1571221544.6917512,,100,,float32,native_horizon,336,,direct_full_horizon,6373295.306399614,6373295.306399614,254.05242338320463,3.408860817896113,0.5396088157854075,0.3884036494467403,72.38743322904593,2524.5386323840667,3.9949890432486366,0.40202856664871206,0.4174574133833539,3.408860817896113,1.1622606248712446,2.9329573289758026,1.0760112412961655,0.4174574133833539,0.10413680885837828,4.008740213569235,1.3884770307548289,Energy,1
electricity/15T/short|H=336|L=256|Hsrc=controlled|Lsrc=controlled|origins=shared_origin_v1:Hmax=720,joint-scaling,release,standard_hl_shared_origin_v1,electricity/15T/short,Toto-2.0-4m,toto2,Toto-2.0-4m,4.144448,4.144448,336,controlled,shared_origin_v1:Hmax=720,720,720,256,controlled,125856,139536,256,256,256,256,100,[],merged,2,370,2486400,1571221544.6917512,,100,,float32,native_horizon,336,,direct_full_horizon,6373295.306399614,6373295.306399614,254.05242338320463,3.408860817896113,0.5396088157854075,0.3884036494467403,72.38743322904593,2524.5386323840667,3.9949890432486366,0.40202856664871206,0.4174574133833539,3.408860817896113,1.1622606248712446,2.9329573289758026,1.0760112412961655,0.4174574133833539,0.10413680885837828,4.008740213569235,1.3884770307548289,Energy,1
electricity/15T/short|H=336|L=512|Hsrc=controlled|Lsrc=controlled|origins=shared_origin_v1:Hmax=720,joint-scaling,release,standard_hl_shared_origin_v1,electricity/15T/short,Toto-2.0-4m,toto2,Toto-2.0-4m,4.144448,4.144448,336,controlled,shared_origin_v1:Hmax=720,720,720,512,controlled,125856,139536,512,512,256,256,100,[],merged,2,370,2486400,1571221544.6917512,,100,,float32,native_horizon,336,,direct_full_horizon,1474466.5704520592,1474466.5704520592,126.80047415439994,1.7838258835077614,0.2964814149740294,0.24859619769043598,15.202039993586014,1214.276150820751,1.9215471119275098,0.20065706201817152,0.16193925536383644,1.7838258835077614,1.1622606248712446,1.5347899131534064,0.4283935072771995,0.16193925536383644,0.10413680885837828,1.555062586794522,0.44151579356369647,Energy,1
electricity/15T/short|H=336|L=1024|Hsrc=controlled|Lsrc=controlled|origins=shared_origin_v1:Hmax=720,joint-scaling,release,standard_hl_shared_origin_v1,electricity/15T/short,Toto-2.0-4m,toto2,Toto-2.0-4m,4.144448,4.144448,336,controlled,shared_origin_v1:Hmax=720,720,720,1024,controlled,125856,139536,1024,1024,256,256,100,[],merged,2,370,2486400,1571221544.6917512,,100,,float32,native_horizon,336,,direct_full_horizon,358305.95801882236,358305.95801882236,69.56857044823842,1.0748952532604086,0.18751799195486143,0.16845317393809825,9.599003062770894,598.5866336787202,0.9472412156051208,0.11008969050028843,0.08957295235578339,1.0748952532604086,1.1622606248712446,0.9248315139123685,-0.0781437051822773,0.08957295235578339,0.10413680885837828,0.8601468907847836,-0.1506521010816755,Energy,1
electricity/15T/short|H=336|L=2048|Hsrc=controlled|Lsrc=controlled|origins=shared_origin_v1:Hmax=720,joint-scaling,release,standard_hl_shared_origin_v1,electricity/15T/short,Toto-2.0-4m,toto2,Toto-2.0-4m,4.144448,4.144448,336,controlled,shared_origin_v1:Hmax=720,720,720,2048,controlled,125856,139536,2048,2048,256,256,100,[],merged,2,370,2486400,1571221544.6917512,,100,,float32,native_horizon,336,,direct_full_horizon,343802.2047035875,343802.2047035875,64.56430431547619,0.9684520677177846,0.15739446041167715,0.14954587172970962,8.780190518305591,586.3464886085594,0.9278716385997224,0.10217062437334003,0.08298955108798377,0.9684520677177846,1.1622606248712446,0.8332486251309338,-0.1824232118035295,0.08298955108798377,0.10413680885837828,0.7969281179034984,-0.22699079509562306,Energy,1
electricity/15T/short|H=336|L=4096|Hsrc=controlled|Lsrc=controlled|origins=shared_origin_v1:Hmax=720,joint-scaling,release,standard_hl_shared_origin_v1,electricity/15T/short,Toto-2.0-4m,toto2,Toto-2.0-4m,4.144448,4.144448,336,controlled,shared_origin_v1:Hmax=720,720,720,4096,controlled,125856,139536,4096,4096,256,256,100,[],merged,2,370,2486400,1571221544.6917512,,100,,float32,native_horizon,336,,direct_full_horizon,340429.8332959299,340429.8332959299,63.54999962294884,0.9491340340043352,0.15218058344975927,0.14616352665531743,8.686609726830374,583.4636520777707,0.9233096563799844,0.10056552470040067,0.0818129003282662,0.9491340340043352,1.1622606248712446,0.8166275392057443,-0.20257217643589084,0.0818129003282662,0.10413680885837828,0.7856290318971492,-0.24127056756213983,Energy,1
electricity/15T/short|H=720|L=128|Hsrc=controlled|Lsrc=controlled|origins=shared_origin_v1:Hmax=720,joint-scaling,release,standard_hl_shared_origin_v1,electricity/15T/short,Toto-2.0-4m,toto2,Toto-2.0-4m,4.144448,4.144448,720,controlled,shared_origin_v1:Hmax=720,720,720,128,controlled,125856,139536,128,128,256,256,100,[],merged,2,370,5328000,3377233537.273105,,100,,float32,native_horizon,720,,direct_full_horizon,7360814.103288288,7360814.103288288,257.1604736768018,3.336740188274835,0.5500563792260086,0.38036626079204205,91.46306123629785,2713.082030327924,4.280219563749473,0.40570217861104957,0.4545933942791701,3.336740188274835,1.1635317074801095,2.8677690232450126,1.053534383666091,0.4545933942791701,0.11255332059997462,4.0389158832091585,1.3959763102215907,Energy,1
electricity/15T/short|H=720|L=256|Hsrc=controlled|Lsrc=controlled|origins=shared_origin_v1:Hmax=720,joint-scaling,release,standard_hl_shared_origin_v1,electricity/15T/short,Toto-2.0-4m,toto2,Toto-2.0-4m,4.144448,4.144448,720,controlled,shared_origin_v1:Hmax=720,720,720,256,controlled,125856,139536,256,256,256,256,100,[],merged,2,370,5328000,3377233537.273105,,100,,float32,native_horizon,720,,direct_full_horizon,7360814.103288288,7360814.103288288,257.1604736768018,3.336740188274835,0.5500563792260086,0.38036626079204205,91.46306123629785,2713.082030327924,4.280219563749473,0.40570217861104957,0.4545933942791701,3.336740188274835,1.1635317074801095,2.8677690232450126,1.053534383666091,0.4545933942791701,0.11255332059997462,4.0389158832091585,1.3959763102215907,Energy,1
electricity/15T/short|H=720|L=512|Hsrc=controlled|Lsrc=controlled|origins=shared_origin_v1:Hmax=720,joint-scaling,release,standard_hl_shared_origin_v1,electricity/15T/short,Toto-2.0-4m,toto2,Toto-2.0-4m,4.144448,4.144448,720,controlled,shared_origin_v1:Hmax=720,720,720,512,controlled,125856,139536,512,512,256,256,100,[],merged,2,370,5328000,3377233537.273105,,100,,float32,native_horizon,720,,direct_full_horizon,7360814.103288288,7360814.103288288,257.1604736768018,3.336740188274835,0.5500563792260086,0.38036626079204205,91.46306123629785,2713.082030327924,4.280219563749473,0.40570217861104957,0.4545933942791701,3.336740188274835,1.1635317074801095,2.8677690232450126,1.053534383666091,0.4545933942791701,0.11255332059997462,4.0389158832091585,1.3959763102215907,Energy,1
electricity/15T/short|H=720|L=1024|Hsrc=controlled|Lsrc=controlled|origins=shared_origin_v1:Hmax=720,joint-scaling,release,standard_hl_shared_origin_v1,electricity/15T/short,Toto-2.0-4m,toto2,Toto-2.0-4m,4.144448,4.144448,720,controlled,shared_origin_v1:Hmax=720,720,720,1024,controlled,125856,139536,1024,1024,256,256,100,[],merged,2,370,5328000,3377233537.273105,,100,,float32,native_horizon,720,,direct_full_horizon,539351.433656907,539351.433656907,86.89224178866367,1.3055415566236626,0.2159465853589118,0.19558056897229262,12.255332084500532,734.4054967501993,1.1586147192664924,0.13708316559707368,0.11449541546663641,1.3055415566236626,1.1635317074801095,1.1220506912107342,0.11515798541215445,0.11449541546663641,0.11255332059997462,1.0172548873397007,0.017107712350839698,Energy,1
electricity/15T/short|H=720|L=2048|Hsrc=controlled|Lsrc=controlled|origins=shared_origin_v1:Hmax=720,joint-scaling,release,standard_hl_shared_origin_v1,electricity/15T/short,Toto-2.0-4m,toto2,Toto-2.0-4m,4.144448,4.144448,720,controlled,shared_origin_v1:Hmax=720,720,720,2048,controlled,125856,139536,2048,2048,256,256,100,[],merged,2,370,5328000,3377233537.273105,,100,,float32,native_horizon,720,,direct_full_horizon,379821.770027027,379821.770027027,68.6019035519895,1.0371715320094643,0.17342455063309037,0.1587709823470932,8.842405543025444,616.296819744372,0.9722837995530892,0.10822791438347676,0.08790675106699058,1.0371715320094643,1.1635317074801095,0.891399456793226,-0.11496262785597233,0.08790675106699058,0.11255332059997462,0.7810231683827408,-0.24715046455973372,Energy,1
electricity/15T/short|H=720|L=4096|Hsrc=controlled|Lsrc=controlled|origins=shared_origin_v1:Hmax=720,joint-scaling,release,standard_hl_shared_origin_v1,electricity/15T/short,Toto-2.0-4m,toto2,Toto-2.0-4m,4.144448,4.144448,720,controlled,shared_origin_v1:Hmax=720,720,720,4096,controlled,125856,139536,4096,4096,256,256,100,[],merged,2,370,5328000,3377233537.273105,,100,,float32,native_horizon,720,,direct_full_horizon,368473.7360855856,368473.7360855856,66.3050825121997,1.000551622502585,0.1638284630554384,0.15244981242228556,8.383777262767152,607.0203753463187,0.9576490710963964,0.10460439757158316,0.08469933509677165,1.000551622502585,1.1635317074801095,0.859926391408366,-0.15090848478335622,0.08469933509677165,0.11255332059997462,0.7525263105990562,-0.284319318719104,Energy,1
electricity/H/short|H=48|L=128|Hsrc=controlled|Lsrc=controlled|origins=shared_origin_v1:Hmax=720,joint-scaling,release,standard_hl_shared_origin_v1,electricity/H/short,Toto-2.0-4m,toto2,Toto-2.0-4m,4.144448,4.144448,48,controlled,shared_origin_v1:Hmax=720,720,720,128,controlled,31464,34344,128,128,256,256,100,[],merged,2,370,88800,233807888.7616248,,100,,float32,native_horizon,48,,direct_full_horizon,3589471.3816216215,3589471.3816216215,251.16517525337838,1.1370363163500623,0.18706288076655378,0.1575137796487894,10.343314532239445,1894.5900299594161,0.7195633797964884,0.09539227987828568,0.07626172649335917,1.1370363163500623,1.094084047932727,1.039258655218028,0.038507627446964364,0.07626172649335917,0.08020420811235865,0.9508444542775558,-0.05040478998498425,Energy,1
electricity/H/short|H=48|L=256|Hsrc=controlled|Lsrc=controlled|origins=shared_origin_v1:Hmax=720,joint-scaling,release,standard_hl_shared_origin_v1,electricity/H/short,Toto-2.0-4m,toto2,Toto-2.0-4m,4.144448,4.144448,48,controlled,shared_origin_v1:Hmax=720,720,720,256,controlled,31464,34344,256,256,256,256,100,[],merged,2,370,88800,233807888.7616248,,100,,float32,native_horizon,48,,direct_full_horizon,3820731.410810811,3820731.410810811,226.1197923704955,0.9395985319641628,0.15382582626508168,0.12742170660345403,8.508006122476587,1954.6691307765648,0.7423813616054856,0.08588006875581379,0.06914754030146546,0.9395985319641628,1.094084047932727,0.8587992245564089,-0.15222011591642726,0.06914754030146546,0.08020420811235865,0.8621435449446265,-0.1483334967244655,Energy,1
electricity/H/short|H=48|L=512|Hsrc=controlled|Lsrc=controlled|origins=shared_origin_v1:Hmax=720,joint-scaling,release,standard_hl_shared_origin_v1,electricity/H/short,Toto-2.0-4m,toto2,Toto-2.0-4m,4.144448,4.144448,48,controlled,shared_origin_v1:Hmax=720,720,720,512,controlled,31464,34344,512,512,256,256,100,[],merged,2,370,88800,233807888.7616248,,100,,float32,native_horizon,48,,direct_full_horizon,3597801.3218018017,3597801.3218018017,213.3250168918919,0.8827614907597795,0.11064094281398254,0.11710191468934755,7.6439829000182735,1896.787105028343,0.7203978266885674,0.08102062595207515,0.06504240847076256,0.8827614907597795,1.094084047932727,0.806849795888861,-0.2146177545676516,0.06504240847076256,0.08020420811235865,0.8109600481267041,-0.20953648856264578,Energy,1
electricity/H/short|H=48|L=1024|Hsrc=controlled|Lsrc=controlled|origins=shared_origin_v1:Hmax=720,joint-scaling,release,standard_hl_shared_origin_v1,electricity/H/short,Toto-2.0-4m,toto2,Toto-2.0-4m,4.144448,4.144448,48,controlled,shared_origin_v1:Hmax=720,720,720,1024,controlled,31464,34344,1024,1024,256,256,100,[],merged,2,370,88800,233807888.7616248,,100,,float32,native_horizon,48,,direct_full_horizon,3728029.298378378,3728029.298378378,208.88218327702702,0.8491932615876194,0.10170362961269659,0.11288203540149036,7.2886375868449935,1930.810528865631,0.7333198886974823,0.0793332422325197,0.06299606094275408,0.8491932615876194,1.094084047932727,0.7761682141259358,-0.2533860115094641,0.06299606094275408,0.08020420811235865,0.7854458316514071,-0.24150378400627362,Energy,1
electricity/H/short|H=48|L=2048|Hsrc=controlled|Lsrc=controlled|origins=shared_origin_v1:Hmax=720,joint-scaling,release,standard_hl_shared_origin_v1,electricity/H/short,Toto-2.0-4m,toto2,Toto-2.0-4m,4.144448,4.144448,48,controlled,shared_origin_v1:Hmax=720,720,720,2048,controlled,31464,34344,2048,2048,256,256,100,[],merged,2,370,88800,233807888.7616248,,100,,float32,native_horizon,48,,direct_full_horizon,3288599.490990991,3288599.490990991,203.61958122184686,0.8395137823288744,0.10019732853502401,0.11166002978075731,7.206117516714199,1813.4496108221454,0.6887463305619536,0.07733451128731858,0.06145334781158231,0.8395137823288744,1.094084047932727,0.7673211065595341,-0.26484991260544527,0.06145334781158231,0.08020420811235865,0.7662110163283686,-0.2662976689432396,Energy,1
electricity/H/short|H=48|L=4096|Hsrc=controlled|Lsrc=controlled|origins=shared_origin_v1:Hmax=720,joint-scaling,release,standard_hl_shared_origin_v1,electricity/H/short,Toto-2.0-4m,toto2,Toto-2.0-4m,4.144448,4.144448,48,controlled,shared_origin_v1:Hmax=720,720,720,4096,controlled,31464,34344,4096,4096,256,256,100,[],merged,2,370,88800,233807888.7616248,,100,,float32,native_horizon,48,,direct_full_horizon,3373874.4327927926,3373874.4327927926,202.49464456644145,0.8410298360734522,0.10013807233707495,0.11149160986548072,7.1706680281001045,1836.8109409497736,0.697618940148914,0.07690726148180904,0.06136002353540459,0.8410298360734522,1.094084047932727,0.7687067896315453,-0.2630456700505445,0.06136002353540459,0.08020420811235865,0.7650474330404821,-0.2678174431032818,Energy,1
electricity/H/short|H=96|L=128|Hsrc=controlled|Lsrc=controlled|origins=shared_origin_v1:Hmax=720,joint-scaling,release,standard_hl_shared_origin_v1,electricity/H/short,Toto-2.0-4m,toto2,Toto-2.0-4m,4.144448,4.144448,96,controlled,shared_origin_v1:Hmax=720,720,720,128,controlled,31464,34344,128,128,256,256,100,[],merged,2,370,177600,461364305.2107418,,100,,float32,native_horizon,96,,direct_full_horizon,8800810.52108108,8800810.52108108,344.83835585585587,1.438345636033214,0.26689229786505203,0.18928019205729166,13.67899294022217,2966.6160049930763,1.1419847537752328,0.13274388874107915,0.10730880609889958,1.438345636033214,1.2416698443439862,1.1583962053883479,0.1470364669087527,0.10730880609889958,0.09885782226113703,1.0854862432174455,0.08202803703383578,Energy,1
electricity/H/short|H=96|L=256|Hsrc=controlled|Lsrc=controlled|origins=shared_origin_v1:Hmax=720,joint-scaling,release,standard_hl_shared_origin_v1,electricity/H/short,Toto-2.0-4m,toto2,Toto-2.0-4m,4.144448,4.144448,96,controlled,shared_origin_v1:Hmax=720,720,720,256,controlled,31464,34344,256,256,256,256,100,[],merged,2,370,177600,461364305.2107418,,100,,float32,native_horizon,96,,direct_full_horizon,6253450.498738739,6253450.498738739,268.46582136824327,1.096306143388865,0.20941537072670505,0.14109408266909487,9.723394489540585,2500.6900045264983,0.9626287508329019,0.10334464399715745,0.08366745996227617,1.096306143388865,1.2416698443439862,0.8829288625979949,-0.12451064493275384,0.08366745996227617,0.09885782226113703,0.846341321795104,-0.1668325470829416,Energy,1
electricity/H/short|H=96|L=512|Hsrc=controlled|Lsrc=controlled|origins=shared_origin_v1:Hmax=720,joint-scaling,release,standard_hl_shared_origin_v1,electricity/H/short,Toto-2.0-4m,toto2,Toto-2.0-4m,4.144448,4.144448,96,controlled,shared_origin_v1:Hmax=720,720,720,512,controlled,31464,34344,512,512,256,256,100,[],merged,2,370,177600,461364305.2107418,,100,,float32,native_horizon,96,,direct_full_horizon,6808802.013693694,6808802.013693694,256.30414132882885,0.9896231127909401,0.1529614554715917,0.12457900588576858,8.234695466664265,2609.3681253693767,1.0044638777460662,0.0986630629762473,0.08043058167789147,0.9896231127909401,1.2416698443439862,0.7970098632086773,-0.22688822484983026,0.08043058167789147,0.09885782226113703,0.8135985583966311,-0.20628820613157015,Energy,1
electricity/H/short|H=96|L=1024|Hsrc=controlled|Lsrc=controlled|origins=shared_origin_v1:Hmax=720,joint-scaling,release,standard_hl_shared_origin_v1,electricity/H/short,Toto-2.0-4m,toto2,Toto-2.0-4m,4.144448,4.144448,96,controlled,shared_origin_v1:Hmax=720,720,720,1024,controlled,31464,34344,1024,1024,256,256,100,[],merged,2,370,177600,461364305.2107418,,100,,float32,native_horizon,96,,direct_full_horizon,7230063.954954955,7230063.954954955,251.84922438063063,0.9541577775671929,0.1360305253757208,0.12033027717659066,7.814472869709627,2688.8778244752875,1.0350707591231583,0.09694816383675145,0.07806698099808063,0.9541577775671929,1.2416698443439862,0.7684472502199688,-0.2633833582812801,0.07806698099808063,0.09885782226113703,0.7896894672822498,-0.23611549018658146,Energy,1
electricity/H/short|H=96|L=2048|Hsrc=controlled|Lsrc=controlled|origins=shared_origin_v1:Hmax=720,joint-scaling,release,standard_hl_shared_origin_v1,electricity/H/short,Toto-2.0-4m,toto2,Toto-2.0-4m,4.144448,4.144448,96,controlled,shared_origin_v1:Hmax=720,720,720,2048,controlled,31464,34344,2048,2048,256,256,100,[],merged,2,370,177600,461364305.2107418,,100,,float32,native_horizon,96,,direct_full_horizon,6381779.382342342,6381779.382342342,245.63452421171172,0.9441705717409973,0.12041267261233177,0.11901792027928808,7.740205503235782,2526.218395614746,0.9724557838436195,0.09455584449705777,0.07606622287891103,0.9441705717409973,1.2416698443439862,0.760403883562005,-0.2739055611189311,0.07606622287891103,0.09885782226113703,0.7694507236663474,-0.262078364574509,Energy,1
electricity/H/short|H=96|L=4096|Hsrc=controlled|Lsrc=controlled|origins=shared_origin_v1:Hmax=720,joint-scaling,release,standard_hl_shared_origin_v1,electricity/H/short,Toto-2.0-4m,toto2,Toto-2.0-4m,4.144448,4.144448,96,controlled,shared_origin_v1:Hmax=720,720,720,4096,controlled,31464,34344,4096,4096,256,256,100,[],merged,2,370,177600,461364305.2107418,,100,,float32,native_horizon,96,,direct_full_horizon,6525966.685405405,6525966.685405405,246.7667286036036,0.9508423576644924,0.11968512818641122,0.11899554415866061,7.723463459255113,2554.5971669532178,0.9833800572058824,0.09499168120511899,0.07659768281728366,0.9508423576644924,1.2416698443439862,0.7657771202189845,-0.26686411735185955,0.07659768281728366,0.09885782226113703,0.7748267265583467,-0.25511585326061026,Energy,1
electricity/H/short|H=192|L=128|Hsrc=controlled|Lsrc=controlled|origins=shared_origin_v1:Hmax=720,joint-scaling,release,standard_hl_shared_origin_v1,electricity/H/short,Toto-2.0-4m,toto2,Toto-2.0-4m,4.144448,4.144448,192,controlled,shared_origin_v1:Hmax=720,720,720,128,controlled,31464,34344,128,128,256,256,100,[],merged,2,370,355200,922876130.8595798,,100,,float32,native_horizon,192,,direct_full_horizon,54897981.25261261,54897981.25261261,702.0284445382883,2.556131260019397,0.46737223187698146,0.27913848327086854,37.55371960224035,7409.317192063828,2.85172557683314,0.270199320539087,0.23194315102396218,2.556131260019397,1.3024259480127716,1.9625923945384505,0.6742662495857897,0.23194315102396218,0.10708945156262589,2.165882331448134,0.7728278218252578,Energy,1
electricity/H/short|H=192|L=256|Hsrc=controlled|Lsrc=controlled|origins=shared_origin_v1:Hmax=720,joint-scaling,release,standard_hl_shared_origin_v1,electricity/H/short,Toto-2.0-4m,toto2,Toto-2.0-4m,4.144448,4.144448,192,controlled,shared_origin_v1:Hmax=720,720,720,256,controlled,31464,34344,256,256,256,256,100,[],merged,2,370,355200,922876130.8595798,,100,,float32,native_horizon,192,,direct_full_horizon,9004899.860900901,9004899.860900901,346.58118806306305,1.449599169857193,0.2833826074470351,0.18125762801986556,16.187194762906376,3000.8165323626336,1.15496543539643,0.1333934575654673,0.11380462948361654,1.449599169857193,1.3024259480127716,1.1129993010880788,0.10705844434000196,0.11380462948361654,0.10708945156262589,1.0627062499901179,0.06081872061580206,Energy,1
electricity/H/short|H=192|L=512|Hsrc=controlled|Lsrc=controlled|origins=shared_origin_v1:Hmax=720,joint-scaling,release,standard_hl_shared_origin_v1,electricity/H/short,Toto-2.0-4m,toto2,Toto-2.0-4m,4.144448,4.144448,192,controlled,shared_origin_v1:Hmax=720,720,720,512,controlled,31464,34344,512,512,256,256,100,[],merged,2,370,355200,922876130.8595798,,100,,float32,native_horizon,192,,direct_full_horizon,6830328.04936937,6830328.04936937,266.248388231982,1.1081117696929292,0.23642658801577457,0.1388068321159294,9.343096989869748,2613.489630622125,1.0058896159036386,0.10247467058435551,0.0836174034980256,1.1081117696929292,1.3024259480127716,0.8508059681885753,-0.16157118088449565,0.0836174034980256,0.10708945156262589,0.7808182998222394,-0.24741280688556763,Energy,1
electricity/H/short|H=192|L=1024|Hsrc=controlled|Lsrc=controlled|origins=shared_origin_v1:Hmax=720,joint-scaling,release,standard_hl_shared_origin_v1,electricity/H/short,Toto-2.0-4m,toto2,Toto-2.0-4m,4.144448,4.144448,192,controlled,shared_origin_v1:Hmax=720,720,720,1024,controlled,31464,34344,1024,1024,256,256,100,[],merged,2,370,355200,922876130.8595798,,100,,float32,native_horizon,192,,direct_full_horizon,8132272.475315316,8132272.475315316,262.68317567567567,1.0480979579584504,0.21849504808596715,0.12970825332779068,8.65529416904002,2851.7139539784343,1.0975782800988512,0.10110247830669794,0.08170852012692166,1.0480979579584504,1.3024259480127716,0.8047274853189371,-0.21725158643107664,0.08170852012692166,0.10708945156262589,0.7629931700522207,-0.27050619917651153,Energy,1
electricity/H/short|H=192|L=2048|Hsrc=controlled|Lsrc=controlled|origins=shared_origin_v1:Hmax=720,joint-scaling,release,standard_hl_shared_origin_v1,electricity/H/short,Toto-2.0-4m,toto2,Toto-2.0-4m,4.144448,4.144448,192,controlled,shared_origin_v1:Hmax=720,720,720,2048,controlled,31464,34344,2048,2048,256,256,100,[],merged,2,370,355200,922876130.8595798,,100,,float32,native_horizon,192,,direct_full_horizon,6846233.495135135,6846233.495135135,255.5851463963964,1.0351459682428354,0.20203041938519348,0.12776215836808488,8.547888866854521,2616.530812953506,1.0070601174779943,0.09837056238028678,0.07901541705624857,1.0351459682428354,1.3024259480127716,0.7947829738974801,-0.2296861904042337,0.07901541705624857,0.10708945156262589,0.7378450062379894,-0.3040214950863799,Energy,1
electricity/H/short|H=192|L=4096|Hsrc=controlled|Lsrc=controlled|origins=shared_origin_v1:Hmax=720,joint-scaling,release,standard_hl_shared_origin_v1,electricity/H/short,Toto-2.0-4m,toto2,Toto-2.0-4m,4.144448,4.144448,192,controlled,shared_origin_v1:Hmax=720,720,720,4096,controlled,31464,34344,4096,4096,256,256,100,[],merged,2,370,355200,922876130.8595798,,100,,float32,native_horizon,192,,direct_full_horizon,7163013.84,7163013.84,259.38282164977477,1.0454990196716674,0.19245031101638885,0.12809531959327491,8.524038014086333,2676.3807352467625,1.0300953783192992,0.09983222576597169,0.08021486754908609,1.0454990196716674,1.3024259480127716,0.8027320257761136,-0.21973433707463538,0.08021486754908609,0.10708945156262589,0.7490454603941682,-0.28895560252150027,Energy,1
electricity/H/short|H=336|L=128|Hsrc=controlled|Lsrc=controlled|origins=shared_origin_v1:Hmax=720,joint-scaling,release,standard_hl_shared_origin_v1,electricity/H/short,Toto-2.0-4m,toto2,Toto-2.0-4m,4.144448,4.144448,336,controlled,shared_origin_v1:Hmax=720,720,720,128,controlled,31464,34344,128,128,256,256,100,[],merged,2,370,621600,1596780052.5079927,,100,,float32,native_horizon,336,,direct_full_horizon,67213746.77827542,67213746.77827542,773.9669240669241,2.8069254573304945,0.5185487003887436,0.2965367411217021,47.27959186103173,8198.399037511861,3.191500816729963,0.3012924912509776,0.26501542249259413,2.8069254573304945,1.3838015311650305,2.028416210066864,0.7072552964601687,0.26501542249259413,0.12359715633134309,2.144187053803508,0.762760484647084,Energy,1
electricity/H/short|H=336|L=256|Hsrc=controlled|Lsrc=controlled|origins=shared_origin_v1:Hmax=720,joint-scaling,release,standard_hl_shared_origin_v1,electricity/H/short,Toto-2.0-4m,toto2,Toto-2.0-4m,4.144448,4.144448,336,controlled,shared_origin_v1:Hmax=720,720,720,256,controlled,31464,34344,256,256,256,256,100,[],merged,2,370,621600,1596780052.5079927,,100,,float32,native_horizon,336,,direct_full_horizon,67213746.77827542,67213746.77827542,773.9669240669241,2.8069254573304945,0.5185487003887436,0.2965367411217021,47.27959186103173,8198.399037511861,3.191500816729963,0.3012924912509776,0.26501542249259413,2.8069254573304945,1.3838015311650305,2.028416210066864,0.7072552964601687,0.26501542249259413,0.12359715633134309,2.144187053803508,0.762760484647084,Energy,1
electricity/H/short|H=336|L=512|Hsrc=controlled|Lsrc=controlled|origins=shared_origin_v1:Hmax=720,joint-scaling,release,standard_hl_shared_origin_v1,electricity/H/short,Toto-2.0-4m,toto2,Toto-2.0-4m,4.144448,4.144448,336,controlled,shared_origin_v1:Hmax=720,720,720,512,controlled,31464,34344,512,512,256,256,100,[],merged,2,370,621600,1596780052.5079927,,100,,float32,native_horizon,336,,direct_full_horizon,8870697.976422137,8870697.976422137,318.941180019305,1.3405096346325431,0.28595174724133726,0.16247636596208373,12.099279155494038,2978.371698835143,1.1594307212744053,0.12415851337108787,0.10084378966297937,1.3405096346325431,1.3838015311650305,0.968715241631479,-0.03178457856448395,0.10084378966297937,0.12359715633134309,0.8159070374777411,-0.20345485516756803,Energy,1
electricity/H/short|H=336|L=1024|Hsrc=controlled|Lsrc=controlled|origins=shared_origin_v1:Hmax=720,joint-scaling,release,standard_hl_shared_origin_v1,electricity/H/short,Toto-2.0-4m,toto2,Toto-2.0-4m,4.144448,4.144448,336,controlled,shared_origin_v1:Hmax=720,720,720,1024,controlled,31464,34344,1024,1024,256,256,100,[],merged,2,370,621600,1596780052.5079927,,100,,float32,native_horizon,336,,direct_full_horizon,9935164.87907336,9935164.87907336,289.8166682754183,1.1604697292550081,0.26512339366123205,0.14015566399965815,9.457700632276074,3152.0096571986196,1.227025099566651,0.11282082383046194,0.09123668315392516,1.1604697292550081,1.3838015311650305,0.8386099473946975,-0.17600958240943798,0.09123668315392516,0.12359715633134309,0.7381778502195878,-0.3035704939575234,Energy,1
electricity/H/short|H=336|L=2048|Hsrc=controlled|Lsrc=controlled|origins=shared_origin_v1:Hmax=720,joint-scaling,release,standard_hl_shared_origin_v1,electricity/H/short,Toto-2.0-4m,toto2,Toto-2.0-4m,4.144448,4.144448,336,controlled,shared_origin_v1:Hmax=720,720,720,2048,controlled,31464,34344,2048,2048,256,256,100,[],merged,2,370,621600,1596780052.5079927,,100,,float32,native_horizon,336,,direct_full_horizon,8222575.955521235,8222575.955521235,277.9056652187902,1.1321531904945739,0.25093782987192725,0.13677526525548986,9.36403884047672,2867.503436008619,1.116271544739901,0.10818406782366496,0.08691791095995259,1.1321531904945739,1.3838015311650305,0.8181470861225364,-0.20071314665786816,0.08691791095995259,0.12359715633134309,0.7032355236955481,-0.35206341668639807,Energy,1
electricity/H/short|H=336|L=4096|Hsrc=controlled|Lsrc=controlled|origins=shared_origin_v1:Hmax=720,joint-scaling,release,standard_hl_shared_origin_v1,electricity/H/short,Toto-2.0-4m,toto2,Toto-2.0-4m,4.144448,4.144448,336,controlled,shared_origin_v1:Hmax=720,720,720,4096,controlled,31464,34344,4096,4096,256,256,100,[],merged,2,370,621600,1596780052.5079927,,100,,float32,native_horizon,336,,direct_full_horizon,8935097.034543114,8935097.034543114,282.9971122908623,1.1450499975871982,0.2369906855986412,0.1373331100876267,9.240798039088686,2989.1632666254804,1.1636316996921514,0.11016608375317832,0.08827515567434856,1.1450499975871982,1.3838015311650305,0.8274669248437484,-0.18938614250708324,0.08827515567434856,0.12359715633134309,0.7142167206314827,-0.33656883240235946,Energy,1
electricity/H/short|H=720|L=128|Hsrc=controlled|Lsrc=controlled|origins=shared_origin_v1:Hmax=720,joint-scaling,release,standard_hl_shared_origin_v1,electricity/H/short,Toto-2.0-4m,toto2,Toto-2.0-4m,4.144448,4.144448,720,controlled,shared_origin_v1:Hmax=720,720,720,128,controlled,31464,34344,128,128,256,256,100,[],merged,2,370,1332000,3377284407.603507,,100,,float32,native_horizon,720,,direct_full_horizon,72152089.10798799,72152089.10798799,815.750993993994,2.981989746548349,0.5831187194061268,0.3119696972362988,50.06835489236321,8494.238583180248,3.3501252566480306,0.3217319576502674,0.28069331441309703,2.981989746548349,1.5240786163583666,1.9565852538981978,0.6712007364177782,0.28069331441309703,0.1534183911456428,1.8295936511720416,0.6040938936570346,Energy,1
electricity/H/short|H=720|L=256|Hsrc=controlled|Lsrc=controlled|origins=shared_origin_v1:Hmax=720,joint-scaling,release,standard_hl_shared_origin_v1,electricity/H/short,Toto-2.0-4m,toto2,Toto-2.0-4m,4.144448,4.144448,720,controlled,shared_origin_v1:Hmax=720,720,720,256,controlled,31464,34344,256,256,256,256,100,[],merged,2,370,1332000,3377284407.603507,,100,,float32,native_horizon,720,,direct_full_horizon,72152089.10798799,72152089.10798799,815.750993993994,2.981989746548349,0.5831187194061268,0.3119696972362988,50.06835489236321,8494.238583180248,3.3501252566480306,0.3217319576502674,0.28069331441309703,2.981989746548349,1.5240786163583666,1.9565852538981978,0.6712007364177782,0.28069331441309703,0.1534183911456428,1.8295936511720416,0.6040938936570346,Energy,1
electricity/H/short|H=720|L=512|Hsrc=controlled|Lsrc=controlled|origins=shared_origin_v1:Hmax=720,joint-scaling,release,standard_hl_shared_origin_v1,electricity/H/short,Toto-2.0-4m,toto2,Toto-2.0-4m,4.144448,4.144448,720,controlled,shared_origin_v1:Hmax=720,720,720,512,controlled,31464,34344,512,512,256,256,100,[],merged,2,370,1332000,3377284407.603507,,100,,float32,native_horizon,720,,direct_full_horizon,72152089.10798799,72152089.10798799,815.750993993994,2.981989746548349,0.5831187194061268,0.3119696972362988,50.06835489236321,8494.238583180248,3.3501252566480306,0.3217319576502674,0.28069331441309703,2.981989746548349,1.5240786163583666,1.9565852538981978,0.6712007364177782,0.28069331441309703,0.1534183911456428,1.8295936511720416,0.6040938936570346,Energy,1
electricity/H/short|H=720|L=1024|Hsrc=controlled|Lsrc=controlled|origins=shared_origin_v1:Hmax=720,joint-scaling,release,standard_hl_shared_origin_v1,electricity/H/short,Toto-2.0-4m,toto2,Toto-2.0-4m,4.144448,4.144448,720,controlled,shared_origin_v1:Hmax=720,720,720,1024,controlled,31464,34344,1024,1024,256,256,100,[],merged,2,370,1332000,3377284407.603507,,100,,float32,native_horizon,720,,direct_full_horizon,10957861.71272072,10957861.71272072,338.6496509009009,1.4607522122057357,0.3881827143063047,0.17327428649352478,13.267514808716868,3310.2661090493493,1.3055680023058875,0.1335633250147516,0.10865132704770321,1.4607522122057357,1.5240786163583666,0.9584493847804629,-0.042438524588243196,0.10865132704770321,0.1534183911456428,0.7082027535053381,-0.3450248512783731,Energy,1
electricity/H/short|H=720|L=2048|Hsrc=controlled|Lsrc=controlled|origins=shared_origin_v1:Hmax=720,joint-scaling,release,standard_hl_shared_origin_v1,electricity/H/short,Toto-2.0-4m,toto2,Toto-2.0-4m,4.144448,4.144448,720,controlled,shared_origin_v1:Hmax=720,720,720,2048,controlled,31464,34344,2048,2048,256,256,100,[],merged,2,370,1332000,3377284407.603507,,100,,float32,native_horizon,720,,direct_full_horizon,10902238.297945946,10902238.297945946,316.0005337837838,1.3088468008682397,0.3286796061951631,0.1564103322072072,11.600143961786983,3301.8537668930685,1.3022501769764783,0.12463051973128794,0.10167595211969277,1.3088468008682397,1.5240786163583666,0.8587790595708233,-0.15224359663433434,0.10167595211969277,0.1534183911456428,0.662736399205034,-0.41137795578135217,Energy,1
electricity/H/short|H=720|L=4096|Hsrc=controlled|Lsrc=controlled|origins=shared_origin_v1:Hmax=720,joint-scaling,release,standard_hl_shared_origin_v1,electricity/H/short,Toto-2.0-4m,toto2,Toto-2.0-4m,4.144448,4.144448,720,controlled,shared_origin_v1:Hmax=720,720,720,4096,controlled,31464,34344,4096,4096,256,256,100,[],merged,2,370,1332000,3377284407.603507,,100,,float32,native_horizon,720,,direct_full_horizon,11839279.059411412,11839279.059411412,320.2861253753754,1.3277032937694806,0.304953405553679,0.15684346113691816,11.390849141378009,3440.825345670921,1.3570605277172534,0.12632075582367872,0.10210706989796765,1.3277032937694806,1.5240786163583666,0.871151448172598,-0.1379394387457839,0.10210706989796765,0.1534183911456428,0.6655464780688229,-0.40714680426357464,Energy,1
ett1/15T/short|H=48|L=128|Hsrc=controlled|Lsrc=controlled|origins=shared_origin_v1:Hmax=720,joint-scaling,release,standard_hl_shared_origin_v1,ett1/15T/short,Toto-2.0-4m,toto2,Toto-2.0-4m,4.144448,4.144448,48,controlled,shared_origin_v1:Hmax=720,720,720,128,controlled,62480,68960,128,128,256,256,100,[],merged,2,1,3360,16478.703990906477,,100,,float32,native_horizon,48,,direct_full_horizon,15.18362048921131,15.18362048921131,2.3114376976376487,1.634923906548862,1.17519295055427,0.6077653067452568,9.466489827231737,3.896616543773753,0.7945182821601008,0.4713010603472389,0.36360449686763346,1.634923906548862,0.9939964905165176,1.6447984697604865,0.49761786592837737,0.36360449686763346,0.274987154404103,1.3222599348524633,0.2793423445318405,Energy,7
ett1/15T/short|H=48|L=256|Hsrc=controlled|Lsrc=controlled|origins=shared_origin_v1:Hmax=720,joint-scaling,release,standard_hl_shared_origin_v1,ett1/15T/short,Toto-2.0-4m,toto2,Toto-2.0-4m,4.144448,4.144448,48,controlled,shared_origin_v1:Hmax=720,720,720,256,controlled,62480,68960,256,256,256,256,100,[],merged,2,1,3360,16478.703990906477,,100,,float32,native_horizon,48,,direct_full_horizon,7.101609002976191,7.101609002976191,1.3495849609375,0.9303556164585715,0.8291732227670573,0.35207337878999256,7.7579412576567215,2.664884425819662,0.5433686821302938,0.2751797393321922,0.22606684170438932,0.9303556164585715,0.9939964905165176,0.9359747497449654,-0.0661667796366239,0.22606684170438932,0.274987154404103,0.8220996438698238,-0.19589367001983246,Energy,7
ett1/15T/short|H=48|L=512|Hsrc=controlled|Lsrc=controlled|origins=shared_origin_v1:Hmax=720,joint-scaling,release,standard_hl_shared_origin_v1,ett1/15T/short,Toto-2.0-4m,toto2,Toto-2.0-4m,4.144448,4.144448,48,controlled,shared_origin_v1:Hmax=720,720,720,512,controlled,62480,68960,512,512,256,256,100,[],merged,2,1,3360,16478.703990906477,,100,,float32,native_horizon,48,,direct_full_horizon,5.409097726004465,5.409097726004465,1.1906121390206472,0.8701208294174757,0.6665807423857868,0.3218036833263579,8.693497204973417,2.325746702890163,0.47421865979407524,0.24276525564856108,0.1985910583557784,0.8701208294174757,0.9939964905165176,0.8753761584865641,-0.13310158958986515,0.1985910583557784,0.274987154404103,0.7221830371899557,-0.32547665810507165,Energy,7
ett1/15T/short|H=48|L=1024|Hsrc=controlled|Lsrc=controlled|origins=shared_origin_v1:Hmax=720,joint-scaling,release,standard_hl_shared_origin_v1,ett1/15T/short,Toto-2.0-4m,toto2,Toto-2.0-4m,4.144448,4.144448,48,controlled,shared_origin_v1:Hmax=720,720,720,1024,controlled,62480,68960,1024,1024,256,256,100,[],merged,2,1,3360,16478.703990906477,,100,,float32,native_horizon,48,,direct_full_horizon,5.960689871651786,5.960689871651786,1.213438488188244,0.8308984277689737,0.6648856818266646,0.3260514395577567,8.30107817441102,2.4414524102779036,0.49781099915749516,0.2474195375171746,0.20165357207974965,0.8308984277689737,0.9939964905165176,0.8359168625808808,-0.17922611751617126,0.20165357207974965,0.274987154404103,0.7333199709518535,-0.3101731498991424,Energy,7
ett1/15T/short|H=48|L=2048|Hsrc=controlled|Lsrc=controlled|origins=shared_origin_v1:Hmax=720,joint-scaling,release,standard_hl_shared_origin_v1,ett1/15T/short,Toto-2.0-4m,toto2,Toto-2.0-4m,4.144448,4.144448,48,controlled,shared_origin_v1:Hmax=720,720,720,2048,controlled,62480,68960,2048,2048,256,256,100,[],merged,2,1,3360,16478.703990906477,,100,,float32,native_horizon,48,,direct_full_horizon,5.534208751860119,5.534208751860119,1.1770754859561012,0.8078103191115442,0.6528625032659002,0.32379571823846726,7.562893352526824,2.3524899047307555,0.4796715860820877,0.24000513844990432,0.19421184428193802,0.8078103191115442,0.9939964905165176,0.8126893070736858,-0.20740639859551363,0.19421184428193802,0.274987154404103,0.7062578784917971,-0.34777484119709184,Energy,7
ett1/15T/short|H=48|L=4096|Hsrc=controlled|Lsrc=controlled|origins=shared_origin_v1:Hmax=720,joint-scaling,release,standard_hl_shared_origin_v1,ett1/15T/short,Toto-2.0-4m,toto2,Toto-2.0-4m,4.144448,4.144448,48,controlled,shared_origin_v1:Hmax=720,720,720,4096,controlled,62480,68960,4096,4096,256,256,100,[],merged,2,1,3360,16478.703990906477,,100,,float32,native_horizon,48,,direct_full_horizon,5.099180966331845,5.099180966331845,1.143626912434896,0.7989124688216761,0.6230674326757988,0.3183174496605283,7.658661755155052,2.2581366137441385,0.46043299438883445,0.23318499002723292,0.1882896879870914,0.7989124688216761,0.9939964905165176,0.803737715820839,-0.21848228712926296,0.1882896879870914,0.274987154404103,0.6847217587131117,-0.37874271489778116,Energy,7
ett1/15T/short|H=96|L=128|Hsrc=controlled|Lsrc=controlled|origins=shared_origin_v1:Hmax=720,joint-scaling,release,standard_hl_shared_origin_v1,ett1/15T/short,Toto-2.0-4m,toto2,Toto-2.0-4m,4.144448,4.144448,96,controlled,shared_origin_v1:Hmax=720,720,720,128,controlled,62480,68960,128,128,256,256,100,[],merged,2,1,6720,34135.138978496194,,100,,float32,native_horizon,96,,direct_full_horizon,35.58109654017857,35.58109654017857,3.3552493140811013,2.2039200243292836,1.271996684405756,0.7155577160063245,16.1134790937067,5.964989232193012,1.1742951351564397,0.6605297668431613,0.516402167600231,2.2039200243292836,0.9821805215765067,2.24390524543467,0.8082177610267925,0.516402167600231,0.25028356996012957,2.063268346709672,0.7242913015920024,Energy,7
ett1/15T/short|H=96|L=256|Hsrc=controlled|Lsrc=controlled|origins=shared_origin_v1:Hmax=720,joint-scaling,release,standard_hl_shared_origin_v1,ett1/15T/short,Toto-2.0-4m,toto2,Toto-2.0-4m,4.144448,4.144448,96,controlled,shared_origin_v1:Hmax=720,720,720,256,controlled,62480,68960,256,256,256,256,100,[],merged,2,1,6720,34135.138978496194,,100,,float32,native_horizon,96,,direct_full_horizon,7.311089797247024,7.311089797247024,1.4469053722563243,1.0114009274250415,0.6851883457910826,0.3742670694986979,8.351573776290799,2.7039026974443856,0.5323026848747505,0.28484442696096063,0.236074488898121,1.0114009274250415,0.9821805215765067,1.029750545044034,0.029316583631348363,0.236074488898121,0.25028356996012957,0.9432280710065303,-0.05844716874453405,Energy,7
ett1/15T/short|H=96|L=512|Hsrc=controlled|Lsrc=controlled|origins=shared_origin_v1:Hmax=720,joint-scaling,release,standard_hl_shared_origin_v1,ett1/15T/short,Toto-2.0-4m,toto2,Toto-2.0-4m,4.144448,4.144448,96,controlled,shared_origin_v1:Hmax=720,720,720,512,controlled,62480,68960,512,512,256,256,100,[],merged,2,1,6720,34135.138978496194,,100,,float32,native_horizon,96,,direct_full_horizon,6.013840448288691,6.013840448288691,1.2875636509486608,0.904166173737239,0.6950326083917387,0.3401287260509673,7.85497431779757,2.452313285102189,0.4827736393945308,0.2534756849774566,0.2040980865629303,0.904166173737239,0.9821805215765067,0.9205702555432007,-0.08276195798062672,0.2040980865629303,0.25028356996012957,0.8154673780442053,-0.2039938601194625,Energy,7
ett1/15T/short|H=96|L=1024|Hsrc=controlled|Lsrc=controlled|origins=shared_origin_v1:Hmax=720,joint-scaling,release,standard_hl_shared_origin_v1,ett1/15T/short,Toto-2.0-4m,toto2,Toto-2.0-4m,4.144448,4.144448,96,controlled,shared_origin_v1:Hmax=720,720,720,1024,controlled,62480,68960,1024,1024,256,256,100,[],merged,2,1,6720,34135.138978496194,,100,,float32,native_horizon,96,,direct_full_horizon,5.758412388392857,5.758412388392857,1.2417245047433036,0.8455108346262526,0.66382382031949,0.33190155029296875,7.27462827896736,2.3996692247876283,0.47240988826005587,0.24445158044124676,0.1954209045053359,0.8455108346262526,0.9821805215765067,0.8608507459190045,-0.14983413926876737,0.1954209045053359,0.25028356996012957,0.7807979746192155,-0.2474388378681562,Energy,7
ett1/15T/short|H=96|L=2048|Hsrc=controlled|Lsrc=controlled|origins=shared_origin_v1:Hmax=720,joint-scaling,release,standard_hl_shared_origin_v1,ett1/15T/short,Toto-2.0-4m,toto2,Toto-2.0-4m,4.144448,4.144448,96,controlled,shared_origin_v1:Hmax=720,720,720,2048,controlled,62480,68960,2048,2048,256,256,100,[],merged,2,1,6720,34135.138978496194,,100,,float32,native_horizon,96,,direct_full_horizon,5.756405203683036,5.756405203683036,1.2412928989955356,0.8385729190944202,0.6915876989822547,0.33330724807012646,6.95607349862098,2.3992509672151923,0.4723275481562543,0.24436661255443584,0.19482663270404765,0.8385729190944202,0.9821805215765067,0.8537869573593451,-0.15807358076541472,0.19482663270404765,0.25028356996012957,0.7784235806412851,-0.25048445483680687,Energy,7
ett1/15T/short|H=96|L=4096|Hsrc=controlled|Lsrc=controlled|origins=shared_origin_v1:Hmax=720,joint-scaling,release,standard_hl_shared_origin_v1,ett1/15T/short,Toto-2.0-4m,toto2,Toto-2.0-4m,4.144448,4.144448,96,controlled,shared_origin_v1:Hmax=720,720,720,4096,controlled,62480,68960,4096,4096,256,256,100,[],merged,2,1,6720,34135.138978496194,,100,,float32,native_horizon,96,,direct_full_horizon,5.2620262509300595,5.2620262509300595,1.19371337890625,0.8166559906476577,0.6464085042778854,0.3271539597284226,6.84023304185769,2.2939106893970522,0.45158977798388605,0.2349998900342369,0.18711587821060705,0.8166559906476577,0.9821805215765067,0.8314723950509992,-0.18455717987680223,0.18711587821060705,0.25028356996012957,0.7476155076436491,-0.2908664603793114,Energy,7
ett1/15T/short|H=192|L=128|Hsrc=controlled|Lsrc=controlled|origins=shared_origin_v1:Hmax=720,joint-scaling,release,standard_hl_shared_origin_v1,ett1/15T/short,Toto-2.0-4m,toto2,Toto-2.0-4m,4.144448,4.144448,192,controlled,shared_origin_v1:Hmax=720,720,720,128,controlled,62480,68960,128,128,256,256,100,[],merged,2,1,13440,67466.7129554376,,100,,float32,native_horizon,192,,direct_full_horizon,20.85269949776786,20.85269949776786,2.6146408807663692,1.7556904639085928,1.1824785941345366,0.6380257016136532,24.591935106972993,4.566475610114201,0.9096846357472994,0.5208609090042791,0.4829455702118079,1.7556904639085928,1.032985484626417,1.6996274294633915,0.5304090679041155,0.4829455702118079,0.2812593957645288,1.7170824423448998,0.540626596106203,Energy,7
ett1/15T/short|H=192|L=256|Hsrc=controlled|Lsrc=controlled|origins=shared_origin_v1:Hmax=720,joint-scaling,release,standard_hl_shared_origin_v1,ett1/15T/short,Toto-2.0-4m,toto2,Toto-2.0-4m,4.144448,4.144448,192,controlled,shared_origin_v1:Hmax=720,720,720,256,controlled,62480,68960,256,256,256,256,100,[],merged,2,1,13440,67466.7129554376,,100,,float32,native_horizon,192,,direct_full_horizon,17.332875279017856,17.332875279017856,2.379215058826265,1.531663665422343,0.9788551532552763,0.5814697628929502,12.910727561343188,4.16327698802492,0.8293637005261153,0.47396188416272605,0.38826725125097844,1.531663665422343,1.032985484626417,1.4827542963745273,0.39390136930426106,0.38826725125097844,0.2812593957645288,1.3804596649849767,0.3224165342755892,Energy,7
ett1/15T/short|H=192|L=512|Hsrc=controlled|Lsrc=controlled|origins=shared_origin_v1:Hmax=720,joint-scaling,release,standard_hl_shared_origin_v1,ett1/15T/short,Toto-2.0-4m,toto2,Toto-2.0-4m,4.144448,4.144448,192,controlled,shared_origin_v1:Hmax=720,720,720,512,controlled,62480,68960,512,512,256,256,100,[],merged,2,1,13440,67466.7129554376,,100,,float32,native_horizon,192,,direct_full_horizon,8.34440220424107,8.34440220424107,1.5173746744791667,0.9938427701161423,0.8437210869332165,0.3757410685221354,8.617708579690367,2.8886678944179565,0.575449652136169,0.30227522183376726,0.24530760389605724,0.9938427701161423,1.032985484626417,0.9621071979298617,-0.0386294021650312,0.24530760389605724,0.2812593957645288,0.8721756769378453,-0.1367644109861171,Energy,7
ett1/15T/short|H=192|L=1024|Hsrc=controlled|Lsrc=controlled|origins=shared_origin_v1:Hmax=720,joint-scaling,release,standard_hl_shared_origin_v1,ett1/15T/short,Toto-2.0-4m,toto2,Toto-2.0-4m,4.144448,4.144448,192,controlled,shared_origin_v1:Hmax=720,720,720,1024,controlled,62480,68960,1024,1024,256,256,100,[],merged,2,1,13440,67466.7129554376,,100,,float32,native_horizon,192,,direct_full_horizon,7.571837216331845,7.571837216331845,1.4060915992373513,0.9120600848076735,0.7901719023836602,0.360602533249628,8.004854307758317,2.75169715200126,0.5481637996403417,0.2801065928057325,0.22561074911677526,0.9120600848076735,1.032985484626417,0.8829360125399278,-0.1245025469836597,0.22561074911677526,0.2812593957645288,0.8021447550348051,-0.2204661948403442,Energy,7
ett1/15T/short|H=192|L=2048|Hsrc=controlled|Lsrc=controlled|origins=shared_origin_v1:Hmax=720,joint-scaling,release,standard_hl_shared_origin_v1,ett1/15T/short,Toto-2.0-4m,toto2,Toto-2.0-4m,4.144448,4.144448,192,controlled,shared_origin_v1:Hmax=720,720,720,2048,controlled,62480,68960,2048,2048,256,256,100,[],merged,2,1,13440,67466.7129554376,,100,,float32,native_horizon,192,,direct_full_horizon,7.71181640625,7.71181640625,1.3978373209635417,0.9052132619208813,0.8209868954620031,0.3619816734677269,7.197244885922637,2.777015737486916,0.5532074985849156,0.27846226340030744,0.2232777670162972,0.9052132619208813,1.032985484626417,0.8763078236750392,-0.13203785288185868,0.2232777670162972,0.2812593957645288,0.7938499846711824,-0.23086077176808023,Energy,7
ett1/15T/short|H=192|L=4096|Hsrc=controlled|Lsrc=controlled|origins=shared_origin_v1:Hmax=720,joint-scaling,release,standard_hl_shared_origin_v1,ett1/15T/short,Toto-2.0-4m,toto2,Toto-2.0-4m,4.144448,4.144448,192,controlled,shared_origin_v1:Hmax=720,720,720,4096,controlled,62480,68960,4096,4096,256,256,100,[],merged,2,1,13440,67466.7129554376,,100,,float32,native_horizon,192,,direct_full_horizon,6.844727143787202,6.844727143787202,1.3410534086681547,0.8759898249327729,0.7888094924584235,0.3579397655668713,6.850422650541488,2.616242944335866,0.5211800550457983,0.2671503771705146,0.21137895239274487,0.8759898249327729,1.032985484626417,0.848017554912282,-0.16485394185700566,0.21137895239274487,0.2812593957645288,0.7515445015380463,-0.2856248545922008,Energy,7
ett1/15T/short|H=336|L=128|Hsrc=controlled|Lsrc=controlled|origins=shared_origin_v1:Hmax=720,joint-scaling,release,standard_hl_shared_origin_v1,ett1/15T/short,Toto-2.0-4m,toto2,Toto-2.0-4m,4.144448,4.144448,336,controlled,shared_origin_v1:Hmax=720,720,720,128,controlled,62480,68960,128,128,256,256,100,[],merged,2,1,23520,120869.03296483308,,100,,float32,native_horizon,336,,direct_full_horizon,27.504150722789117,27.504150722789117,2.955961017219388,1.9131327693066529,1.2299922237845669,0.6650472005208333,30.21912719975681,5.244439981808269,1.0205196926496387,0.5752027746033851,0.555045849558586,1.9131327693066529,1.1243643896038518,1.7015238004653532,0.531524202792438,0.555045849558586,0.3120969403608288,1.7784405349083956,0.5757368763165499,Energy,7
ett1/15T/short|H=336|L=256|Hsrc=controlled|Lsrc=controlled|origins=shared_origin_v1:Hmax=720,joint-scaling,release,standard_hl_shared_origin_v1,ett1/15T/short,Toto-2.0-4m,toto2,Toto-2.0-4m,4.144448,4.144448,336,controlled,shared_origin_v1:Hmax=720,720,720,256,controlled,62480,68960,256,256,256,256,100,[],merged,2,1,23520,120869.03296483308,,100,,float32,native_horizon,336,,direct_full_horizon,27.504150722789117,27.504150722789117,2.955961017219388,1.9131327693066529,1.2299922237845669,0.6650472005208333,30.21912719975681,5.244439981808269,1.0205196926496387,0.5752027746033851,0.555045849558586,1.9131327693066529,1.1243643896038518,1.7015238004653532,0.531524202792438,0.555045849558586,0.3120969403608288,1.7784405349083956,0.5757368763165499,Energy,7
ett1/15T/short|H=336|L=512|Hsrc=controlled|Lsrc=controlled|origins=shared_origin_v1:Hmax=720,joint-scaling,release,standard_hl_shared_origin_v1,ett1/15T/short,Toto-2.0-4m,toto2,Toto-2.0-4m,4.144448,4.144448,336,controlled,shared_origin_v1:Hmax=720,720,720,512,controlled,62480,68960,512,512,256,256,100,[],merged,2,1,23520,120869.03296483308,,100,,float32,native_horizon,336,,direct_full_horizon,14.97603369472789,14.97603369472789,2.0873927109906463,1.3280920817200523,0.8115422871660488,0.4868410279150723,10.477807302665374,3.869888072635679,0.7530445576980287,0.4061873861172064,0.3275181788574725,1.3280920817200523,1.1243643896038518,1.1811936539434338,0.1665254983227698,0.3275181788574725,0.3120969403608288,1.0494116939397564,0.04822971566155635,Energy,7
ett1/15T/short|H=336|L=1024|Hsrc=controlled|Lsrc=controlled|origins=shared_origin_v1:Hmax=720,joint-scaling,release,standard_hl_shared_origin_v1,ett1/15T/short,Toto-2.0-4m,toto2,Toto-2.0-4m,4.144448,4.144448,336,controlled,shared_origin_v1:Hmax=720,720,720,1024,controlled,62480,68960,1024,1024,256,256,100,[],merged,2,1,23520,120869.03296483308,,100,,float32,native_horizon,336,,direct_full_horizon,10.479094254889455,10.479094254889455,1.6381801060267858,1.0446872471167226,0.8529925779752013,0.3913330078125,8.62782255846689,3.2371429154254923,0.6299181808872407,0.3187747527107322,0.25690766056984077,1.0446872471167226,1.1243643896038518,0.9291358360120229,-0.07350033340598089,0.25690766056984077,0.3120969403608288,0.8231662260860958,-0.19459712289615816,Energy,7
ett1/15T/short|H=336|L=2048|Hsrc=controlled|Lsrc=controlled|origins=shared_origin_v1:Hmax=720,joint-scaling,release,standard_hl_shared_origin_v1,ett1/15T/short,Toto-2.0-4m,toto2,Toto-2.0-4m,4.144448,4.144448,336,controlled,shared_origin_v1:Hmax=720,720,720,2048,controlled,62480,68960,2048,2048,256,256,100,[],merged,2,1,23520,120869.03296483308,,100,,float32,native_horizon,336,,direct_full_horizon,9.302767591411564,9.302767591411564,1.554704440369898,0.9911611247430481,0.8379502948037837,0.3860644697332058,7.885222371759961,3.0500438671290557,0.5935104302170378,0.30253115740686937,0.24266125337989836,0.9911611247430481,1.1243643896038518,0.8815301639820385,-0.12609605880506206,0.24266125337989836,0.3120969403608288,0.7775188475072751,-0.2516473940556469,Energy,7
ett1/15T/short|H=336|L=4096|Hsrc=controlled|Lsrc=controlled|origins=shared_origin_v1:Hmax=720,joint-scaling,release,standard_hl_shared_origin_v1,ett1/15T/short,Toto-2.0-4m,toto2,Toto-2.0-4m,4.144448,4.144448,336,controlled,shared_origin_v1:Hmax=720,720,720,4096,controlled,62480,68960,4096,4096,256,256,100,[],merged,2,1,23520,120869.03296483308,,100,,float32,native_horizon,336,,direct_full_horizon,8.615011160714285,8.615011160714285,1.5119642192814626,0.9744275061741283,0.8165288352454302,0.3850186510150935,7.405289494259641,2.9351339255158844,0.5711500144807081,0.294214304236608,0.2337388119615851,0.9744275061741283,1.1243643896038518,0.8666474278124809,-0.14312304256497424,0.2337388119615851,0.3120969403608288,0.7489301615432357,-0.2891095420776208,Energy,7
ett1/15T/short|H=720|L=128|Hsrc=controlled|Lsrc=controlled|origins=shared_origin_v1:Hmax=720,joint-scaling,release,standard_hl_shared_origin_v1,ett1/15T/short,Toto-2.0-4m,toto2,Toto-2.0-4m,4.144448,4.144448,720,controlled,shared_origin_v1:Hmax=720,720,720,128,controlled,62480,68960,128,128,256,256,100,[],merged,2,1,50400,264426.7650203854,,100,,float32,native_horizon,720,,direct_full_horizon,31.818814484126985,31.818814484126985,3.158803943452381,1.973384419043856,1.2181011457732758,0.6654071335565476,37.93828194103836,5.640816827741084,1.0751452036114173,0.6020711206663462,0.6210002783380578,1.973384419043856,1.1908857060716118,1.6570728903561045,0.5050527268288264,0.6210002783380578,0.34017934522818005,1.825508476775723,0.6018585656391869,Energy,7
ett1/15T/short|H=720|L=256|Hsrc=controlled|Lsrc=controlled|origins=shared_origin_v1:Hmax=720,joint-scaling,release,standard_hl_shared_origin_v1,ett1/15T/short,Toto-2.0-4m,toto2,Toto-2.0-4m,4.144448,4.144448,720,controlled,shared_origin_v1:Hmax=720,720,720,256,controlled,62480,68960,256,256,256,256,100,[],merged,2,1,50400,264426.7650203854,,100,,float32,native_horizon,720,,direct_full_horizon,31.818814484126985,31.818814484126985,3.158803943452381,1.973384419043856,1.2181011457732758,0.6654071335565476,37.93828194103836,5.640816827741084,1.0751452036114173,0.6020711206663462,0.6210002783380578,1.973384419043856,1.1908857060716118,1.6570728903561045,0.5050527268288264,0.6210002783380578,0.34017934522818005,1.825508476775723,0.6018585656391869,Energy,7
ett1/15T/short|H=720|L=512|Hsrc=controlled|Lsrc=controlled|origins=shared_origin_v1:Hmax=720,joint-scaling,release,standard_hl_shared_origin_v1,ett1/15T/short,Toto-2.0-4m,toto2,Toto-2.0-4m,4.144448,4.144448,720,controlled,shared_origin_v1:Hmax=720,720,720,512,controlled,62480,68960,512,512,256,256,100,[],merged,2,1,50400,264426.7650203854,,100,,float32,native_horizon,720,,direct_full_horizon,31.818814484126985,31.818814484126985,3.158803943452381,1.973384419043856,1.2181011457732758,0.6654071335565476,37.93828194103836,5.640816827741084,1.0751452036114173,0.6020711206663462,0.6210002783380578,1.973384419043856,1.1908857060716118,1.6570728903561045,0.5050527268288264,0.6210002783380578,0.34017934522818005,1.825508476775723,0.6018585656391869,Energy,7
ett1/15T/short|H=720|L=1024|Hsrc=controlled|Lsrc=controlled|origins=shared_origin_v1:Hmax=720,joint-scaling,release,standard_hl_shared_origin_v1,ett1/15T/short,Toto-2.0-4m,toto2,Toto-2.0-4m,4.144448,4.144448,720,controlled,shared_origin_v1:Hmax=720,720,720,1024,controlled,62480,68960,1024,1024,256,256,100,[],merged,2,1,50400,264426.7650203854,,100,,float32,native_horizon,720,,direct_full_horizon,14.095362103174603,14.095362103174603,2.099002666170635,1.322201605547441,0.9091328387492793,0.48215277777777776,10.113581626217494,3.7543790569379913,0.715588319719024,0.40007196082001906,0.3157340518362032,1.322201605547441,1.1908857060716118,1.1102674243265565,0.104600909123719,0.3157340518362032,0.34017934522818005,0.9281399834091049,-0.0745727133809317,Energy,7
ett1/15T/short|H=720|L=2048|Hsrc=controlled|Lsrc=controlled|origins=shared_origin_v1:Hmax=720,joint-scaling,release,standard_hl_shared_origin_v1,ett1/15T/short,Toto-2.0-4m,toto2,Toto-2.0-4m,4.144448,4.144448,720,controlled,shared_origin_v1:Hmax=720,720,720,2048,controlled,62480,68960,2048,2048,256,256,100,[],merged,2,1,50400,264426.7650203854,,100,,float32,native_horizon,720,,direct_full_horizon,9.501065848214285,9.501065848214285,1.659138454861111,1.07177989879092,0.8280791802520925,0.4086671084449405,8.634009339243274,3.082379900047086,0.5875046232570166,0.3162334119942566,0.25517923882904814,1.07177989879092,1.1908857060716118,0.8999855261731308,-0.10537659781699824,0.25517923882904814,0.34017934522818005,0.7501314891939812,-0.28750676889303944,Energy,7
ett1/15T/short|H=720|L=4096|Hsrc=controlled|Lsrc=controlled|origins=shared_origin_v1:Hmax=720,joint-scaling,release,standard_hl_shared_origin_v1,ett1/15T/short,Toto-2.0-4m,toto2,Toto-2.0-4m,4.144448,4.144448,720,controlled,shared_origin_v1:Hmax=720,720,720,4096,controlled,62480,68960,4096,4096,256,256,100,[],merged,2,1,50400,264426.7650203854,,100,,float32,native_horizon,720,,direct_full_horizon,8.756752232142857,8.756752232142857,1.6083370535714285,1.051156475972581,0.8374516485168692,0.4014791821676587,7.848629726130965,2.959181006992113,0.5640227937625931,0.3065506152289495,0.2436604025577427,1.051156475972581,1.1908857060716118,0.8826678081812258,-0.1248063573375084,0.2436604025577427,0.34017934522818005,0.7162704202229094,-0.3336975014497663,Energy,7
ett1/H/short|H=48|L=128|Hsrc=controlled|Lsrc=controlled|origins=shared_origin_v1:Hmax=720,joint-scaling,release,standard_hl_shared_origin_v1,ett1/H/short,Toto-2.0-4m,toto2,Toto-2.0-4m,4.144448,4.144448,48,controlled,shared_origin_v1:Hmax=720,720,720,128,controlled,15260,16700,128,128,256,256,100,[],merged,2,1,1008,20577.4390123263,,100,,float32,native_horizon,48,,direct_full_horizon,105.57485429067461,105.57485429067461,5.42590816437252,1.00084346720199,143095.07936507938,0.3483360835484096,8.221395747499638,10.27496249582813,0.5033261033887941,0.26579184253255567,0.22011621206702156,1.00084346720199,1.0359567809514858,0.9661054260224585,-0.034482314055380346,0.22011621206702156,0.24896323633412581,0.8841313894699314,-0.12314959676683582,Energy,7
ett1/H/short|H=48|L=256|Hsrc=controlled|Lsrc=controlled|origins=shared_origin_v1:Hmax=720,joint-scaling,release,standard_hl_shared_origin_v1,ett1/H/short,Toto-2.0-4m,toto2,Toto-2.0-4m,4.144448,4.144448,48,controlled,shared_origin_v1:Hmax=720,720,720,256,controlled,15260,16700,256,256,256,256,100,[],merged,2,1,1008,20577.4390123263,,100,,float32,native_horizon,48,,direct_full_horizon,91.9439716641865,91.9439716641865,4.716544015066964,0.8623224214071745,109927.48412698413,0.31906436738513766,7.553733825691085,9.588741922910769,0.46971111674801974,0.23104315188783175,0.19084546314820228,0.8623224214071745,1.0359567809514858,0.8323922747193807,-0.183451465236886,0.19084546314820228,0.24896323633412581,0.7665608222254732,-0.2658412332306581,Energy,7
ett1/H/short|H=48|L=512|Hsrc=controlled|Lsrc=controlled|origins=shared_origin_v1:Hmax=720,joint-scaling,release,standard_hl_shared_origin_v1,ett1/H/short,Toto-2.0-4m,toto2,Toto-2.0-4m,4.144448,4.144448,48,controlled,shared_origin_v1:Hmax=720,720,720,512,controlled,15260,16700,512,512,256,256,100,[],merged,2,1,1008,20577.4390123263,,100,,float32,native_horizon,48,,direct_full_horizon,114.28510199652777,114.28510199652777,5.255904424758184,0.9065614052607068,210200.50793650793,0.3211535499209449,6.429506492385902,10.690421039254149,0.5236776258266723,0.25746409244525864,0.20463693038714434,0.9065614052607068,1.0359567809514858,0.8750957780575225,-0.1334219379777325,0.20463693038714434,0.24896323633412581,0.8219564197523023,-0.19606790266439122,Energy,7
ett1/H/short|H=48|L=1024|Hsrc=controlled|Lsrc=controlled|origins=shared_origin_v1:Hmax=720,joint-scaling,release,standard_hl_shared_origin_v1,ett1/H/short,Toto-2.0-4m,toto2,Toto-2.0-4m,4.144448,4.144448,48,controlled,shared_origin_v1:Hmax=720,720,720,1024,controlled,15260,16700,1024,1024,256,256,100,[],merged,2,1,1008,20577.4390123263,,100,,float32,native_horizon,48,,direct_full_horizon,115.0023173983135,115.0023173983135,5.517260354662699,0.9337088025555526,213714.19047619047,0.33396475655691965,6.081203546698636,10.723913343472779,0.5253182693796506,0.27026679239183315,0.20986336835522867,0.9337088025555526,1.0359567809514858,0.9013009227064256,-0.1039160896696861,0.20986336835522867,0.24896323633412581,0.8429492299560951,-0.17084854823151568,Energy,7
ett1/H/short|H=48|L=2048|Hsrc=controlled|Lsrc=controlled|origins=shared_origin_v1:Hmax=720,joint-scaling,release,standard_hl_shared_origin_v1,ett1/H/short,Toto-2.0-4m,toto2,Toto-2.0-4m,4.144448,4.144448,48,controlled,shared_origin_v1:Hmax=720,720,720,2048,controlled,15260,16700,2048,2048,256,256,100,[],merged,2,1,1008,20577.4390123263,,100,,float32,native_horizon,48,,direct_full_horizon,116.49862041170636,116.49862041170636,5.460254971943204,0.9348428993736044,194535.95238095237,0.3360946291968936,6.339909945558118,10.793452664078643,0.5287247008179226,0.26747434451982977,0.20799274553920363,0.9348428993736044,1.0359567809514858,0.9023956564239947,-0.10270221160986184,0.20799274553920363,0.24896323633412581,0.8354355791714687,-0.17980203844187426,Energy,7
ett1/H/short|H=48|L=4096|Hsrc=controlled|Lsrc=controlled|origins=shared_origin_v1:Hmax=720,joint-scaling,release,standard_hl_shared_origin_v1,ett1/H/short,Toto-2.0-4m,toto2,Toto-2.0-4m,4.144448,4.144448,48,controlled,shared_origin_v1:Hmax=720,720,720,4096,controlled,15260,16700,4096,4096,256,256,100,[],merged,2,1,1008,20577.4390123263,,100,,float32,native_horizon,48,,direct_full_horizon,103.70015656001983,103.70015656001983,5.168564084976438,0.9105051902376066,193368.14285714287,0.32749291071816095,6.12881134818608,10.183327381559518,0.49883729430388185,0.2531856658418673,0.19668452438526104,0.9105051902376066,1.0359567809514858,0.8789026791265782,-0.1290811051438224,0.19668452438526104,0.24896323633412581,0.7900143301531349,-0.2357041942512394,Energy,7
ett1/H/short|H=96|L=128|Hsrc=controlled|Lsrc=controlled|origins=shared_origin_v1:Hmax=720,joint-scaling,release,standard_hl_shared_origin_v1,ett1/H/short,Toto-2.0-4m,toto2,Toto-2.0-4m,4.144448,4.144448,96,controlled,shared_origin_v1:Hmax=720,720,720,128,controlled,15260,16700,128,128,256,256,100,[],merged,2,1,2016,44362.64408172667,,100,,float32,native_horizon,96,,direct_full_horizon,245.66319444444446,245.66319444444446,8.027145143539187,1.4509291979441568,51407.11111111111,0.4545994107685392,9.862953422868888,15.673646494815571,0.7122675392236977,0.36478268922750695,0.2919582652844119,1.4509291979441568,1.2881323512107834,1.1263820806769989,0.11901079780521925,0.2919582652844119,0.2992979528082596,0.9754769872129737,-0.02482870995790004,Energy,7
ett1/H/short|H=96|L=256|Hsrc=controlled|Lsrc=controlled|origins=shared_origin_v1:Hmax=720,joint-scaling,release,standard_hl_shared_origin_v1,ett1/H/short,Toto-2.0-4m,toto2,Toto-2.0-4m,4.144448,4.144448,96,controlled,shared_origin_v1:Hmax=720,720,720,256,controlled,15260,16700,256,256,256,256,100,[],merged,2,1,2016,44362.64408172667,,100,,float32,native_horizon,96,,direct_full_horizon,190.77884734623015,190.77884734623015,6.631989009796627,1.153736611365254,31880.140873015873,0.3879631890190972,10.13844800106258,13.81227162150492,0.62767989071291,0.3013817169941241,0.24291641446322915,1.153736611365254,1.2881323512107834,0.8956662025301952,-0.11018747723712807,0.24291641446322915,0.2992979528082596,0.8116207016586232,-0.20872216413717176,Energy,7
ett1/H/short|H=96|L=512|Hsrc=controlled|Lsrc=controlled|origins=shared_origin_v1:Hmax=720,joint-scaling,release,standard_hl_shared_origin_v1,ett1/H/short,Toto-2.0-4m,toto2,Toto-2.0-4m,4.144448,4.144448,96,controlled,shared_origin_v1:Hmax=720,720,720,512,controlled,15260,16700,512,512,256,256,100,[],merged,2,1,2016,44362.64408172667,,100,,float32,native_horizon,96,,direct_full_horizon,211.63448660714286,211.63448660714286,6.744411407955109,1.1470794483072329,91353.89682539682,0.37359940059601315,9.439327744603023,14.547662582255022,0.6610987323432915,0.3064905999153036,0.2487484686412478,1.1470794483072329,1.2881323512107834,0.8904981287280244,-0.115974277626864,0.2487484686412478,0.2992979528082596,0.8311064820433453,-0.1849973550992874,Energy,7
ett1/H/short|H=96|L=1024|Hsrc=controlled|Lsrc=controlled|origins=shared_origin_v1:Hmax=720,joint-scaling,release,standard_hl_shared_origin_v1,ett1/H/short,Toto-2.0-4m,toto2,Toto-2.0-4m,4.144448,4.144448,96,controlled,shared_origin_v1:Hmax=720,720,720,1024,controlled,15260,16700,1024,1024,256,256,100,[],merged,2,1,2016,44362.64408172667,,100,,float32,native_horizon,96,,direct_full_horizon,192.3805183531746,192.3805183531746,6.886056082589286,1.1700529901224836,106979.98412698413,0.38373350718664745,8.510693464735345,13.87013043749678,0.6303092058823283,0.31292744943077516,0.25128179634258707,1.1700529901224836,1.2881323512107834,0.9083328968662958,-0.09614434106718749,0.25128179634258707,0.2992979528082596,0.8395707153518911,-0.17486457092945926,Energy,7
ett1/H/short|H=96|L=2048|Hsrc=controlled|Lsrc=controlled|origins=shared_origin_v1:Hmax=720,joint-scaling,release,standard_hl_shared_origin_v1,ett1/H/short,Toto-2.0-4m,toto2,Toto-2.0-4m,4.144448,4.144448,96,controlled,shared_origin_v1:Hmax=720,720,720,2048,controlled,15260,16700,2048,2048,256,256,100,[],merged,2,1,2016,44362.64408172667,,100,,float32,native_horizon,96,,direct_full_horizon,192.26925223214286,192.26925223214286,6.848167298332093,1.167153049273149,98793.76190476191,0.38192942785838296,8.578888103140592,13.866118859729383,0.6301269051888851,0.3112056451820973,0.2491763493576852,1.167153049273149,1.2881323512107834,0.9060816213303551,-0.09862588722839337,0.2491763493576852,0.2992979528082596,0.8325360966211353,-0.18327869876285866,Energy,7
ett1/H/short|H=96|L=4096|Hsrc=controlled|Lsrc=controlled|origins=shared_origin_v1:Hmax=720,joint-scaling,release,standard_hl_shared_origin_v1,ett1/H/short,Toto-2.0-4m,toto2,Toto-2.0-4m,4.144448,4.144448,96,controlled,shared_origin_v1:Hmax=720,720,720,4096,controlled,15260,16700,4096,4096,256,256,100,[],merged,2,1,2016,44362.64408172667,,100,,float32,native_horizon,96,,direct_full_horizon,179.55070374503967,179.55070374503967,6.567267523871528,1.1396184392138664,97460.51587301587,0.37535204206194195,8.481326073957392,13.399653120325155,0.6089290043399977,0.29844053712701274,0.2382847584963363,1.1396184392138664,1.2881323512107834,0.8847060149857109,-0.12249987561717417,0.2382847584963363,0.2992979528082596,0.7961456343438125,-0.2279731521541189,Energy,7
ett1/H/short|H=192|L=128|Hsrc=controlled|Lsrc=controlled|origins=shared_origin_v1:Hmax=720,joint-scaling,release,standard_hl_shared_origin_v1,ett1/H/short,Toto-2.0-4m,toto2,Toto-2.0-4m,4.144448,4.144448,192,controlled,shared_origin_v1:Hmax=720,720,720,128,controlled,15260,16700,128,128,256,256,100,[],merged,2,1,4032,87160.2070671916,,100,,float32,native_horizon,192,,direct_full_horizon,338.87679811507934,338.87679811507934,10.652064732142858,1.728907523403916,80328.06349206349,0.5926568773057725,20.57625934419343,18.40860663154817,0.851575557653087,0.49276070405489764,0.4142835466919883,1.728907523403916,1.242096558684659,1.391926828325468,0.33068899467245394,0.4142835466919883,0.3251852194564498,1.2739925491831001,0.24215570876795628,Energy,7
ett1/H/short|H=192|L=256|Hsrc=controlled|Lsrc=controlled|origins=shared_origin_v1:Hmax=720,joint-scaling,release,standard_hl_shared_origin_v1,ett1/H/short,Toto-2.0-4m,toto2,Toto-2.0-4m,4.144448,4.144448,192,controlled,shared_origin_v1:Hmax=720,720,720,256,controlled,15260,16700,256,256,256,256,100,[],merged,2,1,4032,87160.2070671916,,100,,float32,native_horizon,192,,direct_full_horizon,222.48005022321428,222.48005022321428,7.447991265190972,1.2753674736739866,77920.06349206349,0.4234993344261533,11.082502023408441,14.915765157148805,0.6899979605057834,0.3445414116340925,0.2830172164186289,1.2753674736739866,1.242096558684659,1.0267860938480986,0.026433626728844098,0.2830172164186289,0.3251852194564498,0.870326200224275,-0.13888719482046613,Energy,7
ett1/H/short|H=192|L=512|Hsrc=controlled|Lsrc=controlled|origins=shared_origin_v1:Hmax=720,joint-scaling,release,standard_hl_shared_origin_v1,ett1/H/short,Toto-2.0-4m,toto2,Toto-2.0-4m,4.144448,4.144448,192,controlled,shared_origin_v1:Hmax=720,720,720,512,controlled,15260,16700,512,512,256,256,100,[],merged,2,1,4032,87160.2070671916,,100,,float32,native_horizon,192,,direct_full_horizon,178.61814856150792,178.61814856150792,6.51929921952505,1.112382636175464,104215.02380952382,0.38682471381293404,8.696645037806082,13.36481008325625,0.6182513335947895,0.30158044981308185,0.24234927483270605,1.112382636175464,1.242096558684659,0.895568567836177,-0.1102964910813546,0.24234927483270605,0.3251852194564498,0.7452653452017136,-0.29401495595937155,Energy,7
ett1/H/short|H=192|L=1024|Hsrc=controlled|Lsrc=controlled|origins=shared_origin_v1:Hmax=720,joint-scaling,release,standard_hl_shared_origin_v1,ett1/H/short,Toto-2.0-4m,toto2,Toto-2.0-4m,4.144448,4.144448,192,controlled,shared_origin_v1:Hmax=720,720,720,1024,controlled,15260,16700,1024,1024,256,256,100,[],merged,2,1,4032,87160.2070671916,,100,,float32,native_horizon,192,,direct_full_horizon,170.4295634920635,170.4295634920635,6.791810050843254,1.1604175931233596,141102.17460317462,0.4056518796890501,8.217339878169254,13.05486742529634,0.6039134971101769,0.31418670338735305,0.2476228261670924,1.1604175931233596,1.242096558684659,0.93424104994881,-0.06802079059413088,0.2476228261670924,0.3251852194564498,0.7614824147942405,-0.27248819976420074,Energy,7
ett1/H/short|H=192|L=2048|Hsrc=controlled|Lsrc=controlled|origins=shared_origin_v1:Hmax=720,joint-scaling,release,standard_hl_shared_origin_v1,ett1/H/short,Toto-2.0-4m,toto2,Toto-2.0-4m,4.144448,4.144448,192,controlled,shared_origin_v1:Hmax=720,720,720,2048,controlled,15260,16700,2048,2048,256,256,100,[],merged,2,1,4032,87160.2070671916,,100,,float32,native_horizon,192,,direct_full_horizon,170.01509796626985,170.01509796626985,6.792105538504464,1.1517461622398633,142959.50793650793,0.4004221719408792,8.098131059404817,13.038983778127413,0.6031787252740368,0.31420037254085886,0.24614073131500672,1.1517461622398633,1.242096558684659,0.9272597642968482,-0.07552153228573137,0.24614073131500672,0.3251852194564498,0.7569247203991415,-0.27849147514070344,Energy,7
ett1/H/short|H=192|L=4096|Hsrc=controlled|Lsrc=controlled|origins=shared_origin_v1:Hmax=720,joint-scaling,release,standard_hl_shared_origin_v1,ett1/H/short,Toto-2.0-4m,toto2,Toto-2.0-4m,4.144448,4.144448,192,controlled,shared_origin_v1:Hmax=720,720,720,4096,controlled,15260,16700,4096,4096,256,256,100,[],merged,2,1,4032,87160.2070671916,,100,,float32,native_horizon,192,,direct_full_horizon,160.85362413194446,160.85362413194446,6.632674444289434,1.1376246936400842,123672.80952380953,0.39850265260726686,7.970042581011405,12.682808211588807,0.5867021709769987,0.30682514715412423,0.23922046868641966,1.1376246936400842,1.242096558684659,0.9158907056668708,-0.08785823838440586,0.23922046868641966,0.3251852194564498,0.7356437327818249,-0.30700933616785053,Energy,7
ett1/H/short|H=336|L=128|Hsrc=controlled|Lsrc=controlled|origins=shared_origin_v1:Hmax=720,joint-scaling,release,standard_hl_shared_origin_v1,ett1/H/short,Toto-2.0-4m,toto2,Toto-2.0-4m,4.144448,4.144448,336,controlled,shared_origin_v1:Hmax=720,720,720,128,controlled,15260,16700,128,128,256,256,100,[],merged,2,1,7056,148002.10103227943,,100,,float32,native_horizon,336,,direct_full_horizon,368.8932823129252,368.8932823129252,11.131600100977892,1.8006436542220448,10245142918132.39,0.6240089053199405,24.098403059737578,19.206594760990953,0.9156743835953702,0.5306990222751591,0.4623478877573344,1.8006436542220448,1.3360087461222394,1.3477783431047188,0.298457565070803,0.4623478877573344,0.3747062738871697,1.2338941725233963,0.21017516210010873,Energy,7
ett1/H/short|H=336|L=256|Hsrc=controlled|Lsrc=controlled|origins=shared_origin_v1:Hmax=720,joint-scaling,release,standard_hl_shared_origin_v1,ett1/H/short,Toto-2.0-4m,toto2,Toto-2.0-4m,4.144448,4.144448,336,controlled,shared_origin_v1:Hmax=720,720,720,256,controlled,15260,16700,256,256,256,256,100,[],merged,2,1,7056,148002.10103227943,,100,,float32,native_horizon,336,,direct_full_horizon,368.8932823129252,368.8932823129252,11.131600100977892,1.8006436542220448,10245142918132.39,0.6240089053199405,24.098403059737578,19.206594760990953,0.9156743835953702,0.5306990222751591,0.4623478877573344,1.8006436542220448,1.3360087461222394,1.3477783431047188,0.298457565070803,0.4623478877573344,0.3747062738871697,1.2338941725233963,0.21017516210010873,Energy,7
ett1/H/short|H=336|L=512|Hsrc=controlled|Lsrc=controlled|origins=shared_origin_v1:Hmax=720,joint-scaling,release,standard_hl_shared_origin_v1,ett1/H/short,Toto-2.0-4m,toto2,Toto-2.0-4m,4.144448,4.144448,336,controlled,shared_origin_v1:Hmax=720,720,720,512,controlled,15260,16700,512,512,256,256,100,[],merged,2,1,7056,148002.10103227943,,100,,float32,native_horizon,336,,direct_full_horizon,200.57745181405895,200.57745181405895,7.457476349914966,1.2796209751840908,4309186157756.0815,0.45490747568558676,10.127372513624449,14.162536913069598,0.6751989313774948,0.35553517658187517,0.2820790219543778,1.2796209751840908,1.3360087461222394,0.9577938609295681,-0.0431227006477629,0.2820790219543778,0.3747062738871697,0.7528003708828117,-0.2839551980399784,Energy,7
ett1/H/short|H=336|L=1024|Hsrc=controlled|Lsrc=controlled|origins=shared_origin_v1:Hmax=720,joint-scaling,release,standard_hl_shared_origin_v1,ett1/H/short,Toto-2.0-4m,toto2,Toto-2.0-4m,4.144448,4.144448,336,controlled,shared_origin_v1:Hmax=720,720,720,1024,controlled,15260,16700,1024,1024,256,256,100,[],merged,2,1,7056,148002.10103227943,,100,,float32,native_horizon,336,,direct_full_horizon,175.2122130102041,175.2122130102041,7.297332279265873,1.2943882374804783,5776870404774.022,0.44542204495730586,9.1937733235633,13.236775023025967,0.6310632343124701,0.3479003081940707,0.27575807354511916,1.2943882374804783,1.3360087461222394,0.968847128611572,-0.03164844154786748,0.27575807354511916,0.3747062738871697,0.7359312954235576,-0.3066185132198101,Energy,7
ett1/H/short|H=336|L=2048|Hsrc=controlled|Lsrc=controlled|origins=shared_origin_v1:Hmax=720,joint-scaling,release,standard_hl_shared_origin_v1,ett1/H/short,Toto-2.0-4m,toto2,Toto-2.0-4m,4.144448,4.144448,336,controlled,shared_origin_v1:Hmax=720,720,720,2048,controlled,15260,16700,2048,2048,256,256,100,[],merged,2,1,7056,148002.10103227943,,100,,float32,native_horizon,336,,direct_full_horizon,163.08308531746033,163.08308531746033,7.07169264190051,1.2543302112887738,7487818957691.646,0.44367915216216697,8.803390718429629,12.77039879242071,0.6088287480437045,0.33714293873684414,0.26491540889337933,1.2543302112887738,1.3360087461222394,0.9388637723588732,-0.06308488765870474,0.26491540889337933,0.3747062738871697,0.7069948579861509,-0.34673188611604255,Energy,7
ett1/H/short|H=336|L=4096|Hsrc=controlled|Lsrc=controlled|origins=shared_origin_v1:Hmax=720,joint-scaling,release,standard_hl_shared_origin_v1,ett1/H/short,Toto-2.0-4m,toto2,Toto-2.0-4m,4.144448,4.144448,336,controlled,shared_origin_v1:Hmax=720,720,720,4096,controlled,15260,16700,4096,4096,256,256,100,[],merged,2,1,7056,148002.10103227943,,100,,float32,native_horizon,336,,direct_full_horizon,162.77908871882087,162.77908871882087,7.129464285714286,1.26237977846798,8470934293478.458,0.44744360960530044,8.546552818163079,12.758490848012585,0.6082610368074605,0.3398972017905902,0.26395872520861013,1.26237977846798,1.3360087461222394,0.9448888580497941,-0.05668796893437338,0.26395872520861013,0.3747062738871697,0.70444170168363,-0.3503497024037072,Energy,7
ett1/H/short|H=720|L=128|Hsrc=controlled|Lsrc=controlled|origins=shared_origin_v1:Hmax=720,joint-scaling,release,standard_hl_shared_origin_v1,ett1/H/short,Toto-2.0-4m,toto2,Toto-2.0-4m,4.144448,4.144448,720,controlled,shared_origin_v1:Hmax=720,720,720,128,controlled,15260,16700,128,128,256,256,100,[],merged,2,1,15120,315737.81191634387,,100,,float32,native_horizon,720,,direct_full_horizon,359.92671957671956,359.92671957671956,11.404075727513227,1.868707353780251,4781367583974.349,0.6399983723958333,26.008577740641318,18.9717347540155,0.9085152891245006,0.546116488086913,0.4807927473690468,1.868707353780251,1.478701287480662,1.2637490543908716,0.23408274309578275,0.4807927473690468,0.4710624864152012,1.020655987760548,0.02044554583519668,Energy,7
ett1/H/short|H=720|L=256|Hsrc=controlled|Lsrc=controlled|origins=shared_origin_v1:Hmax=720,joint-scaling,release,standard_hl_shared_origin_v1,ett1/H/short,Toto-2.0-4m,toto2,Toto-2.0-4m,4.144448,4.144448,720,controlled,shared_origin_v1:Hmax=720,720,720,256,controlled,15260,16700,256,256,256,256,100,[],merged,2,1,15120,315737.81191634387,,100,,float32,native_horizon,720,,direct_full_horizon,359.92671957671956,359.92671957671956,11.404075727513227,1.868707353780251,4781367583974.349,0.6399983723958333,26.008577740641318,18.9717347540155,0.9085152891245006,0.546116488086913,0.4807927473690468,1.868707353780251,1.478701287480662,1.2637490543908716,0.23408274309578275,0.4807927473690468,0.4710624864152012,1.020655987760548,0.02044554583519668,Energy,7
ett1/H/short|H=720|L=512|Hsrc=controlled|Lsrc=controlled|origins=shared_origin_v1:Hmax=720,joint-scaling,release,standard_hl_shared_origin_v1,ett1/H/short,Toto-2.0-4m,toto2,Toto-2.0-4m,4.144448,4.144448,720,controlled,shared_origin_v1:Hmax=720,720,720,512,controlled,15260,16700,512,512,256,256,100,[],merged,2,1,15120,315737.81191634387,,100,,float32,native_horizon,720,,direct_full_horizon,359.92671957671956,359.92671957671956,11.404075727513227,1.868707353780251,4781367583974.349,0.6399983723958333,26.008577740641318,18.9717347540155,0.9085152891245006,0.546116488086913,0.4807927473690468,1.868707353780251,1.478701287480662,1.2637490543908716,0.23408274309578275,0.4807927473690468,0.4710624864152012,1.020655987760548,0.02044554583519668,Energy,7
ett1/H/short|H=720|L=1024|Hsrc=controlled|Lsrc=controlled|origins=shared_origin_v1:Hmax=720,joint-scaling,release,standard_hl_shared_origin_v1,ett1/H/short,Toto-2.0-4m,toto2,Toto-2.0-4m,4.144448,4.144448,720,controlled,shared_origin_v1:Hmax=720,720,720,1024,controlled,15260,16700,1024,1024,256,256,100,[],merged,2,1,15120,315737.81191634387,,100,,float32,native_horizon,720,,direct_full_horizon,176.13584656084657,176.13584656084657,7.67451171875,1.414400270925385,2413253463043.454,0.48413299076140875,11.719812514112295,13.271618083747233,0.6355490468763549,0.367515745051926,0.29666296995071306,1.414400270925385,1.478701287480662,0.9565152089203696,-0.04445858963193362,0.29666296995071306,0.4710624864152012,0.6297741350798842,-0.4623940396249089,Energy,7
ett1/H/short|H=720|L=2048|Hsrc=controlled|Lsrc=controlled|origins=shared_origin_v1:Hmax=720,joint-scaling,release,standard_hl_shared_origin_v1,ett1/H/short,Toto-2.0-4m,toto2,Toto-2.0-4m,4.144448,4.144448,720,controlled,shared_origin_v1:Hmax=720,720,720,2048,controlled,15260,16700,2048,2048,256,256,100,[],merged,2,1,15120,315737.81191634387,,100,,float32,native_horizon,720,,direct_full_horizon,150.01317791005292,150.01317791005292,7.178480489417989,1.3130563342621713,3351606804762.838,0.4670648484002976,9.529129368522755,12.247986688025625,0.586529556276314,0.3437618837643614,0.2687530938808657,1.3130563342621713,1.478701287480662,0.8879794353187395,-0.11880669468297039,0.2687530938808657,0.4710624864152012,0.5705253583788519,-0.5611976612745969,Energy,7
ett1/H/short|H=720|L=4096|Hsrc=controlled|Lsrc=controlled|origins=shared_origin_v1:Hmax=720,joint-scaling,release,standard_hl_shared_origin_v1,ett1/H/short,Toto-2.0-4m,toto2,Toto-2.0-4m,4.144448,4.144448,720,controlled,shared_origin_v1:Hmax=720,720,720,4096,controlled,15260,16700,4096,4096,256,256,100,[],merged,2,1,15120,315737.81191634387,,100,,float32,native_horizon,720,,direct_full_horizon,153.3764880952381,153.3764880952381,7.40474537037037,1.395160648495016,3621645736052.359,0.496587165953621,9.104816366706466,12.384526155458596,0.5930681356598105,0.3545972188774914,0.2735308458922806,1.395160648495016,1.478701287480662,0.9435040466300139,-0.05815462522670016,0.2735308458922806,0.4710624864152012,0.5806678599560284,-0.5435763552065662,Energy,7
ett2/15T/short|H=48|L=128|Hsrc=controlled|Lsrc=controlled|origins=shared_origin_v1:Hmax=720,joint-scaling,release,standard_hl_shared_origin_v1,ett2/15T/short,Toto-2.0-4m,toto2,Toto-2.0-4m,4.144448,4.144448,48,controlled,shared_origin_v1:Hmax=720,720,720,128,controlled,62480,68960,128,128,256,256,100,[],merged,2,1,3360,61217.23699820042,,100,,float32,native_horizon,48,,direct_full_horizon,9.509449404761904,9.509449404761904,2.066026088169643,0.9430889144686798,0.14887675575689255,0.19913646153041295,6.22698932052279,3.083739516360275,0.16925567508502734,0.11339694498877935,0.08874431937696466,0.9430889144686798,0.819992309386593,1.1501192190133722,0.1398656057092098,0.08874431937696466,0.08888418323744869,0.9984264482679623,-0.0015747910648378327,Energy,7
ett2/15T/short|H=48|L=256|Hsrc=controlled|Lsrc=controlled|origins=shared_origin_v1:Hmax=720,joint-scaling,release,standard_hl_shared_origin_v1,ett2/15T/short,Toto-2.0-4m,toto2,Toto-2.0-4m,4.144448,4.144448,48,controlled,shared_origin_v1:Hmax=720,720,720,256,controlled,62480,68960,256,256,256,256,100,[],merged,2,1,3360,61217.23699820042,,100,,float32,native_horizon,48,,direct_full_horizon,6.4572637648809526,6.4572637648809526,1.6739603678385417,0.7672412861401664,0.1228249475969055,0.1708327338809059,5.07822087495986,2.5411146697622584,0.13947289536527402,0.09187782905169081,0.07155347839874211,0.7672412861401664,0.819992309386593,0.9356688804973211,-0.06649362524486362,0.07155347839874211,0.08888418323744869,0.8050192485606955,-0.2168890905939208,Energy,7
ett2/15T/short|H=48|L=512|Hsrc=controlled|Lsrc=controlled|origins=shared_origin_v1:Hmax=720,joint-scaling,release,standard_hl_shared_origin_v1,ett2/15T/short,Toto-2.0-4m,toto2,Toto-2.0-4m,4.144448,4.144448,48,controlled,shared_origin_v1:Hmax=720,720,720,512,controlled,62480,68960,512,512,256,256,100,[],merged,2,1,3360,61217.23699820042,,100,,float32,native_horizon,48,,direct_full_horizon,6.263682338169643,6.263682338169643,1.664198957170759,0.768048129348959,0.12237350529035902,0.1668982187906901,5.354025246343508,2.5027349716199763,0.1373663679870152,0.09134205936570002,0.07117974949257702,0.768048129348959,0.819992309386593,0.936652844858397,-0.06544256181026736,0.07117974949257702,0.08888418323744869,0.8008145757769372,-0.2221258496271201,Energy,7
ett2/15T/short|H=48|L=1024|Hsrc=controlled|Lsrc=controlled|origins=shared_origin_v1:Hmax=720,joint-scaling,release,standard_hl_shared_origin_v1,ett2/15T/short,Toto-2.0-4m,toto2,Toto-2.0-4m,4.144448,4.144448,48,controlled,shared_origin_v1:Hmax=720,720,720,1024,controlled,62480,68960,1024,1024,256,256,100,[],merged,2,1,3360,61217.23699820042,,100,,float32,native_horizon,48,,direct_full_horizon,6.3727190290178575,6.3727190290178575,1.605027843656994,0.7154078254797748,0.11185783493293358,0.15507149469284784,5.04028836840183,2.5244244946161207,0.13855683003399044,0.08809436392638945,0.06909507429930328,0.7154078254797748,0.819992309386593,0.8724567502528724,-0.13644219604493144,0.06909507429930328,0.08888418323744869,0.7773607382397832,-0.2518507657758574,Energy,7
ett2/15T/short|H=48|L=2048|Hsrc=controlled|Lsrc=controlled|origins=shared_origin_v1:Hmax=720,joint-scaling,release,standard_hl_shared_origin_v1,ett2/15T/short,Toto-2.0-4m,toto2,Toto-2.0-4m,4.144448,4.144448,48,controlled,shared_origin_v1:Hmax=720,720,720,2048,controlled,62480,68960,2048,2048,256,256,100,[],merged,2,1,3360,61217.23699820042,,100,,float32,native_horizon,48,,direct_full_horizon,5.760069056919643,5.760069056919643,1.5106076195126488,0.6620810787366976,0.10146822879923925,0.14581416902087985,4.873428368720769,2.400014386815138,0.1317283944052542,0.08291196810649437,0.06541255606608003,0.6620810787366976,0.819992309386593,0.8074235223400777,-0.213906937546897,0.06541255606608003,0.08888418323744869,0.7359302148429981,-0.30661998153806147,Energy,7
ett2/15T/short|H=48|L=4096|Hsrc=controlled|Lsrc=controlled|origins=shared_origin_v1:Hmax=720,joint-scaling,release,standard_hl_shared_origin_v1,ett2/15T/short,Toto-2.0-4m,toto2,Toto-2.0-4m,4.144448,4.144448,48,controlled,shared_origin_v1:Hmax=720,720,720,4096,controlled,62480,68960,4096,4096,256,256,100,[],merged,2,1,3360,61217.23699820042,,100,,float32,native_horizon,48,,direct_full_horizon,5.567268880208333,5.567268880208333,1.5188563755580358,0.6726521387303026,0.10409765610104293,0.14867065974644253,4.696088146900654,2.3595060669996872,0.1295050344293063,0.08336471347155086,0.06490353653677743,0.6726521387303026,0.819992309386593,0.8203151798258812,-0.19806664693206996,0.06490353653677743,0.08888418323744869,0.7302034419711274,-0.31443209603420347,Energy,7
ett2/15T/short|H=96|L=128|Hsrc=controlled|Lsrc=controlled|origins=shared_origin_v1:Hmax=720,joint-scaling,release,standard_hl_shared_origin_v1,ett2/15T/short,Toto-2.0-4m,toto2,Toto-2.0-4m,4.144448,4.144448,96,controlled,shared_origin_v1:Hmax=720,720,720,128,controlled,62480,68960,128,128,256,256,100,[],merged,2,1,6720,124424.0499805212,,100,,float32,native_horizon,96,,direct_full_horizon,13.980657087053572,13.980657087053572,2.4530831473214287,1.0507083271233815,0.15957453038418476,0.20373142787388393,9.082609228532466,3.739071687873017,0.2019429663834305,0.13248820266323683,0.10514755849392733,1.0507083271233815,0.8129763547178831,1.292421754982032,0.25651778783646145,0.10514755849392733,0.08579978868907917,1.2254990379400643,0.20334813895109483,Energy,7
ett2/15T/short|H=96|L=256|Hsrc=controlled|Lsrc=controlled|origins=shared_origin_v1:Hmax=720,joint-scaling,release,standard_hl_shared_origin_v1,ett2/15T/short,Toto-2.0-4m,toto2,Toto-2.0-4m,4.144448,4.144448,96,controlled,shared_origin_v1:Hmax=720,720,720,256,controlled,62480,68960,256,256,256,256,100,[],merged,2,1,6720,124424.0499805212,,100,,float32,native_horizon,96,,direct_full_horizon,7.232371303013393,7.232371303013393,1.7799627394903275,0.7946039017648886,0.12747005672868908,0.16451614016578311,5.458399926422464,2.689306844339893,0.1452463731633338,0.09613374272295083,0.07562345892977022,0.7946039017648886,0.8129763547178831,0.9774009996153331,-0.022858271417596887,0.07562345892977022,0.08579978868907917,0.8813944659445971,-0.12625000530442548,Energy,7
ett2/15T/short|H=96|L=512|Hsrc=controlled|Lsrc=controlled|origins=shared_origin_v1:Hmax=720,joint-scaling,release,standard_hl_shared_origin_v1,ett2/15T/short,Toto-2.0-4m,toto2,Toto-2.0-4m,4.144448,4.144448,96,controlled,shared_origin_v1:Hmax=720,720,720,512,controlled,62480,68960,512,512,256,256,100,[],merged,2,1,6720,124424.0499805212,,100,,float32,native_horizon,96,,direct_full_horizon,6.22803955078125,6.22803955078125,1.6679963611421131,0.7539465436027086,0.12230854141561978,0.15774676005045574,5.333420666357689,2.495604045272657,0.1347847075131994,0.09008656725632848,0.0706565947271092,0.7539465436027086,0.8129763547178831,0.9273904944804221,-0.0753805567210159,0.0706565947271092,0.08579978868907917,0.823505463202878,-0.1941850952603057,Energy,7
ett2/15T/short|H=96|L=1024|Hsrc=controlled|Lsrc=controlled|origins=shared_origin_v1:Hmax=720,joint-scaling,release,standard_hl_shared_origin_v1,ett2/15T/short,Toto-2.0-4m,toto2,Toto-2.0-4m,4.144448,4.144448,96,controlled,shared_origin_v1:Hmax=720,720,720,1024,controlled,62480,68960,1024,1024,256,256,100,[],merged,2,1,6720,124424.0499805212,,100,,float32,native_horizon,96,,direct_full_horizon,6.653785342261905,6.653785342261905,1.6926603771391369,0.7427266642343222,0.11773010782068373,0.1528210957845052,4.972753273183276,2.57949323361429,0.13931546620289023,0.09141864242608824,0.07155008433612502,0.7427266642343222,0.8129763547178831,0.9135895034635555,-0.09037392935003159,0.07155008433612502,0.08579978868907917,0.8339191206566702,-0.18161885895591656,Energy,7
ett2/15T/short|H=96|L=2048|Hsrc=controlled|Lsrc=controlled|origins=shared_origin_v1:Hmax=720,joint-scaling,release,standard_hl_shared_origin_v1,ett2/15T/short,Toto-2.0-4m,toto2,Toto-2.0-4m,4.144448,4.144448,96,controlled,shared_origin_v1:Hmax=720,720,720,2048,controlled,62480,68960,2048,2048,256,256,100,[],merged,2,1,6720,124424.0499805212,,100,,float32,native_horizon,96,,direct_full_horizon,6.142807152157738,6.142807152157738,1.6215151832217263,0.7045082005421914,0.11095453832477796,0.14702221098400298,4.851960335893256,2.4784687111516535,0.13385924780254724,0.08757617223483626,0.06914131968853582,0.7045082005421914,0.8129763547178831,0.8665789557762329,-0.14320205363580954,0.06914131968853582,0.08579978868907917,0.8058448714726999,-0.2158640221551478,Energy,7
ett2/15T/short|H=96|L=4096|Hsrc=controlled|Lsrc=controlled|origins=shared_origin_v1:Hmax=720,joint-scaling,release,standard_hl_shared_origin_v1,ett2/15T/short,Toto-2.0-4m,toto2,Toto-2.0-4m,4.144448,4.144448,96,controlled,shared_origin_v1:Hmax=720,720,720,4096,controlled,62480,68960,4096,4096,256,256,100,[],merged,2,1,6720,124424.0499805212,,100,,float32,native_horizon,96,,direct_full_horizon,6.235098121279762,6.235098121279762,1.6144073486328125,0.6989442071517769,0.1089416105468157,0.14537542433965775,4.687329743432843,2.4970178456069876,0.13486106524507027,0.08719228625423221,0.06851309516056181,0.6989442071517769,0.8129763547178831,0.8597349764180074,-0.15113110418358272,0.06851309516056181,0.08579978868907917,0.7985228892443921,-0.22499164643497876,Energy,7
ett2/15T/short|H=192|L=128|Hsrc=controlled|Lsrc=controlled|origins=shared_origin_v1:Hmax=720,joint-scaling,release,standard_hl_shared_origin_v1,ett2/15T/short,Toto-2.0-4m,toto2,Toto-2.0-4m,4.144448,4.144448,192,controlled,shared_origin_v1:Hmax=720,720,720,128,controlled,62480,68960,128,128,256,256,100,[],merged,2,1,13440,246436.99194276333,,100,,float32,native_horizon,192,,direct_full_horizon,11.458533296130952,11.458533296130952,2.314366949172247,1.0201322389785306,0.1629702021182376,0.20198731195359004,11.66591917133279,3.385045538265468,0.18461113193937384,0.12621924797759004,0.10427710443581499,1.0201322389785306,0.9157795009384372,1.113949632999165,0.10791192773535742,0.10427710443581499,0.10088154910380433,1.0336588341691375,0.033104774029495077,Energy,7
ett2/15T/short|H=192|L=256|Hsrc=controlled|Lsrc=controlled|origins=shared_origin_v1:Hmax=720,joint-scaling,release,standard_hl_shared_origin_v1,ett2/15T/short,Toto-2.0-4m,toto2,Toto-2.0-4m,4.144448,4.144448,192,controlled,shared_origin_v1:Hmax=720,720,720,256,controlled,62480,68960,256,256,256,256,100,[],merged,2,1,13440,246436.99194276333,,100,,float32,native_horizon,192,,direct_full_horizon,11.633879743303572,11.633879743303572,2.292835199265253,1.0100960986335619,0.161188352127023,0.20053463890438988,8.242399420867711,3.4108473644101363,0.18601829301795444,0.12504496518640415,0.09875230377064853,1.0100960986335619,0.9157795009384372,1.1029905098317603,0.09802513627402501,0.09875230377064853,0.10088154910380433,0.9788936098615529,-0.02133231461270336,Energy,7
ett2/15T/short|H=192|L=512|Hsrc=controlled|Lsrc=controlled|origins=shared_origin_v1:Hmax=720,joint-scaling,release,standard_hl_shared_origin_v1,ett2/15T/short,Toto-2.0-4m,toto2,Toto-2.0-4m,4.144448,4.144448,192,controlled,shared_origin_v1:Hmax=720,720,720,512,controlled,62480,68960,512,512,256,256,100,[],merged,2,1,13440,246436.99194276333,,100,,float32,native_horizon,192,,direct_full_horizon,10.21284877232143,10.21284877232143,2.0740395682198662,0.8945652672574946,0.14364761527607608,0.1786734626406715,6.300880102374269,3.195754804787349,0.1742877326887581,0.11311244946273806,0.08842706303860307,0.8945652672574946,0.9157795009384372,0.9768347799233293,-0.023437750837405666,0.08842706303860307,0.10088154910380433,0.8765434692880664,-0.13176898168280973,Energy,7
ett2/15T/short|H=192|L=1024|Hsrc=controlled|Lsrc=controlled|origins=shared_origin_v1:Hmax=720,joint-scaling,release,standard_hl_shared_origin_v1,ett2/15T/short,Toto-2.0-4m,toto2,Toto-2.0-4m,4.144448,4.144448,192,controlled,shared_origin_v1:Hmax=720,720,720,1024,controlled,62480,68960,1024,1024,256,256,100,[],merged,2,1,13440,246436.99194276333,,100,,float32,native_horizon,192,,direct_full_horizon,8.726574125744047,8.726574125744047,1.9264094761439732,0.8236282857357009,0.1311282431877327,0.167411622546968,5.9840044672781785,2.954077542270014,0.16110731532273462,0.10506110773088947,0.08375084284139539,0.8236282857357009,0.9157795009384372,0.8993740140412565,-0.10605629761212002,0.08375084284139539,0.10088154910380433,0.8301898968186748,-0.18610081301244147,Energy,7
ett2/15T/short|H=192|L=2048|Hsrc=controlled|Lsrc=controlled|origins=shared_origin_v1:Hmax=720,joint-scaling,release,standard_hl_shared_origin_v1,ett2/15T/short,Toto-2.0-4m,toto2,Toto-2.0-4m,4.144448,4.144448,192,controlled,shared_origin_v1:Hmax=720,720,720,2048,controlled,62480,68960,2048,2048,256,256,100,[],merged,2,1,13440,246436.99194276333,,100,,float32,native_horizon,192,,direct_full_horizon,8.982130068824405,8.982130068824405,1.9121083577473958,0.8099591243583814,0.1292147973000247,0.16423292614164806,5.909357231520402,2.9970201982676734,0.16344929041364384,0.10428116382013666,0.08303790849580837,0.8099591243583814,0.9157795009384372,0.8844477557407462,-0.12279183355895686,0.08303790849580837,0.10088154910380433,0.8231228528257893,-0.1946498150519552,Energy,7
ett2/15T/short|H=192|L=4096|Hsrc=controlled|Lsrc=controlled|origins=shared_origin_v1:Hmax=720,joint-scaling,release,standard_hl_shared_origin_v1,ett2/15T/short,Toto-2.0-4m,toto2,Toto-2.0-4m,4.144448,4.144448,192,controlled,shared_origin_v1:Hmax=720,720,720,4096,controlled,62480,68960,4096,4096,256,256,100,[],merged,2,1,13440,246436.99194276333,,100,,float32,native_horizon,192,,direct_full_horizon,7.949294317336309,7.949294317336309,1.8148395356677827,0.7724862547498189,0.1224570679054118,0.158957762945266,5.470139576235923,2.8194492932727675,0.15376505857686734,0.09897638811075928,0.0784806079139739,0.7724862547498189,0.9157795009384372,0.8435286594188014,-0.17016140078753675,0.0784806079139739,0.10088154910380433,0.7779480847703828,-0.2510954861171416,Energy,7
ett2/15T/short|H=336|L=128|Hsrc=controlled|Lsrc=controlled|origins=shared_origin_v1:Hmax=720,joint-scaling,release,standard_hl_shared_origin_v1,ett2/15T/short,Toto-2.0-4m,toto2,Toto-2.0-4m,4.144448,4.144448,336,controlled,shared_origin_v1:Hmax=720,720,720,128,controlled,62480,68960,128,128,256,256,100,[],merged,2,1,23520,432522.33897304535,,100,,float32,native_horizon,336,,direct_full_horizon,13.640723320578232,13.640723320578232,2.4946906887755103,1.0924441777866434,0.17478430263372471,0.2139095384247449,12.562211915284669,3.693334986239162,0.2008387337463248,0.13565802205572697,0.11265230714729134,1.0924441777866434,1.002767734501598,1.0894289277562534,0.08565363945760474,0.11265230714729134,0.11585109762181237,0.9723887771442334,-0.02799957800513254,Energy,7
ett2/15T/short|H=336|L=256|Hsrc=controlled|Lsrc=controlled|origins=shared_origin_v1:Hmax=720,joint-scaling,release,standard_hl_shared_origin_v1,ett2/15T/short,Toto-2.0-4m,toto2,Toto-2.0-4m,4.144448,4.144448,336,controlled,shared_origin_v1:Hmax=720,720,720,256,controlled,62480,68960,256,256,256,256,100,[],merged,2,1,23520,432522.33897304535,,100,,float32,native_horizon,336,,direct_full_horizon,13.640723320578232,13.640723320578232,2.4946906887755103,1.0924441777866434,0.17478430263372471,0.2139095384247449,12.562211915284669,3.693334986239162,0.2008387337463248,0.13565802205572697,0.11265230714729134,1.0924441777866434,1.002767734501598,1.0894289277562534,0.08565363945760474,0.11265230714729134,0.11585109762181237,0.9723887771442334,-0.02799957800513254,Energy,7
ett2/15T/short|H=336|L=512|Hsrc=controlled|Lsrc=controlled|origins=shared_origin_v1:Hmax=720,joint-scaling,release,standard_hl_shared_origin_v1,ett2/15T/short,Toto-2.0-4m,toto2,Toto-2.0-4m,4.144448,4.144448,336,controlled,shared_origin_v1:Hmax=720,720,720,512,controlled,62480,68960,512,512,256,256,100,[],merged,2,1,23520,432522.33897304535,,100,,float32,native_horizon,336,,direct_full_horizon,12.858827593537415,12.858827593537415,2.349040710034014,1.0040786564025155,0.16021891222956078,0.1968244695339073,6.945997526537662,3.5859207455739193,0.19499768760187594,0.1277377664034207,0.09979113273864695,1.0040786564025155,1.002767734501598,1.0013073036315525,0.0013064498541764816,0.09979113273864695,0.11585109762181237,0.8613740809293666,-0.14922639628618856,Energy,7
ett2/15T/short|H=336|L=1024|Hsrc=controlled|Lsrc=controlled|origins=shared_origin_v1:Hmax=720,joint-scaling,release,standard_hl_shared_origin_v1,ett2/15T/short,Toto-2.0-4m,toto2,Toto-2.0-4m,4.144448,4.144448,336,controlled,shared_origin_v1:Hmax=720,720,720,1024,controlled,62480,68960,1024,1024,256,256,100,[],merged,2,1,23520,432522.33897304535,,100,,float32,native_horizon,336,,direct_full_horizon,12.129385894982994,12.129385894982994,2.23753587372449,0.9370876162190613,0.14990650566019786,0.18575674044031676,6.889755834826498,3.482726790172177,0.18938613505915228,0.12167427900938936,0.09654672512828595,0.9370876162190613,1.002767734501598,0.9345011651026234,-0.06774240532151464,0.09654672512828595,0.11585109762181237,0.8333691014603577,-0.18227863596263744,Energy,7
ett2/15T/short|H=336|L=2048|Hsrc=controlled|Lsrc=controlled|origins=shared_origin_v1:Hmax=720,joint-scaling,release,standard_hl_shared_origin_v1,ett2/15T/short,Toto-2.0-4m,toto2,Toto-2.0-4m,4.144448,4.144448,336,controlled,shared_origin_v1:Hmax=720,720,720,2048,controlled,62480,68960,2048,2048,256,256,100,[],merged,2,1,23520,432522.33897304535,,100,,float32,native_horizon,336,,direct_full_horizon,12.024406090561225,12.024406090561225,2.199727957589286,0.9089408533522313,0.1450596745725973,0.1802137310002126,6.635923858129109,3.467622541534938,0.18856478574158558,0.1196183339000307,0.09552574088217192,0.9089408533522313,1.002767734501598,0.9064320899834286,-0.09823916611808817,0.09552574088217192,0.11585109762181237,0.8245562005291385,-0.19290997614097644,Energy,7
ett2/15T/short|H=336|L=4096|Hsrc=controlled|Lsrc=controlled|origins=shared_origin_v1:Hmax=720,joint-scaling,release,standard_hl_shared_origin_v1,ett2/15T/short,Toto-2.0-4m,toto2,Toto-2.0-4m,4.144448,4.144448,336,controlled,shared_origin_v1:Hmax=720,720,720,4096,controlled,62480,68960,4096,4096,256,256,100,[],merged,2,1,23520,432522.33897304535,,100,,float32,native_horizon,336,,direct_full_horizon,11.020223480017007,11.020223480017007,2.085870236766582,0.8654292850565202,0.13718321705465863,0.17418603183460885,6.1634252740127,3.319672194662751,0.18051943907418327,0.11342689971860016,0.09009340029627841,0.8654292850565202,1.002767734501598,0.8630406177624586,-0.14729352323285125,0.09009340029627841,0.11585109762181237,0.7776654873860744,-0.2514588120645044,Energy,7
ett2/15T/short|H=720|L=128|Hsrc=controlled|Lsrc=controlled|origins=shared_origin_v1:Hmax=720,joint-scaling,release,standard_hl_shared_origin_v1,ett2/15T/short,Toto-2.0-4m,toto2,Toto-2.0-4m,4.144448,4.144448,720,controlled,shared_origin_v1:Hmax=720,720,720,128,controlled,62480,68960,128,128,256,256,100,[],merged,2,1,50400,945736.3714669943,,100,,float32,native_horizon,720,,direct_full_horizon,13.599249751984127,13.599249751984127,2.476493675595238,1.092401852467652,0.1695650544650235,0.20204248821924603,13.72609489953645,3.6877160617357903,0.19652505192666186,0.13197682252231746,0.1109820485083856,1.092401852467652,1.0126577750962622,1.078747311611575,0.07580047127944058,0.1109820485083856,0.13282444685997616,0.8355543812306113,-0.17965984481754607,Energy,7
ett2/15T/short|H=720|L=256|Hsrc=controlled|Lsrc=controlled|origins=shared_origin_v1:Hmax=720,joint-scaling,release,standard_hl_shared_origin_v1,ett2/15T/short,Toto-2.0-4m,toto2,Toto-2.0-4m,4.144448,4.144448,720,controlled,shared_origin_v1:Hmax=720,720,720,256,controlled,62480,68960,256,256,256,256,100,[],merged,2,1,50400,945736.3714669943,,100,,float32,native_horizon,720,,direct_full_horizon,13.599249751984127,13.599249751984127,2.476493675595238,1.092401852467652,0.1695650544650235,0.20204248821924603,13.72609489953645,3.6877160617357903,0.19652505192666186,0.13197682252231746,0.1109820485083856,1.092401852467652,1.0126577750962622,1.078747311611575,0.07580047127944058,0.1109820485083856,0.13282444685997616,0.8355543812306113,-0.17965984481754607,Energy,7
ett2/15T/short|H=720|L=512|Hsrc=controlled|Lsrc=controlled|origins=shared_origin_v1:Hmax=720,joint-scaling,release,standard_hl_shared_origin_v1,ett2/15T/short,Toto-2.0-4m,toto2,Toto-2.0-4m,4.144448,4.144448,720,controlled,shared_origin_v1:Hmax=720,720,720,512,controlled,62480,68960,512,512,256,256,100,[],merged,2,1,50400,945736.3714669943,,100,,float32,native_horizon,720,,direct_full_horizon,13.599249751984127,13.599249751984127,2.476493675595238,1.092401852467652,0.1695650544650235,0.20204248821924603,13.72609489953645,3.6877160617357903,0.19652505192666186,0.13197682252231746,0.1109820485083856,1.092401852467652,1.0126577750962622,1.078747311611575,0.07580047127944058,0.1109820485083856,0.13282444685997616,0.8355543812306113,-0.17965984481754607,Energy,7
ett2/15T/short|H=720|L=1024|Hsrc=controlled|Lsrc=controlled|origins=shared_origin_v1:Hmax=720,joint-scaling,release,standard_hl_shared_origin_v1,ett2/15T/short,Toto-2.0-4m,toto2,Toto-2.0-4m,4.144448,4.144448,720,controlled,shared_origin_v1:Hmax=720,720,720,1024,controlled,62480,68960,1024,1024,256,256,100,[],merged,2,1,50400,945736.3714669943,,100,,float32,native_horizon,720,,direct_full_horizon,12.560167410714286,12.560167410714286,2.306312779017857,0.9927017378605998,0.15438896343260647,0.18036450582837302,7.068569436235652,3.544032648088091,0.1888679032049615,0.12290757505941671,0.09618140257327036,0.9927017378605998,1.0126577750962622,0.9802934044191134,-0.019903359862038617,0.09618140257327036,0.13282444685997616,0.7241242470572079,-0.3227922893625987,Energy,7
ett2/15T/short|H=720|L=2048|Hsrc=controlled|Lsrc=controlled|origins=shared_origin_v1:Hmax=720,joint-scaling,release,standard_hl_shared_origin_v1,ett2/15T/short,Toto-2.0-4m,toto2,Toto-2.0-4m,4.144448,4.144448,720,controlled,shared_origin_v1:Hmax=720,720,720,2048,controlled,62480,68960,2048,2048,256,256,100,[],merged,2,1,50400,945736.3714669943,,100,,float32,native_horizon,720,,direct_full_horizon,12.108917410714286,12.108917410714286,2.2421851748511905,0.9345380749776271,0.1455812136133588,0.1754324001736111,7.057605562144174,3.4797869777781347,0.18544413535452012,0.11949009916707412,0.09520945515597345,0.9345380749776271,1.0126577750962622,0.922856761642689,-0.08028124434156565,0.09520945515597345,0.13282444685997616,0.7168067129716225,-0.3329490521704837,Energy,7
ett2/15T/short|H=720|L=4096|Hsrc=controlled|Lsrc=controlled|origins=shared_origin_v1:Hmax=720,joint-scaling,release,standard_hl_shared_origin_v1,ett2/15T/short,Toto-2.0-4m,toto2,Toto-2.0-4m,4.144448,4.144448,720,controlled,shared_origin_v1:Hmax=720,720,720,4096,controlled,62480,68960,4096,4096,256,256,100,[],merged,2,1,50400,945736.3714669943,,100,,float32,native_horizon,720,,direct_full_horizon,11.863025793650793,11.863025793650793,2.2209534660218253,0.9175069742010861,0.1410337789581612,0.17199129619295636,6.6791463508865245,3.444274349358772,0.18355160322153305,0.11835862304192507,0.09314738747905428,0.9175069742010861,1.0126577750962622,0.906038542106556,-0.09867343288753498,0.09314738747905428,0.13282444685997616,0.7012819528414861,-0.3548452576339528,Energy,7
ett2/H/short|H=48|L=128|Hsrc=controlled|Lsrc=controlled|origins=shared_origin_v1:Hmax=720,joint-scaling,release,standard_hl_shared_origin_v1,ett2/H/short,Toto-2.0-4m,toto2,Toto-2.0-4m,4.144448,4.144448,48,controlled,shared_origin_v1:Hmax=720,720,720,128,controlled,15260,16700,128,128,256,256,100,[],merged,2,1,1008,72264.01940023899,,100,,float32,native_horizon,48,,direct_full_horizon,87.51578000992063,87.51578000992063,5.997458806113591,0.7060037898764204,0.1408632015753649,0.12636999099973648,4.675957011526831,9.354986905919251,0.1304913133732417,0.08365765600553499,0.06461772793050723,0.7060037898764204,0.6947240034491291,1.0162363562670789,0.016105956222309488,0.06461772793050723,0.08145786369717765,0.7932656836020866,-0.23159707739113483,Energy,7
ett2/H/short|H=48|L=256|Hsrc=controlled|Lsrc=controlled|origins=shared_origin_v1:Hmax=720,joint-scaling,release,standard_hl_shared_origin_v1,ett2/H/short,Toto-2.0-4m,toto2,Toto-2.0-4m,4.144448,4.144448,48,controlled,shared_origin_v1:Hmax=720,720,720,256,controlled,15260,16700,256,256,256,256,100,[],merged,2,1,1008,72264.01940023899,,100,,float32,native_horizon,48,,direct_full_horizon,80.80698164682539,80.80698164682539,5.764424641927083,0.6709933219291999,0.13846461739606725,0.12240717146131727,4.559243830231304,8.989270362316699,0.1253899879970594,0.08040709729804046,0.06176077674472695,0.6709933219291999,0.6947240034491291,0.9658415695987006,-0.03475546484678045,0.06176077674472695,0.08145786369717765,0.7581929348690596,-0.27681739423788476,Energy,7
ett2/H/short|H=48|L=512|Hsrc=controlled|Lsrc=controlled|origins=shared_origin_v1:Hmax=720,joint-scaling,release,standard_hl_shared_origin_v1,ett2/H/short,Toto-2.0-4m,toto2,Toto-2.0-4m,4.144448,4.144448,48,controlled,shared_origin_v1:Hmax=720,720,720,512,controlled,15260,16700,512,512,256,256,100,[],merged,2,1,1008,72264.01940023899,,100,,float32,native_horizon,48,,direct_full_horizon,60.203489273313494,60.203489273313494,4.987674773685516,0.6078542007664111,0.13223565076877494,0.11643185691227989,4.636946536246724,7.759090750423885,0.10823039655612363,0.0695723295438279,0.055704195673749464,0.6078542007664111,0.6947240034491291,0.8749578217372203,-0.13357959751525084,0.055704195673749464,0.08145786369717765,0.6838406158161928,-0.3800304063250388,Energy,7
ett2/H/short|H=48|L=1024|Hsrc=controlled|Lsrc=controlled|origins=shared_origin_v1:Hmax=720,joint-scaling,release,standard_hl_shared_origin_v1,ett2/H/short,Toto-2.0-4m,toto2,Toto-2.0-4m,4.144448,4.144448,48,controlled,shared_origin_v1:Hmax=720,720,720,1024,controlled,15260,16700,1024,1024,256,256,100,[],merged,2,1,1008,72264.01940023899,,100,,float32,native_horizon,48,,direct_full_horizon,75.32851252480158,75.32851252480158,5.587101043216766,0.6584071762735071,0.13661940035943737,0.12230916250319708,4.6604805802310905,8.679199993363534,0.12106486278953797,0.07793363693722072,0.061244517179570336,0.6584071762735071,0.6947240034491291,0.9477248130260101,-0.053691100485112137,0.061244517179570336,0.08145786369717765,0.75185518499784,-0.28521154671805565,Energy,7
ett2/H/short|H=48|L=2048|Hsrc=controlled|Lsrc=controlled|origins=shared_origin_v1:Hmax=720,joint-scaling,release,standard_hl_shared_origin_v1,ett2/H/short,Toto-2.0-4m,toto2,Toto-2.0-4m,4.144448,4.144448,48,controlled,shared_origin_v1:Hmax=720,720,720,2048,controlled,15260,16700,2048,2048,256,256,100,[],merged,2,1,1008,72264.01940023899,,100,,float32,native_horizon,48,,direct_full_horizon,56.657792348710316,56.657792348710316,4.934673006572421,0.6086502653878649,0.13132202696657466,0.11720804941086542,4.726100072762282,7.527137061905431,0.10499490924214468,0.06883301582043677,0.05530707523096404,0.6086502653878649,0.6947240034491291,0.876103693504284,-0.13227082347087546,0.05530707523096404,0.08145786369717765,0.6789654518386333,-0.38718503366249546,Energy,7
ett2/H/short|H=48|L=4096|Hsrc=controlled|Lsrc=controlled|origins=shared_origin_v1:Hmax=720,joint-scaling,release,standard_hl_shared_origin_v1,ett2/H/short,Toto-2.0-4m,toto2,Toto-2.0-4m,4.144448,4.144448,48,controlled,shared_origin_v1:Hmax=720,720,720,4096,controlled,15260,16700,4096,4096,256,256,100,[],merged,2,1,1008,72264.01940023899,,100,,float32,native_horizon,48,,direct_full_horizon,55.673583984375,55.673583984375,4.7954920208643355,0.5895022555575786,0.12792961135833802,0.11450663823930043,4.720040674380295,7.461473311911998,0.10407897541307287,0.06689160106440556,0.05413121256169381,0.5895022555575786,0.6947240034491291,0.848541654859842,-0.16423610316182427,0.05413121256169381,0.08145786369717765,0.6645302258714814,-0.4086749152245247,Energy,7
ett2/H/short|H=96|L=128|Hsrc=controlled|Lsrc=controlled|origins=shared_origin_v1:Hmax=720,joint-scaling,release,standard_hl_shared_origin_v1,ett2/H/short,Toto-2.0-4m,toto2,Toto-2.0-4m,4.144448,4.144448,96,controlled,shared_origin_v1:Hmax=720,720,720,128,controlled,15260,16700,128,128,256,256,100,[],merged,2,1,2016,144151.83056032658,,100,,float32,native_horizon,96,,direct_full_horizon,84.55493551587301,84.55493551587301,6.304259285094246,0.7811844894652862,0.15918014343991221,0.1377960689484127,5.156036289139485,9.19537576806261,0.12859966797755124,0.08816666891671006,0.06777441276747971,0.7811844894652862,0.7989799974265753,0.9777272171786446,-0.022524566892710304,0.06777441276747971,0.09816146652540124,0.6904380625766398,-0.37042900953814967,Energy,7
ett2/H/short|H=96|L=256|Hsrc=controlled|Lsrc=controlled|origins=shared_origin_v1:Hmax=720,joint-scaling,release,standard_hl_shared_origin_v1,ett2/H/short,Toto-2.0-4m,toto2,Toto-2.0-4m,4.144448,4.144448,96,controlled,shared_origin_v1:Hmax=720,720,720,256,controlled,15260,16700,256,256,256,256,100,[],merged,2,1,2016,144151.83056032658,,100,,float32,native_horizon,96,,direct_full_horizon,145.85320560515873,145.85320560515873,7.8227035280257935,0.8807911604364418,0.1691182353107103,0.14805433485243055,5.219602502363296,12.076970050685674,0.1688994966456093,0.10940249770813783,0.08250996666862148,0.8807911604364418,0.7989799974265753,1.1023945070882513,0.09748463858002059,0.08250996666862148,0.09816146652540124,0.8405535246080537,-0.17369464629545062,Energy,7
ett2/H/short|H=96|L=512|Hsrc=controlled|Lsrc=controlled|origins=shared_origin_v1:Hmax=720,joint-scaling,release,standard_hl_shared_origin_v1,ett2/H/short,Toto-2.0-4m,toto2,Toto-2.0-4m,4.144448,4.144448,96,controlled,shared_origin_v1:Hmax=720,720,720,512,controlled,15260,16700,512,512,256,256,100,[],merged,2,1,2016,144151.83056032658,,100,,float32,native_horizon,96,,direct_full_horizon,93.22005208333333,93.22005208333333,6.424115862165179,0.7666215295840353,0.1566349348698954,0.1362079135955326,5.084572097847674,9.655053189047345,0.135028373579853,0.08984289361975938,0.06941299976264635,0.7666215295840353,0.7989799974265753,0.9595002779208953,-0.04134267388263147,0.06941299976264635,0.09816146652540124,0.7071308347322252,-0.3465395740080121,Energy,7
ett2/H/short|H=96|L=1024|Hsrc=controlled|Lsrc=controlled|origins=shared_origin_v1:Hmax=720,joint-scaling,release,standard_hl_shared_origin_v1,ett2/H/short,Toto-2.0-4m,toto2,Toto-2.0-4m,4.144448,4.144448,96,controlled,shared_origin_v1:Hmax=720,720,720,1024,controlled,15260,16700,1024,1024,256,256,100,[],merged,2,1,2016,144151.83056032658,,100,,float32,native_horizon,96,,direct_full_horizon,114.99978298611111,114.99978298611111,6.973291790674603,0.808233692504859,0.1592818484363328,0.14041646321614584,5.060805183000395,10.723795176434093,0.14997500199377387,0.09752325860417538,0.07369564142473634,0.808233692504859,0.7989799974265753,1.0115818857894925,0.011515329158186215,0.07369564142473634,0.09816146652540124,0.7507593767017133,-0.2866700824175221,Energy,7
ett2/H/short|H=96|L=2048|Hsrc=controlled|Lsrc=controlled|origins=shared_origin_v1:Hmax=720,joint-scaling,release,standard_hl_shared_origin_v1,ett2/H/short,Toto-2.0-4m,toto2,Toto-2.0-4m,4.144448,4.144448,96,controlled,shared_origin_v1:Hmax=720,720,720,2048,controlled,15260,16700,2048,2048,256,256,100,[],merged,2,1,2016,144151.83056032658,,100,,float32,native_horizon,96,,direct_full_horizon,79.42764911954364,79.42764911954364,6.034922281901042,0.733607485181194,0.1501790080887388,0.132639279441228,5.110717647475465,8.91221909063863,0.12463964985313448,0.08439992244996807,0.06514741456004584,0.733607485181194,0.7989799974265753,0.9181800389797756,-0.08536178669783304,0.06514741456004584,0.09816146652540124,0.6636760519789876,-0.4099611220803349,Energy,7
ett2/H/short|H=96|L=4096|Hsrc=controlled|Lsrc=controlled|origins=shared_origin_v1:Hmax=720,joint-scaling,release,standard_hl_shared_origin_v1,ett2/H/short,Toto-2.0-4m,toto2,Toto-2.0-4m,4.144448,4.144448,96,controlled,shared_origin_v1:Hmax=720,720,720,4096,controlled,15260,16700,4096,4096,256,256,100,[],merged,2,1,2016,144151.83056032658,,100,,float32,native_horizon,96,,direct_full_horizon,80.0385509672619,80.0385509672619,5.989985874720982,0.7253890724194366,0.14926196094528138,0.13125873747326078,5.1122103153084675,8.946426715022143,0.1251180521771917,0.08377147537078174,0.06475452692766909,0.7253890724194366,0.7989799974265753,0.9078939081777181,-0.09662774842127701,0.06475452692766909,0.09816146652540124,0.6596735890341712,-0.4160101283672606,Energy,7
ett2/H/short|H=192|L=128|Hsrc=controlled|Lsrc=controlled|origins=shared_origin_v1:Hmax=720,joint-scaling,release,standard_hl_shared_origin_v1,ett2/H/short,Toto-2.0-4m,toto2,Toto-2.0-4m,4.144448,4.144448,192,controlled,shared_origin_v1:Hmax=720,720,720,128,controlled,15260,16700,128,128,256,256,100,[],merged,2,1,4032,286751.6341557503,,100,,float32,native_horizon,192,,direct_full_horizon,161.96372767857142,161.96372767857142,7.961309039403522,0.9608923302210695,0.1869808125585206,0.16226147848462302,9.702284800450332,12.726497070229946,0.17894662165829597,0.11194355750188946,0.09165940474492534,0.9608923302210695,0.8715895895186347,1.1024596229422097,0.09754370448654968,0.09165940474492534,0.1268224591465115,0.7227379547895055,-0.3247085640294618,Energy,7
ett2/H/short|H=192|L=256|Hsrc=controlled|Lsrc=controlled|origins=shared_origin_v1:Hmax=720,joint-scaling,release,standard_hl_shared_origin_v1,ett2/H/short,Toto-2.0-4m,toto2,Toto-2.0-4m,4.144448,4.144448,192,controlled,shared_origin_v1:Hmax=720,720,720,256,controlled,15260,16700,256,256,256,256,100,[],merged,2,1,4032,286751.6341557503,,100,,float32,native_horizon,192,,direct_full_horizon,156.69921875,156.69921875,7.490665496341766,0.8709179880487894,0.16748621413174938,0.1487613254123264,6.597444886299654,12.517955853493014,0.17601433432065308,0.10532586281564299,0.08333134009028306,0.8709179880487894,0.8715895895186347,0.9992294521665681,-0.0007708448580045883,0.08333134009028306,0.1268224591465115,0.6570708425864431,-0.4199634389338545,Energy,7
ett2/H/short|H=192|L=512|Hsrc=controlled|Lsrc=controlled|origins=shared_origin_v1:Hmax=720,joint-scaling,release,standard_hl_shared_origin_v1,ett2/H/short,Toto-2.0-4m,toto2,Toto-2.0-4m,4.144448,4.144448,192,controlled,shared_origin_v1:Hmax=720,720,720,512,controlled,15260,16700,512,512,256,256,100,[],merged,2,1,4032,286751.6341557503,,100,,float32,native_horizon,192,,direct_full_horizon,160.76424541170636,160.76424541170636,7.671563526940724,0.8707852165757372,0.1655648792281133,0.14856461116245814,6.638320413761308,12.679284104858064,0.17828276257710926,0.1078694607327828,0.08499584053236779,0.8707852165757372,0.8715895895186347,0.9990771196070138,-0.0009233065092857954,0.08499584053236779,0.1268224591465115,0.6701954930094555,-0.40018582854568174,Energy,7
ett2/H/short|H=192|L=1024|Hsrc=controlled|Lsrc=controlled|origins=shared_origin_v1:Hmax=720,joint-scaling,release,standard_hl_shared_origin_v1,ett2/H/short,Toto-2.0-4m,toto2,Toto-2.0-4m,4.144448,4.144448,192,controlled,shared_origin_v1:Hmax=720,720,720,1024,controlled,15260,16700,1024,1024,256,256,100,[],merged,2,1,4032,286751.6341557503,,100,,float32,native_horizon,192,,direct_full_horizon,173.9786396329365,173.9786396329365,7.6038818359375,0.8597069028188595,0.16281226226006554,0.14782950991675967,5.764848289591215,13.190096270798652,0.18546526620655246,0.10691779195178892,0.08406103736393727,0.8597069028188595,0.8715895895186347,0.9863666491171174,-0.013727138412115895,0.08406103736393727,0.1268224591465115,0.6628245338377003,-0.4112449786686458,Energy,7
ett2/H/short|H=192|L=2048|Hsrc=controlled|Lsrc=controlled|origins=shared_origin_v1:Hmax=720,joint-scaling,release,standard_hl_shared_origin_v1,ett2/H/short,Toto-2.0-4m,toto2,Toto-2.0-4m,4.144448,4.144448,192,controlled,shared_origin_v1:Hmax=720,720,720,2048,controlled,15260,16700,2048,2048,256,256,100,[],merged,2,1,4032,286751.6341557503,,100,,float32,native_horizon,192,,direct_full_horizon,137.66353546626985,137.66353546626985,7.118075416201637,0.8266436596267784,0.15758503164989077,0.14440052093021452,5.700337000291018,11.733010503117683,0.16497725806464017,0.10008689283540906,0.0785749045338375,0.8266436596267784,0.8715895895186347,0.9484322318298005,-0.05294493988778055,0.0785749045338375,0.1268224591465115,0.6195661640897843,-0.4787357812110935,Energy,7
ett2/H/short|H=192|L=4096|Hsrc=controlled|Lsrc=controlled|origins=shared_origin_v1:Hmax=720,joint-scaling,release,standard_hl_shared_origin_v1,ett2/H/short,Toto-2.0-4m,toto2,Toto-2.0-4m,4.144448,4.144448,192,controlled,shared_origin_v1:Hmax=720,720,720,4096,controlled,15260,16700,4096,4096,256,256,100,[],merged,2,1,4032,286751.6341557503,,100,,float32,native_horizon,192,,direct_full_horizon,142.89065600198413,142.89065600198413,7.064275832403274,0.8147092254823344,0.15783595395891853,0.14254996890113467,5.850564133989166,11.9536879665643,0.1680801925439376,0.09933041965082319,0.07902850120932108,0.8147092254823344,0.8715895895186347,0.9347395096036949,-0.06748738786379675,0.07902850120932108,0.1268224591465115,0.6231427914358882,-0.4729795867203525,Energy,7
ett2/H/short|H=336|L=128|Hsrc=controlled|Lsrc=controlled|origins=shared_origin_v1:Hmax=720,joint-scaling,release,standard_hl_shared_origin_v1,ett2/H/short,Toto-2.0-4m,toto2,Toto-2.0-4m,4.144448,4.144448,336,controlled,shared_origin_v1:Hmax=720,720,720,128,controlled,15260,16700,128,128,256,256,100,[],merged,2,1,7056,500443.1288883686,,100,,float32,native_horizon,336,,direct_full_horizon,194.34761196145124,194.34761196145124,8.604513224560657,1.0198428382802984,0.18937424504099382,0.17020623862337905,11.294659814886918,13.940861234566938,0.1965592315946184,0.12131937038952341,0.09959423698122374,1.0198428382802984,0.935621923693908,1.090015969542355,0.08619234709001714,0.09959423698122374,0.15550102220996356,0.6404731979623112,-0.4455480040129932,Energy,7
ett2/H/short|H=336|L=256|Hsrc=controlled|Lsrc=controlled|origins=shared_origin_v1:Hmax=720,joint-scaling,release,standard_hl_shared_origin_v1,ett2/H/short,Toto-2.0-4m,toto2,Toto-2.0-4m,4.144448,4.144448,336,controlled,shared_origin_v1:Hmax=720,720,720,256,controlled,15260,16700,256,256,256,256,100,[],merged,2,1,7056,500443.1288883686,,100,,float32,native_horizon,336,,direct_full_horizon,194.34761196145124,194.34761196145124,8.604513224560657,1.0198428382802984,0.18937424504099382,0.17020623862337905,11.294659814886918,13.940861234566938,0.1965592315946184,0.12131937038952341,0.09959423698122374,1.0198428382802984,0.935621923693908,1.090015969542355,0.08619234709001714,0.09959423698122374,0.15550102220996356,0.6404731979623112,-0.4455480040129932,Energy,7
ett2/H/short|H=336|L=512|Hsrc=controlled|Lsrc=controlled|origins=shared_origin_v1:Hmax=720,joint-scaling,release,standard_hl_shared_origin_v1,ett2/H/short,Toto-2.0-4m,toto2,Toto-2.0-4m,4.144448,4.144448,336,controlled,shared_origin_v1:Hmax=720,720,720,512,controlled,15260,16700,512,512,256,256,100,[],merged,2,1,7056,500443.1288883686,,100,,float32,native_horizon,336,,direct_full_horizon,234.78971797052154,234.78971797052154,8.545975388853458,0.9523366123106087,0.17572654687053443,0.15787359051693595,7.155741152888816,15.32284953820671,0.21604458149270322,0.12049401592883277,0.09647802874099771,0.9523366123106087,0.935621923693908,1.017864789391328,0.01770708945564566,0.09647802874099771,0.15550102220996356,0.6204334053234024,-0.47733700431404896,Energy,7
ett2/H/short|H=336|L=1024|Hsrc=controlled|Lsrc=controlled|origins=shared_origin_v1:Hmax=720,joint-scaling,release,standard_hl_shared_origin_v1,ett2/H/short,Toto-2.0-4m,toto2,Toto-2.0-4m,4.144448,4.144448,336,controlled,shared_origin_v1:Hmax=720,720,720,1024,controlled,15260,16700,1024,1024,256,256,100,[],merged,2,1,7056,500443.1288883686,,100,,float32,native_horizon,336,,direct_full_horizon,188.65679917800455,188.65679917800455,8.056099751098357,0.9132929044467125,0.16766338233915049,0.1567306345552544,6.92867596241013,13.735239320012031,0.19366006454576268,0.11358701231449993,0.09125641063571911,0.9132929044467125,0.935621923693908,0.9761345702983971,-0.024154822669440554,0.09125641063571911,0.15550102220996356,0.5868540884091498,-0.5329790617581334,Energy,7
ett2/H/short|H=336|L=2048|Hsrc=controlled|Lsrc=controlled|origins=shared_origin_v1:Hmax=720,joint-scaling,release,standard_hl_shared_origin_v1,ett2/H/short,Toto-2.0-4m,toto2,Toto-2.0-4m,4.144448,4.144448,336,controlled,shared_origin_v1:Hmax=720,720,720,2048,controlled,15260,16700,2048,2048,256,256,100,[],merged,2,1,7056,500443.1288883686,,100,,float32,native_horizon,336,,direct_full_horizon,155.99737811791383,155.99737811791383,7.6435441689696715,0.8839910783699119,0.1621283013059535,0.1535197493711026,6.442275884988266,12.489891037071294,0.17610127119406105,0.10777018314958328,0.08609297866733323,0.8839910783699119,0.935621923693908,0.9448165503431627,-0.05676449695439756,0.08609297866733323,0.15550102220996356,0.5536489564106345,-0.5912244457659509,Energy,7
ett2/H/short|H=336|L=4096|Hsrc=controlled|Lsrc=controlled|origins=shared_origin_v1:Hmax=720,joint-scaling,release,standard_hl_shared_origin_v1,ett2/H/short,Toto-2.0-4m,toto2,Toto-2.0-4m,4.144448,4.144448,336,controlled,shared_origin_v1:Hmax=720,720,720,4096,controlled,15260,16700,4096,4096,256,256,100,[],merged,2,1,7056,500443.1288883686,,100,,float32,native_horizon,336,,direct_full_horizon,162.62152777777777,162.62152777777777,7.657419217687075,0.8781439147174824,0.1630246232461507,0.1523875368425365,6.625138657474216,12.752314604720892,0.17980131338956215,0.10796581445731544,0.08701230214842456,0.8781439147174824,0.935621923693908,0.9385670562854087,-0.06340097501745892,0.08701230214842456,0.15550102220996356,0.5595609656567861,-0.5806027926323373,Energy,7
ett2/H/short|H=720|L=128|Hsrc=controlled|Lsrc=controlled|origins=shared_origin_v1:Hmax=720,joint-scaling,release,standard_hl_shared_origin_v1,ett2/H/short,Toto-2.0-4m,toto2,Toto-2.0-4m,4.144448,4.144448,720,controlled,shared_origin_v1:Hmax=720,720,720,128,controlled,15260,16700,128,128,256,256,100,[],merged,2,1,15120,1104114.6179156303,,100,,float32,native_horizon,720,,direct_full_horizon,272.22714947089946,272.22714947089946,10.4840980489418,1.1953145227032014,0.21005655095067835,0.19470053375082672,12.658329244115526,16.499307545194114,0.2259453194762411,0.14357165454367085,0.11767994039940932,1.1953145227032014,1.1284016695734669,1.0592987895480759,0.05760716992927616,0.11767994039940932,0.20790633362858252,0.5660238355683789,-0.5691190893540292,Energy,7
ett2/H/short|H=720|L=256|Hsrc=controlled|Lsrc=controlled|origins=shared_origin_v1:Hmax=720,joint-scaling,release,standard_hl_shared_origin_v1,ett2/H/short,Toto-2.0-4m,toto2,Toto-2.0-4m,4.144448,4.144448,720,controlled,shared_origin_v1:Hmax=720,720,720,256,controlled,15260,16700,256,256,256,256,100,[],merged,2,1,15120,1104114.6179156303,,100,,float32,native_horizon,720,,direct_full_horizon,272.22714947089946,272.22714947089946,10.4840980489418,1.1953145227032014,0.21005655095067835,0.19470053375082672,12.658329244115526,16.499307545194114,0.2259453194762411,0.14357165454367085,0.11767994039940932,1.1953145227032014,1.1284016695734669,1.0592987895480759,0.05760716992927616,0.11767994039940932,0.20790633362858252,0.5660238355683789,-0.5691190893540292,Energy,7
ett2/H/short|H=720|L=512|Hsrc=controlled|Lsrc=controlled|origins=shared_origin_v1:Hmax=720,joint-scaling,release,standard_hl_shared_origin_v1,ett2/H/short,Toto-2.0-4m,toto2,Toto-2.0-4m,4.144448,4.144448,720,controlled,shared_origin_v1:Hmax=720,720,720,512,controlled,15260,16700,512,512,256,256,100,[],merged,2,1,15120,1104114.6179156303,,100,,float32,native_horizon,720,,direct_full_horizon,272.22714947089946,272.22714947089946,10.4840980489418,1.1953145227032014,0.21005655095067835,0.19470053375082672,12.658329244115526,16.499307545194114,0.2259453194762411,0.14357165454367085,0.11767994039940932,1.1953145227032014,1.1284016695734669,1.0592987895480759,0.05760716992927616,0.11767994039940932,0.20790633362858252,0.5660238355683789,-0.5691190893540292,Energy,7
ett2/H/short|H=720|L=1024|Hsrc=controlled|Lsrc=controlled|origins=shared_origin_v1:Hmax=720,joint-scaling,release,standard_hl_shared_origin_v1,ett2/H/short,Toto-2.0-4m,toto2,Toto-2.0-4m,4.144448,4.144448,720,controlled,shared_origin_v1:Hmax=720,720,720,1024,controlled,15260,16700,1024,1024,256,256,100,[],merged,2,1,15120,1104114.6179156303,,100,,float32,native_horizon,720,,direct_full_horizon,272.1878968253968,272.1878968253968,10.105619626322751,1.0920195590249588,0.18767425796130455,0.17944505479600695,9.192600318926011,16.49811797828458,0.22592902927286884,0.13838868381115466,0.11177370592488718,1.0920195590249588,1.1284016695734669,0.9677578370100601,-0.03277339138092562,0.11177370592488718,0.20790633362858252,0.5376156847850871,-0.6206113146312975,Energy,7
ett2/H/short|H=720|L=2048|Hsrc=controlled|Lsrc=controlled|origins=shared_origin_v1:Hmax=720,joint-scaling,release,standard_hl_shared_origin_v1,ett2/H/short,Toto-2.0-4m,toto2,Toto-2.0-4m,4.144448,4.144448,720,controlled,shared_origin_v1:Hmax=720,720,720,2048,controlled,15260,16700,2048,2048,256,256,100,[],merged,2,1,15120,1104114.6179156303,,100,,float32,native_horizon,720,,direct_full_horizon,287.96210317460316,287.96210317460316,10.547034143518518,1.139283630856273,0.19054003455920437,0.18860982259114584,7.92368731285257,16.969446165818233,0.23238350608159217,0.14443351592523324,0.11495477925293066,1.139283630856273,1.1284016695734669,1.0096436947730851,0.009597491160173182,0.11495477925293066,0.20790633362858252,0.5529161966671655,-0.5925488320409675,Energy,7
ett2/H/short|H=720|L=4096|Hsrc=controlled|Lsrc=controlled|origins=shared_origin_v1:Hmax=720,joint-scaling,release,standard_hl_shared_origin_v1,ett2/H/short,Toto-2.0-4m,toto2,Toto-2.0-4m,4.144448,4.144448,720,controlled,shared_origin_v1:Hmax=720,720,720,4096,controlled,15260,16700,4096,4096,256,256,100,[],merged,2,1,15120,1104114.6179156303,,100,,float32,native_horizon,720,,direct_full_horizon,251.73819444444445,251.73819444444445,9.837690145502645,1.075843210641931,0.18372411714520817,0.17992757161458334,8.30876431529885,15.866259623630405,0.21727621536446612,0.13471959576153916,0.10868892456856058,1.075843210641931,1.1284016695734669,0.9534222074029695,-0.04769744363291729,0.10868892456856058,0.20790633362858252,0.5227783236403446,-0.6485977601414828,Energy,7
hierarchical_sales/D/short|H=48|L=128|Hsrc=controlled|Lsrc=controlled|origins=shared_origin_v1:Hmax=720,joint-scaling,release,standard_hl_shared_origin_v1,hierarchical_sales/D/short,Toto-2.0-4m,toto2,Toto-2.0-4m,4.144448,4.144448,48,controlled,shared_origin_v1:Hmax=720,720,720,128,controlled,1105,1105,128,128,256,256,100,[],merged,2,118,5664,19987.0,,100,,float32,native_horizon,48,,direct_full_horizon,34.59216791357698,34.59216791357698,2.379624533787959,0.7575772615887083,0.6965745576699197,0.9266738460562324,8.097943184909713,5.881510682943369,1.6667271980883196,0.6743479941649573,0.5622306157958054,0.7575772615887083,0.9146193419591229,0.8282978796030828,-0.18838243131952345,0.5622306157958054,1.867466512192648,0.3010659693895521,-1.200425870839779,Sales,1
hierarchical_sales/D/short|H=48|L=256|Hsrc=controlled|Lsrc=controlled|origins=shared_origin_v1:Hmax=720,joint-scaling,release,standard_hl_shared_origin_v1,hierarchical_sales/D/short,Toto-2.0-4m,toto2,Toto-2.0-4m,4.144448,4.144448,48,controlled,shared_origin_v1:Hmax=720,720,720,256,controlled,1105,1105,256,256,256,256,100,[],merged,2,118,5664,19987.0,,100,,float32,native_horizon,48,,direct_full_horizon,35.68332340218927,35.68332340218927,2.3670215498929643,0.7505457575666391,0.6781096112278931,0.9411672387419447,7.457916674212128,5.9735519920889,1.6928102508226113,0.6707765076596662,0.555992976968879,0.7505457575666391,0.9146193419591229,0.8206099774349439,-0.19770734034099255,0.555992976968879,1.867466512192648,0.2977258083820047,-1.211582322134838,Sales,1
hierarchical_sales/D/short|H=48|L=512|Hsrc=controlled|Lsrc=controlled|origins=shared_origin_v1:Hmax=720,joint-scaling,release,standard_hl_shared_origin_v1,hierarchical_sales/D/short,Toto-2.0-4m,toto2,Toto-2.0-4m,4.144448,4.144448,48,controlled,shared_origin_v1:Hmax=720,720,720,512,controlled,1105,1105,512,512,256,256,100,[],merged,2,118,5664,19987.0,,100,,float32,native_horizon,48,,direct_full_horizon,34.96690446239407,34.96690446239407,2.3499526546499823,0.7433626420478867,0.6590289829416534,0.9384072513903602,7.092608455854352,5.913282038123505,1.6757306981503743,0.6659394524409616,0.5481609747838895,0.7433626420478867,0.9146193419591229,0.8127563106806787,-0.20732395522577066,0.5481609747838895,1.867466512192648,0.29353188997230123,-1.225768991537022,Sales,1
hierarchical_sales/D/short|H=48|L=1024|Hsrc=controlled|Lsrc=controlled|origins=shared_origin_v1:Hmax=720,joint-scaling,release,standard_hl_shared_origin_v1,hierarchical_sales/D/short,Toto-2.0-4m,toto2,Toto-2.0-4m,4.144448,4.144448,48,controlled,shared_origin_v1:Hmax=720,720,720,1024,controlled,1105,1105,1024,1024,256,256,100,[],merged,2,118,5664,19987.0,,100,,float32,native_horizon,48,,direct_full_horizon,34.29102390095339,34.29102390095339,2.3283917270811263,0.7374197342278223,0.6512438390430602,0.9323145117463365,6.934465582952066,5.855853814855131,1.6594564470575606,0.6598294262364287,0.5392552676116596,0.7374197342278223,0.9146193419591229,0.806258626291745,-0.21535071165280864,0.5392552676116596,1.867466512192648,0.2887630188230278,-1.2421489313295178,Sales,1
hierarchical_sales/D/short|H=48|L=2048|Hsrc=controlled|Lsrc=controlled|origins=shared_origin_v1:Hmax=720,joint-scaling,release,standard_hl_shared_origin_v1,hierarchical_sales/D/short,Toto-2.0-4m,toto2,Toto-2.0-4m,4.144448,4.144448,48,controlled,shared_origin_v1:Hmax=720,720,720,2048,controlled,1105,1105,1105,1105,256,256,100,[],merged,2,118,5664,19987.0,,100,,float32,native_horizon,48,,direct_full_horizon,33.93856759798729,33.93856759798729,2.3139208777476163,0.7347448833963374,0.6455178722741641,0.9287525758904925,6.893495685141031,5.825681728174591,1.6509061544194168,0.655728616178641,0.533822713083719,0.7347448833963374,0.9146193419591229,0.8033340753788425,-0.21898461745786998,0.533822713083719,1.867466512192648,0.28585396824971276,-1.252274199088603,Sales,1
hierarchical_sales/D/short|H=48|L=4096|Hsrc=controlled|Lsrc=controlled|origins=shared_origin_v1:Hmax=720,joint-scaling,release,standard_hl_shared_origin_v1,hierarchical_sales/D/short,Toto-2.0-4m,toto2,Toto-2.0-4m,4.144448,4.144448,48,controlled,shared_origin_v1:Hmax=720,720,720,4096,controlled,1105,1105,1105,1105,256,256,100,[],merged,2,118,5664,19987.0,,100,,float32,native_horizon,48,,direct_full_horizon,33.9385827705685,33.9385827705685,2.3139208777476163,0.7347448932445341,0.6455179020668468,0.9287526620983404,6.8934951613986115,5.825683030389527,1.6509065234465543,0.655728616178641,0.5338227335455182,0.7347448932445341,0.9146193419591229,0.8033340861463786,-0.21898460405431058,0.5338227335455182,1.867466512192648,0.285853979206696,-1.252274160757902,Sales,1
hierarchical_sales/D/short|H=96|L=128|Hsrc=controlled|Lsrc=controlled|origins=shared_origin_v1:Hmax=720,joint-scaling,release,standard_hl_shared_origin_v1,hierarchical_sales/D/short,Toto-2.0-4m,toto2,Toto-2.0-4m,4.144448,4.144448,96,controlled,shared_origin_v1:Hmax=720,720,720,128,controlled,1105,1105,128,128,256,256,100,[],merged,2,118,11210,44867.0,,100,,float32,native_horizon,96,,direct_full_horizon,57.1353367528992,57.1353367528992,2.871085212700714,0.8934671063412646,0.7334288359793333,0.951849152890834,9.926581191842454,7.558792016777495,1.88856082439378,0.7173393637723717,0.5984168217692696,0.8934671063412646,1.0414336391373997,0.8579203443834471,-0.15324402251788602,0.5984168217692696,2.251225579502112,0.2658182401701465,-1.3249425113925277,Sales,1
hierarchical_sales/D/short|H=96|L=256|Hsrc=controlled|Lsrc=controlled|origins=shared_origin_v1:Hmax=720,joint-scaling,release,standard_hl_shared_origin_v1,hierarchical_sales/D/short,Toto-2.0-4m,toto2,Toto-2.0-4m,4.144448,4.144448,96,controlled,shared_origin_v1:Hmax=720,720,720,256,controlled,1105,1105,256,256,256,256,100,[],merged,2,118,11210,44867.0,,100,,float32,native_horizon,96,,direct_full_horizon,57.61651984834969,57.61651984834969,2.8482507247992865,0.883009035673846,0.7149840684760294,0.956329100691347,9.070962270394704,7.590554646951018,1.89649670341946,0.7116341771234984,0.5977158991070451,0.883009035673846,1.0414336391373997,0.8478783500840497,-0.1650181085704636,0.5977158991070451,2.251225579502112,0.2655068885807694,-1.326114492946447,Sales,1
hierarchical_sales/D/short|H=96|L=512|Hsrc=controlled|Lsrc=controlled|origins=shared_origin_v1:Hmax=720,joint-scaling,release,standard_hl_shared_origin_v1,hierarchical_sales/D/short,Toto-2.0-4m,toto2,Toto-2.0-4m,4.144448,4.144448,96,controlled,shared_origin_v1:Hmax=720,720,720,512,controlled,1105,1105,512,512,256,256,100,[],merged,2,118,11210,44867.0,,100,,float32,native_horizon,96,,direct_full_horizon,56.83650758251561,56.83650758251561,2.801553265778323,0.8648972816456852,0.6741979578737811,0.955431638882694,8.81226280145895,7.53899911012832,1.8836155754683501,0.6999668377510196,0.5829197794828022,0.8648972816456852,1.0414336391373997,0.8304871756995134,-0.18574279171024674,0.5829197794828022,2.251225579502112,0.25893441545370255,-1.3511804715352271,Sales,1
hierarchical_sales/D/short|H=96|L=1024|Hsrc=controlled|Lsrc=controlled|origins=shared_origin_v1:Hmax=720,joint-scaling,release,standard_hl_shared_origin_v1,hierarchical_sales/D/short,Toto-2.0-4m,toto2,Toto-2.0-4m,4.144448,4.144448,96,controlled,shared_origin_v1:Hmax=720,720,720,1024,controlled,1105,1105,1024,1024,256,256,100,[],merged,2,118,11210,44867.0,,100,,float32,native_horizon,96,,direct_full_horizon,56.736772413024084,56.736772413024084,2.769250738737734,0.8557309039584539,0.6469426715117204,0.9543712279075602,8.935253010289657,7.5323815897114565,1.8819621909346609,0.6918960657331669,0.5779630576624741,0.8557309039584539,1.0414336391373997,0.8216854841247878,-0.19639757986394338,0.5779630576624741,2.251225579502112,0.25673262729641616,-1.3597200963520972,Sales,1
hierarchical_sales/D/short|H=96|L=2048|Hsrc=controlled|Lsrc=controlled|origins=shared_origin_v1:Hmax=720,joint-scaling,release,standard_hl_shared_origin_v1,hierarchical_sales/D/short,Toto-2.0-4m,toto2,Toto-2.0-4m,4.144448,4.144448,96,controlled,shared_origin_v1:Hmax=720,720,720,2048,controlled,1105,1105,1105,1105,256,256,100,[],merged,2,118,11210,44867.0,,100,,float32,native_horizon,96,,direct_full_horizon,56.50004739072257,56.50004739072257,2.7630246083296166,0.8542776227637329,0.6455859932479717,0.951041245609389,8.948882717352024,7.516651341569767,1.8780319954308753,0.6903404698191322,0.5756099425110839,0.8542776227637329,1.0414336391373997,0.820290022004009,-0.1980973158850223,0.5756099425110839,2.251225579502112,0.255687367695239,-1.3637998007397756,Sales,1
hierarchical_sales/D/short|H=96|L=4096|Hsrc=controlled|Lsrc=controlled|origins=shared_origin_v1:Hmax=720,joint-scaling,release,standard_hl_shared_origin_v1,hierarchical_sales/D/short,Toto-2.0-4m,toto2,Toto-2.0-4m,4.144448,4.144448,96,controlled,shared_origin_v1:Hmax=720,720,720,4096,controlled,1105,1105,1105,1105,256,256,100,[],merged,2,118,11210,44867.0,,100,,float32,native_horizon,96,,direct_full_horizon,56.500039027653884,56.500039027653884,2.7630246083296166,0.854277605192943,0.6455859654161632,0.9510411584940901,8.948883696875873,7.5166507852669255,1.8780318564388578,0.6903404698191322,0.575609892066194,0.854277605192943,1.0414336391373997,0.8202900051322766,-0.19809733645303138,0.575609892066194,2.251225579502112,0.25568734528749343,-1.36379988837706,Sales,1
hierarchical_sales/D/short|H=192|L=128|Hsrc=controlled|Lsrc=controlled|origins=shared_origin_v1:Hmax=720,joint-scaling,release,standard_hl_shared_origin_v1,hierarchical_sales/D/short,Toto-2.0-4m,toto2,Toto-2.0-4m,4.144448,4.144448,192,controlled,shared_origin_v1:Hmax=720,720,720,128,controlled,1105,1105,128,128,256,256,100,[],merged,2,118,22538,84027.0,,100,,float32,native_horizon,192,,direct_full_horizon,51.56209374168072,51.56209374168072,2.8982415635537757,0.9202572609245608,0.8397469067749731,0.9823884678792484,12.102243156629443,7.180675019918442,1.926024415948705,0.7773759429632737,0.6710987252285554,0.9202572609245608,1.0187335912678954,0.903334560490174,-0.10166229530121548,0.6710987252285554,3.325423783044172,0.20180848186940423,-1.6004361408784946,Sales,1
hierarchical_sales/D/short|H=192|L=256|Hsrc=controlled|Lsrc=controlled|origins=shared_origin_v1:Hmax=720,joint-scaling,release,standard_hl_shared_origin_v1,hierarchical_sales/D/short,Toto-2.0-4m,toto2,Toto-2.0-4m,4.144448,4.144448,192,controlled,shared_origin_v1:Hmax=720,720,720,256,controlled,1105,1105,256,256,256,256,100,[],merged,2,118,22538,84027.0,,100,,float32,native_horizon,192,,direct_full_horizon,51.363763421776554,51.363763421776554,2.748596034336454,0.8755726185274655,0.7539407318219882,0.9810427371966235,10.393359467226238,7.166851709207925,1.9223166818061836,0.7372375239134445,0.6292095398859795,0.8755726185274655,1.0187335912678954,0.8594716283358688,-0.15143746420275694,0.6292095398859795,3.325423783044172,0.18921183612573617,-1.664888065516977,Sales,1
hierarchical_sales/D/short|H=192|L=512|Hsrc=controlled|Lsrc=controlled|origins=shared_origin_v1:Hmax=720,joint-scaling,release,standard_hl_shared_origin_v1,hierarchical_sales/D/short,Toto-2.0-4m,toto2,Toto-2.0-4m,4.144448,4.144448,192,controlled,shared_origin_v1:Hmax=720,720,720,512,controlled,1105,1105,512,512,256,256,100,[],merged,2,118,22538,84027.0,,100,,float32,native_horizon,192,,direct_full_horizon,51.15698764309167,51.15698764309167,2.666513568750555,0.840676352500783,0.6886105553000708,0.9895257627395954,8.892060164477343,7.152411316688356,1.9184434319388073,0.7152210933687982,0.5954854638008802,0.840676352500783,1.0187335912678954,0.825217073145192,-0.1921088082933107,0.5954854638008802,3.325423783044172,0.1790705493949883,-1.7199754200922253,Sales,1
hierarchical_sales/D/short|H=192|L=1024|Hsrc=controlled|Lsrc=controlled|origins=shared_origin_v1:Hmax=720,joint-scaling,release,standard_hl_shared_origin_v1,hierarchical_sales/D/short,Toto-2.0-4m,toto2,Toto-2.0-4m,4.144448,4.144448,192,controlled,shared_origin_v1:Hmax=720,720,720,1024,controlled,1105,1105,1024,1024,256,256,100,[],merged,2,118,22538,84027.0,,100,,float32,native_horizon,192,,direct_full_horizon,51.19276610613186,51.19276610613186,2.6136570042816576,0.8207119498575834,0.6446267576838289,0.98581306605788,8.961639888185474,7.154912026442524,1.919114180584355,0.7010437307353589,0.5849175622628653,0.8207119498575834,1.0187335912678954,0.805619797847386,-0.2161433625974951,0.5849175622628653,3.325423783044172,0.17589263817901063,-1.737881480422526,Sales,1
hierarchical_sales/D/short|H=192|L=2048|Hsrc=controlled|Lsrc=controlled|origins=shared_origin_v1:Hmax=720,joint-scaling,release,standard_hl_shared_origin_v1,hierarchical_sales/D/short,Toto-2.0-4m,toto2,Toto-2.0-4m,4.144448,4.144448,192,controlled,shared_origin_v1:Hmax=720,720,720,2048,controlled,1105,1105,1105,1105,256,256,100,[],merged,2,118,22538,84027.0,,100,,float32,native_horizon,192,,direct_full_horizon,50.98396596858639,50.98396596858639,2.6062262380479635,0.818748734826187,0.6426003060182749,0.9838163948109859,8.967979141694977,7.140305733551357,1.9151964323703152,0.6990506260264557,0.5828626621822934,0.818748734826187,1.0187335912678954,0.8036926845684834,-0.21853831599664836,0.5828626621822934,3.325423783044172,0.1752747018753583,-1.741400810787096,Sales,1
hierarchical_sales/D/short|H=192|L=4096|Hsrc=controlled|Lsrc=controlled|origins=shared_origin_v1:Hmax=720,joint-scaling,release,standard_hl_shared_origin_v1,hierarchical_sales/D/short,Toto-2.0-4m,toto2,Toto-2.0-4m,4.144448,4.144448,192,controlled,shared_origin_v1:Hmax=720,720,720,4096,controlled,1105,1105,1105,1105,256,256,100,[],merged,2,118,22538,84027.0,,100,,float32,native_horizon,192,,direct_full_horizon,50.98396042239773,50.98396042239773,2.6062262380479635,0.8187487403012423,0.6426003060182749,0.9838163948109859,8.967982501152326,7.140305345179415,1.9151963281999078,0.6990506260264557,0.5828626528722416,0.8187487403012423,1.0187335912678954,0.8036926899428575,-0.21853830930954748,0.5828626528722416,3.325423783044172,0.17527469907569954,-1.741400826760073,Sales,1
hierarchical_sales/D/short|H=336|L=128|Hsrc=controlled|Lsrc=controlled|origins=shared_origin_v1:Hmax=720,joint-scaling,release,standard_hl_shared_origin_v1,hierarchical_sales/D/short,Toto-2.0-4m,toto2,Toto-2.0-4m,4.144448,4.144448,336,controlled,shared_origin_v1:Hmax=720,720,720,128,controlled,1105,1105,128,128,256,256,100,[],merged,2,118,39530,142438.0,,100,,float32,native_horizon,336,,direct_full_horizon,48.83445642549962,48.83445642549962,2.8573622881355933,0.8937756973228783,0.845762953902052,0.9916650526498861,12.593933596278966,6.988165454931617,1.9393854198559852,0.7929873436161698,0.7001022900971834,0.8937756973228783,0.9843623022305182,0.9079743254060268,-0.09653917676516888,0.7001022900971834,4.483902756957517,0.15613681385281133,-1.857022644205817,Sales,1
hierarchical_sales/D/short|H=336|L=256|Hsrc=controlled|Lsrc=controlled|origins=shared_origin_v1:Hmax=720,joint-scaling,release,standard_hl_shared_origin_v1,hierarchical_sales/D/short,Toto-2.0-4m,toto2,Toto-2.0-4m,4.144448,4.144448,336,controlled,shared_origin_v1:Hmax=720,720,720,256,controlled,1105,1105,256,256,256,256,100,[],merged,2,118,39530,142438.0,,100,,float32,native_horizon,336,,direct_full_horizon,48.83445642549962,48.83445642549962,2.8573622881355933,0.8937756973228783,0.845762953902052,0.9916650526498861,12.593933596278966,6.988165454931617,1.9393854198559852,0.7929873436161698,0.7001022900971834,0.8937756973228783,0.9843623022305182,0.9079743254060268,-0.09653917676516888,0.7001022900971834,4.483902756957517,0.15613681385281133,-1.857022644205817,Sales,1
hierarchical_sales/D/short|H=336|L=512|Hsrc=controlled|Lsrc=controlled|origins=shared_origin_v1:Hmax=720,joint-scaling,release,standard_hl_shared_origin_v1,hierarchical_sales/D/short,Toto-2.0-4m,toto2,Toto-2.0-4m,4.144448,4.144448,336,controlled,shared_origin_v1:Hmax=720,720,720,512,controlled,1105,1105,512,512,256,256,100,[],merged,2,118,39530,142438.0,,100,,float32,native_horizon,336,,direct_full_horizon,48.38979098153301,48.38979098153301,2.7126807369402983,0.8578511890666863,0.7784950742788295,1.0017564784657222,8.472270467377326,6.956277092061026,1.930535625669922,0.7528347037395217,0.62547611018323,0.8578511890666863,0.9843623022305182,0.8714791160966204,-0.1375633774800142,0.62547611018323,4.483902756957517,0.13949368308951401,-1.969735961258445,Sales,1
hierarchical_sales/D/short|H=336|L=1024|Hsrc=controlled|Lsrc=controlled|origins=shared_origin_v1:Hmax=720,joint-scaling,release,standard_hl_shared_origin_v1,hierarchical_sales/D/short,Toto-2.0-4m,toto2,Toto-2.0-4m,4.144448,4.144448,336,controlled,shared_origin_v1:Hmax=720,720,720,1024,controlled,1105,1105,1024,1024,256,256,100,[],merged,2,118,39530,142438.0,,100,,float32,native_horizon,336,,direct_full_horizon,47.90784056412851,47.90784056412851,2.5673426432456363,0.7971582917196689,0.6571404657759339,1.0003098912218569,8.372025931721463,6.921549000341507,1.9208977378473424,0.7124998573940943,0.5906893680612554,0.7971582917196689,0.9843623022305182,0.8098220440922475,-0.21094075410448307,0.5906893680612554,4.483902756957517,0.13173554380605224,-2.0269588220130723,Sales,1
hierarchical_sales/D/short|H=336|L=2048|Hsrc=controlled|Lsrc=controlled|origins=shared_origin_v1:Hmax=720,joint-scaling,release,standard_hl_shared_origin_v1,hierarchical_sales/D/short,Toto-2.0-4m,toto2,Toto-2.0-4m,4.144448,4.144448,336,controlled,shared_origin_v1:Hmax=720,720,720,2048,controlled,1105,1105,1105,1105,256,256,100,[],merged,2,118,39530,142438.0,,100,,float32,native_horizon,336,,direct_full_horizon,47.59069377687832,47.59069377687832,2.5479258237414624,0.7913659276066963,0.6476482083586218,0.9935074528048318,8.357374197463365,6.898600856469254,1.9145290712887684,0.707111219004058,0.5866736211956677,0.7913659276066963,0.9843623022305182,0.8039376617872288,-0.21823354789968263,0.5866736211956677,4.483902756957517,0.13083995193369136,-2.0337804436791007,Sales,1
hierarchical_sales/D/short|H=336|L=4096|Hsrc=controlled|Lsrc=controlled|origins=shared_origin_v1:Hmax=720,joint-scaling,release,standard_hl_shared_origin_v1,hierarchical_sales/D/short,Toto-2.0-4m,toto2,Toto-2.0-4m,4.144448,4.144448,336,controlled,shared_origin_v1:Hmax=720,720,720,4096,controlled,1105,1105,1105,1105,256,256,100,[],merged,2,118,39530,142438.0,,100,,float32,native_horizon,336,,direct_full_horizon,47.590690614722995,47.590690614722995,2.5479258237414624,0.7913659087157126,0.6476481743746817,0.9935074528048318,8.35737501272366,6.898600627281086,1.9145290076834927,0.707111219004058,0.5866736093799186,0.7913659087157126,0.9843623022305182,0.8039376425961406,-0.2182335717710464,0.5866736093799186,4.483902756957517,0.130839949298543,-2.033780463819343,Sales,1
hierarchical_sales/D/short|H=720|L=128|Hsrc=controlled|Lsrc=controlled|origins=shared_origin_v1:Hmax=720,joint-scaling,release,standard_hl_shared_origin_v1,hierarchical_sales/D/short,Toto-2.0-4m,toto2,Toto-2.0-4m,4.144448,4.144448,720,controlled,shared_origin_v1:Hmax=720,720,720,128,controlled,1105,1105,128,128,256,256,100,[],merged,2,118,83544,294968.0,,100,,float32,native_horizon,720,,direct_full_horizon,43.595065175237,43.595065175237,2.7814727493895433,0.8741247187361432,0.831419918868526,0.9911880266685819,12.76799462717083,6.60265591828296,1.8700750116522185,0.7877985387397956,0.7008017411526243,0.8741247187361432,0.9742282554481628,0.8972483746470993,-0.1084225604388148,0.7008017411526243,6.5888634602276355,0.10636155163676933,-2.240911124176974,Sales,1
hierarchical_sales/D/short|H=720|L=256|Hsrc=controlled|Lsrc=controlled|origins=shared_origin_v1:Hmax=720,joint-scaling,release,standard_hl_shared_origin_v1,hierarchical_sales/D/short,Toto-2.0-4m,toto2,Toto-2.0-4m,4.144448,4.144448,720,controlled,shared_origin_v1:Hmax=720,720,720,256,controlled,1105,1105,256,256,256,256,100,[],merged,2,118,83544,294968.0,,100,,float32,native_horizon,720,,direct_full_horizon,43.595065175237,43.595065175237,2.7814727493895433,0.8741247187361432,0.831419918868526,0.9911880266685819,12.76799462717083,6.60265591828296,1.8700750116522185,0.7877985387397956,0.7008017411526243,0.8741247187361432,0.9742282554481628,0.8972483746470993,-0.1084225604388148,0.7008017411526243,6.5888634602276355,0.10636155163676933,-2.240911124176974,Sales,1
hierarchical_sales/D/short|H=720|L=512|Hsrc=controlled|Lsrc=controlled|origins=shared_origin_v1:Hmax=720,joint-scaling,release,standard_hl_shared_origin_v1,hierarchical_sales/D/short,Toto-2.0-4m,toto2,Toto-2.0-4m,4.144448,4.144448,720,controlled,shared_origin_v1:Hmax=720,720,720,512,controlled,1105,1105,512,512,256,256,100,[],merged,2,118,83544,294968.0,,100,,float32,native_horizon,720,,direct_full_horizon,43.595065175237,43.595065175237,2.7814727493895433,0.8741247187361432,0.831419918868526,0.9911880266685819,12.76799462717083,6.60265591828296,1.8700750116522185,0.7877985387397956,0.7008017411526243,0.8741247187361432,0.9742282554481628,0.8972483746470993,-0.1084225604388148,0.7008017411526243,6.5888634602276355,0.10636155163676933,-2.240911124176974,Sales,1
hierarchical_sales/D/short|H=720|L=1024|Hsrc=controlled|Lsrc=controlled|origins=shared_origin_v1:Hmax=720,joint-scaling,release,standard_hl_shared_origin_v1,hierarchical_sales/D/short,Toto-2.0-4m,toto2,Toto-2.0-4m,4.144448,4.144448,720,controlled,shared_origin_v1:Hmax=720,720,720,1024,controlled,1105,1105,1024,1024,256,256,100,[],merged,2,118,83544,294968.0,,100,,float32,native_horizon,720,,direct_full_horizon,43.736336541223785,43.736336541223785,2.5914734114658144,0.8108307116484175,0.7044124284989036,1.007773832127382,8.173373158769756,6.613345336607169,1.8731025833361898,0.7339848888269236,0.6069728652264071,0.8108307116484175,0.9742282554481628,0.832280019712034,-0.1835863326313784,0.6069728652264071,6.5888634602276355,0.09212102646993342,-2.3846520613438664,Sales,1
hierarchical_sales/D/short|H=720|L=2048|Hsrc=controlled|Lsrc=controlled|origins=shared_origin_v1:Hmax=720,joint-scaling,release,standard_hl_shared_origin_v1,hierarchical_sales/D/short,Toto-2.0-4m,toto2,Toto-2.0-4m,4.144448,4.144448,720,controlled,shared_origin_v1:Hmax=720,720,720,2048,controlled,1105,1105,1105,1105,256,256,100,[],merged,2,118,83544,294968.0,,100,,float32,native_horizon,720,,direct_full_horizon,42.93032414057263,42.93032414057263,2.5110666796837595,0.7844329493817537,0.647364108033206,1.0030242297471992,8.064609750558676,6.552123635934584,1.8557627167710358,0.7112112320234737,0.5872803830897633,0.7844329493817537,0.9742282554481628,0.8051839443117981,-0.21668452541555586,0.5872803830897633,6.5888634602276355,0.08913227397027797,-2.4176337882032426,Sales,1
hierarchical_sales/D/short|H=720|L=4096|Hsrc=controlled|Lsrc=controlled|origins=shared_origin_v1:Hmax=720,joint-scaling,release,standard_hl_shared_origin_v1,hierarchical_sales/D/short,Toto-2.0-4m,toto2,Toto-2.0-4m,4.144448,4.144448,720,controlled,shared_origin_v1:Hmax=720,720,720,4096,controlled,1105,1105,1105,1105,256,256,100,[],merged,2,118,83544,294968.0,,100,,float32,native_horizon,720,,direct_full_horizon,42.93032264435507,42.93032264435507,2.5110665861701618,0.7844329467359661,0.6473640756441477,1.0030241362336014,8.064610748021376,6.552123521756521,1.8557626844323,0.7112112055375498,0.5872803682831088,0.7844329467359661,0.9742282554481628,0.8051839415960201,-0.21668452878842234,0.5872803682831088,6.5888634602276355,0.0891322717230536,-2.417633813415484,Sales,1
jena_weather/10T/short|H=48|L=128|Hsrc=controlled|Lsrc=controlled|origins=shared_origin_v1:Hmax=720,joint-scaling,release,standard_hl_shared_origin_v1,jena_weather/10T/short,Toto-2.0-4m,toto2,Toto-2.0-4m,4.144448,4.144448,48,controlled,shared_origin_v1:Hmax=720,720,720,128,controlled,46944,51984,128,128,256,256,100,[],merged,2,1,8064,1266753.2614265718,,100,,float32,native_horizon,48,,direct_full_horizon,892.0652281746031,892.0652281746031,3.942317902095734,0.2734461584800605,0.41760377130568016,0.6083365546332465,3.767452225291615,29.867461026585488,0.19013269043976838,0.02509632501494276,0.024601195044318097,0.2734461584800605,0.7056584768569798,0.38750495806129387,-0.9480266352737032,0.024601195044318097,0.16264350565490623,0.15125839144488454,-1.8887657029828435,Nature,21
jena_weather/10T/short|H=48|L=256|Hsrc=controlled|Lsrc=controlled|origins=shared_origin_v1:Hmax=720,joint-scaling,release,standard_hl_shared_origin_v1,jena_weather/10T/short,Toto-2.0-4m,toto2,Toto-2.0-4m,4.144448,4.144448,48,controlled,shared_origin_v1:Hmax=720,720,720,256,controlled,46944,51984,256,256,256,256,100,[],merged,2,1,8064,1266753.2614265718,,100,,float32,native_horizon,48,,direct_full_horizon,916.2757936507936,916.2757936507936,4.026901487320188,0.2622554610573073,0.3476323483941876,0.5935131254650298,3.620969213838519,30.270047797299455,0.19269550974949046,0.025634774018406834,0.02429354198023638,0.2622554610573073,0.7056584768569798,0.37164644039337497,-0.9898123057031306,0.02429354198023638,0.16264350565490623,0.14936681229548712,-1.901350170883259,Nature,21
jena_weather/10T/short|H=48|L=512|Hsrc=controlled|Lsrc=controlled|origins=shared_origin_v1:Hmax=720,joint-scaling,release,standard_hl_shared_origin_v1,jena_weather/10T/short,Toto-2.0-4m,toto2,Toto-2.0-4m,4.144448,4.144448,48,controlled,shared_origin_v1:Hmax=720,720,720,512,controlled,46944,51984,512,512,256,256,100,[],merged,2,1,8064,1266753.2614265718,,100,,float32,native_horizon,48,,direct_full_horizon,897.2957589285714,897.2957589285714,4.0760498046875,0.27969293724129834,0.4846873247476366,0.6013858129107763,3.745059865566538,29.954895408406475,0.1906892872739541,0.025947646337996257,0.023992475756531313,0.27969293724129834,0.7056584768569798,0.39635736891740825,-0.9254390279267813,0.023992475756531313,0.16264350565490623,0.14751573178358607,-1.913820452729721,Nature,21
jena_weather/10T/short|H=48|L=1024|Hsrc=controlled|Lsrc=controlled|origins=shared_origin_v1:Hmax=720,joint-scaling,release,standard_hl_shared_origin_v1,jena_weather/10T/short,Toto-2.0-4m,toto2,Toto-2.0-4m,4.144448,4.144448,48,controlled,shared_origin_v1:Hmax=720,720,720,1024,controlled,46944,51984,1024,1024,256,256,100,[],merged,2,1,8064,1266753.2614265718,,100,,float32,native_horizon,48,,direct_full_horizon,891.645523313492,891.645523313492,3.91085452125186,0.2744663628675922,0.39599546784870215,0.6006418863932291,3.6961204704557704,29.860434077780784,0.19008795772276135,0.024896032889513954,0.022314465881646248,0.2744663628675922,0.7056584768569798,0.388950706140557,-0.9443026628262919,0.022314465881646248,0.16264350565490623,0.13719862832391622,-1.9863255613794235,Nature,21
jena_weather/10T/short|H=48|L=2048|Hsrc=controlled|Lsrc=controlled|origins=shared_origin_v1:Hmax=720,joint-scaling,release,standard_hl_shared_origin_v1,jena_weather/10T/short,Toto-2.0-4m,toto2,Toto-2.0-4m,4.144448,4.144448,48,controlled,shared_origin_v1:Hmax=720,720,720,2048,controlled,46944,51984,2048,2048,256,256,100,[],merged,2,1,8064,1266753.2614265718,,100,,float32,native_horizon,48,,direct_full_horizon,893.4608134920635,893.4608134920635,3.9536220005580356,0.27634638408873274,0.3903867271996675,0.6086780608646454,3.6391053501824584,29.890814868318053,0.19028135820756978,0.025168285555938207,0.02228858860278255,0.27634638408873274,0.7056584768569798,0.391614914511601,-0.9374762829642125,0.02228858860278255,0.16264350565490623,0.13703952403776906,-1.98748589813511,Nature,21
jena_weather/10T/short|H=48|L=4096|Hsrc=controlled|Lsrc=controlled|origins=shared_origin_v1:Hmax=720,joint-scaling,release,standard_hl_shared_origin_v1,jena_weather/10T/short,Toto-2.0-4m,toto2,Toto-2.0-4m,4.144448,4.144448,48,controlled,shared_origin_v1:Hmax=720,720,720,4096,controlled,46944,51984,4096,4096,256,256,100,[],merged,2,1,8064,1266753.2614265718,,100,,float32,native_horizon,48,,direct_full_horizon,895.6298363095239,895.6298363095239,3.9668797084263394,0.27323073134522463,0.37407319665318056,0.6041925823877728,3.646602259566597,29.927075304972984,0.19051218781747822,0.02525268254113294,0.022313932764131496,0.27323073134522463,0.7056584768569798,0.38719967279667783,-0.9488147686299745,0.022313932764131496,0.16264350565490623,0.13719535049543727,-1.986349452781802,Nature,21
jena_weather/10T/short|H=96|L=128|Hsrc=controlled|Lsrc=controlled|origins=shared_origin_v1:Hmax=720,joint-scaling,release,standard_hl_shared_origin_v1,jena_weather/10T/short,Toto-2.0-4m,toto2,Toto-2.0-4m,4.144448,4.144448,96,controlled,shared_origin_v1:Hmax=720,720,720,128,controlled,46944,51984,128,128,256,256,100,[],merged,2,1,16128,2666546.043662604,,100,,float32,native_horizon,96,,direct_full_horizon,3033.4573412698414,3033.4573412698414,13.771015469990079,0.5149586705137611,0.5937975154826706,0.6779606531536768,5.110152391925428,55.0768312566168,0.33311974365409047,0.08329086911056617,0.06979395229570348,0.5149586705137611,0.7741562320408423,0.6651870116142052,-0.407687057388859,0.06979395229570348,0.15759631843720967,0.44286537266738973,-0.8144894542943898,Nature,21
jena_weather/10T/short|H=96|L=256|Hsrc=controlled|Lsrc=controlled|origins=shared_origin_v1:Hmax=720,joint-scaling,release,standard_hl_shared_origin_v1,jena_weather/10T/short,Toto-2.0-4m,toto2,Toto-2.0-4m,4.144448,4.144448,96,controlled,shared_origin_v1:Hmax=720,720,720,256,controlled,46944,51984,256,256,256,256,100,[],merged,2,1,16128,2666546.043662604,,100,,float32,native_horizon,96,,direct_full_horizon,3013.5240575396824,3013.5240575396824,13.755698552207342,0.5079081728365992,0.48689657506665185,0.6496874491373698,4.930219293644515,54.89557411613146,0.3320234508791372,0.08319822820133188,0.07083363977304814,0.5079081728365992,0.7741562320408423,0.6560796798052558,-0.4214730342963272,0.07083363977304814,0.15759631843720967,0.44946252853787344,-0.799702791086194,Nature,21
jena_weather/10T/short|H=96|L=512|Hsrc=controlled|Lsrc=controlled|origins=shared_origin_v1:Hmax=720,joint-scaling,release,standard_hl_shared_origin_v1,jena_weather/10T/short,Toto-2.0-4m,toto2,Toto-2.0-4m,4.144448,4.144448,96,controlled,shared_origin_v1:Hmax=720,720,720,512,controlled,46944,51984,512,512,256,256,100,[],merged,2,1,16128,2666546.043662604,,100,,float32,native_horizon,96,,direct_full_horizon,1537.4781746031747,1537.4781746031747,10.187926277281745,0.4809618857556386,0.5526439726357106,0.5675609528072296,4.843145894120922,39.210689545112245,0.2371569778390019,0.06161936539236077,0.050426092105662824,0.4809618857556386,0.7741562320408423,0.6212723812707929,-0.4759856760298151,0.050426092105662824,0.15759631843720967,0.3199699879141139,-1.1395280753551067,Nature,21
jena_weather/10T/short|H=96|L=1024|Hsrc=controlled|Lsrc=controlled|origins=shared_origin_v1:Hmax=720,joint-scaling,release,standard_hl_shared_origin_v1,jena_weather/10T/short,Toto-2.0-4m,toto2,Toto-2.0-4m,4.144448,4.144448,96,controlled,shared_origin_v1:Hmax=720,720,720,1024,controlled,46944,51984,1024,1024,256,256,100,[],merged,2,1,16128,2666546.043662604,,100,,float32,native_horizon,96,,direct_full_horizon,1249.3360615079366,1249.3360615079366,8.98271251860119,0.45815205900231026,0.5614485843423683,0.5436168852306548,4.341927622467868,35.345948303984386,0.2137819654760814,0.054329902851034624,0.04490168707836739,0.45815205900231026,0.7741562320408423,0.5918082682025603,-0.5245725678352199,0.04490168707836739,0.15759631843720967,0.28491583765173645,-1.2555614488101678,Nature,21
jena_weather/10T/short|H=96|L=2048|Hsrc=controlled|Lsrc=controlled|origins=shared_origin_v1:Hmax=720,joint-scaling,release,standard_hl_shared_origin_v1,jena_weather/10T/short,Toto-2.0-4m,toto2,Toto-2.0-4m,4.144448,4.144448,96,controlled,shared_origin_v1:Hmax=720,720,720,2048,controlled,46944,51984,2048,2048,256,256,100,[],merged,2,1,16128,2666546.043662604,,100,,float32,native_horizon,96,,direct_full_horizon,1375.7695932539682,1375.7695932539682,9.55244373139881,0.46468628231352527,0.6717927700094424,0.5543778434632316,4.5703173515713456,37.091368177164455,0.22433874239037868,0.05777579309614701,0.04770324445531598,0.46468628231352527,0.7741562320408423,0.6002487134780434,-0.5104111871932864,0.04770324445531598,0.15759631843720967,0.3026926322160384,-1.1950374034686027,Nature,21
jena_weather/10T/short|H=96|L=4096|Hsrc=controlled|Lsrc=controlled|origins=shared_origin_v1:Hmax=720,joint-scaling,release,standard_hl_shared_origin_v1,jena_weather/10T/short,Toto-2.0-4m,toto2,Toto-2.0-4m,4.144448,4.144448,96,controlled,shared_origin_v1:Hmax=720,720,720,4096,controlled,46944,51984,4096,4096,256,256,100,[],merged,2,1,16128,2666546.043662604,,100,,float32,native_horizon,96,,direct_full_horizon,1378.3955853174602,1378.3955853174602,9.480379619295634,0.44707028335735544,0.6609538881405984,0.5436073182121156,4.4794110481894425,37.12675026604753,0.22455274294396463,0.05733992963046179,0.04773294683598469,0.44707028335735544,0.7741562320408423,0.5774936180243386,-0.5490578876873579,0.04773294683598469,0.15759631843720967,0.30288110350117536,-1.1944149481667756,Nature,21
jena_weather/10T/short|H=192|L=128|Hsrc=controlled|Lsrc=controlled|origins=shared_origin_v1:Hmax=720,joint-scaling,release,standard_hl_shared_origin_v1,jena_weather/10T/short,Toto-2.0-4m,toto2,Toto-2.0-4m,4.144448,4.144448,192,controlled,shared_origin_v1:Hmax=720,720,720,128,controlled,46944,51984,128,128,256,256,100,[],merged,2,1,32256,5192373.383527776,,100,,float32,native_horizon,192,,direct_full_horizon,2011.958953373016,2011.958953373016,10.381639268663195,0.6257608946266197,0.6470769555764314,0.7262598673502604,11.09622779353408,44.85486543701827,0.27864686005178185,0.06449269563555235,0.06554711811701118,0.6257608946266197,0.7854218158507354,0.7967195231887239,-0.22725257782674524,0.06554711811701118,0.17200378014317172,0.38107952082478286,-0.9647472095580604,Nature,21
jena_weather/10T/short|H=192|L=256|Hsrc=controlled|Lsrc=controlled|origins=shared_origin_v1:Hmax=720,joint-scaling,release,standard_hl_shared_origin_v1,jena_weather/10T/short,Toto-2.0-4m,toto2,Toto-2.0-4m,4.144448,4.144448,192,controlled,shared_origin_v1:Hmax=720,720,720,256,controlled,46944,51984,256,256,256,256,100,[],merged,2,1,32256,5192373.383527776,,100,,float32,native_horizon,192,,direct_full_horizon,1971.3012152777778,1971.3012152777778,10.358000255766369,0.6224689323304733,0.6188159994939761,0.7164178878541977,6.2136503798060065,44.399338004949776,0.2758170379716875,0.06434584564159411,0.058583846969066315,0.6224689323304733,0.7854218158507354,0.7925281928364079,-0.23252719930647942,0.058583846969066315,0.17200378014317172,0.3405962759673221,-1.0770574445557712,Nature,21
jena_weather/10T/short|H=192|L=512|Hsrc=controlled|Lsrc=controlled|origins=shared_origin_v1:Hmax=720,joint-scaling,release,standard_hl_shared_origin_v1,jena_weather/10T/short,Toto-2.0-4m,toto2,Toto-2.0-4m,4.144448,4.144448,192,controlled,shared_origin_v1:Hmax=720,720,720,512,controlled,46944,51984,512,512,256,256,100,[],merged,2,1,32256,5192373.383527776,,100,,float32,native_horizon,192,,direct_full_horizon,1348.6510416666667,1348.6510416666667,8.512510269407242,0.5662064899258406,0.6454225420314558,0.6511188083224826,5.157593485607873,36.72398455596379,0.2281362988253272,0.052881314760813015,0.048118228836362235,0.5662064899258406,0.7854218158507354,0.7208947835406759,-0.3272620836351322,0.048118228836362235,0.17200378014317172,0.27975099614851373,-1.2738553709438463,Nature,21
jena_weather/10T/short|H=192|L=1024|Hsrc=controlled|Lsrc=controlled|origins=shared_origin_v1:Hmax=720,joint-scaling,release,standard_hl_shared_origin_v1,jena_weather/10T/short,Toto-2.0-4m,toto2,Toto-2.0-4m,4.144448,4.144448,192,controlled,shared_origin_v1:Hmax=720,720,720,1024,controlled,46944,51984,1024,1024,256,256,100,[],merged,2,1,32256,5192373.383527776,,100,,float32,native_horizon,192,,direct_full_horizon,1128.900669642857,1128.900669642857,7.7936914837549605,0.5527524398298598,0.5707456240436392,0.6348530602833581,5.08440116007118,33.59911709618063,0.20872403446419155,0.04841587727444971,0.04108322855856444,0.5527524398298598,0.7854218158507354,0.7037650707870163,-0.35131068478486444,0.04108322855856444,0.17200378014317172,0.2388507306314301,-1.431916480195726,Nature,21
jena_weather/10T/short|H=192|L=2048|Hsrc=controlled|Lsrc=controlled|origins=shared_origin_v1:Hmax=720,joint-scaling,release,standard_hl_shared_origin_v1,jena_weather/10T/short,Toto-2.0-4m,toto2,Toto-2.0-4m,4.144448,4.144448,192,controlled,shared_origin_v1:Hmax=720,720,720,2048,controlled,46944,51984,2048,2048,256,256,100,[],merged,2,1,32256,5192373.383527776,,100,,float32,native_horizon,192,,direct_full_horizon,1174.7113095238096,1174.7113095238096,8.0245119125124,0.5742761002412254,0.5898835479294181,0.6477909390888517,5.616580387310126,34.274061759934575,0.21291691765381604,0.04984977718881632,0.04204983106540629,0.5742761002412254,0.7854218158507354,0.7311690210937087,-0.31311062695291175,0.04204983106540629,0.17200378014317172,0.24447038914147726,-1.4086610852071717,Nature,21
jena_weather/10T/short|H=192|L=4096|Hsrc=controlled|Lsrc=controlled|origins=shared_origin_v1:Hmax=720,joint-scaling,release,standard_hl_shared_origin_v1,jena_weather/10T/short,Toto-2.0-4m,toto2,Toto-2.0-4m,4.144448,4.144448,192,controlled,shared_origin_v1:Hmax=720,720,720,4096,controlled,46944,51984,4096,4096,256,256,100,[],merged,2,1,32256,5192373.383527776,,100,,float32,native_horizon,192,,direct_full_horizon,1179.2415674603174,1179.2415674603174,7.950736878410218,0.557416184764909,0.6068909585157279,0.6391429598369296,5.270214550542981,34.340086887780544,0.21332707816549185,0.04939147280193435,0.04176568348271409,0.557416184764909,0.7854218158507354,0.7097029564440345,-0.34290876769401146,0.04176568348271409,0.17200378014317172,0.2428184046184878,-1.415441421110741,Nature,21
jena_weather/10T/short|H=336|L=128|Hsrc=controlled|Lsrc=controlled|origins=shared_origin_v1:Hmax=720,joint-scaling,release,standard_hl_shared_origin_v1,jena_weather/10T/short,Toto-2.0-4m,toto2,Toto-2.0-4m,4.144448,4.144448,336,controlled,shared_origin_v1:Hmax=720,720,720,128,controlled,46944,51984,128,128,256,256,100,[],merged,2,1,56448,9144486.066630237,,100,,float32,native_horizon,336,,direct_full_horizon,2375.199829931973,2375.199829931973,11.858273322349774,0.7173916574884952,0.7595149189316097,0.7533503595122945,13.854758978250302,48.736021892764015,0.3008425999840264,0.07319993793228737,0.07473504085114684,0.7173916574884952,0.7997915522433136,0.8969732869474588,-0.10872919780440256,0.07473504085114684,0.19237704941727043,0.388482103647638,-0.9455081754925164,Nature,21
jena_weather/10T/short|H=336|L=256|Hsrc=controlled|Lsrc=controlled|origins=shared_origin_v1:Hmax=720,joint-scaling,release,standard_hl_shared_origin_v1,jena_weather/10T/short,Toto-2.0-4m,toto2,Toto-2.0-4m,4.144448,4.144448,336,controlled,shared_origin_v1:Hmax=720,720,720,256,controlled,46944,51984,256,256,256,256,100,[],merged,2,1,56448,9144486.066630237,,100,,float32,native_horizon,336,,direct_full_horizon,2375.199829931973,2375.199829931973,11.858273322349774,0.7173916574884952,0.7595149189316097,0.7533503595122945,13.854758978250302,48.736021892764015,0.3008425999840264,0.07319993793228737,0.07473504085114684,0.7173916574884952,0.7997915522433136,0.8969732869474588,-0.10872919780440256,0.07473504085114684,0.19237704941727043,0.388482103647638,-0.9455081754925164,Nature,21
jena_weather/10T/short|H=336|L=512|Hsrc=controlled|Lsrc=controlled|origins=shared_origin_v1:Hmax=720,joint-scaling,release,standard_hl_shared_origin_v1,jena_weather/10T/short,Toto-2.0-4m,toto2,Toto-2.0-4m,4.144448,4.144448,336,controlled,shared_origin_v1:Hmax=720,720,720,512,controlled,46944,51984,512,512,256,256,100,[],merged,2,1,56448,9144486.066630237,,100,,float32,native_horizon,336,,direct_full_horizon,2364.3698979591836,2364.3698979591836,11.871001851261338,0.6963020165135254,0.6453757267843332,0.7261795424550028,6.9888932453496855,48.624786868007796,0.3001559572758755,0.07327850987113278,0.0657758364756056,0.6963020165135254,0.7997915522433136,0.870604365050477,-0.13856763603493208,0.0657758364756056,0.19237704941727043,0.3419110370745745,-1.0732047012709816,Nature,21
jena_weather/10T/short|H=336|L=1024|Hsrc=controlled|Lsrc=controlled|origins=shared_origin_v1:Hmax=720,joint-scaling,release,standard_hl_shared_origin_v1,jena_weather/10T/short,Toto-2.0-4m,toto2,Toto-2.0-4m,4.144448,4.144448,336,controlled,shared_origin_v1:Hmax=720,720,720,1024,controlled,46944,51984,1024,1024,256,256,100,[],merged,2,1,56448,9144486.066630237,,100,,float32,native_horizon,336,,direct_full_horizon,1322.046626984127,1322.046626984127,9.123663039434524,0.651962730346913,0.6848496108855375,0.6593367734463577,7.093108087321273,36.35995911692046,0.22444639942332562,0.05631946153096204,0.04852514816601856,0.651962730346913,0.7997915522433136,0.8151658122897654,-0.20436373577226488,0.04852514816601856,0.19237704941727043,0.2522397984219331,-1.3773750628975179,Nature,21
jena_weather/10T/short|H=336|L=2048|Hsrc=controlled|Lsrc=controlled|origins=shared_origin_v1:Hmax=720,joint-scaling,release,standard_hl_shared_origin_v1,jena_weather/10T/short,Toto-2.0-4m,toto2,Toto-2.0-4m,4.144448,4.144448,336,controlled,shared_origin_v1:Hmax=720,720,720,2048,controlled,46944,51984,2048,2048,256,256,100,[],merged,2,1,56448,9144486.066630237,,100,,float32,native_horizon,336,,direct_full_horizon,1348.3853458049887,1348.3853458049887,9.182516431051587,0.6419304591363247,0.652196666804773,0.6621641820790817,6.249479034196622,36.72036690727625,0.2266711607496339,0.056682757644684945,0.047212400883417355,0.6419304591363247,0.7997915522433136,0.8026222049180083,-0.2198711552997683,0.047212400883417355,0.19237704941727043,0.24541597361238515,-1.404800656678719,Nature,21
jena_weather/10T/short|H=336|L=4096|Hsrc=controlled|Lsrc=controlled|origins=shared_origin_v1:Hmax=720,joint-scaling,release,standard_hl_shared_origin_v1,jena_weather/10T/short,Toto-2.0-4m,toto2,Toto-2.0-4m,4.144448,4.144448,336,controlled,shared_origin_v1:Hmax=720,720,720,4096,controlled,46944,51984,4096,4096,256,256,100,[],merged,2,1,56448,9144486.066630237,,100,,float32,native_horizon,336,,direct_full_horizon,1351.7366780045352,1351.7366780045352,9.139621864370747,0.6381968804946506,0.6972125835543034,0.6577541498370182,5.782449934923239,36.76597174024556,0.22695267483284146,0.056417973764830195,0.04719089884009473,0.6381968804946506,0.7997915522433136,0.7979540152738418,-0.2257043081628337,0.04719089884009473,0.19237704941727043,0.24530420329785046,-1.4052561925287883,Nature,21
jena_weather/10T/short|H=720|L=128|Hsrc=controlled|Lsrc=controlled|origins=shared_origin_v1:Hmax=720,joint-scaling,release,standard_hl_shared_origin_v1,jena_weather/10T/short,Toto-2.0-4m,toto2,Toto-2.0-4m,4.144448,4.144448,720,controlled,shared_origin_v1:Hmax=720,720,720,128,controlled,46944,51984,128,128,256,256,100,[],merged,2,1,120960,19767382.773850746,,100,,float32,native_horizon,720,,direct_full_horizon,2722.8632275132277,2722.8632275132277,13.163389756944444,0.7474484412245052,0.8606054191363252,0.754316638764881,19.41452144531771,52.18106196229843,0.31930485321047164,0.08054903591517928,0.08927997104772432,0.7474484412245052,0.7614923704178127,0.9815573606002094,-0.018614825200265122,0.08927997104772432,0.23719491326378092,0.3763991808223872,-0.9771050476218801,Nature,21
jena_weather/10T/short|H=720|L=256|Hsrc=controlled|Lsrc=controlled|origins=shared_origin_v1:Hmax=720,joint-scaling,release,standard_hl_shared_origin_v1,jena_weather/10T/short,Toto-2.0-4m,toto2,Toto-2.0-4m,4.144448,4.144448,720,controlled,shared_origin_v1:Hmax=720,720,720,256,controlled,46944,51984,256,256,256,256,100,[],merged,2,1,120960,19767382.773850746,,100,,float32,native_horizon,720,,direct_full_horizon,2722.8632275132277,2722.8632275132277,13.163389756944444,0.7474484412245052,0.8606054191363252,0.754316638764881,19.41452144531771,52.18106196229843,0.31930485321047164,0.08054903591517928,0.08927997104772432,0.7474484412245052,0.7614923704178127,0.9815573606002094,-0.018614825200265122,0.08927997104772432,0.23719491326378092,0.3763991808223872,-0.9771050476218801,Nature,21
jena_weather/10T/short|H=720|L=512|Hsrc=controlled|Lsrc=controlled|origins=shared_origin_v1:Hmax=720,joint-scaling,release,standard_hl_shared_origin_v1,jena_weather/10T/short,Toto-2.0-4m,toto2,Toto-2.0-4m,4.144448,4.144448,720,controlled,shared_origin_v1:Hmax=720,720,720,512,controlled,46944,51984,512,512,256,256,100,[],merged,2,1,120960,19767382.773850746,,100,,float32,native_horizon,720,,direct_full_horizon,2722.8632275132277,2722.8632275132277,13.163389756944444,0.7474484412245052,0.8606054191363252,0.754316638764881,19.41452144531771,52.18106196229843,0.31930485321047164,0.08054903591517928,0.08927997104772432,0.7474484412245052,0.7614923704178127,0.9815573606002094,-0.018614825200265122,0.08927997104772432,0.23719491326378092,0.3763991808223872,-0.9771050476218801,Nature,21
jena_weather/10T/short|H=720|L=1024|Hsrc=controlled|Lsrc=controlled|origins=shared_origin_v1:Hmax=720,joint-scaling,release,standard_hl_shared_origin_v1,jena_weather/10T/short,Toto-2.0-4m,toto2,Toto-2.0-4m,4.144448,4.144448,720,controlled,shared_origin_v1:Hmax=720,720,720,1024,controlled,46944,51984,1024,1024,256,256,100,[],merged,2,1,120960,19767382.773850746,,100,,float32,native_horizon,720,,direct_full_horizon,2588.8814814814814,2588.8814814814814,12.472580811838624,0.6466662754604557,0.7079995734419473,0.7056468822337963,7.385352117618,50.881052283551305,0.3113498713830712,0.07632185769153818,0.06922780146639577,0.6466662754604557,0.7614923704178127,0.8492091327266291,-0.1634497947047076,0.06922780146639577,0.23719491326378092,0.29186039664100455,-1.2314796847322755,Nature,21
jena_weather/10T/short|H=720|L=2048|Hsrc=controlled|Lsrc=controlled|origins=shared_origin_v1:Hmax=720,joint-scaling,release,standard_hl_shared_origin_v1,jena_weather/10T/short,Toto-2.0-4m,toto2,Toto-2.0-4m,4.144448,4.144448,720,controlled,shared_origin_v1:Hmax=720,720,720,2048,controlled,46944,51984,2048,2048,256,256,100,[],merged,2,1,120960,19767382.773850746,,100,,float32,native_horizon,720,,direct_full_horizon,1475.1810846560847,1475.1810846560847,9.791447585978837,0.6490126901440728,0.7114228771563816,0.6563342866443452,6.76871485580268,38.40808618840679,0.23502565607701142,0.05991554438692545,0.0514378072682135,0.6490126901440728,0.7614923704178127,0.8522904698151802,-0.15982788324210775,0.0514378072682135,0.23719491326378092,0.2168588126972617,-1.52850876992652,Nature,21
jena_weather/10T/short|H=720|L=4096|Hsrc=controlled|Lsrc=controlled|origins=shared_origin_v1:Hmax=720,joint-scaling,release,standard_hl_shared_origin_v1,jena_weather/10T/short,Toto-2.0-4m,toto2,Toto-2.0-4m,4.144448,4.144448,720,controlled,shared_origin_v1:Hmax=720,720,720,4096,controlled,46944,51984,4096,4096,256,256,100,[],merged,2,1,120960,19767382.773850746,,100,,float32,native_horizon,720,,direct_full_horizon,1395.4007936507937,1395.4007936507937,9.607589285714285,0.6389601048721265,0.7634276521836711,0.6418981481481482,5.926781461126461,37.355063828760805,0.22858203194730245,0.05879048396519782,0.049260840087122545,0.6389601048721265,0.7614923704178127,0.8390893063334888,-0.17543813439720254,0.049260840087122545,0.23719491326378092,0.2076808452984837,-1.571752775277836,Nature,21
jena_weather/H/short|H=48|L=128|Hsrc=controlled|Lsrc=controlled|origins=shared_origin_v1:Hmax=720,joint-scaling,release,standard_hl_shared_origin_v1,jena_weather/H/short,Toto-2.0-4m,toto2,Toto-2.0-4m,4.144448,4.144448,48,controlled,shared_origin_v1:Hmax=720,720,720,128,controlled,7344,8064,128,128,256,256,100,[],merged,2,1,2016,331233.4168627397,,100,,float32,native_horizon,48,,direct_full_horizon,804.226810515873,804.226810515873,8.402204241071429,0.6868592229111536,1.4298375371128984,0.6356279887850322,5.0652433862422654,28.35889297056345,0.1726019336157357,0.051138692196081505,0.04448633495808201,0.6868592229111536,0.8929280908209436,0.769221206020819,-0.26237669671770647,0.04448633495808201,0.16072236972671894,0.2767899392830224,-1.284496402420046,Nature,21
jena_weather/H/short|H=48|L=256|Hsrc=controlled|Lsrc=controlled|origins=shared_origin_v1:Hmax=720,joint-scaling,release,standard_hl_shared_origin_v1,jena_weather/H/short,Toto-2.0-4m,toto2,Toto-2.0-4m,4.144448,4.144448,48,controlled,shared_origin_v1:Hmax=720,720,720,256,controlled,7344,8064,256,256,256,256,100,[],merged,2,1,2016,331233.4168627397,,100,,float32,native_horizon,48,,direct_full_horizon,714.4547991071429,714.4547991071429,7.906297956194196,0.6902092677659158,1.5322331688308028,0.6284940204923115,4.838749554343016,26.729287291417684,0.162683595423067,0.04812043673205993,0.0413713471124904,0.6902092677659158,0.8929280908209436,0.7729729581374785,-0.25751121401119037,0.0413713471124904,0.16072236972671894,0.2574087675712805,-1.3570899223517223,Nature,21
jena_weather/H/short|H=48|L=512|Hsrc=controlled|Lsrc=controlled|origins=shared_origin_v1:Hmax=720,joint-scaling,release,standard_hl_shared_origin_v1,jena_weather/H/short,Toto-2.0-4m,toto2,Toto-2.0-4m,4.144448,4.144448,48,controlled,shared_origin_v1:Hmax=720,720,720,512,controlled,7344,8064,512,512,256,256,100,[],merged,2,1,2016,331233.4168627397,,100,,float32,native_horizon,48,,direct_full_horizon,564.4826388888889,564.4826388888889,7.689573257688492,0.6753542977504325,1.8551134762101624,0.611306871686663,4.936032634799576,23.758843382809882,0.14460445661976543,0.046801376003448254,0.03941799126961198,0.6753542977504325,0.8929280908209436,0.7563367136647283,-0.279268613513189,0.03941799126961198,0.16072236972671894,0.24525516477037745,-1.4054561215519745,Nature,21
jena_weather/H/short|H=48|L=1024|Hsrc=controlled|Lsrc=controlled|origins=shared_origin_v1:Hmax=720,joint-scaling,release,standard_hl_shared_origin_v1,jena_weather/H/short,Toto-2.0-4m,toto2,Toto-2.0-4m,4.144448,4.144448,48,controlled,shared_origin_v1:Hmax=720,720,720,1024,controlled,7344,8064,1024,1024,256,256,100,[],merged,2,1,2016,331233.4168627397,,100,,float32,native_horizon,48,,direct_full_horizon,537.8521825396825,537.8521825396825,7.555808415488591,0.6653394933689558,1.9106756544084487,0.616805424765935,4.470282224088113,23.191640358967334,0.14115226478810483,0.04598723736843623,0.03851242054431217,0.6653394933689558,0.8929280908209436,0.745121023975462,-0.2942086255066614,0.03851242054431217,0.16072236972671894,0.23962078589182073,-1.4286976640335842,Nature,21
jena_weather/H/short|H=48|L=2048|Hsrc=controlled|Lsrc=controlled|origins=shared_origin_v1:Hmax=720,joint-scaling,release,standard_hl_shared_origin_v1,jena_weather/H/short,Toto-2.0-4m,toto2,Toto-2.0-4m,4.144448,4.144448,48,controlled,shared_origin_v1:Hmax=720,720,720,2048,controlled,7344,8064,2048,2048,256,256,100,[],merged,2,1,2016,331233.4168627397,,100,,float32,native_horizon,48,,direct_full_horizon,560.8392857142857,560.8392857142857,7.6656285846044145,0.6626521058194342,1.8570580863837944,0.6236460852244544,4.294122901679867,23.682045640406272,0.14413703926148047,0.04665564052363251,0.03861575341173493,0.6626521058194342,0.8929280908209436,0.7421113890707622,-0.2982559270401839,0.03861575341173493,0.16072236972671894,0.24026371361618454,-1.4260181521523028,Nature,21
jena_weather/H/short|H=48|L=4096|Hsrc=controlled|Lsrc=controlled|origins=shared_origin_v1:Hmax=720,joint-scaling,release,standard_hl_shared_origin_v1,jena_weather/H/short,Toto-2.0-4m,toto2,Toto-2.0-4m,4.144448,4.144448,48,controlled,shared_origin_v1:Hmax=720,720,720,4096,controlled,7344,8064,4096,4096,256,256,100,[],merged,2,1,2016,331233.4168627397,,100,,float32,native_horizon,48,,direct_full_horizon,607.6724330357143,607.6724330357143,7.917647104414683,0.6796586233679888,1.9788613563120114,0.6214315020848834,4.206829707649757,24.651012819673642,0.15003450532002283,0.04818951153444311,0.03931344912275086,0.6796586233679888,0.8929280908209436,0.76115717531422,-0.2729154045828326,0.03931344912275086,0.16072236972671894,0.24460471301908188,-1.408111787643715,Nature,21
jena_weather/H/short|H=96|L=128|Hsrc=controlled|Lsrc=controlled|origins=shared_origin_v1:Hmax=720,joint-scaling,release,standard_hl_shared_origin_v1,jena_weather/H/short,Toto-2.0-4m,toto2,Toto-2.0-4m,4.144448,4.144448,96,controlled,shared_origin_v1:Hmax=720,720,720,128,controlled,7344,8064,128,128,256,256,100,[],merged,2,1,4032,670747.2639028188,,100,,float32,native_horizon,96,,direct_full_horizon,2213.645089285714,2213.645089285714,13.037618001302084,1.025667162409885,1.9583938644731875,0.6635559324234251,12.841746201317509,47.049389892810666,0.28282357641536016,0.07837180799721648,0.06995329895062968,1.025667162409885,1.1124114209687321,0.9220214239770149,-0.08118681927791792,0.06995329895062968,0.19834110075816852,0.3526918963504276,-1.0421604180448336,Nature,21
jena_weather/H/short|H=96|L=256|Hsrc=controlled|Lsrc=controlled|origins=shared_origin_v1:Hmax=720,joint-scaling,release,standard_hl_shared_origin_v1,jena_weather/H/short,Toto-2.0-4m,toto2,Toto-2.0-4m,4.144448,4.144448,96,controlled,shared_origin_v1:Hmax=720,720,720,256,controlled,7344,8064,256,256,256,256,100,[],merged,2,1,4032,670747.2639028188,,100,,float32,native_horizon,96,,direct_full_horizon,1293.9905753968253,1293.9905753968253,11.087617420014881,0.9882942439957569,1.5946383473376133,0.6690736800905258,9.141654169854878,35.97208049858703,0.2162355873453357,0.06664995273685846,0.056888973764462246,0.9882942439957569,1.1124114209687321,0.8884251144555051,-0.11830491805087007,0.056888973764462246,0.19834110075816852,0.2868239288125425,-1.2488867399416015,Nature,21
jena_weather/H/short|H=96|L=512|Hsrc=controlled|Lsrc=controlled|origins=shared_origin_v1:Hmax=720,joint-scaling,release,standard_hl_shared_origin_v1,jena_weather/H/short,Toto-2.0-4m,toto2,Toto-2.0-4m,4.144448,4.144448,96,controlled,shared_origin_v1:Hmax=720,720,720,512,controlled,7344,8064,512,512,256,256,100,[],merged,2,1,4032,670747.2639028188,,100,,float32,native_horizon,96,,direct_full_horizon,1013.1303323412699,1013.1303323412699,10.488191150483631,0.9902664926798446,1.7668906958081572,0.6466050526452443,8.732689526519422,31.829708329503585,0.19133493476784816,0.06304667792856916,0.053542361314077046,0.9902664926798446,1.1124114209687321,0.8901980634264623,-0.11631129783921045,0.053542361314077046,0.19834110075816852,0.2699509133982254,-1.3095151387405854,Nature,21
jena_weather/H/short|H=96|L=1024|Hsrc=controlled|Lsrc=controlled|origins=shared_origin_v1:Hmax=720,joint-scaling,release,standard_hl_shared_origin_v1,jena_weather/H/short,Toto-2.0-4m,toto2,Toto-2.0-4m,4.144448,4.144448,96,controlled,shared_origin_v1:Hmax=720,720,720,1024,controlled,7344,8064,1024,1024,256,256,100,[],merged,2,1,4032,670747.2639028188,,100,,float32,native_horizon,96,,direct_full_horizon,980.2124255952381,980.2124255952381,10.377855088975695,0.9308185549367161,1.6481011612537764,0.6395163763137091,8.174103857855856,31.308344344523203,0.1882009084354717,0.06238342512987499,0.051717591096515886,0.9308185549367161,1.1124114209687321,0.8367574598668919,-0.1782210236428509,0.051717591096515886,0.19834110075816852,0.26075075160328787,-1.344190302638342,Nature,21
jena_weather/H/short|H=96|L=2048|Hsrc=controlled|Lsrc=controlled|origins=shared_origin_v1:Hmax=720,joint-scaling,release,standard_hl_shared_origin_v1,jena_weather/H/short,Toto-2.0-4m,toto2,Toto-2.0-4m,4.144448,4.144448,96,controlled,shared_origin_v1:Hmax=720,720,720,2048,controlled,7344,8064,2048,2048,256,256,100,[],merged,2,1,4032,670747.2639028188,,100,,float32,native_horizon,96,,direct_full_horizon,1161.8792162698412,1161.8792162698412,10.876214890252976,0.9398433247649083,1.7453838982250756,0.652389647468688,7.907895842718812,34.08634941248243,0.20490006926221557,0.06537916857437025,0.052799708908055826,0.9398433247649083,1.1124114209687321,0.8448702584754616,-0.16857220367920242,0.052799708908055826,0.19834110075816852,0.26620659412611086,-1.3234826020051995,Nature,21
jena_weather/H/short|H=96|L=4096|Hsrc=controlled|Lsrc=controlled|origins=shared_origin_v1:Hmax=720,joint-scaling,release,standard_hl_shared_origin_v1,jena_weather/H/short,Toto-2.0-4m,toto2,Toto-2.0-4m,4.144448,4.144448,96,controlled,shared_origin_v1:Hmax=720,720,720,4096,controlled,7344,8064,4096,4096,256,256,100,[],merged,2,1,4032,670747.2639028188,,100,,float32,native_horizon,96,,direct_full_horizon,1182.1097470238096,1182.1097470238096,10.992888919890873,0.9535158497387044,1.949459940285121,0.6506885346912202,8.01604771554266,34.38182291595095,0.20667622136912553,0.06608052020532995,0.05283472912380324,0.9535158497387044,1.1124114209687321,0.8571611471845055,-0.15412934167299522,0.05283472912380324,0.19834110075816852,0.2663831597275598,-1.3228195565498935,Nature,21
jena_weather/H/short|H=192|L=128|Hsrc=controlled|Lsrc=controlled|origins=shared_origin_v1:Hmax=720,joint-scaling,release,standard_hl_shared_origin_v1,jena_weather/H/short,Toto-2.0-4m,toto2,Toto-2.0-4m,4.144448,4.144448,192,controlled,shared_origin_v1:Hmax=720,720,720,128,controlled,7344,8064,128,128,256,256,100,[],merged,2,1,8064,1349853.3219126405,,100,,float32,native_horizon,192,,direct_full_horizon,4814.423611111111,4814.423611111111,19.963049510168652,1.2646450864433274,3.8749890622635084,0.7751731267051091,15.313267716975064,69.38604766890178,0.4145110282124679,0.11925890660616413,0.11490478875635961,1.2646450864433274,1.2442303483332282,1.0164075230422138,0.01627437409155052,0.11490478875635961,0.24899536052535107,0.4614736134598008,-0.773330402275549,Nature,21
jena_weather/H/short|H=192|L=256|Hsrc=controlled|Lsrc=controlled|origins=shared_origin_v1:Hmax=720,joint-scaling,release,standard_hl_shared_origin_v1,jena_weather/H/short,Toto-2.0-4m,toto2,Toto-2.0-4m,4.144448,4.144448,192,controlled,shared_origin_v1:Hmax=720,720,720,256,controlled,7344,8064,256,256,256,256,100,[],merged,2,1,8064,1349853.3219126405,,100,,float32,native_horizon,192,,direct_full_horizon,2300.9171626984125,2300.9171626984125,14.655477856832837,1.1731070960370096,3.6854910038595428,0.7245505802215092,10.1392388027483,47.967876362190694,0.2865592495906303,0.08755156691398538,0.07699947799367438,1.1731070960370096,1.2442303483332282,0.9428375522333984,-0.05886127817307216,0.07699947799367438,0.24899536052535107,0.3092406132837756,-1.1736356213350387,Nature,21
jena_weather/H/short|H=192|L=512|Hsrc=controlled|Lsrc=controlled|origins=shared_origin_v1:Hmax=720,joint-scaling,release,standard_hl_shared_origin_v1,jena_weather/H/short,Toto-2.0-4m,toto2,Toto-2.0-4m,4.144448,4.144448,192,controlled,shared_origin_v1:Hmax=720,720,720,512,controlled,7344,8064,512,512,256,256,100,[],merged,2,1,8064,1349853.3219126405,,100,,float32,native_horizon,192,,direct_full_horizon,1479.1748511904761,1479.1748511904761,12.92286609468006,1.109821119230532,3.697659087899198,0.6930999755859375,9.005469716673868,38.46004226714365,0.22975961595797598,0.07720097472504812,0.06305812783955277,1.109821119230532,1.2442303483332282,0.8919739987995383,-0.11431829615484944,0.06305812783955277,0.24899536052535107,0.2532502119979565,-1.373377298744291,Nature,21
jena_weather/H/short|H=192|L=1024|Hsrc=controlled|Lsrc=controlled|origins=shared_origin_v1:Hmax=720,joint-scaling,release,standard_hl_shared_origin_v1,jena_weather/H/short,Toto-2.0-4m,toto2,Toto-2.0-4m,4.144448,4.144448,192,controlled,shared_origin_v1:Hmax=720,720,720,1024,controlled,7344,8064,1024,1024,256,256,100,[],merged,2,1,8064,1349853.3219126405,,100,,float32,native_horizon,192,,direct_full_horizon,1325.3776041666667,1325.3776041666667,12.44992404513889,1.0483576380994213,3.3534993662025125,0.6781943184988839,8.46518401916162,36.40573586904496,0.2174872256727892,0.07437562724055541,0.06122370524883734,1.0483576380994213,1.2442303483332282,0.8425752028181935,-0.17129235923391714,0.06122370524883734,0.24899536052535107,0.2458829157284798,-1.402899808674286,Nature,21
jena_weather/H/short|H=192|L=2048|Hsrc=controlled|Lsrc=controlled|origins=shared_origin_v1:Hmax=720,joint-scaling,release,standard_hl_shared_origin_v1,jena_weather/H/short,Toto-2.0-4m,toto2,Toto-2.0-4m,4.144448,4.144448,192,controlled,shared_origin_v1:Hmax=720,720,720,2048,controlled,7344,8064,2048,2048,256,256,100,[],merged,2,1,8064,1349853.3219126405,,100,,float32,native_horizon,192,,direct_full_horizon,1626.3092757936508,1626.3092757936508,13.235101609002976,1.0668162135018504,3.6080618803920084,0.6840614439949156,9.040366153054556,40.327525039278704,0.2409159251880478,0.07906626419511616,0.0632672261191839,1.0668162135018504,1.2442303483332282,0.8574105389174586,-0.15383843317761606,0.0632672261191839,0.24899536052535107,0.254089979771902,-1.3700668236252158,Nature,21
jena_weather/H/short|H=192|L=4096|Hsrc=controlled|Lsrc=controlled|origins=shared_origin_v1:Hmax=720,joint-scaling,release,standard_hl_shared_origin_v1,jena_weather/H/short,Toto-2.0-4m,toto2,Toto-2.0-4m,4.144448,4.144448,192,controlled,shared_origin_v1:Hmax=720,720,720,4096,controlled,7344,8064,4096,4096,256,256,100,[],merged,2,1,8064,1349853.3219126405,,100,,float32,native_horizon,192,,direct_full_horizon,1646.1122271825398,1646.1122271825398,13.320132300967263,1.0834594221465141,3.8083927321401543,0.6863640679253472,9.416834523300414,40.57230862525005,0.24237825802468224,0.0795742360531462,0.06310639613921493,1.0834594221465141,1.2442303483332282,0.8707868471444352,-0.13835805407155904,0.06310639613921493,0.24899536052535107,0.25344406420291454,-1.3726121343304771,Nature,21
jena_weather/H/short|H=336|L=128|Hsrc=controlled|Lsrc=controlled|origins=shared_origin_v1:Hmax=720,joint-scaling,release,standard_hl_shared_origin_v1,jena_weather/H/short,Toto-2.0-4m,toto2,Toto-2.0-4m,4.144448,4.144448,336,controlled,shared_origin_v1:Hmax=720,720,720,128,controlled,7344,8064,128,128,256,256,100,[],merged,2,1,14112,2353072.8469861536,,100,,float32,native_horizon,336,,direct_full_horizon,4174.793650793651,4174.793650793651,18.38018176020408,1.158749521268405,3.5261000530211217,0.73685861877303,16.988462773212515,64.61264311877089,0.3874991039312521,0.11023080961229854,0.10992624390254574,1.158749521268405,1.1513268748449759,1.0064470365328948,0.006426343285328877,0.10992624390254574,0.3039908079990565,0.36161042047984204,-1.0171878331806592,Nature,21
jena_weather/H/short|H=336|L=256|Hsrc=controlled|Lsrc=controlled|origins=shared_origin_v1:Hmax=720,joint-scaling,release,standard_hl_shared_origin_v1,jena_weather/H/short,Toto-2.0-4m,toto2,Toto-2.0-4m,4.144448,4.144448,336,controlled,shared_origin_v1:Hmax=720,720,720,256,controlled,7344,8064,256,256,256,256,100,[],merged,2,1,14112,2353072.8469861536,,100,,float32,native_horizon,336,,direct_full_horizon,4174.793650793651,4174.793650793651,18.38018176020408,1.158749521268405,3.5261000530211217,0.73685861877303,16.988462773212515,64.61264311877089,0.3874991039312521,0.11023080961229854,0.10992624390254574,1.158749521268405,1.1513268748449759,1.0064470365328948,0.006426343285328877,0.10992624390254574,0.3039908079990565,0.36161042047984204,-1.0171878331806592,Nature,21
jena_weather/H/short|H=336|L=512|Hsrc=controlled|Lsrc=controlled|origins=shared_origin_v1:Hmax=720,joint-scaling,release,standard_hl_shared_origin_v1,jena_weather/H/short,Toto-2.0-4m,toto2,Toto-2.0-4m,4.144448,4.144448,336,controlled,shared_origin_v1:Hmax=720,720,720,512,controlled,7344,8064,512,512,256,256,100,[],merged,2,1,14112,2353072.8469861536,,100,,float32,native_horizon,336,,direct_full_horizon,1590.3710317460318,1590.3710317460318,12.611299337443311,1.0349059349329464,2.9065979511123614,0.6859468559559241,9.335075978735949,39.87945626191551,0.2391676430625453,0.07563329646931549,0.06497184745059077,1.0349059349329464,1.1513268748449759,0.8988810715221901,-0.10660454300330048,0.06497184745059077,0.3039908079990565,0.21372964491344892,-1.5430434041748793,Nature,21
jena_weather/H/short|H=336|L=1024|Hsrc=controlled|Lsrc=controlled|origins=shared_origin_v1:Hmax=720,joint-scaling,release,standard_hl_shared_origin_v1,jena_weather/H/short,Toto-2.0-4m,toto2,Toto-2.0-4m,4.144448,4.144448,336,controlled,shared_origin_v1:Hmax=720,720,720,1024,controlled,7344,8064,1024,1024,256,256,100,[],merged,2,1,14112,2353072.8469861536,,100,,float32,native_horizon,336,,direct_full_horizon,1107.701955782313,1107.701955782313,11.061161378613946,0.9376275923033404,2.9165110072931095,0.633453853546627,8.682287452707552,33.282156717711565,0.19960189341435605,0.06633670928417225,0.05756165797799303,0.9376275923033404,1.1513268748449759,0.8143886960248281,-0.20531751340889315,0.05756165797799303,0.3039908079990565,0.18935328458409073,-1.6641407781563673,Nature,21
jena_weather/H/short|H=336|L=2048|Hsrc=controlled|Lsrc=controlled|origins=shared_origin_v1:Hmax=720,joint-scaling,release,standard_hl_shared_origin_v1,jena_weather/H/short,Toto-2.0-4m,toto2,Toto-2.0-4m,4.144448,4.144448,336,controlled,shared_origin_v1:Hmax=720,720,720,2048,controlled,7344,8064,2048,2048,256,256,100,[],merged,2,1,14112,2353072.8469861536,,100,,float32,native_horizon,336,,direct_full_horizon,1365.9022108843537,1365.9022108843537,11.859879889455783,0.9487368939702575,2.8302928470178323,0.6486001220149518,7.901151833811692,36.958114276628805,0.22164758279362132,0.07112683536948945,0.058594912814463745,0.9487368939702575,1.1513268748449759,0.8240378251380637,-0.1935388458324686,0.058594912814463745,0.3039908079990565,0.19275225195179457,-1.6463495833291544,Nature,21
jena_weather/H/short|H=336|L=4096|Hsrc=controlled|Lsrc=controlled|origins=shared_origin_v1:Hmax=720,joint-scaling,release,standard_hl_shared_origin_v1,jena_weather/H/short,Toto-2.0-4m,toto2,Toto-2.0-4m,4.144448,4.144448,336,controlled,shared_origin_v1:Hmax=720,720,720,4096,controlled,7344,8064,4096,4096,256,256,100,[],merged,2,1,14112,2353072.8469861536,,100,,float32,native_horizon,336,,direct_full_horizon,1459.794642857143,1459.794642857143,12.172789558531745,0.9739722742535938,3.035261074922091,0.6624751707323554,8.168996447086744,38.20725903355464,0.22913903416637227,0.07300343738614856,0.05867555931692014,0.9739722742535938,1.1513268748449759,0.8459563444002273,-0.1672875230711591,0.05867555931692014,0.3039908079990565,0.19301754452095884,-1.64497418995512,Nature,21
jena_weather/H/short|H=720|L=128|Hsrc=controlled|Lsrc=controlled|origins=shared_origin_v1:Hmax=720,joint-scaling,release,standard_hl_shared_origin_v1,jena_weather/H/short,Toto-2.0-4m,toto2,Toto-2.0-4m,4.144448,4.144448,720,controlled,shared_origin_v1:Hmax=720,720,720,128,controlled,7344,8064,128,128,256,256,100,[],merged,2,1,30240,5022331.196592151,,100,,float32,native_horizon,720,,direct_full_horizon,3455.958201058201,3455.958201058201,17.813607804232806,1.2645548459172724,3.143456637792103,0.7469279617228836,20.754892471407775,58.78739831850191,0.35396529132880716,0.10725766161449446,0.10934066486279312,1.2645548459172724,1.2677178475879953,0.9975049639975165,-0.002498153791887891,0.10934066486279312,0.4191434094146837,0.2608669548579633,-1.3437447531289661,Nature,21
jena_weather/H/short|H=720|L=256|Hsrc=controlled|Lsrc=controlled|origins=shared_origin_v1:Hmax=720,joint-scaling,release,standard_hl_shared_origin_v1,jena_weather/H/short,Toto-2.0-4m,toto2,Toto-2.0-4m,4.144448,4.144448,720,controlled,shared_origin_v1:Hmax=720,720,720,256,controlled,7344,8064,256,256,256,256,100,[],merged,2,1,30240,5022331.196592151,,100,,float32,native_horizon,720,,direct_full_horizon,3455.958201058201,3455.958201058201,17.813607804232806,1.2645548459172724,3.143456637792103,0.7469279617228836,20.754892471407775,58.78739831850191,0.35396529132880716,0.10725766161449446,0.10934066486279312,1.2645548459172724,1.2677178475879953,0.9975049639975165,-0.002498153791887891,0.10934066486279312,0.4191434094146837,0.2608669548579633,-1.3437447531289661,Nature,21
jena_weather/H/short|H=720|L=512|Hsrc=controlled|Lsrc=controlled|origins=shared_origin_v1:Hmax=720,joint-scaling,release,standard_hl_shared_origin_v1,jena_weather/H/short,Toto-2.0-4m,toto2,Toto-2.0-4m,4.144448,4.144448,720,controlled,shared_origin_v1:Hmax=720,720,720,512,controlled,7344,8064,512,512,256,256,100,[],merged,2,1,30240,5022331.196592151,,100,,float32,native_horizon,720,,direct_full_horizon,3455.958201058201,3455.958201058201,17.813607804232806,1.2645548459172724,3.143456637792103,0.7469279617228836,20.754892471407775,58.78739831850191,0.35396529132880716,0.10725766161449446,0.10934066486279312,1.2645548459172724,1.2677178475879953,0.9975049639975165,-0.002498153791887891,0.10934066486279312,0.4191434094146837,0.2608669548579633,-1.3437447531289661,Nature,21
jena_weather/H/short|H=720|L=1024|Hsrc=controlled|Lsrc=controlled|origins=shared_origin_v1:Hmax=720,joint-scaling,release,standard_hl_shared_origin_v1,jena_weather/H/short,Toto-2.0-4m,toto2,Toto-2.0-4m,4.144448,4.144448,720,controlled,shared_origin_v1:Hmax=720,720,720,1024,controlled,7344,8064,1024,1024,256,256,100,[],merged,2,1,30240,5022331.196592151,,100,,float32,native_horizon,720,,direct_full_horizon,1253.1833333333334,1253.1833333333334,11.630605158730159,1.1053502643614732,2.5287828616035455,0.6769547139042297,9.105854143253616,35.4003295653209,0.21314921779385723,0.07002913313216952,0.06055856690519038,1.1053502643614732,1.2677178475879953,0.8719213557374392,-0.13705604751486972,0.06055856690519038,0.4191434094146837,0.14448173475937007,-1.934602182468531,Nature,21
jena_weather/H/short|H=720|L=2048|Hsrc=controlled|Lsrc=controlled|origins=shared_origin_v1:Hmax=720,joint-scaling,release,standard_hl_shared_origin_v1,jena_weather/H/short,Toto-2.0-4m,toto2,Toto-2.0-4m,4.144448,4.144448,720,controlled,shared_origin_v1:Hmax=720,720,720,2048,controlled,7344,8064,2048,2048,256,256,100,[],merged,2,1,30240,5022331.196592151,,100,,float32,native_horizon,720,,direct_full_horizon,1290.9246031746031,1290.9246031746031,11.594686259920636,1.0528545171208041,2.5458203754532636,0.665304775338955,8.233032188123886,35.92943922711017,0.21633504436446738,0.06981286155280075,0.060519929019572295,1.0528545171208041,1.2677178475879953,0.8305117097814804,-0.18571325035150985,0.060519929019572295,0.4191434094146837,0.1443895517863107,-1.9352404111917165,Nature,21
jena_weather/H/short|H=720|L=4096|Hsrc=controlled|Lsrc=controlled|origins=shared_origin_v1:Hmax=720,joint-scaling,release,standard_hl_shared_origin_v1,jena_weather/H/short,Toto-2.0-4m,toto2,Toto-2.0-4m,4.144448,4.144448,720,controlled,shared_origin_v1:Hmax=720,720,720,4096,controlled,7344,8064,4096,4096,256,256,100,[],merged,2,1,30240,5022331.196592151,,100,,float32,native_horizon,720,,direct_full_horizon,1376.2597883597884,1376.2597883597884,11.920090319113756,1.0837968527467938,2.6374401943996775,0.6850431573454034,8.687702664302323,37.097975529128114,0.22337092797903263,0.07177215463101849,0.060012045804200304,1.0837968527467938,1.2677178475879953,0.8549196138627092,-0.15674783333945255,0.060012045804200304,0.4191434094146837,0.1431778347368139,-1.9436678217935264,Nature,21
kdd_cup_2018/H/short|H=48|L=128|Hsrc=controlled|Lsrc=controlled|origins=shared_origin_v1:Hmax=720,joint-scaling,release,standard_hl_shared_origin_v1,kdd_cup_2018/H/short,Toto-2.0-4m,toto2,Toto-2.0-4m,4.144448,4.144448,48,controlled,shared_origin_v1:Hmax=720,720,720,128,controlled,8064,10200,128,128,256,256,100,[],merged,2,270,23531,1125444.1999045536,,100,,float32,native_horizon,48,,direct_full_horizon,1631.3545920806596,1631.3545920806596,23.109500997354555,1.1532457467039763,0.9494586328194979,0.5926225706083199,8.604631178833136,40.390030850206834,0.8444823972763996,0.483177813715569,0.3661765764446666,1.1532457467039763,1.478995375991201,0.779749393016924,-0.24878270192745586,0.3661765764446666,0.5363321992970804,0.6827421082019305,-0.3816380775352137,Nature,1
kdd_cup_2018/H/short|H=48|L=256|Hsrc=controlled|Lsrc=controlled|origins=shared_origin_v1:Hmax=720,joint-scaling,release,standard_hl_shared_origin_v1,kdd_cup_2018/H/short,Toto-2.0-4m,toto2,Toto-2.0-4m,4.144448,4.144448,48,controlled,shared_origin_v1:Hmax=720,720,720,256,controlled,8064,10200,256,256,256,256,100,[],merged,2,270,23531,1125444.1999045536,,100,,float32,native_horizon,48,,direct_full_horizon,2099.7522762526028,2099.7522762526028,25.26975942307488,1.216509265448199,0.8691539585285548,0.6276006044884939,6.796775170002492,45.82305398216713,0.9580770715650049,0.5283449050915218,0.39710785662220666,1.216509265448199,1.478995375991201,0.8225240492269372,-0.19537755758838005,0.39710785662220666,0.5363321992970804,0.7404139769021105,-0.3005458209594725,Nature,1
kdd_cup_2018/H/short|H=48|L=512|Hsrc=controlled|Lsrc=controlled|origins=shared_origin_v1:Hmax=720,joint-scaling,release,standard_hl_shared_origin_v1,kdd_cup_2018/H/short,Toto-2.0-4m,toto2,Toto-2.0-4m,4.144448,4.144448,48,controlled,shared_origin_v1:Hmax=720,720,720,512,controlled,8064,10200,512,512,256,256,100,[],merged,2,270,23531,1125444.1999045536,,100,,float32,native_horizon,48,,direct_full_horizon,2072.78871355871,2072.78871355871,24.56487703803626,1.1890756113970737,0.7929645922296179,0.6034181285292539,7.824631607351506,45.527889403734825,0.9519057147836739,0.5136070909877657,0.3991630285244998,1.1890756113970737,1.478995375991201,0.8039752055344817,-0.21818684916615957,0.3991630285244998,0.5363321992970804,0.7442458779235048,-0.2953838176659092,Nature,1
kdd_cup_2018/H/short|H=48|L=1024|Hsrc=controlled|Lsrc=controlled|origins=shared_origin_v1:Hmax=720,joint-scaling,release,standard_hl_shared_origin_v1,kdd_cup_2018/H/short,Toto-2.0-4m,toto2,Toto-2.0-4m,4.144448,4.144448,48,controlled,shared_origin_v1:Hmax=720,720,720,1024,controlled,8064,10200,1024,1024,256,256,100,[],merged,2,270,23531,1125444.1999045536,,100,,float32,native_horizon,48,,direct_full_horizon,2177.2587583931836,2177.2587583931836,24.90187881312152,1.1905231349815164,0.7634427574072977,0.5982029745325564,8.407258934109441,46.66110541332238,0.9755992092491181,0.5206531877824391,0.4084556238764157,1.1905231349815164,1.478995375991201,0.8049539263661628,-0.2169702375292684,0.4084556238764157,0.5363321992970804,0.7615720712120951,-0.27237046737999265,Nature,1
kdd_cup_2018/H/short|H=48|L=2048|Hsrc=controlled|Lsrc=controlled|origins=shared_origin_v1:Hmax=720,joint-scaling,release,standard_hl_shared_origin_v1,kdd_cup_2018/H/short,Toto-2.0-4m,toto2,Toto-2.0-4m,4.144448,4.144448,48,controlled,shared_origin_v1:Hmax=720,720,720,2048,controlled,8064,10200,2048,2048,256,256,100,[],merged,2,270,23531,1125444.1999045536,,100,,float32,native_horizon,48,,direct_full_horizon,2191.6292928742937,2191.6292928742937,24.844474401786474,1.1865710883310918,0.7641641534813792,0.5929851891064247,8.51398515049537,46.81484051958624,0.9788135319012777,0.5194529655028809,0.40913038952107444,1.1865710883310918,1.478995375991201,0.8022818107432347,-0.22029534787023497,0.40913038952107444,0.5363321992970804,0.7628301825944493,-0.2707198378760485,Nature,1
kdd_cup_2018/H/short|H=48|L=4096|Hsrc=controlled|Lsrc=controlled|origins=shared_origin_v1:Hmax=720,joint-scaling,release,standard_hl_shared_origin_v1,kdd_cup_2018/H/short,Toto-2.0-4m,toto2,Toto-2.0-4m,4.144448,4.144448,48,controlled,shared_origin_v1:Hmax=720,720,720,4096,controlled,8064,10200,4096,4096,256,256,100,[],merged,2,270,23531,1125444.1999045536,,100,,float32,native_horizon,48,,direct_full_horizon,2128.845929306022,2128.845929306022,24.40162181752927,1.1647583051906638,0.7861618810030575,0.5776758983868686,7.930764647980089,46.139418389334104,0.9646916783715239,0.5101937199880522,0.40174150339704645,1.1647583051906638,1.478995375991201,0.7875334325572586,-0.23884945514253292,0.40174150339704645,0.5363321992970804,0.7490534857380757,-0.28894488848431554,Nature,1
kdd_cup_2018/H/short|H=96|L=128|Hsrc=controlled|Lsrc=controlled|origins=shared_origin_v1:Hmax=720,joint-scaling,release,standard_hl_shared_origin_v1,kdd_cup_2018/H/short,Toto-2.0-4m,toto2,Toto-2.0-4m,4.144448,4.144448,96,controlled,shared_origin_v1:Hmax=720,720,720,128,controlled,8064,10200,128,128,256,256,100,[],merged,2,270,46102,1926428.5999522582,,100,,float32,native_horizon,96,,direct_full_horizon,1766.7991098542363,1766.7991098542363,21.972910018139125,0.9929289420174461,1.0496766590603834,0.5768305097638456,10.452456596875566,42.033309527733316,1.005913033006043,0.525840977278553,0.44189532755546684,0.9929289420174461,1.278123908838329,0.7768643831409953,-0.2524894829202842,0.44189532755546684,0.6076938681984665,0.7271676590476118,-0.318598210364692,Nature,1
kdd_cup_2018/H/short|H=96|L=256|Hsrc=controlled|Lsrc=controlled|origins=shared_origin_v1:Hmax=720,joint-scaling,release,standard_hl_shared_origin_v1,kdd_cup_2018/H/short,Toto-2.0-4m,toto2,Toto-2.0-4m,4.144448,4.144448,96,controlled,shared_origin_v1:Hmax=720,720,720,256,controlled,8064,10200,256,256,256,256,100,[],merged,2,270,46102,1926428.5999522582,,100,,float32,native_horizon,96,,direct_full_horizon,1840.322755113661,1840.322755113661,21.898313369674852,0.9840508888514505,0.9664184792834902,0.5740708408270486,7.969665915255431,42.898983147781735,1.0266297547326937,0.5240557802109922,0.41502618428692956,0.9840508888514505,1.278123908838329,0.7699182231446107,-0.2614709734827185,0.41502618428692956,0.6076938681984665,0.6829527267031537,-0.3813296360041925,Nature,1
kdd_cup_2018/H/short|H=96|L=512|Hsrc=controlled|Lsrc=controlled|origins=shared_origin_v1:Hmax=720,joint-scaling,release,standard_hl_shared_origin_v1,kdd_cup_2018/H/short,Toto-2.0-4m,toto2,Toto-2.0-4m,4.144448,4.144448,96,controlled,shared_origin_v1:Hmax=720,720,720,512,controlled,8064,10200,512,512,256,256,100,[],merged,2,270,46102,1926428.5999522582,,100,,float32,native_horizon,96,,direct_full_horizon,1919.4752979805648,1919.4752979805648,22.292744574022006,0.9860028459164224,0.9323831354419508,0.5778455578279125,7.098983242547042,43.81181687605029,1.0484750806075689,0.5334950438220407,0.42526692189682047,0.9860028459164224,1.278123908838329,0.771445428020033,-0.2594893445867374,0.42526692189682047,0.6076938681984665,0.6998045301288653,-0.35695422560727674,Nature,1
kdd_cup_2018/H/short|H=96|L=1024|Hsrc=controlled|Lsrc=controlled|origins=shared_origin_v1:Hmax=720,joint-scaling,release,standard_hl_shared_origin_v1,kdd_cup_2018/H/short,Toto-2.0-4m,toto2,Toto-2.0-4m,4.144448,4.144448,96,controlled,shared_origin_v1:Hmax=720,720,720,1024,controlled,8064,10200,1024,1024,256,256,100,[],merged,2,270,46102,1926428.5999522582,,100,,float32,native_horizon,96,,direct_full_horizon,2079.1432665611037,2079.1432665611037,23.093408302683454,1.00866398188153,0.9404323245923155,0.5944208028719775,7.313220277421165,45.59762347492579,1.0912118089884697,0.5526559923356087,0.438314102382823,1.00866398188153,1.278123908838329,0.7891754272856786,-0.23676664155045354,0.438314102382823,0.6076938681984665,0.7212745188333448,-0.3267354668213925,Nature,1
kdd_cup_2018/H/short|H=96|L=2048|Hsrc=controlled|Lsrc=controlled|origins=shared_origin_v1:Hmax=720,joint-scaling,release,standard_hl_shared_origin_v1,kdd_cup_2018/H/short,Toto-2.0-4m,toto2,Toto-2.0-4m,4.144448,4.144448,96,controlled,shared_origin_v1:Hmax=720,720,720,2048,controlled,8064,10200,2048,2048,256,256,100,[],merged,2,270,46102,1926428.5999522582,,100,,float32,native_horizon,96,,direct_full_horizon,2101.2542521202986,2101.2542521202986,23.3634761939219,1.0155834732659554,0.9554268635212837,0.6005943311248021,7.251482360194941,45.83943991935655,1.096998798301971,0.5591190763669522,0.4407984845304522,1.0155834732659554,1.278123908838329,0.7945892148978003,-0.22993000868922142,0.4407984845304522,0.6076938681984665,0.7253627321223718,-0.32108342907707815,Nature,1
kdd_cup_2018/H/short|H=96|L=4096|Hsrc=controlled|Lsrc=controlled|origins=shared_origin_v1:Hmax=720,joint-scaling,release,standard_hl_shared_origin_v1,kdd_cup_2018/H/short,Toto-2.0-4m,toto2,Toto-2.0-4m,4.144448,4.144448,96,controlled,shared_origin_v1:Hmax=720,720,720,4096,controlled,8064,10200,4096,4096,256,256,100,[],merged,2,270,46102,1926428.5999522582,,100,,float32,native_horizon,96,,direct_full_horizon,2045.1833620965467,2045.1833620965467,22.97634624633286,0.9979542777374772,0.9717062554990817,0.5890699458336356,6.993746903716739,45.22370354246263,1.0822634074090685,0.5498545415463042,0.4339695355833696,0.9979542777374772,1.278123908838329,0.7807961895059968,-0.24744112413850697,0.4339695355833696,0.6076938681984665,0.714125250053765,-0.336696911783516,Nature,1
kdd_cup_2018/H/short|H=192|L=128|Hsrc=controlled|Lsrc=controlled|origins=shared_origin_v1:Hmax=720,joint-scaling,release,standard_hl_shared_origin_v1,kdd_cup_2018/H/short,Toto-2.0-4m,toto2,Toto-2.0-4m,4.144448,4.144448,192,controlled,shared_origin_v1:Hmax=720,720,720,128,controlled,8064,10200,128,128,256,256,100,[],merged,2,270,91920,3382365.100021012,,100,,float32,native_horizon,192,,direct_full_horizon,1315.9087106995214,1315.9087106995214,20.549716316668025,0.9962766220928827,1.2303488647456169,0.6162638930676811,10.855274319050189,36.27545603709926,0.9858308669603556,0.558464230788211,0.4698183572466168,0.9962766220928827,1.1902104596437932,0.8370592058072224,-0.17786047526286713,0.4698183572466168,0.713423030713114,0.6585410577185908,-0.4177284093725871,Nature,1
kdd_cup_2018/H/short|H=192|L=256|Hsrc=controlled|Lsrc=controlled|origins=shared_origin_v1:Hmax=720,joint-scaling,release,standard_hl_shared_origin_v1,kdd_cup_2018/H/short,Toto-2.0-4m,toto2,Toto-2.0-4m,4.144448,4.144448,192,controlled,shared_origin_v1:Hmax=720,720,720,256,controlled,8064,10200,256,256,256,256,100,[],merged,2,270,91920,3382365.100021012,,100,,float32,native_horizon,192,,direct_full_horizon,1135.4309657854656,1135.4309657854656,19.588380351120538,0.9128464424542297,1.1650984562453188,0.5777081535213195,14.051959035598028,33.69615654322412,0.9157351787463511,0.5323387241264446,0.5011634361709911,0.9128464424542297,1.1902104596437932,0.7669622082866142,-0.26531775094533094,0.5011634361709911,0.713423030713114,0.7024772324353544,-0.3531422876441216,Nature,1
kdd_cup_2018/H/short|H=192|L=512|Hsrc=controlled|Lsrc=controlled|origins=shared_origin_v1:Hmax=720,joint-scaling,release,standard_hl_shared_origin_v1,kdd_cup_2018/H/short,Toto-2.0-4m,toto2,Toto-2.0-4m,4.144448,4.144448,192,controlled,shared_origin_v1:Hmax=720,720,720,512,controlled,8064,10200,512,512,256,256,100,[],merged,2,270,91920,3382365.100021012,,100,,float32,native_horizon,192,,direct_full_horizon,1215.0116072399912,1215.0116072399912,19.08679260838229,0.8890488433307187,1.0365829979089656,0.5703969731343321,6.679362478143254,34.85701661416237,0.9472830024038211,0.5187074501660394,0.41238220987079316,0.8890488433307187,1.1902104596437932,0.7469677619845432,-0.29173325142779255,0.41238220987079316,0.713423030713114,0.5780332174847084,-0.548123942264352,Nature,1
kdd_cup_2018/H/short|H=192|L=1024|Hsrc=controlled|Lsrc=controlled|origins=shared_origin_v1:Hmax=720,joint-scaling,release,standard_hl_shared_origin_v1,kdd_cup_2018/H/short,Toto-2.0-4m,toto2,Toto-2.0-4m,4.144448,4.144448,192,controlled,shared_origin_v1:Hmax=720,720,720,1024,controlled,8064,10200,1024,1024,256,256,100,[],merged,2,270,91920,3382365.100021012,,100,,float32,native_horizon,192,,direct_full_horizon,1329.3122351637294,1329.3122351637294,19.31709560198406,0.8865679094951396,1.0093131043644847,0.574094816495067,6.513585150617838,36.45973443627544,0.9908388628305144,0.5249662219265875,0.4150578883196763,0.8865679094951396,1.1902104596437932,0.7448833122845115,-0.2945277006760181,0.4150578883196763,0.713423030713114,0.581783696981016,-0.5416565550032073,Nature,1
kdd_cup_2018/H/short|H=192|L=2048|Hsrc=controlled|Lsrc=controlled|origins=shared_origin_v1:Hmax=720,joint-scaling,release,standard_hl_shared_origin_v1,kdd_cup_2018/H/short,Toto-2.0-4m,toto2,Toto-2.0-4m,4.144448,4.144448,192,controlled,shared_origin_v1:Hmax=720,720,720,2048,controlled,8064,10200,2048,2048,256,256,100,[],merged,2,270,91920,3382365.100021012,,100,,float32,native_horizon,192,,direct_full_horizon,1376.070699385335,1376.070699385335,19.692841282671072,0.8940266803603888,0.9882139059815088,0.583729148180823,6.272125101287774,37.095426933590275,1.0081146011453452,0.5351775805314097,0.4177137933852391,0.8940266803603888,1.1902104596437932,0.7511500786406746,-0.28614980878000734,0.4177137933852391,0.713423030713114,0.585506460266227,-0.5352780622456687,Nature,1
kdd_cup_2018/H/short|H=192|L=4096|Hsrc=controlled|Lsrc=controlled|origins=shared_origin_v1:Hmax=720,joint-scaling,release,standard_hl_shared_origin_v1,kdd_cup_2018/H/short,Toto-2.0-4m,toto2,Toto-2.0-4m,4.144448,4.144448,192,controlled,shared_origin_v1:Hmax=720,720,720,4096,controlled,8064,10200,4096,4096,256,256,100,[],merged,2,270,91920,3382365.100021012,,100,,float32,native_horizon,192,,direct_full_horizon,1326.946211039491,1326.946211039491,19.30253995492004,0.8748927965581876,1.0021306402304313,0.5717824114209367,6.077058598181972,36.427272901488124,0.9899566800414265,0.5245706540211249,0.40919353707736145,0.8748927965581876,1.1902104596437932,0.7350740278488445,-0.3077840666793407,0.40919353707736145,0.713423030713114,0.5735636774556397,-0.5558863155238708,Nature,1
kdd_cup_2018/H/short|H=336|L=128|Hsrc=controlled|Lsrc=controlled|origins=shared_origin_v1:Hmax=720,joint-scaling,release,standard_hl_shared_origin_v1,kdd_cup_2018/H/short,Toto-2.0-4m,toto2,Toto-2.0-4m,4.144448,4.144448,336,controlled,shared_origin_v1:Hmax=720,720,720,128,controlled,8064,10200,128,128,256,256,100,[],merged,2,270,160686,6279566.400042564,,100,,float32,native_horizon,336,,direct_full_horizon,1816.155431244788,1816.155431244788,23.322556492164843,1.1186679350381878,1.3072682121202908,0.6679417941924098,12.847954125921932,42.61637515374563,1.0904980410603438,0.5967941214021717,0.4983596564148402,1.1186679350381878,1.2954560131853796,0.8635321644673292,-0.14672413314028188,0.4983596564148402,0.783824851835104,0.6358048679473127,-0.4528635741218592,Nature,1
kdd_cup_2018/H/short|H=336|L=256|Hsrc=controlled|Lsrc=controlled|origins=shared_origin_v1:Hmax=720,joint-scaling,release,standard_hl_shared_origin_v1,kdd_cup_2018/H/short,Toto-2.0-4m,toto2,Toto-2.0-4m,4.144448,4.144448,336,controlled,shared_origin_v1:Hmax=720,720,720,256,controlled,8064,10200,256,256,256,256,100,[],merged,2,270,160686,6279566.400042564,,100,,float32,native_horizon,336,,direct_full_horizon,1816.155431244788,1816.155431244788,23.322556492164843,1.1186679350381878,1.3072682121202908,0.6679417941924098,12.847954125921932,42.61637515374563,1.0904980410603438,0.5967941214021717,0.4983596564148402,1.1186679350381878,1.2954560131853796,0.8635321644673292,-0.14672413314028188,0.4983596564148402,0.783824851835104,0.6358048679473127,-0.4528635741218592,Nature,1
kdd_cup_2018/H/short|H=336|L=512|Hsrc=controlled|Lsrc=controlled|origins=shared_origin_v1:Hmax=720,joint-scaling,release,standard_hl_shared_origin_v1,kdd_cup_2018/H/short,Toto-2.0-4m,toto2,Toto-2.0-4m,4.144448,4.144448,336,controlled,shared_origin_v1:Hmax=720,720,720,512,controlled,8064,10200,512,512,256,256,100,[],merged,2,270,160686,6279566.400042564,,100,,float32,native_horizon,336,,direct_full_horizon,1623.5662892224586,1623.5662892224586,21.20392063655981,0.9723104365750088,1.113907727166597,0.6002027552595784,9.310049908216286,40.29350182377375,1.0310587103611204,0.5425809640906346,0.4354295352941782,0.9723104365750088,1.2954560131853796,0.7505545743573396,-0.28694291322083226,0.4354295352941782,0.783824851835104,0.5555189201704223,-0.5878526107697398,Nature,1
kdd_cup_2018/H/short|H=336|L=1024|Hsrc=controlled|Lsrc=controlled|origins=shared_origin_v1:Hmax=720,joint-scaling,release,standard_hl_shared_origin_v1,kdd_cup_2018/H/short,Toto-2.0-4m,toto2,Toto-2.0-4m,4.144448,4.144448,336,controlled,shared_origin_v1:Hmax=720,720,720,1024,controlled,8064,10200,1024,1024,256,256,100,[],merged,2,270,160686,6279566.400042564,,100,,float32,native_horizon,336,,direct_full_horizon,1770.6395547838642,1770.6395547838642,21.818232040089054,0.984638990919025,1.072798745479741,0.6199936730314188,6.7661663605783575,42.078968081261976,1.0767464876332595,0.5583004000992785,0.4339982648005173,0.984638990919025,1.2954560131853796,0.7600713423668545,-0.27434297857208234,0.4339982648005173,0.783824851835104,0.5536929121147833,-0.5911450561837066,Nature,1
kdd_cup_2018/H/short|H=336|L=2048|Hsrc=controlled|Lsrc=controlled|origins=shared_origin_v1:Hmax=720,joint-scaling,release,standard_hl_shared_origin_v1,kdd_cup_2018/H/short,Toto-2.0-4m,toto2,Toto-2.0-4m,4.144448,4.144448,336,controlled,shared_origin_v1:Hmax=720,720,720,2048,controlled,8064,10200,2048,2048,256,256,100,[],merged,2,270,160686,6279566.400042564,,100,,float32,native_horizon,336,,direct_full_horizon,1836.3013727082632,1836.3013727082632,22.294828318603518,0.9961963648736084,1.0770137095287882,0.6320289834118443,6.571367556067633,42.852087145298576,1.0965296067229697,0.5704958837888621,0.4413241578598184,0.9961963648736084,1.2954560131853796,0.7689928139081113,-0.2626736542430275,0.4413241578598184,0.783824851835104,0.5630392514687214,-0.5744059348557508,Nature,1
kdd_cup_2018/H/short|H=336|L=4096|Hsrc=controlled|Lsrc=controlled|origins=shared_origin_v1:Hmax=720,joint-scaling,release,standard_hl_shared_origin_v1,kdd_cup_2018/H/short,Toto-2.0-4m,toto2,Toto-2.0-4m,4.144448,4.144448,336,controlled,shared_origin_v1:Hmax=720,720,720,4096,controlled,8064,10200,4096,4096,256,256,100,[],merged,2,270,160686,6279566.400042564,,100,,float32,native_horizon,336,,direct_full_horizon,1817.6779565425736,1817.6779565425736,21.906203641146398,0.9761547056608415,1.0731710720523335,0.6189265852673751,6.494595495878654,42.634234560298765,1.0909550402253463,0.560551479837428,0.43536442977749795,0.9761547056608415,1.2954560131853796,0.7535220769561968,-0.28299696213286046,0.43536442977749795,0.783824851835104,0.5554358588633869,-0.58800214216158,Nature,1
kdd_cup_2018/H/short|H=720|L=128|Hsrc=controlled|Lsrc=controlled|origins=shared_origin_v1:Hmax=720,joint-scaling,release,standard_hl_shared_origin_v1,kdd_cup_2018/H/short,Toto-2.0-4m,toto2,Toto-2.0-4m,4.144448,4.144448,720,controlled,shared_origin_v1:Hmax=720,720,720,128,controlled,8064,10200,128,128,256,256,100,[],merged,2,270,341362,14548303.999882698,,100,,float32,native_horizon,720,,direct_full_horizon,4224.245516123646,4224.245516123646,26.225358499554726,1.1866308720366099,1.2917464867124215,0.681630870446229,15.09042422146004,64.99419601874959,1.5250264732941576,0.6153528843085202,0.5273792584707082,1.1866308720366099,1.3355336656461645,0.8885068962020424,-0.11821286979454453,0.5273792584707082,0.9362833367919572,0.5632688714483576,-0.5739981956622825,Nature,1
kdd_cup_2018/H/short|H=720|L=256|Hsrc=controlled|Lsrc=controlled|origins=shared_origin_v1:Hmax=720,joint-scaling,release,standard_hl_shared_origin_v1,kdd_cup_2018/H/short,Toto-2.0-4m,toto2,Toto-2.0-4m,4.144448,4.144448,720,controlled,shared_origin_v1:Hmax=720,720,720,256,controlled,8064,10200,256,256,256,256,100,[],merged,2,270,341362,14548303.999882698,,100,,float32,native_horizon,720,,direct_full_horizon,4224.245516123646,4224.245516123646,26.225358499554726,1.1866308720366099,1.2917464867124215,0.681630870446229,15.09042422146004,64.99419601874959,1.5250264732941576,0.6153528843085202,0.5273792584707082,1.1866308720366099,1.3355336656461645,0.8885068962020424,-0.11821286979454453,0.5273792584707082,0.9362833367919572,0.5632688714483576,-0.5739981956622825,Nature,1
kdd_cup_2018/H/short|H=720|L=512|Hsrc=controlled|Lsrc=controlled|origins=shared_origin_v1:Hmax=720,joint-scaling,release,standard_hl_shared_origin_v1,kdd_cup_2018/H/short,Toto-2.0-4m,toto2,Toto-2.0-4m,4.144448,4.144448,720,controlled,shared_origin_v1:Hmax=720,720,720,512,controlled,8064,10200,512,512,256,256,100,[],merged,2,270,341362,14548303.999882698,,100,,float32,native_horizon,720,,direct_full_horizon,4224.1316194391875,4224.1316194391875,26.22141693605322,1.1860126123936916,1.2914737334911979,0.6808625099887088,15.065693835748572,64.99331980626307,1.5250059138085417,0.6152603993013324,0.5272867803300415,1.1860126123936916,1.3355336656461645,0.8880439654210207,-0.1187340266063192,0.5272867803300415,0.9362833367919572,0.5631700999151766,-0.5741735651868553,Nature,1
kdd_cup_2018/H/short|H=720|L=1024|Hsrc=controlled|Lsrc=controlled|origins=shared_origin_v1:Hmax=720,joint-scaling,release,standard_hl_shared_origin_v1,kdd_cup_2018/H/short,Toto-2.0-4m,toto2,Toto-2.0-4m,4.144448,4.144448,720,controlled,shared_origin_v1:Hmax=720,720,720,1024,controlled,8064,10200,1024,1024,256,256,100,[],merged,2,270,341362,14548303.999882698,,100,,float32,native_horizon,720,,direct_full_horizon,3999.82974598813,3999.82974598813,23.799901250358857,1.0264074899207714,1.0870295625083537,0.6035696422987181,9.168714974289578,63.24420721289919,1.4839646643886302,0.5584418562253378,0.45096398536355436,1.0264074899207714,1.3355336656461645,0.7685373392846445,-0.26326612995590326,0.45096398536355436,0.9362833367919572,0.4816533282635563,-0.7305306596735383,Nature,1
kdd_cup_2018/H/short|H=720|L=2048|Hsrc=controlled|Lsrc=controlled|origins=shared_origin_v1:Hmax=720,joint-scaling,release,standard_hl_shared_origin_v1,kdd_cup_2018/H/short,Toto-2.0-4m,toto2,Toto-2.0-4m,4.144448,4.144448,720,controlled,shared_origin_v1:Hmax=720,720,720,2048,controlled,8064,10200,2048,2048,256,256,100,[],merged,2,270,341362,14548303.999882698,,100,,float32,native_horizon,720,,direct_full_horizon,4148.463813708028,4148.463813708028,24.30438965819277,1.0279529182853793,1.0224038310486452,0.6118395013486416,7.747963696123634,64.40856941205905,1.5112853066458178,0.5702791928575932,0.4468054732071305,1.0279529182853793,1.3355336656461645,0.769694500952943,-0.2617615948704749,0.4468054732071305,0.9362833367919572,0.477211817886289,-0.7397948240057437,Nature,1
kdd_cup_2018/H/short|H=720|L=4096|Hsrc=controlled|Lsrc=controlled|origins=shared_origin_v1:Hmax=720,joint-scaling,release,standard_hl_shared_origin_v1,kdd_cup_2018/H/short,Toto-2.0-4m,toto2,Toto-2.0-4m,4.144448,4.144448,720,controlled,shared_origin_v1:Hmax=720,720,720,4096,controlled,8064,10200,4096,4096,256,256,100,[],merged,2,270,341362,14548303.999882698,,100,,float32,native_horizon,720,,direct_full_horizon,4182.64998300924,4182.64998300924,24.290538515106398,1.0215225651868454,0.9978328517750648,0.6100814473985827,7.55859218456425,64.67341016993954,1.5174995410192766,0.5699541890697779,0.4479363731770322,1.0215225651868454,1.3355336656461645,0.7648796817806964,-0.26803673624323965,0.4479363731770322,0.9362833367919572,0.47841967871800756,-0.7372669427477174,Nature,1
loop_seattle/5T/short|H=48|L=128|Hsrc=controlled|Lsrc=controlled|origins=shared_origin_v1:Hmax=720,joint-scaling,release,standard_hl_shared_origin_v1,loop_seattle/5T/short,Toto-2.0-4m,toto2,Toto-2.0-4m,4.144448,4.144448,48,controlled,shared_origin_v1:Hmax=720,720,720,128,controlled,94320,104400,128,128,256,256,100,[],merged,2,323,232560,13486058.610530853,,100,,float32,native_horizon,48,,direct_full_horizon,84.30116048680985,84.30116048680985,5.011852485648864,0.7797378039337679,0.16596337335807662,0.10611039336538823,9.461092871715527,9.181566341687558,0.1583312908602885,0.08642676468515066,0.07243386072912446,0.7797378039337679,1.0786574227120576,0.7228780774282172,-0.32451470530622184,0.07243386072912446,0.10341127324220856,0.7004445304475732,-0.3560401019969944,Transport,1
loop_seattle/5T/short|H=48|L=256|Hsrc=controlled|Lsrc=controlled|origins=shared_origin_v1:Hmax=720,joint-scaling,release,standard_hl_shared_origin_v1,loop_seattle/5T/short,Toto-2.0-4m,toto2,Toto-2.0-4m,4.144448,4.144448,48,controlled,shared_origin_v1:Hmax=720,720,720,256,controlled,94320,104400,256,256,256,256,100,[],merged,2,323,232560,13486058.610530853,,100,,float32,native_horizon,48,,direct_full_horizon,92.28005205645854,92.28005205645854,5.024505159622786,0.7815183279906929,0.16652625746279187,0.10663402762083324,8.61438822847737,9.606250676328333,0.16565474923432644,0.08664495340465372,0.07198199361377969,0.7815183279906929,1.0786574227120576,0.7245287628260408,-0.32223381776645127,0.07198199361377969,0.10341127324220856,0.6960749186907735,-0.36229798264359153,Transport,1
loop_seattle/5T/short|H=48|L=512|Hsrc=controlled|Lsrc=controlled|origins=shared_origin_v1:Hmax=720,joint-scaling,release,standard_hl_shared_origin_v1,loop_seattle/5T/short,Toto-2.0-4m,toto2,Toto-2.0-4m,4.144448,4.144448,48,controlled,shared_origin_v1:Hmax=720,720,720,512,controlled,94320,104400,512,512,256,256,100,[],merged,2,323,232560,13486058.610530853,,100,,float32,native_horizon,48,,direct_full_horizon,78.2680201816198,78.2680201816198,4.7256512894185905,0.7380999562237025,0.1590121835788009,0.09968355058762557,7.557087839206451,8.846921508729451,0.1525605164183054,0.08149137532362596,0.06689011272373047,0.7380999562237025,1.0786574227120576,0.6842765281009286,-0.3793931622097593,0.06689011272373047,0.10341127324220856,0.6468357909786229,-0.43566281734535073,Transport,1
loop_seattle/5T/short|H=48|L=1024|Hsrc=controlled|Lsrc=controlled|origins=shared_origin_v1:Hmax=720,joint-scaling,release,standard_hl_shared_origin_v1,loop_seattle/5T/short,Toto-2.0-4m,toto2,Toto-2.0-4m,4.144448,4.144448,48,controlled,shared_origin_v1:Hmax=720,720,720,1024,controlled,94320,104400,1024,1024,256,256,100,[],merged,2,323,232560,13486058.610530853,,100,,float32,native_horizon,48,,direct_full_horizon,70.64144481531648,70.64144481531648,4.555940154724856,0.7144861789632931,0.14289718473084734,0.09678736438364108,5.968384733491812,8.404846507540544,0.1449371651304642,0.07856479591119811,0.06295996970224131,0.7144861789632931,1.0786574227120576,0.6623847052077644,-0.4119087661417883,0.06295996970224131,0.10341127324220856,0.6088308143617697,-0.4962148587980598,Transport,1
loop_seattle/5T/short|H=48|L=2048|Hsrc=controlled|Lsrc=controlled|origins=shared_origin_v1:Hmax=720,joint-scaling,release,standard_hl_shared_origin_v1,loop_seattle/5T/short,Toto-2.0-4m,toto2,Toto-2.0-4m,4.144448,4.144448,48,controlled,shared_origin_v1:Hmax=720,720,720,2048,controlled,94320,104400,2048,2048,256,256,100,[],merged,2,323,232560,13486058.610530853,,100,,float32,native_horizon,48,,direct_full_horizon,52.08158022392071,52.08158022392071,4.096163691627967,0.6470286439623513,0.11633278131895063,0.08752565879283757,5.046862160742118,7.216756904865281,0.12444918372851455,0.07063619220675348,0.05617071359849073,0.6470286439623513,1.0786574227120576,0.599846281440806,-0.5110818541888587,0.05617071359849073,0.10341127324220856,0.5431778551544222,-0.6103184709574295,Transport,1
loop_seattle/5T/short|H=48|L=4096|Hsrc=controlled|Lsrc=controlled|origins=shared_origin_v1:Hmax=720,joint-scaling,release,standard_hl_shared_origin_v1,loop_seattle/5T/short,Toto-2.0-4m,toto2,Toto-2.0-4m,4.144448,4.144448,48,controlled,shared_origin_v1:Hmax=720,720,720,4096,controlled,94320,104400,4096,4096,256,256,100,[],merged,2,323,232560,13486058.610530853,,100,,float32,native_horizon,48,,direct_full_horizon,46.367663015727125,46.367663015727125,3.9549168007046567,0.6274279105537195,0.10679337455925353,0.08446941224824206,4.653854480522852,6.809380516297141,0.1174241917971116,0.06820046373324122,0.05385343281079935,0.6274279105537195,1.0786574227120576,0.5816748648298213,-0.5418436388497393,0.05385343281079935,0.10341127324220856,0.5207694589028464,-0.6524478324669907,Transport,1
loop_seattle/5T/short|H=96|L=128|Hsrc=controlled|Lsrc=controlled|origins=shared_origin_v1:Hmax=720,joint-scaling,release,standard_hl_shared_origin_v1,loop_seattle/5T/short,Toto-2.0-4m,toto2,Toto-2.0-4m,4.144448,4.144448,96,controlled,shared_origin_v1:Hmax=720,720,720,128,controlled,94320,104400,128,128,256,256,100,[],merged,2,323,465120,26184961.315769076,,100,,float32,native_horizon,96,,direct_full_horizon,155.71864206414475,155.71864206414475,6.950328166319982,1.0768474409238074,0.3044440224525811,0.15486495120032448,15.103689392323453,12.478727581934976,0.22165798539539008,0.1234577587392476,0.10509380594756007,1.0768474409238074,1.184716577264144,0.908949415910565,-0.09546583441625396,0.10509380594756007,0.11731650359111231,0.8958143375449333,-0.11002210004015388,Transport,1
loop_seattle/5T/short|H=96|L=256|Hsrc=controlled|Lsrc=controlled|origins=shared_origin_v1:Hmax=720,joint-scaling,release,standard_hl_shared_origin_v1,loop_seattle/5T/short,Toto-2.0-4m,toto2,Toto-2.0-4m,4.144448,4.144448,96,controlled,shared_origin_v1:Hmax=720,720,720,256,controlled,94320,104400,256,256,256,256,100,[],merged,2,323,465120,26184961.315769076,,100,,float32,native_horizon,96,,direct_full_horizon,161.3282479521414,161.3282479521414,6.909930287647542,1.0690523759234996,0.3113726147106106,0.15344082110929538,13.767770464931301,12.701505735626048,0.2256151642353829,0.1227401765705541,0.10417148005334369,1.0690523759234996,1.184716577264144,0.9023697282874638,-0.10273094458175097,0.10417148005334369,0.11731650359111231,0.8879524778237213,-0.11883705338627508,Transport,1
loop_seattle/5T/short|H=96|L=512|Hsrc=controlled|Lsrc=controlled|origins=shared_origin_v1:Hmax=720,joint-scaling,release,standard_hl_shared_origin_v1,loop_seattle/5T/short,Toto-2.0-4m,toto2,Toto-2.0-4m,4.144448,4.144448,96,controlled,shared_origin_v1:Hmax=720,720,720,512,controlled,94320,104400,512,512,256,256,100,[],merged,2,323,465120,26184961.315769076,,100,,float32,native_horizon,96,,direct_full_horizon,141.89004796477252,141.89004796477252,6.464661454973985,1.0040499584256857,0.28924657469317394,0.14486360133288856,10.84023035616656,11.911760909486578,0.2115870314799306,0.1148309252657449,0.09429187941888158,1.0040499584256857,1.184716577264144,0.8475022445826915,-0.1654617912558867,0.09429187941888158,0.11731650359111231,0.8037392569038766,-0.21848036973565324,Transport,1
loop_seattle/5T/short|H=96|L=1024|Hsrc=controlled|Lsrc=controlled|origins=shared_origin_v1:Hmax=720,joint-scaling,release,standard_hl_shared_origin_v1,loop_seattle/5T/short,Toto-2.0-4m,toto2,Toto-2.0-4m,4.144448,4.144448,96,controlled,shared_origin_v1:Hmax=720,720,720,1024,controlled,94320,104400,1024,1024,256,256,100,[],merged,2,323,465120,26184961.315769076,,100,,float32,native_horizon,96,,direct_full_horizon,131.63704373333763,131.63704373333763,6.298062386789968,0.9800834671931867,0.25057451394484304,0.1435122207468385,8.629335140432556,11.473318775896434,0.20379904192683404,0.11187164808143663,0.08983993305273058,0.9800834671931867,1.184716577264144,0.8272725190158858,-0.18962111101463697,0.08983993305273058,0.11731650359111231,0.7657910890854123,-0.2668458760925499,Transport,1
loop_seattle/5T/short|H=96|L=2048|Hsrc=controlled|Lsrc=controlled|origins=shared_origin_v1:Hmax=720,joint-scaling,release,standard_hl_shared_origin_v1,loop_seattle/5T/short,Toto-2.0-4m,toto2,Toto-2.0-4m,4.144448,4.144448,96,controlled,shared_origin_v1:Hmax=720,720,720,2048,controlled,94320,104400,2048,2048,256,256,100,[],merged,2,323,465120,26184961.315769076,,100,,float32,native_horizon,96,,direct_full_horizon,99.16780602317681,99.16780602317681,5.56294025097018,0.8704203700235438,0.20408826787979445,0.12889034978540484,7.05366143286403,9.95830337071415,0.17688802392834563,0.09881377094007956,0.07851670439559627,0.8704203700235438,1.184716577264144,0.7347076817592932,-0.30828257076976856,0.07851670439559627,0.11731650359111231,0.6692724552144304,-0.40156404434002996,Transport,1
loop_seattle/5T/short|H=96|L=4096|Hsrc=controlled|Lsrc=controlled|origins=shared_origin_v1:Hmax=720,joint-scaling,release,standard_hl_shared_origin_v1,loop_seattle/5T/short,Toto-2.0-4m,toto2,Toto-2.0-4m,4.144448,4.144448,96,controlled,shared_origin_v1:Hmax=720,720,720,4096,controlled,94320,104400,4096,4096,256,256,100,[],merged,2,323,465120,26184961.315769076,,100,,float32,native_horizon,96,,direct_full_horizon,82.83231477898177,82.83231477898177,5.166075387803148,0.8132045811595622,0.17961712060698046,0.12091662613928092,6.25167794927158,9.101226004170085,0.16166387217499154,0.09176431293514883,0.07233276202905639,0.8132045811595622,1.184716577264144,0.6864127646778513,-0.3762761344226572,0.07233276202905639,0.11731650359111231,0.6165608402476819,-0.4835982747137919,Transport,1
loop_seattle/5T/short|H=192|L=128|Hsrc=controlled|Lsrc=controlled|origins=shared_origin_v1:Hmax=720,joint-scaling,release,standard_hl_shared_origin_v1,loop_seattle/5T/short,Toto-2.0-4m,toto2,Toto-2.0-4m,4.144448,4.144448,192,controlled,shared_origin_v1:Hmax=720,720,720,128,controlled,94320,104400,128,128,256,256,100,[],merged,2,323,930240,53017427.57837188,,100,,float32,native_horizon,192,,direct_full_horizon,181.28201613293345,181.28201613293345,8.196842078388373,1.2665829286863193,0.3021404179749228,0.16895629100714266,19.377770077009448,13.4641010146587,0.23624015535950935,0.14382120603132736,0.12561902943505482,1.2665829286863193,1.0971770242236139,1.1544016149833074,0.1435821274572345,0.12561902943505482,0.10738030835162748,1.1698516363326397,0.1568769342157346,Transport,1
loop_seattle/5T/short|H=192|L=256|Hsrc=controlled|Lsrc=controlled|origins=shared_origin_v1:Hmax=720,joint-scaling,release,standard_hl_shared_origin_v1,loop_seattle/5T/short,Toto-2.0-4m,toto2,Toto-2.0-4m,4.144448,4.144448,192,controlled,shared_origin_v1:Hmax=720,720,720,256,controlled,94320,104400,256,256,256,256,100,[],merged,2,323,930240,53017427.57837188,,100,,float32,native_horizon,192,,direct_full_horizon,176.48162544074648,176.48162544074648,8.098761744281045,1.2498764406098888,0.29912344503123856,0.167545815550834,13.638725491752549,13.284638701927369,0.23309132243002756,0.1421002954898808,0.11684400800560737,1.2498764406098888,1.0971770242236139,1.1391748213961446,0.13030415942653253,0.11684400800560737,0.10738030835162748,1.0881325431008269,0.08446296371693386,Transport,1
loop_seattle/5T/short|H=192|L=512|Hsrc=controlled|Lsrc=controlled|origins=shared_origin_v1:Hmax=720,joint-scaling,release,standard_hl_shared_origin_v1,loop_seattle/5T/short,Toto-2.0-4m,toto2,Toto-2.0-4m,4.144448,4.144448,192,controlled,shared_origin_v1:Hmax=720,720,720,512,controlled,94320,104400,512,512,256,256,100,[],merged,2,323,930240,53017427.57837188,,100,,float32,native_horizon,192,,direct_full_horizon,161.65964263926514,161.65964263926514,7.52904470553298,1.161013129476737,0.2848525207068119,0.1576731743171201,9.988163538390657,12.7145445313336,0.22308849080510182,0.1321040809934008,0.10554945479999961,1.161013129476737,1.0971770242236139,1.0581821381998906,0.05655247192745252,0.10554945479999961,0.10738030835162748,0.9829498203187071,-0.017197207626536926,Transport,1
loop_seattle/5T/short|H=192|L=1024|Hsrc=controlled|Lsrc=controlled|origins=shared_origin_v1:Hmax=720,joint-scaling,release,standard_hl_shared_origin_v1,loop_seattle/5T/short,Toto-2.0-4m,toto2,Toto-2.0-4m,4.144448,4.144448,192,controlled,shared_origin_v1:Hmax=720,720,720,1024,controlled,94320,104400,1024,1024,256,256,100,[],merged,2,323,930240,53017427.57837188,,100,,float32,native_horizon,192,,direct_full_horizon,121.03091147848943,121.03091147848943,6.39022363348437,1.000499437431314,0.22674379312668136,0.1373851377200457,8.516472496799306,11.001404977478533,0.19302986647402906,0.1121224077502677,0.09021392709652977,1.000499437431314,1.0971770242236139,0.9118851519327877,-0.0922412267359001,0.09021392709652977,0.10738030835162748,0.8401347368189268,-0.1741929990327258,Transport,1
loop_seattle/5T/short|H=192|L=2048|Hsrc=controlled|Lsrc=controlled|origins=shared_origin_v1:Hmax=720,joint-scaling,release,standard_hl_shared_origin_v1,loop_seattle/5T/short,Toto-2.0-4m,toto2,Toto-2.0-4m,4.144448,4.144448,192,controlled,shared_origin_v1:Hmax=720,720,720,2048,controlled,94320,104400,2048,2048,256,256,100,[],merged,2,323,930240,53017427.57837188,,100,,float32,native_horizon,192,,direct_full_horizon,101.94289175374097,101.94289175374097,5.758686677967514,0.9063537491742598,0.202890595579459,0.126319967925364,7.7249087585280405,10.096677263027722,0.17715557857413755,0.1010415054067587,0.0810978007479245,0.9063537491742598,1.0971770242236139,0.8260779520201995,-0.19106613700819097,0.0810978007479245,0.10738030835162748,0.7552390377047689,-0.280720973610807,Transport,1
loop_seattle/5T/short|H=192|L=4096|Hsrc=controlled|Lsrc=controlled|origins=shared_origin_v1:Hmax=720,joint-scaling,release,standard_hl_shared_origin_v1,loop_seattle/5T/short,Toto-2.0-4m,toto2,Toto-2.0-4m,4.144448,4.144448,192,controlled,shared_origin_v1:Hmax=720,720,720,4096,controlled,94320,104400,4096,4096,256,256,100,[],merged,2,323,930240,53017427.57837188,,100,,float32,native_horizon,192,,direct_full_horizon,84.5633733633256,84.5633733633256,5.238578585902562,0.8284859765822707,0.17637989462795722,0.11678740938053453,6.618173907027491,9.195834565895886,0.16134945691081914,0.09191572594778182,0.07333437852168773,0.8284859765822707,1.0971770242236139,0.7551069319634407,-0.2808959080222837,0.07333437852168773,0.10738030835162748,0.6829406587430074,-0.3813473064318777,Transport,1
loop_seattle/5T/short|H=336|L=128|Hsrc=controlled|Lsrc=controlled|origins=shared_origin_v1:Hmax=720,joint-scaling,release,standard_hl_shared_origin_v1,loop_seattle/5T/short,Toto-2.0-4m,toto2,Toto-2.0-4m,4.144448,4.144448,336,controlled,shared_origin_v1:Hmax=720,720,720,128,controlled,94320,104400,128,128,256,256,100,[],merged,2,323,1627920,92063261.14741683,,100,,float32,native_horizon,336,,direct_full_horizon,183.81414819217161,183.81414819217161,8.13621357122893,1.2596214540525543,0.3154076987668697,0.16945566616689164,19.828732220610007,13.557807646967545,0.23973761030809074,0.1438696026166855,0.12706039720868567,1.2596214540525543,1.1369492698328763,1.1078959171482734,0.10246264632086916,0.12706039720868567,0.11269141332273826,1.1275073535975266,0.1200093144111456,Transport,1
loop_seattle/5T/short|H=336|L=256|Hsrc=controlled|Lsrc=controlled|origins=shared_origin_v1:Hmax=720,joint-scaling,release,standard_hl_shared_origin_v1,loop_seattle/5T/short,Toto-2.0-4m,toto2,Toto-2.0-4m,4.144448,4.144448,336,controlled,shared_origin_v1:Hmax=720,720,720,256,controlled,94320,104400,256,256,256,256,100,[],merged,2,323,1627920,92063261.14741683,,100,,float32,native_horizon,336,,direct_full_horizon,183.81414819217161,183.81414819217161,8.13621357122893,1.2596214540525543,0.3154076987668697,0.16945566616689164,19.828732220610007,13.557807646967545,0.23973761030809074,0.1438696026166855,0.12706039720868567,1.2596214540525543,1.1369492698328763,1.1078959171482734,0.10246264632086916,0.12706039720868567,0.11269141332273826,1.1275073535975266,0.1200093144111456,Transport,1
loop_seattle/5T/short|H=336|L=512|Hsrc=controlled|Lsrc=controlled|origins=shared_origin_v1:Hmax=720,joint-scaling,release,standard_hl_shared_origin_v1,loop_seattle/5T/short,Toto-2.0-4m,toto2,Toto-2.0-4m,4.144448,4.144448,336,controlled,shared_origin_v1:Hmax=720,720,720,512,controlled,94320,104400,512,512,256,256,100,[],merged,2,323,1627920,92063261.14741683,,100,,float32,native_horizon,336,,direct_full_horizon,167.02477225539337,167.02477225539337,7.5782348314874195,1.1774928065542636,0.30564938004910025,0.15924951604990956,12.363141751712817,12.923806415115996,0.22852680512378262,0.13400307455023444,0.1104092510687523,1.1774928065542636,1.1369492698328763,1.0356599347017013,0.03503884159457586,0.1104092510687523,0.11269141332273826,0.9797485701288522,-0.02045930132795498,Transport,1
loop_seattle/5T/short|H=336|L=1024|Hsrc=controlled|Lsrc=controlled|origins=shared_origin_v1:Hmax=720,joint-scaling,release,standard_hl_shared_origin_v1,loop_seattle/5T/short,Toto-2.0-4m,toto2,Toto-2.0-4m,4.144448,4.144448,336,controlled,shared_origin_v1:Hmax=720,720,720,1024,controlled,94320,104400,1024,1024,256,256,100,[],merged,2,323,1627920,92063261.14741683,,100,,float32,native_horizon,336,,direct_full_horizon,131.3704491006929,131.3704491006929,6.728402189411949,1.0504838605843607,0.24962237087817582,0.14476896692150681,9.588697968188091,11.461694861611562,0.2026728367707647,0.11897580376441873,0.096467979174359,1.0504838605843607,1.1369492698328763,0.9239496329847458,-0.07909771858293234,0.096467979174359,0.11269141332273826,0.8560366431653779,-0.155442096320418,Transport,1
loop_seattle/5T/short|H=336|L=2048|Hsrc=controlled|Lsrc=controlled|origins=shared_origin_v1:Hmax=720,joint-scaling,release,standard_hl_shared_origin_v1,loop_seattle/5T/short,Toto-2.0-4m,toto2,Toto-2.0-4m,4.144448,4.144448,336,controlled,shared_origin_v1:Hmax=720,720,720,2048,controlled,94320,104400,2048,2048,256,256,100,[],merged,2,323,1627920,92063261.14741683,,100,,float32,native_horizon,336,,direct_full_horizon,118.07054550438596,118.07054550438596,6.300114918500295,0.989355394785553,0.23292636720429674,0.13805340656256335,8.418717969596136,10.866027126065255,0.1921398683752849,0.11140256113350566,0.0894638712381706,0.989355394785553,1.1369492698328763,0.8701842914512636,-0.13905026051183025,0.0894638712381706,0.11269141332273826,0.7938836562636229,-0.23081835710660625,Transport,1
loop_seattle/5T/short|H=336|L=4096|Hsrc=controlled|Lsrc=controlled|origins=shared_origin_v1:Hmax=720,joint-scaling,release,standard_hl_shared_origin_v1,loop_seattle/5T/short,Toto-2.0-4m,toto2,Toto-2.0-4m,4.144448,4.144448,336,controlled,shared_origin_v1:Hmax=720,720,720,4096,controlled,94320,104400,4096,4096,256,256,100,[],merged,2,323,1627920,92063261.14741683,,100,,float32,native_horizon,336,,direct_full_horizon,99.37602001326846,99.37602001326846,5.756932384384675,0.908114585493015,0.200744716039342,0.12790394387049983,7.403977903258337,9.96875217934865,0.17627369317082464,0.10179766880276825,0.08148198116275668,0.908114585493015,1.1369492698328763,0.7987292041856024,-0.2247333090777057,0.08148198116275668,0.11269141332273826,0.7230540354427846,-0.32427132179759144,Transport,1
loop_seattle/5T/short|H=720|L=128|Hsrc=controlled|Lsrc=controlled|origins=shared_origin_v1:Hmax=720,joint-scaling,release,standard_hl_shared_origin_v1,loop_seattle/5T/short,Toto-2.0-4m,toto2,Toto-2.0-4m,4.144448,4.144448,720,controlled,shared_origin_v1:Hmax=720,720,720,128,controlled,94320,104400,128,128,256,256,100,[],merged,2,323,3488400,197305397.9755218,,100,,float32,native_horizon,720,,direct_full_horizon,198.8416307619539,198.8416307619539,8.660935600848527,1.3436685224471188,0.33631462727920575,0.1789585514110158,21.410588152997892,14.10112161361478,0.24931072916229324,0.1531271220149196,0.13605201074911438,1.3436685224471188,1.2506857542723633,1.0743454283836886,0.07171157229327514,0.13605201074911438,0.12716656793492073,1.069872474805964,0.06753945894669264,Transport,1
loop_seattle/5T/short|H=720|L=256|Hsrc=controlled|Lsrc=controlled|origins=shared_origin_v1:Hmax=720,joint-scaling,release,standard_hl_shared_origin_v1,loop_seattle/5T/short,Toto-2.0-4m,toto2,Toto-2.0-4m,4.144448,4.144448,720,controlled,shared_origin_v1:Hmax=720,720,720,256,controlled,94320,104400,256,256,256,256,100,[],merged,2,323,3488400,197305397.9755218,,100,,float32,native_horizon,720,,direct_full_horizon,198.8416307619539,198.8416307619539,8.660935600848527,1.3436685224471188,0.33631462727920575,0.1789585514110158,21.410588152997892,14.10112161361478,0.24931072916229324,0.1531271220149196,0.13605201074911438,1.3436685224471188,1.2506857542723633,1.0743454283836886,0.07171157229327514,0.13605201074911438,0.12716656793492073,1.069872474805964,0.06753945894669264,Transport,1
loop_seattle/5T/short|H=720|L=512|Hsrc=controlled|Lsrc=controlled|origins=shared_origin_v1:Hmax=720,joint-scaling,release,standard_hl_shared_origin_v1,loop_seattle/5T/short,Toto-2.0-4m,toto2,Toto-2.0-4m,4.144448,4.144448,720,controlled,shared_origin_v1:Hmax=720,720,720,512,controlled,94320,104400,512,512,256,256,100,[],merged,2,323,3488400,197305397.9755218,,100,,float32,native_horizon,720,,direct_full_horizon,198.8416307619539,198.8416307619539,8.660935600848527,1.3436685224471188,0.33631462727920575,0.1789585514110158,21.410588152997892,14.10112161361478,0.24931072916229324,0.1531271220149196,0.13605201074911438,1.3436685224471188,1.2506857542723633,1.0743454283836886,0.07171157229327514,0.13605201074911438,0.12716656793492073,1.069872474805964,0.06753945894669264,Transport,1
loop_seattle/5T/short|H=720|L=1024|Hsrc=controlled|Lsrc=controlled|origins=shared_origin_v1:Hmax=720,joint-scaling,release,standard_hl_shared_origin_v1,loop_seattle/5T/short,Toto-2.0-4m,toto2,Toto-2.0-4m,4.144448,4.144448,720,controlled,shared_origin_v1:Hmax=720,720,720,1024,controlled,94320,104400,1024,1024,256,256,100,[],merged,2,323,3488400,197305397.9755218,,100,,float32,native_horizon,720,,direct_full_horizon,180.28237565932807,180.28237565932807,8.095649957717004,1.2549116855059599,0.3236028965251351,0.16912504644298784,12.599218347409659,13.426927260521227,0.23739083439274758,0.14313275562792066,0.11752316376035625,1.2549116855059599,1.2506857542723633,1.0033788913155528,0.003373195688621807,0.11752316376035625,0.12716656793492073,0.9241671428963969,-0.0788623331186651,Transport,1
loop_seattle/5T/short|H=720|L=2048|Hsrc=controlled|Lsrc=controlled|origins=shared_origin_v1:Hmax=720,joint-scaling,release,standard_hl_shared_origin_v1,loop_seattle/5T/short,Toto-2.0-4m,toto2,Toto-2.0-4m,4.144448,4.144448,720,controlled,shared_origin_v1:Hmax=720,720,720,2048,controlled,94320,104400,2048,2048,256,256,100,[],merged,2,323,3488400,197305397.9755218,,100,,float32,native_horizon,720,,direct_full_horizon,153.88634434841188,153.88634434841188,7.35158528085942,1.1494532690877952,0.28433635993802675,0.15762324370480557,9.979865834954941,12.405093484065805,0.21932460314736968,0.1299775391696664,0.10517424461923537,1.1494532690877952,1.2506857542723633,0.9190584166816035,-0.0844055931606831,0.10517424461923537,0.12716656793492073,0.8270589222244306,-0.18987933834117807,Transport,1
loop_seattle/5T/short|H=720|L=4096|Hsrc=controlled|Lsrc=controlled|origins=shared_origin_v1:Hmax=720,joint-scaling,release,standard_hl_shared_origin_v1,loop_seattle/5T/short,Toto-2.0-4m,toto2,Toto-2.0-4m,4.144448,4.144448,720,controlled,shared_origin_v1:Hmax=720,720,720,4096,controlled,94320,104400,4096,4096,256,256,100,[],merged,2,323,3488400,197305397.9755218,,100,,float32,native_horizon,720,,direct_full_horizon,125.28950912309368,125.28950912309368,6.576814648191148,1.0345806718171722,0.24234812429117755,0.14356722584695886,8.298800568530911,11.193279641065601,0.19789948526769383,0.11627943509987654,0.09295612618064206,1.0345806718171722,1.2506857542723633,0.8272107268216876,-0.18969580768428584,0.09295612618064206,0.12716656793492073,0.7309792793040829,-0.3133701653193542,Transport,1
loop_seattle/H/short|H=48|L=128|Hsrc=controlled|Lsrc=controlled|origins=shared_origin_v1:Hmax=720,joint-scaling,release,standard_hl_shared_origin_v1,loop_seattle/H/short,Toto-2.0-4m,toto2,Toto-2.0-4m,4.144448,4.144448,48,controlled,shared_origin_v1:Hmax=720,720,720,128,controlled,7320,8040,128,128,256,256,100,[],merged,2,323,31008,1656976.6854760647,,100,,float32,native_horizon,48,,direct_full_horizon,193.13068603263673,193.13068603263673,8.2601465750774,1.6816381996828733,0.3549302517445095,0.18242541530676054,16.356781050803946,13.897146686735256,0.26006565345153226,0.15457708442434198,0.1226980574513342,1.6816381996828733,1.344619756005659,1.2506421924651507,0.22365717335994162,0.1226980574513342,0.1135796516928088,1.08028203663793,0.07722215207881925,Transport,1
loop_seattle/H/short|H=48|L=256|Hsrc=controlled|Lsrc=controlled|origins=shared_origin_v1:Hmax=720,joint-scaling,release,standard_hl_shared_origin_v1,loop_seattle/H/short,Toto-2.0-4m,toto2,Toto-2.0-4m,4.144448,4.144448,48,controlled,shared_origin_v1:Hmax=720,720,720,256,controlled,7320,8040,256,256,256,256,100,[],merged,2,323,31008,1656976.6854760647,,100,,float32,native_horizon,48,,direct_full_horizon,153.70561629256966,153.70561629256966,7.152902451585075,1.4682376231658147,0.30949519957551275,0.16358583802655263,11.717225267630386,12.397806914634929,0.23200760769820322,0.1338565600607866,0.10306854174761741,1.4682376231658147,1.344619756005659,1.091935185845682,0.08795152194004714,0.10306854174761741,0.1135796516928088,0.907456047024866,-0.09711014704649894,Transport,1
loop_seattle/H/short|H=48|L=512|Hsrc=controlled|Lsrc=controlled|origins=shared_origin_v1:Hmax=720,joint-scaling,release,standard_hl_shared_origin_v1,loop_seattle/H/short,Toto-2.0-4m,toto2,Toto-2.0-4m,4.144448,4.144448,48,controlled,shared_origin_v1:Hmax=720,720,720,512,controlled,7320,8040,512,512,256,256,100,[],merged,2,323,31008,1656976.6854760647,,100,,float32,native_horizon,48,,direct_full_horizon,94.14921149380805,94.14921149380805,5.619758976010223,1.163901090579477,0.22438883904456108,0.13606978791416982,7.950539315013396,9.703051658824045,0.18157903395627598,0.10516592529970283,0.08098054330100664,1.163901090579477,1.344619756005659,0.8655986834798363,-0.1443338918247223,0.08098054330100664,0.1135796516928088,0.7129846067852826,-0.3382954481623497,Transport,1
loop_seattle/H/short|H=48|L=1024|Hsrc=controlled|Lsrc=controlled|origins=shared_origin_v1:Hmax=720,joint-scaling,release,standard_hl_shared_origin_v1,loop_seattle/H/short,Toto-2.0-4m,toto2,Toto-2.0-4m,4.144448,4.144448,48,controlled,shared_origin_v1:Hmax=720,720,720,1024,controlled,7320,8040,1024,1024,256,256,100,[],merged,2,323,31008,1656976.6854760647,,100,,float32,native_horizon,48,,direct_full_horizon,76.32223186355134,76.32223186355134,4.945788309670085,1.0300645103620671,0.1941834814900338,0.12247172769993328,7.209695481980702,8.73625960371779,0.16348687351279836,0.09255350739119697,0.07135597650964547,1.0300645103620671,1.344619756005659,0.7660637929506459,-0.2664898320947634,0.07135597650964547,0.1135796516928088,0.6282461290041385,-0.4648232641307192,Transport,1
loop_seattle/H/short|H=48|L=2048|Hsrc=controlled|Lsrc=controlled|origins=shared_origin_v1:Hmax=720,joint-scaling,release,standard_hl_shared_origin_v1,loop_seattle/H/short,Toto-2.0-4m,toto2,Toto-2.0-4m,4.144448,4.144448,48,controlled,shared_origin_v1:Hmax=720,720,720,2048,controlled,7320,8040,2048,2048,256,256,100,[],merged,2,323,31008,1656976.6854760647,,100,,float32,native_horizon,48,,direct_full_horizon,76.09401606037152,76.09401606037152,4.885714157939081,1.0164558386123443,0.1937309979654318,0.12197294323806054,7.194639560780436,8.7231884113764,0.16324226443913153,0.09142930370553086,0.07095872903421466,1.0164558386123443,1.344619756005659,0.7559429601360598,-0.27978935520454146,0.07095872903421466,0.1135796516928088,0.6247486057285325,-0.4704059409966044,Transport,1
loop_seattle/H/short|H=48|L=4096|Hsrc=controlled|Lsrc=controlled|origins=shared_origin_v1:Hmax=720,joint-scaling,release,standard_hl_shared_origin_v1,loop_seattle/H/short,Toto-2.0-4m,toto2,Toto-2.0-4m,4.144448,4.144448,48,controlled,shared_origin_v1:Hmax=720,720,720,4096,controlled,7320,8040,4096,4096,256,256,100,[],merged,2,323,31008,1656976.6854760647,,100,,float32,native_horizon,48,,direct_full_horizon,71.07684105714654,71.07684105714654,4.737065617391076,0.9866645560765733,0.18342882241011896,0.11897322317149002,7.081154390145656,8.430708218005563,0.1577689068985351,0.08864755427856882,0.0689560767641217,0.9866645560765733,1.344619756005659,0.7337870440098018,-0.3095364232405346,0.0689560767641217,0.1135796516928088,0.6071164661661628,-0.4990346345547526,Transport,1
loop_seattle/H/short|H=96|L=128|Hsrc=controlled|Lsrc=controlled|origins=shared_origin_v1:Hmax=720,joint-scaling,release,standard_hl_shared_origin_v1,loop_seattle/H/short,Toto-2.0-4m,toto2,Toto-2.0-4m,4.144448,4.144448,96,controlled,shared_origin_v1:Hmax=720,720,720,128,controlled,7320,8040,128,128,256,256,100,[],merged,2,323,62016,3347817.30120945,,100,,float32,native_horizon,96,,direct_full_horizon,202.4594781991744,202.4594781991744,8.636940466976265,1.7441424318495826,0.35146200890634577,0.18452409521837107,18.54415689252628,14.228825608572706,0.2635791530865377,0.15999334844422247,0.13136582726518348,1.7441424318495826,1.493892268216058,1.1675155357302722,0.15487801730773113,0.13136582726518348,0.1278238151544749,1.0277101110339106,0.027333134107752104,Transport,1
loop_seattle/H/short|H=96|L=256|Hsrc=controlled|Lsrc=controlled|origins=shared_origin_v1:Hmax=720,joint-scaling,release,standard_hl_shared_origin_v1,loop_seattle/H/short,Toto-2.0-4m,toto2,Toto-2.0-4m,4.144448,4.144448,96,controlled,shared_origin_v1:Hmax=720,720,720,256,controlled,7320,8040,256,256,256,256,100,[],merged,2,323,62016,3347817.30120945,,100,,float32,native_horizon,96,,direct_full_horizon,171.11340017092363,171.11340017092363,7.661240773550374,1.5494110283752625,0.3223024826915887,0.16916318131674185,11.891740320112584,13.081032075907604,0.24231707176088005,0.14191918646243207,0.10818501756116798,1.5494110283752625,1.493892268216058,1.0371638312483553,0.03648990254364376,0.10818501756116798,0.1278238151544749,0.8463604175045669,-0.16680998467986682,Transport,1
loop_seattle/H/short|H=96|L=512|Hsrc=controlled|Lsrc=controlled|origins=shared_origin_v1:Hmax=720,joint-scaling,release,standard_hl_shared_origin_v1,loop_seattle/H/short,Toto-2.0-4m,toto2,Toto-2.0-4m,4.144448,4.144448,96,controlled,shared_origin_v1:Hmax=720,720,720,512,controlled,7320,8040,512,512,256,256,100,[],merged,2,323,62016,3347817.30120945,,100,,float32,native_horizon,96,,direct_full_horizon,83.8195586622807,83.8195586622807,5.303630155675552,1.0929262034183105,0.2033191499818343,0.12675265655675047,8.262119503539632,9.155302215780793,0.16959564131792504,0.0982460803985783,0.07621361121160017,1.0929262034183105,1.493892268216058,0.7315963986636306,-0.31252628502588753,0.07621361121160017,0.1278238151544749,0.5962395279744711,-0.517112800079361,Transport,1
loop_seattle/H/short|H=96|L=1024|Hsrc=controlled|Lsrc=controlled|origins=shared_origin_v1:Hmax=720,joint-scaling,release,standard_hl_shared_origin_v1,loop_seattle/H/short,Toto-2.0-4m,toto2,Toto-2.0-4m,4.144448,4.144448,96,controlled,shared_origin_v1:Hmax=720,720,720,1024,controlled,7320,8040,1024,1024,256,256,100,[],merged,2,323,62016,3347817.30120945,,100,,float32,native_horizon,96,,direct_full_horizon,68.98726235971363,68.98726235971363,4.742296153915925,0.9842661218340956,0.17609248146553158,0.11521472478183553,7.36951391530254,8.305857111684118,0.1538602582799593,0.08784775626047531,0.0682685657816472,0.9842661218340956,1.493892268216058,0.6588601753789541,-0.41724394395903264,0.0682685657816472,0.1278238151544749,0.5340833059875792,-0.6272034484671989,Transport,1
loop_seattle/H/short|H=96|L=2048|Hsrc=controlled|Lsrc=controlled|origins=shared_origin_v1:Hmax=720,joint-scaling,release,standard_hl_shared_origin_v1,loop_seattle/H/short,Toto-2.0-4m,toto2,Toto-2.0-4m,4.144448,4.144448,96,controlled,shared_origin_v1:Hmax=720,720,720,2048,controlled,7320,8040,2048,2048,256,256,100,[],merged,2,323,62016,3347817.30120945,,100,,float32,native_horizon,96,,direct_full_horizon,72.8605500999742,72.8605500999742,4.841894317091557,1.0037734290585898,0.1808701102824649,0.11751699988933048,7.48154773970154,8.535839156168198,0.15812051658783416,0.08969274334661904,0.0699144665302665,1.0037734290585898,1.493892268216058,0.6719182168719923,-0.39761864694851007,0.0699144665302665,0.1278238151544749,0.5469596291252531,-0.6033802834424035,Transport,1
loop_seattle/H/short|H=96|L=4096|Hsrc=controlled|Lsrc=controlled|origins=shared_origin_v1:Hmax=720,joint-scaling,release,standard_hl_shared_origin_v1,loop_seattle/H/short,Toto-2.0-4m,toto2,Toto-2.0-4m,4.144448,4.144448,96,controlled,shared_origin_v1:Hmax=720,720,720,4096,controlled,7320,8040,4096,4096,256,256,100,[],merged,2,323,62016,3347817.30120945,,100,,float32,native_horizon,96,,direct_full_horizon,70.70716478408798,70.70716478408798,4.772200042126226,0.9891526742717729,0.17552547435150304,0.11603642592612189,7.419601260172154,8.408755245818966,0.15576637504571036,0.08840170510666236,0.06899117329250089,0.9891526742717729,1.493892268216058,0.6621311960152096,-0.4122915613885894,0.06899117329250089,0.1278238151544749,0.5397364584144602,-0.6166742985273085,Transport,1
loop_seattle/H/short|H=192|L=128|Hsrc=controlled|Lsrc=controlled|origins=shared_origin_v1:Hmax=720,joint-scaling,release,standard_hl_shared_origin_v1,loop_seattle/H/short,Toto-2.0-4m,toto2,Toto-2.0-4m,4.144448,4.144448,192,controlled,shared_origin_v1:Hmax=720,720,720,128,controlled,7320,8040,128,128,256,256,100,[],merged,2,323,124032,6757989.810523033,,100,,float32,native_horizon,192,,direct_full_horizon,171.8736183001161,171.8736183001161,8.001883397530476,1.6213115508325495,0.30990044718802406,0.1732748679209297,21.287166666489817,13.110057906055035,0.24061396181329384,0.14686165995945566,0.12464243168760779,1.6213115508325495,1.4321323015188605,1.132096210045017,0.12407096737528862,0.12464243168760779,0.135466303338544,0.920099158357586,-0.0832738339235236,Transport,1
loop_seattle/H/short|H=192|L=256|Hsrc=controlled|Lsrc=controlled|origins=shared_origin_v1:Hmax=720,joint-scaling,release,standard_hl_shared_origin_v1,loop_seattle/H/short,Toto-2.0-4m,toto2,Toto-2.0-4m,4.144448,4.144448,192,controlled,shared_origin_v1:Hmax=720,720,720,256,controlled,7320,8040,256,256,256,256,100,[],merged,2,323,124032,6757989.810523033,,100,,float32,native_horizon,192,,direct_full_horizon,177.5684913973813,177.5684913973813,7.918723532535958,1.604879249705636,0.3213740487585865,0.171969075198021,17.07171276300113,13.325482782900638,0.24456773787304878,0.1453353948030716,0.11919176234302295,1.604879249705636,1.4321323015188605,1.1206221995017969,0.11388406632387271,0.11919176234302295,0.135466303338544,0.8798628102012253,-0.12798928116177072,Transport,1
loop_seattle/H/short|H=192|L=512|Hsrc=controlled|Lsrc=controlled|origins=shared_origin_v1:Hmax=720,joint-scaling,release,standard_hl_shared_origin_v1,loop_seattle/H/short,Toto-2.0-4m,toto2,Toto-2.0-4m,4.144448,4.144448,192,controlled,shared_origin_v1:Hmax=720,720,720,512,controlled,7320,8040,512,512,256,256,100,[],merged,2,323,124032,6757989.810523033,,100,,float32,native_horizon,192,,direct_full_horizon,109.11272897316822,109.11272897316822,6.116133903448303,1.2565234374085845,0.23792624891849987,0.14090116203630917,9.22635149578342,10.445703852453804,0.19171404168294792,0.11225177036095421,0.08619188348960967,1.2565234374085845,1.4321323015188605,0.8773794404860275,-0.1308157228404666,0.08619188348960967,0.135466303338544,0.6362606889346306,-0.4521469113612629,Transport,1
loop_seattle/H/short|H=192|L=1024|Hsrc=controlled|Lsrc=controlled|origins=shared_origin_v1:Hmax=720,joint-scaling,release,standard_hl_shared_origin_v1,loop_seattle/H/short,Toto-2.0-4m,toto2,Toto-2.0-4m,4.144448,4.144448,192,controlled,shared_origin_v1:Hmax=720,720,720,1024,controlled,7320,8040,1024,1024,256,256,100,[],merged,2,323,124032,6757989.810523033,,100,,float32,native_horizon,192,,direct_full_horizon,73.13858923503612,73.13858923503612,4.953084656328609,1.0328980872436733,0.18063520622450255,0.11797243695017968,7.605466490668069,8.55211022116975,0.15696018560140904,0.09090587783028978,0.07079841374532653,1.0328980872436733,1.4321323015188605,0.7212309129179085,-0.32679592540198393,0.07079841374532653,0.135466303338544,0.5226274874305392,-0.6488863298227583,Transport,1
loop_seattle/H/short|H=192|L=2048|Hsrc=controlled|Lsrc=controlled|origins=shared_origin_v1:Hmax=720,joint-scaling,release,standard_hl_shared_origin_v1,loop_seattle/H/short,Toto-2.0-4m,toto2,Toto-2.0-4m,4.144448,4.144448,192,controlled,shared_origin_v1:Hmax=720,720,720,2048,controlled,7320,8040,2048,2048,256,256,100,[],merged,2,323,124032,6757989.810523033,,100,,float32,native_horizon,192,,direct_full_horizon,72.25121138093395,72.25121138093395,4.8809652889476105,1.0173924631138764,0.17768306161351002,0.11686318479209247,7.569752669555583,8.500071257403313,0.1560050943783018,0.08958224319546518,0.07005104055207835,1.0173924631138764,1.4321323015188605,0.7104039634011968,-0.34192150820769485,0.07005104055207835,0.135466303338544,0.5171104461086069,-0.6594987984523347,Transport,1
loop_seattle/H/short|H=192|L=4096|Hsrc=controlled|Lsrc=controlled|origins=shared_origin_v1:Hmax=720,joint-scaling,release,standard_hl_shared_origin_v1,loop_seattle/H/short,Toto-2.0-4m,toto2,Toto-2.0-4m,4.144448,4.144448,192,controlled,shared_origin_v1:Hmax=720,720,720,4096,controlled,7320,8040,4096,4096,256,256,100,[],merged,2,323,124032,6757989.810523033,,100,,float32,native_horizon,192,,direct_full_horizon,68.01526219040248,68.01526219040248,4.730914892426954,0.9875005575769419,0.1691820924127065,0.11383389196405716,7.531917648425266,8.247136605537857,0.15136288691428254,0.08682831025045389,0.06818164483247034,0.9875005575769419,1.4321323015188605,0.6895316560695122,-0.3717426711717776,0.06818164483247034,0.135466303338544,0.5033107359700922,-0.6865475342727643,Transport,1
loop_seattle/H/short|H=336|L=128|Hsrc=controlled|Lsrc=controlled|origins=shared_origin_v1:Hmax=720,joint-scaling,release,standard_hl_shared_origin_v1,loop_seattle/H/short,Toto-2.0-4m,toto2,Toto-2.0-4m,4.144448,4.144448,336,controlled,shared_origin_v1:Hmax=720,720,720,128,controlled,7320,8040,128,128,256,256,100,[],merged,2,323,217056,11889516.385464072,,100,,float32,native_horizon,336,,direct_full_horizon,170.5424809726522,170.5424809726522,8.079747565144478,1.6390368114276959,0.30279264544273715,0.1724571949012438,22.790369741900257,13.059191436404177,0.2384096850133998,0.147504543552681,0.1274140711178621,1.6390368114276959,1.4759900186073378,1.110466053811258,0.10477979550264445,0.1274140711178621,0.15223418257634255,0.8369609831482253,-0.1779778246948009,Transport,1
loop_seattle/H/short|H=336|L=256|Hsrc=controlled|Lsrc=controlled|origins=shared_origin_v1:Hmax=720,joint-scaling,release,standard_hl_shared_origin_v1,loop_seattle/H/short,Toto-2.0-4m,toto2,Toto-2.0-4m,4.144448,4.144448,336,controlled,shared_origin_v1:Hmax=720,720,720,256,controlled,7320,8040,256,256,256,256,100,[],merged,2,323,217056,11889516.385464072,,100,,float32,native_horizon,336,,direct_full_horizon,170.5424809726522,170.5424809726522,8.079747565144478,1.6390368114276959,0.30279264544273715,0.1724571949012438,22.790369741900257,13.059191436404177,0.2384096850133998,0.147504543552681,0.1274140711178621,1.6390368114276959,1.4759900186073378,1.110466053811258,0.10477979550264445,0.1274140711178621,0.15223418257634255,0.8369609831482253,-0.1779778246948009,Transport,1
loop_seattle/H/short|H=336|L=512|Hsrc=controlled|Lsrc=controlled|origins=shared_origin_v1:Hmax=720,joint-scaling,release,standard_hl_shared_origin_v1,loop_seattle/H/short,Toto-2.0-4m,toto2,Toto-2.0-4m,4.144448,4.144448,336,controlled,shared_origin_v1:Hmax=720,720,720,512,controlled,7320,8040,512,512,256,256,100,[],merged,2,323,217056,11889516.385464072,,100,,float32,native_horizon,336,,direct_full_horizon,150.01026002506265,150.01026002506265,7.19218485091405,1.462389961313888,0.28644615419667047,0.157797196894537,12.550477636328127,12.247867570522741,0.22359808903897804,0.13130112482191317,0.10117477978879123,1.462389961313888,1.4759900186073378,0.9907858067317541,-0.009256906528323939,0.10117477978879123,0.15223418257634255,0.66459961932698,-0.40857049584697125,Transport,1
loop_seattle/H/short|H=336|L=1024|Hsrc=controlled|Lsrc=controlled|origins=shared_origin_v1:Hmax=720,joint-scaling,release,standard_hl_shared_origin_v1,loop_seattle/H/short,Toto-2.0-4m,toto2,Toto-2.0-4m,4.144448,4.144448,336,controlled,shared_origin_v1:Hmax=720,720,720,1024,controlled,7320,8040,1024,1024,256,256,100,[],merged,2,323,217056,11889516.385464072,,100,,float32,native_horizon,336,,direct_full_horizon,81.79311617739201,81.79311617739201,5.287527505862542,1.094897681708908,0.18911306861226193,0.12293269615617629,8.20778027241853,9.04395467577055,0.16510718875866462,0.09652954191775592,0.0752261505759781,1.094897681708908,1.4759900186073378,0.7418056137954053,-0.2986680461534417,0.0752261505759781,0.15223418257634255,0.49414756464602566,-0.7049210925419649,Transport,1
loop_seattle/H/short|H=336|L=2048|Hsrc=controlled|Lsrc=controlled|origins=shared_origin_v1:Hmax=720,joint-scaling,release,standard_hl_shared_origin_v1,loop_seattle/H/short,Toto-2.0-4m,toto2,Toto-2.0-4m,4.144448,4.144448,336,controlled,shared_origin_v1:Hmax=720,720,720,2048,controlled,7320,8040,2048,2048,256,256,100,[],merged,2,323,217056,11889516.385464072,,100,,float32,native_horizon,336,,direct_full_horizon,79.45242702344096,79.45242702344096,5.118204122726393,1.060359157231978,0.18268437071323185,0.11974833445019661,8.000221294155603,8.913609090791505,0.16272758891827066,0.09343836015237031,0.07318004841619734,1.060359157231978,1.4759900186073378,0.7184053712182105,-0.33072128538204915,0.07318004841619734,0.15223418257634255,0.4807070736527845,-0.732497188873694,Transport,1
loop_seattle/H/short|H=336|L=4096|Hsrc=controlled|Lsrc=controlled|origins=shared_origin_v1:Hmax=720,joint-scaling,release,standard_hl_shared_origin_v1,loop_seattle/H/short,Toto-2.0-4m,toto2,Toto-2.0-4m,4.144448,4.144448,336,controlled,shared_origin_v1:Hmax=720,720,720,4096,controlled,7320,8040,4096,4096,256,256,100,[],merged,2,323,217056,11889516.385464072,,100,,float32,native_horizon,336,,direct_full_horizon,76.94774908318591,76.94774908318591,5.016129298141954,1.040029966871443,0.17671479184807146,0.11753484497340261,8.0755718311561,8.771986609838498,0.16014211712706156,0.0915748736650572,0.07211735957421726,1.040029966871443,1.4759900186073378,0.7046321138761883,-0.35007943665664026,0.07211735957421726,0.15223418257634255,0.47372645455662876,-0.7471252239649133,Transport,1
loop_seattle/H/short|H=720|L=128|Hsrc=controlled|Lsrc=controlled|origins=shared_origin_v1:Hmax=720,joint-scaling,release,standard_hl_shared_origin_v1,loop_seattle/H/short,Toto-2.0-4m,toto2,Toto-2.0-4m,4.144448,4.144448,720,controlled,shared_origin_v1:Hmax=720,720,720,128,controlled,7320,8040,128,128,256,256,100,[],merged,2,323,465120,26026034.384654045,,100,,float32,native_horizon,720,,direct_full_horizon,162.4170880632955,162.4170880632955,7.927053367948057,1.609734234669672,0.2811679038305975,0.16592623169659174,23.67297949186462,12.74429629533524,0.22775759861369752,0.1416670326338313,0.1234739732859128,1.609734234669672,1.546026875629892,1.0412071484939898,0.04038075974473736,0.1234739732859128,0.1870944876868091,0.6599551638988143,-0.4155833797558947,Transport,1
loop_seattle/H/short|H=720|L=256|Hsrc=controlled|Lsrc=controlled|origins=shared_origin_v1:Hmax=720,joint-scaling,release,standard_hl_shared_origin_v1,loop_seattle/H/short,Toto-2.0-4m,toto2,Toto-2.0-4m,4.144448,4.144448,720,controlled,shared_origin_v1:Hmax=720,720,720,256,controlled,7320,8040,256,256,256,256,100,[],merged,2,323,465120,26026034.384654045,,100,,float32,native_horizon,720,,direct_full_horizon,162.4170880632955,162.4170880632955,7.927053367948057,1.609734234669672,0.2811679038305975,0.16592623169659174,23.67297949186462,12.74429629533524,0.22775759861369752,0.1416670326338313,0.1234739732859128,1.609734234669672,1.546026875629892,1.0412071484939898,0.04038075974473736,0.1234739732859128,0.1870944876868091,0.6599551638988143,-0.4155833797558947,Transport,1
loop_seattle/H/short|H=720|L=512|Hsrc=controlled|Lsrc=controlled|origins=shared_origin_v1:Hmax=720,joint-scaling,release,standard_hl_shared_origin_v1,loop_seattle/H/short,Toto-2.0-4m,toto2,Toto-2.0-4m,4.144448,4.144448,720,controlled,shared_origin_v1:Hmax=720,720,720,512,controlled,7320,8040,512,512,256,256,100,[],merged,2,323,465120,26026034.384654045,,100,,float32,native_horizon,720,,direct_full_horizon,162.4170880632955,162.4170880632955,7.927053367948057,1.609734234669672,0.2811679038305975,0.16592623169659174,23.67297949186462,12.74429629533524,0.22775759861369752,0.1416670326338313,0.1234739732859128,1.609734234669672,1.546026875629892,1.0412071484939898,0.04038075974473736,0.1234739732859128,0.1870944876868091,0.6599551638988143,-0.4155833797558947,Transport,1
loop_seattle/H/short|H=720|L=1024|Hsrc=controlled|Lsrc=controlled|origins=shared_origin_v1:Hmax=720,joint-scaling,release,standard_hl_shared_origin_v1,loop_seattle/H/short,Toto-2.0-4m,toto2,Toto-2.0-4m,4.144448,4.144448,720,controlled,shared_origin_v1:Hmax=720,720,720,1024,controlled,7320,8040,1024,1024,256,256,100,[],merged,2,323,465120,26026034.384654045,,100,,float32,native_horizon,720,,direct_full_horizon,108.02533217234262,108.02533217234262,6.108195532873237,1.2508674786305627,0.224048065720943,0.13512669508507213,10.63843751196169,10.393523568662488,0.18574614982860194,0.10916161349287962,0.0851856032512641,1.2508674786305627,1.546026875629892,0.8090852095445794,-0.21185104046819228,0.0851856032512641,0.1870944876868091,0.4553079265160521,-0.7867813273572917,Transport,1
loop_seattle/H/short|H=720|L=2048|Hsrc=controlled|Lsrc=controlled|origins=shared_origin_v1:Hmax=720,joint-scaling,release,standard_hl_shared_origin_v1,loop_seattle/H/short,Toto-2.0-4m,toto2,Toto-2.0-4m,4.144448,4.144448,720,controlled,shared_origin_v1:Hmax=720,720,720,2048,controlled,7320,8040,2048,2048,256,256,100,[],merged,2,323,465120,26026034.384654045,,100,,float32,native_horizon,720,,direct_full_horizon,85.85524810801513,85.85524810801513,5.385378269317595,1.1118213366785006,0.18640385415490895,0.12145707189811232,8.581413941198894,9.26581070970129,0.16559241464144986,0.09624390345468668,0.07547052893027538,1.1118213366785006,1.546026875629892,0.7191474832709589,-0.3296888195268225,0.07547052893027538,0.1870944876868091,0.4033818946959619,-0.9078715362343341,Transport,1
loop_seattle/H/short|H=720|L=4096|Hsrc=controlled|Lsrc=controlled|origins=shared_origin_v1:Hmax=720,joint-scaling,release,standard_hl_shared_origin_v1,loop_seattle/H/short,Toto-2.0-4m,toto2,Toto-2.0-4m,4.144448,4.144448,720,controlled,shared_origin_v1:Hmax=720,720,720,4096,controlled,7320,8040,4096,4096,256,256,100,[],merged,2,323,465120,26026034.384654045,,100,,float32,native_horizon,720,,direct_full_horizon,85.6828119625043,85.6828119625043,5.332552755202959,1.1012728295188987,0.18433062931004365,0.12041947004267715,8.485735141982659,9.256501064792479,0.16542603885111665,0.09529984095319827,0.07500624922844146,1.1012728295188987,1.546026875629892,0.7123245054004712,-0.33922170538804547,0.07500624922844146,0.1870944876868091,0.40090036941120255,-0.9140423378793671,Transport,1
m_dense/H/short|H=48|L=128|Hsrc=controlled|Lsrc=controlled|origins=shared_origin_v1:Hmax=720,joint-scaling,release,standard_hl_shared_origin_v1,m_dense/H/short,Toto-2.0-4m,toto2,Toto-2.0-4m,4.144448,4.144448,48,controlled,shared_origin_v1:Hmax=720,720,720,128,controlled,15360,16800,128,128,256,256,100,[],merged,2,30,4320,2481933.9528036118,,100,,float32,native_horizon,48,,direct_full_horizon,145390.42962962962,145390.42962962962,181.11927083333333,1.3828067756662503,0.5134279442064208,0.42382628829390917,12.772494310115777,381.3009698776409,0.6636841355148456,0.3152522447731355,0.2572156579002551,1.3828067756662503,1.1204480776464614,1.2341551592206594,0.2103866543866519,0.2572156579002551,0.2198618001220286,1.1698969887333506,0.15691570111593126,Transport,1
m_dense/H/short|H=48|L=256|Hsrc=controlled|Lsrc=controlled|origins=shared_origin_v1:Hmax=720,joint-scaling,release,standard_hl_shared_origin_v1,m_dense/H/short,Toto-2.0-4m,toto2,Toto-2.0-4m,4.144448,4.144448,48,controlled,shared_origin_v1:Hmax=720,720,720,256,controlled,15360,16800,256,256,256,256,100,[],merged,2,30,4320,2481933.9528036118,,100,,float32,native_horizon,48,,direct_full_horizon,73129.79629629629,73129.79629629629,128.55048828125,1.043150989443241,0.3916812965613729,0.28941195452654805,8.33986736107332,270.4252138693733,0.4706962175992005,0.2237521706601764,0.18296602582007696,1.043150989443241,1.1204480776464614,0.9310123425214084,-0.07148274451968326,0.18296602582007696,0.2198618001220286,0.8321865177057879,-0.18369868335065395,Transport,1
m_dense/H/short|H=48|L=512|Hsrc=controlled|Lsrc=controlled|origins=shared_origin_v1:Hmax=720,joint-scaling,release,standard_hl_shared_origin_v1,m_dense/H/short,Toto-2.0-4m,toto2,Toto-2.0-4m,4.144448,4.144448,48,controlled,shared_origin_v1:Hmax=720,720,720,512,controlled,15360,16800,512,512,256,256,100,[],merged,2,30,4320,2481933.9528036118,,100,,float32,native_horizon,48,,direct_full_horizon,42519.218518518515,42519.218518518515,98.49002097800926,0.7913758058999794,0.3406955962727924,0.24050489355016638,6.398274271160421,206.20188776662187,0.3589104996712587,0.17142957819017626,0.1408221424969582,0.7913758058999794,1.1204480776464614,0.7063029708277877,-0.3477109963920661,0.1408221424969582,0.2198618001220286,0.6405029996970757,-0.4455014742885154,Transport,1
m_dense/H/short|H=48|L=1024|Hsrc=controlled|Lsrc=controlled|origins=shared_origin_v1:Hmax=720,joint-scaling,release,standard_hl_shared_origin_v1,m_dense/H/short,Toto-2.0-4m,toto2,Toto-2.0-4m,4.144448,4.144448,48,controlled,shared_origin_v1:Hmax=720,720,720,1024,controlled,15360,16800,1024,1024,256,256,100,[],merged,2,30,4320,2481933.9528036118,,100,,float32,native_horizon,48,,direct_full_horizon,33183.13611111111,33183.13611111111,90.61537181712963,0.7242196368375411,0.3400790779549216,0.22946702462655527,5.854616813906678,182.16238939778736,0.3170678741509242,0.15772313594719375,0.12754788924132895,0.7242196368375411,1.1204480776464614,0.646366084503254,-0.436389241432617,0.12754788924132895,0.2198618001220286,0.5801275581776225,-0.5445072717298131,Transport,1
m_dense/H/short|H=48|L=2048|Hsrc=controlled|Lsrc=controlled|origins=shared_origin_v1:Hmax=720,joint-scaling,release,standard_hl_shared_origin_v1,m_dense/H/short,Toto-2.0-4m,toto2,Toto-2.0-4m,4.144448,4.144448,48,controlled,shared_origin_v1:Hmax=720,720,720,2048,controlled,15360,16800,2048,2048,256,256,100,[],merged,2,30,4320,2481933.9528036118,,100,,float32,native_horizon,48,,direct_full_horizon,30041.494444444445,30041.494444444445,84.69552951388889,0.6831903907990926,0.2954872012756712,0.21340015552662037,5.75267739774421,173.3248235090532,0.3016854000942697,0.14741918780179217,0.1213947366482788,0.6831903907990926,1.1204480776464614,0.6097474790926116,-0.494710376224114,0.1213947366482788,0.2198618001220286,0.5521411021873822,-0.5939516454655652,Transport,1
m_dense/H/short|H=48|L=4096|Hsrc=controlled|Lsrc=controlled|origins=shared_origin_v1:Hmax=720,joint-scaling,release,standard_hl_shared_origin_v1,m_dense/H/short,Toto-2.0-4m,toto2,Toto-2.0-4m,4.144448,4.144448,48,controlled,shared_origin_v1:Hmax=720,720,720,4096,controlled,15360,16800,4096,4096,256,256,100,[],merged,2,30,4320,2481933.9528036118,,100,,float32,native_horizon,48,,direct_full_horizon,30662.29351851852,30662.29351851852,85.84529441550926,0.692451758987857,0.3120567409694252,0.21597318296079282,5.584002421540388,175.10652049115282,0.3047865829254952,0.14942044346348665,0.12182502969623896,0.692451758987857,1.1204480776464614,0.6180132509507938,-0.48124538008636436,0.12182502969623896,0.2198618001220286,0.5540982090960008,-0.5904133352093445,Transport,1
m_dense/H/short|H=96|L=128|Hsrc=controlled|Lsrc=controlled|origins=shared_origin_v1:Hmax=720,joint-scaling,release,standard_hl_shared_origin_v1,m_dense/H/short,Toto-2.0-4m,toto2,Toto-2.0-4m,4.144448,4.144448,96,controlled,shared_origin_v1:Hmax=720,720,720,128,controlled,15360,16800,128,128,256,256,100,[],merged,2,30,8640,5043646.119029522,,100,,float32,native_horizon,96,,direct_full_horizon,130025.5925925926,130025.5925925926,189.3767650462963,1.5307557326562924,1.0365904767408485,0.43880514921965424,17.89001890372724,360.59061634018235,0.6177084695582584,0.32441119209902736,0.28781015967277573,1.5307557326562924,1.6112164314292674,0.9500621411230269,-0.051227884818353685,0.28781015967277573,0.288525055629236,0.9975222396027229,-0.0024808351255803597,Transport,1
m_dense/H/short|H=96|L=256|Hsrc=controlled|Lsrc=controlled|origins=shared_origin_v1:Hmax=720,joint-scaling,release,standard_hl_shared_origin_v1,m_dense/H/short,Toto-2.0-4m,toto2,Toto-2.0-4m,4.144448,4.144448,96,controlled,shared_origin_v1:Hmax=720,720,720,256,controlled,15360,16800,256,256,256,256,100,[],merged,2,30,8640,5043646.119029522,,100,,float32,native_horizon,96,,direct_full_horizon,80613.67777777778,80613.67777777778,140.19895109953703,1.1450684094418817,0.4350259354799765,0.3209030716507523,9.635546297915944,283.92547926837733,0.48637752986341537,0.24016731327158955,0.19942226258553897,1.1450684094418817,1.6112164314292674,0.7106856578083193,-0.3415250597267437,0.19942226258553897,0.288525055629236,0.691178317774256,-0.3693574309451638,Transport,1
m_dense/H/short|H=96|L=512|Hsrc=controlled|Lsrc=controlled|origins=shared_origin_v1:Hmax=720,joint-scaling,release,standard_hl_shared_origin_v1,m_dense/H/short,Toto-2.0-4m,toto2,Toto-2.0-4m,4.144448,4.144448,96,controlled,shared_origin_v1:Hmax=720,720,720,512,controlled,15360,16800,512,512,256,256,100,[],merged,2,30,8640,5043646.119029522,,100,,float32,native_horizon,96,,direct_full_horizon,41780.13333333333,41780.13333333333,99.5021484375,0.8050605253253326,0.3539824228718707,0.24320256268536602,6.582656903600407,204.40189170683655,0.3501499317495496,0.17045180058457784,0.1397681053246154,0.8050605253253326,1.6112164314292674,0.49966007646234384,-0.693827258836074,0.1397681053246154,0.288525055629236,0.48442276536364975,-0.7247972713727411,Transport,1
m_dense/H/short|H=96|L=1024|Hsrc=controlled|Lsrc=controlled|origins=shared_origin_v1:Hmax=720,joint-scaling,release,standard_hl_shared_origin_v1,m_dense/H/short,Toto-2.0-4m,toto2,Toto-2.0-4m,4.144448,4.144448,96,controlled,shared_origin_v1:Hmax=720,720,720,1024,controlled,15360,16800,1024,1024,256,256,100,[],merged,2,30,8640,5043646.119029522,,100,,float32,native_horizon,96,,direct_full_horizon,27326.037962962964,27326.037962962964,83.34982638888889,0.6861930996909616,0.3149219274985316,0.21512911054823133,5.783832291162095,165.30589209995802,0.28317666902817007,0.14278212289377806,0.11690342098997253,0.6861930996909616,1.6112164314292674,0.42588511779404953,-0.8535856456218133,0.11690342098997253,0.288525055629236,0.40517597591315324,-0.90343379781951,Transport,1
m_dense/H/short|H=96|L=2048|Hsrc=controlled|Lsrc=controlled|origins=shared_origin_v1:Hmax=720,joint-scaling,release,standard_hl_shared_origin_v1,m_dense/H/short,Toto-2.0-4m,toto2,Toto-2.0-4m,4.144448,4.144448,96,controlled,shared_origin_v1:Hmax=720,720,720,2048,controlled,15360,16800,2048,2048,256,256,100,[],merged,2,30,8640,5043646.119029522,,100,,float32,native_horizon,96,,direct_full_horizon,26227.337037037036,26227.337037037036,80.91989293981482,0.6676965330791325,0.28666430462928866,0.20673599243164062,5.756214177706044,161.94856293600458,0.27742540827513784,0.13861953406329133,0.11466210680755512,0.6676965330791325,1.6112164314292674,0.4144052406955883,-0.8809109416506417,0.11466210680755512,0.288525055629236,0.39740779724482445,-0.9227923284106411,Transport,1
m_dense/H/short|H=96|L=4096|Hsrc=controlled|Lsrc=controlled|origins=shared_origin_v1:Hmax=720,joint-scaling,release,standard_hl_shared_origin_v1,m_dense/H/short,Toto-2.0-4m,toto2,Toto-2.0-4m,4.144448,4.144448,96,controlled,shared_origin_v1:Hmax=720,720,720,4096,controlled,15360,16800,4096,4096,256,256,100,[],merged,2,30,8640,5043646.119029522,,100,,float32,native_horizon,96,,direct_full_horizon,26158.94074074074,26158.94074074074,80.82793330439814,0.6682368192662587,0.29628610781956444,0.20617766910129123,5.669389383958229,161.73725835669634,0.2770634337190057,0.13846200293774266,0.11453446858894323,0.6682368192662587,1.6112164314292674,0.41474056882195737,-0.8801020895988021,0.11453446858894323,0.288525055629236,0.396965415496267,-0.9239061167086202,Transport,1
m_dense/H/short|H=192|L=128|Hsrc=controlled|Lsrc=controlled|origins=shared_origin_v1:Hmax=720,joint-scaling,release,standard_hl_shared_origin_v1,m_dense/H/short,Toto-2.0-4m,toto2,Toto-2.0-4m,4.144448,4.144448,192,controlled,shared_origin_v1:Hmax=720,720,720,128,controlled,15360,16800,128,128,256,256,100,[],merged,2,30,17280,9801028.528793812,,100,,float32,native_horizon,192,,direct_full_horizon,222275.13333333333,222275.13333333333,265.5934751157407,2.100093322262724,1.480272610042515,0.5604586848506221,32.5289169488433,471.4606381590443,0.831222948025731,0.4682626151446182,0.42426935039525876,2.100093322262724,1.3606427928826206,1.5434567641471304,0.4340245530012607,0.42426935039525876,0.29794983608119385,1.4239623554605405,0.3534433768682605,Transport,1
m_dense/H/short|H=192|L=256|Hsrc=controlled|Lsrc=controlled|origins=shared_origin_v1:Hmax=720,joint-scaling,release,standard_hl_shared_origin_v1,m_dense/H/short,Toto-2.0-4m,toto2,Toto-2.0-4m,4.144448,4.144448,192,controlled,shared_origin_v1:Hmax=720,720,720,256,controlled,15360,16800,256,256,256,256,100,[],merged,2,30,17280,9801028.528793812,,100,,float32,native_horizon,192,,direct_full_horizon,101184.83333333333,101184.83333333333,163.63462094907408,1.3240942167160803,0.6853908188147511,0.39699233726218897,15.124637836718103,318.09563551443665,0.5608281381429597,0.28850097126979657,0.2583729677004595,1.3240942167160803,1.3606427928826206,0.9731387426900565,-0.027228614268742617,0.2583729677004595,0.29794983608119385,0.8671693567572585,-0.14252098476372563,Transport,1
m_dense/H/short|H=192|L=512|Hsrc=controlled|Lsrc=controlled|origins=shared_origin_v1:Hmax=720,joint-scaling,release,standard_hl_shared_origin_v1,m_dense/H/short,Toto-2.0-4m,toto2,Toto-2.0-4m,4.144448,4.144448,192,controlled,shared_origin_v1:Hmax=720,720,720,512,controlled,15360,16800,512,512,256,256,100,[],merged,2,30,17280,9801028.528793812,,100,,float32,native_horizon,192,,direct_full_horizon,62051.02222222222,62051.02222222222,121.36450014467593,0.9859107093452483,0.4326000273181975,0.28198814392089844,8.183858428902958,249.1004259776009,0.439184045658796,0.21397535537610507,0.1771832940706204,0.9859107093452483,1.3606427928826206,0.7245918726813853,-0.32214671686699825,0.1771832940706204,0.29794983608119385,0.594674917096905,-0.5197403805646551,Transport,1
m_dense/H/short|H=192|L=1024|Hsrc=controlled|Lsrc=controlled|origins=shared_origin_v1:Hmax=720,joint-scaling,release,standard_hl_shared_origin_v1,m_dense/H/short,Toto-2.0-4m,toto2,Toto-2.0-4m,4.144448,4.144448,192,controlled,shared_origin_v1:Hmax=720,720,720,1024,controlled,15360,16800,1024,1024,256,256,100,[],merged,2,30,17280,9801028.528793812,,100,,float32,native_horizon,192,,direct_full_horizon,44582.45925925926,44582.45925925926,100.60293692129629,0.8251957297521361,0.3772956452252556,0.2433103773328993,7.164671893122286,211.14558782806535,0.37226661946243644,0.17737105293519057,0.14626665417673032,0.8251957297521361,1.3606427928826206,0.606474920580661,-0.5000919025154001,0.14626665417673032,0.29794983608119385,0.49091033611735707,-0.7114937826960018,Transport,1
m_dense/H/short|H=192|L=2048|Hsrc=controlled|Lsrc=controlled|origins=shared_origin_v1:Hmax=720,joint-scaling,release,standard_hl_shared_origin_v1,m_dense/H/short,Toto-2.0-4m,toto2,Toto-2.0-4m,4.144448,4.144448,192,controlled,shared_origin_v1:Hmax=720,720,720,2048,controlled,15360,16800,2048,2048,256,256,100,[],merged,2,30,17280,9801028.528793812,,100,,float32,native_horizon,192,,direct_full_horizon,43940.3537037037,43940.3537037037,98.97046802662037,0.814492584092796,0.3588367649929967,0.23795628017849393,7.275105125346734,209.61954513762237,0.36957608370760375,0.17449287923973336,0.14492040661158703,0.814492584092796,1.3606427928826206,0.5986086784520678,-0.5131471857533837,0.14492040661158703,0.29794983608119385,0.4863919662372125,-0.72074046524863,Transport,1
m_dense/H/short|H=192|L=4096|Hsrc=controlled|Lsrc=controlled|origins=shared_origin_v1:Hmax=720,joint-scaling,release,standard_hl_shared_origin_v1,m_dense/H/short,Toto-2.0-4m,toto2,Toto-2.0-4m,4.144448,4.144448,192,controlled,shared_origin_v1:Hmax=720,720,720,4096,controlled,15360,16800,4096,4096,256,256,100,[],merged,2,30,17280,9801028.528793812,,100,,float32,native_horizon,192,,direct_full_horizon,41016.98148148148,41016.98148148148,96.41939019097222,0.79681646316566,0.35252742520818087,0.23368905385335287,6.865798365654035,202.52649575174473,0.35707046829919215,0.16999512424692903,0.14063316200452802,0.79681646316566,1.3606427928826206,0.5856176708050953,-0.535088141235159,0.14063316200452802,0.29794983608119385,0.47200281716619,-0.750770324841957,Transport,1
m_dense/H/short|H=336|L=128|Hsrc=controlled|Lsrc=controlled|origins=shared_origin_v1:Hmax=720,joint-scaling,release,standard_hl_shared_origin_v1,m_dense/H/short,Toto-2.0-4m,toto2,Toto-2.0-4m,4.144448,4.144448,336,controlled,shared_origin_v1:Hmax=720,720,720,128,controlled,15360,16800,128,128,256,256,100,[],merged,2,30,30240,17556057.090857506,,100,,float32,native_horizon,336,,direct_full_horizon,255366.88253968253,255366.88253968253,290.0883680555556,2.2866953741558205,1.6339144644475738,0.5889508928571429,39.13477474233858,505.33838419388104,0.870436491459174,0.4996721191211123,0.45622887708546744,2.2866953741558205,1.4734938128038875,1.5518866481050946,0.43947138307900874,0.45622887708546744,0.336977925961787,1.3538835690299886,0.3029771804160287,Transport,1
m_dense/H/short|H=336|L=256|Hsrc=controlled|Lsrc=controlled|origins=shared_origin_v1:Hmax=720,joint-scaling,release,standard_hl_shared_origin_v1,m_dense/H/short,Toto-2.0-4m,toto2,Toto-2.0-4m,4.144448,4.144448,336,controlled,shared_origin_v1:Hmax=720,720,720,256,controlled,15360,16800,256,256,256,256,100,[],merged,2,30,30240,17556057.090857506,,100,,float32,native_horizon,336,,direct_full_horizon,255366.88253968253,255366.88253968253,290.0883680555556,2.2866953741558205,1.6339144644475738,0.5889508928571429,39.13477474233858,505.33838419388104,0.870436491459174,0.4996721191211123,0.45622887708546744,2.2866953741558205,1.4734938128038875,1.5518866481050946,0.43947138307900874,0.45622887708546744,0.336977925961787,1.3538835690299886,0.3029771804160287,Transport,1
m_dense/H/short|H=336|L=512|Hsrc=controlled|Lsrc=controlled|origins=shared_origin_v1:Hmax=720,joint-scaling,release,standard_hl_shared_origin_v1,m_dense/H/short,Toto-2.0-4m,toto2,Toto-2.0-4m,4.144448,4.144448,336,controlled,shared_origin_v1:Hmax=720,720,720,512,controlled,15360,16800,512,512,256,256,100,[],merged,2,30,30240,17556057.090857506,,100,,float32,native_horizon,336,,direct_full_horizon,73254.70052910053,73254.70052910053,139.29432043650795,1.1387920768345507,0.49494237308612377,0.3245615318338707,11.388453144401849,270.65605577762443,0.4662003025142585,0.23993202051009377,0.20780840177403226,1.1387920768345507,1.4734938128038875,0.7728516176580082,-0.25766820527865936,0.20780840177403226,0.336977925961787,0.6166825354536651,-0.4834009167408629,Transport,1
m_dense/H/short|H=336|L=1024|Hsrc=controlled|Lsrc=controlled|origins=shared_origin_v1:Hmax=720,joint-scaling,release,standard_hl_shared_origin_v1,m_dense/H/short,Toto-2.0-4m,toto2,Toto-2.0-4m,4.144448,4.144448,336,controlled,shared_origin_v1:Hmax=720,720,720,1024,controlled,15360,16800,1024,1024,256,256,100,[],merged,2,30,30240,17556057.090857506,,100,,float32,native_horizon,336,,direct_full_horizon,43087.54285714286,43087.54285714286,100.99353505291005,0.8274268698238809,0.3600517972416002,0.2436860826280382,7.2508991448353886,207.57539077921268,0.35754496494729693,0.1739595903678409,0.14508238683050464,0.8274268698238809,1.4734938128038875,0.5615407832961197,-0.5770708746788135,0.14508238683050464,0.336977925961787,0.4305397346618985,-0.8427156605074313,Transport,1
m_dense/H/short|H=336|L=2048|Hsrc=controlled|Lsrc=controlled|origins=shared_origin_v1:Hmax=720,joint-scaling,release,standard_hl_shared_origin_v1,m_dense/H/short,Toto-2.0-4m,toto2,Toto-2.0-4m,4.144448,4.144448,336,controlled,shared_origin_v1:Hmax=720,720,720,2048,controlled,15360,16800,2048,2048,256,256,100,[],merged,2,30,30240,17556057.090857506,,100,,float32,native_horizon,336,,direct_full_horizon,39911.94920634921,39911.94920634921,95.7682208994709,0.7907336069949892,0.33785083711534863,0.23145212647776126,7.287170603618477,199.77975174263582,0.3441171136224771,0.16495907851132116,0.13906309124196511,0.7907336069949892,1.4734938128038875,0.536638566191408,-0.6224304721766524,0.13906309124196511,0.336977925961787,0.41267715339234046,-0.8850897026308316,Transport,1
m_dense/H/short|H=336|L=4096|Hsrc=controlled|Lsrc=controlled|origins=shared_origin_v1:Hmax=720,joint-scaling,release,standard_hl_shared_origin_v1,m_dense/H/short,Toto-2.0-4m,toto2,Toto-2.0-4m,4.144448,4.144448,336,controlled,shared_origin_v1:Hmax=720,720,720,4096,controlled,15360,16800,4096,4096,256,256,100,[],merged,2,30,30240,17556057.090857506,,100,,float32,native_horizon,336,,direct_full_horizon,39814.224338624335,39814.224338624335,95.90672123015872,0.7899896457447309,0.33858706564332,0.2300863921957672,7.056622097257943,199.53502033133014,0.3436955680647483,0.16519764289843408,0.13928811761756546,0.7899896457447309,1.4734938128038875,0.5361336701112253,-0.6233717644666215,0.13928811761756546,0.336977925961787,0.4133449311850789,-0.8834728501260802,Transport,1
m_dense/H/short|H=720|L=128|Hsrc=controlled|Lsrc=controlled|origins=shared_origin_v1:Hmax=720,joint-scaling,release,standard_hl_shared_origin_v1,m_dense/H/short,Toto-2.0-4m,toto2,Toto-2.0-4m,4.144448,4.144448,720,controlled,shared_origin_v1:Hmax=720,720,720,128,controlled,15360,16800,128,128,256,256,100,[],merged,2,30,64800,37431809.903151035,,100,,float32,native_horizon,720,,direct_full_horizon,255254.4711111111,255254.4711111111,294.0450462962963,2.3336355556317705,1.6535129530129515,0.5976619767554012,44.39010457061736,505.2271480345361,0.8746229283955081,0.5090354714158776,0.4770302674112457,2.3336355556317705,1.4779178745268122,1.5790021866938546,0.45679312013249207,0.4770302674112457,0.41895078948633335,1.138630787630505,0.12982647706959358,Transport,1
m_dense/H/short|H=720|L=256|Hsrc=controlled|Lsrc=controlled|origins=shared_origin_v1:Hmax=720,joint-scaling,release,standard_hl_shared_origin_v1,m_dense/H/short,Toto-2.0-4m,toto2,Toto-2.0-4m,4.144448,4.144448,720,controlled,shared_origin_v1:Hmax=720,720,720,256,controlled,15360,16800,256,256,256,256,100,[],merged,2,30,64800,37431809.903151035,,100,,float32,native_horizon,720,,direct_full_horizon,255254.4711111111,255254.4711111111,294.0450462962963,2.3336355556317705,1.6535129530129515,0.5976619767554012,44.39010457061736,505.2271480345361,0.8746229283955081,0.5090354714158776,0.4770302674112457,2.3336355556317705,1.4779178745268122,1.5790021866938546,0.45679312013249207,0.4770302674112457,0.41895078948633335,1.138630787630505,0.12982647706959358,Transport,1
m_dense/H/short|H=720|L=512|Hsrc=controlled|Lsrc=controlled|origins=shared_origin_v1:Hmax=720,joint-scaling,release,standard_hl_shared_origin_v1,m_dense/H/short,Toto-2.0-4m,toto2,Toto-2.0-4m,4.144448,4.144448,720,controlled,shared_origin_v1:Hmax=720,720,720,512,controlled,15360,16800,512,512,256,256,100,[],merged,2,30,64800,37431809.903151035,,100,,float32,native_horizon,720,,direct_full_horizon,255254.4711111111,255254.4711111111,294.0450462962963,2.3336355556317705,1.6535129530129515,0.5976619767554012,44.39010457061736,505.2271480345361,0.8746229283955081,0.5090354714158776,0.4770302674112457,2.3336355556317705,1.4779178745268122,1.5790021866938546,0.45679312013249207,0.4770302674112457,0.41895078948633335,1.138630787630505,0.12982647706959358,Transport,1
m_dense/H/short|H=720|L=1024|Hsrc=controlled|Lsrc=controlled|origins=shared_origin_v1:Hmax=720,joint-scaling,release,standard_hl_shared_origin_v1,m_dense/H/short,Toto-2.0-4m,toto2,Toto-2.0-4m,4.144448,4.144448,720,controlled,shared_origin_v1:Hmax=720,720,720,1024,controlled,15360,16800,1024,1024,256,256,100,[],merged,2,30,64800,37431809.903151035,,100,,float32,native_horizon,720,,direct_full_horizon,70529.07851851852,70529.07851851852,135.3304398148148,1.1023939910804175,0.5146514818962293,0.31103205174575616,10.435045107104186,265.57311332007714,0.459746343755938,0.23427700991989128,0.20092182539287942,1.1023939910804175,1.4779178745268122,0.7459101822104784,-0.29315008520860375,0.20092182539287942,0.41895078948633335,0.479583355456199,-0.734837561484809,Transport,1
m_dense/H/short|H=720|L=2048|Hsrc=controlled|Lsrc=controlled|origins=shared_origin_v1:Hmax=720,joint-scaling,release,standard_hl_shared_origin_v1,m_dense/H/short,Toto-2.0-4m,toto2,Toto-2.0-4m,4.144448,4.144448,720,controlled,shared_origin_v1:Hmax=720,720,720,2048,controlled,15360,16800,2048,2048,256,256,100,[],merged,2,30,64800,37431809.903151035,,100,,float32,native_horizon,720,,direct_full_horizon,48396.85925925926,48396.85925925926,106.9951813271605,0.8870558759003432,0.38341501685762647,0.2545786313657407,8.557354076894727,219.99286183705885,0.3808401860322916,0.18522448601707478,0.1586573375024381,0.8870558759003432,1.4779178745268122,0.6002064737083943,-0.5104815601153536,0.1586573375024381,0.41895078948633335,0.3787016076445744,-0.9710066989168435,Transport,1
m_dense/H/short|H=720|L=4096|Hsrc=controlled|Lsrc=controlled|origins=shared_origin_v1:Hmax=720,joint-scaling,release,standard_hl_shared_origin_v1,m_dense/H/short,Toto-2.0-4m,toto2,Toto-2.0-4m,4.144448,4.144448,720,controlled,shared_origin_v1:Hmax=720,720,720,4096,controlled,15360,16800,4096,4096,256,256,100,[],merged,2,30,64800,37431809.903151035,,100,,float32,native_horizon,720,,direct_full_horizon,47832.62024691358,47832.62024691358,106.4183063271605,0.8814395416729139,0.372949863892445,0.2512328498746142,8.28440054153827,218.70669913588284,0.3786136481424101,0.18422583005850054,0.15807140470103304,0.8814395416729139,1.4779178745268122,0.5964063070521602,-0.5168331209426414,0.15807140470103304,0.41895078948633335,0.3773030357451791,-0.9747066060723907,Transport,1
saugeen/D/short|H=48|L=128|Hsrc=controlled|Lsrc=controlled|origins=shared_origin_v1:Hmax=720,joint-scaling,release,standard_hl_shared_origin_v1,saugeen/D/short,Toto-2.0-4m,toto2,Toto-2.0-4m,4.144448,4.144448,48,controlled,shared_origin_v1:Hmax=720,720,720,128,controlled,20861,23021,128,128,256,256,100,[],merged,2,1,192,6793.600008964539,,100,,float32,native_horizon,48,,direct_full_horizon,2181.361328125,2181.361328125,25.0476557413737,5.654256497629846,0.6939775149027506,0.57185165087382,49.00785632963067,46.705046067047185,1.319973038306658,0.7078941792271852,0.5835333423482931,5.654256497629846,6.287958974414405,0.8992196864891957,-0.10622790674473737,0.5835333423482931,0.781620444657756,0.7465686783612752,-0.2922676657507183,Nature,1
saugeen/D/short|H=48|L=256|Hsrc=controlled|Lsrc=controlled|origins=shared_origin_v1:Hmax=720,joint-scaling,release,standard_hl_shared_origin_v1,saugeen/D/short,Toto-2.0-4m,toto2,Toto-2.0-4m,4.144448,4.144448,48,controlled,shared_origin_v1:Hmax=720,720,720,256,controlled,20861,23021,256,256,256,256,100,[],merged,2,1,192,6793.600008964539,,100,,float32,native_horizon,48,,direct_full_horizon,2832.7672526041665,2832.7672526041665,29.42889404296875,6.657929660013498,1.001391887664795,0.558191696802775,77.24584823537323,53.22374707406616,1.5042038719877842,0.8317162695469335,0.707841474554551,6.657929660013498,6.287958974414405,1.0588379611101946,0.05717204368446784,0.707841474554551,0.781620444657756,0.9056076761969677,-0.0991490952032332,Nature,1
saugeen/D/short|H=48|L=512|Hsrc=controlled|Lsrc=controlled|origins=shared_origin_v1:Hmax=720,joint-scaling,release,standard_hl_shared_origin_v1,saugeen/D/short,Toto-2.0-4m,toto2,Toto-2.0-4m,4.144448,4.144448,48,controlled,shared_origin_v1:Hmax=720,720,720,512,controlled,20861,23021,512,512,256,256,100,[],merged,2,1,192,6793.600008964539,,100,,float32,native_horizon,48,,direct_full_horizon,2129.51513671875,2129.51513671875,20.47107187906901,4.62423812293297,0.39648763338724774,0.46997543176015216,70.61891307347004,46.146669833464145,1.3041922686548566,0.5785512534730931,0.5100084763867997,4.62423812293297,6.287958974414405,0.7354116243043114,-0.3073249034622037,0.5100084763867997,0.781620444657756,0.6525014537076425,-0.42694191188333747,Nature,1
saugeen/D/short|H=48|L=1024|Hsrc=controlled|Lsrc=controlled|origins=shared_origin_v1:Hmax=720,joint-scaling,release,standard_hl_shared_origin_v1,saugeen/D/short,Toto-2.0-4m,toto2,Toto-2.0-4m,4.144448,4.144448,48,controlled,shared_origin_v1:Hmax=720,720,720,1024,controlled,20861,23021,1024,1024,256,256,100,[],merged,2,1,192,6793.600008964539,,100,,float32,native_horizon,48,,direct_full_horizon,1976.49609375,1976.49609375,19.51384989420573,4.405444439843563,0.387225866317749,0.432585875193278,50.62569802769923,44.45780126985589,1.2564616451584922,0.5514983476718635,0.47835692487635245,4.405444439843563,6.287958974414405,0.7006159642213378,-0.35579538197916144,0.47835692487635245,0.781620444657756,0.612006669152325,-0.49101209922146555,Nature,1
saugeen/D/short|H=48|L=2048|Hsrc=controlled|Lsrc=controlled|origins=shared_origin_v1:Hmax=720,joint-scaling,release,standard_hl_shared_origin_v1,saugeen/D/short,Toto-2.0-4m,toto2,Toto-2.0-4m,4.144448,4.144448,48,controlled,shared_origin_v1:Hmax=720,720,720,2048,controlled,20861,23021,2048,2048,256,256,100,[],merged,2,1,192,6793.600008964539,,100,,float32,native_horizon,48,,direct_full_horizon,1960.1956380208333,1960.1956380208333,20.027503967285156,4.5213294774847865,0.44309163093566895,0.4429073731104533,53.68037614661568,44.27409669344856,1.2512698059828469,0.5660151843859934,0.482837520733045,4.5213294774847865,6.287958974414405,0.7190456387966265,-0.32983044789778315,0.482837520733045,0.781620444657756,0.6177391137004642,-0.481689056768956,Nature,1
saugeen/D/short|H=48|L=4096|Hsrc=controlled|Lsrc=controlled|origins=shared_origin_v1:Hmax=720,joint-scaling,release,standard_hl_shared_origin_v1,saugeen/D/short,Toto-2.0-4m,toto2,Toto-2.0-4m,4.144448,4.144448,48,controlled,shared_origin_v1:Hmax=720,720,720,4096,controlled,20861,23021,4096,4096,256,256,100,[],merged,2,1,192,6793.600008964539,,100,,float32,native_horizon,48,,direct_full_horizon,1955.0537109375,1955.0537109375,20.21902592976888,4.564331469337085,0.4513696829477946,0.45584698518117267,50.85102175319159,44.215989313115,1.2496275813877393,0.5714279576944532,0.483980530754708,4.564331469337085,6.287958974414405,0.7258844225780209,-0.3203644743815516,0.483980530754708,0.781620444657756,0.6192014731224513,-0.4793245776357234,Nature,1
saugeen/D/short|H=96|L=128|Hsrc=controlled|Lsrc=controlled|origins=shared_origin_v1:Hmax=720,joint-scaling,release,standard_hl_shared_origin_v1,saugeen/D/short,Toto-2.0-4m,toto2,Toto-2.0-4m,4.144448,4.144448,96,controlled,shared_origin_v1:Hmax=720,720,720,128,controlled,20861,23021,128,128,256,256,100,[],merged,2,1,384,22887.600024223328,,100,,float32,native_horizon,96,,direct_full_horizon,6327.317708333333,6327.317708333333,45.417724609375,10.239881664872193,0.7369603315989176,0.7429777781168619,147.03782397066826,79.544438575763,1.3345682544594148,0.7620024044260546,0.6642353859176081,10.239881664872193,10.79500131911943,0.9485762309946137,-0.05279312278426019,0.6642353859176081,0.7336308511462726,0.9054081966151826,-0.09936939098924649,Nature,1
saugeen/D/short|H=96|L=256|Hsrc=controlled|Lsrc=controlled|origins=shared_origin_v1:Hmax=720,joint-scaling,release,standard_hl_shared_origin_v1,saugeen/D/short,Toto-2.0-4m,toto2,Toto-2.0-4m,4.144448,4.144448,96,controlled,shared_origin_v1:Hmax=720,720,720,256,controlled,20861,23021,256,256,256,256,100,[],merged,2,1,384,22887.600024223328,,100,,float32,native_horizon,96,,direct_full_horizon,6567.28515625,6567.28515625,47.139811197916664,10.634345200461793,0.8066180547078451,0.7671000162760416,206.5063069293899,81.0387879737228,1.3596399163291282,0.790894959752962,0.7390162739603727,10.634345200461793,10.79500131911943,0.9851175452500321,-0.014994309650715722,0.7390162739603727,0.7336308511462726,1.007340780183502,0.007313967792606365,Nature,1
saugeen/D/short|H=96|L=512|Hsrc=controlled|Lsrc=controlled|origins=shared_origin_v1:Hmax=720,joint-scaling,release,standard_hl_shared_origin_v1,saugeen/D/short,Toto-2.0-4m,toto2,Toto-2.0-4m,4.144448,4.144448,96,controlled,shared_origin_v1:Hmax=720,720,720,512,controlled,20861,23021,512,512,256,256,100,[],merged,2,1,384,22887.600024223328,,100,,float32,native_horizon,96,,direct_full_horizon,6420.330729166667,6420.330729166667,43.15056355794271,9.72868268298099,0.5162508487701416,0.7171961466471354,160.46568132023978,80.12696630452614,1.3443416971798532,0.723964783931612,0.6372405201674215,9.72868268298099,10.79500131911943,0.9012210740308254,-0.10400468628686686,0.6372405201674215,0.7336308511462726,0.8686119445109969,-0.14085880752420804,Nature,1
saugeen/D/short|H=96|L=1024|Hsrc=controlled|Lsrc=controlled|origins=shared_origin_v1:Hmax=720,joint-scaling,release,standard_hl_shared_origin_v1,saugeen/D/short,Toto-2.0-4m,toto2,Toto-2.0-4m,4.144448,4.144448,96,controlled,shared_origin_v1:Hmax=720,720,720,1024,controlled,20861,23021,1024,1024,256,256,100,[],merged,2,1,384,22887.600024223328,,100,,float32,native_horizon,96,,direct_full_horizon,5725.604166666667,5725.604166666667,40.37848409016927,9.09862971261893,0.5221349398295084,0.6199183464050293,91.11228540006427,75.66772209249243,1.2695260862984736,0.6774558221139292,0.5769023605380951,9.09862971261893,10.79500131911943,0.8428558222131948,-0.1709593650105682,0.5769023605380951,0.7336308511462726,0.7863660036061805,-0.24033294149287268,Nature,1
saugeen/D/short|H=96|L=2048|Hsrc=controlled|Lsrc=controlled|origins=shared_origin_v1:Hmax=720,joint-scaling,release,standard_hl_shared_origin_v1,saugeen/D/short,Toto-2.0-4m,toto2,Toto-2.0-4m,4.144448,4.144448,96,controlled,shared_origin_v1:Hmax=720,720,720,2048,controlled,20861,23021,2048,2048,256,256,100,[],merged,2,1,384,22887.600024223328,,100,,float32,native_horizon,96,,direct_full_horizon,4633.422526041667,4633.422526041667,37.533129374186196,8.454092400633835,0.5900676250457764,0.5518017609914144,67.97271913566601,68.06924802024528,1.142041595104342,0.629717474284488,0.5089506458283003,8.454092400633835,10.79500131911943,0.7831488066296458,-0.24443255426677893,0.5089506458283003,0.7336308511462726,0.6937421525186444,-0.36565492567030733,Nature,1
saugeen/D/short|H=96|L=4096|Hsrc=controlled|Lsrc=controlled|origins=shared_origin_v1:Hmax=720,joint-scaling,release,standard_hl_shared_origin_v1,saugeen/D/short,Toto-2.0-4m,toto2,Toto-2.0-4m,4.144448,4.144448,96,controlled,shared_origin_v1:Hmax=720,720,720,4096,controlled,20861,23021,4096,4096,256,256,100,[],merged,2,1,384,22887.600024223328,,100,,float32,native_horizon,96,,direct_full_horizon,4705.075520833333,4705.075520833333,36.71858469645182,8.267361741433602,0.560946504275004,0.5360864003499349,62.022964098407954,68.59355305590557,1.1508381982204603,0.6160513338451689,0.4975452075871602,8.267361741433602,10.79500131911943,0.7658509246118357,-0.26676774357082644,0.4975452075871602,0.7336308511462726,0.6781955895253903,-0.3883195525181879,Nature,1
saugeen/D/short|H=192|L=128|Hsrc=controlled|Lsrc=controlled|origins=shared_origin_v1:Hmax=720,joint-scaling,release,standard_hl_shared_origin_v1,saugeen/D/short,Toto-2.0-4m,toto2,Toto-2.0-4m,4.144448,4.144448,192,controlled,shared_origin_v1:Hmax=720,720,720,128,controlled,20861,23021,128,128,256,256,100,[],merged,2,1,768,32805.300033569336,,100,,float32,native_horizon,192,,direct_full_horizon,3379.013671875,3379.013671875,31.19129180908203,7.030833074752299,0.8169414202372233,0.6596455574035645,146.28704145068124,58.12928411631267,1.3608560249607562,0.7302146935056889,0.6944686712335708,7.030833074752299,8.364690063972306,0.8405371891822885,-0.1737140806134582,0.6944686712335708,1.0359365198829344,0.6703776321275448,-0.3999140953357661,Nature,1
saugeen/D/short|H=192|L=256|Hsrc=controlled|Lsrc=controlled|origins=shared_origin_v1:Hmax=720,joint-scaling,release,standard_hl_shared_origin_v1,saugeen/D/short,Toto-2.0-4m,toto2,Toto-2.0-4m,4.144448,4.144448,192,controlled,shared_origin_v1:Hmax=720,720,720,256,controlled,20861,23021,256,256,256,256,100,[],merged,2,1,768,32805.300033569336,,100,,float32,native_horizon,192,,direct_full_horizon,3414.8483072916665,3414.8483072916665,29.286361694335938,6.59715855844631,0.637596845626831,0.6246616045633951,130.9226748118855,58.43670342594341,1.3680529726964823,0.6856186579069308,0.6503955615253405,6.59715855844631,8.364690063972306,0.7886913332104246,-0.23738024734095856,0.6503955615253405,1.0359365198829344,0.6278334135752238,-0.465480412710529,Nature,1
saugeen/D/short|H=192|L=512|Hsrc=controlled|Lsrc=controlled|origins=shared_origin_v1:Hmax=720,joint-scaling,release,standard_hl_shared_origin_v1,saugeen/D/short,Toto-2.0-4m,toto2,Toto-2.0-4m,4.144448,4.144448,192,controlled,shared_origin_v1:Hmax=720,720,720,512,controlled,20861,23021,512,512,256,256,100,[],merged,2,1,768,32805.300033569336,,100,,float32,native_horizon,192,,direct_full_horizon,3476.2626953125,3476.2626953125,28.396255493164062,6.397667323377083,0.49434852600097656,0.5994538068771362,88.27515461900157,58.959839681875835,1.3803000377788004,0.6647805140155328,0.576925021155673,6.397667323377083,8.364690063972306,0.7648421249859072,-0.2680858390207913,0.576925021155673,1.0359365198829344,0.5569115578827823,-0.5853488346374603,Nature,1
saugeen/D/short|H=192|L=1024|Hsrc=controlled|Lsrc=controlled|origins=shared_origin_v1:Hmax=720,joint-scaling,release,standard_hl_shared_origin_v1,saugeen/D/short,Toto-2.0-4m,toto2,Toto-2.0-4m,4.144448,4.144448,192,controlled,shared_origin_v1:Hmax=720,720,720,1024,controlled,20861,23021,1024,1024,256,256,100,[],merged,2,1,768,32805.300033569336,,100,,float32,native_horizon,192,,direct_full_horizon,3226.7428385416665,3226.7428385416665,27.049392700195312,6.0952314771330975,0.4498403072357178,0.535020669301351,64.9040716778478,56.8044262231533,1.3298399738682434,0.6332493094863404,0.5301279621057274,6.0952314771330975,8.364690063972306,0.7286858724611889,-0.31651254181209026,0.5301279621057274,1.0359365198829344,0.5117378834811561,-0.6699427313577588,Nature,1
saugeen/D/short|H=192|L=2048|Hsrc=controlled|Lsrc=controlled|origins=shared_origin_v1:Hmax=720,joint-scaling,release,standard_hl_shared_origin_v1,saugeen/D/short,Toto-2.0-4m,toto2,Toto-2.0-4m,4.144448,4.144448,192,controlled,shared_origin_v1:Hmax=720,720,720,2048,controlled,20861,23021,2048,2048,256,256,100,[],merged,2,1,768,32805.300033569336,,100,,float32,native_horizon,192,,direct_full_horizon,2587.12158203125,2587.12158203125,23.85138193766276,5.371136123580816,0.42956213156382245,0.4425407250722249,44.99202661635476,50.86375509172765,1.1907638055580556,0.55838115516031,0.4548907290486432,5.371136123580816,8.364690063972306,0.6421201601616926,-0.4429798274445349,0.4548907290486432,1.0359365198829344,0.4391106214694004,-0.8230039125259658,Nature,1
saugeen/D/short|H=192|L=4096|Hsrc=controlled|Lsrc=controlled|origins=shared_origin_v1:Hmax=720,joint-scaling,release,standard_hl_shared_origin_v1,saugeen/D/short,Toto-2.0-4m,toto2,Toto-2.0-4m,4.144448,4.144448,192,controlled,shared_origin_v1:Hmax=720,720,720,4096,controlled,20861,23021,4096,4096,256,256,100,[],merged,2,1,768,32805.300033569336,,100,,float32,native_horizon,192,,direct_full_horizon,2567.4029947916665,2567.4029947916665,23.272852579752605,5.239256317168295,0.4114346106847127,0.4319533109664917,42.85219086732557,50.669547015852295,1.1862172291780302,0.5448372904061287,0.445002921369664,5.239256317168295,8.364690063972306,0.6263539087639819,-0.46783971816860964,0.445002921369664,1.0359365198829344,0.42956582071259675,-0.8449802996774723,Nature,1
saugeen/D/short|H=336|L=128|Hsrc=controlled|Lsrc=controlled|origins=shared_origin_v1:Hmax=720,joint-scaling,release,standard_hl_shared_origin_v1,saugeen/D/short,Toto-2.0-4m,toto2,Toto-2.0-4m,4.144448,4.144448,336,controlled,shared_origin_v1:Hmax=720,720,720,128,controlled,20861,23021,128,128,256,256,100,[],merged,2,1,1344,43361.500032901764,,100,,float32,native_horizon,336,,direct_full_horizon,2144.08984375,2144.08984375,24.625621977306547,5.554556783463314,0.9977366129557291,0.6507801782517206,125.05617570742966,46.30431776573325,1.4352133350996723,0.7632770063855457,0.7587507378527528,5.554556783463314,7.385081578500397,0.7521320820116402,-0.28484332948244123,0.7587507378527528,1.5617052718269562,0.4858475869554635,-0.7218603113541531,Nature,1
saugeen/D/short|H=336|L=256|Hsrc=controlled|Lsrc=controlled|origins=shared_origin_v1:Hmax=720,joint-scaling,release,standard_hl_shared_origin_v1,saugeen/D/short,Toto-2.0-4m,toto2,Toto-2.0-4m,4.144448,4.144448,336,controlled,shared_origin_v1:Hmax=720,720,720,256,controlled,20861,23021,256,256,256,256,100,[],merged,2,1,1344,43361.500032901764,,100,,float32,native_horizon,336,,direct_full_horizon,2144.08984375,2144.08984375,24.625621977306547,5.554556783463314,0.9977366129557291,0.6507801782517206,125.05617570742966,46.30431776573325,1.4352133350996723,0.7632770063855457,0.7587507378527528,5.554556783463314,7.385081578500397,0.7521320820116402,-0.28484332948244123,0.7587507378527528,1.5617052718269562,0.4858475869554635,-0.7218603113541531,Nature,1
saugeen/D/short|H=336|L=512|Hsrc=controlled|Lsrc=controlled|origins=shared_origin_v1:Hmax=720,joint-scaling,release,standard_hl_shared_origin_v1,saugeen/D/short,Toto-2.0-4m,toto2,Toto-2.0-4m,4.144448,4.144448,336,controlled,shared_origin_v1:Hmax=720,720,720,512,controlled,20861,23021,512,512,256,256,100,[],merged,2,1,1344,43361.500032901764,,100,,float32,native_horizon,336,,direct_full_horizon,2133.7057291666665,2133.7057291666665,21.544820149739582,4.8550482022671275,0.6435173579624721,0.5684142793927874,101.35921523551353,46.19205266240792,1.431733651538108,0.6677868214724729,0.660757258695859,4.8550482022671275,7.385081578500397,0.6574129413006411,-0.4194429323652455,0.660757258695859,1.5617052718269562,0.4230998451602037,-0.8601470872211935,Nature,1
saugeen/D/short|H=336|L=1024|Hsrc=controlled|Lsrc=controlled|origins=shared_origin_v1:Hmax=720,joint-scaling,release,standard_hl_shared_origin_v1,saugeen/D/short,Toto-2.0-4m,toto2,Toto-2.0-4m,4.144448,4.144448,336,controlled,shared_origin_v1:Hmax=720,720,720,1024,controlled,20861,23021,1024,1024,256,256,100,[],merged,2,1,1344,43361.500032901764,,100,,float32,native_horizon,336,,direct_full_horizon,1959.232886904762,1959.232886904762,19.125600179036457,4.308436337513652,0.44223980676560176,0.4948832194010417,51.10530074067477,44.26322273518685,1.3719491094854095,0.5928025234625359,0.5043320445230627,4.308436337513652,7.385081578500397,0.5833972572566377,-0.5388869228680387,0.5043320445230627,1.5617052718269562,0.3229367625384727,-1.1302987565418383,Nature,1
saugeen/D/short|H=336|L=2048|Hsrc=controlled|Lsrc=controlled|origins=shared_origin_v1:Hmax=720,joint-scaling,release,standard_hl_shared_origin_v1,saugeen/D/short,Toto-2.0-4m,toto2,Toto-2.0-4m,4.144448,4.144448,336,controlled,shared_origin_v1:Hmax=720,720,720,2048,controlled,20861,23021,2048,2048,256,256,100,[],merged,2,1,1344,43361.500032901764,,100,,float32,native_horizon,336,,direct_full_horizon,1603.1599702380952,1603.1599702380952,16.654166085379465,3.7503438415026116,0.3872204735165551,0.39842723664783297,32.89577681723214,40.03948014445361,1.2410332039554322,0.516199836301007,0.4242727116783572,3.7503438415026116,7.385081578500397,0.5078270025372082,-0.6776144355892736,0.4242727116783572,1.5617052718269562,0.27167271528898856,-1.3031571897898,Nature,1
saugeen/D/short|H=336|L=4096|Hsrc=controlled|Lsrc=controlled|origins=shared_origin_v1:Hmax=720,joint-scaling,release,standard_hl_shared_origin_v1,saugeen/D/short,Toto-2.0-4m,toto2,Toto-2.0-4m,4.144448,4.144448,336,controlled,shared_origin_v1:Hmax=720,720,720,4096,controlled,20861,23021,4096,4096,256,256,100,[],merged,2,1,1344,43361.500032901764,,100,,float32,native_horizon,336,,direct_full_horizon,1566.161830357143,1566.161830357143,16.322181338355655,3.6753015253955605,0.37424616586594356,0.3857722963605608,31.409138147038,39.574762543281835,1.226629171449616,0.5059098901584279,0.4158062025132112,3.6753015253955605,7.385081578500397,0.49766566372065196,-0.6978267854098347,0.4158062025132112,1.5617052718269562,0.2662513919971478,-1.3233143338138673,Nature,1
saugeen/D/short|H=720|L=128|Hsrc=controlled|Lsrc=controlled|origins=shared_origin_v1:Hmax=720,joint-scaling,release,standard_hl_shared_origin_v1,saugeen/D/short,Toto-2.0-4m,toto2,Toto-2.0-4m,4.144448,4.144448,720,controlled,shared_origin_v1:Hmax=720,720,720,128,controlled,20861,23021,128,128,256,256,100,[],merged,2,1,2880,94972.20006084442,,100,,float32,native_horizon,720,,direct_full_horizon,2164.431076388889,2164.431076388889,23.947254774305556,5.39649588752772,0.8868898179796006,0.6418531629774306,125.61735699827923,46.52344652311229,1.4108078564119144,0.7261924405859319,0.7300324347007793,5.39649588752772,7.510913121627286,0.7184873263929505,-0.33060721259851394,0.7300324347007793,2.036616431144664,0.35845357208007517,-1.0259561333818839,Nature,1
saugeen/D/short|H=720|L=256|Hsrc=controlled|Lsrc=controlled|origins=shared_origin_v1:Hmax=720,joint-scaling,release,standard_hl_shared_origin_v1,saugeen/D/short,Toto-2.0-4m,toto2,Toto-2.0-4m,4.144448,4.144448,720,controlled,shared_origin_v1:Hmax=720,720,720,256,controlled,20861,23021,256,256,256,256,100,[],merged,2,1,2880,94972.20006084442,,100,,float32,native_horizon,720,,direct_full_horizon,2164.431076388889,2164.431076388889,23.947254774305556,5.39649588752772,0.8868898179796006,0.6418531629774306,125.61735699827923,46.52344652311229,1.4108078564119144,0.7261924405859319,0.7300324347007793,5.39649588752772,7.510913121627286,0.7184873263929505,-0.33060721259851394,0.7300324347007793,2.036616431144664,0.35845357208007517,-1.0259561333818839,Nature,1
saugeen/D/short|H=720|L=512|Hsrc=controlled|Lsrc=controlled|origins=shared_origin_v1:Hmax=720,joint-scaling,release,standard_hl_shared_origin_v1,saugeen/D/short,Toto-2.0-4m,toto2,Toto-2.0-4m,4.144448,4.144448,720,controlled,shared_origin_v1:Hmax=720,720,720,512,controlled,20861,23021,512,512,256,256,100,[],merged,2,1,2880,94972.20006084442,,100,,float32,native_horizon,720,,direct_full_horizon,2164.431076388889,2164.431076388889,23.947254774305556,5.39649588752772,0.8868898179796006,0.6418531629774306,125.61735699827923,46.52344652311229,1.4108078564119144,0.7261924405859319,0.7300324347007793,5.39649588752772,7.510913121627286,0.7184873263929505,-0.33060721259851394,0.7300324347007793,2.036616431144664,0.35845357208007517,-1.0259561333818839,Nature,1
saugeen/D/short|H=720|L=1024|Hsrc=controlled|Lsrc=controlled|origins=shared_origin_v1:Hmax=720,joint-scaling,release,standard_hl_shared_origin_v1,saugeen/D/short,Toto-2.0-4m,toto2,Toto-2.0-4m,4.144448,4.144448,720,controlled,shared_origin_v1:Hmax=720,720,720,1024,controlled,20861,23021,1024,1024,256,256,100,[],merged,2,1,2880,94972.20006084442,,100,,float32,native_horizon,720,,direct_full_horizon,2181.418576388889,2181.418576388889,21.280523003472222,4.79108079589154,0.5877690633138021,0.5740095350477431,66.98677197558753,46.705658933248,1.4163333864181127,0.6453246972349339,0.5754297758459518,4.79108079589154,7.510913121627286,0.6378826007314438,-0.44960102396224205,0.5754297758459518,2.036616431144664,0.28254204721432796,-1.2639278997744339,Nature,1
saugeen/D/short|H=720|L=2048|Hsrc=controlled|Lsrc=controlled|origins=shared_origin_v1:Hmax=720,joint-scaling,release,standard_hl_shared_origin_v1,saugeen/D/short,Toto-2.0-4m,toto2,Toto-2.0-4m,4.144448,4.144448,720,controlled,shared_origin_v1:Hmax=720,720,720,2048,controlled,20861,23021,2048,2048,256,256,100,[],merged,2,1,2880,94972.20006084442,,100,,float32,native_horizon,720,,direct_full_horizon,1870.4,1870.4,18.165562608506946,4.088607026692794,0.42525193956163193,0.45541314019097223,41.61166746502298,43.24812134648163,1.311484722877543,0.5508645717271261,0.4607088842889005,4.088607026692794,7.510913121627286,0.5443555211575889,-0.6081527140452494,0.4607088842889005,2.036616431144664,0.22621288782884008,-1.486278741552506,Nature,1
saugeen/D/short|H=720|L=4096|Hsrc=controlled|Lsrc=controlled|origins=shared_origin_v1:Hmax=720,joint-scaling,release,standard_hl_shared_origin_v1,saugeen/D/short,Toto-2.0-4m,toto2,Toto-2.0-4m,4.144448,4.144448,720,controlled,shared_origin_v1:Hmax=720,720,720,4096,controlled,20861,23021,4096,4096,256,256,100,[],merged,2,1,2880,94972.20006084442,,100,,float32,native_horizon,720,,direct_full_horizon,1698.15625,1698.15625,17.402747938368055,3.9154072616621987,0.4111195034450955,0.4319910685221354,37.27466736156484,41.20869143760816,1.249639697345938,0.5277324736121772,0.4352402754742554,3.9154072616621987,7.510913121627286,0.5212957729983569,-0.6514376958188204,0.4352402754742554,2.036616431144664,0.21370753413279303,-1.5431468616266852,Nature,1
saugeen/W/short|H=48|L=128|Hsrc=controlled|Lsrc=controlled|origins=shared_origin_v1:Hmax=720,joint-scaling,release,standard_hl_shared_origin_v1,saugeen/W/short,Toto-2.0-4m,toto2,Toto-2.0-4m,4.144448,4.144448,48,controlled,shared_origin_v1:Hmax=720,720,720,128,controlled,2671,2671,128,128,256,256,100,[],merged,2,1,48,1301.8571429252625,,100,,float32,native_horizon,48,,direct_full_horizon,393.9085286458333,393.9085286458333,14.905414581298828,1.2713368200676485,0.8324222564697266,0.5910172065099081,10.90073493076523,19.847128977407117,0.7317716817798591,0.549568671025387,0.4323515681026984,1.2713368200676485,2.4447283905978785,0.5200319286825693,-0.6538650679790141,0.4323515681026984,1.3379684481783347,0.32314033166578177,-1.129668586749806,Nature,1
saugeen/W/short|H=48|L=256|Hsrc=controlled|Lsrc=controlled|origins=shared_origin_v1:Hmax=720,joint-scaling,release,standard_hl_shared_origin_v1,saugeen/W/short,Toto-2.0-4m,toto2,Toto-2.0-4m,4.144448,4.144448,48,controlled,shared_origin_v1:Hmax=720,720,720,256,controlled,2671,2671,256,256,256,256,100,[],merged,2,1,48,1301.8571429252625,,100,,float32,native_horizon,48,,direct_full_horizon,413.9729817708333,413.9729817708333,12.987093607584635,1.1077163278558446,0.4691017071406047,0.48075278600056964,9.26763633534547,20.34632600178306,0.7501772782005263,0.47883939996928665,0.3675103219311368,1.1077163278558446,2.4447283905978785,0.4531040471064123,-0.7916334953109472,0.3675103219311368,1.3379684481783347,0.2746778688477355,-1.2921562539326321,Nature,1
saugeen/W/short|H=48|L=512|Hsrc=controlled|Lsrc=controlled|origins=shared_origin_v1:Hmax=720,joint-scaling,release,standard_hl_shared_origin_v1,saugeen/W/short,Toto-2.0-4m,toto2,Toto-2.0-4m,4.144448,4.144448,48,controlled,shared_origin_v1:Hmax=720,720,720,512,controlled,2671,2671,512,512,256,256,100,[],merged,2,1,48,1301.8571429252625,,100,,float32,native_horizon,48,,direct_full_horizon,348.6751708984375,348.6751708984375,10.026100158691406,0.8551624022740363,0.3365132013956706,0.3665250937143962,7.042593541411553,18.67284581681211,0.688475386164883,0.36966637256052254,0.3155259848937851,0.8551624022740363,2.4447283905978785,0.3497985320426124,-1.0503979129684409,0.3155259848937851,1.3379684481783347,0.23582468280427593,-1.4446666194941895,Nature,1
saugeen/W/short|H=48|L=1024|Hsrc=controlled|Lsrc=controlled|origins=shared_origin_v1:Hmax=720,joint-scaling,release,standard_hl_shared_origin_v1,saugeen/W/short,Toto-2.0-4m,toto2,Toto-2.0-4m,4.144448,4.144448,48,controlled,shared_origin_v1:Hmax=720,720,720,1024,controlled,2671,2671,1024,1024,256,256,100,[],merged,2,1,48,1301.8571429252625,,100,,float32,native_horizon,48,,direct_full_horizon,274.6114095052083,274.6114095052083,9.919560750325521,0.8460752427642243,0.35907705624898273,0.37686387697855633,5.800633295595264,16.571403365593643,0.6109943520847272,0.36573822143476103,0.29257222649015097,0.8460752427642243,2.4447283905978785,0.3460814894685743,-1.0610810129592854,0.29257222649015097,1.3379684481783347,0.2186690029114608,-1.520196094716917,Nature,1
saugeen/W/short|H=48|L=2048|Hsrc=controlled|Lsrc=controlled|origins=shared_origin_v1:Hmax=720,joint-scaling,release,standard_hl_shared_origin_v1,saugeen/W/short,Toto-2.0-4m,toto2,Toto-2.0-4m,4.144448,4.144448,48,controlled,shared_origin_v1:Hmax=720,720,720,2048,controlled,2671,2671,2048,2048,256,256,100,[],merged,2,1,48,1301.8571429252625,,100,,float32,native_horizon,48,,direct_full_horizon,250.4893595377604,250.4893595377604,9.149664560953775,0.7804080123103262,0.3139718373616536,0.32880059878031415,6.2895418604249125,15.826855642791477,0.5835425760671219,0.33735183719078315,0.2857234562965915,0.7804080123103262,2.4447283905978785,0.3192207426034231,-1.1418724324243623,0.2857234562965915,1.3379684481783347,0.21355021987671574,-1.5438832520688008,Nature,1
saugeen/W/short|H=48|L=4096|Hsrc=controlled|Lsrc=controlled|origins=shared_origin_v1:Hmax=720,joint-scaling,release,standard_hl_shared_origin_v1,saugeen/W/short,Toto-2.0-4m,toto2,Toto-2.0-4m,4.144448,4.144448,48,controlled,shared_origin_v1:Hmax=720,720,720,4096,controlled,2671,2671,2671,2671,256,256,100,[],merged,2,1,48,1301.8571429252625,,100,,float32,native_horizon,48,,direct_full_horizon,241.68400065104166,241.68400065104166,8.903364181518555,0.7594001972738466,0.3165498971939087,0.32694876194000244,6.034123408418182,15.546189264608921,0.5731942930577502,0.32827064247050397,0.2756673516284094,0.7594001972738466,2.4447283905978785,0.3106276346257545,-1.1691604004746434,0.2756673516284094,1.3379684481783347,0.2060342693459886,-1.5797127679797007,Nature,1
saugeen/W/short|H=96|L=128|Hsrc=controlled|Lsrc=controlled|origins=shared_origin_v1:Hmax=720,joint-scaling,release,standard_hl_shared_origin_v1,saugeen/W/short,Toto-2.0-4m,toto2,Toto-2.0-4m,4.144448,4.144448,96,controlled,shared_origin_v1:Hmax=720,720,720,128,controlled,2671,2671,128,128,256,256,100,[],merged,2,1,96,3321.7142910957336,,100,,float32,native_horizon,96,,direct_full_horizon,1050.6778971354167,1050.6778971354167,20.251444498697918,1.7273191292182812,0.7687066396077474,0.6082828044891357,15.672285181834146,32.41416198416082,0.936793257271071,0.5852817254893067,0.47327443893699644,1.7273191292182812,2.322296545884376,0.7437978290410299,-0.2959860162356395,0.47327443893699644,1.4049036993226194,0.3368732242396314,-1.0880486086065901,Nature,1
saugeen/W/short|H=96|L=256|Hsrc=controlled|Lsrc=controlled|origins=shared_origin_v1:Hmax=720,joint-scaling,release,standard_hl_shared_origin_v1,saugeen/W/short,Toto-2.0-4m,toto2,Toto-2.0-4m,4.144448,4.144448,96,controlled,shared_origin_v1:Hmax=720,720,720,256,controlled,2671,2671,256,256,256,256,100,[],merged,2,1,96,3321.7142910957336,,100,,float32,native_horizon,96,,direct_full_horizon,1034.994140625,1034.994140625,18.70160675048828,1.5951279373169316,0.49753554662068683,0.5483653545379639,12.972895454241714,32.17132481923926,0.9297750835843812,0.540490268190598,0.4231787620408058,1.5951279373169316,2.322296545884376,0.6868752141684281,-0.3756026420231306,0.4231787620408058,1.4049036993226194,0.3012154941615168,-1.1999293429401654,Nature,1
saugeen/W/short|H=96|L=512|Hsrc=controlled|Lsrc=controlled|origins=shared_origin_v1:Hmax=720,joint-scaling,release,standard_hl_shared_origin_v1,saugeen/W/short,Toto-2.0-4m,toto2,Toto-2.0-4m,4.144448,4.144448,96,controlled,shared_origin_v1:Hmax=720,720,720,512,controlled,2671,2671,512,512,256,256,100,[],merged,2,1,96,3321.7142910957336,,100,,float32,native_horizon,96,,direct_full_horizon,964.3209635416666,964.3209635416666,17.153685251871746,1.4630999363668578,0.38382776578267414,0.4973851839701335,9.51153810499994,31.053517732161467,0.8974696319544428,0.49575419192253073,0.4034924349211961,1.4630999363668578,2.322296545884376,0.6300228706621448,-0.46199915761715843,0.4034924349211961,1.4049036993226194,0.28720291299378153,-1.247566299123497,Nature,1
saugeen/W/short|H=96|L=1024|Hsrc=controlled|Lsrc=controlled|origins=shared_origin_v1:Hmax=720,joint-scaling,release,standard_hl_shared_origin_v1,saugeen/W/short,Toto-2.0-4m,toto2,Toto-2.0-4m,4.144448,4.144448,96,controlled,shared_origin_v1:Hmax=720,720,720,1024,controlled,2671,2671,1024,1024,256,256,100,[],merged,2,1,96,3321.7142910957336,,100,,float32,native_horizon,96,,direct_full_horizon,756.6271158854166,756.6271158854166,16.264439900716145,1.3872530306564748,0.3994506200154622,0.49224452177683514,8.227499156599206,27.506855797880945,0.7949684786783686,0.4700543435220299,0.37834039655447804,1.3872530306564748,2.322296545884376,0.5973625690116943,-0.5152310316551024,0.37834039655447804,1.4049036993226194,0.26929987922794746,-1.3119297276312738,Nature,1
saugeen/W/short|H=96|L=2048|Hsrc=controlled|Lsrc=controlled|origins=shared_origin_v1:Hmax=720,joint-scaling,release,standard_hl_shared_origin_v1,saugeen/W/short,Toto-2.0-4m,toto2,Toto-2.0-4m,4.144448,4.144448,96,controlled,shared_origin_v1:Hmax=720,720,720,2048,controlled,2671,2671,2048,2048,256,256,100,[],merged,2,1,96,3321.7142910957336,,100,,float32,native_horizon,96,,direct_full_horizon,689.2110188802084,689.2110188802084,15.029300689697266,1.281903490403362,0.37309833367665607,0.4523354768753052,8.411206676184866,26.252828778632757,0.7587261702502966,0.4343579067226149,0.36221835358138166,1.281903490403362,2.322296545884376,0.5519981901859945,-0.5942105113589772,0.36221835358138166,1.4049036993226194,0.2578243289956649,-1.355476821340688,Nature,1
saugeen/W/short|H=96|L=4096|Hsrc=controlled|Lsrc=controlled|origins=shared_origin_v1:Hmax=720,joint-scaling,release,standard_hl_shared_origin_v1,saugeen/W/short,Toto-2.0-4m,toto2,Toto-2.0-4m,4.144448,4.144448,96,controlled,shared_origin_v1:Hmax=720,720,720,4096,controlled,2671,2671,2671,2671,256,256,100,[],merged,2,1,96,3321.7142910957336,,100,,float32,native_horizon,96,,direct_full_horizon,713.8343098958334,713.8343098958334,15.225886027018229,1.2986710605911622,0.3763761917750041,0.4570636749267578,9.606594838053356,26.7176778537326,0.7721606523576858,0.4400393683803504,0.37146955889089056,1.2986710605911622,2.322296545884376,0.5592184438687191,-0.581215106008598,0.37146955889089056,1.4049036993226194,0.2644092681014338,-1.3302571182852463,Nature,1
saugeen/W/short|H=192|L=128|Hsrc=controlled|Lsrc=controlled|origins=shared_origin_v1:Hmax=720,joint-scaling,release,standard_hl_shared_origin_v1,saugeen/W/short,Toto-2.0-4m,toto2,Toto-2.0-4m,4.144448,4.144448,192,controlled,shared_origin_v1:Hmax=720,720,720,128,controlled,2671,2671,128,128,256,256,100,[],merged,2,1,192,6644.128565788269,,100,,float32,native_horizon,192,,direct_full_horizon,1094.3992513020833,1094.3992513020833,22.228561401367188,1.8959545567439295,1.0075093905131023,0.6344385147094727,24.608070664077925,33.08170568912799,0.955985036926961,0.6423541848721213,0.563669694152658,1.8959545567439295,2.5613281149382647,0.740223224695922,-0.3008034832781525,0.563669694152658,1.9253131793188218,0.2927677949787291,-1.22837549277105,Nature,1
saugeen/W/short|H=192|L=256|Hsrc=controlled|Lsrc=controlled|origins=shared_origin_v1:Hmax=720,joint-scaling,release,standard_hl_shared_origin_v1,saugeen/W/short,Toto-2.0-4m,toto2,Toto-2.0-4m,4.144448,4.144448,192,controlled,shared_origin_v1:Hmax=720,720,720,256,controlled,2671,2671,256,256,256,256,100,[],merged,2,1,192,6644.128565788269,,100,,float32,native_horizon,192,,direct_full_horizon,1336.85986328125,1336.85986328125,21.540618896484375,1.8372776014415961,0.6962065696716309,0.6193913221359253,19.081904491710617,36.56309427935839,1.056589142146429,0.6224742322749324,0.5178438207088355,1.8372776014415961,2.5613281149382647,0.717314423999863,-0.3322410073110048,0.5178438207088355,1.9253131793188218,0.2689660187606721,-1.3131702316696547,Nature,1
saugeen/W/short|H=192|L=512|Hsrc=controlled|Lsrc=controlled|origins=shared_origin_v1:Hmax=720,joint-scaling,release,standard_hl_shared_origin_v1,saugeen/W/short,Toto-2.0-4m,toto2,Toto-2.0-4m,4.144448,4.144448,192,controlled,shared_origin_v1:Hmax=720,720,720,512,controlled,2671,2671,512,512,256,256,100,[],merged,2,1,192,6644.128565788269,,100,,float32,native_horizon,192,,direct_full_horizon,1318.2307942708333,1318.2307942708333,20.133834838867188,1.7172877554519355,0.44916709264119464,0.5668539603551229,13.120133191624427,36.30744819277214,1.049201559540442,0.5818214158238324,0.4661286822746597,1.7172877554519355,2.5613281149382647,0.6704676942545204,-0.3997797589953412,0.4661286822746597,1.9253131793188218,0.242105381753828,-1.4183821858187433,Nature,1
saugeen/W/short|H=192|L=1024|Hsrc=controlled|Lsrc=controlled|origins=shared_origin_v1:Hmax=720,joint-scaling,release,standard_hl_shared_origin_v1,saugeen/W/short,Toto-2.0-4m,toto2,Toto-2.0-4m,4.144448,4.144448,192,controlled,shared_origin_v1:Hmax=720,720,720,1024,controlled,2671,2671,1024,1024,256,256,100,[],merged,2,1,192,6644.128565788269,,100,,float32,native_horizon,192,,direct_full_horizon,1015.1658528645834,1015.1658528645834,17.913293202718098,1.5278896842100333,0.4092396895090739,0.514746904373169,12.114863221344336,31.861667452670826,0.9207287442348004,0.5176528811666403,0.41827608541311523,1.5278896842100333,2.5613281149382647,0.5965224350988159,-0.5166384269212482,0.41827608541311523,1.9253131793188218,0.21725093346169366,-1.5267022181292098,Nature,1
saugeen/W/short|H=192|L=2048|Hsrc=controlled|Lsrc=controlled|origins=shared_origin_v1:Hmax=720,joint-scaling,release,standard_hl_shared_origin_v1,saugeen/W/short,Toto-2.0-4m,toto2,Toto-2.0-4m,4.144448,4.144448,192,controlled,shared_origin_v1:Hmax=720,720,720,2048,controlled,2671,2671,2048,2048,256,256,100,[],merged,2,1,192,6644.128565788269,,100,,float32,native_horizon,192,,direct_full_horizon,922.60205078125,922.60205078125,16.595606486002605,1.4154995530605294,0.38609079519907635,0.46366926034291583,12.321673664350302,30.374365026799325,0.8777491325461081,0.4795747724870321,0.3996035037298518,1.4154995530605294,2.5613281149382647,0.5526428046469349,-0.5930434090386283,0.3996035037298518,1.9253131793188218,0.20755246887741766,-1.5723711092157624,Nature,1
saugeen/W/short|H=192|L=4096|Hsrc=controlled|Lsrc=controlled|origins=shared_origin_v1:Hmax=720,joint-scaling,release,standard_hl_shared_origin_v1,saugeen/W/short,Toto-2.0-4m,toto2,Toto-2.0-4m,4.144448,4.144448,192,controlled,shared_origin_v1:Hmax=720,720,720,4096,controlled,2671,2671,2671,2671,256,256,100,[],merged,2,1,192,6644.128565788269,,100,,float32,native_horizon,192,,direct_full_horizon,944.39208984375,944.39208984375,16.91339365641276,1.4426046666167192,0.39890217781066895,0.4825317859649658,12.955020847004922,30.73096304777561,0.8880539933490724,0.488758089172523,0.4064680220693948,1.4426046666167192,2.5613281149382647,0.56322524951142,-0.574075642914155,0.4064680220693948,1.9253131793188218,0.21111787237295268,-1.5553386646469032,Nature,1
saugeen/W/short|H=336|L=128|Hsrc=controlled|Lsrc=controlled|origins=shared_origin_v1:Hmax=720,joint-scaling,release,standard_hl_shared_origin_v1,saugeen/W/short,Toto-2.0-4m,toto2,Toto-2.0-4m,4.144448,4.144448,336,controlled,shared_origin_v1:Hmax=720,720,720,128,controlled,2671,2671,128,128,256,256,100,[],merged,2,1,336,10768.314269065857,,100,,float32,native_horizon,336,,direct_full_horizon,1234.7354910714287,1234.7354910714287,22.16578601655506,1.8906002770446424,1.047375996907552,0.6489536648704892,28.541647026038596,35.138803210573755,1.0964239697823195,0.6916313840280018,0.6373573518566531,1.8906002770446424,2.6937625935473966,0.7018436894080278,-0.35404456441071114,0.6373573518566531,2.7050943488662202,0.23561372346357795,-1.4455615799046015,Nature,1
saugeen/W/short|H=336|L=256|Hsrc=controlled|Lsrc=controlled|origins=shared_origin_v1:Hmax=720,joint-scaling,release,standard_hl_shared_origin_v1,saugeen/W/short,Toto-2.0-4m,toto2,Toto-2.0-4m,4.144448,4.144448,336,controlled,shared_origin_v1:Hmax=720,720,720,256,controlled,2671,2671,256,256,256,256,100,[],merged,2,1,336,10768.314269065857,,100,,float32,native_horizon,336,,direct_full_horizon,1234.7354910714287,1234.7354910714287,22.16578601655506,1.8906002770446424,1.047375996907552,0.6489536648704892,28.541647026038596,35.138803210573755,1.0964239697823195,0.6916313840280018,0.6373573518566531,1.8906002770446424,2.6937625935473966,0.7018436894080278,-0.35404456441071114,0.6373573518566531,2.7050943488662202,0.23561372346357795,-1.4455615799046015,Nature,1
saugeen/W/short|H=336|L=512|Hsrc=controlled|Lsrc=controlled|origins=shared_origin_v1:Hmax=720,joint-scaling,release,standard_hl_shared_origin_v1,saugeen/W/short,Toto-2.0-4m,toto2,Toto-2.0-4m,4.144448,4.144448,336,controlled,shared_origin_v1:Hmax=720,720,720,512,controlled,2671,2671,512,512,256,256,100,[],merged,2,1,336,10768.314269065857,,100,,float32,native_horizon,336,,direct_full_horizon,1349.259300595238,1349.259300595238,18.606407528831845,1.5870078401222767,0.5570998418898809,0.5312419618879046,16.60022804011305,36.73226511658705,1.1461442126209336,0.5805693234313298,0.504748857078601,1.5870078401222767,2.6937625935473966,0.5891416875131366,-0.5290885682100497,0.504748857078601,2.7050943488662202,0.18659196019915356,-1.6788310772465562,Nature,1
saugeen/W/short|H=336|L=1024|Hsrc=controlled|Lsrc=controlled|origins=shared_origin_v1:Hmax=720,joint-scaling,release,standard_hl_shared_origin_v1,saugeen/W/short,Toto-2.0-4m,toto2,Toto-2.0-4m,4.144448,4.144448,336,controlled,shared_origin_v1:Hmax=720,720,720,1024,controlled,2671,2671,1024,1024,256,256,100,[],merged,2,1,336,10768.314269065857,,100,,float32,native_horizon,336,,direct_full_horizon,1241.8379836309523,1241.8379836309523,16.824723016648065,1.4350416786903746,0.3897260030110677,0.46960594540550593,15.099497735754555,35.239721673573875,1.0995728938126526,0.5249760354629911,0.4432554810064354,1.4350416786903746,2.6937625935473966,0.5327275989828705,-0.6297450567844534,0.4432554810064354,2.7050943488662202,0.163859527188845,-1.8087457597306749,Nature,1
saugeen/W/short|H=336|L=2048|Hsrc=controlled|Lsrc=controlled|origins=shared_origin_v1:Hmax=720,joint-scaling,release,standard_hl_shared_origin_v1,saugeen/W/short,Toto-2.0-4m,toto2,Toto-2.0-4m,4.144448,4.144448,336,controlled,shared_origin_v1:Hmax=720,720,720,2048,controlled,2671,2671,2048,2048,256,256,100,[],merged,2,1,336,10768.314269065857,,100,,float32,native_horizon,336,,direct_full_horizon,1144.542224702381,1144.542224702381,16.300962902250745,1.3903682322034916,0.3963780176071894,0.4563907895769392,14.109767693100489,33.83108370570445,1.055619648636313,0.5086333290708636,0.4311011455637806,1.3903682322034916,2.6937625935473966,0.5161435664501249,-0.6613703226447332,0.4311011455637806,2.7050943488662202,0.15936639908492176,-1.836549331051673,Nature,1
saugeen/W/short|H=336|L=4096|Hsrc=controlled|Lsrc=controlled|origins=shared_origin_v1:Hmax=720,joint-scaling,release,standard_hl_shared_origin_v1,saugeen/W/short,Toto-2.0-4m,toto2,Toto-2.0-4m,4.144448,4.144448,336,controlled,shared_origin_v1:Hmax=720,720,720,4096,controlled,2671,2671,2671,2671,256,256,100,[],merged,2,1,336,10768.314269065857,,100,,float32,native_horizon,336,,direct_full_horizon,1155.309337797619,1155.309337797619,16.133026123046875,1.376044359124015,0.37914893740699407,0.4524502981276739,14.288683802672754,33.989841685386224,1.0605733191775149,0.5033932556106566,0.43050412106551894,1.376044359124015,2.6937625935473966,0.5108261442267309,-0.6717259732307908,0.43050412106551894,2.7050943488662202,0.15914569532332767,-1.8379351735411207,Nature,1
saugeen/W/short|H=720|L=128|Hsrc=controlled|Lsrc=controlled|origins=shared_origin_v1:Hmax=720,joint-scaling,release,standard_hl_shared_origin_v1,saugeen/W/short,Toto-2.0-4m,toto2,Toto-2.0-4m,4.144448,4.144448,720,controlled,shared_origin_v1:Hmax=720,720,720,128,controlled,2671,2671,128,128,256,256,100,[],merged,2,1,720,23266.02853870392,,100,,float32,native_horizon,720,,direct_full_horizon,1364.7104166666666,1364.7104166666666,22.763916015625,1.9416170435038194,1.0600613911946615,0.6612514919704862,31.286481621432003,36.941987178096774,1.1432217889693772,0.7044614212513572,0.6538785094956624,1.9416170435038194,2.73253347642006,0.7105556291473384,-0.3417080387360606,0.6538785094956624,3.8595468091044376,0.16941846849821915,-1.7753834796948402,Nature,1
saugeen/W/short|H=720|L=256|Hsrc=controlled|Lsrc=controlled|origins=shared_origin_v1:Hmax=720,joint-scaling,release,standard_hl_shared_origin_v1,saugeen/W/short,Toto-2.0-4m,toto2,Toto-2.0-4m,4.144448,4.144448,720,controlled,shared_origin_v1:Hmax=720,720,720,256,controlled,2671,2671,256,256,256,256,100,[],merged,2,1,720,23266.02853870392,,100,,float32,native_horizon,720,,direct_full_horizon,1364.7104166666666,1364.7104166666666,22.763916015625,1.9416170435038194,1.0600613911946615,0.6612514919704862,31.286481621432003,36.941987178096774,1.1432217889693772,0.7044614212513572,0.6538785094956624,1.9416170435038194,2.73253347642006,0.7105556291473384,-0.3417080387360606,0.6538785094956624,3.8595468091044376,0.16941846849821915,-1.7753834796948402,Nature,1
saugeen/W/short|H=720|L=512|Hsrc=controlled|Lsrc=controlled|origins=shared_origin_v1:Hmax=720,joint-scaling,release,standard_hl_shared_origin_v1,saugeen/W/short,Toto-2.0-4m,toto2,Toto-2.0-4m,4.144448,4.144448,720,controlled,shared_origin_v1:Hmax=720,720,720,512,controlled,2671,2671,512,512,256,256,100,[],merged,2,1,720,23266.02853870392,,100,,float32,native_horizon,720,,direct_full_horizon,1364.7104166666666,1364.7104166666666,22.763916015625,1.9416170435038194,1.0600613911946615,0.6612514919704862,31.286481621432003,36.941987178096774,1.1432217889693772,0.7044614212513572,0.6538785094956624,1.9416170435038194,2.73253347642006,0.7105556291473384,-0.3417080387360606,0.6538785094956624,3.8595468091044376,0.16941846849821915,-1.7753834796948402,Nature,1
saugeen/W/short|H=720|L=1024|Hsrc=controlled|Lsrc=controlled|origins=shared_origin_v1:Hmax=720,joint-scaling,release,standard_hl_shared_origin_v1,saugeen/W/short,Toto-2.0-4m,toto2,Toto-2.0-4m,4.144448,4.144448,720,controlled,shared_origin_v1:Hmax=720,720,720,1024,controlled,2671,2671,1024,1024,256,256,100,[],merged,2,1,720,23266.02853870392,,100,,float32,native_horizon,720,,direct_full_horizon,1556.8944444444444,1556.8944444444444,20.052803548177085,1.710376397339392,0.5714386834038628,0.5626124064127604,18.139137745389363,39.45750175118091,1.2210679280131604,0.6205622300629998,0.5255402115041065,1.710376397339392,2.73253347642006,0.6259306288829757,-0.4685157305035079,0.5255402115041065,3.8595468091044376,0.13616630073364802,-1.99387834074439,Nature,1
saugeen/W/short|H=720|L=2048|Hsrc=controlled|Lsrc=controlled|origins=shared_origin_v1:Hmax=720,joint-scaling,release,standard_hl_shared_origin_v1,saugeen/W/short,Toto-2.0-4m,toto2,Toto-2.0-4m,4.144448,4.144448,720,controlled,shared_origin_v1:Hmax=720,720,720,2048,controlled,2671,2671,2048,2048,256,256,100,[],merged,2,1,720,23266.02853870392,,100,,float32,native_horizon,720,,direct_full_horizon,1526.4958333333334,1526.4958333333334,18.747101508246526,1.59900830458897,0.4400198194715712,0.5353546142578125,17.343056214426475,39.070395868653975,1.2090883916279223,0.5801554426653955,0.492201585253112,1.59900830458897,2.73253347642006,0.5851742781515192,-0.5358455647469431,0.492201585253112,3.8595468091044376,0.12752833677053435,-2.0594166898966852,Nature,1
saugeen/W/short|H=720|L=4096|Hsrc=controlled|Lsrc=controlled|origins=shared_origin_v1:Hmax=720,joint-scaling,release,standard_hl_shared_origin_v1,saugeen/W/short,Toto-2.0-4m,toto2,Toto-2.0-4m,4.144448,4.144448,720,controlled,shared_origin_v1:Hmax=720,720,720,4096,controlled,2671,2671,2671,2671,256,256,100,[],merged,2,1,720,23266.02853870392,,100,,float32,native_horizon,720,,direct_full_horizon,1477.228125,1477.228125,18.278814019097222,1.5590664274287678,0.4290780809190538,0.50809326171875,17.272397534875452,38.434725509622155,1.189416677663438,0.5656636272003449,0.4847482934441319,1.5590664274287678,2.73253347642006,0.5705571188358607,-0.5611419940329185,0.4847482934441319,3.8595468091044376,0.12559720542853373,-2.0746752749683894,Nature,1
solar/10T/short|H=48|L=128|Hsrc=controlled|Lsrc=controlled|origins=shared_origin_v1:Hmax=720,joint-scaling,release,standard_hl_shared_origin_v1,solar/10T/short,Toto-2.0-4m,toto2,Toto-2.0-4m,4.144448,4.144448,48,controlled,shared_origin_v1:Hmax=720,720,720,128,controlled,46800,51840,128,128,256,256,100,[],merged,2,137,52608,25625.249984469265,,100,,float32,native_horizon,48,,direct_full_horizon,4.808710641234461,4.808710641234461,0.535593471387877,0.21997769921405685,1.1336127318719194,1.9617362753318175,8.064540689828466,2.1928772517481367,4.50192238241126,1.0995600573594566,1.1618257567512833,0.21997769921405685,0.06312709153425175,3.4846797764269004,1.248376153743026,1.1618257567512833,2.7053515916525894,0.4294546262807826,-0.8452391862565389,Energy,1
solar/10T/short|H=48|L=256|Hsrc=controlled|Lsrc=controlled|origins=shared_origin_v1:Hmax=720,joint-scaling,release,standard_hl_shared_origin_v1,solar/10T/short,Toto-2.0-4m,toto2,Toto-2.0-4m,4.144448,4.144448,48,controlled,shared_origin_v1:Hmax=720,720,720,256,controlled,46800,51840,256,256,256,256,100,[],merged,2,137,52608,25625.249984469265,,100,,float32,native_horizon,48,,direct_full_horizon,5.010043011964672,5.010043011964672,0.505507443653116,0.20603554782080846,0.9754368617984702,1.9837824735618275,6.388989149235402,2.2383125367036376,4.595199890821428,1.0377941917374789,1.1457710264439405,0.20603554782080846,0.06312709153425175,3.2638213295319787,1.1828986958768648,1.1457710264439405,2.7053515916525894,0.42352019233996696,-0.8591540863573238,Energy,1
solar/10T/short|H=48|L=512|Hsrc=controlled|Lsrc=controlled|origins=shared_origin_v1:Hmax=720,joint-scaling,release,standard_hl_shared_origin_v1,solar/10T/short,Toto-2.0-4m,toto2,Toto-2.0-4m,4.144448,4.144448,48,controlled,shared_origin_v1:Hmax=720,720,720,512,controlled,46800,51840,512,512,256,256,100,[],merged,2,137,52608,25625.249984469265,,100,,float32,native_horizon,48,,direct_full_horizon,1.4056998343363296,1.4056998343363296,0.29702527331609796,0.12482256284783401,2.078879598458773,1.885278938460524,3.019972399463581,1.185622129658657,2.434052703286222,0.6097854884570374,0.6424698987628555,0.12482256284783401,0.06312709153425175,1.977321619199061,0.6817432113818658,0.6424698987628555,2.7053515916525894,0.23748110993972388,-1.4376671957665832,Energy,1
solar/10T/short|H=48|L=1024|Hsrc=controlled|Lsrc=controlled|origins=shared_origin_v1:Hmax=720,joint-scaling,release,standard_hl_shared_origin_v1,solar/10T/short,Toto-2.0-4m,toto2,Toto-2.0-4m,4.144448,4.144448,48,controlled,shared_origin_v1:Hmax=720,720,720,1024,controlled,46800,51840,1024,1024,256,256,100,[],merged,2,137,52608,25625.249984469265,,100,,float32,native_horizon,48,,direct_full_horizon,1.0227134047923587,1.0227134047923587,0.2520499136616134,0.10669352190966223,1.4274527981604703,1.8768706078076884,0.9956055053075691,1.0112929371810913,2.076159212942981,0.5174521952350346,0.41293166734025755,0.10669352190966223,0.06312709153425175,1.6901384067690182,0.5248104230780257,0.41293166734025755,2.7053515916525894,0.1526351209263763,-1.879705036373907,Energy,1
solar/10T/short|H=48|L=2048|Hsrc=controlled|Lsrc=controlled|origins=shared_origin_v1:Hmax=720,joint-scaling,release,standard_hl_shared_origin_v1,solar/10T/short,Toto-2.0-4m,toto2,Toto-2.0-4m,4.144448,4.144448,48,controlled,shared_origin_v1:Hmax=720,720,720,2048,controlled,46800,51840,2048,2048,256,256,100,[],merged,2,137,52608,25625.249984469265,,100,,float32,native_horizon,48,,direct_full_horizon,0.9093289062054488,0.9093289062054488,0.24882906022733145,0.10577817812665492,1.499804178891363,1.87635238907343,0.796055270306134,0.9535873878179434,1.957691157305031,0.5108398633524813,0.39877307895377856,0.10577817812665492,0.06312709153425175,1.675638391628757,0.5161942219962965,0.39877307895377856,2.7053515916525894,0.14740157256609454,-1.9145946305857475,Energy,1
solar/10T/short|H=48|L=4096|Hsrc=controlled|Lsrc=controlled|origins=shared_origin_v1:Hmax=720,joint-scaling,release,standard_hl_shared_origin_v1,solar/10T/short,Toto-2.0-4m,toto2,Toto-2.0-4m,4.144448,4.144448,48,controlled,shared_origin_v1:Hmax=720,720,720,4096,controlled,46800,51840,4096,4096,256,256,100,[],merged,2,137,52608,25625.249984469265,,100,,float32,native_horizon,48,,direct_full_horizon,0.8484936955491412,0.8484936955491412,0.2369662224521312,0.10050247053138361,1.5437844698762537,1.872042442520846,0.75502708680659,0.9211371752074395,1.8910716790151398,0.4864857528538141,0.3819046781499781,0.10050247053138361,0.06312709153425175,1.592065594798591,0.46503228933631485,0.3819046781499781,2.7053515916525894,0.14116637531637358,-1.9578161174348347,Energy,1
solar/10T/short|H=96|L=128|Hsrc=controlled|Lsrc=controlled|origins=shared_origin_v1:Hmax=720,joint-scaling,release,standard_hl_shared_origin_v1,solar/10T/short,Toto-2.0-4m,toto2,Toto-2.0-4m,4.144448,4.144448,96,controlled,shared_origin_v1:Hmax=720,720,720,128,controlled,46800,51840,128,128,256,256,100,[],merged,2,137,105216,788758.9999858476,,100,,float32,native_horizon,96,,direct_full_horizon,159.99853990837894,159.99853990837894,7.484713979011034,3.2594924054934267,0.9939184122701002,1.9877371173125404,43.459956117500134,12.649052925352908,1.6873122875527393,0.9984186120599005,0.9356515370045408,3.2594924054934267,1.1131332342854092,2.9282140763552906,1.0743927069357233,0.9356515370045408,0.37923992534823775,2.467175722981638,0.9030740644315374,Energy,1
solar/10T/short|H=96|L=256|Hsrc=controlled|Lsrc=controlled|origins=shared_origin_v1:Hmax=720,joint-scaling,release,standard_hl_shared_origin_v1,solar/10T/short,Toto-2.0-4m,toto2,Toto-2.0-4m,4.144448,4.144448,96,controlled,shared_origin_v1:Hmax=720,720,720,256,controlled,46800,51840,256,256,256,256,100,[],merged,2,137,105216,788758.9999858476,,100,,float32,native_horizon,96,,direct_full_horizon,159.92153626230802,159.92153626230802,7.493579883064957,3.2639151385379104,1.00283640765609,1.983113504674313,18.646963040423884,12.646008708770843,1.6869062062377822,0.9996012736345439,0.7304150415098871,3.2639151385379104,1.1131332342854092,2.9321873051730636,1.075748665058001,0.7304150415098871,0.37923992534823775,1.9259972188824321,0.6554438693886151,Energy,1
solar/10T/short|H=96|L=512|Hsrc=controlled|Lsrc=controlled|origins=shared_origin_v1:Hmax=720,joint-scaling,release,standard_hl_shared_origin_v1,solar/10T/short,Toto-2.0-4m,toto2,Toto-2.0-4m,4.144448,4.144448,96,controlled,shared_origin_v1:Hmax=720,720,720,512,controlled,46800,51840,512,512,256,256,100,[],merged,2,137,105216,788758.9999858476,,100,,float32,native_horizon,96,,direct_full_horizon,38.29485697873898,38.29485697873898,2.8840981272305304,1.2617512738240735,1.163398496823332,1.2867522228083181,10.201022996842461,6.18828384762197,0.8254821476814537,0.3847224165557949,0.3131561659433806,1.2617512738240735,1.1131332342854092,1.1335132533654622,0.12532188332361227,0.3131561659433806,0.37923992534823775,0.8257468294136604,-0.19146705436298078,Energy,1
solar/10T/short|H=96|L=1024|Hsrc=controlled|Lsrc=controlled|origins=shared_origin_v1:Hmax=720,joint-scaling,release,standard_hl_shared_origin_v1,solar/10T/short,Toto-2.0-4m,toto2,Toto-2.0-4m,4.144448,4.144448,96,controlled,shared_origin_v1:Hmax=720,720,720,1024,controlled,46800,51840,1024,1024,256,256,100,[],merged,2,137,105216,788758.9999858476,,100,,float32,native_horizon,96,,direct_full_horizon,32.00695912159272,32.00695912159272,2.719208557240284,1.1891320043421367,1.4360328758879743,1.2206075720764298,7.921153353462114,5.657469321312553,0.7546744850098726,0.362727078313816,0.2840036710583658,1.1891320043421367,1.1131332342854092,1.0682746392937552,0.06604486037663869,0.2840036710583658,0.37923992534823775,0.748875980812355,-0.28918188886452756,Energy,1
solar/10T/short|H=96|L=2048|Hsrc=controlled|Lsrc=controlled|origins=shared_origin_v1:Hmax=720,joint-scaling,release,standard_hl_shared_origin_v1,solar/10T/short,Toto-2.0-4m,toto2,Toto-2.0-4m,4.144448,4.144448,96,controlled,shared_origin_v1:Hmax=720,720,720,2048,controlled,46800,51840,2048,2048,256,256,100,[],merged,2,137,105216,788758.9999858476,,100,,float32,native_horizon,96,,direct_full_horizon,29.738895908179366,29.738895908179366,2.7716673830129803,1.21997351228675,2.022036266866067,1.2209146573885803,8.034149968290116,5.4533380518888945,0.7274445254860319,0.3697247896712763,0.2896171869839175,1.21997351228675,1.1131332342854092,1.0959815722957265,0.09165037478568393,0.2896171869839175,0.37923992534823775,0.7636779980851857,-0.2696090471333059,Energy,1
solar/10T/short|H=96|L=4096|Hsrc=controlled|Lsrc=controlled|origins=shared_origin_v1:Hmax=720,joint-scaling,release,standard_hl_shared_origin_v1,solar/10T/short,Toto-2.0-4m,toto2,Toto-2.0-4m,4.144448,4.144448,96,controlled,shared_origin_v1:Hmax=720,720,720,4096,controlled,46800,51840,4096,4096,256,256,100,[],merged,2,137,105216,788758.9999858476,,100,,float32,native_horizon,96,,direct_full_horizon,28.05036536446453,28.05036536446453,2.6823853030982097,1.182582368165089,2.0702234822479886,1.2097255122052493,8.046445173916084,5.296259563547139,0.7064911414616813,0.3578150639876631,0.2831072733007369,1.182582368165089,1.1131332342854092,1.0623906750248668,0.0605217224282314,0.2831072733007369,0.37923992534823775,0.7465123115420221,-0.2923431697852093,Energy,1
solar/10T/short|H=192|L=128|Hsrc=controlled|Lsrc=controlled|origins=shared_origin_v1:Hmax=720,joint-scaling,release,standard_hl_shared_origin_v1,solar/10T/short,Toto-2.0-4m,toto2,Toto-2.0-4m,4.144448,4.144448,192,controlled,shared_origin_v1:Hmax=720,720,720,128,controlled,46800,51840,128,128,256,256,100,[],merged,2,137,210432,815527.549981378,,100,,float32,native_horizon,192,,direct_full_horizon,81.49574981466696,81.49574981466696,3.8754920402582544,1.6842033627162416,1.0,2.0,67.36813450757893,9.02749964357058,2.3293815212486964,0.9999999890061924,1.0000000110189897,1.6842033627162416,0.5851880213648835,2.878055088667112,1.0571147495839683,1.0000000110189897,0.5695499043319253,1.7557724150475924,0.5629088826265563,Energy,1
solar/10T/short|H=192|L=256|Hsrc=controlled|Lsrc=controlled|origins=shared_origin_v1:Hmax=720,joint-scaling,release,standard_hl_shared_origin_v1,solar/10T/short,Toto-2.0-4m,toto2,Toto-2.0-4m,4.144448,4.144448,192,controlled,shared_origin_v1:Hmax=720,720,720,256,controlled,46800,51840,256,256,256,256,100,[],merged,2,137,210432,815527.549981378,,100,,float32,native_horizon,192,,direct_full_horizon,78.17002300624429,78.17002300624429,3.988476931903774,1.7343980010144293,1.0783659453061238,1.9367675433776848,19.235632109972595,8.841381283840455,2.2813570753846366,1.0291536781970638,0.9302424120248252,1.7343980010144293,0.5851880213648835,2.963830320670519,1.0864824590578417,0.9302424120248252,0.5695499043319253,1.6332939483432756,0.49059880289852287,Energy,1
solar/10T/short|H=192|L=512|Hsrc=controlled|Lsrc=controlled|origins=shared_origin_v1:Hmax=720,joint-scaling,release,standard_hl_shared_origin_v1,solar/10T/short,Toto-2.0-4m,toto2,Toto-2.0-4m,4.144448,4.144448,192,controlled,shared_origin_v1:Hmax=720,720,720,512,controlled,46800,51840,512,512,256,256,100,[],merged,2,137,210432,815527.549981378,,100,,float32,native_horizon,192,,direct_full_horizon,31.15063023625209,31.15063023625209,2.0505490639493993,0.8844716805417249,1.8278082473118658,1.6653798189186413,10.565326277805514,5.581274965117925,1.4401461403560352,0.5291067611815848,0.4632303192316715,0.8844716805417249,0.5851880213648835,1.5114316224019706,0.41305729597524066,0.4632303192316715,0.5695499043319253,0.8133270073586172,-0.2066220272310125,Energy,1
solar/10T/short|H=192|L=1024|Hsrc=controlled|Lsrc=controlled|origins=shared_origin_v1:Hmax=720,joint-scaling,release,standard_hl_shared_origin_v1,solar/10T/short,Toto-2.0-4m,toto2,Toto-2.0-4m,4.144448,4.144448,192,controlled,shared_origin_v1:Hmax=720,720,720,1024,controlled,46800,51840,1024,1024,256,256,100,[],merged,2,137,210432,815527.549981378,,100,,float32,native_horizon,192,,direct_full_horizon,17.585572996858843,17.585572996858843,1.530332400560959,0.6673315456036893,1.79340392253047,1.5860148886481147,5.162175953417981,4.193515589199454,1.0820601615317222,0.39487434571915697,0.3156683935850072,0.6673315456036893,0.5851880213648835,1.1403711648902444,0.13135379265274005,0.3156683935850072,0.5695499043319253,0.5542418516517568,-0.5901541321693258,Energy,1
solar/10T/short|H=192|L=2048|Hsrc=controlled|Lsrc=controlled|origins=shared_origin_v1:Hmax=720,joint-scaling,release,standard_hl_shared_origin_v1,solar/10T/short,Toto-2.0-4m,toto2,Toto-2.0-4m,4.144448,4.144448,192,controlled,shared_origin_v1:Hmax=720,720,720,2048,controlled,46800,51840,2048,2048,256,256,100,[],merged,2,137,210432,815527.549981378,,100,,float32,native_horizon,192,,direct_full_horizon,15.297697916518162,15.297697916518162,1.4807072242681127,0.6492145448136283,2.2171846848110617,1.5761236575978226,4.484762371548043,3.9112271624795922,1.0092207850902146,0.3820694746907108,0.30090664497426073,0.6492145448136283,0.5851880213648835,1.1094118832087683,0.10383003996505256,0.30090664497426073,0.5695499043319253,0.5283235809287341,-0.6380463403191987,Energy,1
solar/10T/short|H=192|L=4096|Hsrc=controlled|Lsrc=controlled|origins=shared_origin_v1:Hmax=720,joint-scaling,release,standard_hl_shared_origin_v1,solar/10T/short,Toto-2.0-4m,toto2,Toto-2.0-4m,4.144448,4.144448,192,controlled,shared_origin_v1:Hmax=720,720,720,4096,controlled,46800,51840,4096,4096,256,256,100,[],merged,2,137,210432,815527.549981378,,100,,float32,native_horizon,192,,direct_full_horizon,14.464757060772602,14.464757060772602,1.4317527060961202,0.6288534272080789,2.226678021913104,1.5686743992841763,4.463531949529804,3.8032561129606566,0.9813608263519875,0.36943765475010426,0.2934709797789731,0.6288534272080789,0.5851880213648835,1.0746177369477778,0.07196500480430164,0.2934709797789731,0.5695499043319253,0.5152682452351752,-0.6630676493869265,Energy,1
solar/10T/short|H=336|L=128|Hsrc=controlled|Lsrc=controlled|origins=shared_origin_v1:Hmax=720,joint-scaling,release,standard_hl_shared_origin_v1,solar/10T/short,Toto-2.0-4m,toto2,Toto-2.0-4m,4.144448,4.144448,336,controlled,shared_origin_v1:Hmax=720,720,720,128,controlled,46800,51840,128,128,256,256,100,[],merged,2,137,368256,1659666.549766235,,100,,float32,native_horizon,336,,direct_full_horizon,95.33866080932829,95.33866080932829,4.506828151645866,1.9641389157104452,1.0,2.0,78.56555663564374,9.764151822320681,2.166524049054903,0.9999999747215879,1.0000000252988084,1.9641389157104452,0.8330046030785475,2.3578968332846513,0.857770049370362,1.0000000252988084,0.6140800217385534,1.6284523024664719,0.48763005606141296,Energy,1
solar/10T/short|H=336|L=256|Hsrc=controlled|Lsrc=controlled|origins=shared_origin_v1:Hmax=720,joint-scaling,release,standard_hl_shared_origin_v1,solar/10T/short,Toto-2.0-4m,toto2,Toto-2.0-4m,4.144448,4.144448,336,controlled,shared_origin_v1:Hmax=720,720,720,256,controlled,46800,51840,256,256,256,256,100,[],merged,2,137,368256,1659666.549766235,,100,,float32,native_horizon,336,,direct_full_horizon,95.33866080932829,95.33866080932829,4.506828151645866,1.9641389157104452,1.0,2.0,78.56555663564374,9.764151822320681,2.166524049054903,0.9999999747215879,1.0000000252988084,1.9641389157104452,0.8330046030785475,2.3578968332846513,0.857770049370362,1.0000000252988084,0.6140800217385534,1.6284523024664719,0.48763005606141296,Energy,1
solar/10T/short|H=336|L=512|Hsrc=controlled|Lsrc=controlled|origins=shared_origin_v1:Hmax=720,joint-scaling,release,standard_hl_shared_origin_v1,solar/10T/short,Toto-2.0-4m,toto2,Toto-2.0-4m,4.144448,4.144448,336,controlled,shared_origin_v1:Hmax=720,720,720,512,controlled,46800,51840,512,512,256,256,100,[],merged,2,137,368256,1659666.549766235,,100,,float32,native_horizon,336,,direct_full_horizon,94.62557466816563,94.62557466816563,4.56186434971528,1.9885842925352641,0.9976836727246845,1.9738950759203515,20.921497582666998,9.72756776733864,2.15840657644972,1.0122117109640907,0.8930455972093007,1.9885842925352641,0.8330046030785475,2.387242861787346,0.870139085703311,0.8930455972093007,0.6140800217385534,1.4542821221914264,0.3745123920581175,Energy,1
solar/10T/short|H=336|L=1024|Hsrc=controlled|Lsrc=controlled|origins=shared_origin_v1:Hmax=720,joint-scaling,release,standard_hl_shared_origin_v1,solar/10T/short,Toto-2.0-4m,toto2,Toto-2.0-4m,4.144448,4.144448,336,controlled,shared_origin_v1:Hmax=720,720,720,1024,controlled,46800,51840,1024,1024,256,256,100,[],merged,2,137,368256,1659666.549766235,,100,,float32,native_horizon,336,,direct_full_horizon,29.24865234714438,29.24865234714438,2.169093020972503,0.9445843507837398,1.9121229647653049,1.567676797441861,9.231552714563014,5.4082023212102905,1.200001864398686,0.4812903650096213,0.3882371334083976,0.9445843507837398,0.8330046030785475,1.1339485367701756,0.12570582223888235,0.3882371334083976,0.6140800217385534,0.6322256378073327,-0.45850892670536875,Energy,1
solar/10T/short|H=336|L=2048|Hsrc=controlled|Lsrc=controlled|origins=shared_origin_v1:Hmax=720,joint-scaling,release,standard_hl_shared_origin_v1,solar/10T/short,Toto-2.0-4m,toto2,Toto-2.0-4m,4.144448,4.144448,336,controlled,shared_origin_v1:Hmax=720,720,720,2048,controlled,46800,51840,2048,2048,256,256,100,[],merged,2,137,368256,1659666.549766235,,100,,float32,native_horizon,336,,direct_full_horizon,20.999999575702773,20.999999575702773,1.9124933242134887,0.8391258374148421,1.982673175452715,1.5331651787787715,6.51781085805282,4.582575648661217,1.0168072486073054,0.42435460406234116,0.3327611130338311,0.8391258374148421,0.8330046030785475,1.0073483799653355,0.007321512164198753,0.3327611130338311,0.6140800217385534,0.5418855869821886,-0.6127003939547958,Energy,1
solar/10T/short|H=336|L=4096|Hsrc=controlled|Lsrc=controlled|origins=shared_origin_v1:Hmax=720,joint-scaling,release,standard_hl_shared_origin_v1,solar/10T/short,Toto-2.0-4m,toto2,Toto-2.0-4m,4.144448,4.144448,336,controlled,shared_origin_v1:Hmax=720,720,720,4096,controlled,46800,51840,4096,4096,256,256,100,[],merged,2,137,368256,1659666.549766235,,100,,float32,native_horizon,336,,direct_full_horizon,18.128045944940474,18.128045944940474,1.7850273219835522,0.7835081791271488,1.988316884780035,1.517787152203469,5.347808535074728,4.257704304544935,0.9447229966738456,0.39607174198754724,0.3099358692765466,0.7835081791271488,0.8330046030785475,0.940580851812254,-0.06125766709680335,0.3099358692765466,0.6140800217385534,0.5047157671716322,-0.6837598454430359,Energy,1
solar/10T/short|H=720|L=128|Hsrc=controlled|Lsrc=controlled|origins=shared_origin_v1:Hmax=720,joint-scaling,release,standard_hl_shared_origin_v1,solar/10T/short,Toto-2.0-4m,toto2,Toto-2.0-4m,4.144448,4.144448,720,controlled,shared_origin_v1:Hmax=720,720,720,128,controlled,46800,51840,128,128,256,256,100,[],merged,2,137,789120,3651068.249705702,,100,,float32,native_horizon,720,,direct_full_horizon,94.56340528056569,94.56340528056569,4.626759188637343,2.0178572840160727,1.0,2.0,80.7142913654262,9.724371716494886,2.10176739630627,0.9999999893816824,1.00000001063757,2.0178572840160727,0.8709317965851564,2.316894723476518,0.8402278078519412,1.00000001063757,0.673849495765364,1.4840109207201548,0.39474850369395714,Energy,1
solar/10T/short|H=720|L=256|Hsrc=controlled|Lsrc=controlled|origins=shared_origin_v1:Hmax=720,joint-scaling,release,standard_hl_shared_origin_v1,solar/10T/short,Toto-2.0-4m,toto2,Toto-2.0-4m,4.144448,4.144448,720,controlled,shared_origin_v1:Hmax=720,720,720,256,controlled,46800,51840,256,256,256,256,100,[],merged,2,137,789120,3651068.249705702,,100,,float32,native_horizon,720,,direct_full_horizon,94.56340528056569,94.56340528056569,4.626759188637343,2.0178572840160727,1.0,2.0,80.7142913654262,9.724371716494886,2.10176739630627,0.9999999893816824,1.00000001063757,2.0178572840160727,0.8709317965851564,2.316894723476518,0.8402278078519412,1.00000001063757,0.673849495765364,1.4840109207201548,0.39474850369395714,Energy,1
solar/10T/short|H=720|L=512|Hsrc=controlled|Lsrc=controlled|origins=shared_origin_v1:Hmax=720,joint-scaling,release,standard_hl_shared_origin_v1,solar/10T/short,Toto-2.0-4m,toto2,Toto-2.0-4m,4.144448,4.144448,720,controlled,shared_origin_v1:Hmax=720,720,720,512,controlled,46800,51840,512,512,256,256,100,[],merged,2,137,789120,3651068.249705702,,100,,float32,native_horizon,720,,direct_full_horizon,94.56340528056569,94.56340528056569,4.626759188637343,2.0178572840160727,1.0,2.0,80.7142913654262,9.724371716494886,2.10176739630627,0.9999999893816824,1.00000001063757,2.0178572840160727,0.8709317965851564,2.316894723476518,0.8402278078519412,1.00000001063757,0.673849495765364,1.4840109207201548,0.39474850369395714,Energy,1
solar/10T/short|H=720|L=1024|Hsrc=controlled|Lsrc=controlled|origins=shared_origin_v1:Hmax=720,joint-scaling,release,standard_hl_shared_origin_v1,solar/10T/short,Toto-2.0-4m,toto2,Toto-2.0-4m,4.144448,4.144448,720,controlled,shared_origin_v1:Hmax=720,720,720,1024,controlled,46800,51840,1024,1024,256,256,100,[],merged,2,137,789120,3651068.249705702,,100,,float32,native_horizon,720,,direct_full_horizon,77.3046350681772,77.3046350681772,4.218775839701186,1.8411364995009287,1.1562777735474612,1.850142931300619,16.669397750702327,8.792305446706068,1.9003161813433511,0.9118209145757128,0.7842121699767013,1.8411364995009287,0.8709317965851564,2.1139847077806273,0.7485746536378836,0.7842121699767013,0.673849495765364,1.1637794120272902,0.1516728227826084,Energy,1
solar/10T/short|H=720|L=2048|Hsrc=controlled|Lsrc=controlled|origins=shared_origin_v1:Hmax=720,joint-scaling,release,standard_hl_shared_origin_v1,solar/10T/short,Toto-2.0-4m,toto2,Toto-2.0-4m,4.144448,4.144448,720,controlled,shared_origin_v1:Hmax=720,720,720,2048,controlled,46800,51840,2048,2048,256,256,100,[],merged,2,137,789120,3651068.249705702,,100,,float32,native_horizon,720,,direct_full_horizon,23.853225903538117,23.853225903538117,2.1474928856669453,0.9397422515183415,2.436867719077724,1.5069621015735883,10.213926839654773,4.883976443794351,1.0555933846587657,0.4641462361253031,0.38534190479791625,0.9397422515183415,0.8709317965851564,1.0790078571054411,0.07604196808956032,0.38534190479791625,0.673849495765364,0.5718515888481027,-0.5588757813236873,Energy,1
solar/10T/short|H=720|L=4096|Hsrc=controlled|Lsrc=controlled|origins=shared_origin_v1:Hmax=720,joint-scaling,release,standard_hl_shared_origin_v1,solar/10T/short,Toto-2.0-4m,toto2,Toto-2.0-4m,4.144448,4.144448,720,controlled,shared_origin_v1:Hmax=720,720,720,4096,controlled,46800,51840,4096,4096,256,256,100,[],merged,2,137,789120,3651068.249705702,,100,,float32,native_horizon,720,,direct_full_horizon,20.459413333840228,20.459413333840228,1.9924512926582776,0.8724684857733138,2.819747527088169,1.4761767261316403,7.015611112240002,4.523208300956328,0.9776191214005294,0.4306364758284744,0.34633593720137057,0.8724684857733138,0.8709317965851564,1.0017644196642983,0.001762864904486293,0.34633593720137057,0.673849495765364,0.5139663075773311,-0.6655975651358771,Energy,1
solar/H/short|H=48|L=128|Hsrc=controlled|Lsrc=controlled|origins=shared_origin_v1:Hmax=720,joint-scaling,release,standard_hl_shared_origin_v1,solar/H/short,Toto-2.0-4m,toto2,Toto-2.0-4m,4.144448,4.144448,48,controlled,shared_origin_v1:Hmax=720,720,720,128,controlled,7320,8040,128,128,256,256,100,[],merged,2,137,13152,497771.299971804,,100,,float32,native_horizon,48,,direct_full_horizon,1700.5195407542578,1700.5195407542578,21.035371283835158,1.6114446116146028,1.730009193944259,1.5147954564895072,10.453626759800715,41.237356131961924,1.0895640385017868,0.5557917926177566,0.423689954612109,1.6114446116146028,0.9985551325387176,1.6137763044867441,0.4785769632700317,0.423689954612109,0.42567461696570436,0.995337607001934,-0.0046732958544341684,Energy,1
solar/H/short|H=48|L=256|Hsrc=controlled|Lsrc=controlled|origins=shared_origin_v1:Hmax=720,joint-scaling,release,standard_hl_shared_origin_v1,solar/H/short,Toto-2.0-4m,toto2,Toto-2.0-4m,4.144448,4.144448,48,controlled,shared_origin_v1:Hmax=720,720,720,256,controlled,7320,8040,256,256,256,256,100,[],merged,2,137,13152,497771.299971804,,100,,float32,native_horizon,48,,direct_full_horizon,752.2654729318734,752.2654729318734,13.021638225174879,0.9974781762060262,1.257529541379148,1.3743897969415297,7.065003254534328,27.427458375355773,0.7246820629737235,0.3440547615887074,0.27154126864161066,0.9974781762060262,0.9985551325387176,0.9989214853565938,-0.0010790966588366774,0.27154126864161066,0.42567461696570436,0.6379080589235325,-0.4495611142922668,Energy,1
solar/H/short|H=48|L=512|Hsrc=controlled|Lsrc=controlled|origins=shared_origin_v1:Hmax=720,joint-scaling,release,standard_hl_shared_origin_v1,solar/H/short,Toto-2.0-4m,toto2,Toto-2.0-4m,4.144448,4.144448,48,controlled,shared_origin_v1:Hmax=720,720,720,512,controlled,7320,8040,512,512,256,256,100,[],merged,2,137,13152,497771.299971804,,100,,float32,native_horizon,48,,direct_full_horizon,799.0606751824818,799.0606751824818,13.05828129752129,0.9986982314392697,1.374525652047227,1.3736372527704912,6.409874991253834,28.26766129665632,0.7468817133384005,0.34502293650664123,0.26773958178947543,0.9986982314392697,0.9985551325387176,1.0001433059586688,0.00014329569135085419,0.26773958178947543,0.42567461696570436,0.6289770898203372,-0.4636604461241508,Energy,1
solar/H/short|H=48|L=1024|Hsrc=controlled|Lsrc=controlled|origins=shared_origin_v1:Hmax=720,joint-scaling,release,standard_hl_shared_origin_v1,solar/H/short,Toto-2.0-4m,toto2,Toto-2.0-4m,4.144448,4.144448,48,controlled,shared_origin_v1:Hmax=720,720,720,1024,controlled,7320,8040,1024,1024,256,256,100,[],merged,2,137,13152,497771.299971804,,100,,float32,native_horizon,48,,direct_full_horizon,623.3256158759124,623.3256158759124,11.422611579987835,0.8761390308228296,1.3398554843468367,1.3420441342096259,6.4331697094270295,24.966489858927154,0.6596589129248907,0.3018056434923221,0.23983315292853583,0.8761390308228296,0.9985551325387176,0.8774067673112266,-0.13078457736521737,0.23983315292853583,0.42567461696570436,0.5634189669050871,-0.573731759028269,Energy,1
solar/H/short|H=48|L=2048|Hsrc=controlled|Lsrc=controlled|origins=shared_origin_v1:Hmax=720,joint-scaling,release,standard_hl_shared_origin_v1,solar/H/short,Toto-2.0-4m,toto2,Toto-2.0-4m,4.144448,4.144448,48,controlled,shared_origin_v1:Hmax=720,720,720,2048,controlled,7320,8040,2048,2048,256,256,100,[],merged,2,137,13152,497771.299971804,,100,,float32,native_horizon,48,,direct_full_horizon,570.4888420012165,570.4888420012165,10.880452473958334,0.8333120313417324,1.4269051274672127,1.3305998939087211,6.32522859513053,23.88490824770354,0.6310816097504836,0.28748083898289395,0.22990585296570257,0.8333120313417324,0.9985551325387176,0.8345177989553039,-0.18090120722178038,0.22990585296570257,0.42567461696570436,0.5400976327987759,-0.61600535428722,Energy,1
solar/H/short|H=48|L=4096|Hsrc=controlled|Lsrc=controlled|origins=shared_origin_v1:Hmax=720,joint-scaling,release,standard_hl_shared_origin_v1,solar/H/short,Toto-2.0-4m,toto2,Toto-2.0-4m,4.144448,4.144448,48,controlled,shared_origin_v1:Hmax=720,720,720,4096,controlled,7320,8040,4096,4096,256,256,100,[],merged,2,137,13152,497771.299971804,,100,,float32,native_horizon,48,,direct_full_horizon,544.223578163017,544.223578163017,10.860011785279806,0.8312457735902731,1.7457841109519932,1.325330376915108,5.9570810620280445,23.328600004351248,0.6163829599549173,0.28694075975872974,0.22527117723468554,0.8312457735902731,0.9985551325387176,0.8324485514154049,-0.1833838591388589,0.22527117723468554,0.42567461696570436,0.5292097960655124,-0.6363703358289297,Energy,1
solar/H/short|H=96|L=128|Hsrc=controlled|Lsrc=controlled|origins=shared_origin_v1:Hmax=720,joint-scaling,release,standard_hl_shared_origin_v1,solar/H/short,Toto-2.0-4m,toto2,Toto-2.0-4m,4.144448,4.144448,96,controlled,shared_origin_v1:Hmax=720,720,720,128,controlled,7320,8040,128,128,256,256,100,[],merged,2,137,26304,1038078.1998032965,,100,,float32,native_horizon,96,,direct_full_horizon,2678.3006386861316,2678.3006386861316,26.67818463921837,2.0371255072457,1.7162291331332453,1.635601851191834,14.420470625768775,51.75230080572391,1.3113583549406111,0.6760020284434949,0.5104193237190802,2.0371255072457,0.8598259443877844,2.3692300988849317,0.8625650495797739,0.5104193237190802,0.4221167147713504,1.2091900317085549,0.18995074018140842,Energy,1
solar/H/short|H=96|L=256|Hsrc=controlled|Lsrc=controlled|origins=shared_origin_v1:Hmax=720,joint-scaling,release,standard_hl_shared_origin_v1,solar/H/short,Toto-2.0-4m,toto2,Toto-2.0-4m,4.144448,4.144448,96,controlled,shared_origin_v1:Hmax=720,720,720,256,controlled,7320,8040,256,256,256,256,100,[],merged,2,137,26304,1038078.1998032965,,100,,float32,native_horizon,96,,direct_full_horizon,871.211146593674,871.211146593674,15.286661486846107,1.1758591191433534,1.1198110258582064,1.4090813778322688,8.646279634503909,29.516286124674867,0.7479170551607438,0.38735072543301,0.28989946782151166,1.1758591191433534,0.8598259443877844,1.3675548252740755,0.31302434611845126,0.28989946782151166,0.4221167147713504,0.6867756183939379,-0.37574765088899936,Energy,1
solar/H/short|H=96|L=512|Hsrc=controlled|Lsrc=controlled|origins=shared_origin_v1:Hmax=720,joint-scaling,release,standard_hl_shared_origin_v1,solar/H/short,Toto-2.0-4m,toto2,Toto-2.0-4m,4.144448,4.144448,96,controlled,shared_origin_v1:Hmax=720,720,720,512,controlled,7320,8040,512,512,256,256,100,[],merged,2,137,26304,1038078.1998032965,,100,,float32,native_horizon,96,,direct_full_horizon,538.9710690389294,538.9710690389294,10.52646698220803,0.8023128402096911,1.2500312104310696,1.3256498090832194,6.836865914712775,23.215750451771516,0.5882669532980388,0.2667315309698894,0.22348201553387023,0.8023128402096911,0.8598259443877844,0.9331107597374909,-0.06923137163568215,0.22348201553387023,0.4221167147713504,0.5294318081076809,-0.6359509076777066,Energy,1
solar/H/short|H=96|L=1024|Hsrc=controlled|Lsrc=controlled|origins=shared_origin_v1:Hmax=720,joint-scaling,release,standard_hl_shared_origin_v1,solar/H/short,Toto-2.0-4m,toto2,Toto-2.0-4m,4.144448,4.144448,96,controlled,shared_origin_v1:Hmax=720,720,720,1024,controlled,7320,8040,1024,1024,256,256,100,[],merged,2,137,26304,1038078.1998032965,,100,,float32,native_horizon,96,,direct_full_horizon,473.88505550486616,473.88505550486616,10.323053290374087,0.7908567340518711,1.0855434577532594,1.3221971646422597,6.482813197191739,21.76890110926287,0.551605047564387,0.2615772046859795,0.21197212637970947,0.7908567340518711,0.8598259443877844,0.9197870094685024,-0.08361314718924298,0.21197212637970947,0.4221167147713504,0.502164730658745,-0.6888270643968247,Energy,1
solar/H/short|H=96|L=2048|Hsrc=controlled|Lsrc=controlled|origins=shared_origin_v1:Hmax=720,joint-scaling,release,standard_hl_shared_origin_v1,solar/H/short,Toto-2.0-4m,toto2,Toto-2.0-4m,4.144448,4.144448,96,controlled,shared_origin_v1:Hmax=720,720,720,2048,controlled,7320,8040,2048,2048,256,256,100,[],merged,2,137,26304,1038078.1998032965,,100,,float32,native_horizon,96,,direct_full_horizon,411.67472627737226,411.67472627737226,9.545773397106904,0.7301270727332106,1.1524345803675797,1.3047173493099908,6.248271260840265,20.28976900502744,0.5141251246865333,0.2418816072672357,0.20134100557525747,0.7301270727332106,0.8598259443877844,0.849156829354664,-0.16351138728622353,0.20134100557525747,0.4221167147713504,0.4769794668858793,-0.7402818353811571,Energy,1
solar/H/short|H=96|L=4096|Hsrc=controlled|Lsrc=controlled|origins=shared_origin_v1:Hmax=720,joint-scaling,release,standard_hl_shared_origin_v1,solar/H/short,Toto-2.0-4m,toto2,Toto-2.0-4m,4.144448,4.144448,96,controlled,shared_origin_v1:Hmax=720,720,720,4096,controlled,7320,8040,4096,4096,256,256,100,[],merged,2,137,26304,1038078.1998032965,,100,,float32,native_horizon,96,,direct_full_horizon,405.4719244221411,405.4719244221411,9.596644343540905,0.7323006275263824,1.454316589898908,1.2952754630949666,5.765328385459397,20.136333440379385,0.5102372007389278,0.24317063286786342,0.1986986683332502,0.7323006275263824,0.8598259443877844,0.8516847302715401,-0.16053885552518452,0.1986986683332502,0.4221167147713504,0.4707197355140985,-0.7534924034444378,Energy,1
solar/H/short|H=192|L=128|Hsrc=controlled|Lsrc=controlled|origins=shared_origin_v1:Hmax=720,joint-scaling,release,standard_hl_shared_origin_v1,solar/H/short,Toto-2.0-4m,toto2,Toto-2.0-4m,4.144448,4.144448,192,controlled,shared_origin_v1:Hmax=720,720,720,128,controlled,7320,8040,128,128,256,256,100,[],merged,2,137,52608,1826336.7000688054,,100,,float32,native_horizon,192,,direct_full_horizon,4368.790450121654,4368.790450121654,34.768724576110095,2.6576154522654343,1.3829837622978152,1.8806863994678267,31.67492038488142,66.09682632412584,1.903932521932353,1.0015201810438843,0.8675557124957214,2.6576154522654343,0.8782273706731201,3.0261132151102244,1.1072790287806902,0.8675557124957214,0.5637361403600482,1.5389393199833332,0.43109342586847027,Energy,1
solar/H/short|H=192|L=256|Hsrc=controlled|Lsrc=controlled|origins=shared_origin_v1:Hmax=720,joint-scaling,release,standard_hl_shared_origin_v1,solar/H/short,Toto-2.0-4m,toto2,Toto-2.0-4m,4.144448,4.144448,192,controlled,shared_origin_v1:Hmax=720,720,720,256,controlled,7320,8040,256,256,256,256,100,[],merged,2,137,52608,1826336.7000688054,,100,,float32,native_horizon,192,,direct_full_horizon,1786.9981751824816,1786.9981751824816,21.303872509884428,1.6298904991233585,1.9431067075193105,1.5495446569438107,14.731009085975472,42.272901191927694,1.217679514309245,0.6136623794275047,0.46838501722291703,1.6298904991233585,0.8782273706731201,1.8558867026361567,0.6183625886624803,0.46838501722291703,0.5637361403600482,0.8308585944547886,-0.185295661717038,Energy,1
solar/H/short|H=192|L=512|Hsrc=controlled|Lsrc=controlled|origins=shared_origin_v1:Hmax=720,joint-scaling,release,standard_hl_shared_origin_v1,solar/H/short,Toto-2.0-4m,toto2,Toto-2.0-4m,4.144448,4.144448,192,controlled,shared_origin_v1:Hmax=720,720,720,512,controlled,7320,8040,512,512,256,256,100,[],merged,2,137,52608,1826336.7000688054,,100,,float32,native_horizon,192,,direct_full_horizon,705.747642944039,705.747642944039,11.926102018704379,0.9083285432972042,1.956256767209465,1.3774556626368613,7.423618563277401,26.565911295192546,0.7652364765844311,0.3435337936188672,0.281240170109895,0.9083285432972042,0.8782273706731201,1.0342749197181285,0.03370062055123245,0.281240170109895,0.5637361403600482,0.4988861809183849,-0.6953773036000256,Energy,1
solar/H/short|H=192|L=1024|Hsrc=controlled|Lsrc=controlled|origins=shared_origin_v1:Hmax=720,joint-scaling,release,standard_hl_shared_origin_v1,solar/H/short,Toto-2.0-4m,toto2,Toto-2.0-4m,4.144448,4.144448,192,controlled,shared_origin_v1:Hmax=720,720,720,1024,controlled,7320,8040,1024,1024,256,256,100,[],merged,2,137,52608,1826336.7000688054,,100,,float32,native_horizon,192,,direct_full_horizon,580.5279235097323,580.5279235097323,10.736886500152067,0.8197431429103137,1.9736792483780914,1.3457935639541514,6.778511914612352,24.094147079938985,0.694036805772822,0.3092781988002103,0.25315521570890026,0.8197431429103137,0.8782273706731201,0.9334065075676462,-0.06891447359481129,0.25315521570890026,0.5637361403600482,0.44906685519082484,-0.800583504348975,Energy,1
solar/H/short|H=192|L=2048|Hsrc=controlled|Lsrc=controlled|origins=shared_origin_v1:Hmax=720,joint-scaling,release,standard_hl_shared_origin_v1,solar/H/short,Toto-2.0-4m,toto2,Toto-2.0-4m,4.144448,4.144448,192,controlled,shared_origin_v1:Hmax=720,720,720,2048,controlled,7320,8040,2048,2048,256,256,100,[],merged,2,137,52608,1826336.7000688054,,100,,float32,native_horizon,192,,direct_full_horizon,547.8991978406325,547.8991978406325,10.440631652980535,0.7971286984734269,1.9842569471627753,1.3404843963845803,6.618733007052412,23.407246695000943,0.6742505005151666,0.3007445176890478,0.24893418342597695,0.7971286984734269,0.8782273706731201,0.9076564054960679,-0.09688938003921264,0.24893418342597695,0.5637361403600482,0.4415792524264759,-0.8173977678528751,Energy,1
solar/H/short|H=192|L=4096|Hsrc=controlled|Lsrc=controlled|origins=shared_origin_v1:Hmax=720,joint-scaling,release,standard_hl_shared_origin_v1,solar/H/short,Toto-2.0-4m,toto2,Toto-2.0-4m,4.144448,4.144448,192,controlled,shared_origin_v1:Hmax=720,720,720,4096,controlled,7320,8040,4096,4096,256,256,100,[],merged,2,137,52608,1826336.7000688054,,100,,float32,native_horizon,192,,direct_full_horizon,540.7328163017031,540.7328163017031,10.456178836868917,0.7974163936626958,2.317333558993658,1.333788201176627,6.363928824396888,23.253662427705944,0.6698264744669844,0.30119235748220813,0.24703528886859358,0.7974163936626958,0.8782273706731201,0.9079839917213165,-0.09652853079912596,0.24703528886859358,0.5637361403600482,0.4382108422405145,-0.8250551094511139,Energy,1
solar/H/short|H=336|L=128|Hsrc=controlled|Lsrc=controlled|origins=shared_origin_v1:Hmax=720,joint-scaling,release,standard_hl_shared_origin_v1,solar/H/short,Toto-2.0-4m,toto2,Toto-2.0-4m,4.144448,4.144448,336,controlled,shared_origin_v1:Hmax=720,720,720,128,controlled,7320,8040,128,128,256,256,100,[],merged,2,137,92064,2863971.200091798,,100,,float32,native_horizon,336,,direct_full_horizon,3444.91188738269,3444.91188738269,30.538337460896766,2.332498345958061,2.2874205067824867,1.822283615202468,38.32154845238346,58.693371749991414,1.8867321628855804,0.9816724064508346,0.9463767767484114,2.332498345958061,0.9728773315767743,2.397525638898076,0.8744372217320717,0.9463767767484114,0.7547623072249494,1.253873925193714,0.22623789903339808,Energy,1
solar/H/short|H=336|L=256|Hsrc=controlled|Lsrc=controlled|origins=shared_origin_v1:Hmax=720,joint-scaling,release,standard_hl_shared_origin_v1,solar/H/short,Toto-2.0-4m,toto2,Toto-2.0-4m,4.144448,4.144448,336,controlled,shared_origin_v1:Hmax=720,720,720,256,controlled,7320,8040,256,256,256,256,100,[],merged,2,137,92064,2863971.200091798,,100,,float32,native_horizon,336,,direct_full_horizon,3444.91188738269,3444.91188738269,30.538337460896766,2.332498345958061,2.2874205067824867,1.822283615202468,38.32154845238346,58.693371749991414,1.8867321628855804,0.9816724064508346,0.9463767767484114,2.332498345958061,0.9728773315767743,2.397525638898076,0.8744372217320717,0.9463767767484114,0.7547623072249494,1.253873925193714,0.22623789903339808,Energy,1
solar/H/short|H=336|L=512|Hsrc=controlled|Lsrc=controlled|origins=shared_origin_v1:Hmax=720,joint-scaling,release,standard_hl_shared_origin_v1,solar/H/short,Toto-2.0-4m,toto2,Toto-2.0-4m,4.144448,4.144448,336,controlled,shared_origin_v1:Hmax=720,720,720,512,controlled,7320,8040,512,512,256,256,100,[],merged,2,137,92064,2863971.200091798,,100,,float32,native_horizon,336,,direct_full_horizon,830.5856795272854,830.5856795272854,13.898331595411888,1.062474836934837,3.39908650267706,1.4317819584066518,12.183006097042425,28.819883405858626,0.9264317133468115,0.4467698557719392,0.37471490218190334,1.062474836934837,0.9728773315767743,1.0920953777521458,0.08809821577246967,0.37471490218190334,0.7547623072249494,0.49646742901036695,-0.700237398836341,Energy,1
solar/H/short|H=336|L=1024|Hsrc=controlled|Lsrc=controlled|origins=shared_origin_v1:Hmax=720,joint-scaling,release,standard_hl_shared_origin_v1,solar/H/short,Toto-2.0-4m,toto2,Toto-2.0-4m,4.144448,4.144448,336,controlled,shared_origin_v1:Hmax=720,720,720,1024,controlled,7320,8040,1024,1024,256,256,100,[],merged,2,137,92064,2863971.200091798,,100,,float32,native_horizon,336,,direct_full_horizon,711.8937478275982,711.8937478275982,11.625993194951338,0.8849865460615775,3.3725098278407084,1.3802407920712765,7.012726655402457,26.681337069712196,0.8576869124617069,0.37372423209622113,0.30196362043802943,0.8849865460615775,0.9728773315767743,0.909658923419719,-0.09468555915873182,0.30196362043802943,0.7547623072249494,0.4000777695805524,-0.916096326820661,Energy,1
solar/H/short|H=336|L=2048|Hsrc=controlled|Lsrc=controlled|origins=shared_origin_v1:Hmax=720,joint-scaling,release,standard_hl_shared_origin_v1,solar/H/short,Toto-2.0-4m,toto2,Toto-2.0-4m,4.144448,4.144448,336,controlled,shared_origin_v1:Hmax=720,720,720,2048,controlled,7320,8040,2048,2048,256,256,100,[],merged,2,137,92064,2863971.200091798,,100,,float32,native_horizon,336,,direct_full_horizon,659.2766119221411,659.2766119221411,11.098584612334898,0.8446255656314594,3.3023456490814476,1.3730960086190043,7.097638101390232,25.676382376069668,0.8253820663401606,0.3567703801341471,0.2960468404372998,0.8446255656314594,0.9728773315767743,0.8681727266299308,-0.14136459030514514,0.2960468404372998,0.7547623072249494,0.3922385068827582,-0.9358851882883631,Energy,1
solar/H/short|H=336|L=4096|Hsrc=controlled|Lsrc=controlled|origins=shared_origin_v1:Hmax=720,joint-scaling,release,standard_hl_shared_origin_v1,solar/H/short,Toto-2.0-4m,toto2,Toto-2.0-4m,4.144448,4.144448,336,controlled,shared_origin_v1:Hmax=720,720,720,4096,controlled,7320,8040,4096,4096,256,256,100,[],merged,2,137,92064,2863971.200091798,,100,,float32,native_horizon,336,,direct_full_horizon,648.5391466805701,648.5391466805701,11.149157786974278,0.848471437427209,3.4993487955538853,1.369899989748979,6.770158173171623,25.466431761842294,0.8186330831982878,0.3583960838946635,0.2935378534757056,0.848471437427209,0.9728773315767743,0.8721258167790419,-0.13682158018421336,0.2935378534757056,0.7547623072249494,0.38891429880085354,-0.944396271201778,Energy,1
solar/H/short|H=720|L=128|Hsrc=controlled|Lsrc=controlled|origins=shared_origin_v1:Hmax=720,joint-scaling,release,standard_hl_shared_origin_v1,solar/H/short,Toto-2.0-4m,toto2,Toto-2.0-4m,4.144448,4.144448,720,controlled,shared_origin_v1:Hmax=720,720,720,128,controlled,7320,8040,128,128,256,256,100,[],merged,2,137,197280,5689922.250655826,,100,,float32,native_horizon,720,,direct_full_horizon,3026.1699918896998,3026.1699918896998,29.203535583941605,2.2300637311922675,2.8161392918792747,1.7975871065237226,39.940294607704296,55.01063526164463,1.9073192297427937,1.0125399339746601,0.9799820984407205,2.2300637311922675,1.0711966474341135,2.0818434565997213,0.7332537784128823,0.9799820984407205,1.0779765484284825,0.9090940798938324,-0.09530669192719188,Energy,1
solar/H/short|H=720|L=256|Hsrc=controlled|Lsrc=controlled|origins=shared_origin_v1:Hmax=720,joint-scaling,release,standard_hl_shared_origin_v1,solar/H/short,Toto-2.0-4m,toto2,Toto-2.0-4m,4.144448,4.144448,720,controlled,shared_origin_v1:Hmax=720,720,720,256,controlled,7320,8040,256,256,256,256,100,[],merged,2,137,197280,5689922.250655826,,100,,float32,native_horizon,720,,direct_full_horizon,3026.1699918896998,3026.1699918896998,29.203535583941605,2.2300637311922675,2.8161392918792747,1.7975871065237226,39.940294607704296,55.01063526164463,1.9073192297427937,1.0125399339746601,0.9799820984407205,2.2300637311922675,1.0711966474341135,2.0818434565997213,0.7332537784128823,0.9799820984407205,1.0779765484284825,0.9090940798938324,-0.09530669192719188,Energy,1
solar/H/short|H=720|L=512|Hsrc=controlled|Lsrc=controlled|origins=shared_origin_v1:Hmax=720,joint-scaling,release,standard_hl_shared_origin_v1,solar/H/short,Toto-2.0-4m,toto2,Toto-2.0-4m,4.144448,4.144448,720,controlled,shared_origin_v1:Hmax=720,720,720,512,controlled,7320,8040,512,512,256,256,100,[],merged,2,137,197280,5689922.250655826,,100,,float32,native_horizon,720,,direct_full_horizon,3026.1699918896998,3026.1699918896998,29.203535583941605,2.2300637311922675,2.8161392918792747,1.7975871065237226,39.940294607704296,55.01063526164463,1.9073192297427937,1.0125399339746601,0.9799820984407205,2.2300637311922675,1.0711966474341135,2.0818434565997213,0.7332537784128823,0.9799820984407205,1.0779765484284825,0.9090940798938324,-0.09530669192719188,Energy,1
solar/H/short|H=720|L=1024|Hsrc=controlled|Lsrc=controlled|origins=shared_origin_v1:Hmax=720,joint-scaling,release,standard_hl_shared_origin_v1,solar/H/short,Toto-2.0-4m,toto2,Toto-2.0-4m,4.144448,4.144448,720,controlled,shared_origin_v1:Hmax=720,720,720,1024,controlled,7320,8040,1024,1024,256,256,100,[],merged,2,137,197280,5689922.250655826,,100,,float32,native_horizon,720,,direct_full_horizon,859.5107866991078,859.5107866991078,12.979411242903488,0.9877023245237768,4.580597987780029,1.424821953568532,11.176205700384381,29.31741439314026,1.0164883203477995,0.45001990136242465,0.3987998697991055,0.9877023245237768,1.0711966474341135,0.9220550931424828,-0.08115030326010732,0.3987998697991055,1.0779765484284825,0.3699522687951718,-0.9943812849217951,Energy,1
solar/H/short|H=720|L=2048|Hsrc=controlled|Lsrc=controlled|origins=shared_origin_v1:Hmax=720,joint-scaling,release,standard_hl_shared_origin_v1,solar/H/short,Toto-2.0-4m,toto2,Toto-2.0-4m,4.144448,4.144448,720,controlled,shared_origin_v1:Hmax=720,720,720,2048,controlled,7320,8040,2048,2048,256,256,100,[],merged,2,137,197280,5689922.250655826,,100,,float32,native_horizon,720,,direct_full_horizon,778.3518248175183,778.3518248175183,12.149982892335766,0.924621842264239,4.41298399670231,1.4104142114000406,8.159595912935464,27.898957414525697,0.9673078253579377,0.4212621050707196,0.35651102344946295,0.924621842264239,1.0711966474341135,0.8631672293588933,-0.1471468298936071,0.35651102344946295,1.0779765484284825,0.330722429879573,-1.1064758358345805,Energy,1
solar/H/short|H=720|L=4096|Hsrc=controlled|Lsrc=controlled|origins=shared_origin_v1:Hmax=720,joint-scaling,release,standard_hl_shared_origin_v1,solar/H/short,Toto-2.0-4m,toto2,Toto-2.0-4m,4.144448,4.144448,720,controlled,shared_origin_v1:Hmax=720,720,720,4096,controlled,7320,8040,4096,4096,256,256,100,[],merged,2,137,197280,5689922.250655826,,100,,float32,native_horizon,720,,direct_full_horizon,729.8326439578265,729.8326439578265,11.895415145985401,0.9058190532491726,4.292711113712762,1.4072083460056772,7.344462728759672,27.01541493217949,0.9366737932501757,0.41243577620581967,0.34044234010839924,0.9058190532491726,1.0711966474341135,0.8456141600320749,-0.16769209902223323,0.34044234010839924,1.0779765484284825,0.3158160913655402,-1.1525952241663204,Energy,1
sz_taxi/15T/short|H=48|L=128|Hsrc=controlled|Lsrc=controlled|origins=shared_origin_v1:Hmax=720,joint-scaling,release,standard_hl_shared_origin_v1,sz_taxi/15T/short,Toto-2.0-4m,toto2,Toto-2.0-4m,4.144448,4.144448,48,controlled,shared_origin_v1:Hmax=720,720,720,128,controlled,2256,2256,128,128,256,256,100,[],merged,2,156,7488,81925.4959676048,,100,,float32,native_horizon,48,,direct_full_horizon,13.78249261318109,13.78249261318109,2.600678403153379,0.49146433826303143,1.5779336782602162,0.4013976887759999,3.7959364162082405,3.7124779613057757,0.3393209237970316,0.23770231297120145,0.1894819164730313,0.49146433826303143,0.6215073574928317,0.7907618990153304,-0.23475836915072015,0.1894819164730313,0.27437530071796695,0.6905939272857567,-0.37020328745361736,Transport,1
sz_taxi/15T/short|H=48|L=256|Hsrc=controlled|Lsrc=controlled|origins=shared_origin_v1:Hmax=720,joint-scaling,release,standard_hl_shared_origin_v1,sz_taxi/15T/short,Toto-2.0-4m,toto2,Toto-2.0-4m,4.144448,4.144448,48,controlled,shared_origin_v1:Hmax=720,720,720,256,controlled,2256,2256,256,256,256,256,100,[],merged,2,156,7488,81925.4959676048,,100,,float32,native_horizon,48,,direct_full_horizon,13.103660127036592,13.103660127036592,2.4946192553919606,0.4695035450717227,1.461112291384966,0.3888958988026676,3.5569937333675887,3.6198978061592557,0.33085908669065306,0.2280084943490776,0.18251563810011276,0.4695035450717227,0.6215073574928317,0.7554271713945685,-0.28047189980530446,0.18251563810011276,0.27437530071796695,0.6652043300636684,-0.4076610222683323,Transport,1
sz_taxi/15T/short|H=48|L=512|Hsrc=controlled|Lsrc=controlled|origins=shared_origin_v1:Hmax=720,joint-scaling,release,standard_hl_shared_origin_v1,sz_taxi/15T/short,Toto-2.0-4m,toto2,Toto-2.0-4m,4.144448,4.144448,48,controlled,shared_origin_v1:Hmax=720,720,720,512,controlled,2256,2256,512,512,256,256,100,[],merged,2,156,7488,81925.4959676048,,100,,float32,native_horizon,48,,direct_full_horizon,12.519341884515224,12.519341884515224,2.4267322507678952,0.45682697880522083,1.3581587962615185,0.3746910095214844,3.1873796372787226,3.5382682041523115,0.3233981314335778,0.22180361411465085,0.17566914869304265,0.45682697880522083,0.6215073574928317,0.7350306851524114,-0.3078430321340628,0.17566914869304265,0.27437530071796695,0.6402513208490829,-0.44589449088380595,Transport,1
sz_taxi/15T/short|H=48|L=1024|Hsrc=controlled|Lsrc=controlled|origins=shared_origin_v1:Hmax=720,joint-scaling,release,standard_hl_shared_origin_v1,sz_taxi/15T/short,Toto-2.0-4m,toto2,Toto-2.0-4m,4.144448,4.144448,48,controlled,shared_origin_v1:Hmax=720,720,720,1024,controlled,2256,2256,1024,1024,256,256,100,[],merged,2,156,7488,81925.4959676048,,100,,float32,native_horizon,48,,direct_full_horizon,12.22000982822516,12.22000982822516,2.3909103523971686,0.4496125386452994,1.2909761738573384,0.36678504943847656,3.0955577211037344,3.4957130643439775,0.3195085866328871,0.21852948837599112,0.17220430555111074,0.4496125386452994,0.6215073574928317,0.7234227129008446,-0.3237615625270525,0.17220430555111074,0.27437530071796695,0.6276232047873771,-0.4658152849581822,Transport,1
sz_taxi/15T/short|H=48|L=2048|Hsrc=controlled|Lsrc=controlled|origins=shared_origin_v1:Hmax=720,joint-scaling,release,standard_hl_shared_origin_v1,sz_taxi/15T/short,Toto-2.0-4m,toto2,Toto-2.0-4m,4.144448,4.144448,48,controlled,shared_origin_v1:Hmax=720,720,720,2048,controlled,2256,2256,2048,2048,256,256,100,[],merged,2,156,7488,81925.4959676048,,100,,float32,native_horizon,48,,direct_full_horizon,12.304395887586805,12.304395887586805,2.409241374741253,0.4531511003204115,1.3919176281007946,0.3690646244929387,3.106520079887664,3.507762233616584,0.32060988212640423,0.22020494598160362,0.1734881559076798,0.4531511003204115,0.6215073574928317,0.7291162282429424,-0.3159221245064117,0.1734881559076798,0.27437530071796695,0.6323023809129596,-0.45838754844472906,Transport,1
sz_taxi/15T/short|H=48|L=4096|Hsrc=controlled|Lsrc=controlled|origins=shared_origin_v1:Hmax=720,joint-scaling,release,standard_hl_shared_origin_v1,sz_taxi/15T/short,Toto-2.0-4m,toto2,Toto-2.0-4m,4.144448,4.144448,48,controlled,shared_origin_v1:Hmax=720,720,720,4096,controlled,2256,2256,2256,2256,256,256,100,[],merged,2,156,7488,81925.4959676048,,100,,float32,native_horizon,48,,direct_full_horizon,12.336314144297543,12.336314144297543,2.4096178886217947,0.45283901876513155,1.411789266472189,0.36771353697165465,3.0993989800593487,3.5123089477290494,0.3210254523328709,0.22023935939472003,0.1736517585786304,0.45283901876513155,0.6215073574928317,0.7286140917010053,-0.3166110538027673,0.1736517585786304,0.27437530071796695,0.6328986542310117,-0.457444973556414,Transport,1
sz_taxi/15T/short|H=96|L=128|Hsrc=controlled|Lsrc=controlled|origins=shared_origin_v1:Hmax=720,joint-scaling,release,standard_hl_shared_origin_v1,sz_taxi/15T/short,Toto-2.0-4m,toto2,Toto-2.0-4m,4.144448,4.144448,96,controlled,shared_origin_v1:Hmax=720,720,720,128,controlled,2256,2256,128,128,256,256,100,[],merged,2,156,14976,163561.76873346936,,100,,float32,native_horizon,96,,direct_full_horizon,16.583978114983974,16.583978114983974,2.867902315579928,0.5452230014603235,10.888064653445513,0.4292785937969501,4.569974148358751,4.072343074322689,0.37287081420865587,0.26259012366217016,0.21012604949116354,0.5452230014603235,0.6589804808090461,0.8273735221883055,-0.18949902668961527,0.21012604949116354,0.2865356133749313,0.7333330995620918,-0.3101552470828561,Transport,1
sz_taxi/15T/short|H=96|L=256|Hsrc=controlled|Lsrc=controlled|origins=shared_origin_v1:Hmax=720,joint-scaling,release,standard_hl_shared_origin_v1,sz_taxi/15T/short,Toto-2.0-4m,toto2,Toto-2.0-4m,4.144448,4.144448,96,controlled,shared_origin_v1:Hmax=720,720,720,256,controlled,2256,2256,256,256,256,256,100,[],merged,2,156,14976,163561.76873346936,,100,,float32,native_horizon,96,,direct_full_horizon,14.72291499732906,14.72291499732906,2.6541341145833335,0.5032367882789917,11.017032981937767,0.40347505227113384,3.947215893217689,3.8370450866948462,0.3513265212482588,0.24301713540877337,0.19361023753847986,0.5032367882789917,0.6589804808090461,0.7636596271579331,-0.2696331032777364,0.19361023753847986,0.2865356133749313,0.6756934513586668,-0.39201578011124655,Transport,1
sz_taxi/15T/short|H=96|L=512|Hsrc=controlled|Lsrc=controlled|origins=shared_origin_v1:Hmax=720,joint-scaling,release,standard_hl_shared_origin_v1,sz_taxi/15T/short,Toto-2.0-4m,toto2,Toto-2.0-4m,4.144448,4.144448,96,controlled,shared_origin_v1:Hmax=720,720,720,512,controlled,2256,2256,512,512,256,256,100,[],merged,2,156,14976,163561.76873346936,,100,,float32,native_horizon,96,,direct_full_horizon,14.121353018997063,14.121353018997063,2.576825655423678,0.487844271513699,9.10215537568443,0.39103444417317706,3.4544482700196095,3.757838876135732,0.34407426285977044,0.23593863843885104,0.18608770416726977,0.487844271513699,0.6589804808090461,0.7403015502291675,-0.3006976754799378,0.18608770416726977,0.2865356133749313,0.64944005380502,-0.431644743043222,Transport,1
sz_taxi/15T/short|H=96|L=1024|Hsrc=controlled|Lsrc=controlled|origins=shared_origin_v1:Hmax=720,joint-scaling,release,standard_hl_shared_origin_v1,sz_taxi/15T/short,Toto-2.0-4m,toto2,Toto-2.0-4m,4.144448,4.144448,96,controlled,shared_origin_v1:Hmax=720,720,720,1024,controlled,2256,2256,1024,1024,256,256,100,[],merged,2,156,14976,163561.76873346936,,100,,float32,native_horizon,96,,direct_full_horizon,13.713057558760683,13.713057558760683,2.5342640672993455,0.4802126106933741,10.560904217581463,0.3853313250419421,3.303719492738246,3.7031145754298076,0.3390636107146019,0.2320416254101605,0.1825293931215879,0.4802126106933741,0.6589804808090461,0.7287205382833276,-0.31646496987623257,0.1825293931215879,0.2865356133749313,0.637021663630861,-0.450951615148605,Transport,1
sz_taxi/15T/short|H=96|L=2048|Hsrc=controlled|Lsrc=controlled|origins=shared_origin_v1:Hmax=720,joint-scaling,release,standard_hl_shared_origin_v1,sz_taxi/15T/short,Toto-2.0-4m,toto2,Toto-2.0-4m,4.144448,4.144448,96,controlled,shared_origin_v1:Hmax=720,720,720,2048,controlled,2256,2256,2048,2048,256,256,100,[],merged,2,156,14976,163561.76873346936,,100,,float32,native_horizon,96,,direct_full_horizon,13.757081121461004,13.757081121461004,2.5438550639356303,0.48193566230863305,8.929666633279915,0.387190191154806,3.382953393004124,3.7090539388718797,0.33960742916066805,0.23291979374214436,0.18341006455054495,0.48193566230863305,0.6589804808090461,0.7313352615800532,-0.31288329020042505,0.18341006455054495,0.2865356133749313,0.6400951783628839,-0.4461383974935701,Transport,1
sz_taxi/15T/short|H=96|L=4096|Hsrc=controlled|Lsrc=controlled|origins=shared_origin_v1:Hmax=720,joint-scaling,release,standard_hl_shared_origin_v1,sz_taxi/15T/short,Toto-2.0-4m,toto2,Toto-2.0-4m,4.144448,4.144448,96,controlled,shared_origin_v1:Hmax=720,720,720,4096,controlled,2256,2256,2256,2256,256,256,100,[],merged,2,156,14976,163561.76873346936,,100,,float32,native_horizon,96,,direct_full_horizon,13.735587878104967,13.735587878104967,2.5436083149706197,0.4818161320029708,9.046872913327991,0.38643537015996426,3.36709374546181,3.70615540393343,0.3393420342607819,0.23289720097778008,0.18341022228090362,0.4818161320029708,0.6589804808090461,0.731153874863537,-0.3131313422548661,0.18341022228090362,0.2865356133749313,0.6400957288367213,-0.446137537506463,Transport,1
sz_taxi/15T/short|H=192|L=128|Hsrc=controlled|Lsrc=controlled|origins=shared_origin_v1:Hmax=720,joint-scaling,release,standard_hl_shared_origin_v1,sz_taxi/15T/short,Toto-2.0-4m,toto2,Toto-2.0-4m,4.144448,4.144448,192,controlled,shared_origin_v1:Hmax=720,720,720,128,controlled,2256,2256,128,128,256,256,100,[],merged,2,156,29952,325698.1201417807,,100,,float32,native_horizon,192,,direct_full_horizon,23.656380417000534,23.656380417000534,3.2000286395733175,0.60305736850066,7.731304462139423,0.4487633501362597,6.4393643577951485,4.8637825215567085,0.44728540042616793,0.29428250236991366,0.243415495086306,0.60305736850066,0.6639967647920173,0.9082233536025658,-0.0962649464861879,0.243415495086306,0.31348991628027995,0.7764699355390974,-0.25299735505783094,Transport,1
sz_taxi/15T/short|H=192|L=256|Hsrc=controlled|Lsrc=controlled|origins=shared_origin_v1:Hmax=720,joint-scaling,release,standard_hl_shared_origin_v1,sz_taxi/15T/short,Toto-2.0-4m,toto2,Toto-2.0-4m,4.144448,4.144448,192,controlled,shared_origin_v1:Hmax=720,720,720,256,controlled,2256,2256,256,256,256,256,100,[],merged,2,156,29952,325698.1201417807,,100,,float32,native_horizon,192,,direct_full_horizon,16.107340494791668,16.107340494791668,2.8108731783353367,0.531735172811152,7.319493742070646,0.4153365273760934,5.107105153855861,4.013395133149945,0.36908168513769285,0.2584948092449856,0.21229232174939927,0.531735172811152,0.6639967647920173,0.8008098849362717,-0.2221317072307975,0.21229232174939927,0.31348991628027995,0.6771902722370069,-0.3898029935088359,Transport,1
sz_taxi/15T/short|H=192|L=512|Hsrc=controlled|Lsrc=controlled|origins=shared_origin_v1:Hmax=720,joint-scaling,release,standard_hl_shared_origin_v1,sz_taxi/15T/short,Toto-2.0-4m,toto2,Toto-2.0-4m,4.144448,4.144448,192,controlled,shared_origin_v1:Hmax=720,720,720,512,controlled,2256,2256,512,512,256,256,100,[],merged,2,156,29952,325698.1201417807,,100,,float32,native_horizon,192,,direct_full_horizon,14.495496961805555,14.495496961805555,2.603999472071982,0.49151488701504703,6.42258055597289,0.3885447510287293,3.589814648987502,3.8072952291365003,0.350128231177555,0.23947019452721358,0.18908427454671292,0.49151488701504703,0.6639967647920173,0.7402368702338534,-0.300785049092755,0.18908427454671292,0.31348991628027995,0.6031590323232583,-0.5055743818308482,Transport,1
sz_taxi/15T/short|H=192|L=1024|Hsrc=controlled|Lsrc=controlled|origins=shared_origin_v1:Hmax=720,joint-scaling,release,standard_hl_shared_origin_v1,sz_taxi/15T/short,Toto-2.0-4m,toto2,Toto-2.0-4m,4.144448,4.144448,192,controlled,shared_origin_v1:Hmax=720,720,720,1024,controlled,2256,2256,1024,1024,256,256,100,[],merged,2,156,29952,325698.1201417807,,100,,float32,native_horizon,192,,direct_full_horizon,13.84036646133814,13.84036646133814,2.533418704301883,0.47820862554071947,6.632125463241186,0.3809425321399656,3.37529193314839,3.7202642999306033,0.3421246529240475,0.23297941356928317,0.18330543479159148,0.47820862554071947,0.6639967647920173,0.7201972221815087,-0.3282301847846467,0.18330543479159148,0.31348991628027995,0.584725138743234,-0.5366133904657446,Transport,1
sz_taxi/15T/short|H=192|L=2048|Hsrc=controlled|Lsrc=controlled|origins=shared_origin_v1:Hmax=720,joint-scaling,release,standard_hl_shared_origin_v1,sz_taxi/15T/short,Toto-2.0-4m,toto2,Toto-2.0-4m,4.144448,4.144448,192,controlled,shared_origin_v1:Hmax=720,720,720,2048,controlled,2256,2256,2048,2048,256,256,100,[],merged,2,156,29952,325698.1201417807,,100,,float32,native_horizon,192,,direct_full_horizon,14.043378781049679,14.043378781049679,2.5563692272218885,0.48269557814071745,6.117804372412527,0.38463131179157484,3.5380648655620877,3.747449636893027,0.3446246833581932,0.23509000009093936,0.1855292484834478,0.48269557814071745,0.6639967647920173,0.72695471384098,-0.3188910952169222,0.1855292484834478,0.31348991628027995,0.591818871512195,-0.5245546511969825,Transport,1
sz_taxi/15T/short|H=192|L=4096|Hsrc=controlled|Lsrc=controlled|origins=shared_origin_v1:Hmax=720,joint-scaling,release,standard_hl_shared_origin_v1,sz_taxi/15T/short,Toto-2.0-4m,toto2,Toto-2.0-4m,4.144448,4.144448,192,controlled,shared_origin_v1:Hmax=720,720,720,4096,controlled,2256,2256,2256,2256,256,256,100,[],merged,2,156,29952,325698.1201417807,,100,,float32,native_horizon,192,,direct_full_horizon,14.013677091680021,14.013677091680021,2.5564856896033654,0.48275359168809157,6.111892569778312,0.38429434686644465,3.4711117562028977,3.7434846188651587,0.3442600505506136,0.23510071025791385,0.185194094442594,0.48275359168809157,0.6639967647920173,0.7270420840669363,-0.318770915824248,0.185194094442594,0.31348991628027995,0.5907497652237678,-0.5263627603358204,Transport,1
sz_taxi/15T/short|H=336|L=128|Hsrc=controlled|Lsrc=controlled|origins=shared_origin_v1:Hmax=720,joint-scaling,release,standard_hl_shared_origin_v1,sz_taxi/15T/short,Toto-2.0-4m,toto2,Toto-2.0-4m,4.144448,4.144448,336,controlled,shared_origin_v1:Hmax=720,720,720,128,controlled,2256,2256,128,128,256,256,100,[],merged,2,156,52416,570457.3737188877,,100,,float32,native_horizon,336,,direct_full_horizon,28.995550022893774,28.995550022893774,3.323223705547924,0.6262761738516325,6.29947499332265,0.45275936662350236,7.564166133127713,5.384751621281503,0.49477341162422794,0.3053516384834007,0.25936339890027416,0.6262761738516325,0.6630630446052542,0.9445197993570547,-0.05707862946827778,0.25936339890027416,0.346640141093298,0.7482209016020065,-0.2900570216095776,Transport,1
sz_taxi/15T/short|H=336|L=256|Hsrc=controlled|Lsrc=controlled|origins=shared_origin_v1:Hmax=720,joint-scaling,release,standard_hl_shared_origin_v1,sz_taxi/15T/short,Toto-2.0-4m,toto2,Toto-2.0-4m,4.144448,4.144448,336,controlled,shared_origin_v1:Hmax=720,720,720,256,controlled,2256,2256,256,256,256,256,100,[],merged,2,156,52416,570457.3737188877,,100,,float32,native_horizon,336,,direct_full_horizon,28.995550022893774,28.995550022893774,3.323223705547924,0.6262761738516325,6.29947499332265,0.45275936662350236,7.564166133127713,5.384751621281503,0.49477341162422794,0.3053516384834007,0.25936339890027416,0.6262761738516325,0.6630630446052542,0.9445197993570547,-0.05707862946827778,0.25936339890027416,0.346640141093298,0.7482209016020065,-0.2900570216095776,Transport,1
sz_taxi/15T/short|H=336|L=512|Hsrc=controlled|Lsrc=controlled|origins=shared_origin_v1:Hmax=720,joint-scaling,release,standard_hl_shared_origin_v1,sz_taxi/15T/short,Toto-2.0-4m,toto2,Toto-2.0-4m,4.144448,4.144448,336,controlled,shared_origin_v1:Hmax=720,720,720,512,controlled,2256,2256,512,512,256,256,100,[],merged,2,156,52416,570457.3737188877,,100,,float32,native_horizon,336,,direct_full_horizon,14.947404537736569,14.947404537736569,2.6765513810191544,0.5055506334491202,5.585481413118132,0.3970890254764767,4.17536514684671,3.866187338675736,0.35524139906006386,0.24593269129453782,0.19707481478986036,0.5055506334491202,0.6630630446052542,0.7624473080837932,-0.2712218770407746,0.19707481478986036,0.346640141093298,0.5685285442369404,-0.564703757312452,Transport,1
sz_taxi/15T/short|H=336|L=1024|Hsrc=controlled|Lsrc=controlled|origins=shared_origin_v1:Hmax=720,joint-scaling,release,standard_hl_shared_origin_v1,sz_taxi/15T/short,Toto-2.0-4m,toto2,Toto-2.0-4m,4.144448,4.144448,336,controlled,shared_origin_v1:Hmax=720,720,720,1024,controlled,2256,2256,1024,1024,256,256,100,[],merged,2,156,52416,570457.3737188877,,100,,float32,native_horizon,336,,direct_full_horizon,13.826812185210622,13.826812185210622,2.5444280789739775,0.4788196389652504,4.8051185468177655,0.3828914954403236,3.4062433771919416,3.718442171825538,0.3416659576293844,0.23379265188221057,0.18380381609498883,0.4788196389652504,0.6630630446052542,0.7221328995198478,-0.3255460856712345,0.18380381609498883,0.346640141093298,0.5302438878407857,-0.6344182125424217,Transport,1
sz_taxi/15T/short|H=336|L=2048|Hsrc=controlled|Lsrc=controlled|origins=shared_origin_v1:Hmax=720,joint-scaling,release,standard_hl_shared_origin_v1,sz_taxi/15T/short,Toto-2.0-4m,toto2,Toto-2.0-4m,4.144448,4.144448,336,controlled,shared_origin_v1:Hmax=720,720,720,2048,controlled,2256,2256,2048,2048,256,256,100,[],merged,2,156,52416,570457.3737188877,,100,,float32,native_horizon,336,,direct_full_horizon,14.00647226037851,14.00647226037851,2.5602125603346306,0.4822668350117246,4.619262844360501,0.38579318054720885,3.722029751302424,3.742522179009566,0.3438785290058042,0.23524299578714833,0.186576779109151,0.4822668350117246,0.6630630446052542,0.727331795875965,-0.31837251508719394,0.186576779109151,0.346640141093298,0.5382434317061219,-0.6194443458662389,Transport,1
sz_taxi/15T/short|H=336|L=4096|Hsrc=controlled|Lsrc=controlled|origins=shared_origin_v1:Hmax=720,joint-scaling,release,standard_hl_shared_origin_v1,sz_taxi/15T/short,Toto-2.0-4m,toto2,Toto-2.0-4m,4.144448,4.144448,336,controlled,shared_origin_v1:Hmax=720,720,720,4096,controlled,2256,2256,2256,2256,256,256,100,[],merged,2,156,52416,570457.3737188877,,100,,float32,native_horizon,336,,direct_full_horizon,13.960616748702686,13.960616748702686,2.5570244236015722,0.481786487156673,4.528822902358058,0.3853652078444559,3.547275029229549,3.7363908720451993,0.34331515897913745,0.2349500565024642,0.18523681784229634,0.481786487156673,0.6630630446052542,0.726607358193968,-0.3193690323622382,0.18523681784229634,0.346640141093298,0.5343778630428146,-0.6266520815645253,Transport,1
sz_taxi/15T/short|H=720|L=128|Hsrc=controlled|Lsrc=controlled|origins=shared_origin_v1:Hmax=720,joint-scaling,release,standard_hl_shared_origin_v1,sz_taxi/15T/short,Toto-2.0-4m,toto2,Toto-2.0-4m,4.144448,4.144448,720,controlled,shared_origin_v1:Hmax=720,720,720,128,controlled,2256,2256,128,128,256,256,100,[],merged,2,156,112320,1213506.5590510867,,100,,float32,native_horizon,720,,direct_full_horizon,55.62088452635328,55.62088452635328,3.7807110821759258,0.718275661107533,8705185940204.741,0.47630483078481123,8.691840964462466,7.45794103800461,0.6902937039283139,0.34993586609211147,0.29635299441952623,0.718275661107533,0.6909431345378894,1.0395582866423936,0.03879589855002004,0.29635299441952623,0.4279704057318517,0.6924614189449553,-0.36750275518752046,Transport,1
sz_taxi/15T/short|H=720|L=256|Hsrc=controlled|Lsrc=controlled|origins=shared_origin_v1:Hmax=720,joint-scaling,release,standard_hl_shared_origin_v1,sz_taxi/15T/short,Toto-2.0-4m,toto2,Toto-2.0-4m,4.144448,4.144448,720,controlled,shared_origin_v1:Hmax=720,720,720,256,controlled,2256,2256,256,256,256,256,100,[],merged,2,156,112320,1213506.5590510867,,100,,float32,native_horizon,720,,direct_full_horizon,55.62088452635328,55.62088452635328,3.7807110821759258,0.718275661107533,8705185940204.741,0.47630483078481123,8.691840964462466,7.45794103800461,0.6902937039283139,0.34993586609211147,0.29635299441952623,0.718275661107533,0.6909431345378894,1.0395582866423936,0.03879589855002004,0.29635299441952623,0.4279704057318517,0.6924614189449553,-0.36750275518752046,Transport,1
sz_taxi/15T/short|H=720|L=512|Hsrc=controlled|Lsrc=controlled|origins=shared_origin_v1:Hmax=720,joint-scaling,release,standard_hl_shared_origin_v1,sz_taxi/15T/short,Toto-2.0-4m,toto2,Toto-2.0-4m,4.144448,4.144448,720,controlled,shared_origin_v1:Hmax=720,720,720,512,controlled,2256,2256,512,512,256,256,100,[],merged,2,156,112320,1213506.5590510867,,100,,float32,native_horizon,720,,direct_full_horizon,55.62088452635328,55.62088452635328,3.7807110821759258,0.718275661107533,8705185940204.741,0.47630483078481123,8.691840964462466,7.45794103800461,0.6902937039283139,0.34993586609211147,0.29635299441952623,0.718275661107533,0.6909431345378894,1.0395582866423936,0.03879589855002004,0.29635299441952623,0.4279704057318517,0.6924614189449553,-0.36750275518752046,Transport,1
sz_taxi/15T/short|H=720|L=1024|Hsrc=controlled|Lsrc=controlled|origins=shared_origin_v1:Hmax=720,joint-scaling,release,standard_hl_shared_origin_v1,sz_taxi/15T/short,Toto-2.0-4m,toto2,Toto-2.0-4m,4.144448,4.144448,720,controlled,shared_origin_v1:Hmax=720,720,720,1024,controlled,2256,2256,1024,1024,256,256,100,[],merged,2,156,112320,1213506.5590510867,,100,,float32,native_horizon,720,,direct_full_horizon,16.613657963853278,16.613657963853278,2.811550564236111,0.5310239203506916,7971249447562.203,0.4126179143574163,4.015237622970451,4.075985520564723,0.37726594080201953,0.2602320992990246,0.20569527836910342,0.5310239203506916,0.6909431345378894,0.7685493838879323,-0.26325045796667007,0.20569527836910342,0.4279704057318517,0.4806296781604648,-0.7326582052757838,Transport,1
sz_taxi/15T/short|H=720|L=2048|Hsrc=controlled|Lsrc=controlled|origins=shared_origin_v1:Hmax=720,joint-scaling,release,standard_hl_shared_origin_v1,sz_taxi/15T/short,Toto-2.0-4m,toto2,Toto-2.0-4m,4.144448,4.144448,720,controlled,shared_origin_v1:Hmax=720,720,720,2048,controlled,2256,2256,2048,2048,256,256,100,[],merged,2,156,112320,1213506.5590510867,,100,,float32,native_horizon,720,,direct_full_horizon,15.786848401887465,15.786848401887465,2.7128262163906696,0.5119105533728364,5790943561595.095,0.4002032418536325,3.760256267245914,3.9732667166813083,0.3677584717519907,0.2510943499664862,0.19821768520570954,0.5119105533728364,0.6909431345378894,0.7408866631480578,-0.29990761660147636,0.19821768520570954,0.4279704057318517,0.4631574579712982,-0.7696882006992396,Transport,1
sz_taxi/15T/short|H=720|L=4096|Hsrc=controlled|Lsrc=controlled|origins=shared_origin_v1:Hmax=720,joint-scaling,release,standard_hl_shared_origin_v1,sz_taxi/15T/short,Toto-2.0-4m,toto2,Toto-2.0-4m,4.144448,4.144448,720,controlled,shared_origin_v1:Hmax=720,720,720,4096,controlled,2256,2256,2256,2256,256,256,100,[],merged,2,156,112320,1213506.5590510867,,100,,float32,native_horizon,720,,direct_full_horizon,16.04691728988604,16.04691728988604,2.7440173722400285,0.5184953580718141,5992849239997.579,0.40659527466168094,4.018629283132377,4.005860368246257,0.3707752819344076,0.25398134765007474,0.20153439714136104,0.5184953580718141,0.6909431345378894,0.7504168319417338,-0.287126450915707,0.20153439714136104,0.4279704057318517,0.47090732079178865,-0.7530939754703998,Transport,1
us_births/D/short|H=48|L=128|Hsrc=controlled|Lsrc=controlled|origins=shared_origin_v1:Hmax=720,joint-scaling,release,standard_hl_shared_origin_v1,us_births/D/short,Toto-2.0-4m,toto2,Toto-2.0-4m,4.144448,4.144448,48,controlled,shared_origin_v1:Hmax=720,720,720,128,controlled,5865,6585,128,128,256,256,100,[],merged,2,1,96,966203.0,,100,,float32,native_horizon,48,,direct_full_horizon,147639.04166666666,147639.04166666666,298.7549641927083,0.4586062410395613,0.029798780878384907,0.029988522330919903,5.024850277880067,384.23826158604595,0.038177146119666786,0.029683696451470343,0.02587832705021903,0.4586062410395613,1.9806011529499583,0.23154901245841517,-1.4629637109817017,0.02587832705021903,0.13560089778328527,0.19084185630966302,-1.6563101713344672,Healthcare,1
us_births/D/short|H=48|L=256|Hsrc=controlled|Lsrc=controlled|origins=shared_origin_v1:Hmax=720,joint-scaling,release,standard_hl_shared_origin_v1,us_births/D/short,Toto-2.0-4m,toto2,Toto-2.0-4m,4.144448,4.144448,48,controlled,shared_origin_v1:Hmax=720,720,720,256,controlled,5865,6585,256,256,256,256,100,[],merged,2,1,96,966203.0,,100,,float32,native_horizon,48,,direct_full_horizon,115481.85416666667,115481.85416666667,274.7805989583333,0.4196266595897236,0.027741973598798115,0.02817215770483017,5.462144265492344,339.8262117122025,0.03376445356138559,0.027301651412798347,0.024370608018183606,0.4196266595897236,1.9806011529499583,0.211868330463567,-1.551790279980917,0.024370608018183606,0.13560089778328527,0.17972305800756747,-1.7163381795256087,Healthcare,1
us_births/D/short|H=48|L=512|Hsrc=controlled|Lsrc=controlled|origins=shared_origin_v1:Hmax=720,joint-scaling,release,standard_hl_shared_origin_v1,us_births/D/short,Toto-2.0-4m,toto2,Toto-2.0-4m,4.144448,4.144448,48,controlled,shared_origin_v1:Hmax=720,720,720,512,controlled,5865,6585,512,512,256,256,100,[],merged,2,1,96,966203.0,,100,,float32,native_horizon,48,,direct_full_horizon,81071.3125,81071.3125,225.1500447591146,0.34519451203922397,0.022915904720624287,0.023163949449857075,3.7564468520270324,284.7302451444173,0.028290228382507672,0.022370458689193677,0.018549233150675318,0.34519451203922397,1.9806011529499583,0.17428774668997965,-1.7470476290421921,0.018549233150675318,0.13560089778328527,0.13679284911756517,-1.9892875476923617,Healthcare,1
us_births/D/short|H=48|L=1024|Hsrc=controlled|Lsrc=controlled|origins=shared_origin_v1:Hmax=720,joint-scaling,release,standard_hl_shared_origin_v1,us_births/D/short,Toto-2.0-4m,toto2,Toto-2.0-4m,4.144448,4.144448,48,controlled,shared_origin_v1:Hmax=720,720,720,1024,controlled,5865,6585,1024,1024,256,256,100,[],merged,2,1,96,966203.0,,100,,float32,native_horizon,48,,direct_full_horizon,73030.97395833333,73030.97395833333,209.65669759114584,0.32154984836225214,0.021279876430829365,0.021511130034923553,3.013045600734369,270.24243552472166,0.026850748559436553,0.02083107066398055,0.016556221022918524,0.32154984836225214,1.9806011529499583,0.16234962192328703,-1.8180031092115587,0.016556221022918524,0.13560089778328527,0.12209521687222423,-2.102954072488451,Healthcare,1
us_births/D/short|H=48|L=2048|Hsrc=controlled|Lsrc=controlled|origins=shared_origin_v1:Hmax=720,joint-scaling,release,standard_hl_shared_origin_v1,us_births/D/short,Toto-2.0-4m,toto2,Toto-2.0-4m,4.144448,4.144448,48,controlled,shared_origin_v1:Hmax=720,720,720,2048,controlled,5865,6585,2048,2048,256,256,100,[],merged,2,1,96,966203.0,,100,,float32,native_horizon,48,,direct_full_horizon,74234.78125,74234.78125,210.26249186197916,0.3224554827185276,0.021480455994606018,0.021774282058080036,2.5861874103653175,272.4606049505139,0.027071141442584358,0.020891261172600376,0.015988074743351035,0.3224554827185276,1.9806011529499583,0.16280687418476664,-1.8151906015829817,0.015988074743351035,0.13560089778328527,0.1179053752940697,-2.137872880501252,Healthcare,1
us_births/D/short|H=48|L=4096|Hsrc=controlled|Lsrc=controlled|origins=shared_origin_v1:Hmax=720,joint-scaling,release,standard_hl_shared_origin_v1,us_births/D/short,Toto-2.0-4m,toto2,Toto-2.0-4m,4.144448,4.144448,48,controlled,shared_origin_v1:Hmax=720,720,720,4096,controlled,5865,6585,4096,4096,256,256,100,[],merged,2,1,96,966203.0,,100,,float32,native_horizon,48,,direct_full_horizon,56306.052083333336,56306.052083333336,175.91827392578125,0.269337450707855,0.017699471364418667,0.017831054826577503,2.5253754562919357,237.28896325647625,0.023576557382477305,0.017478888284216672,0.014457501290920919,0.269337450707855,1.9806011529499583,0.1359877279212409,-1.9951906331908151,0.014457501290920919,0.13560089778328527,0.10661803518459456,-2.23850259596409,Healthcare,1
us_births/D/short|H=96|L=128|Hsrc=controlled|Lsrc=controlled|origins=shared_origin_v1:Hmax=720,joint-scaling,release,standard_hl_shared_origin_v1,us_births/D/short,Toto-2.0-4m,toto2,Toto-2.0-4m,4.144448,4.144448,96,controlled,shared_origin_v1:Hmax=720,720,720,128,controlled,5865,6585,128,128,256,256,100,[],merged,2,1,192,1945491.0,,100,,float32,native_horizon,96,,direct_full_horizon,312370.875,312370.875,443.3515625,0.6800942364687718,0.0433540145556132,0.044123162825902305,6.094294590591748,558.9014895310264,0.05515784241096827,0.04375425021241425,0.03569057480509668,0.6800942364687718,2.0761689330647766,0.3275717238793462,-1.116048243673008,0.03569057480509668,0.17051259046311812,0.20931342787157148,-1.5639224954888549,Healthcare,1
us_births/D/short|H=96|L=256|Hsrc=controlled|Lsrc=controlled|origins=shared_origin_v1:Hmax=720,joint-scaling,release,standard_hl_shared_origin_v1,us_births/D/short,Toto-2.0-4m,toto2,Toto-2.0-4m,4.144448,4.144448,96,controlled,shared_origin_v1:Hmax=720,720,720,256,controlled,5865,6585,256,256,256,256,100,[],merged,2,1,192,1945491.0,,100,,float32,native_horizon,96,,direct_full_horizon,390295.375,390295.375,467.582275390625,0.7115546739982269,0.04623461266358694,0.048117230335871376,7.347028275872106,624.7362443463642,0.061655057214092444,0.04614557295561891,0.0385643332949647,0.7115546739982269,2.0761689330647766,0.34272484414254856,-1.0708273574197817,0.0385643332949647,0.17051259046311812,0.2261670718286704,-1.486481296945813,Healthcare,1
us_births/D/short|H=96|L=512|Hsrc=controlled|Lsrc=controlled|origins=shared_origin_v1:Hmax=720,joint-scaling,release,standard_hl_shared_origin_v1,us_births/D/short,Toto-2.0-4m,toto2,Toto-2.0-4m,4.144448,4.144448,96,controlled,shared_origin_v1:Hmax=720,720,720,512,controlled,5865,6585,512,512,256,256,100,[],merged,2,1,192,1945491.0,,100,,float32,native_horizon,96,,direct_full_horizon,90000.36458333333,90000.36458333333,236.847900390625,0.3627766957124769,0.023378953337669373,0.023683995008468628,4.7723372715112005,300.0006076382735,0.02960698181926748,0.023374457591939516,0.020907212375325675,0.3627766957124769,2.0761689330647766,0.17473370780910258,-1.744492133635981,0.020907212375325675,0.17051259046311812,0.12261389213864478,-2.098714949186174,Healthcare,1
us_births/D/short|H=96|L=1024|Hsrc=controlled|Lsrc=controlled|origins=shared_origin_v1:Hmax=720,joint-scaling,release,standard_hl_shared_origin_v1,us_births/D/short,Toto-2.0-4m,toto2,Toto-2.0-4m,4.144448,4.144448,96,controlled,shared_origin_v1:Hmax=720,720,720,1024,controlled,5865,6585,1024,1024,256,256,100,[],merged,2,1,192,1945491.0,,100,,float32,native_horizon,96,,direct_full_horizon,76576.02083333333,76576.02083333333,218.7447713216146,0.33588250418505045,0.021745552619298298,0.02197833110888799,3.6263601609228786,276.72372654568915,0.02730979248774336,0.021587864499887175,0.01778189810808935,0.33588250418505045,2.0761689330647766,0.16177994903778425,-1.8215182064017492,0.01778189810808935,0.17051259046311812,0.10428495666972801,-2.2606281587322297,Healthcare,1
us_births/D/short|H=96|L=2048|Hsrc=controlled|Lsrc=controlled|origins=shared_origin_v1:Hmax=720,joint-scaling,release,standard_hl_shared_origin_v1,us_births/D/short,Toto-2.0-4m,toto2,Toto-2.0-4m,4.144448,4.144448,96,controlled,shared_origin_v1:Hmax=720,720,720,2048,controlled,5865,6585,2048,2048,256,256,100,[],merged,2,1,192,1945491.0,,100,,float32,native_horizon,96,,direct_full_horizon,84724.32291666667,84724.32291666667,237.06754557291666,0.3635713480075216,0.02353416383266449,0.023856093486150105,2.9902573773170027,291.074428482934,0.028726059523648956,0.023396134317763485,0.017612885398103444,0.3635713480075216,2.0761689330647766,0.17511645715208193,-1.7423040569447577,0.017612885398103444,0.17051259046311812,0.10329375297311616,-2.2701783792920205,Healthcare,1
us_births/D/short|H=96|L=4096|Hsrc=controlled|Lsrc=controlled|origins=shared_origin_v1:Hmax=720,joint-scaling,release,standard_hl_shared_origin_v1,us_births/D/short,Toto-2.0-4m,toto2,Toto-2.0-4m,4.144448,4.144448,96,controlled,shared_origin_v1:Hmax=720,720,720,4096,controlled,5865,6585,4096,4096,256,256,100,[],merged,2,1,192,1945491.0,,100,,float32,native_horizon,96,,direct_full_horizon,69722.61458333333,69722.61458333333,208.82198079427084,0.31968046276494383,0.02048546075820923,0.02068983018398285,3.2003742250603526,264.0504015966144,0.02605906534985254,0.020608586887577482,0.01665173609223734,0.31968046276494383,2.0761689330647766,0.15397613251684744,-1.8709576722365506,0.01665173609223734,0.17051259046311812,0.0976569298901075,-2.326294657560896,Healthcare,1
us_births/D/short|H=192|L=128|Hsrc=controlled|Lsrc=controlled|origins=shared_origin_v1:Hmax=720,joint-scaling,release,standard_hl_shared_origin_v1,us_births/D/short,Toto-2.0-4m,toto2,Toto-2.0-4m,4.144448,4.144448,192,controlled,shared_origin_v1:Hmax=720,720,720,128,controlled,5865,6585,128,128,256,256,100,[],merged,2,1,384,3956119.0,,100,,float32,native_horizon,192,,direct_full_horizon,1197278.75,1197278.75,912.5484212239584,1.3976375213776429,0.08762158950169881,0.09028288722038269,12.497508093396846,1094.2023350368065,0.10620855860355408,0.08857635317592823,0.0665308447407279,1.3976375213776429,2.2883183061785637,0.610770589740054,-0.4930338571897659,0.0665308447407279,0.221823182915226,0.2999273739848641,-1.204214920350775,Healthcare,1
us_births/D/short|H=192|L=256|Hsrc=controlled|Lsrc=controlled|origins=shared_origin_v1:Hmax=720,joint-scaling,release,standard_hl_shared_origin_v1,us_births/D/short,Toto-2.0-4m,toto2,Toto-2.0-4m,4.144448,4.144448,192,controlled,shared_origin_v1:Hmax=720,720,720,256,controlled,5865,6585,256,256,256,256,100,[],merged,2,1,384,3956119.0,,100,,float32,native_horizon,192,,direct_full_horizon,621315.75,621315.75,636.2353515625,0.9758863398559154,0.06076863408088684,0.06222328543663025,7.383610889702642,788.2358466854955,0.07650997483322172,0.061756073313264846,0.04932132832363524,0.9758863398559154,2.2883183061785637,0.4264644202779735,-0.8522263380906959,0.04932132832363524,0.221823182915226,0.22234523765933129,-1.503523980472339,Healthcare,1
us_births/D/short|H=192|L=512|Hsrc=controlled|Lsrc=controlled|origins=shared_origin_v1:Hmax=720,joint-scaling,release,standard_hl_shared_origin_v1,us_births/D/short,Toto-2.0-4m,toto2,Toto-2.0-4m,4.144448,4.144448,192,controlled,shared_origin_v1:Hmax=720,720,720,512,controlled,5865,6585,512,512,256,256,100,[],merged,2,1,384,3956119.0,,100,,float32,native_horizon,192,,direct_full_horizon,282221.9583333333,282221.9583333333,416.1451822916667,0.637188910258849,0.03972424070040385,0.04072959969441096,6.679549319432689,531.2456666489933,0.05156526787824467,0.04039305946054707,0.033199465252589135,0.637188910258849,2.2883183061785637,0.2784529182580981,-1.2785062886347123,0.033199465252589135,0.221823182915226,0.14966634603416068,-1.8993468222210177,Healthcare,1
us_births/D/short|H=192|L=1024|Hsrc=controlled|Lsrc=controlled|origins=shared_origin_v1:Hmax=720,joint-scaling,release,standard_hl_shared_origin_v1,us_births/D/short,Toto-2.0-4m,toto2,Toto-2.0-4m,4.144448,4.144448,192,controlled,shared_origin_v1:Hmax=720,720,720,1024,controlled,5865,6585,1024,1024,256,256,100,[],merged,2,1,384,3956119.0,,100,,float32,native_horizon,192,,direct_full_horizon,177757.29166666666,177757.29166666666,330.322265625,0.5077273746807912,0.0318466971317927,0.03231843809286753,5.0392328436364355,421.6127271165645,0.04092376574434712,0.032062673038905046,0.025216080011204723,0.5077273746807912,2.2883183061785637,0.22187794998182908,-1.505627823148093,0.025216080011204723,0.221823182915226,0.1136764862888183,-2.174398704460402,Healthcare,1
us_births/D/short|H=192|L=2048|Hsrc=controlled|Lsrc=controlled|origins=shared_origin_v1:Hmax=720,joint-scaling,release,standard_hl_shared_origin_v1,us_births/D/short,Toto-2.0-4m,toto2,Toto-2.0-4m,4.144448,4.144448,192,controlled,shared_origin_v1:Hmax=720,720,720,2048,controlled,5865,6585,2048,2048,256,256,100,[],merged,2,1,384,3956119.0,,100,,float32,native_horizon,192,,direct_full_horizon,174334.08333333334,174334.08333333334,337.32375081380206,0.517880759859406,0.032711888353029885,0.033214891950289406,4.092144078719745,417.53333200276757,0.04052779996988532,0.032742270976302786,0.024140271706969422,0.517880759859406,2.2883183061785637,0.22631500104732122,-1.4858274402173866,0.024140271706969422,0.221823182915226,0.1088266401631929,-2.21799912009114,Healthcare,1
us_births/D/short|H=192|L=4096|Hsrc=controlled|Lsrc=controlled|origins=shared_origin_v1:Hmax=720,joint-scaling,release,standard_hl_shared_origin_v1,us_births/D/short,Toto-2.0-4m,toto2,Toto-2.0-4m,4.144448,4.144448,192,controlled,shared_origin_v1:Hmax=720,720,720,4096,controlled,5865,6585,4096,4096,256,256,100,[],merged,2,1,384,3956119.0,,100,,float32,native_horizon,192,,direct_full_horizon,131945.10416666666,131945.10416666666,271.8087158203125,0.4158477398008469,0.026247141261895496,0.026472593347231548,4.255478542338357,363.24248673120087,0.03525806855273594,0.026383065543528896,0.021234478587992073,0.4158477398008469,2.2883183061785637,0.18172635278843816,-1.705253279487608,0.021234478587992073,0.221823182915226,0.09572704849387738,-2.3462543820684103,Healthcare,1
us_births/D/short|H=336|L=128|Hsrc=controlled|Lsrc=controlled|origins=shared_origin_v1:Hmax=720,joint-scaling,release,standard_hl_shared_origin_v1,us_births/D/short,Toto-2.0-4m,toto2,Toto-2.0-4m,4.144448,4.144448,336,controlled,shared_origin_v1:Hmax=720,720,720,128,controlled,5865,6585,128,128,256,256,100,[],merged,2,1,672,7003570.0,,100,,float32,native_horizon,336,,direct_full_horizon,1519021.142857143,1519021.142857143,1056.8900669642858,1.6187914697689243,0.09964665912446521,0.10346093631926037,14.791950614895281,1232.4857576690868,0.11825832099252614,0.10140972746756297,0.07550889223672266,1.6187914697689243,2.4486101875872244,0.6611062381325895,-0.4138407286977276,0.07550889223672266,0.2803123367673056,0.26937413139759353,-1.3116540426394172,Healthcare,1
us_births/D/short|H=336|L=256|Hsrc=controlled|Lsrc=controlled|origins=shared_origin_v1:Hmax=720,joint-scaling,release,standard_hl_shared_origin_v1,us_births/D/short,Toto-2.0-4m,toto2,Toto-2.0-4m,4.144448,4.144448,336,controlled,shared_origin_v1:Hmax=720,720,720,256,controlled,5865,6585,256,256,256,256,100,[],merged,2,1,672,7003570.0,,100,,float32,native_horizon,336,,direct_full_horizon,1519021.142857143,1519021.142857143,1056.8900669642858,1.6187914697689243,0.09964665912446521,0.10346093631926037,14.791950614895281,1232.4857576690868,0.11825832099252614,0.10140972746756297,0.07550889223672266,1.6187914697689243,2.4486101875872244,0.6611062381325895,-0.4138407286977276,0.07550889223672266,0.2803123367673056,0.26937413139759353,-1.3116540426394172,Healthcare,1
us_births/D/short|H=336|L=512|Hsrc=controlled|Lsrc=controlled|origins=shared_origin_v1:Hmax=720,joint-scaling,release,standard_hl_shared_origin_v1,us_births/D/short,Toto-2.0-4m,toto2,Toto-2.0-4m,4.144448,4.144448,336,controlled,shared_origin_v1:Hmax=720,720,720,512,controlled,5865,6585,512,512,256,256,100,[],merged,2,1,672,7003570.0,,100,,float32,native_horizon,336,,direct_full_horizon,1845738.2857142857,1845738.2857142857,1114.740978422619,1.7042735702889402,0.10459348133632115,0.11305254981631324,12.64865697070384,1358.5795102658826,0.13035715083859706,0.10696058403071576,0.08003608380924884,1.7042735702889402,2.4486101875872244,0.6960166950739809,-0.3623816317601452,0.08003608380924884,0.2803123367673056,0.28552465700319435,-1.2534268893308587,Healthcare,1
us_births/D/short|H=336|L=1024|Hsrc=controlled|Lsrc=controlled|origins=shared_origin_v1:Hmax=720,joint-scaling,release,standard_hl_shared_origin_v1,us_births/D/short,Toto-2.0-4m,toto2,Toto-2.0-4m,4.144448,4.144448,336,controlled,shared_origin_v1:Hmax=720,720,720,1024,controlled,5865,6585,1024,1024,256,256,100,[],merged,2,1,672,7003570.0,,100,,float32,native_horizon,336,,direct_full_horizon,339067.04761904763,339067.04761904763,458.5299014136905,0.7036799464828964,0.04314689976828439,0.04416745049612863,6.682687812918136,582.2946398680376,0.05587179081401647,0.043996432355213125,0.034477734301005,0.7036799464828964,2.4486101875872244,0.2873793264644865,-1.2469522408942881,0.034477734301005,0.2803123367673056,0.12299756299925481,-2.0955907368201885,Healthcare,1
us_births/D/short|H=336|L=2048|Hsrc=controlled|Lsrc=controlled|origins=shared_origin_v1:Hmax=720,joint-scaling,release,standard_hl_shared_origin_v1,us_births/D/short,Toto-2.0-4m,toto2,Toto-2.0-4m,4.144448,4.144448,336,controlled,shared_origin_v1:Hmax=720,720,720,2048,controlled,5865,6585,2048,2048,256,256,100,[],merged,2,1,672,7003570.0,,100,,float32,native_horizon,336,,direct_full_horizon,245984.30952380953,245984.30952380953,388.68629092261904,0.5968260361643143,0.036892976079668315,0.037512032758621944,4.908317338709084,495.9680529266069,0.04758866286289419,0.03729486354816187,0.02837178832756108,0.5968260361643143,2.4486101875872244,0.24374073063561252,-1.411650197988859,0.02837178832756108,0.2803123367673056,0.10121491139047949,-2.2905091872273653,Healthcare,1
us_births/D/short|H=336|L=4096|Hsrc=controlled|Lsrc=controlled|origins=shared_origin_v1:Hmax=720,joint-scaling,release,standard_hl_shared_origin_v1,us_births/D/short,Toto-2.0-4m,toto2,Toto-2.0-4m,4.144448,4.144448,336,controlled,shared_origin_v1:Hmax=720,720,720,4096,controlled,5865,6585,4096,4096,256,256,100,[],merged,2,1,672,7003570.0,,100,,float32,native_horizon,336,,direct_full_horizon,216691.66666666666,216691.66666666666,349.33572823660717,0.5350884647410271,0.03311861696697417,0.03350872085207984,5.3026343191665815,465.50152165880905,0.04466536674220715,0.03351913515178688,0.026876713278633647,0.5350884647410271,2.4486101875872244,0.21852741912680054,-1.5208437843249414,0.026876713278633647,0.2803123367673056,0.09588130721818601,-2.3446442356104167,Healthcare,1
us_births/D/short|H=720|L=128|Hsrc=controlled|Lsrc=controlled|origins=shared_origin_v1:Hmax=720,joint-scaling,release,standard_hl_shared_origin_v1,us_births/D/short,Toto-2.0-4m,toto2,Toto-2.0-4m,4.144448,4.144448,720,controlled,shared_origin_v1:Hmax=720,720,720,128,controlled,5865,6585,128,128,256,256,100,[],merged,2,1,1440,15049224.0,,100,,float32,native_horizon,720,,direct_full_horizon,1858102.7555555555,1858102.7555555555,1189.8434027777778,1.8214395157313366,0.11194251378377279,0.1164057625664605,18.58618060196465,1363.1224286745323,0.13043172839286107,0.1138513520697147,0.08575352551596771,1.8214395157313366,2.5540307133162745,0.713162729889921,-0.33804565194426767,0.08575352551596771,0.3972298484429282,0.2158788566672585,-1.5330378773951614,Healthcare,1
us_births/D/short|H=720|L=256|Hsrc=controlled|Lsrc=controlled|origins=shared_origin_v1:Hmax=720,joint-scaling,release,standard_hl_shared_origin_v1,us_births/D/short,Toto-2.0-4m,toto2,Toto-2.0-4m,4.144448,4.144448,720,controlled,shared_origin_v1:Hmax=720,720,720,256,controlled,5865,6585,256,256,256,256,100,[],merged,2,1,1440,15049224.0,,100,,float32,native_horizon,720,,direct_full_horizon,1858102.7555555555,1858102.7555555555,1189.8434027777778,1.8214395157313366,0.11194251378377279,0.1164057625664605,18.58618060196465,1363.1224286745323,0.13043172839286107,0.1138513520697147,0.08575352551596771,1.8214395157313366,2.5540307133162745,0.713162729889921,-0.33804565194426767,0.08575352551596771,0.3972298484429282,0.2158788566672585,-1.5330378773951614,Healthcare,1
us_births/D/short|H=720|L=512|Hsrc=controlled|Lsrc=controlled|origins=shared_origin_v1:Hmax=720,joint-scaling,release,standard_hl_shared_origin_v1,us_births/D/short,Toto-2.0-4m,toto2,Toto-2.0-4m,4.144448,4.144448,720,controlled,shared_origin_v1:Hmax=720,720,720,512,controlled,5865,6585,512,512,256,256,100,[],merged,2,1,1440,15049224.0,,100,,float32,native_horizon,720,,direct_full_horizon,1858102.7555555555,1858102.7555555555,1189.8434027777778,1.8214395157313366,0.11194251378377279,0.1164057625664605,18.58618060196465,1363.1224286745323,0.13043172839286107,0.1138513520697147,0.08575352551596771,1.8214395157313366,2.5540307133162745,0.713162729889921,-0.33804565194426767,0.08575352551596771,0.3972298484429282,0.2158788566672585,-1.5330378773951614,Healthcare,1
us_births/D/short|H=720|L=1024|Hsrc=controlled|Lsrc=controlled|origins=shared_origin_v1:Hmax=720,joint-scaling,release,standard_hl_shared_origin_v1,us_births/D/short,Toto-2.0-4m,toto2,Toto-2.0-4m,4.144448,4.144448,720,controlled,shared_origin_v1:Hmax=720,720,720,1024,controlled,5865,6585,1024,1024,256,256,100,[],merged,2,1,1440,15049224.0,,100,,float32,native_horizon,720,,direct_full_horizon,809781.5111111111,809781.5111111111,721.1424479166667,1.1037742029247275,0.06720953517489964,0.06972144444783529,14.444025510309237,899.8786090974222,0.08610578173999456,0.06900323398734712,0.05936761109133734,1.1037742029247275,2.5540307133162745,0.432169510401672,-0.8389373825119074,0.05936761109133734,0.3972298484429282,0.14945405367710415,-1.9007662666514593,Healthcare,1
us_births/D/short|H=720|L=2048|Hsrc=controlled|Lsrc=controlled|origins=shared_origin_v1:Hmax=720,joint-scaling,release,standard_hl_shared_origin_v1,us_births/D/short,Toto-2.0-4m,toto2,Toto-2.0-4m,4.144448,4.144448,720,controlled,shared_origin_v1:Hmax=720,720,720,2048,controlled,5865,6585,2048,2048,256,256,100,[],merged,2,1,1440,15049224.0,,100,,float32,native_horizon,720,,direct_full_horizon,373592.93333333335,373592.93333333335,464.26484375,0.7116822726953658,0.04384070502387153,0.044517570071750216,6.696184418621207,611.2224908601886,0.058485433324580165,0.044423644368639874,0.03565427624636968,0.7116822726953658,2.5540307133162745,0.27865063211056057,-1.2777964964941582,0.03565427624636968,0.3972298484429282,0.08975729388445565,-2.4106459860083036,Healthcare,1
us_births/D/short|H=720|L=4096|Hsrc=controlled|Lsrc=controlled|origins=shared_origin_v1:Hmax=720,joint-scaling,release,standard_hl_shared_origin_v1,us_births/D/short,Toto-2.0-4m,toto2,Toto-2.0-4m,4.144448,4.144448,720,controlled,shared_origin_v1:Hmax=720,720,720,4096,controlled,5865,6585,4096,4096,256,256,100,[],merged,2,1,1440,15049224.0,,100,,float32,native_horizon,720,,direct_full_horizon,301903.6,301903.6,404.45828993055557,0.6189536994590809,0.038531886206732854,0.03877204259236654,6.965369624605345,549.457550680669,0.052575393454184965,0.03870099464929221,0.03290983739761913,0.6189536994590809,2.5540307133162745,0.24234387481401978,-1.4173975911425198,0.03290983739761913,0.3972298484429282,0.08284834970639784,-2.4907434543616898,Healthcare,1
