run_key,experiment_name,run_timestamp,experiment_protocol,dataset,model,adapter,checkpoint,parameters_total_m,parameters_active_m,H,H_source,origin_policy,origin_horizon,origin_distance,L,L_source,available_context_min,available_context_max,effective_context_min,effective_context_max,requested_batch_size,effective_batch_size,effective_samples_per_batch,batch_recovery_events,instance_shard_index,instance_shard_count,instance_count,valid_target_count,sum_absolute_label,per_core_batch_size,num_samples,seed,torch_dtype,output_strategy,model_call_horizon,native_output_block,native_rollout_mechanism,eval_metrics/MSE[mean],eval_metrics/MSE[0.5],eval_metrics/MAE[0.5],eval_metrics/MASE[0.5],eval_metrics/MAPE[0.5],eval_metrics/sMAPE[0.5],eval_metrics/MSIS,eval_metrics/RMSE[mean],eval_metrics/NRMSE[mean],eval_metrics/ND[0.5],eval_metrics/mean_weighted_sum_quantile_loss,raw_mase,seasonal_naive_mase,rel_mase,log_rel_mase,raw_crps,seasonal_naive_crps,rel_crps,log_rel_crps,domain,num_variates
bitbrains_fast_storage/5T/short|H=48|L=128|Hsrc=controlled|Lsrc=controlled|origins=shared_origin_v1:Hmax=720,joint-scaling,release,standard_hl_shared_origin_v1,bitbrains_fast_storage/5T/short,Granite-FlowState-r1.1,flowstate,granite-timeseries-flowstate-r1.1,18.524928,18.524928,48,controlled,shared_origin_v1:Hmax=720,720,720,128,controlled,7200,7920,128,128,16,16,100,[],merged,2,2500,233280,93999895.05028507,,100,,float32,native_horizon,48,,continuous_decoder,2608196.6729798955,2608196.6729798955,230.24533539864916,0.658735763105059,1.2882091093142194,0.6309867456223507,12.965358617708683,1614.9912300009235,4.007931646445736,0.5714009767038988,0.4662403970127348,0.658735763105059,0.9937511465312888,0.6628779905355494,-0.4111643320727538,0.4662403970127348,1.078099624364623,0.43246503984964574,-0.8382537885949253,Web/CloudOps,2
bitbrains_fast_storage/5T/short|H=48|L=256|Hsrc=controlled|Lsrc=controlled|origins=shared_origin_v1:Hmax=720,joint-scaling,release,standard_hl_shared_origin_v1,bitbrains_fast_storage/5T/short,Granite-FlowState-r1.1,flowstate,granite-timeseries-flowstate-r1.1,18.524928,18.524928,48,controlled,shared_origin_v1:Hmax=720,720,720,256,controlled,7200,7920,256,256,16,16,100,[],merged,2,2500,233280,93999895.05028507,,100,,float32,native_horizon,48,,continuous_decoder,2939641.46592614,2939641.46592614,260.1398297931268,0.6184855365000841,1.8275789019435265,0.7069864207148481,10.314203200182966,1714.5382661014423,4.254978013562489,0.6455902898793352,0.5105377380045187,0.6184855365000841,0.9937511465312888,0.6223746645816933,-0.47421301295274393,0.5105377380045187,1.078099624364623,0.4735533956849337,-0.7474906046358444,Web/CloudOps,2
bitbrains_fast_storage/5T/short|H=48|L=512|Hsrc=controlled|Lsrc=controlled|origins=shared_origin_v1:Hmax=720,joint-scaling,release,standard_hl_shared_origin_v1,bitbrains_fast_storage/5T/short,Granite-FlowState-r1.1,flowstate,granite-timeseries-flowstate-r1.1,18.524928,18.524928,48,controlled,shared_origin_v1:Hmax=720,720,720,512,controlled,7200,7920,512,512,16,16,100,[],merged,2,2500,233280,93999895.05028507,,100,,float32,native_horizon,48,,continuous_decoder,2232421.5809617196,2232421.5809617196,226.48568744005325,0.5851573583278609,1.5527189582616474,0.7020239493639363,9.377350959886009,1494.1290375873564,3.7079873514956807,0.562070639948607,0.42931782654892864,0.5851573583278609,0.9937511465312888,0.5888369139199146,-0.5296060200545087,0.42931782654892864,1.078099624364623,0.3982172118851694,-0.9207576640642587,Web/CloudOps,2
bitbrains_fast_storage/5T/short|H=48|L=1024|Hsrc=controlled|Lsrc=controlled|origins=shared_origin_v1:Hmax=720,joint-scaling,release,standard_hl_shared_origin_v1,bitbrains_fast_storage/5T/short,Granite-FlowState-r1.1,flowstate,granite-timeseries-flowstate-r1.1,18.524928,18.524928,48,controlled,shared_origin_v1:Hmax=720,720,720,1024,controlled,7200,7920,1024,1024,16,16,100,[],merged,2,2500,233280,93999895.05028507,,100,,float32,native_horizon,48,,continuous_decoder,2367668.498296039,2367668.498296039,222.66972820350009,0.564779424638816,1.0705135700276818,0.6211959545736304,8.691437000702829,1538.7230089577654,3.8186564286869267,0.5526005552189707,0.41446219961757486,0.564779424638816,0.9937511465312888,0.5683308407846286,-0.5650515636584429,0.41446219961757486,1.078099624364623,0.38443775533438085,-0.9559733878371988,Web/CloudOps,2
bitbrains_fast_storage/5T/short|H=48|L=2048|Hsrc=controlled|Lsrc=controlled|origins=shared_origin_v1:Hmax=720,joint-scaling,release,standard_hl_shared_origin_v1,bitbrains_fast_storage/5T/short,Granite-FlowState-r1.1,flowstate,granite-timeseries-flowstate-r1.1,18.524928,18.524928,48,controlled,shared_origin_v1:Hmax=720,720,720,2048,controlled,7200,7920,2048,2048,16,16,100,[],merged,2,2500,233280,93999895.05028507,,100,,float32,native_horizon,48,,continuous_decoder,2826403.389844286,2826403.389844286,236.15926491903505,0.5764878937537666,1.2355036524337117,0.6242021829309524,8.47855136540213,1681.1910628611745,4.172220095931537,0.5860776045637237,0.4381548390702451,0.5764878937537666,0.9937511465312888,0.580112934476615,-0.5445324797812486,0.4381548390702451,1.078099624364623,0.4064140541079135,-0.9003828013573585,Web/CloudOps,2
bitbrains_fast_storage/5T/short|H=48|L=4096|Hsrc=controlled|Lsrc=controlled|origins=shared_origin_v1:Hmax=720,joint-scaling,release,standard_hl_shared_origin_v1,bitbrains_fast_storage/5T/short,Granite-FlowState-r1.1,flowstate,granite-timeseries-flowstate-r1.1,18.524928,18.524928,48,controlled,shared_origin_v1:Hmax=720,720,720,4096,controlled,7200,7920,4096,4096,16,16,100,[],merged,2,2500,233280,93999895.05028507,,100,,float32,native_horizon,48,,continuous_decoder,2984353.515709394,2984353.515709394,240.76386195471912,0.5710975917371679,0.7828138676821741,0.5580508457732354,8.370300497533249,1727.5281519296275,4.2872150768525925,0.5975048555825653,0.43957882451596875,0.5710975917371679,0.9937511465312888,0.5746887374475965,-0.5539267109327923,0.43957882451596875,1.078099624364623,0.4077348832906181,-0.8971381116431311,Web/CloudOps,2
bitbrains_fast_storage/5T/short|H=96|L=128|Hsrc=controlled|Lsrc=controlled|origins=shared_origin_v1:Hmax=720,joint-scaling,release,standard_hl_shared_origin_v1,bitbrains_fast_storage/5T/short,Granite-FlowState-r1.1,flowstate,granite-timeseries-flowstate-r1.1,18.524928,18.524928,96,controlled,shared_origin_v1:Hmax=720,720,720,128,controlled,7200,7920,128,128,16,16,100,[],merged,2,2500,466604,216676457.21785882,,100,,float32,native_horizon,96,,continuous_decoder,3586365.8921226566,3586365.8921226566,282.9281022424797,0.7154497266145488,1.987248229930884,0.6007061490196343,13.922037306504247,1893.770284940245,4.078157827482824,0.6092742419450501,0.5020021861971433,0.7154497266145488,0.892038671048877,0.8020389135969953,-0.2205981515982055,0.5020021861971433,0.9134181472559556,0.5495863944735856,-0.5985892937050415,Web/CloudOps,2
bitbrains_fast_storage/5T/short|H=96|L=256|Hsrc=controlled|Lsrc=controlled|origins=shared_origin_v1:Hmax=720,joint-scaling,release,standard_hl_shared_origin_v1,bitbrains_fast_storage/5T/short,Granite-FlowState-r1.1,flowstate,granite-timeseries-flowstate-r1.1,18.524928,18.524928,96,controlled,shared_origin_v1:Hmax=720,720,720,256,controlled,7200,7920,256,256,16,16,100,[],merged,2,2500,466604,216676457.21785882,,100,,float32,native_horizon,96,,continuous_decoder,3812232.3385263523,3812232.3385263523,294.66524848794427,0.6380694656773447,2.0832043947140884,0.7016777147592138,10.307027377586055,1952.4938766936896,4.2046167107336885,0.6345497123724267,0.5263477020081556,0.6380694656773447,0.892038671048877,0.7152935028333355,-0.3350623270443291,0.5263477020081556,0.9134181472559556,0.5762395936509283,-0.5512317435745945,Web/CloudOps,2
bitbrains_fast_storage/5T/short|H=96|L=512|Hsrc=controlled|Lsrc=controlled|origins=shared_origin_v1:Hmax=720,joint-scaling,release,standard_hl_shared_origin_v1,bitbrains_fast_storage/5T/short,Granite-FlowState-r1.1,flowstate,granite-timeseries-flowstate-r1.1,18.524928,18.524928,96,controlled,shared_origin_v1:Hmax=720,720,720,512,controlled,7200,7920,512,512,16,16,100,[],merged,2,2500,466604,216676457.21785882,,100,,float32,native_horizon,96,,continuous_decoder,2258080.913398728,2258080.913398728,235.22944055110167,0.5978338687625726,1.9069293940410346,0.6977301941794423,9.183829322885593,1502.691223571472,3.235984862805631,0.5065571003339246,0.39585879773801813,0.5978338687625726,0.892038671048877,0.6701882868593886,-0.40019658091403354,0.39585879773801813,0.9134181472559556,0.43338179663633464,-0.8361361920625239,Web/CloudOps,2
bitbrains_fast_storage/5T/short|H=96|L=1024|Hsrc=controlled|Lsrc=controlled|origins=shared_origin_v1:Hmax=720,joint-scaling,release,standard_hl_shared_origin_v1,bitbrains_fast_storage/5T/short,Granite-FlowState-r1.1,flowstate,granite-timeseries-flowstate-r1.1,18.524928,18.524928,96,controlled,shared_origin_v1:Hmax=720,720,720,1024,controlled,7200,7920,1024,1024,16,16,100,[],merged,2,2500,466604,216676457.21785882,,100,,float32,native_horizon,96,,continuous_decoder,2866682.090684499,2866682.090684499,258.3117631850965,0.5858225082403641,1.738928042450526,0.6282488664406172,8.60805604498307,1693.1279014547304,3.6460825577190037,0.5562639499317259,0.42886699148486496,0.5858225082403641,0.892038671048877,0.6567232198033995,-0.42049262809843885,0.42886699148486496,0.9134181472559556,0.4695187990004856,-0.7560469406657998,Web/CloudOps,2
bitbrains_fast_storage/5T/short|H=96|L=2048|Hsrc=controlled|Lsrc=controlled|origins=shared_origin_v1:Hmax=720,joint-scaling,release,standard_hl_shared_origin_v1,bitbrains_fast_storage/5T/short,Granite-FlowState-r1.1,flowstate,granite-timeseries-flowstate-r1.1,18.524928,18.524928,96,controlled,shared_origin_v1:Hmax=720,720,720,2048,controlled,7200,7920,2048,2048,16,16,100,[],merged,2,2500,466604,216676457.21785882,,100,,float32,native_horizon,96,,continuous_decoder,3035614.6798789767,3035614.6798789767,267.7716564126111,0.5948586873296273,2.509868562124249,0.6622092041451481,8.37120071872041,1742.3015467705286,3.751976016997152,0.5766354479532811,0.43110155192632127,0.5948586873296273,0.892038671048877,0.666853026259703,-0.40518560778246526,0.43110155192632127,0.9134181472559556,0.4719651708490954,-0.7508500866931904,Web/CloudOps,2
bitbrains_fast_storage/5T/short|H=96|L=4096|Hsrc=controlled|Lsrc=controlled|origins=shared_origin_v1:Hmax=720,joint-scaling,release,standard_hl_shared_origin_v1,bitbrains_fast_storage/5T/short,Granite-FlowState-r1.1,flowstate,granite-timeseries-flowstate-r1.1,18.524928,18.524928,96,controlled,shared_origin_v1:Hmax=720,720,720,4096,controlled,7200,7920,4096,4096,16,16,100,[],merged,2,2500,466604,216676457.21785882,,100,,float32,native_horizon,96,,continuous_decoder,3223566.273083814,3223566.273083814,264.8597109212255,0.5838316892447026,1.100400441251282,0.6175250285846291,8.171448263092701,1795.4292726486929,3.8663844290782583,0.5703646909383816,0.4198583865515349,0.5838316892447026,0.892038671048877,0.654491456696851,-0.42389674689254614,0.4198583865515349,0.9134181472559556,0.4596562787950427,-0.7772762888177903,Web/CloudOps,2
bitbrains_fast_storage/5T/short|H=192|L=128|Hsrc=controlled|Lsrc=controlled|origins=shared_origin_v1:Hmax=720,joint-scaling,release,standard_hl_shared_origin_v1,bitbrains_fast_storage/5T/short,Granite-FlowState-r1.1,flowstate,granite-timeseries-flowstate-r1.1,18.524928,18.524928,192,controlled,shared_origin_v1:Hmax=720,720,720,128,controlled,7200,7920,128,128,16,16,100,[],merged,2,2500,926464,387266142.7755317,,100,,float32,native_horizon,192,,continuous_decoder,4619247.305793318,4619247.305793318,339.1401773301499,1.0115313560903605,3.636077724224118,0.6288884224295616,23.058864882916605,2149.243426369688,5.141675044188694,0.8113313572886184,0.6917856748073444,1.0115313560903605,1.036139598574382,0.9762500704365706,-0.024036505678107556,0.6917856748073444,1.049700674173019,0.6590313713500764,-0.41698414113609156,Web/CloudOps,2
bitbrains_fast_storage/5T/short|H=192|L=256|Hsrc=controlled|Lsrc=controlled|origins=shared_origin_v1:Hmax=720,joint-scaling,release,standard_hl_shared_origin_v1,bitbrains_fast_storage/5T/short,Granite-FlowState-r1.1,flowstate,granite-timeseries-flowstate-r1.1,18.524928,18.524928,192,controlled,shared_origin_v1:Hmax=720,720,720,256,controlled,7200,7920,256,256,16,16,100,[],merged,2,2500,926464,387266142.7755317,,100,,float32,native_horizon,192,,continuous_decoder,5067064.37844104,5067064.37844104,365.1215763392452,0.8984030074335265,4.6808622421805595,0.7550606656064763,18.376778877633573,2251.014077797169,5.3851428674493516,0.8734871416260953,0.7361851376404086,0.8984030074335265,1.036139598574382,0.86706753478936,-0.14263841043782097,0.7361851376404086,1.049700674173019,0.7013286318220134,-0.35477869749095237,Web/CloudOps,2
bitbrains_fast_storage/5T/short|H=192|L=512|Hsrc=controlled|Lsrc=controlled|origins=shared_origin_v1:Hmax=720,joint-scaling,release,standard_hl_shared_origin_v1,bitbrains_fast_storage/5T/short,Granite-FlowState-r1.1,flowstate,granite-timeseries-flowstate-r1.1,18.524928,18.524928,192,controlled,shared_origin_v1:Hmax=720,720,720,512,controlled,7200,7920,512,512,16,16,100,[],merged,2,2500,926464,387266142.7755317,,100,,float32,native_horizon,192,,continuous_decoder,3630082.1753829615,3630082.1753829615,303.306482336672,0.8362797072090321,3.312870584071261,0.690565498910364,16.779771568459424,1905.2774536489328,4.558030707684504,0.7256057419262648,0.5932999208999434,0.8362797072090321,1.036139598574382,0.8071110382806179,-0.21429402627324984,0.5932999208999434,1.049700674173019,0.5652086690021041,-0.570560290352192,Web/CloudOps,2
bitbrains_fast_storage/5T/short|H=192|L=1024|Hsrc=controlled|Lsrc=controlled|origins=shared_origin_v1:Hmax=720,joint-scaling,release,standard_hl_shared_origin_v1,bitbrains_fast_storage/5T/short,Granite-FlowState-r1.1,flowstate,granite-timeseries-flowstate-r1.1,18.524928,18.524928,192,controlled,shared_origin_v1:Hmax=720,720,720,1024,controlled,7200,7920,1024,1024,16,16,100,[],merged,2,2500,926464,387266142.7755317,,100,,float32,native_horizon,192,,continuous_decoder,3778713.552609707,3778713.552609707,318.11915957305143,0.8202067997652926,3.2292964734689686,0.6338493252398707,15.951824257755675,1943.891342799208,4.650407433264814,0.7610423853280595,0.6034684921039948,0.8202067997652926,1.036139598574382,0.7915987391021538,-0.2337006581021983,0.6034684921039948,1.049700674173019,0.574895784057129,-0.5535664997297044,Web/CloudOps,2
bitbrains_fast_storage/5T/short|H=192|L=2048|Hsrc=controlled|Lsrc=controlled|origins=shared_origin_v1:Hmax=720,joint-scaling,release,standard_hl_shared_origin_v1,bitbrains_fast_storage/5T/short,Granite-FlowState-r1.1,flowstate,granite-timeseries-flowstate-r1.1,18.524928,18.524928,192,controlled,shared_origin_v1:Hmax=720,720,720,2048,controlled,7200,7920,2048,2048,16,16,100,[],merged,2,2500,926464,387266142.7755317,,100,,float32,native_horizon,192,,continuous_decoder,4675921.532300229,4675921.532300229,356.3972508645776,0.8276224880603342,3.5143612085437796,0.710747519228927,15.27514509718984,2162.3879236391026,5.1731208696123465,0.85261577544202,0.6410212352505411,0.8276224880603342,1.036139598574382,0.7987557749931137,-0.22470004327820212,0.6410212352505411,1.049700674173019,0.6106704997170302,-0.4931977456066724,Web/CloudOps,2
bitbrains_fast_storage/5T/short|H=192|L=4096|Hsrc=controlled|Lsrc=controlled|origins=shared_origin_v1:Hmax=720,joint-scaling,release,standard_hl_shared_origin_v1,bitbrains_fast_storage/5T/short,Granite-FlowState-r1.1,flowstate,granite-timeseries-flowstate-r1.1,18.524928,18.524928,192,controlled,shared_origin_v1:Hmax=720,720,720,4096,controlled,7200,7920,4096,4096,16,16,100,[],merged,2,2500,926464,387266142.7755317,,100,,float32,native_horizon,192,,continuous_decoder,3375393.5921660205,3375393.5921660205,290.9773080177022,0.8048443777703118,2.156497750093282,0.6627769604332319,14.956155128559613,1837.2244261836986,4.395226183680206,0.6961104287693107,0.5215545007248106,0.8048443777703118,1.036139598574382,0.7767721442918427,-0.2526082222105008,0.5215545007248106,1.049700674173019,0.49686021316096085,-0.6994465536924223,Web/CloudOps,2
bitbrains_fast_storage/5T/short|H=336|L=128|Hsrc=controlled|Lsrc=controlled|origins=shared_origin_v1:Hmax=720,joint-scaling,release,standard_hl_shared_origin_v1,bitbrains_fast_storage/5T/short,Granite-FlowState-r1.1,flowstate,granite-timeseries-flowstate-r1.1,18.524928,18.524928,336,controlled,shared_origin_v1:Hmax=720,720,720,128,controlled,7200,7920,128,128,16,16,100,[],merged,2,2500,1626788,602772443.3393706,,100,,float32,native_horizon,336,,continuous_decoder,4651450.653854713,4651450.653854713,346.70344329400945,0.9749472805350508,4.53780440115407,0.7295811543663936,20.54623173245137,2156.7222013636137,5.820653938780927,0.9356980521284822,0.7951298686578687,0.9749472805350508,1.028563515064899,0.9478727042671106,-0.053535063942490226,0.7951298686578687,1.1477310845581272,0.6927841193427214,-0.36703684442342227,Web/CloudOps,2
bitbrains_fast_storage/5T/short|H=336|L=256|Hsrc=controlled|Lsrc=controlled|origins=shared_origin_v1:Hmax=720,joint-scaling,release,standard_hl_shared_origin_v1,bitbrains_fast_storage/5T/short,Granite-FlowState-r1.1,flowstate,granite-timeseries-flowstate-r1.1,18.524928,18.524928,336,controlled,shared_origin_v1:Hmax=720,720,720,256,controlled,7200,7920,256,256,16,16,100,[],merged,2,2500,1626788,602772443.3393706,,100,,float32,native_horizon,336,,continuous_decoder,4781837.499933612,4781837.499933612,360.6416606201146,0.8939914938052608,5.134557353607936,0.7494206835303401,16.93823127336727,2186.7412969836214,5.9016707554338845,0.9733151080142535,0.8102656199165745,0.8939914938052608,1.028563515064899,0.8691650838391373,-0.14022220186330078,0.8102656199165745,1.1477310845581272,0.7059716607993798,-0.34818018280534035,Web/CloudOps,2
bitbrains_fast_storage/5T/short|H=336|L=512|Hsrc=controlled|Lsrc=controlled|origins=shared_origin_v1:Hmax=720,joint-scaling,release,standard_hl_shared_origin_v1,bitbrains_fast_storage/5T/short,Granite-FlowState-r1.1,flowstate,granite-timeseries-flowstate-r1.1,18.524928,18.524928,336,controlled,shared_origin_v1:Hmax=720,720,720,512,controlled,7200,7920,512,512,16,16,100,[],merged,2,2500,1626788,602772443.3393706,,100,,float32,native_horizon,336,,continuous_decoder,4104144.2598685264,4104144.2598685264,348.628184572913,0.8290102302703273,4.884497805811578,0.6786652343910824,15.250620732467564,2025.8687666945573,5.467501103692619,0.9408926260514014,0.7543786713845183,0.8290102302703273,1.028563515064899,0.8059883693405354,-0.21568596667821494,0.7543786713845183,1.1477310845581272,0.6572782436008968,-0.4196478439091313,Web/CloudOps,2
bitbrains_fast_storage/5T/short|H=336|L=1024|Hsrc=controlled|Lsrc=controlled|origins=shared_origin_v1:Hmax=720,joint-scaling,release,standard_hl_shared_origin_v1,bitbrains_fast_storage/5T/short,Granite-FlowState-r1.1,flowstate,granite-timeseries-flowstate-r1.1,18.524928,18.524928,336,controlled,shared_origin_v1:Hmax=720,720,720,1024,controlled,7200,7920,1024,1024,16,16,100,[],merged,2,2500,1626788,602772443.3393706,,100,,float32,native_horizon,336,,continuous_decoder,4212797.829720284,4212797.829720284,355.84861269761336,0.8039230027549398,4.1767007687681295,0.6618388526765995,14.42104714742726,2052.5101290177067,5.5394019495422535,0.9603794256851925,0.7493542941742236,0.8039230027549398,1.028563515064899,0.7815978216028933,-0.246414965357124,0.7493542941742236,1.1477310845581272,0.6529005829468517,-0.4263304079321569,Web/CloudOps,2
bitbrains_fast_storage/5T/short|H=336|L=2048|Hsrc=controlled|Lsrc=controlled|origins=shared_origin_v1:Hmax=720,joint-scaling,release,standard_hl_shared_origin_v1,bitbrains_fast_storage/5T/short,Granite-FlowState-r1.1,flowstate,granite-timeseries-flowstate-r1.1,18.524928,18.524928,336,controlled,shared_origin_v1:Hmax=720,720,720,2048,controlled,7200,7920,2048,2048,16,16,100,[],merged,2,2500,1626788,602772443.3393706,,100,,float32,native_horizon,336,,continuous_decoder,4906743.122771376,4906743.122771376,372.01818589376734,0.7999022302850674,3.6059309805357684,0.7491610707286174,13.738349056785118,2215.1169546485294,5.978252191581905,1.0040185600406015,0.7748862061459375,0.7999022302850674,1.028563515064899,0.7776887071816815,-0.25142895417658423,0.7748862061459375,1.1477310845581272,0.6751461353373261,-0.3928261147456179,Web/CloudOps,2
bitbrains_fast_storage/5T/short|H=336|L=4096|Hsrc=controlled|Lsrc=controlled|origins=shared_origin_v1:Hmax=720,joint-scaling,release,standard_hl_shared_origin_v1,bitbrains_fast_storage/5T/short,Granite-FlowState-r1.1,flowstate,granite-timeseries-flowstate-r1.1,18.524928,18.524928,336,controlled,shared_origin_v1:Hmax=720,720,720,4096,controlled,7200,7920,4096,4096,16,16,100,[],merged,2,2500,1626788,602772443.3393706,,100,,float32,native_horizon,336,,continuous_decoder,3747692.8180223852,3747692.8180223852,334.23963888118794,0.7791050157577589,3.6060564062420597,0.7053183560881479,13.156854705137196,1935.89586962274,5.224678408496414,0.9020602047498002,0.6603712699729459,0.7791050157577589,1.028563515064899,0.7574690374941015,-0.2777726170292474,0.6603712699729459,1.1477310845581272,0.5753710767772633,-0.5527400954171618,Web/CloudOps,2
bitbrains_fast_storage/5T/short|H=720|L=128|Hsrc=controlled|Lsrc=controlled|origins=shared_origin_v1:Hmax=720,joint-scaling,release,standard_hl_shared_origin_v1,bitbrains_fast_storage/5T/short,Granite-FlowState-r1.1,flowstate,granite-timeseries-flowstate-r1.1,18.524928,18.524928,720,controlled,shared_origin_v1:Hmax=720,720,720,128,controlled,7200,7920,128,128,16,16,100,[],merged,2,2500,3493116,1321797441.170471,,100,,float32,native_horizon,720,,continuous_decoder,4940252.021588176,4940252.021588176,360.5634257136036,1.1964427126199686,5.189009343950452,0.717036599287846,29.099347972074938,2222.6677713028043,5.873847317896908,0.9528614840256486,0.8098244895845399,1.1964427126199686,1.1366422321001453,1.052611524392624,0.05127424237905493,0.8098244895845399,1.1773076884933498,0.6878613785499919,-0.3741679460152651,Web/CloudOps,2
bitbrains_fast_storage/5T/short|H=720|L=256|Hsrc=controlled|Lsrc=controlled|origins=shared_origin_v1:Hmax=720,joint-scaling,release,standard_hl_shared_origin_v1,bitbrains_fast_storage/5T/short,Granite-FlowState-r1.1,flowstate,granite-timeseries-flowstate-r1.1,18.524928,18.524928,720,controlled,shared_origin_v1:Hmax=720,720,720,256,controlled,7200,7920,256,256,16,16,100,[],merged,2,2500,3493116,1321797441.170471,,100,,float32,native_horizon,720,,continuous_decoder,5082163.8648003675,5082163.8648003675,372.3232303192909,1.0710699607285579,5.792997891086399,0.7419015257116715,23.103209980863333,2254.3655126887406,5.9576149846742235,0.9839391365808121,0.8138652379056763,1.0710699607285579,1.1366422321001453,0.9423105445849649,-0.05942039356888847,0.8138652379056763,1.1773076884933498,0.6912935724960855,-0.36919069377978975,Web/CloudOps,2
bitbrains_fast_storage/5T/short|H=720|L=512|Hsrc=controlled|Lsrc=controlled|origins=shared_origin_v1:Hmax=720,joint-scaling,release,standard_hl_shared_origin_v1,bitbrains_fast_storage/5T/short,Granite-FlowState-r1.1,flowstate,granite-timeseries-flowstate-r1.1,18.524928,18.524928,720,controlled,shared_origin_v1:Hmax=720,720,720,512,controlled,7200,7920,512,512,16,16,100,[],merged,2,2500,3493116,1321797441.170471,,100,,float32,native_horizon,720,,continuous_decoder,4806960.4571981,4806960.4571981,386.63784606995586,0.9934608467226443,5.574988899733474,0.6721923369906139,20.326051508414796,2192.4781543263093,5.794065173666787,1.0217683922254757,0.8058171797539476,0.9934608467226443,1.1366422321001453,0.8740312638982732,-0.1346391329157145,0.8058171797539476,1.1773076884933498,0.6844575871114762,-0.3791285980265607,Web/CloudOps,2
bitbrains_fast_storage/5T/short|H=720|L=1024|Hsrc=controlled|Lsrc=controlled|origins=shared_origin_v1:Hmax=720,joint-scaling,release,standard_hl_shared_origin_v1,bitbrains_fast_storage/5T/short,Granite-FlowState-r1.1,flowstate,granite-timeseries-flowstate-r1.1,18.524928,18.524928,720,controlled,shared_origin_v1:Hmax=720,720,720,1024,controlled,7200,7920,1024,1024,16,16,100,[],merged,2,2500,3493116,1321797441.170471,,100,,float32,native_horizon,720,,continuous_decoder,5285182.7503352305,5285182.7503352305,411.4107960306786,0.9705427991203869,4.615780950500502,0.7016233169798313,19.173728120255397,2298.9525332932017,6.075445168191492,1.0872359027378067,0.8333739106332397,0.9705427991203869,1.1366422321001453,0.8538683252399828,-0.1579782829830948,0.8333739106332397,1.1773076884933498,0.7078641537623384,-0.34550307691547416,Web/CloudOps,2
bitbrains_fast_storage/5T/short|H=720|L=2048|Hsrc=controlled|Lsrc=controlled|origins=shared_origin_v1:Hmax=720,joint-scaling,release,standard_hl_shared_origin_v1,bitbrains_fast_storage/5T/short,Granite-FlowState-r1.1,flowstate,granite-timeseries-flowstate-r1.1,18.524928,18.524928,720,controlled,shared_origin_v1:Hmax=720,720,720,2048,controlled,7200,7920,2048,2048,16,16,100,[],merged,2,2500,3493116,1321797441.170471,,100,,float32,native_horizon,720,,continuous_decoder,6081553.822138172,6081553.822138172,427.6903795028565,0.9638021375456216,4.763491559691589,0.7623004719759171,18.369334324988237,2466.080660103836,6.5171149094305845,1.1302579814079272,0.8822930158591914,0.9638021375456216,1.1366422321001453,0.8479379969586637,-0.16494776265742575,0.8822930158591914,1.1773076884933498,0.7494158277249501,-0.2884612723158948,Web/CloudOps,2
bitbrains_fast_storage/5T/short|H=720|L=4096|Hsrc=controlled|Lsrc=controlled|origins=shared_origin_v1:Hmax=720,joint-scaling,release,standard_hl_shared_origin_v1,bitbrains_fast_storage/5T/short,Granite-FlowState-r1.1,flowstate,granite-timeseries-flowstate-r1.1,18.524928,18.524928,720,controlled,shared_origin_v1:Hmax=720,720,720,4096,controlled,7200,7920,4096,4096,16,16,100,[],merged,2,2500,3493116,1321797441.170471,,100,,float32,native_horizon,720,,continuous_decoder,4600092.342415769,4600092.342415769,393.69630250970766,0.9436328304716792,4.923191214216392,0.7218440877952057,17.71883380883573,2144.782586281362,5.668020027354988,1.04042178521674,0.734497291465776,0.9436328304716792,1.1366422321001453,0.8301933570848873,-0.18609664497930295,0.734497291465776,1.1773076884933498,0.6238787860170548,-0.4717991826600984,Web/CloudOps,2
bitbrains_rnd/5T/short|H=48|L=128|Hsrc=controlled|Lsrc=controlled|origins=shared_origin_v1:Hmax=720,joint-scaling,release,standard_hl_shared_origin_v1,bitbrains_rnd/5T/short,Granite-FlowState-r1.1,flowstate,granite-timeseries-flowstate-r1.1,18.524928,18.524928,48,controlled,shared_origin_v1:Hmax=720,720,720,128,controlled,7200,7920,128,128,16,16,100,[],merged,2,1000,92736,41168952.07374331,,100,,float32,native_horizon,48,,continuous_decoder,3003059.509582309,3003059.509582309,182.86820496321548,0.9616261349678354,0.4756223265076073,0.4729167577681239,20.532828733657198,1732.9337868430835,3.903556917572713,0.4119236706606506,0.3842824004098452,0.9616261349678354,0.7074620825156427,1.3592617311000168,0.30694170757499034,0.3842824004098452,0.8671435291452065,0.443158932165076,-0.8138268099248687,Web/CloudOps,2
bitbrains_rnd/5T/short|H=48|L=256|Hsrc=controlled|Lsrc=controlled|origins=shared_origin_v1:Hmax=720,joint-scaling,release,standard_hl_shared_origin_v1,bitbrains_rnd/5T/short,Granite-FlowState-r1.1,flowstate,granite-timeseries-flowstate-r1.1,18.524928,18.524928,48,controlled,shared_origin_v1:Hmax=720,720,720,256,controlled,7200,7920,256,256,16,16,100,[],merged,2,1000,92736,41168952.07374331,,100,,float32,native_horizon,48,,continuous_decoder,3077209.664338822,3077209.664338822,190.04994537585188,0.6397782827714495,0.4341573624403719,0.534019066811746,11.455425178204942,1754.197726694121,3.9514554582616674,0.4281010530169777,0.3954639115677882,0.6397782827714495,0.7074620825156427,0.9043287245819333,-0.10056235130146307,0.3954639115677882,0.8671435291452065,0.45605358083871056,-0.7851449745312739,Web/CloudOps,2
bitbrains_rnd/5T/short|H=48|L=512|Hsrc=controlled|Lsrc=controlled|origins=shared_origin_v1:Hmax=720,joint-scaling,release,standard_hl_shared_origin_v1,bitbrains_rnd/5T/short,Granite-FlowState-r1.1,flowstate,granite-timeseries-flowstate-r1.1,18.524928,18.524928,48,controlled,shared_origin_v1:Hmax=720,720,720,512,controlled,7200,7920,512,512,16,16,100,[],merged,2,1000,92736,41168952.07374331,,100,,float32,native_horizon,48,,continuous_decoder,3056002.5021404848,3056002.5021404848,183.11979461522495,0.6256731656446949,0.3539987067554727,0.536352291421741,9.846579384948654,1748.1425863299837,3.937815822844113,0.41249039429080175,0.38407720206579976,0.6256731656446949,0.7074620825156427,0.8843910947423258,-0.12285589931421127,0.38407720206579976,0.8671435291452065,0.4429222950489025,-0.8143609305326222,Web/CloudOps,2
bitbrains_rnd/5T/short|H=48|L=1024|Hsrc=controlled|Lsrc=controlled|origins=shared_origin_v1:Hmax=720,joint-scaling,release,standard_hl_shared_origin_v1,bitbrains_rnd/5T/short,Granite-FlowState-r1.1,flowstate,granite-timeseries-flowstate-r1.1,18.524928,18.524928,48,controlled,shared_origin_v1:Hmax=720,720,720,1024,controlled,7200,7920,1024,1024,16,16,100,[],merged,2,1000,92736,41168952.07374331,,100,,float32,native_horizon,48,,continuous_decoder,3037040.4238389083,3037040.4238389083,179.42675608548728,0.5223729521756169,0.44015698224724936,0.470987252196026,8.65417967163678,1742.710654078556,3.925580008136804,0.4041715616792674,0.3831862067887373,0.5223729521756169,0.7074620825156427,0.7383759003989683,-0.30330223392230937,0.3831862067887373,0.8671435291452065,0.4418947889358825,-0.8166834593207613,Web/CloudOps,2
bitbrains_rnd/5T/short|H=48|L=2048|Hsrc=controlled|Lsrc=controlled|origins=shared_origin_v1:Hmax=720,joint-scaling,release,standard_hl_shared_origin_v1,bitbrains_rnd/5T/short,Granite-FlowState-r1.1,flowstate,granite-timeseries-flowstate-r1.1,18.524928,18.524928,48,controlled,shared_origin_v1:Hmax=720,720,720,2048,controlled,7200,7920,2048,2048,16,16,100,[],merged,2,1000,92736,41168952.07374331,,100,,float32,native_horizon,48,,continuous_decoder,3027038.7097284226,3027038.7097284226,179.52144039935948,0.5127853359833735,0.3989916643369097,0.48275417572903734,8.275103499690713,1739.8387022159332,3.9191107317885714,0.4043848448475036,0.3839663556464634,0.5127853359833735,0.7074620825156427,0.7248237731130068,-0.32182672524241046,0.3839663556464634,0.8671435291452065,0.4427944656693238,-0.8146495767141907,Web/CloudOps,2
bitbrains_rnd/5T/short|H=48|L=4096|Hsrc=controlled|Lsrc=controlled|origins=shared_origin_v1:Hmax=720,joint-scaling,release,standard_hl_shared_origin_v1,bitbrains_rnd/5T/short,Granite-FlowState-r1.1,flowstate,granite-timeseries-flowstate-r1.1,18.524928,18.524928,48,controlled,shared_origin_v1:Hmax=720,720,720,4096,controlled,7200,7920,4096,4096,16,16,100,[],merged,2,1000,92736,41168952.07374331,,100,,float32,native_horizon,48,,continuous_decoder,3014907.6996635613,3014907.6996635613,179.2168162512401,0.5114522309469878,0.35206447638548516,0.4779488927095754,8.27184056600294,1736.3489567663412,3.911249831335393,0.4036986572333667,0.3806791030321632,0.5114522309469878,0.7074620825156427,0.7229394247227081,-0.32442984356615234,0.3806791030321632,0.8671435291452065,0.43900356773396043,-0.8232477389833596,Web/CloudOps,2
bitbrains_rnd/5T/short|H=96|L=128|Hsrc=controlled|Lsrc=controlled|origins=shared_origin_v1:Hmax=720,joint-scaling,release,standard_hl_shared_origin_v1,bitbrains_rnd/5T/short,Granite-FlowState-r1.1,flowstate,granite-timeseries-flowstate-r1.1,18.524928,18.524928,96,controlled,shared_origin_v1:Hmax=720,720,720,128,controlled,7200,7920,128,128,16,16,100,[],merged,2,1000,185472,78410919.91535383,,100,,float32,native_horizon,96,,continuous_decoder,2612911.541190854,2612911.541190854,172.72495300840558,0.9070539020699053,0.6057670719635556,0.46116565168751517,18.742067744798142,1616.4502903556465,3.823526985482244,0.4085609825641393,0.37930790650502316,0.9070539020699053,0.7043199277369718,1.2878435869113225,0.2529691815744366,0.37930790650502316,0.8704516141640497,0.4357598978885194,-0.8306638802363779,Web/CloudOps,2
bitbrains_rnd/5T/short|H=96|L=256|Hsrc=controlled|Lsrc=controlled|origins=shared_origin_v1:Hmax=720,joint-scaling,release,standard_hl_shared_origin_v1,bitbrains_rnd/5T/short,Granite-FlowState-r1.1,flowstate,granite-timeseries-flowstate-r1.1,18.524928,18.524928,96,controlled,shared_origin_v1:Hmax=720,720,720,256,controlled,7200,7920,256,256,16,16,100,[],merged,2,1000,185472,78410919.91535383,,100,,float32,native_horizon,96,,continuous_decoder,2796458.3936524107,2796458.3936524107,184.48829354970022,0.6647091761055807,0.48394802525079356,0.5343354144940757,12.165279369443237,1672.2614609122613,3.955541881323933,0.4363858097595129,0.3987301628192959,0.6647091761055807,0.7043199277369718,0.9437602855300954,-0.057883079903356116,0.3987301628192959,0.8704516141640497,0.4580727479059499,-0.780727269258809,Web/CloudOps,2
bitbrains_rnd/5T/short|H=96|L=512|Hsrc=controlled|Lsrc=controlled|origins=shared_origin_v1:Hmax=720,joint-scaling,release,standard_hl_shared_origin_v1,bitbrains_rnd/5T/short,Granite-FlowState-r1.1,flowstate,granite-timeseries-flowstate-r1.1,18.524928,18.524928,96,controlled,shared_origin_v1:Hmax=720,720,720,512,controlled,7200,7920,512,512,16,16,100,[],merged,2,1000,185472,78410919.91535383,,100,,float32,native_horizon,96,,continuous_decoder,2723855.1840655194,2723855.1840655194,173.04187828890613,0.6277170082863724,0.42139924378389676,0.528474354144999,11.105747086982452,1650.4106107467678,3.9038562119519957,0.4093106328129625,0.37917084079768304,0.6277170082863724,0.7043199277369718,0.8912384607706191,-0.11514325457938974,0.37917084079768304,0.8704516141640497,0.43560243283806765,-0.8310253029112243,Web/CloudOps,2
bitbrains_rnd/5T/short|H=96|L=1024|Hsrc=controlled|Lsrc=controlled|origins=shared_origin_v1:Hmax=720,joint-scaling,release,standard_hl_shared_origin_v1,bitbrains_rnd/5T/short,Granite-FlowState-r1.1,flowstate,granite-timeseries-flowstate-r1.1,18.524928,18.524928,96,controlled,shared_origin_v1:Hmax=720,720,720,1024,controlled,7200,7920,1024,1024,16,16,100,[],merged,2,1000,185472,78410919.91535383,,100,,float32,native_horizon,96,,continuous_decoder,2696223.8802042897,2696223.8802042897,171.44053910007307,0.5649414390306071,0.5634838069898283,0.4765176420830387,9.82182348718837,1642.0182338221125,3.88400501093752,0.40552284939769495,0.3784701462842366,0.5649414390306071,0.7043199277369718,0.8021091222646541,-0.2205106176971763,0.3784701462842366,0.8704516141640497,0.4347974547071242,-0.8328749776916737,Web/CloudOps,2
bitbrains_rnd/5T/short|H=96|L=2048|Hsrc=controlled|Lsrc=controlled|origins=shared_origin_v1:Hmax=720,joint-scaling,release,standard_hl_shared_origin_v1,bitbrains_rnd/5T/short,Granite-FlowState-r1.1,flowstate,granite-timeseries-flowstate-r1.1,18.524928,18.524928,96,controlled,shared_origin_v1:Hmax=720,720,720,2048,controlled,7200,7920,2048,2048,16,16,100,[],merged,2,1000,185472,78410919.91535383,,100,,float32,native_horizon,96,,continuous_decoder,2683654.09461536,2683654.09461536,170.45350317365964,0.559637604739993,0.5398139179881807,0.5110250010275046,9.020395543310007,1638.1862209820224,3.874940825920376,0.4031881295966599,0.38079481594667003,0.559637604739993,0.7043199277369718,0.7945786888895037,-0.229943255883897,0.38079481594667003,0.8704516141640497,0.4374681024773234,-0.8267514844656917,Web/CloudOps,2
bitbrains_rnd/5T/short|H=96|L=4096|Hsrc=controlled|Lsrc=controlled|origins=shared_origin_v1:Hmax=720,joint-scaling,release,standard_hl_shared_origin_v1,bitbrains_rnd/5T/short,Granite-FlowState-r1.1,flowstate,granite-timeseries-flowstate-r1.1,18.524928,18.524928,96,controlled,shared_origin_v1:Hmax=720,720,720,4096,controlled,7200,7920,4096,4096,16,16,100,[],merged,2,1000,185472,78410919.91535383,,100,,float32,native_horizon,96,,continuous_decoder,2679045.5580181913,2679045.5580181913,171.65539917244922,0.5530877541953255,0.48841533964331857,0.5067855524966993,9.037712526463551,1636.779019299243,3.871612252415688,0.40603107615216705,0.38445972849076554,0.5530877541953255,0.7043199277369718,0.7852791500198416,-0.24171601929142691,0.38445972849076554,0.8704516141640497,0.4416784600485655,-0.8171731275896641,Web/CloudOps,2
bitbrains_rnd/5T/short|H=192|L=128|Hsrc=controlled|Lsrc=controlled|origins=shared_origin_v1:Hmax=720,joint-scaling,release,standard_hl_shared_origin_v1,bitbrains_rnd/5T/short,Granite-FlowState-r1.1,flowstate,granite-timeseries-flowstate-r1.1,18.524928,18.524928,192,controlled,shared_origin_v1:Hmax=720,720,720,128,controlled,7200,7920,128,128,16,16,100,[],merged,2,1000,371492,142552570.1272524,,100,,float32,native_horizon,192,,continuous_decoder,3386519.0354502923,3386519.0354502923,222.7087459361507,1.6877717709763427,0.9070959061395145,0.4897358672172428,46.50411724944687,1840.249720948299,4.7956908018162165,0.5803789954222354,0.5177762599612604,1.6877717709763427,1.4781188921497603,1.141837628853837,0.13263891973615227,0.5177762599612604,0.882401511928171,0.5867807941872706,-0.5331039629911511,Web/CloudOps,2
bitbrains_rnd/5T/short|H=192|L=256|Hsrc=controlled|Lsrc=controlled|origins=shared_origin_v1:Hmax=720,joint-scaling,release,standard_hl_shared_origin_v1,bitbrains_rnd/5T/short,Granite-FlowState-r1.1,flowstate,granite-timeseries-flowstate-r1.1,18.524928,18.524928,192,controlled,shared_origin_v1:Hmax=720,720,720,256,controlled,7200,7920,256,256,16,16,100,[],merged,2,1000,371492,142552570.1272524,,100,,float32,native_horizon,192,,continuous_decoder,3729982.5762654375,3729982.5762654375,237.29959681584663,1.50511961251929,0.9098576434568929,0.5829856273658701,42.33509535697455,1931.3162807436377,5.033010258079197,0.618402753044854,0.5504189975289111,1.50511961251929,1.4781188921497603,1.0182669476135713,0.01810211127094761,0.5504189975289111,0.882401511928171,0.6237738604121025,-0.47196737948234696,Web/CloudOps,2
bitbrains_rnd/5T/short|H=192|L=512|Hsrc=controlled|Lsrc=controlled|origins=shared_origin_v1:Hmax=720,joint-scaling,release,standard_hl_shared_origin_v1,bitbrains_rnd/5T/short,Granite-FlowState-r1.1,flowstate,granite-timeseries-flowstate-r1.1,18.524928,18.524928,192,controlled,shared_origin_v1:Hmax=720,720,720,512,controlled,7200,7920,512,512,16,16,100,[],merged,2,1000,371492,142552570.1272524,,100,,float32,native_horizon,192,,continuous_decoder,3989691.716521486,3989691.716521486,241.5889618122665,1.4016676186178905,1.150344742324865,0.5421249069943054,40.998401544873246,1997.421266663967,5.205279852430202,0.6295808382931772,0.5801504027391252,1.4016676186178905,1.4781188921497603,0.9482779944577531,-0.053107576615573505,0.5801504027391252,0.882401511928171,0.6574675982494809,-0.4193597963734543,Web/CloudOps,2
bitbrains_rnd/5T/short|H=192|L=1024|Hsrc=controlled|Lsrc=controlled|origins=shared_origin_v1:Hmax=720,joint-scaling,release,standard_hl_shared_origin_v1,bitbrains_rnd/5T/short,Granite-FlowState-r1.1,flowstate,granite-timeseries-flowstate-r1.1,18.524928,18.524928,192,controlled,shared_origin_v1:Hmax=720,720,720,1024,controlled,7200,7920,1024,1024,16,16,100,[],merged,2,1000,371492,142552570.1272524,,100,,float32,native_horizon,192,,continuous_decoder,3355291.6940230206,3355291.6940230206,216.78260843689097,1.348067811790373,0.8501615202955012,0.48696621371665316,39.751187571508446,1831.745532005748,4.7735288852977975,0.5649354810056957,0.503179187545382,1.348067811790373,1.4781188921497603,0.9120158188559228,-0.09209794382147514,0.503179187545382,0.882401511928171,0.5702383560584172,-0.5617008370380926,Web/CloudOps,2
bitbrains_rnd/5T/short|H=192|L=2048|Hsrc=controlled|Lsrc=controlled|origins=shared_origin_v1:Hmax=720,joint-scaling,release,standard_hl_shared_origin_v1,bitbrains_rnd/5T/short,Granite-FlowState-r1.1,flowstate,granite-timeseries-flowstate-r1.1,18.524928,18.524928,192,controlled,shared_origin_v1:Hmax=720,720,720,2048,controlled,7200,7920,2048,2048,16,16,100,[],merged,2,1000,371492,142552570.1272524,,100,,float32,native_horizon,192,,continuous_decoder,3686246.9185931324,3686246.9185931324,231.48720345929388,1.34600334929995,1.222578292210212,0.5585172611997862,39.278154844784986,1919.9601346364284,5.003416141144697,0.6032556558660027,0.5331894309363205,1.34600334929995,1.4781188921497603,0.9106191365583164,-0.09363054097357189,0.5331894309363205,0.882401511928171,0.6042480931058548,-0.5037704152068262,Web/CloudOps,2
bitbrains_rnd/5T/short|H=192|L=4096|Hsrc=controlled|Lsrc=controlled|origins=shared_origin_v1:Hmax=720,joint-scaling,release,standard_hl_shared_origin_v1,bitbrains_rnd/5T/short,Granite-FlowState-r1.1,flowstate,granite-timeseries-flowstate-r1.1,18.524928,18.524928,192,controlled,shared_origin_v1:Hmax=720,720,720,4096,controlled,7200,7920,4096,4096,16,16,100,[],merged,2,1000,371492,142552570.1272524,,100,,float32,native_horizon,192,,continuous_decoder,3312347.752835862,3312347.752835862,219.90514684703842,1.3355794029890815,1.0177777011128055,0.5435158810091137,38.90001040248355,1819.9856463268775,4.742882623033181,0.5730728161517895,0.5017859304983743,1.3355794029890815,1.4781188921497603,0.9035669661502189,-0.10140505310190359,0.5017859304983743,0.882401511928171,0.5686594183206936,-0.5644735858920009,Web/CloudOps,2
bitbrains_rnd/5T/short|H=336|L=128|Hsrc=controlled|Lsrc=controlled|origins=shared_origin_v1:Hmax=720,joint-scaling,release,standard_hl_shared_origin_v1,bitbrains_rnd/5T/short,Granite-FlowState-r1.1,flowstate,granite-timeseries-flowstate-r1.1,18.524928,18.524928,336,controlled,shared_origin_v1:Hmax=720,720,720,128,controlled,7200,7920,128,128,16,16,100,[],merged,2,1000,651232,199613313.8158857,,100,,float32,native_horizon,336,,continuous_decoder,3730658.196361665,3730658.196361665,238.0547976278039,1.4635991299713953,3.081923104144887,0.5659684670285889,37.04218781434258,1931.4911846450827,6.3014277109740755,0.7766461014305972,0.6955112361426011,1.4635991299713953,1.2395395786277248,1.1807603042346768,0.16615855661154894,0.6955112361426011,1.0477434277744575,0.663818276216685,-0.40974684735957606,Web/CloudOps,2
bitbrains_rnd/5T/short|H=336|L=256|Hsrc=controlled|Lsrc=controlled|origins=shared_origin_v1:Hmax=720,joint-scaling,release,standard_hl_shared_origin_v1,bitbrains_rnd/5T/short,Granite-FlowState-r1.1,flowstate,granite-timeseries-flowstate-r1.1,18.524928,18.524928,336,controlled,shared_origin_v1:Hmax=720,720,720,256,controlled,7200,7920,256,256,16,16,100,[],merged,2,1000,651232,199613313.8158857,,100,,float32,native_horizon,336,,continuous_decoder,3744293.729925741,3744293.729925741,240.23119744096573,1.2607816377905283,2.807757258068631,0.5945061105288703,32.775889715026494,1935.0177595892346,6.3129330480186185,0.7837465356452824,0.6777984191948587,1.2607816377905283,1.2395395786277248,1.017137055991645,0.016991872973306118,0.6777984191948587,1.0477434277744575,0.6469125944646489,-0.4355440871703331,Web/CloudOps,2
bitbrains_rnd/5T/short|H=336|L=512|Hsrc=controlled|Lsrc=controlled|origins=shared_origin_v1:Hmax=720,joint-scaling,release,standard_hl_shared_origin_v1,bitbrains_rnd/5T/short,Granite-FlowState-r1.1,flowstate,granite-timeseries-flowstate-r1.1,18.524928,18.524928,336,controlled,shared_origin_v1:Hmax=720,720,720,512,controlled,7200,7920,512,512,16,16,100,[],merged,2,1000,651232,199613313.8158857,,100,,float32,native_horizon,336,,continuous_decoder,4252543.611316703,4252543.611316703,253.30167518065758,1.2116483939854055,3.2049782625826864,0.547187609695303,31.247025690384692,2062.1696368913745,6.727761947836409,0.826388547827025,0.7599685308804655,1.2116483939854055,1.2395395786277248,0.977498754276812,-0.022758261520551548,0.7599685308804655,1.0477434277744575,0.7253383898525012,-0.3211169883947131,Web/CloudOps,2
bitbrains_rnd/5T/short|H=336|L=1024|Hsrc=controlled|Lsrc=controlled|origins=shared_origin_v1:Hmax=720,joint-scaling,release,standard_hl_shared_origin_v1,bitbrains_rnd/5T/short,Granite-FlowState-r1.1,flowstate,granite-timeseries-flowstate-r1.1,18.524928,18.524928,336,controlled,shared_origin_v1:Hmax=720,720,720,1024,controlled,7200,7920,1024,1024,16,16,100,[],merged,2,1000,651232,199613313.8158857,,100,,float32,native_horizon,336,,continuous_decoder,2566852.169547872,2566852.169547872,185.24493664028333,1.1159295139967607,1.3842385615315742,0.5180999594853881,29.48640543204136,1602.139872029865,5.226929673158502,0.6043556327580208,0.5358203948776099,1.1159295139967607,1.2395395786277248,0.9002774362656407,-0.1050523006435755,0.5358203948776099,1.0477434277744575,0.5114042051456832,-0.6705949933475885,Web/CloudOps,2
bitbrains_rnd/5T/short|H=336|L=2048|Hsrc=controlled|Lsrc=controlled|origins=shared_origin_v1:Hmax=720,joint-scaling,release,standard_hl_shared_origin_v1,bitbrains_rnd/5T/short,Granite-FlowState-r1.1,flowstate,granite-timeseries-flowstate-r1.1,18.524928,18.524928,336,controlled,shared_origin_v1:Hmax=720,720,720,2048,controlled,7200,7920,2048,2048,16,16,100,[],merged,2,1000,651232,199613313.8158857,,100,,float32,native_horizon,336,,continuous_decoder,2791598.3627416957,2791598.3627416957,201.4359174946486,1.1124445116658157,2.0663088569955805,0.6000525905106382,28.857625821131826,1670.8076977144005,5.450956240331461,0.6571781857339982,0.5789935684556317,1.1124445116658157,1.2395395786277248,0.8974659065726533,-0.10818014644691021,0.5789935684556317,1.0477434277744575,0.552610069514336,-0.5931026445916384,Web/CloudOps,2
bitbrains_rnd/5T/short|H=336|L=4096|Hsrc=controlled|Lsrc=controlled|origins=shared_origin_v1:Hmax=720,joint-scaling,release,standard_hl_shared_origin_v1,bitbrains_rnd/5T/short,Granite-FlowState-r1.1,flowstate,granite-timeseries-flowstate-r1.1,18.524928,18.524928,336,controlled,shared_origin_v1:Hmax=720,720,720,4096,controlled,7200,7920,4096,4096,16,16,100,[],merged,2,1000,651232,199613313.8158857,,100,,float32,native_horizon,336,,continuous_decoder,2519694.044150165,2519694.044150165,196.38805523127704,1.1037522288708288,1.909376643341817,0.5803728916362375,28.440313187198008,1587.3544166789484,5.178692601817814,0.640709697862833,0.5568354421122622,1.1037522288708288,1.2395395786277248,0.8904533972951278,-0.1160245108109258,0.5568354421122622,1.0477434277744575,0.5314616416111076,-0.6321242538682862,Web/CloudOps,2
bitbrains_rnd/5T/short|H=720|L=128|Hsrc=controlled|Lsrc=controlled|origins=shared_origin_v1:Hmax=720,joint-scaling,release,standard_hl_shared_origin_v1,bitbrains_rnd/5T/short,Granite-FlowState-r1.1,flowstate,granite-timeseries-flowstate-r1.1,18.524928,18.524928,720,controlled,shared_origin_v1:Hmax=720,720,720,128,controlled,7200,7920,128,128,16,16,100,[],merged,2,1000,1403896,366478349.169548,,100,,float32,native_horizon,720,,continuous_decoder,3934863.0454050726,3934863.0454050726,257.02367195914087,3.807414155891091,4.51984814498074,0.615874011079006,109.98769735159762,1983.648921912613,7.5989121681757235,0.9845997881905246,0.850009995922645,3.807414155891091,3.5012579045235244,1.0874417879848328,0.08382795425820318,0.850009995922645,1.1752204699604023,0.7232770511147454,-0.3239629336618443,Web/CloudOps,2
bitbrains_rnd/5T/short|H=720|L=256|Hsrc=controlled|Lsrc=controlled|origins=shared_origin_v1:Hmax=720,joint-scaling,release,standard_hl_shared_origin_v1,bitbrains_rnd/5T/short,Granite-FlowState-r1.1,flowstate,granite-timeseries-flowstate-r1.1,18.524928,18.524928,720,controlled,shared_origin_v1:Hmax=720,720,720,256,controlled,7200,7920,256,256,16,16,100,[],merged,2,1000,1403896,366478349.169548,,100,,float32,native_horizon,720,,continuous_decoder,3119083.6806900227,3119083.6806900227,222.99689124051923,3.572057659273117,3.1158424183619164,0.6375805345904908,108.51463926614446,1766.092772390517,6.765503567690652,0.8542508563859621,0.7285973693262864,3.572057659273117,3.5012579045235244,1.0202212338194572,0.020019499679092938,0.7285973693262864,1.1752204699604023,0.619966540704346,-0.47808976900514305,Web/CloudOps,2
bitbrains_rnd/5T/short|H=720|L=512|Hsrc=controlled|Lsrc=controlled|origins=shared_origin_v1:Hmax=720,joint-scaling,release,standard_hl_shared_origin_v1,bitbrains_rnd/5T/short,Granite-FlowState-r1.1,flowstate,granite-timeseries-flowstate-r1.1,18.524928,18.524928,720,controlled,shared_origin_v1:Hmax=720,720,720,512,controlled,7200,7920,512,512,16,16,100,[],merged,2,1000,1403896,366478349.169548,,100,,float32,native_horizon,720,,continuous_decoder,4823559.351006057,4823559.351006057,275.71878485835134,3.5105053691749237,4.798830000014616,0.5873980101552326,120.88320066589651,2196.2603103926585,8.413378503002752,1.056216554305697,0.9409381571027733,3.5105053691749237,3.5012579045235244,1.0026411835127746,0.002637701716960907,0.9409381571027733,1.1752204699604023,0.8006482027448664,-0.22233362596123243,Web/CloudOps,2
bitbrains_rnd/5T/short|H=720|L=1024|Hsrc=controlled|Lsrc=controlled|origins=shared_origin_v1:Hmax=720,joint-scaling,release,standard_hl_shared_origin_v1,bitbrains_rnd/5T/short,Granite-FlowState-r1.1,flowstate,granite-timeseries-flowstate-r1.1,18.524928,18.524928,720,controlled,shared_origin_v1:Hmax=720,720,720,1024,controlled,7200,7920,1024,1024,16,16,100,[],merged,2,1000,1403896,366478349.169548,,100,,float32,native_horizon,720,,continuous_decoder,2600436.197728322,2600436.197728322,197.33805266291094,3.4248601671392085,2.449327958049682,0.5946797812466827,119.36429573113935,1612.5868031607854,6.177456779480412,0.7559576258980553,0.6358892176529528,3.4248601671392085,3.5012579045235244,0.9781799171990123,-0.0220616614505299,0.6358892176529528,1.1752204699604023,0.5410807877388133,-0.6141866808983513,Web/CloudOps,2
bitbrains_rnd/5T/short|H=720|L=2048|Hsrc=controlled|Lsrc=controlled|origins=shared_origin_v1:Hmax=720,joint-scaling,release,standard_hl_shared_origin_v1,bitbrains_rnd/5T/short,Granite-FlowState-r1.1,flowstate,granite-timeseries-flowstate-r1.1,18.524928,18.524928,720,controlled,shared_origin_v1:Hmax=720,720,720,2048,controlled,7200,7920,2048,2048,16,16,100,[],merged,2,1000,1403896,366478349.169548,,100,,float32,native_horizon,720,,continuous_decoder,2418884.1296556154,2418884.1296556154,192.69638371538917,3.4109607155929966,2.7093301281902025,0.6649791046327767,118.28703297789994,1555.2762229442123,5.957912856882947,0.7381764377773479,0.6347950051699301,3.4109607155929966,3.5012579045235244,0.9742100720961269,-0.02612831882498902,0.6347950051699301,1.1752204699604023,0.5401497177728013,-0.6159089227171018,Web/CloudOps,2
bitbrains_rnd/5T/short|H=720|L=4096|Hsrc=controlled|Lsrc=controlled|origins=shared_origin_v1:Hmax=720,joint-scaling,release,standard_hl_shared_origin_v1,bitbrains_rnd/5T/short,Granite-FlowState-r1.1,flowstate,granite-timeseries-flowstate-r1.1,18.524928,18.524928,720,controlled,shared_origin_v1:Hmax=720,720,720,4096,controlled,7200,7920,4096,4096,16,16,100,[],merged,2,1000,1403896,366478349.169548,,100,,float32,native_horizon,720,,continuous_decoder,2221593.319772262,2221593.319772262,190.7566262921185,3.3955540287853387,2.5614080468352274,0.6392079645483736,117.99371833853048,1490.5010297790009,5.709773683614089,0.7307456640531405,0.6257295362891326,3.3955540287853387,3.5012579045235244,0.9698097430635946,-0.030655367894455762,0.6257295362891326,1.1752204699604023,0.5324358724880072,-0.6302928159030694,Web/CloudOps,2
bizitobs_l2c/5T/short|H=48|L=128|Hsrc=controlled|Lsrc=controlled|origins=shared_origin_v1:Hmax=720,joint-scaling,release,standard_hl_shared_origin_v1,bizitobs_l2c/5T/short,Granite-FlowState-r1.1,flowstate,granite-timeseries-flowstate-r1.1,18.524928,18.524928,48,controlled,shared_origin_v1:Hmax=720,720,720,128,controlled,28368,31248,128,128,16,16,100,[],merged,2,7,1680,27004.650024414062,,100,,float32,native_horizon,48,,continuous_decoder,11.274191429501489,11.274191429501489,1.7794864472888765,0.17483810019305623,0.18345011857451585,0.5988518926451787,2.3832869379919996,3.3577062750487108,0.20888797066364606,0.11070453528346286,0.0930359123989306,0.17483810019305623,0.6625521029117435,0.26388581279070494,-1.332238796710674,0.0930359123989306,0.3954327593876954,0.23527618840429732,-1.4469951851213747,Web/CloudOps,7
bizitobs_l2c/5T/short|H=48|L=256|Hsrc=controlled|Lsrc=controlled|origins=shared_origin_v1:Hmax=720,joint-scaling,release,standard_hl_shared_origin_v1,bizitobs_l2c/5T/short,Granite-FlowState-r1.1,flowstate,granite-timeseries-flowstate-r1.1,18.524928,18.524928,48,controlled,shared_origin_v1:Hmax=720,720,720,256,controlled,28368,31248,256,256,16,16,100,[],merged,2,7,1680,27004.650024414062,,100,,float32,native_horizon,48,,continuous_decoder,10.498901948474703,10.498901948474703,1.7551192510695683,0.17188817742547366,0.17868862538951624,0.3111001649076595,2.364822257283157,3.240200911745243,0.20157778481893582,0.10918861526185814,0.09129601049500356,0.17188817742547366,0.6625521029117435,0.2594334493394104,-1.349255066533223,0.09129601049500356,0.3954327593876954,0.2308761940623486,-1.465873668576384,Web/CloudOps,7
bizitobs_l2c/5T/short|H=48|L=512|Hsrc=controlled|Lsrc=controlled|origins=shared_origin_v1:Hmax=720,joint-scaling,release,standard_hl_shared_origin_v1,bizitobs_l2c/5T/short,Granite-FlowState-r1.1,flowstate,granite-timeseries-flowstate-r1.1,18.524928,18.524928,48,controlled,shared_origin_v1:Hmax=720,720,720,512,controlled,28368,31248,512,512,16,16,100,[],merged,2,7,1680,27004.650024414062,,100,,float32,native_horizon,48,,continuous_decoder,10.37235863095238,10.37235863095238,1.7725482759021578,0.17165675687536266,0.17224642502988247,0.46532280176614416,2.0202578677700607,3.220614635586254,0.2003592930437285,0.11027290117899752,0.09023376675620973,0.17165675687536266,0.6625521029117435,0.2590841627714651,-1.3506023172827413,0.09023376675620973,0.3954327593876954,0.22818991247951095,-1.4775770472660537,Web/CloudOps,7
bizitobs_l2c/5T/short|H=48|L=1024|Hsrc=controlled|Lsrc=controlled|origins=shared_origin_v1:Hmax=720,joint-scaling,release,standard_hl_shared_origin_v1,bizitobs_l2c/5T/short,Granite-FlowState-r1.1,flowstate,granite-timeseries-flowstate-r1.1,18.524928,18.524928,48,controlled,shared_origin_v1:Hmax=720,720,720,1024,controlled,28368,31248,1024,1024,16,16,100,[],merged,2,7,1680,27004.650024414062,,100,,float32,native_horizon,48,,continuous_decoder,8.984109642392113,8.984109642392113,1.6714149838402157,0.15937937122616638,0.1663666049008647,0.6534144926456772,1.9377699208864183,2.997350437034701,0.18646969057794915,0.10398124657468094,0.08663966570049512,0.15937937122616638,0.6625521029117435,0.24055371724840305,-1.4248118578344635,0.08663966570049512,0.3954327593876954,0.21910088034853664,-1.5182230143671698,Web/CloudOps,7
bizitobs_l2c/5T/short|H=48|L=2048|Hsrc=controlled|Lsrc=controlled|origins=shared_origin_v1:Hmax=720,joint-scaling,release,standard_hl_shared_origin_v1,bizitobs_l2c/5T/short,Granite-FlowState-r1.1,flowstate,granite-timeseries-flowstate-r1.1,18.524928,18.524928,48,controlled,shared_origin_v1:Hmax=720,720,720,2048,controlled,28368,31248,2048,2048,16,16,100,[],merged,2,7,1680,27004.650024414062,,100,,float32,native_horizon,48,,continuous_decoder,5.7659121558779765,5.7659121558779765,1.374042692638579,0.1326867681873412,0.13967570636217766,0.47315762971016057,1.3489418081290572,2.4012313832444336,0.1493842253168833,0.08548126791296563,0.06661404525863938,0.1326867681873412,0.6625521029117435,0.20026616413142076,-1.6081079765339257,0.06661404525863938,0.3954327593876954,0.16845859043592482,-1.7810653134816723,Web/CloudOps,7
bizitobs_l2c/5T/short|H=48|L=4096|Hsrc=controlled|Lsrc=controlled|origins=shared_origin_v1:Hmax=720,joint-scaling,release,standard_hl_shared_origin_v1,bizitobs_l2c/5T/short,Granite-FlowState-r1.1,flowstate,granite-timeseries-flowstate-r1.1,18.524928,18.524928,48,controlled,shared_origin_v1:Hmax=720,720,720,4096,controlled,28368,31248,4096,4096,16,16,100,[],merged,2,7,1680,27004.650024414062,,100,,float32,native_horizon,48,,continuous_decoder,5.586782546270461,5.586782546270461,1.3325319562639508,0.13036849046205654,0.12102651385823676,0.6106941947901608,1.3337025348764824,2.363637566605858,0.14704545729375734,0.08289882240649446,0.06555848615484607,0.13036849046205654,0.6625521029117435,0.1967671521818753,-1.6257342179398915,0.06555848615484607,0.3954327593876954,0.16578921345909622,-1.7970380959419312,Web/CloudOps,7
bizitobs_l2c/5T/short|H=96|L=128|Hsrc=controlled|Lsrc=controlled|origins=shared_origin_v1:Hmax=720,joint-scaling,release,standard_hl_shared_origin_v1,bizitobs_l2c/5T/short,Granite-FlowState-r1.1,flowstate,granite-timeseries-flowstate-r1.1,18.524928,18.524928,96,controlled,shared_origin_v1:Hmax=720,720,720,128,controlled,28368,31248,128,128,16,16,100,[],merged,2,7,3360,51878.349986076355,,100,,float32,native_horizon,96,,continuous_decoder,38.6829113188244,38.6829113188244,3.3390372140066966,0.33431709524122905,0.3572606080521083,0.6306403154916367,5.532689790576683,6.2195587720371615,0.40282155233644873,0.21625909540441465,0.18937502602035708,0.33431709524122905,0.6910206422486538,0.4838018936067179,-0.7260797667859289,0.18937502602035708,0.4076755597141003,0.4645238634201283,-0.7667423476234763,Web/CloudOps,7
bizitobs_l2c/5T/short|H=96|L=256|Hsrc=controlled|Lsrc=controlled|origins=shared_origin_v1:Hmax=720,joint-scaling,release,standard_hl_shared_origin_v1,bizitobs_l2c/5T/short,Granite-FlowState-r1.1,flowstate,granite-timeseries-flowstate-r1.1,18.524928,18.524928,96,controlled,shared_origin_v1:Hmax=720,720,720,256,controlled,28368,31248,256,256,16,16,100,[],merged,2,7,3360,51878.349986076355,,100,,float32,native_horizon,96,,continuous_decoder,36.748681640625,36.748681640625,3.274136497860863,0.33283793599490025,0.35265476799341683,0.519737826090116,5.667576727564773,6.06206908906728,0.39262143350227563,0.21205567709391468,0.18584218562609753,0.33283793599490025,0.6910206422486538,0.481661350827105,-0.7305140035097258,0.18584218562609753,0.4076755597141003,0.45585804985814504,-0.7855738121005734,Web/CloudOps,7
bizitobs_l2c/5T/short|H=96|L=512|Hsrc=controlled|Lsrc=controlled|origins=shared_origin_v1:Hmax=720,joint-scaling,release,standard_hl_shared_origin_v1,bizitobs_l2c/5T/short,Granite-FlowState-r1.1,flowstate,granite-timeseries-flowstate-r1.1,18.524928,18.524928,96,controlled,shared_origin_v1:Hmax=720,720,720,512,controlled,28368,31248,512,512,16,16,100,[],merged,2,7,3360,51878.349986076355,,100,,float32,native_horizon,96,,continuous_decoder,32.96944056919643,32.96944056919643,3.2213835216703868,0.3203962873151102,0.3312081672894646,0.6122161565342323,4.482301550163137,5.741902173426192,0.37188521431175053,0.20863903026440733,0.1748553058629099,0.3203962873151102,0.6910206422486538,0.4636566083937913,-0.7686110688583067,0.1748553058629099,0.4076755597141003,0.4289079923886891,-0.8465128530125258,Web/CloudOps,7
bizitobs_l2c/5T/short|H=96|L=1024|Hsrc=controlled|Lsrc=controlled|origins=shared_origin_v1:Hmax=720,joint-scaling,release,standard_hl_shared_origin_v1,bizitobs_l2c/5T/short,Granite-FlowState-r1.1,flowstate,granite-timeseries-flowstate-r1.1,18.524928,18.524928,96,controlled,shared_origin_v1:Hmax=720,720,720,1024,controlled,28368,31248,1024,1024,16,16,100,[],merged,2,7,3360,51878.349986076355,,100,,float32,native_horizon,96,,continuous_decoder,30.908879743303572,30.908879743303572,3.161575898670015,0.3056477249148332,0.31023496134153045,0.7427534615515913,4.292907993267801,5.559575500279097,0.3600764805733286,0.2047654758176066,0.1721204843550583,0.3056477249148332,0.6910206422486538,0.44231345089811414,-0.8157364833152063,0.1721204843550583,0.4076755597141003,0.4221996640558121,-0.8622769392673995,Web/CloudOps,7
bizitobs_l2c/5T/short|H=96|L=2048|Hsrc=controlled|Lsrc=controlled|origins=shared_origin_v1:Hmax=720,joint-scaling,release,standard_hl_shared_origin_v1,bizitobs_l2c/5T/short,Granite-FlowState-r1.1,flowstate,granite-timeseries-flowstate-r1.1,18.524928,18.524928,96,controlled,shared_origin_v1:Hmax=720,720,720,2048,controlled,28368,31248,2048,2048,16,16,100,[],merged,2,7,3360,51878.349986076355,,100,,float32,native_horizon,96,,continuous_decoder,19.205367606026787,19.205367606026787,2.5863544282459077,0.25823113123301056,0.24768415171803748,0.5407172572840605,2.6499985763340788,4.382392908677494,0.28383401124184526,0.16751016331935387,0.12840764630247356,0.25823113123301056,0.6910206422486538,0.37369524938169624,-0.9843146549565802,0.12840764630247356,0.4076755597141003,0.3149750904678339,-1.1552617211632168,Web/CloudOps,7
bizitobs_l2c/5T/short|H=96|L=4096|Hsrc=controlled|Lsrc=controlled|origins=shared_origin_v1:Hmax=720,joint-scaling,release,standard_hl_shared_origin_v1,bizitobs_l2c/5T/short,Granite-FlowState-r1.1,flowstate,granite-timeseries-flowstate-r1.1,18.524928,18.524928,96,controlled,shared_origin_v1:Hmax=720,720,720,4096,controlled,28368,31248,4096,4096,16,16,100,[],merged,2,7,3360,51878.349986076355,,100,,float32,native_horizon,96,,continuous_decoder,11.9833984375,11.9833984375,2.0585343133835567,0.21983856030401308,0.21401381222988844,0.6074176009350706,2.338899619549766,3.4617045566454685,0.22420387914130863,0.1333248897627839,0.1044116251109451,0.21983856030401308,0.6910206422486538,0.3181360249798549,-1.145276236152579,0.1044116251109451,0.4076755597141003,0.2561145072914554,-1.3621306404015157,Web/CloudOps,7
bizitobs_l2c/5T/short|H=192|L=128|Hsrc=controlled|Lsrc=controlled|origins=shared_origin_v1:Hmax=720,joint-scaling,release,standard_hl_shared_origin_v1,bizitobs_l2c/5T/short,Granite-FlowState-r1.1,flowstate,granite-timeseries-flowstate-r1.1,18.524928,18.524928,192,controlled,shared_origin_v1:Hmax=720,720,720,128,controlled,28368,31248,128,128,16,16,100,[],merged,2,7,6720,96848.35990285873,,100,,float32,native_horizon,192,,continuous_decoder,134.4230654761905,134.4230654761905,6.3994719005766365,0.6143367998161486,0.8782438464780256,0.8403194993902556,11.737643716067115,11.594096147444633,0.8044774964591646,0.44403902363457176,0.3963213993558685,0.6143367998161486,0.7391127356907388,0.8311814560224285,-0.18490714933238356,0.3963213993558685,0.4569876225288572,0.8672475573030256,-0.14243080973696456,Web/CloudOps,7
bizitobs_l2c/5T/short|H=192|L=256|Hsrc=controlled|Lsrc=controlled|origins=shared_origin_v1:Hmax=720,joint-scaling,release,standard_hl_shared_origin_v1,bizitobs_l2c/5T/short,Granite-FlowState-r1.1,flowstate,granite-timeseries-flowstate-r1.1,18.524928,18.524928,192,controlled,shared_origin_v1:Hmax=720,720,720,256,controlled,28368,31248,256,256,16,16,100,[],merged,2,7,6720,96848.35990285873,,100,,float32,native_horizon,192,,continuous_decoder,130.57936197916666,130.57936197916666,6.31065906343006,0.6140996200527119,0.8593880561472393,0.810016487263912,11.779420495383437,11.427132710315684,0.7928924340106943,0.43787658302924165,0.39029088718313626,0.6140996200527119,0.7391127356907388,0.8308605580700815,-0.18529329836305014,0.39029088718313626,0.4569876225288572,0.8540513308070848,-0.15776398066839928,Web/CloudOps,7
bizitobs_l2c/5T/short|H=192|L=512|Hsrc=controlled|Lsrc=controlled|origins=shared_origin_v1:Hmax=720,joint-scaling,release,standard_hl_shared_origin_v1,bizitobs_l2c/5T/short,Granite-FlowState-r1.1,flowstate,granite-timeseries-flowstate-r1.1,18.524928,18.524928,192,controlled,shared_origin_v1:Hmax=720,720,720,512,controlled,28368,31248,512,512,16,16,100,[],merged,2,7,6720,96848.35990285873,,100,,float32,native_horizon,192,,continuous_decoder,105.33851841517857,105.33851841517857,5.981587727864583,0.5721564377109342,0.7858405029929122,0.8445528320525295,9.444746072595152,10.263455481229437,0.7121485681640952,0.4150433685358001,0.35944392410442255,0.5721564377109342,0.7391127356907388,0.7741125407292903,-0.25603801450314617,0.35944392410442255,0.4569876225288572,0.7865506774895744,-0.24009812437069192,Web/CloudOps,7
bizitobs_l2c/5T/short|H=192|L=1024|Hsrc=controlled|Lsrc=controlled|origins=shared_origin_v1:Hmax=720,joint-scaling,release,standard_hl_shared_origin_v1,bizitobs_l2c/5T/short,Granite-FlowState-r1.1,flowstate,granite-timeseries-flowstate-r1.1,18.524928,18.524928,192,controlled,shared_origin_v1:Hmax=720,720,720,1024,controlled,28368,31248,1024,1024,16,16,100,[],merged,2,7,6720,96848.35990285873,,100,,float32,native_horizon,192,,continuous_decoder,100.52613932291666,100.52613932291666,5.974984450567336,0.553912808263528,0.716926907840875,0.9351942085627343,8.318899862665571,10.026272454053732,0.6956911914545729,0.4145851881031938,0.35456964316852113,0.553912808263528,0.7391127356907388,0.7494293921831398,-0.2884431724373885,0.35456964316852113,0.4569876225288572,0.7758845659898179,-0.253751525031826,Web/CloudOps,7
bizitobs_l2c/5T/short|H=192|L=2048|Hsrc=controlled|Lsrc=controlled|origins=shared_origin_v1:Hmax=720,joint-scaling,release,standard_hl_shared_origin_v1,bizitobs_l2c/5T/short,Granite-FlowState-r1.1,flowstate,granite-timeseries-flowstate-r1.1,18.524928,18.524928,192,controlled,shared_origin_v1:Hmax=720,720,720,2048,controlled,28368,31248,2048,2048,16,16,100,[],merged,2,7,6720,96848.35990285873,,100,,float32,native_horizon,192,,continuous_decoder,46.15012904575893,46.15012904575893,4.109520757765997,0.39921296816565294,0.5074392849744399,0.6672070193591065,3.423849376908346,6.7933886276113284,0.47137165382395496,0.2851465891615202,0.21834923031274547,0.39921296816565294,0.7391127356907388,0.5401245965442172,-0.6159554316977482,0.21834923031274547,0.4569876225288572,0.4778011909916826,-0.7385605514361829,Web/CloudOps,7
bizitobs_l2c/5T/short|H=192|L=4096|Hsrc=controlled|Lsrc=controlled|origins=shared_origin_v1:Hmax=720,joint-scaling,release,standard_hl_shared_origin_v1,bizitobs_l2c/5T/short,Granite-FlowState-r1.1,flowstate,granite-timeseries-flowstate-r1.1,18.524928,18.524928,192,controlled,shared_origin_v1:Hmax=720,720,720,4096,controlled,28368,31248,4096,4096,16,16,100,[],merged,2,7,6720,96848.35990285873,,100,,float32,native_horizon,192,,continuous_decoder,31.639439174107142,31.639439174107142,3.42372552780878,0.3569335791297529,0.4430654378119025,0.6861599408533052,2.9364403449527328,5.624894592266342,0.39029356509437463,0.2375614369716949,0.1852318155249483,0.3569335791297529,0.7391127356907388,0.48292170043069294,-0.7279007493804965,0.1852318155249483,0.4569876225288572,0.40533223744643443,-0.9030482087961255,Web/CloudOps,7
bizitobs_l2c/5T/short|H=336|L=128|Hsrc=controlled|Lsrc=controlled|origins=shared_origin_v1:Hmax=720,joint-scaling,release,standard_hl_shared_origin_v1,bizitobs_l2c/5T/short,Granite-FlowState-r1.1,flowstate,granite-timeseries-flowstate-r1.1,18.524928,18.524928,336,controlled,shared_origin_v1:Hmax=720,720,720,128,controlled,28368,31248,128,128,16,16,100,[],merged,2,7,11760,177970.49996738136,,100,,float32,native_horizon,336,,continuous_decoder,221.21997236394557,221.21997236394557,9.019876368516156,0.83723716168615,1.3602537859645178,1.036312389725901,18.966549392402374,14.873465378449824,0.9828143028346159,0.5960187003643375,0.5479874325715463,0.83723716168615,0.9677479555394671,0.8651396852803844,-0.144864299214421,0.5479874325715463,0.5559218172835492,0.9857275169541404,-0.014375314545233192,Web/CloudOps,7
bizitobs_l2c/5T/short|H=336|L=256|Hsrc=controlled|Lsrc=controlled|origins=shared_origin_v1:Hmax=720,joint-scaling,release,standard_hl_shared_origin_v1,bizitobs_l2c/5T/short,Granite-FlowState-r1.1,flowstate,granite-timeseries-flowstate-r1.1,18.524928,18.524928,336,controlled,shared_origin_v1:Hmax=720,720,720,256,controlled,28368,31248,256,256,16,16,100,[],merged,2,7,11760,177970.49996738136,,100,,float32,native_horizon,336,,continuous_decoder,222.7183886054422,222.7183886054422,9.046465773809524,0.8494515115233742,1.3601201894589987,1.0152888892805976,18.648970561279185,14.923752497459953,0.986137193536544,0.5977756848438288,0.5438989391685801,0.8494515115233742,0.9677479555394671,0.8777611015978338,-0.13038081622339426,0.5438989391685801,0.5559218172835492,0.9783730773983336,-0.021864211955952267,Web/CloudOps,7
bizitobs_l2c/5T/short|H=336|L=512|Hsrc=controlled|Lsrc=controlled|origins=shared_origin_v1:Hmax=720,joint-scaling,release,standard_hl_shared_origin_v1,bizitobs_l2c/5T/short,Granite-FlowState-r1.1,flowstate,granite-timeseries-flowstate-r1.1,18.524928,18.524928,336,controlled,shared_origin_v1:Hmax=720,720,720,512,controlled,28368,31248,512,512,16,16,100,[],merged,2,7,11760,177970.49996738136,,100,,float32,native_horizon,336,,continuous_decoder,203.82692389455784,203.82692389455784,8.899484481292516,0.8281282765052776,1.3016318785593286,1.0232578248134303,14.259847707133977,14.27679669584735,0.9433874106884954,0.588063401064681,0.5125798594216704,0.8281282765052776,0.9677479555394671,0.8557272291457758,-0.15580361116247873,0.5125798594216704,0.5559218172835492,0.9220358753436508,-0.08117114583150002,Web/CloudOps,7
bizitobs_l2c/5T/short|H=336|L=1024|Hsrc=controlled|Lsrc=controlled|origins=shared_origin_v1:Hmax=720,joint-scaling,release,standard_hl_shared_origin_v1,bizitobs_l2c/5T/short,Granite-FlowState-r1.1,flowstate,granite-timeseries-flowstate-r1.1,18.524928,18.524928,336,controlled,shared_origin_v1:Hmax=720,720,720,1024,controlled,28368,31248,1024,1024,16,16,100,[],merged,2,7,11760,177970.49996738136,,100,,float32,native_horizon,336,,continuous_decoder,235.9545121173469,235.9545121173469,9.70344919217687,0.8879536539803312,1.3113692698171484,1.1258252650527616,14.088476052273903,15.360810919913925,1.0150173003463847,0.6411880762312556,0.5499118308327695,0.8879536539803312,0.9677479555394671,0.9175464013099827,-0.08605212669735639,0.5499118308327695,0.5559218172835492,0.9891891516685803,-0.01086971016757474,Web/CloudOps,7
bizitobs_l2c/5T/short|H=336|L=2048|Hsrc=controlled|Lsrc=controlled|origins=shared_origin_v1:Hmax=720,joint-scaling,release,standard_hl_shared_origin_v1,bizitobs_l2c/5T/short,Granite-FlowState-r1.1,flowstate,granite-timeseries-flowstate-r1.1,18.524928,18.524928,336,controlled,shared_origin_v1:Hmax=720,720,720,2048,controlled,28368,31248,2048,2048,16,16,100,[],merged,2,7,11760,177970.49996738136,,100,,float32,native_horizon,336,,continuous_decoder,52.89437181122449,52.89437181122449,4.581628833173895,0.45086747996222454,0.6001042058064749,0.7065746162972663,3.3322169948456155,7.272851697320968,0.4805781631010218,0.302746551186855,0.22818219426823638,0.45086747996222454,0.9677479555394671,0.4658934977660483,-0.7637982165434289,0.22818219426823638,0.5559218172835492,0.41045734701189385,-0.8904832604530848,Web/CloudOps,7
bizitobs_l2c/5T/short|H=336|L=4096|Hsrc=controlled|Lsrc=controlled|origins=shared_origin_v1:Hmax=720,joint-scaling,release,standard_hl_shared_origin_v1,bizitobs_l2c/5T/short,Granite-FlowState-r1.1,flowstate,granite-timeseries-flowstate-r1.1,18.524928,18.524928,336,controlled,shared_origin_v1:Hmax=720,720,720,4096,controlled,28368,31248,4096,4096,16,16,100,[],merged,2,7,11760,177970.49996738136,,100,,float32,native_horizon,336,,continuous_decoder,39.72072704081633,39.72072704081633,4.01543350738733,0.41133124255948433,0.4871009288181585,0.6777397890844402,2.7809795111324322,6.302438182228869,0.41645482277453677,0.26533328869408024,0.20376752780711702,0.41133124255948433,0.9677479555394671,0.42503963992379545,-0.8555728439982039,0.20376752780711702,0.5559218172835492,0.36653990088535227,-1.0036478934985318,Web/CloudOps,7
bizitobs_l2c/5T/short|H=720|L=128|Hsrc=controlled|Lsrc=controlled|origins=shared_origin_v1:Hmax=720,joint-scaling,release,standard_hl_shared_origin_v1,bizitobs_l2c/5T/short,Granite-FlowState-r1.1,flowstate,granite-timeseries-flowstate-r1.1,18.524928,18.524928,720,controlled,shared_origin_v1:Hmax=720,720,720,128,controlled,28368,31248,128,128,16,16,100,[],merged,2,7,25200,448809.8099897355,,100,,float32,native_horizon,720,,continuous_decoder,375.8667857142857,375.8667857142857,13.64706783234127,1.2720460254229002,1.0183701200702724,1.238150788627963,31.771035497061764,19.387284124247152,1.088567025623174,0.7662624606687303,0.7132860061128847,1.2720460254229002,1.4542830442928587,0.8746894426190805,-0.13388637834554956,0.7132860061128847,0.648492126471023,1.0999146743607489,0.0952326080327572,Web/CloudOps,7
bizitobs_l2c/5T/short|H=720|L=256|Hsrc=controlled|Lsrc=controlled|origins=shared_origin_v1:Hmax=720,joint-scaling,release,standard_hl_shared_origin_v1,bizitobs_l2c/5T/short,Granite-FlowState-r1.1,flowstate,granite-timeseries-flowstate-r1.1,18.524928,18.524928,720,controlled,shared_origin_v1:Hmax=720,720,720,256,controlled,28368,31248,256,256,16,16,100,[],merged,2,7,25200,448809.8099897355,,100,,float32,native_horizon,720,,continuous_decoder,387.6736904761905,387.6736904761905,13.908874627976191,1.3054869735225272,1.0240843495181682,1.23375213033187,31.653857997439427,19.689430933274593,1.1055321173346624,0.7809625209239883,0.7204979235960842,1.3054869735225272,1.4542830442928587,0.8976842428616204,-0.10793689516220573,0.7204979235960842,0.648492126471023,1.1110357307141165,0.10529267099913438,Web/CloudOps,7
bizitobs_l2c/5T/short|H=720|L=512|Hsrc=controlled|Lsrc=controlled|origins=shared_origin_v1:Hmax=720,joint-scaling,release,standard_hl_shared_origin_v1,bizitobs_l2c/5T/short,Granite-FlowState-r1.1,flowstate,granite-timeseries-flowstate-r1.1,18.524928,18.524928,720,controlled,shared_origin_v1:Hmax=720,720,720,512,controlled,28368,31248,512,512,16,16,100,[],merged,2,7,25200,448809.8099897355,,100,,float32,native_horizon,720,,continuous_decoder,368.76094246031744,368.76094246031744,13.835252976190477,1.2974343832638866,1.0000410376486255,1.2397956511240442,21.181988682377156,19.203149284956293,1.0782281296212444,0.7768287752176669,0.670632867007014,1.2974343832638866,1.4542830442928587,0.8921470881170596,-0.11412426300392307,0.670632867007014,0.648492126471023,1.0341418802668845,0.033571981631428265,Web/CloudOps,7
bizitobs_l2c/5T/short|H=720|L=1024|Hsrc=controlled|Lsrc=controlled|origins=shared_origin_v1:Hmax=720,joint-scaling,release,standard_hl_shared_origin_v1,bizitobs_l2c/5T/short,Granite-FlowState-r1.1,flowstate,granite-timeseries-flowstate-r1.1,18.524928,18.524928,720,controlled,shared_origin_v1:Hmax=720,720,720,1024,controlled,28368,31248,1024,1024,16,16,100,[],merged,2,7,25200,448809.8099897355,,100,,float32,native_horizon,720,,continuous_decoder,487.6969246031746,487.6969246031746,15.535072544642857,1.401987723280723,1.012631133602074,1.3300620882542498,23.875387562208143,22.08386117967541,1.2399757967423843,0.8722711032852724,0.7575407156401152,1.401987723280723,1.4542830442928587,0.9640404794531836,-0.036621994119186534,0.7575407156401152,0.648492126471023,1.168157152134622,0.15542742341572083,Web/CloudOps,7
bizitobs_l2c/5T/short|H=720|L=2048|Hsrc=controlled|Lsrc=controlled|origins=shared_origin_v1:Hmax=720,joint-scaling,release,standard_hl_shared_origin_v1,bizitobs_l2c/5T/short,Granite-FlowState-r1.1,flowstate,granite-timeseries-flowstate-r1.1,18.524928,18.524928,720,controlled,shared_origin_v1:Hmax=720,720,720,2048,controlled,28368,31248,2048,2048,16,16,100,[],merged,2,7,25200,448809.8099897355,,100,,float32,native_horizon,720,,continuous_decoder,65.55390128968254,65.55390128968254,5.219664868551587,0.51545693916438,0.44550298567921554,0.6836124773133685,3.8044979708055577,8.096536376110624,0.45460841571768246,0.29307638059539803,0.22535980848244114,0.51545693916438,1.4542830442928587,0.3544405892561441,-1.0372145373054216,0.22535980848244114,0.648492126471023,0.3475135615120087,-1.0569515888049443,Web/CloudOps,7
bizitobs_l2c/5T/short|H=720|L=4096|Hsrc=controlled|Lsrc=controlled|origins=shared_origin_v1:Hmax=720,joint-scaling,release,standard_hl_shared_origin_v1,bizitobs_l2c/5T/short,Granite-FlowState-r1.1,flowstate,granite-timeseries-flowstate-r1.1,18.524928,18.524928,720,controlled,shared_origin_v1:Hmax=720,720,720,4096,controlled,28368,31248,4096,4096,16,16,100,[],merged,2,7,25200,448809.8099897355,,100,,float32,native_horizon,720,,continuous_decoder,55.44257192460317,55.44257192460317,4.76209480406746,0.47545178051137715,0.3829251203656766,0.6432618295813903,3.017630142993155,7.445976895250426,0.41808047325124675,0.2673845053993908,0.20537758902153957,0.47545178051137715,1.4542830442928587,0.3269320799532283,-1.1180028362239307,0.20537758902153957,0.648492126471023,0.3167002044252524,-1.1497996799522685,Web/CloudOps,7
bizitobs_l2c/H/short|H=48|L=128|Hsrc=controlled|Lsrc=controlled|origins=shared_origin_v1:Hmax=720,joint-scaling,release,standard_hl_shared_origin_v1,bizitobs_l2c/H/short,Granite-FlowState-r1.1,flowstate,granite-timeseries-flowstate-r1.1,18.524928,18.524928,48,controlled,shared_origin_v1:Hmax=720,720,720,128,controlled,1944,1944,128,128,16,16,100,[],merged,2,7,336,6586.944159589708,,100,,float32,native_horizon,48,,continuous_decoder,144.00870186941964,144.00870186941964,7.913111005510602,0.826892521126,0.9153605586959856,0.5798355511256627,8.880612018698887,12.000362572415037,0.6121384555023476,0.4036477664655314,0.33530748246662073,0.826892521126,1.0508646017568088,0.7868687552550747,-0.23969381034836099,0.33530748246662073,0.38759898490519035,0.8650886496739394,-0.14492329212931995,Web/CloudOps,7
bizitobs_l2c/H/short|H=48|L=256|Hsrc=controlled|Lsrc=controlled|origins=shared_origin_v1:Hmax=720,joint-scaling,release,standard_hl_shared_origin_v1,bizitobs_l2c/H/short,Granite-FlowState-r1.1,flowstate,granite-timeseries-flowstate-r1.1,18.524928,18.524928,48,controlled,shared_origin_v1:Hmax=720,720,720,256,controlled,1944,1944,256,256,16,16,100,[],merged,2,7,336,6586.944159589708,,100,,float32,native_horizon,48,,continuous_decoder,86.65815952845982,86.65815952845982,6.608767554873512,0.7233712990297864,1.1920227075965966,0.46532721746535527,7.584619513082773,9.309036444684264,0.4748539185443378,0.3371132113219273,0.2800375436276161,0.7233712990297864,1.0508646017568088,0.6883582317079409,-0.3734458909365082,0.2800375436276161,0.38759898490519035,0.7224929747845326,-0.325047582524439,Web/CloudOps,7
bizitobs_l2c/H/short|H=48|L=512|Hsrc=controlled|Lsrc=controlled|origins=shared_origin_v1:Hmax=720,joint-scaling,release,standard_hl_shared_origin_v1,bizitobs_l2c/H/short,Granite-FlowState-r1.1,flowstate,granite-timeseries-flowstate-r1.1,18.524928,18.524928,48,controlled,shared_origin_v1:Hmax=720,720,720,512,controlled,1944,1944,512,512,16,16,100,[],merged,2,7,336,6586.944159589708,,100,,float32,native_horizon,48,,continuous_decoder,70.30321103050595,70.30321103050595,6.013492039271763,0.6884155642761676,1.2310462984715094,0.4480004424140567,7.376888258368065,8.384701010203402,0.4277035710598504,0.30674820922137114,0.2540730504304509,0.6884155642761676,1.0508646017568088,0.6550944461591834,-0.42297586113219987,0.2540730504304509,0.38759898490519035,0.655504942802157,-0.4223494353000889,Web/CloudOps,7
bizitobs_l2c/H/short|H=48|L=1024|Hsrc=controlled|Lsrc=controlled|origins=shared_origin_v1:Hmax=720,joint-scaling,release,standard_hl_shared_origin_v1,bizitobs_l2c/H/short,Granite-FlowState-r1.1,flowstate,granite-timeseries-flowstate-r1.1,18.524928,18.524928,48,controlled,shared_origin_v1:Hmax=720,720,720,1024,controlled,1944,1944,1024,1024,16,16,100,[],merged,2,7,336,6586.944159589708,,100,,float32,native_horizon,48,,continuous_decoder,72.15188453311012,72.15188453311012,6.0277166820707775,0.6973820854404933,1.2704334830523851,0.4360645044417608,7.167895547211602,8.494226541193148,0.4332904680368011,0.307473808203945,0.2538286387270748,0.6973820854404933,1.0508646017568088,0.6636269641917975,-0.41003508829093566,0.2538286387270748,0.38759898490519035,0.654874364000626,-0.42331187243097457,Web/CloudOps,7
bizitobs_l2c/H/short|H=48|L=2048|Hsrc=controlled|Lsrc=controlled|origins=shared_origin_v1:Hmax=720,joint-scaling,release,standard_hl_shared_origin_v1,bizitobs_l2c/H/short,Granite-FlowState-r1.1,flowstate,granite-timeseries-flowstate-r1.1,18.524928,18.524928,48,controlled,shared_origin_v1:Hmax=720,720,720,2048,controlled,1944,1944,1944,1944,16,16,100,[],merged,2,7,336,6586.944159589708,,100,,float32,native_horizon,48,,continuous_decoder,77.21434965587798,77.21434965587798,6.300031026204427,0.7082042635219512,1.2586538842630244,0.4435992922101702,7.170026803026222,8.787169604365104,0.4482334927294392,0.3213645620060245,0.2641954750618171,0.7082042635219512,1.0508646017568088,0.673925320481814,-0.3946359746807419,0.2641954750618171,0.38759898490519035,0.6816206578209727,-0.3832819960903701,Web/CloudOps,7
bizitobs_l2c/H/short|H=48|L=4096|Hsrc=controlled|Lsrc=controlled|origins=shared_origin_v1:Hmax=720,joint-scaling,release,standard_hl_shared_origin_v1,bizitobs_l2c/H/short,Granite-FlowState-r1.1,flowstate,granite-timeseries-flowstate-r1.1,18.524928,18.524928,48,controlled,shared_origin_v1:Hmax=720,720,720,4096,controlled,1944,1944,1944,1944,16,16,100,[],merged,2,7,336,6586.944159589708,,100,,float32,native_horizon,48,,continuous_decoder,77.21434965587798,77.21434965587798,6.300031026204427,0.7082042635219512,1.2586538842630244,0.4435992922101702,7.170026803026222,8.787169604365104,0.4482334927294392,0.3213645620060245,0.2641954750618171,0.7082042635219512,1.0508646017568088,0.673925320481814,-0.3946359746807419,0.2641954750618171,0.38759898490519035,0.6816206578209727,-0.3832819960903701,Web/CloudOps,7
bizitobs_l2c/H/short|H=96|L=128|Hsrc=controlled|Lsrc=controlled|origins=shared_origin_v1:Hmax=720,joint-scaling,release,standard_hl_shared_origin_v1,bizitobs_l2c/H/short,Granite-FlowState-r1.1,flowstate,granite-timeseries-flowstate-r1.1,18.524928,18.524928,96,controlled,shared_origin_v1:Hmax=720,720,720,128,controlled,1944,1944,128,128,16,16,100,[],merged,2,7,672,8627.715840272605,,100,,float32,native_horizon,96,,continuous_decoder,123.36873953683036,123.36873953683036,6.397221519833519,0.6582711431866923,1.0146120252746003,1.0530358572980327,9.704082876910084,11.107148127977332,0.8651193062200958,0.4982701031090396,0.4228753537106435,0.6582711431866923,1.5614972218267393,0.4215640822060539,-0.8637834793926112,0.4228753537106435,0.856660679125936,0.4936322677283492,-0.7059644363065006,Web/CloudOps,7
bizitobs_l2c/H/short|H=96|L=256|Hsrc=controlled|Lsrc=controlled|origins=shared_origin_v1:Hmax=720,joint-scaling,release,standard_hl_shared_origin_v1,bizitobs_l2c/H/short,Granite-FlowState-r1.1,flowstate,granite-timeseries-flowstate-r1.1,18.524928,18.524928,96,controlled,shared_origin_v1:Hmax=720,720,720,256,controlled,1944,1944,256,256,16,16,100,[],merged,2,7,672,8627.715840272605,,100,,float32,native_horizon,96,,continuous_decoder,83.76386951264881,83.76386951264881,5.475811367943173,0.5966735894026286,1.0804673821994835,0.8182247918847161,7.232288112406057,9.152260349916233,0.7128559944493235,0.4265028319641025,0.35537308048216776,0.5966735894026286,1.5614972218267393,0.3821163310842152,-0.9620301851018368,0.35537308048216776,0.856660679125936,0.4148352890957483,-0.8798737312797924,Web/CloudOps,7
bizitobs_l2c/H/short|H=96|L=512|Hsrc=controlled|Lsrc=controlled|origins=shared_origin_v1:Hmax=720,joint-scaling,release,standard_hl_shared_origin_v1,bizitobs_l2c/H/short,Granite-FlowState-r1.1,flowstate,granite-timeseries-flowstate-r1.1,18.524928,18.524928,96,controlled,shared_origin_v1:Hmax=720,720,720,512,controlled,1944,1944,512,512,16,16,100,[],merged,2,7,672,8627.715840272605,,100,,float32,native_horizon,96,,continuous_decoder,59.967337472098215,59.967337472098215,4.510229746500651,0.5106259495237496,1.0113092458086916,0.8441739431425758,6.199872957362153,7.7438580482920925,0.6031576265135619,0.35129511052054685,0.29231233346809576,0.5106259495237496,1.5614972218267393,0.32701047583446013,-1.1177630724070218,0.29231233346809576,0.856660679125936,0.34122300765146185,-1.0752190340686703,Web/CloudOps,7
bizitobs_l2c/H/short|H=96|L=1024|Hsrc=controlled|Lsrc=controlled|origins=shared_origin_v1:Hmax=720,joint-scaling,release,standard_hl_shared_origin_v1,bizitobs_l2c/H/short,Granite-FlowState-r1.1,flowstate,granite-timeseries-flowstate-r1.1,18.524928,18.524928,96,controlled,shared_origin_v1:Hmax=720,720,720,1024,controlled,1944,1944,1024,1024,16,16,100,[],merged,2,7,672,8627.715840272605,,100,,float32,native_horizon,96,,continuous_decoder,58.324712844122026,58.324712844122026,4.366958254859561,0.4980615486943057,1.0193653801976084,0.8447273232781515,6.244036257643501,7.637061793918001,0.5948394245388986,0.34013590637367375,0.2843222407235388,0.4980615486943057,1.5614972218267393,0.31896409531336944,-1.1426767364085402,0.2843222407235388,0.856660679125936,0.33189598595051323,-1.1029336544826627,Web/CloudOps,7
bizitobs_l2c/H/short|H=96|L=2048|Hsrc=controlled|Lsrc=controlled|origins=shared_origin_v1:Hmax=720,joint-scaling,release,standard_hl_shared_origin_v1,bizitobs_l2c/H/short,Granite-FlowState-r1.1,flowstate,granite-timeseries-flowstate-r1.1,18.524928,18.524928,96,controlled,shared_origin_v1:Hmax=720,720,720,2048,controlled,1944,1944,1944,1944,16,16,100,[],merged,2,7,672,8627.715840272605,,100,,float32,native_horizon,96,,continuous_decoder,59.73635718936012,59.73635718936012,4.483282180059524,0.5009506647372584,1.0050236091698916,0.8053696721170877,6.479262395928934,7.7289298864306,0.6019948941106127,0.3491962045083774,0.29321761974939353,0.5009506647372584,1.5614972218267393,0.3208143170124979,-1.1368927748942983,0.29321761974939353,0.856660679125936,0.3422797694515032,-1.0721268369994632,Web/CloudOps,7
bizitobs_l2c/H/short|H=96|L=4096|Hsrc=controlled|Lsrc=controlled|origins=shared_origin_v1:Hmax=720,joint-scaling,release,standard_hl_shared_origin_v1,bizitobs_l2c/H/short,Granite-FlowState-r1.1,flowstate,granite-timeseries-flowstate-r1.1,18.524928,18.524928,96,controlled,shared_origin_v1:Hmax=720,720,720,4096,controlled,1944,1944,1944,1944,16,16,100,[],merged,2,7,672,8627.715840272605,,100,,float32,native_horizon,96,,continuous_decoder,59.73635718936012,59.73635718936012,4.483282180059524,0.5009506647372584,1.0050236091698916,0.8053696721170877,6.479262395928934,7.7289298864306,0.6019948941106127,0.3491962045083774,0.29321761974939353,0.5009506647372584,1.5614972218267393,0.3208143170124979,-1.1368927748942983,0.29321761974939353,0.856660679125936,0.3422797694515032,-1.0721268369994632,Web/CloudOps,7
bizitobs_l2c/H/short|H=192|L=128|Hsrc=controlled|Lsrc=controlled|origins=shared_origin_v1:Hmax=720,joint-scaling,release,standard_hl_shared_origin_v1,bizitobs_l2c/H/short,Granite-FlowState-r1.1,flowstate,granite-timeseries-flowstate-r1.1,18.524928,18.524928,192,controlled,shared_origin_v1:Hmax=720,720,720,128,controlled,1944,1944,128,128,16,16,100,[],merged,2,7,1344,22188.21000327915,,100,,float32,native_horizon,192,,continuous_decoder,152.4778587704613,152.4778587704613,7.625851949055989,0.821518625382372,0.9864305031553099,0.8771046791118163,14.687578037098794,12.348192530506694,0.7479634796384347,0.4619185151941752,0.40297738297087926,0.821518625382372,1.4056832067668206,0.5844265773594379,-0.5371241221119012,0.40297738297087926,0.6716249132023688,0.6000036256091906,-0.5108195811022632,Web/CloudOps,7
bizitobs_l2c/H/short|H=192|L=256|Hsrc=controlled|Lsrc=controlled|origins=shared_origin_v1:Hmax=720,joint-scaling,release,standard_hl_shared_origin_v1,bizitobs_l2c/H/short,Granite-FlowState-r1.1,flowstate,granite-timeseries-flowstate-r1.1,18.524928,18.524928,192,controlled,shared_origin_v1:Hmax=720,720,720,256,controlled,1944,1944,256,256,16,16,100,[],merged,2,7,1344,22188.21000327915,,100,,float32,native_horizon,192,,continuous_decoder,110.42979213169643,110.42979213169643,6.611026218959263,0.7343246822713805,0.894796939700578,0.7585431430396815,10.197589410893906,10.508558042457416,0.6365318341125978,0.4004477709994687,0.3372098772219245,0.7343246822713805,1.4056832067668206,0.5223969943842351,-0.6493274545122804,0.3372098772219245,0.6716249132023688,0.5020806563206196,-0.6889945022350501,Web/CloudOps,7
bizitobs_l2c/H/short|H=192|L=512|Hsrc=controlled|Lsrc=controlled|origins=shared_origin_v1:Hmax=720,joint-scaling,release,standard_hl_shared_origin_v1,bizitobs_l2c/H/short,Granite-FlowState-r1.1,flowstate,granite-timeseries-flowstate-r1.1,18.524928,18.524928,192,controlled,shared_origin_v1:Hmax=720,720,720,512,controlled,1944,1944,512,512,16,16,100,[],merged,2,7,1344,22188.21000327915,,100,,float32,native_horizon,192,,continuous_decoder,104.73237537202381,104.73237537202381,6.1793178376697355,0.7000012949665562,0.9183556732258205,0.7036953354484575,9.501528530188997,10.233883689588415,0.6198940643149721,0.37429802460859823,0.31410661725854644,0.7000012949665562,1.4056832067668206,0.49797941072129115,-0.6971965467453184,0.31410661725854644,0.6716249132023688,0.4676816048422883,-0.7599675461285776,Web/CloudOps,7
bizitobs_l2c/H/short|H=192|L=1024|Hsrc=controlled|Lsrc=controlled|origins=shared_origin_v1:Hmax=720,joint-scaling,release,standard_hl_shared_origin_v1,bizitobs_l2c/H/short,Granite-FlowState-r1.1,flowstate,granite-timeseries-flowstate-r1.1,18.524928,18.524928,192,controlled,shared_origin_v1:Hmax=720,720,720,1024,controlled,1944,1944,1024,1024,16,16,100,[],merged,2,7,1344,22188.21000327915,,100,,float32,native_horizon,192,,continuous_decoder,100.79927571614583,100.79927571614583,5.827761877150762,0.6503432188314328,0.8056009026559708,0.6885943101375169,8.916956600556322,10.039884248144787,0.6081429924952217,0.3530033275209255,0.2978171274004058,0.6503432188314328,1.4056832067668206,0.4626527625148714,-0.7707784792363599,0.2978171274004058,0.6716249132023688,0.4434277549062118,-0.8132203881202237,Web/CloudOps,7
bizitobs_l2c/H/short|H=192|L=2048|Hsrc=controlled|Lsrc=controlled|origins=shared_origin_v1:Hmax=720,joint-scaling,release,standard_hl_shared_origin_v1,bizitobs_l2c/H/short,Granite-FlowState-r1.1,flowstate,granite-timeseries-flowstate-r1.1,18.524928,18.524928,192,controlled,shared_origin_v1:Hmax=720,720,720,2048,controlled,1944,1944,1944,1944,16,16,100,[],merged,2,7,1344,22188.21000327915,,100,,float32,native_horizon,192,,continuous_decoder,98.70200020926339,98.70200020926339,5.819568997337704,0.6467896743944002,0.7834682884017704,0.6470362508443624,8.834372606808397,9.934888032044618,0.6017830871933623,0.3525070625916174,0.2971486313239854,0.6467896743944002,1.4056832067668206,0.46012477867048446,-0.7762575683034763,0.2971486313239854,0.6716249132023688,0.44243241351359885,-0.8154675640221374,Web/CloudOps,7
bizitobs_l2c/H/short|H=192|L=4096|Hsrc=controlled|Lsrc=controlled|origins=shared_origin_v1:Hmax=720,joint-scaling,release,standard_hl_shared_origin_v1,bizitobs_l2c/H/short,Granite-FlowState-r1.1,flowstate,granite-timeseries-flowstate-r1.1,18.524928,18.524928,192,controlled,shared_origin_v1:Hmax=720,720,720,4096,controlled,1944,1944,1944,1944,16,16,100,[],merged,2,7,1344,22188.21000327915,,100,,float32,native_horizon,192,,continuous_decoder,98.70200020926339,98.70200020926339,5.819568997337704,0.6467896743944002,0.7834682884017704,0.6470362508443624,8.834372606808397,9.934888032044618,0.6017830871933623,0.3525070625916174,0.2971486313239854,0.6467896743944002,1.4056832067668206,0.46012477867048446,-0.7762575683034763,0.2971486313239854,0.6716249132023688,0.44243241351359885,-0.8154675640221374,Web/CloudOps,7
bizitobs_l2c/H/short|H=336|L=128|Hsrc=controlled|Lsrc=controlled|origins=shared_origin_v1:Hmax=720,joint-scaling,release,standard_hl_shared_origin_v1,bizitobs_l2c/H/short,Granite-FlowState-r1.1,flowstate,granite-timeseries-flowstate-r1.1,18.524928,18.524928,336,controlled,shared_origin_v1:Hmax=720,720,720,128,controlled,1944,1944,128,128,16,16,100,[],merged,2,7,2352,34637.90584325045,,100,,float32,native_horizon,336,,continuous_decoder,130.3848785607993,130.3848785607993,7.156099280532525,0.7609398458881389,1.0877520458247207,0.9407340714017517,12.630578345813886,11.41861981855948,0.7753526998655196,0.4859169484431236,0.42031252616493975,0.7609398458881389,1.4724422034928037,0.5167875819391086,-0.660123355558035,0.42031252616493975,0.8512860008308335,0.493738327371442,-0.7057496038129525,Web/CloudOps,7
bizitobs_l2c/H/short|H=336|L=256|Hsrc=controlled|Lsrc=controlled|origins=shared_origin_v1:Hmax=720,joint-scaling,release,standard_hl_shared_origin_v1,bizitobs_l2c/H/short,Granite-FlowState-r1.1,flowstate,granite-timeseries-flowstate-r1.1,18.524928,18.524928,336,controlled,shared_origin_v1:Hmax=720,720,720,256,controlled,1944,1944,256,256,16,16,100,[],merged,2,7,2352,34637.90584325045,,100,,float32,native_horizon,336,,continuous_decoder,94.87835485756803,94.87835485756803,6.138660456858525,0.6697357827385328,0.9206475051250247,0.851180081735295,8.33461134019349,9.740552081764566,0.6614077248199016,0.4168303205127127,0.3477414238824141,0.6697357827385328,1.4724422034928037,0.4548469075049886,-0.7877943836709186,0.3477414238824141,0.8512860008308335,0.4084895364695617,-0.8952889795277337,Web/CloudOps,7
bizitobs_l2c/H/short|H=336|L=512|Hsrc=controlled|Lsrc=controlled|origins=shared_origin_v1:Hmax=720,joint-scaling,release,standard_hl_shared_origin_v1,bizitobs_l2c/H/short,Granite-FlowState-r1.1,flowstate,granite-timeseries-flowstate-r1.1,18.524928,18.524928,336,controlled,shared_origin_v1:Hmax=720,720,720,512,controlled,1944,1944,512,512,16,16,100,[],merged,2,7,2352,34637.90584325045,,100,,float32,native_horizon,336,,continuous_decoder,87.00455064838435,87.00455064838435,5.754157449112458,0.6437219713908822,0.9420602000166263,0.8257286411199758,7.747236219043619,9.32762299025772,0.6333688119705166,0.3907216094863799,0.3230734506704954,0.6437219713908822,1.4724422034928037,0.4371797886965607,-0.8274107527132109,0.3230734506704954,0.8512860008308335,0.37951223249904725,-0.9688684494668603,Web/CloudOps,7
bizitobs_l2c/H/short|H=336|L=1024|Hsrc=controlled|Lsrc=controlled|origins=shared_origin_v1:Hmax=720,joint-scaling,release,standard_hl_shared_origin_v1,bizitobs_l2c/H/short,Granite-FlowState-r1.1,flowstate,granite-timeseries-flowstate-r1.1,18.524928,18.524928,336,controlled,shared_origin_v1:Hmax=720,720,720,1024,controlled,1944,1944,1024,1024,16,16,100,[],merged,2,7,2352,34637.90584325045,,100,,float32,native_horizon,336,,continuous_decoder,79.6930238892432,79.6930238892432,5.194602914407951,0.5741450623854895,0.8406763557694831,0.7485651408234785,7.263401058138719,8.927094930000644,0.606171960001817,0.35272646417994247,0.2954427787727852,0.5741450623854895,1.4724422034928037,0.38992706200864846,-0.9417955778396027,0.2954427787727852,0.8512860008308335,0.3470546660986326,-1.0582729722541298,Web/CloudOps,7
bizitobs_l2c/H/short|H=336|L=2048|Hsrc=controlled|Lsrc=controlled|origins=shared_origin_v1:Hmax=720,joint-scaling,release,standard_hl_shared_origin_v1,bizitobs_l2c/H/short,Granite-FlowState-r1.1,flowstate,granite-timeseries-flowstate-r1.1,18.524928,18.524928,336,controlled,shared_origin_v1:Hmax=720,720,720,2048,controlled,1944,1944,1944,1944,16,16,100,[],merged,2,7,2352,34637.90584325045,,100,,float32,native_horizon,336,,continuous_decoder,78.61869552508503,78.61869552508503,5.168809748020302,0.5666022205456698,0.829789424268452,0.7081225254051788,7.296972709271095,8.866718419183336,0.6020722446759269,0.35097504399829854,0.2947793880604062,0.5666022205456698,1.4724422034928037,0.38480438770474223,-0.9550201576964928,0.2947793880604062,0.8512860008308335,0.34627538544356307,-1.0605209088075576,Web/CloudOps,7
bizitobs_l2c/H/short|H=336|L=4096|Hsrc=controlled|Lsrc=controlled|origins=shared_origin_v1:Hmax=720,joint-scaling,release,standard_hl_shared_origin_v1,bizitobs_l2c/H/short,Granite-FlowState-r1.1,flowstate,granite-timeseries-flowstate-r1.1,18.524928,18.524928,336,controlled,shared_origin_v1:Hmax=720,720,720,4096,controlled,1944,1944,1944,1944,16,16,100,[],merged,2,7,2352,34637.90584325045,,100,,float32,native_horizon,336,,continuous_decoder,78.61869552508503,78.61869552508503,5.168809748020302,0.5666022205456698,0.829789424268452,0.7081225254051788,7.296972709271095,8.866718419183336,0.6020722446759269,0.35097504399829854,0.2947793880604062,0.5666022205456698,1.4724422034928037,0.38480438770474223,-0.9550201576964928,0.2947793880604062,0.8512860008308335,0.34627538544356307,-1.0605209088075576,Web/CloudOps,7
bizitobs_l2c/H/short|H=720|L=128|Hsrc=controlled|Lsrc=controlled|origins=shared_origin_v1:Hmax=720,joint-scaling,release,standard_hl_shared_origin_v1,bizitobs_l2c/H/short,Granite-FlowState-r1.1,flowstate,granite-timeseries-flowstate-r1.1,18.524928,18.524928,720,controlled,shared_origin_v1:Hmax=720,720,720,128,controlled,1944,1944,128,128,16,16,100,[],merged,2,7,5040,82510.83089736104,,100,,float32,native_horizon,720,,continuous_decoder,134.71452132936508,134.71452132936508,7.315459526909722,0.7668198989880637,0.9386587230268743,0.8587667042248768,11.170480291106417,11.606658491114706,0.7089682428236104,0.44684940891565084,0.3811248211281383,0.7668198989880637,1.4260541522843406,0.5377214447009075,-0.6204146136837314,0.3811248211281383,0.9410651274656231,0.40499303396199926,-0.9038854121173502,Web/CloudOps,7
bizitobs_l2c/H/short|H=720|L=256|Hsrc=controlled|Lsrc=controlled|origins=shared_origin_v1:Hmax=720,joint-scaling,release,standard_hl_shared_origin_v1,bizitobs_l2c/H/short,Granite-FlowState-r1.1,flowstate,granite-timeseries-flowstate-r1.1,18.524928,18.524928,720,controlled,shared_origin_v1:Hmax=720,720,720,256,controlled,1944,1944,256,256,16,16,100,[],merged,2,7,5040,82510.83089736104,,100,,float32,native_horizon,720,,continuous_decoder,101.34951636904762,101.34951636904762,6.281129673549107,0.6748046535491802,0.7396583011125201,0.8209360137918654,8.364627084997373,10.067249692396013,0.6149367046465981,0.38366955235327765,0.32077375166135813,0.6748046535491802,1.4260541522843406,0.47319707492751023,-0.7482433283688826,0.32077375166135813,0.9410651274656231,0.34086243587118353,-1.0762762969593824,Web/CloudOps,7
bizitobs_l2c/H/short|H=720|L=512|Hsrc=controlled|Lsrc=controlled|origins=shared_origin_v1:Hmax=720,joint-scaling,release,standard_hl_shared_origin_v1,bizitobs_l2c/H/short,Granite-FlowState-r1.1,flowstate,granite-timeseries-flowstate-r1.1,18.524928,18.524928,720,controlled,shared_origin_v1:Hmax=720,720,720,512,controlled,1944,1944,512,512,16,16,100,[],merged,2,7,5040,82510.83089736104,,100,,float32,native_horizon,720,,continuous_decoder,89.22714223710318,89.22714223710318,5.769908311631944,0.6350878699025888,0.7605609491813272,0.7816559641616482,7.0655974633105005,9.446011975278413,0.5769897095646125,0.35244267418418496,0.28978761195774994,0.6350878699025888,1.4260541522843406,0.4453462506211747,-0.8089032080884468,0.28978761195774994,0.9410651274656231,0.30793576714310433,-1.1778640659944442,Web/CloudOps,7
bizitobs_l2c/H/short|H=720|L=1024|Hsrc=controlled|Lsrc=controlled|origins=shared_origin_v1:Hmax=720,joint-scaling,release,standard_hl_shared_origin_v1,bizitobs_l2c/H/short,Granite-FlowState-r1.1,flowstate,granite-timeseries-flowstate-r1.1,18.524928,18.524928,720,controlled,shared_origin_v1:Hmax=720,720,720,1024,controlled,1944,1944,1024,1024,16,16,100,[],merged,2,7,5040,82510.83089736104,,100,,float32,native_horizon,720,,continuous_decoder,79.92089533730159,79.92089533730159,5.1482908218626,0.5509730615507825,0.6134958735465579,0.707519969084814,6.078295546029033,8.939848731231507,0.5460717958525353,0.3144724814911224,0.2586491823637254,0.5509730615507825,1.4260541522843406,0.3863619489261331,-0.9509806573568851,0.2586491823637254,0.9410651274656231,0.274847271261971,-1.2915397128238202,Web/CloudOps,7
bizitobs_l2c/H/short|H=720|L=2048|Hsrc=controlled|Lsrc=controlled|origins=shared_origin_v1:Hmax=720,joint-scaling,release,standard_hl_shared_origin_v1,bizitobs_l2c/H/short,Granite-FlowState-r1.1,flowstate,granite-timeseries-flowstate-r1.1,18.524928,18.524928,720,controlled,shared_origin_v1:Hmax=720,720,720,2048,controlled,1944,1944,1944,1944,16,16,100,[],merged,2,7,5040,82510.83089736104,,100,,float32,native_horizon,720,,continuous_decoder,75.22833581349207,75.22833581349207,4.991430082775298,0.5363875424753904,0.6066680730846119,0.6775334444222146,6.175308206093084,8.673426993610546,0.5297979861840812,0.3048909742344153,0.2518555878798014,0.5363875424753904,1.4260541522843406,0.37613406308320907,-0.9778096483881416,0.2518555878798014,0.9410651274656231,0.26762822309447615,-1.318156488821219,Web/CloudOps,7
bizitobs_l2c/H/short|H=720|L=4096|Hsrc=controlled|Lsrc=controlled|origins=shared_origin_v1:Hmax=720,joint-scaling,release,standard_hl_shared_origin_v1,bizitobs_l2c/H/short,Granite-FlowState-r1.1,flowstate,granite-timeseries-flowstate-r1.1,18.524928,18.524928,720,controlled,shared_origin_v1:Hmax=720,720,720,4096,controlled,1944,1944,1944,1944,16,16,100,[],merged,2,7,5040,82510.83089736104,,100,,float32,native_horizon,720,,continuous_decoder,75.22833581349207,75.22833581349207,4.991430082775298,0.5363875424753904,0.6066680730846119,0.6775334444222146,6.175308206093084,8.673426993610546,0.5297979861840812,0.3048909742344153,0.2518555878798014,0.5363875424753904,1.4260541522843406,0.37613406308320907,-0.9778096483881416,0.2518555878798014,0.9410651274656231,0.26762822309447615,-1.318156488821219,Web/CloudOps,7
electricity/15T/short|H=48|L=128|Hsrc=controlled|Lsrc=controlled|origins=shared_origin_v1:Hmax=720,joint-scaling,release,standard_hl_shared_origin_v1,electricity/15T/short,Granite-FlowState-r1.1,flowstate,granite-timeseries-flowstate-r1.1,18.524928,18.524928,48,controlled,shared_origin_v1:Hmax=720,720,720,128,controlled,125856,139536,128,128,16,16,100,[],merged,2,370,355200,225501006.4677921,,100,,float32,native_horizon,48,,continuous_decoder,263560.43234515766,263560.43234515766,59.507804032059404,0.9497101731074056,0.14341521533669455,0.13544005461841543,10.201633255752668,513.3813712486631,0.8086574243009877,0.09373426896525397,0.07702318244415175,0.9497101731074056,1.0560089751972532,0.8993391111377704,-0.10609510636155522,0.07702318244415175,0.09051464705745935,0.8509471665426357,-0.16140523630475298,Energy,1
electricity/15T/short|H=48|L=256|Hsrc=controlled|Lsrc=controlled|origins=shared_origin_v1:Hmax=720,joint-scaling,release,standard_hl_shared_origin_v1,electricity/15T/short,Granite-FlowState-r1.1,flowstate,granite-timeseries-flowstate-r1.1,18.524928,18.524928,48,controlled,shared_origin_v1:Hmax=720,720,720,256,controlled,125856,139536,256,256,16,16,100,[],merged,2,370,355200,225501006.4677921,,100,,float32,native_horizon,48,,continuous_decoder,237364.73692989865,237364.73692989865,55.86762796487894,0.8950106822554338,0.13608540003731975,0.1294079656910952,9.681039924358478,487.2009204936898,0.767419044686506,0.0880004119004201,0.07205671374541826,0.8950106822554338,1.0560089751972532,0.8475407911076264,-0.16541630978535188,0.07205671374541826,0.09051464705745935,0.7960779397358324,-0.22805818369004496,Energy,1
electricity/15T/short|H=48|L=512|Hsrc=controlled|Lsrc=controlled|origins=shared_origin_v1:Hmax=720,joint-scaling,release,standard_hl_shared_origin_v1,electricity/15T/short,Granite-FlowState-r1.1,flowstate,granite-timeseries-flowstate-r1.1,18.524928,18.524928,48,controlled,shared_origin_v1:Hmax=720,720,720,512,controlled,125856,139536,512,512,16,16,100,[],merged,2,370,355200,225501006.4677921,,100,,float32,native_horizon,48,,continuous_decoder,233877.05880665823,233877.05880665823,53.5833811936937,0.8340295168028253,0.1267330326251787,0.11889822700018396,8.75730968446056,483.6083733835243,0.76176021081468,0.08440235943123572,0.06880565528982686,0.8340295168028253,1.0560089751972532,0.7897939661422252,-0.2359831698875311,0.06880565528982686,0.09051464705745935,0.7601604549830321,-0.2742257430078282,Energy,1
electricity/15T/short|H=48|L=1024|Hsrc=controlled|Lsrc=controlled|origins=shared_origin_v1:Hmax=720,joint-scaling,release,standard_hl_shared_origin_v1,electricity/15T/short,Granite-FlowState-r1.1,flowstate,granite-timeseries-flowstate-r1.1,18.524928,18.524928,48,controlled,shared_origin_v1:Hmax=720,720,720,1024,controlled,125856,139536,1024,1024,16,16,100,[],merged,2,370,355200,225501006.4677921,,100,,float32,native_horizon,48,,continuous_decoder,207320.01381932714,207320.01381932714,47.52989897856841,0.7536316530110799,0.10659674391528519,0.10258746650476236,8.004542926911148,455.32407559816903,0.7172079370544602,0.0748671608239532,0.06115231643563423,0.7536316530110799,1.0560089751972532,0.7136602725088659,-0.3373482386865968,0.06115231643563423,0.09051464705745935,0.6756068594822482,-0.39214394092915267,Energy,1
electricity/15T/short|H=48|L=2048|Hsrc=controlled|Lsrc=controlled|origins=shared_origin_v1:Hmax=720,joint-scaling,release,standard_hl_shared_origin_v1,electricity/15T/short,Granite-FlowState-r1.1,flowstate,granite-timeseries-flowstate-r1.1,18.524928,18.524928,48,controlled,shared_origin_v1:Hmax=720,720,720,2048,controlled,125856,139536,2048,2048,16,16,100,[],merged,2,370,355200,225501006.4677921,,100,,float32,native_horizon,48,,continuous_decoder,209807.47305004223,209807.47305004223,46.38654936919341,0.7311099599624695,0.10064085197431973,0.09961594904800967,7.577120733468269,458.0474572028997,0.7214976968260579,0.07306620309160708,0.05943203059637866,0.7311099599624695,1.0560089751972532,0.6923330929321927,-0.3676880910074263,0.05943203059637866,0.09051464705745935,0.6566012521559166,-0.42067836688643484,Energy,1
electricity/15T/short|H=48|L=4096|Hsrc=controlled|Lsrc=controlled|origins=shared_origin_v1:Hmax=720,joint-scaling,release,standard_hl_shared_origin_v1,electricity/15T/short,Granite-FlowState-r1.1,flowstate,granite-timeseries-flowstate-r1.1,18.524928,18.524928,48,controlled,shared_origin_v1:Hmax=720,720,720,4096,controlled,125856,139536,4096,4096,16,16,100,[],merged,2,370,355200,225501006.4677921,,100,,float32,native_horizon,48,,continuous_decoder,179483.48919869086,179483.48919869086,44.842324526675114,0.7209902699176515,0.09996471560937986,0.10001450945906068,7.353393225947523,423.6549175905915,0.6673239693485413,0.07063380302096331,0.05729387170638742,0.7209902699176515,1.0560089751972532,0.6827501345648855,-0.3816263215358697,0.05729387170638742,0.09051464705745935,0.6329790102370598,-0.45731801657089854,Energy,1
electricity/15T/short|H=96|L=128|Hsrc=controlled|Lsrc=controlled|origins=shared_origin_v1:Hmax=720,joint-scaling,release,standard_hl_shared_origin_v1,electricity/15T/short,Granite-FlowState-r1.1,flowstate,granite-timeseries-flowstate-r1.1,18.524928,18.524928,96,controlled,shared_origin_v1:Hmax=720,720,720,128,controlled,125856,139536,128,128,16,16,100,[],merged,2,370,710400,449541917.5210018,,100,,float32,native_horizon,96,,continuous_decoder,302909.2453279842,302909.2453279842,64.80754319749437,1.0197099612093081,0.16264645556142188,0.1505340365672178,11.990869395303742,550.3719154607948,0.8697391578063074,0.10241376141602886,0.08469500111866647,1.0197099612093081,1.0749568648612153,0.9486054692445357,-0.05276229995909738,0.08469500111866647,0.09292762757833782,0.9114081928678179,-0.09276441087103604,Energy,1
electricity/15T/short|H=96|L=256|Hsrc=controlled|Lsrc=controlled|origins=shared_origin_v1:Hmax=720,joint-scaling,release,standard_hl_shared_origin_v1,electricity/15T/short,Granite-FlowState-r1.1,flowstate,granite-timeseries-flowstate-r1.1,18.524928,18.524928,96,controlled,shared_origin_v1:Hmax=720,720,720,256,controlled,125856,139536,256,256,16,16,100,[],merged,2,370,710400,449541917.5210018,,100,,float32,native_horizon,96,,continuous_decoder,288139.62522804056,288139.62522804056,62.56882473782376,0.9827154798603158,0.15908340569820661,0.14363388701990373,11.543991942125082,536.7863869623004,0.8482702823373596,0.09887596987365127,0.0813133167878911,0.9827154798603158,1.0749568648612153,0.9141906173018314,-0.08971617642546617,0.0813133167878911,0.09292762757833782,0.8750176767328329,-0.1335111908481994,Energy,1
electricity/15T/short|H=96|L=512|Hsrc=controlled|Lsrc=controlled|origins=shared_origin_v1:Hmax=720,joint-scaling,release,standard_hl_shared_origin_v1,electricity/15T/short,Granite-FlowState-r1.1,flowstate,granite-timeseries-flowstate-r1.1,18.524928,18.524928,96,controlled,shared_origin_v1:Hmax=720,720,720,512,controlled,125856,139536,512,512,16,16,100,[],merged,2,370,710400,449541917.5210018,,100,,float32,native_horizon,96,,continuous_decoder,270743.54522909626,270743.54522909626,59.630408880560246,0.9141818154312896,0.14759207592779758,0.1350036606396703,10.293649166273667,520.3302270953478,0.8222650189484634,0.0942324637985977,0.07731580232936039,0.9141818154312896,1.0749568648612153,0.8504358131145263,-0.16200633958322763,0.07731580232936039,0.09292762757833782,0.8320001741590067,-0.18392262883522112,Energy,1
electricity/15T/short|H=96|L=1024|Hsrc=controlled|Lsrc=controlled|origins=shared_origin_v1:Hmax=720,joint-scaling,release,standard_hl_shared_origin_v1,electricity/15T/short,Granite-FlowState-r1.1,flowstate,granite-timeseries-flowstate-r1.1,18.524928,18.524928,96,controlled,shared_origin_v1:Hmax=720,720,720,1024,controlled,125856,139536,1024,1024,16,16,100,[],merged,2,370,710400,449541917.5210018,,100,,float32,native_horizon,96,,continuous_decoder,246270.25176942567,246270.25176942567,53.30152807837134,0.829523290384339,0.12124854112452342,0.11536123417613654,9.76972560082646,496.256236000542,0.7842214848369841,0.08423108962938032,0.06948025369493771,0.829523290384339,1.0749568648612153,0.7716805366803592,-0.259184627191627,0.06948025369493771,0.09292762757833782,0.7476813462860222,-0.290778399413701,Energy,1
electricity/15T/short|H=96|L=2048|Hsrc=controlled|Lsrc=controlled|origins=shared_origin_v1:Hmax=720,joint-scaling,release,standard_hl_shared_origin_v1,electricity/15T/short,Granite-FlowState-r1.1,flowstate,granite-timeseries-flowstate-r1.1,18.524928,18.524928,96,controlled,shared_origin_v1:Hmax=720,720,720,2048,controlled,125856,139536,2048,2048,16,16,100,[],merged,2,370,710400,449541917.5210018,,100,,float32,native_horizon,96,,continuous_decoder,247218.0498099662,247218.0498099662,52.27981164880701,0.8056957518671461,0.11369137032881038,0.11134947986623515,9.30579235967637,497.2102672008757,0.7857291168025513,0.08261649636616457,0.06782059153278826,0.8056957518671461,1.0749568648612153,0.749514495143177,-0.2883296218757587,0.06782059153278826,0.09292762757833782,0.7298216181793259,-0.3149551333585994,Energy,1
electricity/15T/short|H=96|L=4096|Hsrc=controlled|Lsrc=controlled|origins=shared_origin_v1:Hmax=720,joint-scaling,release,standard_hl_shared_origin_v1,electricity/15T/short,Granite-FlowState-r1.1,flowstate,granite-timeseries-flowstate-r1.1,18.524928,18.524928,96,controlled,shared_origin_v1:Hmax=720,720,720,4096,controlled,125856,139536,4096,4096,16,16,100,[],merged,2,370,710400,449541917.5210018,,100,,float32,native_horizon,96,,continuous_decoder,225497.32950485643,225497.32950485643,50.90096338770411,0.7934358301723422,0.11284701892459485,0.11198394950960648,8.994491966276636,474.86559098849904,0.7504183763296547,0.08043753648164671,0.06576876793000001,0.7934358301723422,1.0749568648612153,0.7381094591872581,-0.3036631466978712,0.06576876793000001,0.09292762757833782,0.7077418163350513,-0.34567591798873304,Energy,1
electricity/15T/short|H=192|L=128|Hsrc=controlled|Lsrc=controlled|origins=shared_origin_v1:Hmax=720,joint-scaling,release,standard_hl_shared_origin_v1,electricity/15T/short,Granite-FlowState-r1.1,flowstate,granite-timeseries-flowstate-r1.1,18.524928,18.524928,192,controlled,shared_origin_v1:Hmax=720,720,720,128,controlled,125856,139536,128,128,16,16,100,[],merged,2,370,1420800,899544419.732925,,100,,float32,native_horizon,192,,continuous_decoder,344189.9817694256,344189.9817694256,72.05394251917933,1.1139628286603445,0.18677071502982978,0.16276112010681268,12.734465380374697,586.6770677037118,0.9266365946007593,0.1138067662758054,0.09379816356258025,1.1139628286603445,1.1437313288387232,0.9739724711321811,-0.0263722394636886,0.09379816356258025,0.10019956699000873,0.9361134621662907,-0.06601858958799636,Energy,1
electricity/15T/short|H=192|L=256|Hsrc=controlled|Lsrc=controlled|origins=shared_origin_v1:Hmax=720,joint-scaling,release,standard_hl_shared_origin_v1,electricity/15T/short,Granite-FlowState-r1.1,flowstate,granite-timeseries-flowstate-r1.1,18.524928,18.524928,192,controlled,shared_origin_v1:Hmax=720,720,720,256,controlled,125856,139536,256,256,16,16,100,[],merged,2,370,1420800,899544419.732925,,100,,float32,native_horizon,192,,continuous_decoder,316989.8009881757,316989.8009881757,68.95887297209319,1.068394196078378,0.1824529030742878,0.15446645291963096,12.083262189958504,563.0184730434479,0.889268644162822,0.10891820856143972,0.08903116731269983,1.068394196078378,1.1437313288387232,0.9341303933356114,-0.06813924307179602,0.08903116731269983,0.10019956699000873,0.8885384436998361,-0.11817736423136196,Energy,1
electricity/15T/short|H=192|L=512|Hsrc=controlled|Lsrc=controlled|origins=shared_origin_v1:Hmax=720,joint-scaling,release,standard_hl_shared_origin_v1,electricity/15T/short,Granite-FlowState-r1.1,flowstate,granite-timeseries-flowstate-r1.1,18.524928,18.524928,192,controlled,shared_origin_v1:Hmax=720,720,720,512,controlled,125856,139536,512,512,16,16,100,[],merged,2,370,1420800,899544419.732925,,100,,float32,native_horizon,192,,continuous_decoder,291699.0722846284,291699.0722846284,63.9295091233812,0.9650564169888154,0.1613479399900727,0.14129346642192048,10.636625996153157,540.0917258064859,0.8530566219883674,0.10097449839049391,0.08263568024364114,0.9650564169888154,1.1437313288387232,0.8437789476036093,-0.1698647291129684,0.08263568024364114,0.10019956699000873,0.824710951614003,-0.19272231571844564,Energy,1
electricity/15T/short|H=192|L=1024|Hsrc=controlled|Lsrc=controlled|origins=shared_origin_v1:Hmax=720,joint-scaling,release,standard_hl_shared_origin_v1,electricity/15T/short,Granite-FlowState-r1.1,flowstate,granite-timeseries-flowstate-r1.1,18.524928,18.524928,192,controlled,shared_origin_v1:Hmax=720,720,720,1024,controlled,125856,139536,1024,1024,16,16,100,[],merged,2,370,1420800,899544419.732925,,100,,float32,native_horizon,192,,continuous_decoder,271225.0769436233,271225.0769436233,57.35696726756053,0.8771379060309981,0.13046499149906457,0.12075008453240482,10.236134740162035,520.7927389505572,0.8225745246917776,0.09059339072765882,0.07464154942872728,0.8771379060309981,1.1437313288387232,0.7669090492795994,-0.26538706446401633,0.07464154942872728,0.10019956699000873,0.7449288621793152,-0.29446655216938267,Energy,1
electricity/15T/short|H=192|L=2048|Hsrc=controlled|Lsrc=controlled|origins=shared_origin_v1:Hmax=720,joint-scaling,release,standard_hl_shared_origin_v1,electricity/15T/short,Granite-FlowState-r1.1,flowstate,granite-timeseries-flowstate-r1.1,18.524928,18.524928,192,controlled,shared_origin_v1:Hmax=720,720,720,2048,controlled,125856,139536,2048,2048,16,16,100,[],merged,2,370,1420800,899544419.732925,,100,,float32,native_horizon,192,,continuous_decoder,282961.55050640483,282961.55050640483,56.317920339773366,0.8470769826901076,0.1208175165776385,0.11600941921439885,9.641191382375414,531.9413036288918,0.8401833057008139,0.08895225123235928,0.07302251216723665,0.8470769826901076,1.1437313288387232,0.7406258457134152,-0.300259712767762,0.07302251216723665,0.10019956699000873,0.7287707358507647,-0.31639608772462346,Energy,1
electricity/15T/short|H=192|L=4096|Hsrc=controlled|Lsrc=controlled|origins=shared_origin_v1:Hmax=720,joint-scaling,release,standard_hl_shared_origin_v1,electricity/15T/short,Granite-FlowState-r1.1,flowstate,granite-timeseries-flowstate-r1.1,18.524928,18.524928,192,controlled,shared_origin_v1:Hmax=720,720,720,4096,controlled,125856,139536,4096,4096,16,16,100,[],merged,2,370,1420800,899544419.732925,,100,,float32,native_horizon,192,,continuous_decoder,252295.61069221565,252295.61069221565,54.67617284276464,0.8325947360535337,0.12010653777661703,0.11686251653761148,9.273563298725428,502.29036492074545,0.7933506504228877,0.0863591665635193,0.07040109615062046,0.8325947360535337,1.1437313288387232,0.7279635654458297,-0.3175042795023868,0.07040109615062046,0.10019956699000873,0.7026087862998491,-0.35295503382033433,Energy,1
electricity/15T/short|H=336|L=128|Hsrc=controlled|Lsrc=controlled|origins=shared_origin_v1:Hmax=720,joint-scaling,release,standard_hl_shared_origin_v1,electricity/15T/short,Granite-FlowState-r1.1,flowstate,granite-timeseries-flowstate-r1.1,18.524928,18.524928,336,controlled,shared_origin_v1:Hmax=720,720,720,128,controlled,125856,139536,128,128,16,16,100,[],merged,2,370,2486400,1571221544.6917512,,100,,float32,native_horizon,336,,continuous_decoder,411534.95417390607,411534.95417390607,75.17336774553571,1.1503117953120419,0.19703696500787138,0.16802916283133773,12.119495811283866,641.5099018518,1.0151657004405699,0.11895907499102489,0.0973005011164432,1.1503117953120419,1.1622606248712446,0.9897193200014615,-0.010333891201558537,0.0973005011164432,0.10413680885837828,0.9343526288458467,-0.06790136506204697,Energy,1
electricity/15T/short|H=336|L=256|Hsrc=controlled|Lsrc=controlled|origins=shared_origin_v1:Hmax=720,joint-scaling,release,standard_hl_shared_origin_v1,electricity/15T/short,Granite-FlowState-r1.1,flowstate,granite-timeseries-flowstate-r1.1,18.524928,18.524928,336,controlled,shared_origin_v1:Hmax=720,720,720,256,controlled,125856,139536,256,256,16,16,100,[],merged,2,370,2486400,1571221544.6917512,,100,,float32,native_horizon,336,,continuous_decoder,408966.0235199485,408966.0235199485,72.16973478221526,1.0923458560782384,0.18961626355665948,0.1576475033387188,11.161178764189664,639.50451407316,1.0119922484282446,0.11420593688314264,0.0923276257710256,1.0923458560782384,1.1622606248712446,0.9398458768223767,-0.06203937798839213,0.0923276257710256,0.10413680885837828,0.8865993377671801,-0.12036210360674354,Energy,1
electricity/15T/short|H=336|L=512|Hsrc=controlled|Lsrc=controlled|origins=shared_origin_v1:Hmax=720,joint-scaling,release,standard_hl_shared_origin_v1,electricity/15T/short,Granite-FlowState-r1.1,flowstate,granite-timeseries-flowstate-r1.1,18.524928,18.524928,336,controlled,shared_origin_v1:Hmax=720,720,720,512,controlled,125856,139536,512,512,16,16,100,[],merged,2,370,2486400,1571221544.6917512,,100,,float32,native_horizon,336,,continuous_decoder,349251.2228712194,349251.2228712194,65.08851137689028,0.9537731431037328,0.15112255521012208,0.13596589344440738,9.636355492124036,590.9748073067238,0.9351957818117312,0.1030001626659528,0.0838907293803067,0.9537731431037328,1.1622606248712446,0.8206189925855847,-0.19769635448733588,0.0838907293803067,0.10413680885837828,0.8055819099891431,-0.2161903931561962,Energy,1
electricity/15T/short|H=336|L=1024|Hsrc=controlled|Lsrc=controlled|origins=shared_origin_v1:Hmax=720,joint-scaling,release,standard_hl_shared_origin_v1,electricity/15T/short,Granite-FlowState-r1.1,flowstate,granite-timeseries-flowstate-r1.1,18.524928,18.524928,336,controlled,shared_origin_v1:Hmax=720,720,720,1024,controlled,125856,139536,1024,1024,16,16,100,[],merged,2,370,2486400,1571221544.6917512,,100,,float32,native_horizon,336,,continuous_decoder,331520.6867845077,331520.6867845077,60.05008019878137,0.8860147307290962,0.12918481840042892,0.12103978218956524,9.281871901666454,575.7783312912251,0.9111479203929592,0.09502703161796446,0.07782279582240507,0.8860147307290962,1.1622606248712446,0.7623201816952623,-0.27138862559709903,0.07782279582240507,0.10413680885837828,0.7473130459397966,-0.29127111076511697,Energy,1
electricity/15T/short|H=336|L=2048|Hsrc=controlled|Lsrc=controlled|origins=shared_origin_v1:Hmax=720,joint-scaling,release,standard_hl_shared_origin_v1,electricity/15T/short,Granite-FlowState-r1.1,flowstate,granite-timeseries-flowstate-r1.1,18.524928,18.524928,336,controlled,shared_origin_v1:Hmax=720,720,720,2048,controlled,125856,139536,2048,2048,16,16,100,[],merged,2,370,2486400,1571221544.6917512,,100,,float32,native_horizon,336,,continuous_decoder,326205.2547872426,326205.2547872426,57.55257940697394,0.8478367751849064,0.11962919711084173,0.11556808808663635,8.480831039157177,571.1438127015319,0.9038139660818415,0.091074828957729,0.07411715431875888,0.8478367751849064,1.1622606248712446,0.7294721657449507,-0.3154340669974658,0.07411715431875888,0.10413680885837828,0.7117286877837319,-0.34005849667415466,Energy,1
electricity/15T/short|H=336|L=4096|Hsrc=controlled|Lsrc=controlled|origins=shared_origin_v1:Hmax=720,joint-scaling,release,standard_hl_shared_origin_v1,electricity/15T/short,Granite-FlowState-r1.1,flowstate,granite-timeseries-flowstate-r1.1,18.524928,18.524928,336,controlled,shared_origin_v1:Hmax=720,720,720,4096,controlled,125856,139536,4096,4096,16,16,100,[],merged,2,370,2486400,1571221544.6917512,,100,,float32,native_horizon,336,,continuous_decoder,295666.2428655888,295666.2428655888,55.8043337883084,0.8313186832698216,0.11912150672586369,0.11628659977744299,8.047462078240368,543.7520049301785,0.8604674430706294,0.08830829490596816,0.07130535046200503,0.8313186832698216,1.1622606248712446,0.7152601279613299,-0.3351089871223481,0.07130535046200503,0.10413680885837828,0.684727631312165,-0.37873413831350417,Energy,1
electricity/15T/short|H=720|L=128|Hsrc=controlled|Lsrc=controlled|origins=shared_origin_v1:Hmax=720,joint-scaling,release,standard_hl_shared_origin_v1,electricity/15T/short,Granite-FlowState-r1.1,flowstate,granite-timeseries-flowstate-r1.1,18.524928,18.524928,720,controlled,shared_origin_v1:Hmax=720,720,720,128,controlled,125856,139536,128,128,16,16,100,[],merged,2,370,5328000,3377233537.273105,,100,,float32,native_horizon,720,,continuous_decoder,448371.4104436937,448371.4104436937,76.5768510228979,1.1545816488586225,0.19119325196864426,0.16419618634301147,11.549690526353361,669.6054139892342,1.0563846433360038,0.12080937185630179,0.09815911539236052,1.1545816488586225,1.1635317074801095,0.9923078515489102,-0.00772188561827723,0.09815911539236052,0.11255332059997462,0.872112123117429,-0.13683728178237256,Energy,1
electricity/15T/short|H=720|L=256|Hsrc=controlled|Lsrc=controlled|origins=shared_origin_v1:Hmax=720,joint-scaling,release,standard_hl_shared_origin_v1,electricity/15T/short,Granite-FlowState-r1.1,flowstate,granite-timeseries-flowstate-r1.1,18.524928,18.524928,720,controlled,shared_origin_v1:Hmax=720,720,720,256,controlled,125856,139536,256,256,16,16,100,[],merged,2,370,5328000,3377233537.273105,,100,,float32,native_horizon,720,,continuous_decoder,524649.3955960961,524649.3955960961,75.05522961242492,1.0948771259517203,0.17577569515519859,0.15298884179665234,10.42075845763635,724.3268568789205,1.1427144290906666,0.11840882750971626,0.09551406092401614,1.0948771259517203,1.1635317074801095,0.9409946621247854,-0.060817811968866146,0.09551406092401614,0.11255332059997462,0.8486116661407294,-0.16415359879399757,Energy,1
electricity/15T/short|H=720|L=512|Hsrc=controlled|Lsrc=controlled|origins=shared_origin_v1:Hmax=720,joint-scaling,release,standard_hl_shared_origin_v1,electricity/15T/short,Granite-FlowState-r1.1,flowstate,granite-timeseries-flowstate-r1.1,18.524928,18.524928,720,controlled,shared_origin_v1:Hmax=720,720,720,512,controlled,125856,139536,512,512,16,16,100,[],merged,2,370,5328000,3377233537.273105,,100,,float32,native_horizon,720,,continuous_decoder,391888.83198873873,391888.83198873873,68.78019603978979,0.9948843315870975,0.1529766596929743,0.13639086102655057,9.59295097312545,626.0102491083821,0.9876079253739033,0.10850919264407553,0.08792197810659315,0.9948843315870975,1.1635317074801095,0.8550556252065912,-0.15658875344044437,0.08792197810659315,0.11255332059997462,0.7811584557249657,-0.2469772614692923,Energy,1
electricity/15T/short|H=720|L=1024|Hsrc=controlled|Lsrc=controlled|origins=shared_origin_v1:Hmax=720,joint-scaling,release,standard_hl_shared_origin_v1,electricity/15T/short,Granite-FlowState-r1.1,flowstate,granite-timeseries-flowstate-r1.1,18.524928,18.524928,720,controlled,shared_origin_v1:Hmax=720,720,720,1024,controlled,125856,139536,1024,1024,16,16,100,[],merged,2,370,5328000,3377233537.273105,,100,,float32,native_horizon,720,,continuous_decoder,380262.47127402405,380262.47127402405,63.965824840465466,0.9364522130306036,0.1387481363544565,0.1262016596692851,9.333445279777456,616.6542558630598,0.9728476988568686,0.1009139317694866,0.08236981507894002,0.9364522130306036,1.1635317074801095,0.8048360066256399,-0.21711674079446727,0.08236981507894002,0.11255332059997462,0.7318292755812181,-0.3122080223034935,Energy,1
electricity/15T/short|H=720|L=2048|Hsrc=controlled|Lsrc=controlled|origins=shared_origin_v1:Hmax=720,joint-scaling,release,standard_hl_shared_origin_v1,electricity/15T/short,Granite-FlowState-r1.1,flowstate,granite-timeseries-flowstate-r1.1,18.524928,18.524928,720,controlled,shared_origin_v1:Hmax=720,720,720,2048,controlled,125856,139536,2048,2048,16,16,100,[],merged,2,370,5328000,3377233537.273105,,100,,float32,native_horizon,720,,continuous_decoder,357533.62230067566,357533.62230067566,60.633028387762764,0.8975126246216727,0.13157682341520266,0.12182228167037702,8.417497950034429,597.941152874324,0.9433254844101624,0.09565603671898981,0.07735743044682515,0.8975126246216727,1.1635317074801095,0.7713692878773702,-0.25958804748597736,0.07735743044682515,0.11255332059997462,0.6872958526186973,-0.3749904351828418,Energy,1
electricity/15T/short|H=720|L=4096|Hsrc=controlled|Lsrc=controlled|origins=shared_origin_v1:Hmax=720,joint-scaling,release,standard_hl_shared_origin_v1,electricity/15T/short,Granite-FlowState-r1.1,flowstate,granite-timeseries-flowstate-r1.1,18.524928,18.524928,720,controlled,shared_origin_v1:Hmax=720,720,720,4096,controlled,125856,139536,4096,4096,16,16,100,[],merged,2,370,5328000,3377233537.273105,,100,,float32,native_horizon,720,,continuous_decoder,325220.71603866364,325220.71603866364,58.508693271396396,0.8772829327554367,0.12960865823309672,0.12305846797326599,7.881548600727387,570.2812604659771,0.8996886126554583,0.09230463760042637,0.07410419376303409,0.8772829327554367,1.1635317074801095,0.7539828327114444,-0.2823856795205914,0.07410419376303409,0.11255332059997462,0.6583918925538195,-0.41795494355624224,Energy,1
electricity/H/short|H=48|L=128|Hsrc=controlled|Lsrc=controlled|origins=shared_origin_v1:Hmax=720,joint-scaling,release,standard_hl_shared_origin_v1,electricity/H/short,Granite-FlowState-r1.1,flowstate,granite-timeseries-flowstate-r1.1,18.524928,18.524928,48,controlled,shared_origin_v1:Hmax=720,720,720,128,controlled,31464,34344,128,128,16,16,100,[],merged,2,370,88800,233807888.7616248,,100,,float32,native_horizon,48,,continuous_decoder,3237657.421981982,3237657.421981982,199.82317004504503,0.8731123111386142,0.15022259664206233,0.11068990908764852,7.827866561195123,1799.349166221493,0.6833909959444184,0.07589263815683706,0.06073025168581754,0.8731123111386142,1.094084047932727,0.7980303823900557,-0.22560860908659713,0.06073025168581754,0.08020420811235865,0.757195328214451,-0.27813402948315663,Energy,1
electricity/H/short|H=48|L=256|Hsrc=controlled|Lsrc=controlled|origins=shared_origin_v1:Hmax=720,joint-scaling,release,standard_hl_shared_origin_v1,electricity/H/short,Granite-FlowState-r1.1,flowstate,granite-timeseries-flowstate-r1.1,18.524928,18.524928,48,controlled,shared_origin_v1:Hmax=720,720,720,256,controlled,31464,34344,256,256,16,16,100,[],merged,2,370,88800,233807888.7616248,,100,,float32,native_horizon,48,,continuous_decoder,3150317.0636036037,3150317.0636036037,186.15571860923424,0.7976231653261328,0.11553833246371575,0.09580447324259604,7.515980952713654,1774.9132552335068,0.6741102616320468,0.0707017539059751,0.05654192581267283,0.7976231653261328,1.094084047932727,0.7290328077017872,-0.31603654427996,0.05654192581267283,0.08020420811235865,0.7049745536227082,-0.3495935709734649,Energy,1
electricity/H/short|H=48|L=512|Hsrc=controlled|Lsrc=controlled|origins=shared_origin_v1:Hmax=720,joint-scaling,release,standard_hl_shared_origin_v1,electricity/H/short,Granite-FlowState-r1.1,flowstate,granite-timeseries-flowstate-r1.1,18.524928,18.524928,48,controlled,shared_origin_v1:Hmax=720,720,720,512,controlled,31464,34344,512,512,16,16,100,[],merged,2,370,88800,233807888.7616248,,100,,float32,native_horizon,48,,continuous_decoder,2630582.625405405,2630582.625405405,172.22687359234234,0.754000057511848,0.08820785423908252,0.08716865822120455,7.187233686705564,1621.9070951831382,0.615998676584867,0.06541159263703245,0.05286181939860419,0.754000057511848,1.094084047932727,0.6891610008724027,-0.37228036201124526,0.05286181939860419,0.08020420811235865,0.6590903475357514,-0.4168946559468722,Energy,1
electricity/H/short|H=48|L=1024|Hsrc=controlled|Lsrc=controlled|origins=shared_origin_v1:Hmax=720,joint-scaling,release,standard_hl_shared_origin_v1,electricity/H/short,Granite-FlowState-r1.1,flowstate,granite-timeseries-flowstate-r1.1,18.524928,18.524928,48,controlled,shared_origin_v1:Hmax=720,720,720,1024,controlled,31464,34344,1024,1024,16,16,100,[],merged,2,370,88800,233807888.7616248,,100,,float32,native_horizon,48,,continuous_decoder,2855766.568108108,2855766.568108108,171.9886402027027,0.7442448455467532,0.08510890578902439,0.08811164238697582,7.023807350632396,1689.9013486319573,0.6418228253688756,0.06532111183626885,0.05255268801263264,0.7442448455467532,1.094084047932727,0.6802446731153833,-0.3853027321243288,0.05255268801263264,0.08020420811235865,0.6552360437124596,-0.4227597361852162,Energy,1
electricity/H/short|H=48|L=2048|Hsrc=controlled|Lsrc=controlled|origins=shared_origin_v1:Hmax=720,joint-scaling,release,standard_hl_shared_origin_v1,electricity/H/short,Granite-FlowState-r1.1,flowstate,granite-timeseries-flowstate-r1.1,18.524928,18.524928,48,controlled,shared_origin_v1:Hmax=720,720,720,2048,controlled,31464,34344,2048,2048,16,16,100,[],merged,2,370,88800,233807888.7616248,,100,,float32,native_horizon,48,,continuous_decoder,2742657.116756757,2742657.116756757,169.36424936655405,0.7356057057317472,0.08365650252774572,0.08589013408145975,6.918777930907942,1656.0969527043871,0.6289839499388481,0.06432437084739828,0.05175766196929983,0.7356057057317472,1.094084047932727,0.6723484426280367,-0.39697855702633106,0.05175766196929983,0.08020420811235865,0.6453235208904768,-0.4380035051610242,Energy,1
electricity/H/short|H=48|L=4096|Hsrc=controlled|Lsrc=controlled|origins=shared_origin_v1:Hmax=720,joint-scaling,release,standard_hl_shared_origin_v1,electricity/H/short,Granite-FlowState-r1.1,flowstate,granite-timeseries-flowstate-r1.1,18.524928,18.524928,48,controlled,shared_origin_v1:Hmax=720,720,720,4096,controlled,31464,34344,4054,4054,16,16,100,[],merged,2,370,88800,233807888.7616248,,100,,float32,native_horizon,48,,continuous_decoder,2799214.110990991,2799214.110990991,168.07267032657657,0.7283236936903048,0.08263708846942136,0.08486581846884915,6.822655167032591,1673.0852073313513,0.6354360718876179,0.06383383043254114,0.05109250816471339,0.7283236936903048,1.094084047932727,0.6656926358322044,-0.4069272227286836,0.05109250816471339,0.08020420811235865,0.6370302677028807,-0.45093810852174265,Energy,1
electricity/H/short|H=96|L=128|Hsrc=controlled|Lsrc=controlled|origins=shared_origin_v1:Hmax=720,joint-scaling,release,standard_hl_shared_origin_v1,electricity/H/short,Granite-FlowState-r1.1,flowstate,granite-timeseries-flowstate-r1.1,18.524928,18.524928,96,controlled,shared_origin_v1:Hmax=720,720,720,128,controlled,31464,34344,128,128,16,16,100,[],merged,2,370,177600,461364305.2107418,,100,,float32,native_horizon,96,,continuous_decoder,6086958.725765766,6086958.725765766,242.517734375,0.9643195859119592,0.158006345842511,0.11480416909644461,8.854745706163653,2467.1762656457618,0.9497277960819702,0.09335605103937544,0.07567877650688853,0.9643195859119592,1.2416698443439862,0.7766312359961033,-0.25278964102021106,0.07567877650688853,0.09885782226113703,0.7655314953932519,-0.26718492117329024,Energy,1
electricity/H/short|H=96|L=256|Hsrc=controlled|Lsrc=controlled|origins=shared_origin_v1:Hmax=720,joint-scaling,release,standard_hl_shared_origin_v1,electricity/H/short,Granite-FlowState-r1.1,flowstate,granite-timeseries-flowstate-r1.1,18.524928,18.524928,96,controlled,shared_origin_v1:Hmax=720,720,720,256,controlled,31464,34344,256,256,16,16,100,[],merged,2,370,177600,461364305.2107418,,100,,float32,native_horizon,96,,continuous_decoder,6626223.029009009,6626223.029009009,234.4939407376126,0.9019576319222294,0.1487728072588146,0.10314739552532866,8.644670954281482,2574.145106440002,0.9909049437513794,0.09026732975360306,0.07314414150939755,0.9019576319222294,1.2416698443439862,0.7264069720552507,-0.3196448536474327,0.07314414150939755,0.09885782226113703,0.739892300238865,-0.30125064359367687,Energy,1
electricity/H/short|H=96|L=512|Hsrc=controlled|Lsrc=controlled|origins=shared_origin_v1:Hmax=720,joint-scaling,release,standard_hl_shared_origin_v1,electricity/H/short,Granite-FlowState-r1.1,flowstate,granite-timeseries-flowstate-r1.1,18.524928,18.524928,96,controlled,shared_origin_v1:Hmax=720,720,720,512,controlled,31464,34344,512,512,16,16,100,[],merged,2,370,177600,461364305.2107418,,100,,float32,native_horizon,96,,continuous_decoder,5691453.661621623,5691453.661621623,218.60786317567567,0.856868504128245,0.11781504567398497,0.09633603622954207,8.37491691738488,2385.6767722433865,0.9183549528325335,0.08415205957961061,0.06899244551564897,0.856868504128245,1.2416698443439862,0.6900936734764272,-0.37092793194371637,0.06899244551564897,0.09885782226113703,0.6978956640720101,-0.3596856657996374,Energy,1
electricity/H/short|H=96|L=1024|Hsrc=controlled|Lsrc=controlled|origins=shared_origin_v1:Hmax=720,joint-scaling,release,standard_hl_shared_origin_v1,electricity/H/short,Granite-FlowState-r1.1,flowstate,granite-timeseries-flowstate-r1.1,18.524928,18.524928,96,controlled,shared_origin_v1:Hmax=720,720,720,1024,controlled,31464,34344,1024,1024,16,16,100,[],merged,2,370,177600,461364305.2107418,,100,,float32,native_horizon,96,,continuous_decoder,6020923.017657658,6020923.017657658,219.25805109797298,0.8503765741431565,0.11457683760794092,0.09663316089472514,8.318324057908374,2453.756919023899,0.9445620822780942,0.08440234633499204,0.06930603502458056,0.8503765741431565,1.2416698443439862,0.6848652868689402,-0.37853312156551805,0.06930603502458056,0.09885782226113703,0.7010677904830415,-0.35515069122657694,Energy,1
electricity/H/short|H=96|L=2048|Hsrc=controlled|Lsrc=controlled|origins=shared_origin_v1:Hmax=720,joint-scaling,release,standard_hl_shared_origin_v1,electricity/H/short,Granite-FlowState-r1.1,flowstate,granite-timeseries-flowstate-r1.1,18.524928,18.524928,96,controlled,shared_origin_v1:Hmax=720,720,720,2048,controlled,31464,34344,2048,2048,16,16,100,[],merged,2,370,177600,461364305.2107418,,100,,float32,native_horizon,96,,continuous_decoder,5841149.66990991,5841149.66990991,216.83233811936938,0.8419060119487201,0.11198075635258392,0.0952424720392058,8.137220113664156,2416.8470514101446,0.9303538038868812,0.0834685796345031,0.0684000584599378,0.8419060119487201,1.2416698443439862,0.678043375043489,-0.38854401809765715,0.0684000584599378,0.09885782226113703,0.691903350644891,-0.36830899981690346,Energy,1
electricity/H/short|H=96|L=4096|Hsrc=controlled|Lsrc=controlled|origins=shared_origin_v1:Hmax=720,joint-scaling,release,standard_hl_shared_origin_v1,electricity/H/short,Granite-FlowState-r1.1,flowstate,granite-timeseries-flowstate-r1.1,18.524928,18.524928,96,controlled,shared_origin_v1:Hmax=720,720,720,4096,controlled,31464,34344,4006,4006,16,16,100,[],merged,2,370,177600,461364305.2107418,,100,,float32,native_horizon,96,,continuous_decoder,5746534.658198198,5746534.658198198,214.3225464527027,0.8377197504086681,0.10699728431606566,0.09322560189161647,7.970789297991375,2397.1930790401925,0.9227881004861617,0.08250244724201905,0.06734440655060671,0.8377197504086681,1.2416698443439862,0.6746718978677155,-0.3935287835164554,0.06734440655060671,0.09885782226113703,0.6812248642572125,-0.3838628301885502,Energy,1
electricity/H/short|H=192|L=128|Hsrc=controlled|Lsrc=controlled|origins=shared_origin_v1:Hmax=720,joint-scaling,release,standard_hl_shared_origin_v1,electricity/H/short,Granite-FlowState-r1.1,flowstate,granite-timeseries-flowstate-r1.1,18.524928,18.524928,192,controlled,shared_origin_v1:Hmax=720,720,720,128,controlled,31464,34344,128,128,16,16,100,[],merged,2,370,355200,922876130.8595798,,100,,float32,native_horizon,192,,continuous_decoder,6615667.74990991,6615667.74990991,259.7599514358108,1.0820601053054872,0.2506333604103372,0.12485958329926576,9.89786176637797,2572.094039865166,0.9899571268672425,0.09997737688162057,0.08103102608748376,1.0820601053054872,1.3024259480127716,0.8308035531359642,-0.18536191022480394,0.08103102608748376,0.10708945156262589,0.7566667389280337,-0.2788323616751989,Energy,1
electricity/H/short|H=192|L=256|Hsrc=controlled|Lsrc=controlled|origins=shared_origin_v1:Hmax=720,joint-scaling,release,standard_hl_shared_origin_v1,electricity/H/short,Granite-FlowState-r1.1,flowstate,granite-timeseries-flowstate-r1.1,18.524928,18.524928,192,controlled,shared_origin_v1:Hmax=720,720,720,256,controlled,31464,34344,256,256,16,16,100,[],merged,2,370,355200,922876130.8595798,,100,,float32,native_horizon,192,,continuous_decoder,7827247.1632432435,7827247.1632432435,253.81680532094595,1.0207609989707884,0.21613148649993055,0.11298517530120314,10.115264817481364,2797.7217808858773,1.0767975715712466,0.09768995668576637,0.07935954341878436,1.0207609989707884,1.3024259480127716,0.7837382236803984,-0.2436802127550394,0.07935954341878436,0.10708945156262589,0.7410584540380704,-0.29967577145580965,Energy,1
electricity/H/short|H=192|L=512|Hsrc=controlled|Lsrc=controlled|origins=shared_origin_v1:Hmax=720,joint-scaling,release,standard_hl_shared_origin_v1,electricity/H/short,Granite-FlowState-r1.1,flowstate,granite-timeseries-flowstate-r1.1,18.524928,18.524928,192,controlled,shared_origin_v1:Hmax=720,720,720,512,controlled,31464,34344,512,512,16,16,100,[],merged,2,370,355200,922876130.8595798,,100,,float32,native_horizon,192,,continuous_decoder,6788265.70018018,6788265.70018018,236.51016047297298,0.9667133932619949,0.1986278228496785,0.10748112381133919,9.61223929518661,2605.430041313752,1.0027876111745015,0.0910289108049131,0.07449395617712158,0.9667133932619949,1.3024259480127716,0.7422405816906493,-0.29808185428283507,0.07449395617712158,0.10708945156262589,0.6956236593812186,-0.3629464841689649,Energy,1
electricity/H/short|H=192|L=1024|Hsrc=controlled|Lsrc=controlled|origins=shared_origin_v1:Hmax=720,joint-scaling,release,standard_hl_shared_origin_v1,electricity/H/short,Granite-FlowState-r1.1,flowstate,granite-timeseries-flowstate-r1.1,18.524928,18.524928,192,controlled,shared_origin_v1:Hmax=720,720,720,1024,controlled,31464,34344,1024,1024,16,16,100,[],merged,2,370,355200,922876130.8595798,,100,,float32,native_horizon,192,,continuous_decoder,6938333.895495496,6938333.895495496,237.0537598536036,0.9616091582576964,0.19415050664929015,0.10906617720918024,9.697933259444028,2634.071733171953,1.0138113321353603,0.09123813335769508,0.07476543889594457,0.9616091582576964,1.3024259480127716,0.7383215604118684,-0.30337583056423034,0.07476543889594457,0.10708945156262589,0.6981587617172711,-0.3593087497661138,Energy,1
electricity/H/short|H=192|L=2048|Hsrc=controlled|Lsrc=controlled|origins=shared_origin_v1:Hmax=720,joint-scaling,release,standard_hl_shared_origin_v1,electricity/H/short,Granite-FlowState-r1.1,flowstate,granite-timeseries-flowstate-r1.1,18.524928,18.524928,192,controlled,shared_origin_v1:Hmax=720,720,720,2048,controlled,31464,34344,2048,2048,16,16,100,[],merged,2,370,355200,922876130.8595798,,100,,float32,native_horizon,192,,continuous_decoder,6247884.8133333335,6247884.8133333335,229.21889780405405,0.9465408080809953,0.18912408142227258,0.10713181306359737,9.349389174100109,2499.5769268684917,0.9620464705233328,0.08822262249232257,0.07194355557620571,0.9465408080809953,1.3024259480127716,0.7267521117229104,-0.3191698338398942,0.07194355557620571,0.10708945156262589,0.6718080494990035,-0.3977826198885243,Energy,1
electricity/H/short|H=192|L=4096|Hsrc=controlled|Lsrc=controlled|origins=shared_origin_v1:Hmax=720,joint-scaling,release,standard_hl_shared_origin_v1,electricity/H/short,Granite-FlowState-r1.1,flowstate,granite-timeseries-flowstate-r1.1,18.524928,18.524928,192,controlled,shared_origin_v1:Hmax=720,720,720,4096,controlled,31464,34344,3910,3910,16,16,100,[],merged,2,370,355200,922876130.8595798,,100,,float32,native_horizon,192,,continuous_decoder,5869238.855855856,5869238.855855856,224.6322825168919,0.9453453462208736,0.18514972239848174,0.10436687451476577,9.078132836635369,2422.6512039201716,0.9324390119732962,0.08645730893016275,0.07021693550678032,0.9453453462208736,1.3024259480127716,0.7258342385325416,-0.3204336118072025,0.07021693550678032,0.10708945156262589,0.6556848922297214,-0.42207495265251743,Energy,1
electricity/H/short|H=336|L=128|Hsrc=controlled|Lsrc=controlled|origins=shared_origin_v1:Hmax=720,joint-scaling,release,standard_hl_shared_origin_v1,electricity/H/short,Granite-FlowState-r1.1,flowstate,granite-timeseries-flowstate-r1.1,18.524928,18.524928,336,controlled,shared_origin_v1:Hmax=720,720,720,128,controlled,31464,34344,128,128,16,16,100,[],merged,2,370,621600,1596780052.5079927,,100,,float32,native_horizon,336,,continuous_decoder,8754682.578532819,8754682.578532819,289.07162966537965,1.1851527688330572,0.27804237398876713,0.13277383577784854,10.573241753568738,2958.8312859189555,1.1518239625040758,0.11253079265223384,0.09111398939090135,1.1851527688330572,1.3838015311650305,0.8564470714490902,-0.15496275945073787,0.09111398939090135,0.12359715633134309,0.7371851593950927,-0.3049161844321115,Energy,1
electricity/H/short|H=336|L=256|Hsrc=controlled|Lsrc=controlled|origins=shared_origin_v1:Hmax=720,joint-scaling,release,standard_hl_shared_origin_v1,electricity/H/short,Granite-FlowState-r1.1,flowstate,granite-timeseries-flowstate-r1.1,18.524928,18.524928,336,controlled,shared_origin_v1:Hmax=720,720,720,256,controlled,31464,34344,256,256,16,16,100,[],merged,2,370,621600,1596780052.5079927,,100,,float32,native_horizon,336,,continuous_decoder,11166459.657142857,11166459.657142857,290.8304971042471,1.1435192308918107,0.2598027487591718,0.12255496121859606,10.993367121735481,3341.6253017271188,1.3008393261746234,0.11321549058435217,0.09213777606349348,1.1435192308918107,1.3838015311650305,0.8263607209113834,-0.19072389266523782,0.09213777606349348,0.12359715633134309,0.7454684136622663,-0.29374251500792553,Energy,1
electricity/H/short|H=336|L=512|Hsrc=controlled|Lsrc=controlled|origins=shared_origin_v1:Hmax=720,joint-scaling,release,standard_hl_shared_origin_v1,electricity/H/short,Granite-FlowState-r1.1,flowstate,granite-timeseries-flowstate-r1.1,18.524928,18.524928,336,controlled,shared_origin_v1:Hmax=720,720,720,512,controlled,31464,34344,512,512,16,16,100,[],merged,2,370,621600,1596780052.5079927,,100,,float32,native_horizon,336,,continuous_decoder,8854604.33173745,8854604.33173745,264.2181129343629,1.0719182794982773,0.2424937077973033,0.11743136056682879,10.289654265173667,2975.668720092586,1.1583784964650246,0.1028557306574807,0.08387249442225596,1.0719182794982773,1.3838015311650305,0.7746185094880067,-0.25538461664346424,0.08387249442225596,0.12359715633134309,0.6785956644294305,-0.3877298156452986,Energy,1
electricity/H/short|H=336|L=1024|Hsrc=controlled|Lsrc=controlled|origins=shared_origin_v1:Hmax=720,joint-scaling,release,standard_hl_shared_origin_v1,electricity/H/short,Granite-FlowState-r1.1,flowstate,granite-timeseries-flowstate-r1.1,18.524928,18.524928,336,controlled,shared_origin_v1:Hmax=720,720,720,1024,controlled,31464,34344,1024,1024,16,16,100,[],merged,2,370,621600,1596780052.5079927,,100,,float32,native_horizon,336,,continuous_decoder,9102212.624144142,9102212.624144142,268.07520028957526,1.0827810311575343,0.23572350572909498,0.12011869266894491,10.791956848559572,3016.987342390442,1.1744631510672703,0.10435723081477176,0.08552386376062031,1.0827810311575343,1.3838015311650305,0.7824684441893447,-0.24530168429555613,0.08552386376062031,0.12359715633134309,0.69195656517651,-0.3682320924203716,Energy,1
electricity/H/short|H=336|L=2048|Hsrc=controlled|Lsrc=controlled|origins=shared_origin_v1:Hmax=720,joint-scaling,release,standard_hl_shared_origin_v1,electricity/H/short,Granite-FlowState-r1.1,flowstate,granite-timeseries-flowstate-r1.1,18.524928,18.524928,336,controlled,shared_origin_v1:Hmax=720,720,720,2048,controlled,31464,34344,2048,2048,16,16,100,[],merged,2,370,621600,1596780052.5079927,,100,,float32,native_horizon,336,,continuous_decoder,7331558.973281853,7331558.973281853,250.57787162162163,1.049870957553928,0.22818841755703384,0.11800022952739835,10.295280660207549,2707.6851687893577,1.054056943081107,0.09754581086816297,0.07929482357359022,1.049870957553928,1.3838015311650305,0.7586860788266621,-0.2761671855257543,0.07929482357359022,0.12359715633134309,0.6415586404028115,-0.44385468772025005,Energy,1
electricity/H/short|H=336|L=4096|Hsrc=controlled|Lsrc=controlled|origins=shared_origin_v1:Hmax=720,joint-scaling,release,standard_hl_shared_origin_v1,electricity/H/short,Granite-FlowState-r1.1,flowstate,granite-timeseries-flowstate-r1.1,18.524928,18.524928,336,controlled,shared_origin_v1:Hmax=720,720,720,4096,controlled,31464,34344,3766,3766,16,16,100,[],merged,2,370,621600,1596780052.5079927,,100,,float32,native_horizon,336,,continuous_decoder,6803799.208030888,6803799.208030888,245.77005308880308,1.0522713884219883,0.22590369810798572,0.11553294335234089,10.166755727807503,2608.409325246114,1.0154105031725202,0.09567420682645038,0.07756830002969019,1.0522713884219883,1.3838015311650305,0.7604207429486474,-0.273883389743811,0.07756830002969019,0.12359715633134309,0.6275896819320235,-0.4658686987746213,Energy,1
electricity/H/short|H=720|L=128|Hsrc=controlled|Lsrc=controlled|origins=shared_origin_v1:Hmax=720,joint-scaling,release,standard_hl_shared_origin_v1,electricity/H/short,Granite-FlowState-r1.1,flowstate,granite-timeseries-flowstate-r1.1,18.524928,18.524928,720,controlled,shared_origin_v1:Hmax=720,720,720,128,controlled,31464,34344,128,128,16,16,100,[],merged,2,370,1332000,3377284407.603507,,100,,float32,native_horizon,720,,continuous_decoder,12513519.071711712,12513519.071711712,329.21373123123124,1.359312582823489,0.3655632072505252,0.14991246154439003,12.460935958030847,3537.4452747302976,1.395167399977506,0.12984180100815523,0.10593667314899821,1.359312582823489,1.5240786163583666,0.8918913816082733,-0.1144109233140863,0.10593667314899821,0.1534183911456428,0.6905083044993651,-0.37032727941385146,Energy,1
electricity/H/short|H=720|L=256|Hsrc=controlled|Lsrc=controlled|origins=shared_origin_v1:Hmax=720,joint-scaling,release,standard_hl_shared_origin_v1,electricity/H/short,Granite-FlowState-r1.1,flowstate,granite-timeseries-flowstate-r1.1,18.524928,18.524928,720,controlled,shared_origin_v1:Hmax=720,720,720,256,controlled,31464,34344,256,256,16,16,100,[],merged,2,370,1332000,3377284407.603507,,100,,float32,native_horizon,720,,continuous_decoder,19185636.146738738,19185636.146738738,350.3019436936937,1.3503813577890538,0.3368527914581389,0.14139541751035536,13.269250740298263,4380.141110368333,1.7275263954304119,0.13815898594430104,0.11359075245898304,1.3503813577890538,1.5240786163583666,0.8860313000228656,-0.12100300166147449,0.11359075245898304,0.1534183911456428,0.7403985376899783,-0.3005666733117867,Energy,1
electricity/H/short|H=720|L=512|Hsrc=controlled|Lsrc=controlled|origins=shared_origin_v1:Hmax=720,joint-scaling,release,standard_hl_shared_origin_v1,electricity/H/short,Granite-FlowState-r1.1,flowstate,granite-timeseries-flowstate-r1.1,18.524928,18.524928,720,controlled,shared_origin_v1:Hmax=720,720,720,512,controlled,31464,34344,512,512,16,16,100,[],merged,2,370,1332000,3377284407.603507,,100,,float32,native_horizon,720,,continuous_decoder,11990560.478174176,11990560.478174176,303.1054962462462,1.2554477954990968,0.31524632940166464,0.13575050595214053,12.639773977605136,3462.73886947517,1.365703215209472,0.11954472063147564,0.097810200750663,1.2554477954990968,1.5240786163583666,0.823742149534821,-0.1938977233658295,0.097810200750663,0.1534183911456428,0.637538954881948,-0.4501398981192596,Energy,1
electricity/H/short|H=720|L=1024|Hsrc=controlled|Lsrc=controlled|origins=shared_origin_v1:Hmax=720,joint-scaling,release,standard_hl_shared_origin_v1,electricity/H/short,Granite-FlowState-r1.1,flowstate,granite-timeseries-flowstate-r1.1,18.524928,18.524928,720,controlled,shared_origin_v1:Hmax=720,720,720,1024,controlled,31464,34344,1024,1024,16,16,100,[],merged,2,370,1332000,3377284407.603507,,100,,float32,native_horizon,720,,continuous_decoder,11863392.575039038,11863392.575039038,302.1932552552553,1.2649277410120239,0.30833658655342827,0.13791494269649943,13.150690314222057,3444.327594036177,1.358441813466247,0.11918493304673322,0.09797746009005173,1.2649277410120239,1.5240786163583666,0.8299622653550787,-0.18637504265260246,0.09797746009005173,0.1534183911456428,0.6386291718900897,-0.4484313187393361,Energy,1
electricity/H/short|H=720|L=2048|Hsrc=controlled|Lsrc=controlled|origins=shared_origin_v1:Hmax=720,joint-scaling,release,standard_hl_shared_origin_v1,electricity/H/short,Granite-FlowState-r1.1,flowstate,granite-timeseries-flowstate-r1.1,18.524928,18.524928,720,controlled,shared_origin_v1:Hmax=720,720,720,2048,controlled,31464,34344,2048,2048,16,16,100,[],merged,2,370,1332000,3377284407.603507,,100,,float32,native_horizon,720,,continuous_decoder,9406561.528312312,9406561.528312312,280.7091291291291,1.2186142772249544,0.29579293779083365,0.13738255176495226,12.639459030768876,3067.0118239603044,1.209628582158407,0.11071159987539207,0.09037304038367677,1.2186142772249544,1.5240786163583666,0.7995744209945753,-0.22367566661923174,0.09037304038367677,0.1534183911456428,0.5890626261220798,-0.5292227747992811,Energy,1
electricity/H/short|H=720|L=4096|Hsrc=controlled|Lsrc=controlled|origins=shared_origin_v1:Hmax=720,joint-scaling,release,standard_hl_shared_origin_v1,electricity/H/short,Granite-FlowState-r1.1,flowstate,granite-timeseries-flowstate-r1.1,18.524928,18.524928,720,controlled,shared_origin_v1:Hmax=720,720,720,4096,controlled,31464,34344,3382,3382,16,16,100,[],merged,2,370,1332000,3377284407.603507,,100,,float32,native_horizon,720,,continuous_decoder,9074914.23711712,9074914.23711712,274.2721629129129,1.211927942485549,0.2957334836713189,0.13554740222987874,12.672180867761197,3012.459831618858,1.1881132920527782,0.1081728622491807,0.08841821074997085,1.211927942485549,1.5240786163583666,0.7951872885542673,-0.22917760898601441,0.08841821074997085,0.1534183911456428,0.576320805411353,-0.5510908194883163,Energy,1
ett1/15T/short|H=48|L=128|Hsrc=controlled|Lsrc=controlled|origins=shared_origin_v1:Hmax=720,joint-scaling,release,standard_hl_shared_origin_v1,ett1/15T/short,Granite-FlowState-r1.1,flowstate,granite-timeseries-flowstate-r1.1,18.524928,18.524928,48,controlled,shared_origin_v1:Hmax=720,720,720,128,controlled,62480,68960,128,128,16,16,100,[],merged,2,7,3360,16478.703990906477,,100,,float32,native_horizon,48,,continuous_decoder,5.683055841355097,5.683055841355097,1.2173571450369698,0.8751394249705479,0.6352521580158059,0.32464376177106585,7.810425306514035,2.3839160726324025,0.48607936694930903,0.24821854980715713,0.20116363473655607,0.8751394249705479,0.9939964905165176,0.8804250651989655,-0.12735045949547547,0.20116363473655607,0.274987154404103,0.7315382973887546,-0.31260570529397796,Energy,7
ett1/15T/short|H=48|L=256|Hsrc=controlled|Lsrc=controlled|origins=shared_origin_v1:Hmax=720,joint-scaling,release,standard_hl_shared_origin_v1,ett1/15T/short,Granite-FlowState-r1.1,flowstate,granite-timeseries-flowstate-r1.1,18.524928,18.524928,48,controlled,shared_origin_v1:Hmax=720,720,720,256,controlled,62480,68960,256,256,16,16,100,[],merged,2,7,3360,16478.703990906477,,100,,float32,native_horizon,48,,continuous_decoder,6.264041246686663,6.264041246686663,1.2266357421875,0.8491265484730464,0.7114689729923245,0.31651982806977774,9.795976423647359,2.5028066738537085,0.5103211046687335,0.25011045140591065,0.20425067220439178,0.8491265484730464,0.9939964905165176,0.8542550769287008,-0.15752544486280906,0.20425067220439178,0.274987154404103,0.7427644125668447,-0.29737636049668914,Energy,7
ett1/15T/short|H=48|L=512|Hsrc=controlled|Lsrc=controlled|origins=shared_origin_v1:Hmax=720,joint-scaling,release,standard_hl_shared_origin_v1,ett1/15T/short,Granite-FlowState-r1.1,flowstate,granite-timeseries-flowstate-r1.1,18.524928,18.524928,48,controlled,shared_origin_v1:Hmax=720,720,720,512,controlled,62480,68960,512,512,16,16,100,[],merged,2,7,3360,16478.703990906477,,100,,float32,native_horizon,48,,continuous_decoder,5.795711372012184,5.795711372012184,1.1903270539783297,0.8287030186159953,0.571516387917066,0.3186484109787714,9.251834259519013,2.407428373184171,0.4908735139828098,0.24270712694240099,0.20055481929476981,0.8287030186159953,0.9939964905165176,0.8337081936631087,-0.18187182554248552,0.20055481929476981,0.274987154404103,0.7293243196373009,-0.31563676300014665,Energy,7
ett1/15T/short|H=48|L=1024|Hsrc=controlled|Lsrc=controlled|origins=shared_origin_v1:Hmax=720,joint-scaling,release,standard_hl_shared_origin_v1,ett1/15T/short,Granite-FlowState-r1.1,flowstate,granite-timeseries-flowstate-r1.1,18.524928,18.524928,48,controlled,shared_origin_v1:Hmax=720,720,720,1024,controlled,62480,68960,1024,1024,16,16,100,[],merged,2,7,3360,16478.703990906477,,100,,float32,native_horizon,48,,continuous_decoder,8.526905168805804,8.526905168805804,1.442722920009068,0.9316959937602879,0.7245125295770469,0.3628732227143787,10.164893747781472,2.9200865002266294,0.5954042651761812,0.29417052541908123,0.24036205193360397,0.9316959937602879,0.9939964905165176,0.9373232226163535,-0.06472710146027884,0.24036205193360397,0.274987154404103,0.8740846548067615,-0.13457804897049835,Energy,7
ett1/15T/short|H=48|L=2048|Hsrc=controlled|Lsrc=controlled|origins=shared_origin_v1:Hmax=720,joint-scaling,release,standard_hl_shared_origin_v1,ett1/15T/short,Granite-FlowState-r1.1,flowstate,granite-timeseries-flowstate-r1.1,18.524928,18.524928,48,controlled,shared_origin_v1:Hmax=720,720,720,2048,controlled,62480,68960,2048,2048,16,16,100,[],merged,2,7,3360,16478.703990906477,,100,,float32,native_horizon,48,,continuous_decoder,4.957729339599609,4.957729339599609,1.110906473795573,0.7578971957493363,0.4798429975155375,0.3117791039603097,7.813933875528528,2.2265959084664666,0.4540018594044656,0.22651330796480895,0.18359883256449447,0.7578971957493363,0.9939964905165176,0.762474719961541,-0.27118592519897994,0.18359883256449447,0.274987154404103,0.6676633058091497,-0.40397126573276976,Energy,7
ett1/15T/short|H=48|L=4096|Hsrc=controlled|Lsrc=controlled|origins=shared_origin_v1:Hmax=720,joint-scaling,release,standard_hl_shared_origin_v1,ett1/15T/short,Granite-FlowState-r1.1,flowstate,granite-timeseries-flowstate-r1.1,18.524928,18.524928,48,controlled,shared_origin_v1:Hmax=720,720,720,4096,controlled,62480,68960,4096,4096,16,16,100,[],merged,2,7,3360,16478.703990906477,,100,,float32,native_horizon,48,,continuous_decoder,5.2160524640764505,5.2160524640764505,1.1360762459891183,0.7732399390106136,0.4896773267965314,0.3213633582705543,7.612566512588544,2.283867873603123,0.46567958618233335,0.2316454126871816,0.18693639140281315,0.7732399390106136,0.9939964905165176,0.77791012985248,-0.25114427580447124,0.18693639140281315,0.274987154404103,0.6798004503443232,-0.38595597925443437,Energy,7
ett1/15T/short|H=96|L=128|Hsrc=controlled|Lsrc=controlled|origins=shared_origin_v1:Hmax=720,joint-scaling,release,standard_hl_shared_origin_v1,ett1/15T/short,Granite-FlowState-r1.1,flowstate,granite-timeseries-flowstate-r1.1,18.524928,18.524928,96,controlled,shared_origin_v1:Hmax=720,720,720,128,controlled,62480,68960,128,128,16,16,100,[],merged,2,7,6720,34135.138978496194,,100,,float32,native_horizon,96,,continuous_decoder,5.769684019542876,5.769684019542876,1.2721020108177548,0.9194301131067927,0.6371885028939012,0.34433214096795944,7.919682718291236,2.402016656799631,0.4728720144910518,0.2504318355955882,0.20310845250492157,0.9194301131067927,0.9821805215765067,0.9361111251025496,-0.06602108615145032,0.20310845250492157,0.25028356996012957,0.8115133268127707,-0.20885446971899768,Energy,7
ett1/15T/short|H=96|L=256|Hsrc=controlled|Lsrc=controlled|origins=shared_origin_v1:Hmax=720,joint-scaling,release,standard_hl_shared_origin_v1,ett1/15T/short,Granite-FlowState-r1.1,flowstate,granite-timeseries-flowstate-r1.1,18.524928,18.524928,96,controlled,shared_origin_v1:Hmax=720,720,720,256,controlled,62480,68960,256,256,16,16,100,[],merged,2,7,6720,34135.138978496194,,100,,float32,native_horizon,96,,continuous_decoder,6.928132883707682,6.928132883707682,1.3300101870582217,0.9076588931882,0.6360807401413158,0.33446162995837986,8.649469837729784,2.6321346629129145,0.5181741004750999,0.26183190473200163,0.21136371245593816,0.9076588931882,0.9821805215765067,0.9241263426109374,-0.07890648226033123,0.21136371245593816,0.25028356996012957,0.8444969539535041,-0.16901414966381378,Energy,7
ett1/15T/short|H=96|L=512|Hsrc=controlled|Lsrc=controlled|origins=shared_origin_v1:Hmax=720,joint-scaling,release,standard_hl_shared_origin_v1,ett1/15T/short,Granite-FlowState-r1.1,flowstate,granite-timeseries-flowstate-r1.1,18.524928,18.524928,96,controlled,shared_origin_v1:Hmax=720,720,720,512,controlled,62480,68960,512,512,16,16,100,[],merged,2,7,6720,34135.138978496194,,100,,float32,native_horizon,96,,continuous_decoder,6.460870760963076,6.460870760963076,1.2585892450241816,0.8752073593728404,0.5694574708511384,0.3373733338855562,9.42537062170199,2.5418242978150705,0.5003951878466842,0.2477716505531304,0.2056777582100451,0.8752073593728404,0.9821805215765067,0.8910860479782651,-0.11531428156350781,0.2056777582100451,0.25028356996012957,0.8217789055942017,-0.19628389140181549,Energy,7
ett1/15T/short|H=96|L=1024|Hsrc=controlled|Lsrc=controlled|origins=shared_origin_v1:Hmax=720,joint-scaling,release,standard_hl_shared_origin_v1,ett1/15T/short,Granite-FlowState-r1.1,flowstate,granite-timeseries-flowstate-r1.1,18.524928,18.524928,96,controlled,shared_origin_v1:Hmax=720,720,720,1024,controlled,62480,68960,1024,1024,16,16,100,[],merged,2,7,6720,34135.138978496194,,100,,float32,native_horizon,96,,continuous_decoder,11.752532577514648,11.752532577514648,1.6200330280122304,1.01568129909879,0.9174640348654508,0.3761341094970703,12.455622654924513,3.4281966946945515,0.674890522720886,0.31892713122100763,0.26596811985951513,1.01568129909879,0.9821805215765067,1.03410857453018,0.03353977495488172,0.26596811985951513,0.25028356996012957,1.0626671175494424,0.06078189655347257,Energy,7
ett1/15T/short|H=96|L=2048|Hsrc=controlled|Lsrc=controlled|origins=shared_origin_v1:Hmax=720,joint-scaling,release,standard_hl_shared_origin_v1,ett1/15T/short,Granite-FlowState-r1.1,flowstate,granite-timeseries-flowstate-r1.1,18.524928,18.524928,96,controlled,shared_origin_v1:Hmax=720,720,720,2048,controlled,62480,68960,2048,2048,16,16,100,[],merged,2,7,6720,34135.138978496194,,100,,float32,native_horizon,96,,continuous_decoder,7.319646562848773,7.319646562848773,1.3066917782738094,0.8447576029523329,0.6901750295177819,0.3367084684826079,7.617130000343632,2.705484533840246,0.5326140924417998,0.25724133584256587,0.20485960625245395,0.8447576029523329,0.9821805215765067,0.8600838485336738,-0.15072539619226394,0.20485960625245395,0.25028356996012957,0.8185100056111885,-0.20026965791922718,Energy,7
ett1/15T/short|H=96|L=4096|Hsrc=controlled|Lsrc=controlled|origins=shared_origin_v1:Hmax=720,joint-scaling,release,standard_hl_shared_origin_v1,ett1/15T/short,Granite-FlowState-r1.1,flowstate,granite-timeseries-flowstate-r1.1,18.524928,18.524928,96,controlled,shared_origin_v1:Hmax=720,720,720,4096,controlled,62480,68960,4096,4096,16,16,100,[],merged,2,7,6720,34135.138978496194,,100,,float32,native_horizon,96,,continuous_decoder,6.886927940731957,6.886927940731957,1.2906629653204056,0.8380476264155712,0.6714874146467382,0.3360216504051572,7.163005114680448,2.6242957037521433,0.5166308870259452,0.25408583021785663,0.20091579027502182,0.8380476264155712,0.9821805215765067,0.8532521344145713,-0.1587001896870855,0.20091579027502182,0.25028356996012957,0.8027526149919786,-0.2197086884756475,Energy,7
ett1/15T/short|H=192|L=128|Hsrc=controlled|Lsrc=controlled|origins=shared_origin_v1:Hmax=720,joint-scaling,release,standard_hl_shared_origin_v1,ett1/15T/short,Granite-FlowState-r1.1,flowstate,granite-timeseries-flowstate-r1.1,18.524928,18.524928,192,controlled,shared_origin_v1:Hmax=720,720,720,128,controlled,62480,68960,128,128,16,16,100,[],merged,2,7,13440,67466.7129554376,,100,,float32,native_horizon,192,,continuous_decoder,6.787024143763951,6.787024143763951,1.4154367537725538,0.994787506836048,0.8117566642826218,0.3753984178815569,8.26392314976477,2.605191767176449,0.5189785572327854,0.28196823496156254,0.22774153762797816,0.994787506836048,1.032985484626417,0.96302176714111,-0.03767926396998529,0.22774153762797816,0.2812593957645288,0.809720638874742,-0.21106598108207922,Energy,7
ett1/15T/short|H=192|L=256|Hsrc=controlled|Lsrc=controlled|origins=shared_origin_v1:Hmax=720,joint-scaling,release,standard_hl_shared_origin_v1,ett1/15T/short,Granite-FlowState-r1.1,flowstate,granite-timeseries-flowstate-r1.1,18.524928,18.524928,192,controlled,shared_origin_v1:Hmax=720,720,720,256,controlled,62480,68960,256,256,16,16,100,[],merged,2,7,13440,67466.7129554376,,100,,float32,native_horizon,192,,continuous_decoder,8.152499643961589,8.152499643961589,1.4679069337390718,0.9680015535827836,0.7540121932344613,0.36571858723958334,8.975791486230149,2.855258244706,0.5687941375504016,0.29242078538025257,0.2341367927989438,0.9680015535827836,1.032985484626417,0.9370911479292131,-0.06497472513620987,0.2341367927989438,0.2812593957645288,0.832458564317488,-0.1833718309578407,Energy,7
ett1/15T/short|H=192|L=512|Hsrc=controlled|Lsrc=controlled|origins=shared_origin_v1:Hmax=720,joint-scaling,release,standard_hl_shared_origin_v1,ett1/15T/short,Granite-FlowState-r1.1,flowstate,granite-timeseries-flowstate-r1.1,18.524928,18.524928,192,controlled,shared_origin_v1:Hmax=720,720,720,512,controlled,62480,68960,512,512,16,16,100,[],merged,2,7,13440,67466.7129554376,,100,,float32,native_horizon,192,,continuous_decoder,9.687164270310175,9.687164270310175,1.5355189550490607,1.0168481646188738,0.824921329198619,0.38742203485398063,11.090127585414729,3.11242096611467,0.6200233559949911,0.305889732163038,0.25411636835431234,1.0168481646188738,1.032985484626417,0.9843779798964171,-0.015745329776360926,0.25411636835431234,0.2812593957645288,0.9034946820658725,-0.10148505489316109,Energy,7
ett1/15T/short|H=192|L=1024|Hsrc=controlled|Lsrc=controlled|origins=shared_origin_v1:Hmax=720,joint-scaling,release,standard_hl_shared_origin_v1,ett1/15T/short,Granite-FlowState-r1.1,flowstate,granite-timeseries-flowstate-r1.1,18.524928,18.524928,192,controlled,shared_origin_v1:Hmax=720,720,720,1024,controlled,62480,68960,1024,1024,16,16,100,[],merged,2,7,13440,67466.7129554376,,100,,float32,native_horizon,192,,continuous_decoder,13.30655027117048,13.30655027117048,1.7483045487176805,1.0898511079836615,1.0123393962348113,0.397812252952939,13.294815321257456,3.647814451307862,0.7266787439008658,0.3482786118583509,0.2913542084607451,1.0898511079836615,1.032985484626417,1.0550497796954137,0.053587950360289995,0.2913542084607451,0.2812593957645288,1.0358914683322,0.0352623780524439,Energy,7
ett1/15T/short|H=192|L=2048|Hsrc=controlled|Lsrc=controlled|origins=shared_origin_v1:Hmax=720,joint-scaling,release,standard_hl_shared_origin_v1,ett1/15T/short,Granite-FlowState-r1.1,flowstate,granite-timeseries-flowstate-r1.1,18.524928,18.524928,192,controlled,shared_origin_v1:Hmax=720,720,720,2048,controlled,62480,68960,2048,2048,16,16,100,[],merged,2,7,13440,67466.7129554376,,100,,float32,native_horizon,192,,continuous_decoder,8.64323372613816,8.64323372613816,1.4518633524576823,0.9141918087361948,0.8202790557349992,0.36648585001627604,7.173112374756002,2.9399377078669815,0.5856630783217612,0.28922475398971637,0.22588448290514868,0.9141918087361948,1.032985484626417,0.884999665863471,-0.1221680115296788,0.22588448290514868,0.2812593957645288,0.8031179982135063,-0.21925362911429136,Energy,7
ett1/15T/short|H=192|L=4096|Hsrc=controlled|Lsrc=controlled|origins=shared_origin_v1:Hmax=720,joint-scaling,release,standard_hl_shared_origin_v1,ett1/15T/short,Granite-FlowState-r1.1,flowstate,granite-timeseries-flowstate-r1.1,18.524928,18.524928,192,controlled,shared_origin_v1:Hmax=720,720,720,4096,controlled,62480,68960,4096,4096,16,16,100,[],merged,2,7,13440,67466.7129554376,,100,,float32,native_horizon,192,,continuous_decoder,8.115104130336217,8.115104130336217,1.4309769403366817,0.8960078730071157,0.7878497119879844,0.3626878465924944,6.701987630691656,2.8487021835102766,0.5674881088643929,0.2850639854179369,0.22059502688142335,0.8960078730071157,1.032985484626417,0.867396382952235,-0.14225921757776602,0.22059502688142335,0.2812593957645288,0.7843116717284928,-0.24294879715998954,Energy,7
ett1/15T/short|H=336|L=128|Hsrc=controlled|Lsrc=controlled|origins=shared_origin_v1:Hmax=720,joint-scaling,release,standard_hl_shared_origin_v1,ett1/15T/short,Granite-FlowState-r1.1,flowstate,granite-timeseries-flowstate-r1.1,18.524928,18.524928,336,controlled,shared_origin_v1:Hmax=720,720,720,128,controlled,62480,68960,128,128,16,16,100,[],merged,2,7,23520,120869.03296483308,,100,,float32,native_horizon,336,,continuous_decoder,9.995437393707482,9.995437393707482,1.6685030775005314,1.1194158399214424,0.8605876101151985,0.4088288391528486,10.294691058339609,3.1615561664641483,0.6152096960755183,0.3246753235316306,0.26430280216269064,1.1194158399214424,1.1243643896038518,0.9955988025517662,-0.004410911229714438,0.26430280216269064,0.3120969403608288,0.846861240796269,-0.16621842207629162,Energy,7
ett1/15T/short|H=336|L=256|Hsrc=controlled|Lsrc=controlled|origins=shared_origin_v1:Hmax=720,joint-scaling,release,standard_hl_shared_origin_v1,ett1/15T/short,Granite-FlowState-r1.1,flowstate,granite-timeseries-flowstate-r1.1,18.524928,18.524928,336,controlled,shared_origin_v1:Hmax=720,720,720,256,controlled,62480,68960,256,256,16,16,100,[],merged,2,7,23520,120869.03296483308,,100,,float32,native_horizon,336,,continuous_decoder,10.699572940748565,10.699572940748565,1.6682882918792517,1.071352840428572,0.8000444667277513,0.39661574590773807,10.543326178390409,3.271020168196547,0.6365103820956928,0.3246335282289911,0.2636467793634447,1.071352840428572,1.1243643896038518,0.9528519849388352,-0.04829570225010112,0.2636467793634447,0.3120969403608288,0.8447592567188619,-0.1687035955089038,Energy,7
ett1/15T/short|H=336|L=512|Hsrc=controlled|Lsrc=controlled|origins=shared_origin_v1:Hmax=720,joint-scaling,release,standard_hl_shared_origin_v1,ett1/15T/short,Granite-FlowState-r1.1,flowstate,granite-timeseries-flowstate-r1.1,18.524928,18.524928,336,controlled,shared_origin_v1:Hmax=720,720,720,512,controlled,62480,68960,512,512,16,16,100,[],merged,2,7,23520,120869.03296483308,,100,,float32,native_horizon,336,,continuous_decoder,14.058237670068028,14.058237670068028,1.8879025829081633,1.1906388471976057,0.9319731812609566,0.43358075407897534,16.739068817520828,3.7494316462722757,0.7296048471404738,0.3673684455051379,0.3139146965739946,1.1906388471976057,1.1243643896038518,1.0589439315283762,0.05727212048523605,0.3139146965739946,0.3120969403608288,1.005824332052292,0.005807436203310689,Energy,7
ett1/15T/short|H=336|L=1024|Hsrc=controlled|Lsrc=controlled|origins=shared_origin_v1:Hmax=720,joint-scaling,release,standard_hl_shared_origin_v1,ett1/15T/short,Granite-FlowState-r1.1,flowstate,granite-timeseries-flowstate-r1.1,18.524928,18.524928,336,controlled,shared_origin_v1:Hmax=720,720,720,1024,controlled,62480,68960,1024,1024,16,16,100,[],merged,2,7,23520,120869.03296483308,,100,,float32,native_horizon,336,,continuous_decoder,16.006732343816434,16.006732343816434,2.0125389462425596,1.2248144695235137,1.0525324092649666,0.43560124611367984,14.492464024816162,4.000841454471351,0.7785268790604503,0.39162153327889304,0.32907676415150217,1.2248144695235137,1.1243643896038518,1.0893394355499408,0.08557149010398817,0.32907676415150217,0.3120969403608288,1.0544056079852697,0.052977203402634856,Energy,7
ett1/15T/short|H=336|L=2048|Hsrc=controlled|Lsrc=controlled|origins=shared_origin_v1:Hmax=720,joint-scaling,release,standard_hl_shared_origin_v1,ett1/15T/short,Granite-FlowState-r1.1,flowstate,granite-timeseries-flowstate-r1.1,18.524928,18.524928,336,controlled,shared_origin_v1:Hmax=720,720,720,2048,controlled,62480,68960,2048,2048,16,16,100,[],merged,2,7,23520,120869.03296483308,,100,,float32,native_horizon,336,,continuous_decoder,10.489818464006696,10.489818464006696,1.648706781296503,1.0230944891030271,0.8494240952851988,0.3954987817881059,8.03644991425118,3.2387989230587775,0.6302404247124742,0.3208231467143128,0.2522080276651546,1.0230944891030271,1.1243643896038518,0.9099314230891774,-0.09438604155355391,0.2522080276651546,0.3120969403608288,0.8081079788016056,-0.2130595922589876,Energy,7
ett1/15T/short|H=336|L=4096|Hsrc=controlled|Lsrc=controlled|origins=shared_origin_v1:Hmax=720,joint-scaling,release,standard_hl_shared_origin_v1,ett1/15T/short,Granite-FlowState-r1.1,flowstate,granite-timeseries-flowstate-r1.1,18.524928,18.524928,336,controlled,shared_origin_v1:Hmax=720,720,720,4096,controlled,62480,68960,4096,4096,16,16,100,[],merged,2,7,23520,120869.03296483308,,100,,float32,native_horizon,336,,continuous_decoder,9.43163643142804,9.43163643142804,1.5972192258250957,0.9928641283679289,0.7951322795578482,0.3864452958917942,7.450034815799983,3.071096942694587,0.5976071647168113,0.3108041428803048,0.24122672131776116,0.9928641283679289,1.1243643896038518,0.8830448007320345,-0.12437934270938138,0.24122672131776116,0.3120969403608288,0.7729224164737677,-0.25757660221864453,Energy,7
ett1/15T/short|H=720|L=128|Hsrc=controlled|Lsrc=controlled|origins=shared_origin_v1:Hmax=720,joint-scaling,release,standard_hl_shared_origin_v1,ett1/15T/short,Granite-FlowState-r1.1,flowstate,granite-timeseries-flowstate-r1.1,18.524928,18.524928,720,controlled,shared_origin_v1:Hmax=720,720,720,128,controlled,62480,68960,128,128,16,16,100,[],merged,2,7,50400,264426.7650203854,,100,,float32,native_horizon,720,,continuous_decoder,10.45987572079613,10.45987572079613,1.791355910528274,1.1906291844894645,0.8912566827806042,0.4275244140625,10.452686107396888,3.2341731123729494,0.6164365579673085,0.34143418834195827,0.2765590091399059,1.1906291844894645,1.1908857060716118,0.9997845959684969,-0.0002154272342835434,0.2765590091399059,0.34017934522818005,0.8129800148636305,-0.20704875170002204,Energy,7
ett1/15T/short|H=720|L=256|Hsrc=controlled|Lsrc=controlled|origins=shared_origin_v1:Hmax=720,joint-scaling,release,standard_hl_shared_origin_v1,ett1/15T/short,Granite-FlowState-r1.1,flowstate,granite-timeseries-flowstate-r1.1,18.524928,18.524928,720,controlled,shared_origin_v1:Hmax=720,720,720,256,controlled,62480,68960,256,256,16,16,100,[],merged,2,7,50400,264426.7650203854,,100,,float32,native_horizon,720,,continuous_decoder,10.752625674293155,10.752625674293155,1.7621914333767361,1.138913821277837,0.8438052633611274,0.4143391539558532,11.734173524693324,3.279119649279842,0.6250034118556913,0.3358754104764718,0.2759270564507877,1.138913821277837,1.1908857060716118,0.9563586291036986,-0.044622301230585,0.2759270564507877,0.34017934522818005,0.8111223103969047,-0.20933642193854468,Energy,7
ett1/15T/short|H=720|L=512|Hsrc=controlled|Lsrc=controlled|origins=shared_origin_v1:Hmax=720,joint-scaling,release,standard_hl_shared_origin_v1,ett1/15T/short,Granite-FlowState-r1.1,flowstate,granite-timeseries-flowstate-r1.1,18.524928,18.524928,720,controlled,shared_origin_v1:Hmax=720,720,720,512,controlled,62480,68960,512,512,16,16,100,[],merged,2,7,50400,264426.7650203854,,100,,float32,native_horizon,720,,continuous_decoder,12.738299463665674,12.738299463665674,1.907286125062004,1.2191610349547455,0.9055591885232079,0.4393381851438492,16.128940111599597,3.569075435412605,0.6802692682449439,0.36353060060207704,0.30800413939528065,1.2191610349547455,1.1908857060716118,1.02374310879623,0.023465624827912816,0.30800413939528065,0.34017934522818005,0.9054169329083827,-0.0993597420252933,Energy,7
ett1/15T/short|H=720|L=1024|Hsrc=controlled|Lsrc=controlled|origins=shared_origin_v1:Hmax=720,joint-scaling,release,standard_hl_shared_origin_v1,ett1/15T/short,Granite-FlowState-r1.1,flowstate,granite-timeseries-flowstate-r1.1,18.524928,18.524928,720,controlled,shared_origin_v1:Hmax=720,720,720,1024,controlled,62480,68960,1024,1024,16,16,100,[],merged,2,7,50400,264426.7650203854,,100,,float32,native_horizon,720,,continuous_decoder,13.06856666201637,13.06856666201637,1.9148623899429564,1.2148739396502473,0.9652062960694585,0.43871539403521825,12.724408290858896,3.615047255848306,0.6890315421765587,0.3649746440973358,0.30254659903594905,1.2148739396502473,1.1908857060716118,1.0201431870886801,0.019942996942605918,0.30254659903594905,0.34017934522818005,0.8893738061404395,-0.1172376524968248,Energy,7
ett1/15T/short|H=720|L=2048|Hsrc=controlled|Lsrc=controlled|origins=shared_origin_v1:Hmax=720,joint-scaling,release,standard_hl_shared_origin_v1,ett1/15T/short,Granite-FlowState-r1.1,flowstate,granite-timeseries-flowstate-r1.1,18.524928,18.524928,720,controlled,shared_origin_v1:Hmax=720,720,720,2048,controlled,62480,68960,2048,2048,16,16,100,[],merged,2,7,50400,264426.7650203854,,100,,float32,native_horizon,720,,continuous_decoder,9.469953419518848,9.469953419518848,1.6641947234623016,1.0585713944420732,0.8229574092211376,0.40434940398685515,8.040912203670889,3.0773289423652535,0.5865419057834478,0.31719714173424846,0.2485799558741202,1.0585713944420732,1.1908857060716118,0.8888941978605106,-0.11777706308114488,0.2485799558741202,0.34017934522818005,0.7307320663674678,-0.31370841669806065,Energy,7
ett1/15T/short|H=720|L=4096|Hsrc=controlled|Lsrc=controlled|origins=shared_origin_v1:Hmax=720,joint-scaling,release,standard_hl_shared_origin_v1,ett1/15T/short,Granite-FlowState-r1.1,flowstate,granite-timeseries-flowstate-r1.1,18.524928,18.524928,720,controlled,shared_origin_v1:Hmax=720,720,720,4096,controlled,62480,68960,4096,4096,16,16,100,[],merged,2,7,50400,264426.7650203854,,100,,float32,native_horizon,720,,continuous_decoder,8.44980933779762,8.44980933779762,1.5883829752604166,1.0183069484069105,0.7738637226481574,0.3921023220486111,7.693903283343964,2.9068555756689425,0.5540495153825302,0.30274734838946193,0.23552972065680586,1.0183069484069105,1.1908857060716118,0.8550836937710934,-0.15655592738446958,0.23552972065680586,0.34017934522818005,0.6923692574539497,-0.36763585664564424,Energy,7
ett1/H/short|H=48|L=128|Hsrc=controlled|Lsrc=controlled|origins=shared_origin_v1:Hmax=720,joint-scaling,release,standard_hl_shared_origin_v1,ett1/H/short,Granite-FlowState-r1.1,flowstate,granite-timeseries-flowstate-r1.1,18.524928,18.524928,48,controlled,shared_origin_v1:Hmax=720,720,720,128,controlled,15260,16700,128,128,16,16,100,[],merged,2,7,1008,20577.4390123263,,100,,float32,native_horizon,48,,continuous_decoder,114.17840842595176,114.17840842595176,5.279750702873109,0.9130623531729479,110032.65156312972,0.33295946272592697,9.735322008551014,10.685429725844054,0.5234331229070252,0.25863221877650155,0.20917974292097585,0.9130623531729479,1.0359567809514858,0.8813710860933174,-0.12627653163545585,0.20917974292097585,0.24896323633412581,0.8402033408669312,-0.17411134397895597,Energy,7
ett1/H/short|H=48|L=256|Hsrc=controlled|Lsrc=controlled|origins=shared_origin_v1:Hmax=720,joint-scaling,release,standard_hl_shared_origin_v1,ett1/H/short,Granite-FlowState-r1.1,flowstate,granite-timeseries-flowstate-r1.1,18.524928,18.524928,48,controlled,shared_origin_v1:Hmax=720,720,720,256,controlled,15260,16700,256,256,16,16,100,[],merged,2,7,1008,20577.4390123263,,100,,float32,native_horizon,48,,continuous_decoder,104.93470643058656,104.93470643058656,5.095721895732577,0.8939214932010124,108353.10496866136,0.3345860072544643,6.730060368484033,10.243764270549502,0.5017978368702046,0.24961744111216067,0.19505391327217145,0.8939214932010124,1.0359567809514858,0.8628945817411229,-0.14746274861480785,0.19505391327217145,0.24896323633412581,0.78346472412656,-0.2440292416501134,Energy,7
ett1/H/short|H=48|L=512|Hsrc=controlled|Lsrc=controlled|origins=shared_origin_v1:Hmax=720,joint-scaling,release,standard_hl_shared_origin_v1,ett1/H/short,Granite-FlowState-r1.1,flowstate,granite-timeseries-flowstate-r1.1,18.524928,18.524928,48,controlled,shared_origin_v1:Hmax=720,720,720,512,controlled,15260,16700,512,512,16,16,100,[],merged,2,7,1008,20577.4390123263,,100,,float32,native_horizon,48,,continuous_decoder,115.84762500581287,115.84762500581287,5.340777321467324,0.9285403355694926,128644.82479958308,0.3336142282637339,6.066890619605145,10.76325345821666,0.5272453719524285,0.2616216496530125,0.201945306430006,0.9285403355694926,1.0359567809514858,0.896311846828846,-0.10946688322447308,0.201945306430006,0.24896323633412581,0.8111450887430683,-0.20930833982806502,Energy,7
ett1/H/short|H=48|L=1024|Hsrc=controlled|Lsrc=controlled|origins=shared_origin_v1:Hmax=720,joint-scaling,release,standard_hl_shared_origin_v1,ett1/H/short,Granite-FlowState-r1.1,flowstate,granite-timeseries-flowstate-r1.1,18.524928,18.524928,48,controlled,shared_origin_v1:Hmax=720,720,720,1024,controlled,15260,16700,1024,1024,16,16,100,[],merged,2,7,1008,20577.4390123263,,100,,float32,native_horizon,48,,continuous_decoder,96.41800362723214,96.41800362723214,4.783942691863529,0.8385793962416974,124299.5228812808,0.3122624291314019,5.424121433574444,9.819266959770069,0.48100354419805275,0.23434472241710128,0.17935333293715713,0.8385793962416974,1.0359567809514858,0.809473340646021,-0.2113714395185256,0.17935333293715713,0.24896323633412581,0.7204008735508748,-0.32794745308962925,Energy,7
ett1/H/short|H=48|L=2048|Hsrc=controlled|Lsrc=controlled|origins=shared_origin_v1:Hmax=720,joint-scaling,release,standard_hl_shared_origin_v1,ett1/H/short,Granite-FlowState-r1.1,flowstate,granite-timeseries-flowstate-r1.1,18.524928,18.524928,48,controlled,shared_origin_v1:Hmax=720,720,720,2048,controlled,15260,16700,2048,2048,16,16,100,[],merged,2,7,1008,20577.4390123263,,100,,float32,native_horizon,48,,continuous_decoder,106.86109294588604,106.86109294588604,5.009630596826947,0.8873509052054636,148213.8364772494,0.3209385493445018,5.6681606071099235,10.337363926354051,0.5063828803731628,0.24540019963498305,0.18968492762754224,0.8873509052054636,1.0359567809514858,0.8565520507433394,-0.1548401916186583,0.18968492762754224,0.24896323633412581,0.761899348757549,-0.27194082026459754,Energy,7
ett1/H/short|H=48|L=4096|Hsrc=controlled|Lsrc=controlled|origins=shared_origin_v1:Hmax=720,joint-scaling,release,standard_hl_shared_origin_v1,ett1/H/short,Granite-FlowState-r1.1,flowstate,granite-timeseries-flowstate-r1.1,18.524928,18.524928,48,controlled,shared_origin_v1:Hmax=720,720,720,4096,controlled,15260,16700,4054,4054,16,16,100,[],merged,2,7,1008,20577.4390123263,,100,,float32,native_horizon,48,,continuous_decoder,103.92127046130952,103.92127046130952,4.996425628662109,0.8967089992127221,162336.1933694567,0.3254844726078094,5.7263884205198075,10.19417826317107,0.49936883220118244,0.24475334518909292,0.18969849628075214,0.8967089992127221,1.0359567809514858,0.8655853368604141,-0.14434931088966937,0.18969849628075214,0.24896323633412581,0.7619538493874802,-0.27186929023792467,Energy,7
ett1/H/short|H=96|L=128|Hsrc=controlled|Lsrc=controlled|origins=shared_origin_v1:Hmax=720,joint-scaling,release,standard_hl_shared_origin_v1,ett1/H/short,Granite-FlowState-r1.1,flowstate,granite-timeseries-flowstate-r1.1,18.524928,18.524928,96,controlled,shared_origin_v1:Hmax=720,720,720,128,controlled,15260,16700,128,128,16,16,100,[],merged,2,7,2016,44362.64408172667,,100,,float32,native_horizon,96,,continuous_decoder,219.408936031281,219.408936031281,7.168846251472594,1.1886771083545735,55016.77902591039,0.39761668916732545,13.260930025771543,14.812458811125214,0.6731320366796801,0.3257784638883102,0.26425213509680195,1.1886771083545735,1.2881323512107834,0.9227911303037093,-0.08035236444989595,0.26425213509680195,0.2992979528082596,0.8829065906310787,-0.12453587034871956,Energy,7
ett1/H/short|H=96|L=256|Hsrc=controlled|Lsrc=controlled|origins=shared_origin_v1:Hmax=720,joint-scaling,release,standard_hl_shared_origin_v1,ett1/H/short,Granite-FlowState-r1.1,flowstate,granite-timeseries-flowstate-r1.1,18.524928,18.524928,96,controlled,shared_origin_v1:Hmax=720,720,720,256,controlled,15260,16700,256,256,16,16,100,[],merged,2,7,2016,44362.64408172667,,100,,float32,native_horizon,96,,continuous_decoder,216.49852110847596,216.49852110847596,6.948931133936322,1.1710724952626306,54177.05791724674,0.3922809267800952,11.498664471769569,14.7138887146966,0.6686526527630227,0.3157847205907653,0.2565672189450523,1.1710724952626306,1.2881323512107834,0.9091243567960061,-0.09527338800554466,0.2565672189450523,0.2992979528082596,0.8572301164699845,-0.15404888246047083,Energy,7
ett1/H/short|H=96|L=512|Hsrc=controlled|Lsrc=controlled|origins=shared_origin_v1:Hmax=720,joint-scaling,release,standard_hl_shared_origin_v1,ett1/H/short,Granite-FlowState-r1.1,flowstate,granite-timeseries-flowstate-r1.1,18.524928,18.524928,96,controlled,shared_origin_v1:Hmax=720,720,720,512,controlled,15260,16700,512,512,16,16,100,[],merged,2,7,2016,44362.64408172667,,100,,float32,native_horizon,96,,continuous_decoder,208.12088787744915,208.12088787744915,6.854817587231833,1.1726446726432591,64322.915822407565,0.38231878432016525,10.29048204975477,14.426395526168314,0.6555879159767011,0.31150785851269086,0.251715395620946,1.1726446726432591,1.2881323512107834,0.9103448659922474,-0.09393177764575085,0.251715395620946,0.2992979528082596,0.8410194365151686,-0.1731405080810421,Energy,7
ett1/H/short|H=96|L=1024|Hsrc=controlled|Lsrc=controlled|origins=shared_origin_v1:Hmax=720,joint-scaling,release,standard_hl_shared_origin_v1,ett1/H/short,Granite-FlowState-r1.1,flowstate,granite-timeseries-flowstate-r1.1,18.524928,18.524928,96,controlled,shared_origin_v1:Hmax=720,720,720,1024,controlled,15260,16700,1024,1024,16,16,100,[],merged,2,7,2016,44362.64408172667,,100,,float32,native_horizon,96,,continuous_decoder,207.18549165271577,207.18549165271577,6.452563089037699,1.0937332273471638,62150.28354469178,0.36359223865327384,9.796030390806822,14.393939407011402,0.6541129918017625,0.29322795015408587,0.23696488918422365,1.0937332273471638,1.2881323512107834,0.8490845108572161,-0.16359655597901077,0.23696488918422365,0.2992979528082596,0.7917357501473836,-0.23352759164466577,Energy,7
ett1/H/short|H=96|L=2048|Hsrc=controlled|Lsrc=controlled|origins=shared_origin_v1:Hmax=720,joint-scaling,release,standard_hl_shared_origin_v1,ett1/H/short,Granite-FlowState-r1.1,flowstate,granite-timeseries-flowstate-r1.1,18.524928,18.524928,96,controlled,shared_origin_v1:Hmax=720,720,720,2048,controlled,15260,16700,2048,2048,16,16,100,[],merged,2,7,2016,44362.64408172667,,100,,float32,native_horizon,96,,continuous_decoder,214.87503293960813,214.87503293960813,6.7993667844742065,1.1736677439492411,74107.41340080141,0.3821987575954861,11.098056021758126,14.658616337826983,0.6661408748003776,0.3089879722283334,0.24958806017463256,1.1736677439492411,1.2881323512107834,0.9111390943997711,-0.09305971017205523,0.24958806017463256,0.2992979528082596,0.8339116851043987,-0.1816277753906602,Energy,7
ett1/H/short|H=96|L=4096|Hsrc=controlled|Lsrc=controlled|origins=shared_origin_v1:Hmax=720,joint-scaling,release,standard_hl_shared_origin_v1,ett1/H/short,Granite-FlowState-r1.1,flowstate,granite-timeseries-flowstate-r1.1,18.524928,18.524928,96,controlled,shared_origin_v1:Hmax=720,720,720,4096,controlled,15260,16700,4006,4006,16,16,100,[],merged,2,7,2016,44362.64408172667,,100,,float32,native_horizon,96,,continuous_decoder,206.60270085410465,206.60270085410465,6.7151368156312,1.1801252123403025,78989.99861617315,0.3845230132814438,11.17026236967828,14.373680838744983,0.6531923687309226,0.305160255898471,0.24737818120026,1.1801252123403025,1.2881323512107834,0.916152141688733,-0.08757283455336096,0.24737818120026,0.2992979528082596,0.8265281432069762,-0.19052131123366076,Energy,7
ett1/H/short|H=192|L=128|Hsrc=controlled|Lsrc=controlled|origins=shared_origin_v1:Hmax=720,joint-scaling,release,standard_hl_shared_origin_v1,ett1/H/short,Granite-FlowState-r1.1,flowstate,granite-timeseries-flowstate-r1.1,18.524928,18.524928,192,controlled,shared_origin_v1:Hmax=720,720,720,128,controlled,15260,16700,128,128,16,16,100,[],merged,2,7,4032,87160.2070671916,,100,,float32,native_horizon,192,,continuous_decoder,199.0525875999814,199.0525875999814,6.921080210852245,1.166996656102191,62136.03351060171,0.39970320747012184,12.864241048227916,14.1085997746049,0.6526587786483087,0.3201666947468784,0.262194492102508,1.166996656102191,1.242096558684659,0.939537790313181,-0.062367237081075506,0.262194492102508,0.3251852194564498,0.8062927722876476,-0.21530836137989612,Energy,7
ett1/H/short|H=192|L=256|Hsrc=controlled|Lsrc=controlled|origins=shared_origin_v1:Hmax=720,joint-scaling,release,standard_hl_shared_origin_v1,ett1/H/short,Granite-FlowState-r1.1,flowstate,granite-timeseries-flowstate-r1.1,18.524928,18.524928,192,controlled,shared_origin_v1:Hmax=720,720,720,256,controlled,15260,16700,256,256,16,16,100,[],merged,2,7,4032,87160.2070671916,,100,,float32,native_horizon,192,,continuous_decoder,189.7918890090216,189.7918890090216,6.672108241489956,1.1357447268933403,57481.45183853876,0.39674920884389725,9.810683029348715,13.776497704751437,0.6372958556963599,0.3086493405063719,0.2495647959875492,1.1357447268933403,1.242096558684659,0.9143771625098599,-0.0895121421963441,0.2495647959875492,0.3251852194564498,0.7674543031343772,-0.2646763411834167,Energy,7
ett1/H/short|H=192|L=512|Hsrc=controlled|Lsrc=controlled|origins=shared_origin_v1:Hmax=720,joint-scaling,release,standard_hl_shared_origin_v1,ett1/H/short,Granite-FlowState-r1.1,flowstate,granite-timeseries-flowstate-r1.1,18.524928,18.524928,192,controlled,shared_origin_v1:Hmax=720,720,720,512,controlled,15260,16700,512,512,16,16,100,[],merged,2,7,4032,87160.2070671916,,100,,float32,native_horizon,192,,continuous_decoder,177.74329533652653,177.74329533652653,6.602503821963356,1.1321295849557935,67962.31072477311,0.39214320409865605,8.957968112613448,13.332040179077113,0.6167354095499048,0.30542946495794754,0.2429062343937797,1.1321295849557935,1.242096558684659,0.9114666464857474,-0.09270027743006956,0.2429062343937797,0.3251852194564498,0.7469780908240534,-0.29171942383224614,Energy,7
ett1/H/short|H=192|L=1024|Hsrc=controlled|Lsrc=controlled|origins=shared_origin_v1:Hmax=720,joint-scaling,release,standard_hl_shared_origin_v1,ett1/H/short,Granite-FlowState-r1.1,flowstate,granite-timeseries-flowstate-r1.1,18.524928,18.524928,192,controlled,shared_origin_v1:Hmax=720,720,720,1024,controlled,15260,16700,1024,1024,16,16,100,[],merged,2,7,4032,87160.2070671916,,100,,float32,native_horizon,192,,continuous_decoder,160.5160909985739,160.5160909985739,6.083485679020957,1.05906176504362,71225.7633886186,0.36905798836359904,8.273640879341677,12.669494504461253,0.5860862836478543,0.28141987132847734,0.2235304219157788,1.05906176504362,1.242096558684659,0.852640447023807,-0.15941733615179937,0.2235304219157788,0.3251852194564498,0.6873941635152176,-0.3748474052698663,Energy,7
ett1/H/short|H=192|L=2048|Hsrc=controlled|Lsrc=controlled|origins=shared_origin_v1:Hmax=720,joint-scaling,release,standard_hl_shared_origin_v1,ett1/H/short,Granite-FlowState-r1.1,flowstate,granite-timeseries-flowstate-r1.1,18.524928,18.524928,192,controlled,shared_origin_v1:Hmax=720,720,720,2048,controlled,15260,16700,2048,2048,16,16,100,[],merged,2,7,4032,87160.2070671916,,100,,float32,native_horizon,192,,continuous_decoder,171.03372967432415,171.03372967432415,6.342081826830667,1.107310174495721,71177.93569098579,0.38098532056051587,9.192222304449157,13.07798645336216,0.6049829750783686,0.2933824366212028,0.23392933880279046,1.107310174495721,1.242096558684659,0.8914847776958077,-0.11486691675931628,0.23392933880279046,0.3251852194564498,0.7193726061529044,-0.32937582718776726,Energy,7
ett1/H/short|H=192|L=4096|Hsrc=controlled|Lsrc=controlled|origins=shared_origin_v1:Hmax=720,joint-scaling,release,standard_hl_shared_origin_v1,ett1/H/short,Granite-FlowState-r1.1,flowstate,granite-timeseries-flowstate-r1.1,18.524928,18.524928,192,controlled,shared_origin_v1:Hmax=720,720,720,4096,controlled,15260,16700,3910,3910,16,16,100,[],merged,2,7,4032,87160.2070671916,,100,,float32,native_horizon,192,,continuous_decoder,166.7017609126984,166.7017609126984,6.273201715378534,1.1114301756488245,88013.0213876149,0.3820663331046937,9.186206634899001,12.911303610120026,0.597272286375734,0.290196067305204,0.23106853447264775,1.1114301756488245,1.242096558684659,0.8948017510215098,-0.11115309248216994,0.23106853447264775,0.3251852194564498,0.7105751450169876,-0.34168057346684644,Energy,7
ett1/H/short|H=336|L=128|Hsrc=controlled|Lsrc=controlled|origins=shared_origin_v1:Hmax=720,joint-scaling,release,standard_hl_shared_origin_v1,ett1/H/short,Granite-FlowState-r1.1,flowstate,granite-timeseries-flowstate-r1.1,18.524928,18.524928,336,controlled,shared_origin_v1:Hmax=720,720,720,128,controlled,15260,16700,128,128,16,16,100,[],merged,2,7,7056,148002.10103227943,,100,,float32,native_horizon,336,,continuous_decoder,180.52202248086735,180.52202248086735,7.191415799718325,1.2694369971819803,6937172046639.683,0.4361813257610987,13.4815132115524,13.435848409418266,0.6405540577844808,0.34285074015094874,0.2805997020568431,1.2694369971819803,1.3360087461222394,0.9501711728059541,-0.051113128717355315,0.2805997020568431,0.3747062738871697,0.7488524255169966,-0.2892133435598659,Energy,7
ett1/H/short|H=336|L=256|Hsrc=controlled|Lsrc=controlled|origins=shared_origin_v1:Hmax=720,joint-scaling,release,standard_hl_shared_origin_v1,ett1/H/short,Granite-FlowState-r1.1,flowstate,granite-timeseries-flowstate-r1.1,18.524928,18.524928,336,controlled,shared_origin_v1:Hmax=720,720,720,256,controlled,15260,16700,256,256,16,16,100,[],merged,2,7,7056,148002.10103227943,,100,,float32,native_horizon,336,,continuous_decoder,170.089115203373,170.089115203373,7.009722997271825,1.2419831904800853,3842615541912.855,0.4320024416830534,11.832589221951247,13.041821774712803,0.6217688384187411,0.334188535998976,0.27186268776518085,1.2419831904800853,1.3360087461222394,0.9296220508173596,-0.07297717240704547,0.27186268776518085,0.3747062738871697,0.7255354572660377,-0.3208453349837156,Energy,7
ett1/H/short|H=336|L=512|Hsrc=controlled|Lsrc=controlled|origins=shared_origin_v1:Hmax=720,joint-scaling,release,standard_hl_shared_origin_v1,ett1/H/short,Granite-FlowState-r1.1,flowstate,granite-timeseries-flowstate-r1.1,18.524928,18.524928,336,controlled,shared_origin_v1:Hmax=720,720,720,512,controlled,15260,16700,512,512,16,16,100,[],merged,2,7,7056,148002.10103227943,,100,,float32,native_horizon,336,,continuous_decoder,175.13791454081633,175.13791454081633,7.103602264473498,1.26498625020367,6225622699774.458,0.43565635075644843,11.434476992237638,13.233968208395256,0.6309294194281126,0.33866422995706735,0.27304347611244284,1.26498625020367,1.3360087461222394,0.9468397971759451,-0.05462536887551028,0.27304347611244284,0.3747062738871697,0.7286866944604743,-0.3165114137556082,Energy,7
ett1/H/short|H=336|L=1024|Hsrc=controlled|Lsrc=controlled|origins=shared_origin_v1:Hmax=720,joint-scaling,release,standard_hl_shared_origin_v1,ett1/H/short,Granite-FlowState-r1.1,flowstate,granite-timeseries-flowstate-r1.1,18.524928,18.524928,336,controlled,shared_origin_v1:Hmax=720,720,720,1024,controlled,15260,16700,1024,1024,16,16,100,[],merged,2,7,7056,148002.10103227943,,100,,float32,native_horizon,336,,continuous_decoder,154.63432163229876,154.63432163229876,6.581368028982427,1.1873593683620138,6027592813561.578,0.41145378337695754,10.438322074725653,12.43520492924418,0.5928483809943356,0.31376671336829054,0.2500200213949368,1.1873593683620138,1.3360087461222394,0.8887362240766163,-0.11795479832055193,0.2500200213949368,0.3747062738871697,0.6672426879893182,-0.4046014491849463,Energy,7
ett1/H/short|H=336|L=2048|Hsrc=controlled|Lsrc=controlled|origins=shared_origin_v1:Hmax=720,joint-scaling,release,standard_hl_shared_origin_v1,ett1/H/short,Granite-FlowState-r1.1,flowstate,granite-timeseries-flowstate-r1.1,18.524928,18.524928,336,controlled,shared_origin_v1:Hmax=720,720,720,2048,controlled,15260,16700,2048,2048,16,16,100,[],merged,2,7,7056,148002.10103227943,,100,,float32,native_horizon,336,,continuous_decoder,160.71182769982994,160.71182769982994,6.690470377604167,1.2056355220795223,4261609513861.95,0.421590930480265,10.57711442948442,12.677216875159544,0.6043863002432411,0.31896816771593595,0.2553676814494984,1.2056355220795223,1.3360087461222394,0.9024158902992776,-0.10267978946244095,0.2553676814494984,0.3747062738871697,0.6815142933165668,-0.3834380547469735,Energy,7
ett1/H/short|H=336|L=4096|Hsrc=controlled|Lsrc=controlled|origins=shared_origin_v1:Hmax=720,joint-scaling,release,standard_hl_shared_origin_v1,ett1/H/short,Granite-FlowState-r1.1,flowstate,granite-timeseries-flowstate-r1.1,18.524928,18.524928,336,controlled,shared_origin_v1:Hmax=720,720,720,4096,controlled,15260,16700,3766,3766,16,16,100,[],merged,2,7,7056,148002.10103227943,,100,,float32,native_horizon,336,,continuous_decoder,158.26935686383928,158.26935686383928,6.6216938598356005,1.1915556664454958,5460595052262.172,0.4167727861815299,10.40428645348314,12.580514968149725,0.5997760369354759,0.31568924730879144,0.2528996836135635,1.1915556664454958,1.3360087461222394,0.8918771451938334,-0.11442688549104621,0.2528996836135635,0.3747062738871697,0.6749278067591572,-0.3931495467788785,Energy,7
ett1/H/short|H=720|L=128|Hsrc=controlled|Lsrc=controlled|origins=shared_origin_v1:Hmax=720,joint-scaling,release,standard_hl_shared_origin_v1,ett1/H/short,Granite-FlowState-r1.1,flowstate,granite-timeseries-flowstate-r1.1,18.524928,18.524928,720,controlled,shared_origin_v1:Hmax=720,720,720,128,controlled,15260,16700,128,128,16,16,100,[],merged,2,7,15120,315737.81191634387,,100,,float32,native_horizon,720,,continuous_decoder,175.80183015046296,175.80183015046296,7.707568488549934,1.4385916729826744,3237347425509.563,0.4876050192212302,13.858697778195147,13.25902825060958,0.6349461470339637,0.36909876216457843,0.29908859042855396,1.4385916729826744,1.478701287480662,0.9728751067997483,-0.027499563925128867,0.29908859042855396,0.4710624864152012,0.6349233892612136,-0.4542509342005944,Energy,7
ett1/H/short|H=720|L=256|Hsrc=controlled|Lsrc=controlled|origins=shared_origin_v1:Hmax=720,joint-scaling,release,standard_hl_shared_origin_v1,ett1/H/short,Granite-FlowState-r1.1,flowstate,granite-timeseries-flowstate-r1.1,18.524928,18.524928,720,controlled,shared_origin_v1:Hmax=720,720,720,256,controlled,15260,16700,256,256,16,16,100,[],merged,2,7,15120,315737.81191634387,,100,,float32,native_horizon,720,,continuous_decoder,171.41782614087302,171.41782614087302,7.678084697420635,1.4302732003576464,1793217906705.3335,0.48314988878038195,12.342168695847587,13.092663065277172,0.626979278615643,0.3676868472622445,0.2948597531929972,1.4302732003576464,1.478701287480662,0.9672495807415404,-0.03329871885568935,0.2948597531929972,0.4710624864152012,0.6259461572431466,-0.46849092237487444,Energy,7
ett1/H/short|H=720|L=512|Hsrc=controlled|Lsrc=controlled|origins=shared_origin_v1:Hmax=720,joint-scaling,release,standard_hl_shared_origin_v1,ett1/H/short,Granite-FlowState-r1.1,flowstate,granite-timeseries-flowstate-r1.1,18.524928,18.524928,720,controlled,shared_origin_v1:Hmax=720,720,720,512,controlled,15260,16700,512,512,16,16,100,[],merged,2,7,15120,315737.81191634387,,100,,float32,native_horizon,720,,continuous_decoder,170.86368117559525,170.86368117559525,7.770933185557209,1.473406704917357,2905292726729.678,0.4911974064256779,11.987012262144965,13.071483510894822,0.6259650356261274,0.3721331602714604,0.29367021999786863,1.473406704917357,1.478701287480662,0.9964194373751268,-0.003586988181886677,0.29367021999786863,0.4710624864152012,0.6234209440720004,-0.4725333156909531,Energy,7
ett1/H/short|H=720|L=1024|Hsrc=controlled|Lsrc=controlled|origins=shared_origin_v1:Hmax=720,joint-scaling,release,standard_hl_shared_origin_v1,ett1/H/short,Granite-FlowState-r1.1,flowstate,granite-timeseries-flowstate-r1.1,18.524928,18.524928,720,controlled,shared_origin_v1:Hmax=720,720,720,1024,controlled,15260,16700,1024,1024,16,16,100,[],merged,2,7,15120,315737.81191634387,,100,,float32,native_horizon,720,,continuous_decoder,142.18798363095237,142.18798363095237,7.035338645006613,1.3576216935946799,2812879949010.4014,0.4511877150762649,10.722949993770104,11.924260297014333,0.5710270005248108,0.3369071308465403,0.2637150570393839,1.3576216935946799,1.478701287480662,0.9181176111016502,-0.08542977989942174,0.2637150570393839,0.4710624864152012,0.5598303083870315,-0.5801215619104463,Energy,7
ett1/H/short|H=720|L=2048|Hsrc=controlled|Lsrc=controlled|origins=shared_origin_v1:Hmax=720,joint-scaling,release,standard_hl_shared_origin_v1,ett1/H/short,Granite-FlowState-r1.1,flowstate,granite-timeseries-flowstate-r1.1,18.524928,18.524928,720,controlled,shared_origin_v1:Hmax=720,720,720,2048,controlled,15260,16700,2048,2048,16,16,100,[],merged,2,7,15120,315737.81191634387,,100,,float32,native_horizon,720,,continuous_decoder,151.06702835648147,151.06702835648147,7.161453037161045,1.3664777216551613,1988748109019.1465,0.4703375114965691,10.34382531634806,12.290932769992743,0.5885861511307652,0.3429464759531702,0.26932994360475754,1.3664777216551613,1.478701287480662,0.9241066692944444,-0.07892777104412312,0.26932994360475754,0.4710624864152012,0.5717499299389471,-0.5590535686171689,Energy,7
ett1/H/short|H=720|L=4096|Hsrc=controlled|Lsrc=controlled|origins=shared_origin_v1:Hmax=720,joint-scaling,release,standard_hl_shared_origin_v1,ett1/H/short,Granite-FlowState-r1.1,flowstate,granite-timeseries-flowstate-r1.1,18.524928,18.524928,720,controlled,shared_origin_v1:Hmax=720,720,720,4096,controlled,15260,16700,3382,3382,16,16,100,[],merged,2,7,15120,315737.81191634387,,100,,float32,native_horizon,720,,continuous_decoder,149.6646484375,149.6646484375,7.102836164847884,1.3455189572622623,2521666622959.9556,0.46443563794332837,10.093359621479813,12.23375038316133,0.5858478104687983,0.3401394408882353,0.26661755398031944,1.3455189572622623,1.478701287480662,0.9099329044033572,-0.09438441361441868,0.26661755398031944,0.4710624864152012,0.5659919048304749,-0.5691755033008904,Energy,7
ett2/15T/short|H=48|L=128|Hsrc=controlled|Lsrc=controlled|origins=shared_origin_v1:Hmax=720,joint-scaling,release,standard_hl_shared_origin_v1,ett2/15T/short,Granite-FlowState-r1.1,flowstate,granite-timeseries-flowstate-r1.1,18.524928,18.524928,48,controlled,shared_origin_v1:Hmax=720,720,720,128,controlled,62480,68960,128,128,16,16,100,[],merged,2,7,3360,61217.23699820042,,100,,float32,native_horizon,48,,continuous_decoder,5.657327052525112,5.657327052525112,1.5242832728794642,0.7194554072384141,0.12006749070805131,0.1607350824045432,7.550268849777714,2.3785136225225014,0.13054829266323367,0.08366257688215425,0.06765669394367367,0.7194554072384141,0.819992309386593,0.8773928718631678,-0.13080041444171184,0.06765669394367367,0.08888418323744869,0.7611781025532173,-0.272887910982306,Energy,7
ett2/15T/short|H=48|L=256|Hsrc=controlled|Lsrc=controlled|origins=shared_origin_v1:Hmax=720,joint-scaling,release,standard_hl_shared_origin_v1,ett2/15T/short,Granite-FlowState-r1.1,flowstate,granite-timeseries-flowstate-r1.1,18.524928,18.524928,48,controlled,shared_origin_v1:Hmax=720,720,720,256,controlled,62480,68960,256,256,16,16,100,[],merged,2,7,3360,61217.23699820042,,100,,float32,native_horizon,48,,continuous_decoder,7.158346993582589,7.158346993582589,1.6644773937406994,0.7568376729507142,0.12370020981899726,0.16594293685186476,7.732794338606649,2.6755087354711793,0.14684931551953953,0.09135734177504867,0.07415523902915348,0.7568376729507142,0.819992309386593,0.9229814283464165,-0.08014616564984375,0.07415523902915348,0.08888418323744869,0.8342906052368425,-0.18117348979094083,Energy,7
ett2/15T/short|H=48|L=512|Hsrc=controlled|Lsrc=controlled|origins=shared_origin_v1:Hmax=720,joint-scaling,release,standard_hl_shared_origin_v1,ett2/15T/short,Granite-FlowState-r1.1,flowstate,granite-timeseries-flowstate-r1.1,18.524928,18.524928,48,controlled,shared_origin_v1:Hmax=720,720,720,512,controlled,62480,68960,512,512,16,16,100,[],merged,2,7,3360,61217.23699820042,,100,,float32,native_horizon,48,,continuous_decoder,8.55116460890997,8.55116460890997,1.8410415649414062,0.8203920416530676,0.13359618056864664,0.17320206960042317,8.81673940067301,2.924237440583437,0.16050116408633705,0.1010483315080844,0.08296496273696174,0.8203920416530676,0.819992309386593,1.000487482945753,0.0004873641645428455,0.08296496273696174,0.08888418323744869,0.9334052439377869,-0.06891582737872473,Energy,7
ett2/15T/short|H=48|L=1024|Hsrc=controlled|Lsrc=controlled|origins=shared_origin_v1:Hmax=720,joint-scaling,release,standard_hl_shared_origin_v1,ett2/15T/short,Granite-FlowState-r1.1,flowstate,granite-timeseries-flowstate-r1.1,18.524928,18.524928,48,controlled,shared_origin_v1:Hmax=720,720,720,1024,controlled,62480,68960,1024,1024,16,16,100,[],merged,2,7,3360,61217.23699820042,,100,,float32,native_horizon,48,,continuous_decoder,6.643900916689918,6.643900916689918,1.566207268124535,0.6925104352616912,0.11076916518005034,0.15159530639648439,6.863071859493948,2.5775765588416415,0.14147416091259574,0.08596363833037966,0.06966563991092464,0.6925104352616912,0.819992309386593,0.8445328417527886,-0.16897165449957074,0.06966563991092464,0.08888418323744869,0.7837799411940044,-0.24362698528431437,Energy,7
ett2/15T/short|H=48|L=2048|Hsrc=controlled|Lsrc=controlled|origins=shared_origin_v1:Hmax=720,joint-scaling,release,standard_hl_shared_origin_v1,ett2/15T/short,Granite-FlowState-r1.1,flowstate,granite-timeseries-flowstate-r1.1,18.524928,18.524928,48,controlled,shared_origin_v1:Hmax=720,720,720,2048,controlled,62480,68960,2048,2048,16,16,100,[],merged,2,7,3360,61217.23699820042,,100,,float32,native_horizon,48,,continuous_decoder,6.363342793782552,6.363342793782552,1.5551288423084078,0.6886876089019957,0.10932722234134043,0.148836730775379,5.522836616542281,2.522566707499041,0.13845486259770168,0.08535558228983536,0.06781358442367269,0.6886876089019957,0.819992309386593,0.8398708146631013,-0.17450719103972698,0.06781358442367269,0.08888418323744869,0.7629432138956919,-0.27057167524362963,Energy,7
ett2/15T/short|H=48|L=4096|Hsrc=controlled|Lsrc=controlled|origins=shared_origin_v1:Hmax=720,joint-scaling,release,standard_hl_shared_origin_v1,ett2/15T/short,Granite-FlowState-r1.1,flowstate,granite-timeseries-flowstate-r1.1,18.524928,18.524928,48,controlled,shared_origin_v1:Hmax=720,720,720,4096,controlled,62480,68960,4096,4096,16,16,100,[],merged,2,7,3360,61217.23699820042,,100,,float32,native_horizon,48,,continuous_decoder,6.473607671828497,6.473607671828497,1.5914142063685826,0.6976897551961899,0.11018580644643527,0.15053750900995164,5.576957955430821,2.5443285306399597,0.13964929294671655,0.08734715899633996,0.06974803832655027,0.6976897551961899,0.819992309386593,0.8508491448146712,-0.16152043426048798,0.06974803832655027,0.08888418323744869,0.7847069724455096,-0.24244491439626534,Energy,7
ett2/15T/short|H=96|L=128|Hsrc=controlled|Lsrc=controlled|origins=shared_origin_v1:Hmax=720,joint-scaling,release,standard_hl_shared_origin_v1,ett2/15T/short,Granite-FlowState-r1.1,flowstate,granite-timeseries-flowstate-r1.1,18.524928,18.524928,96,controlled,shared_origin_v1:Hmax=720,720,720,128,controlled,62480,68960,128,128,16,16,100,[],merged,2,7,6720,124424.0499805212,,100,,float32,native_horizon,96,,continuous_decoder,6.634400721958706,6.634400721958706,1.6522252400716146,0.7523683930002627,0.1268922255456521,0.16212504930986196,7.919979861437393,2.575733045553965,0.13911238276548937,0.08923478712531409,0.07281847719550195,0.7523683930002627,0.8129763547178831,0.9254492933700976,-0.07747593683246355,0.07281847719550195,0.08579978868907917,0.8487022906242948,-0.16404681303018484,Energy,7
ett2/15T/short|H=96|L=256|Hsrc=controlled|Lsrc=controlled|origins=shared_origin_v1:Hmax=720,joint-scaling,release,standard_hl_shared_origin_v1,ett2/15T/short,Granite-FlowState-r1.1,flowstate,granite-timeseries-flowstate-r1.1,18.524928,18.524928,96,controlled,shared_origin_v1:Hmax=720,720,720,256,controlled,62480,68960,256,256,16,16,100,[],merged,2,7,6720,124424.0499805212,,100,,float32,native_horizon,96,,continuous_decoder,7.3023348127092635,7.3023348127092635,1.6947981334867932,0.7595203564384936,0.12633909813370434,0.15958672478085473,7.560882922564151,2.7022832591549806,0.14594721442007672,0.09153410019055178,0.074621016496072,0.7595203564384936,0.8129763547178831,0.9342465522285213,-0.06801490103970739,0.074621016496072,0.08579978868907917,0.86971095892186,-0.13959435365879314,Energy,7
ett2/15T/short|H=96|L=512|Hsrc=controlled|Lsrc=controlled|origins=shared_origin_v1:Hmax=720,joint-scaling,release,standard_hl_shared_origin_v1,ett2/15T/short,Granite-FlowState-r1.1,flowstate,granite-timeseries-flowstate-r1.1,18.524928,18.524928,96,controlled,shared_origin_v1:Hmax=720,720,720,512,controlled,62480,68960,512,512,16,16,100,[],merged,2,7,6720,124424.0499805212,,100,,float32,native_horizon,96,,continuous_decoder,9.557936023530505,9.557936023530505,1.9369815644763766,0.8388207866202879,0.13680151971083696,0.1672550746372768,8.61810729523228,3.0915911798830233,0.16697328797821928,0.10461414907583387,0.08585620359261101,0.8388207866202879,0.8129763547178831,1.0317898937065313,0.03129505496219453,0.08585620359261101,0.08579978868907917,1.0006575179775357,0.0006573019072984577,Energy,7
ett2/15T/short|H=96|L=1024|Hsrc=controlled|Lsrc=controlled|origins=shared_origin_v1:Hmax=720,joint-scaling,release,standard_hl_shared_origin_v1,ett2/15T/short,Granite-FlowState-r1.1,flowstate,granite-timeseries-flowstate-r1.1,18.524928,18.524928,96,controlled,shared_origin_v1:Hmax=720,720,720,1024,controlled,62480,68960,1024,1024,16,16,100,[],merged,2,7,6720,124424.0499805212,,100,,float32,native_horizon,96,,continuous_decoder,8.236288016183035,8.236288016183035,1.8121983846028646,0.7746825070221824,0.12355109951492693,0.15652975354875837,7.535882034974614,2.869893380629851,0.15499964452894602,0.09787475288288504,0.07910969574203712,0.7746825070221824,0.8129763547178831,0.9528967263642135,-0.0482487480791538,0.07910969574203712,0.08579978868907917,0.9220266966940259,-0.08118110064514264,Energy,7
ett2/15T/short|H=96|L=2048|Hsrc=controlled|Lsrc=controlled|origins=shared_origin_v1:Hmax=720,joint-scaling,release,standard_hl_shared_origin_v1,ett2/15T/short,Granite-FlowState-r1.1,flowstate,granite-timeseries-flowstate-r1.1,18.524928,18.524928,96,controlled,shared_origin_v1:Hmax=720,720,720,2048,controlled,62480,68960,2048,2048,16,16,100,[],merged,2,7,6720,124424.0499805212,,100,,float32,native_horizon,96,,continuous_decoder,7.597056070963542,7.597056070963542,1.7292068481445313,0.7451848589796599,0.11913103728575662,0.14978987830025808,5.766944907699186,2.756275761052138,0.14886328742047894,0.0933924753401808,0.07408938421067655,0.7451848589796599,0.8129763547178831,0.9166132011776061,-0.08706970467872238,0.07408938421067655,0.08579978868907917,0.863514763179211,-0.14674428463453504,Energy,7
ett2/15T/short|H=96|L=4096|Hsrc=controlled|Lsrc=controlled|origins=shared_origin_v1:Hmax=720,joint-scaling,release,standard_hl_shared_origin_v1,ett2/15T/short,Granite-FlowState-r1.1,flowstate,granite-timeseries-flowstate-r1.1,18.524928,18.524928,96,controlled,shared_origin_v1:Hmax=720,720,720,4096,controlled,62480,68960,4096,4096,16,16,100,[],merged,2,7,6720,124424.0499805212,,100,,float32,native_horizon,96,,continuous_decoder,7.727644929431734,7.727644929431734,1.7710474286760602,0.754227444270912,0.11946671137888364,0.1507645016624814,5.604347212718257,2.7798641926237573,0.1501372715110635,0.09565223702786009,0.07613073242716596,0.754227444270912,0.8129763547178831,0.9277360158065631,-0.07500805238967208,0.07613073242716596,0.08579978868907917,0.8873067590300031,-0.11956451764477859,Energy,7
ett2/15T/short|H=192|L=128|Hsrc=controlled|Lsrc=controlled|origins=shared_origin_v1:Hmax=720,joint-scaling,release,standard_hl_shared_origin_v1,ett2/15T/short,Granite-FlowState-r1.1,flowstate,granite-timeseries-flowstate-r1.1,18.524928,18.524928,192,controlled,shared_origin_v1:Hmax=720,720,720,128,controlled,62480,68960,128,128,16,16,100,[],merged,2,7,13440,246436.99194276333,,100,,float32,native_horizon,192,,continuous_decoder,9.269571722121466,9.269571722121466,1.9601084754580542,0.8616534779606054,0.14524230233703322,0.17939369935372879,8.910006081655473,3.044597136259815,0.16604400657850796,0.10689895905025001,0.08689643721572454,0.8616534779606054,0.9157795009384372,0.9408962278339201,-0.060922424081587774,0.08689643721572454,0.10088154910380433,0.8613709641424172,-0.1492300146822575,Energy,7
ett2/15T/short|H=192|L=256|Hsrc=controlled|Lsrc=controlled|origins=shared_origin_v1:Hmax=720,joint-scaling,release,standard_hl_shared_origin_v1,ett2/15T/short,Granite-FlowState-r1.1,flowstate,granite-timeseries-flowstate-r1.1,18.524928,18.524928,192,controlled,shared_origin_v1:Hmax=720,720,720,256,controlled,62480,68960,256,256,16,16,100,[],merged,2,7,13440,246436.99194276333,,100,,float32,native_horizon,192,,continuous_decoder,10.366914512997582,10.366914512997582,2.0270272027878535,0.8787594831638628,0.145801150960055,0.17783643177577427,8.802265814997076,3.2197693260538993,0.17559741904419535,0.11054852354226179,0.09023776464295091,0.8787594831638628,0.9157795009384372,0.9595754024449789,-0.0412643814787513,0.09023776464295091,0.10088154910380433,0.8944922579459872,-0.11149903124579184,Energy,7
ett2/15T/short|H=192|L=512|Hsrc=controlled|Lsrc=controlled|origins=shared_origin_v1:Hmax=720,joint-scaling,release,standard_hl_shared_origin_v1,ett2/15T/short,Granite-FlowState-r1.1,flowstate,granite-timeseries-flowstate-r1.1,18.524928,18.524928,192,controlled,shared_origin_v1:Hmax=720,720,720,512,controlled,62480,68960,512,512,16,16,100,[],merged,2,7,13440,246436.99194276333,,100,,float32,native_horizon,192,,continuous_decoder,15.826460484095982,15.826460484095982,2.52430906749907,1.0495942418004058,0.17033126839853935,0.20230041387010395,12.162003724883341,3.9782484191030583,0.21696279576875913,0.13766891731525116,0.11477599027436784,1.0495942418004058,0.9157795009384372,1.1461211358463943,0.13638331588820507,0.11477599027436784,0.10088154910380433,1.1377302519043053,0.12903527061548706,Energy,7
ett2/15T/short|H=192|L=1024|Hsrc=controlled|Lsrc=controlled|origins=shared_origin_v1:Hmax=720,joint-scaling,release,standard_hl_shared_origin_v1,ett2/15T/short,Granite-FlowState-r1.1,flowstate,granite-timeseries-flowstate-r1.1,18.524928,18.524928,192,controlled,shared_origin_v1:Hmax=720,720,720,1024,controlled,62480,68960,1024,1024,16,16,100,[],merged,2,7,13440,246436.99194276333,,100,,float32,native_horizon,192,,continuous_decoder,14.02719464983259,14.02719464983259,2.387346685500372,0.9760057292606615,0.15542106194421212,0.18512232190086728,10.24336536204076,3.7452896616727243,0.20425786184150652,0.13019936333493787,0.10642349978302706,0.9760057292606615,0.9157795009384372,1.0657649884721245,0.0636928403429652,0.10642349978302706,0.10088154910380433,1.0549352258015015,0.05347936769858732,Energy,7
ett2/15T/short|H=192|L=2048|Hsrc=controlled|Lsrc=controlled|origins=shared_origin_v1:Hmax=720,joint-scaling,release,standard_hl_shared_origin_v1,ett2/15T/short,Granite-FlowState-r1.1,flowstate,granite-timeseries-flowstate-r1.1,18.524928,18.524928,192,controlled,shared_origin_v1:Hmax=720,720,720,2048,controlled,62480,68960,2048,2048,16,16,100,[],merged,2,7,13440,246436.99194276333,,100,,float32,native_horizon,192,,continuous_decoder,11.41441911969866,11.41441911969866,2.1348709833054316,0.8870437584509459,0.14118849666117317,0.17093062627883185,7.548545506920354,3.378523215799865,0.18425542229835506,0.11643002858227172,0.09351387059255156,0.8870437584509459,0.9157795009384372,0.9686215486827947,-0.03188130201414515,0.09351387059255156,0.10088154910380433,0.9269670363242378,-0.07583727356931569,Energy,7
ett2/15T/short|H=192|L=4096|Hsrc=controlled|Lsrc=controlled|origins=shared_origin_v1:Hmax=720,joint-scaling,release,standard_hl_shared_origin_v1,ett2/15T/short,Granite-FlowState-r1.1,flowstate,granite-timeseries-flowstate-r1.1,18.524928,18.524928,192,controlled,shared_origin_v1:Hmax=720,720,720,4096,controlled,62480,68960,4096,4096,16,16,100,[],merged,2,7,13440,246436.99194276333,,100,,float32,native_horizon,192,,continuous_decoder,11.486217825753348,11.486217825753348,2.179326447986421,0.8995022930527224,0.1418382932269384,0.17244662330264138,7.174819521913455,3.3891323116327796,0.18483401338920674,0.11885450812409012,0.09535697717159701,0.8995022930527224,0.9157795009384372,0.9822258438095253,-0.017934013557070284,0.09535697717159701,0.10088154910380433,0.9452370430342749,-0.05631954375357497,Energy,7
ett2/15T/short|H=336|L=128|Hsrc=controlled|Lsrc=controlled|origins=shared_origin_v1:Hmax=720,joint-scaling,release,standard_hl_shared_origin_v1,ett2/15T/short,Granite-FlowState-r1.1,flowstate,granite-timeseries-flowstate-r1.1,18.524928,18.524928,336,controlled,shared_origin_v1:Hmax=720,720,720,128,controlled,62480,68960,128,128,16,16,100,[],merged,2,7,23520,432522.33897304535,,100,,float32,native_horizon,336,,continuous_decoder,12.502430776998299,12.502430776998299,2.254553015053678,0.9675768626464023,0.15932150378287474,0.19185458548241074,9.939552799667101,3.5358776530019105,0.19227640957473802,0.12259964893366383,0.0992405591863641,0.9675768626464023,1.002767734501598,0.9649062583044852,-0.035724324015090354,0.0992405591863641,0.11585109762181237,0.8566216567954135,-0.1547589318470355,Energy,7
ett2/15T/short|H=336|L=256|Hsrc=controlled|Lsrc=controlled|origins=shared_origin_v1:Hmax=720,joint-scaling,release,standard_hl_shared_origin_v1,ett2/15T/short,Granite-FlowState-r1.1,flowstate,granite-timeseries-flowstate-r1.1,18.524928,18.524928,336,controlled,shared_origin_v1:Hmax=720,720,720,256,controlled,62480,68960,256,256,16,16,100,[],merged,2,7,23520,432522.33897304535,,100,,float32,native_horizon,336,,continuous_decoder,15.285523623511905,15.285523623511905,2.3998467062606292,1.0061957582759131,0.16484351593380314,0.19581801226349915,9.632122799529828,3.9096705262095814,0.21260277791612514,0.1305005301350865,0.10591013978086564,1.0061957582759131,1.002767734501598,1.0034185621020395,0.003412732101650744,0.10591013978086564,0.11585109762181237,0.9141919408187372,-0.08971472867931483,Energy,7
ett2/15T/short|H=336|L=512|Hsrc=controlled|Lsrc=controlled|origins=shared_origin_v1:Hmax=720,joint-scaling,release,standard_hl_shared_origin_v1,ett2/15T/short,Granite-FlowState-r1.1,flowstate,granite-timeseries-flowstate-r1.1,18.524928,18.524928,336,controlled,shared_origin_v1:Hmax=720,720,720,512,controlled,62480,68960,512,512,16,16,100,[],merged,2,7,23520,432522.33897304535,,100,,float32,native_horizon,336,,continuous_decoder,25.289535169536563,25.289535169536563,3.1269889987244897,1.2454931833495149,0.20290366200808319,0.23503841790844424,18.970739147754916,5.0288701682919354,0.27346339298696304,0.17004157848731002,0.14673216405544204,1.2454931833495149,1.002767734501598,1.2420555034796346,0.216767671304749,0.14673216405544204,0.11585109762181237,1.2665582551012051,0.2363031863233659,Energy,7
ett2/15T/short|H=336|L=1024|Hsrc=controlled|Lsrc=controlled|origins=shared_origin_v1:Hmax=720,joint-scaling,release,standard_hl_shared_origin_v1,ett2/15T/short,Granite-FlowState-r1.1,flowstate,granite-timeseries-flowstate-r1.1,18.524928,18.524928,336,controlled,shared_origin_v1:Hmax=720,720,720,1024,controlled,62480,68960,1024,1024,16,16,100,[],merged,2,7,23520,432522.33897304535,,100,,float32,native_horizon,336,,continuous_decoder,22.010530266794216,22.010530266794216,2.9363853817894343,1.164559096859689,0.18712128283259777,0.21135728278127658,12.56168724294696,4.69153815574319,0.2551197186371373,0.15967680269108953,0.13159927799540236,1.164559096859689,1.002767734501598,1.1613448027807811,0.1495786463762323,0.13159927799540236,0.11585109762181237,1.135934666972244,0.12745580717701674,Energy,7
ett2/15T/short|H=336|L=2048|Hsrc=controlled|Lsrc=controlled|origins=shared_origin_v1:Hmax=720,joint-scaling,release,standard_hl_shared_origin_v1,ett2/15T/short,Granite-FlowState-r1.1,flowstate,granite-timeseries-flowstate-r1.1,18.524928,18.524928,336,controlled,shared_origin_v1:Hmax=720,720,720,2048,controlled,62480,68960,2048,2048,16,16,100,[],merged,2,7,23520,432522.33897304535,,100,,float32,native_horizon,336,,continuous_decoder,15.819670758928572,15.819670758928572,2.5258213588169642,1.0257316340694422,0.16455008794866247,0.19364922971141582,8.913434922669223,3.9773949714516124,0.2162855448129162,0.1373508672417432,0.11073655464927473,1.0257316340694422,1.002767734501598,1.0229005170167924,0.022642235922863706,0.11073655464927473,0.11585109762181237,0.9558524426826435,-0.04515172650203851,Energy,7
ett2/15T/short|H=336|L=4096|Hsrc=controlled|Lsrc=controlled|origins=shared_origin_v1:Hmax=720,joint-scaling,release,standard_hl_shared_origin_v1,ett2/15T/short,Granite-FlowState-r1.1,flowstate,granite-timeseries-flowstate-r1.1,18.524928,18.524928,336,controlled,shared_origin_v1:Hmax=720,720,720,4096,controlled,62480,68960,4096,4096,16,16,100,[],merged,2,7,23520,432522.33897304535,,100,,float32,native_horizon,336,,continuous_decoder,16.03664783296131,16.03664783296131,2.5531894813589497,1.0333255022742907,0.16491307038099517,0.19438878273477359,8.72376941991498,4.004578358948831,0.21776374192859033,0.1388391100079223,0.11179614878771665,1.0333255022742907,1.002767734501598,1.030473425421771,0.03001833297293933,0.11179614878771665,0.11585109762181237,0.9649986153145238,-0.03562861255140983,Energy,7
ett2/15T/short|H=720|L=128|Hsrc=controlled|Lsrc=controlled|origins=shared_origin_v1:Hmax=720,joint-scaling,release,standard_hl_shared_origin_v1,ett2/15T/short,Granite-FlowState-r1.1,flowstate,granite-timeseries-flowstate-r1.1,18.524928,18.524928,720,controlled,shared_origin_v1:Hmax=720,720,720,128,controlled,62480,68960,128,128,16,16,100,[],merged,2,7,50400,945736.3714669943,,100,,float32,native_horizon,720,,continuous_decoder,12.57735599578373,12.57735599578373,2.2523034474206347,0.9652385836455528,0.1534279117645291,0.18359752760158396,9.471185561824553,3.5464568227716704,0.1889970918538689,0.12002932019408079,0.09685048475312934,0.9652385836455528,1.0126577750962622,0.9531735275066626,-0.04795830637708873,0.09685048475312934,0.13282444685997616,0.7291615891706241,-0.31585991286586607,Energy,7
ett2/15T/short|H=720|L=256|Hsrc=controlled|Lsrc=controlled|origins=shared_origin_v1:Hmax=720,joint-scaling,release,standard_hl_shared_origin_v1,ett2/15T/short,Granite-FlowState-r1.1,flowstate,granite-timeseries-flowstate-r1.1,18.524928,18.524928,720,controlled,shared_origin_v1:Hmax=720,720,720,256,controlled,62480,68960,256,256,16,16,100,[],merged,2,7,50400,945736.3714669943,,100,,float32,native_horizon,720,,continuous_decoder,15.619477771577381,15.619477771577381,2.426154475136409,1.0148440327968757,0.15941691784757064,0.18563256457870436,9.533110946147609,3.9521485006990034,0.21061713437779245,0.12929415557657067,0.10505859423549718,1.0148440327968757,1.0126577750962622,1.0021589304445973,0.002156603303087478,0.10505859423549718,0.13282444685997616,0.7909582664872694,-0.2345100730522944,Energy,7
ett2/15T/short|H=720|L=512|Hsrc=controlled|Lsrc=controlled|origins=shared_origin_v1:Hmax=720,joint-scaling,release,standard_hl_shared_origin_v1,ett2/15T/short,Granite-FlowState-r1.1,flowstate,granite-timeseries-flowstate-r1.1,18.524928,18.524928,720,controlled,shared_origin_v1:Hmax=720,720,720,512,controlled,62480,68960,512,512,16,16,100,[],merged,2,7,50400,945736.3714669943,,100,,float32,native_horizon,720,,continuous_decoder,21.128235522073414,21.128235522073414,2.8316677904885914,1.1441849690675956,0.1795662858510848,0.2066621400832768,16.010532049082894,4.5965460426360805,0.2449582436905817,0.15090469283659746,0.12880585932703814,1.1441849690675956,1.0126577750962622,1.1298831621164718,0.12211423102137275,0.12880585932703814,0.13282444685997616,0.9697451212639009,-0.030722003596189318,Energy,7
ett2/15T/short|H=720|L=1024|Hsrc=controlled|Lsrc=controlled|origins=shared_origin_v1:Hmax=720,joint-scaling,release,standard_hl_shared_origin_v1,ett2/15T/short,Granite-FlowState-r1.1,flowstate,granite-timeseries-flowstate-r1.1,18.524928,18.524928,720,controlled,shared_origin_v1:Hmax=720,720,720,1024,controlled,62480,68960,1024,1024,16,16,100,[],merged,2,7,50400,945736.3714669943,,100,,float32,native_horizon,720,,continuous_decoder,17.633566158234128,17.633566158234128,2.624291217137897,1.057061786557548,0.16397483502271212,0.18759691026475694,10.465849841118962,4.19923399660392,0.2237847668907421,0.13985322055298152,0.11357268345659187,1.057061786557548,1.0126577750962622,1.0438489809225677,0.04291482470827805,0.11357268345659187,0.13282444685997616,0.8550585840294931,-0.15658529305997865,Energy,7
ett2/15T/short|H=720|L=2048|Hsrc=controlled|Lsrc=controlled|origins=shared_origin_v1:Hmax=720,joint-scaling,release,standard_hl_shared_origin_v1,ett2/15T/short,Granite-FlowState-r1.1,flowstate,granite-timeseries-flowstate-r1.1,18.524928,18.524928,720,controlled,shared_origin_v1:Hmax=720,720,720,2048,controlled,62480,68960,2048,2048,16,16,100,[],merged,2,7,50400,945736.3714669943,,100,,float32,native_horizon,720,,continuous_decoder,13.513900669642856,13.513900669642856,2.361049068390377,0.9709480039630874,0.1506161945659313,0.17612084282769097,8.289846783992797,3.6761257690186357,0.1959073842863252,0.12582457081807172,0.1003692191148782,0.9709480039630874,1.0126577750962622,0.9588115825909599,-0.04206069619558332,0.1003692191148782,0.13282444685997616,0.7556532060749905,-0.2801727301708123,Energy,7
ett2/15T/short|H=720|L=4096|Hsrc=controlled|Lsrc=controlled|origins=shared_origin_v1:Hmax=720,joint-scaling,release,standard_hl_shared_origin_v1,ett2/15T/short,Granite-FlowState-r1.1,flowstate,granite-timeseries-flowstate-r1.1,18.524928,18.524928,720,controlled,shared_origin_v1:Hmax=720,720,720,4096,controlled,62480,68960,4096,4096,16,16,100,[],merged,2,7,50400,945736.3714669943,,100,,float32,native_horizon,720,,continuous_decoder,13.229317646329365,13.229317646329365,2.31880130828373,0.9505344867854111,0.14615403086823364,0.17020735967726935,8.142444450044698,3.637212895381485,0.1938336469420902,0.12357311134837604,0.09919695987102585,0.9505344867854111,1.0126577750962622,0.9386532253653553,-0.06330917004299809,0.09919695987102585,0.13282444685997616,0.7468275774233001,-0.2919209405414969,Energy,7
ett2/H/short|H=48|L=128|Hsrc=controlled|Lsrc=controlled|origins=shared_origin_v1:Hmax=720,joint-scaling,release,standard_hl_shared_origin_v1,ett2/H/short,Granite-FlowState-r1.1,flowstate,granite-timeseries-flowstate-r1.1,18.524928,18.524928,48,controlled,shared_origin_v1:Hmax=720,720,720,128,controlled,15260,16700,128,128,16,16,100,[],merged,2,7,1008,72264.01940023899,,100,,float32,native_horizon,48,,continuous_decoder,106.72061011904762,106.72061011904762,6.598390609499008,0.7624750598285276,0.16305493855407086,0.1366195111047654,6.142475754581626,10.330566785953597,0.14409953122821711,0.09203996386551677,0.07296020002438187,0.7624750598285276,0.6947240034491291,1.0975222621401184,0.09305515017159414,0.07296020002438187,0.08145786369717765,0.8956802537274224,-0.11017178937599055,Energy,7
ett2/H/short|H=48|L=256|Hsrc=controlled|Lsrc=controlled|origins=shared_origin_v1:Hmax=720,joint-scaling,release,standard_hl_shared_origin_v1,ett2/H/short,Granite-FlowState-r1.1,flowstate,granite-timeseries-flowstate-r1.1,18.524928,18.524928,48,controlled,shared_origin_v1:Hmax=720,720,720,256,controlled,15260,16700,256,256,16,16,100,[],merged,2,7,1008,72264.01940023899,,100,,float32,native_horizon,48,,continuous_decoder,75.97232879154267,75.97232879154267,5.550836472284226,0.6472168683745999,0.13328418634680328,0.1208931529332721,5.016079504099258,8.716210689946788,0.1215811194614689,0.07742778786041336,0.06171381587733115,0.6472168683745999,0.6947240034491291,0.9316172539905513,-0.07083322032921359,0.06171381587733115,0.08145786369717765,0.7576164298483733,-0.2775780506395436,Energy,7
ett2/H/short|H=48|L=512|Hsrc=controlled|Lsrc=controlled|origins=shared_origin_v1:Hmax=720,joint-scaling,release,standard_hl_shared_origin_v1,ett2/H/short,Granite-FlowState-r1.1,flowstate,granite-timeseries-flowstate-r1.1,18.524928,18.524928,48,controlled,shared_origin_v1:Hmax=720,720,720,512,controlled,15260,16700,512,512,16,16,100,[],merged,2,7,1008,72264.01940023899,,100,,float32,native_horizon,48,,continuous_decoder,61.436816018725196,61.436816018725196,5.064470684717572,0.6035255038073328,0.12835988501641085,0.11489547245086186,4.727439301685197,7.83816407194473,0.10933337849311713,0.07064354422248521,0.0568623875682676,0.6035255038073328,0.6947240034491291,0.8687270064241068,-0.14072634987889218,0.0568623875682676,0.08145786369717765,0.6980589103055224,-0.35945178106262266,Energy,7
ett2/H/short|H=48|L=1024|Hsrc=controlled|Lsrc=controlled|origins=shared_origin_v1:Hmax=720,joint-scaling,release,standard_hl_shared_origin_v1,ett2/H/short,Granite-FlowState-r1.1,flowstate,granite-timeseries-flowstate-r1.1,18.524928,18.524928,48,controlled,shared_origin_v1:Hmax=720,720,720,1024,controlled,15260,16700,1024,1024,16,16,100,[],merged,2,7,1008,72264.01940023899,,100,,float32,native_horizon,48,,continuous_decoder,64.81768411303324,64.81768411303324,5.249182928176153,0.6167363352719311,0.12695462586974074,0.11600380473666722,4.628518440782792,8.050943057371182,0.11230140074111783,0.07322006768397474,0.05922143327278442,0.6167363352719311,0.6947240034491291,0.8877429485810063,-0.11907305021385232,0.05922143327278442,0.08145786369717765,0.7270192291433285,-0.31880235180758926,Energy,7
ett2/H/short|H=48|L=2048|Hsrc=controlled|Lsrc=controlled|origins=shared_origin_v1:Hmax=720,joint-scaling,release,standard_hl_shared_origin_v1,ett2/H/short,Granite-FlowState-r1.1,flowstate,granite-timeseries-flowstate-r1.1,18.524928,18.524928,48,controlled,shared_origin_v1:Hmax=720,720,720,2048,controlled,15260,16700,2048,2048,16,16,100,[],merged,2,7,1008,72264.01940023899,,100,,float32,native_horizon,48,,continuous_decoder,59.640903049045136,59.640903049045136,5.100988478887649,0.6077665868192704,0.12694123445302347,0.11475236832149445,4.328116452457995,7.7227522975326055,0.10772351691092237,0.0711529254723651,0.05693820003382566,0.6077665868192704,0.6947240034491291,0.8748317084221402,-0.13372374435477039,0.05693820003382566,0.08145786369717765,0.6989896057855793,-0.3581194069796616,Energy,7
ett2/H/short|H=48|L=4096|Hsrc=controlled|Lsrc=controlled|origins=shared_origin_v1:Hmax=720,joint-scaling,release,standard_hl_shared_origin_v1,ett2/H/short,Granite-FlowState-r1.1,flowstate,granite-timeseries-flowstate-r1.1,18.524928,18.524928,48,controlled,shared_origin_v1:Hmax=720,720,720,4096,controlled,15260,16700,4054,4054,16,16,100,[],merged,2,7,1008,72264.01940023899,,100,,float32,native_horizon,48,,continuous_decoder,63.81981065538194,63.81981065538194,5.347665695917039,0.6256413358421805,0.12625648861839658,0.11651244996085999,4.362748319753992,7.98873022797628,0.1114336032874122,0.07459378908373519,0.058275270961648876,0.6256413358421805,0.6947240034491291,0.9005609893080265,-0.10473738838859203,0.058275270961648876,0.08145786369717765,0.715403870377563,-0.3349080420830045,Energy,7
ett2/H/short|H=96|L=128|Hsrc=controlled|Lsrc=controlled|origins=shared_origin_v1:Hmax=720,joint-scaling,release,standard_hl_shared_origin_v1,ett2/H/short,Granite-FlowState-r1.1,flowstate,granite-timeseries-flowstate-r1.1,18.524928,18.524928,96,controlled,shared_origin_v1:Hmax=720,720,720,128,controlled,15260,16700,128,128,16,16,100,[],merged,2,7,2016,144151.83056032658,,100,,float32,native_horizon,96,,continuous_decoder,140.882328093998,140.882328093998,7.97939930264912,0.902622559177578,0.1810184336790892,0.15435873516022214,6.427576695469997,11.869386171744434,0.16599638332183916,0.11159392795507057,0.0876843310205316,0.902622559177578,0.7989799974265753,1.1297185938131415,0.1219685696868572,0.0876843310205316,0.09816146652540124,0.8932663103381969,-0.1128705227007404,Energy,7
ett2/H/short|H=96|L=256|Hsrc=controlled|Lsrc=controlled|origins=shared_origin_v1:Hmax=720,joint-scaling,release,standard_hl_shared_origin_v1,ett2/H/short,Granite-FlowState-r1.1,flowstate,granite-timeseries-flowstate-r1.1,18.524928,18.524928,96,controlled,shared_origin_v1:Hmax=720,720,720,256,controlled,15260,16700,256,256,16,16,100,[],merged,2,7,2016,144151.83056032658,,100,,float32,native_horizon,96,,continuous_decoder,103.60204303075396,103.60204303075396,6.932439894903274,0.8083731854157623,0.16247701192181568,0.14277185712541854,5.445852209284016,10.178508880516535,0.14234903451006753,0.09695193445549914,0.07578002718763609,0.8083731854157623,0.7989799974265753,1.0117564745293266,0.011687904090477723,0.07578002718763609,0.09816146652540124,0.7719936332453478,-0.2587789760828868,Energy,7
ett2/H/short|H=96|L=512|Hsrc=controlled|Lsrc=controlled|origins=shared_origin_v1:Hmax=720,joint-scaling,release,standard_hl_shared_origin_v1,ett2/H/short,Granite-FlowState-r1.1,flowstate,granite-timeseries-flowstate-r1.1,18.524928,18.524928,96,controlled,shared_origin_v1:Hmax=720,720,720,512,controlled,15260,16700,512,512,16,16,100,[],merged,2,7,2016,144151.83056032658,,100,,float32,native_horizon,96,,continuous_decoder,86.82904052734375,86.82904052734375,6.192479088192894,0.7289289198843226,0.1469889015352809,0.12962744727967276,4.820795750993551,9.318210156856505,0.1303175381346344,0.08660339444369657,0.06822719821847173,0.7289289198843226,0.7989799974265753,0.9123243663572563,-0.09175968727614836,0.06822719821847173,0.09816146652540124,0.695050722381135,-0.3637704542370304,Energy,7
ett2/H/short|H=96|L=1024|Hsrc=controlled|Lsrc=controlled|origins=shared_origin_v1:Hmax=720,joint-scaling,release,standard_hl_shared_origin_v1,ett2/H/short,Granite-FlowState-r1.1,flowstate,granite-timeseries-flowstate-r1.1,18.524928,18.524928,96,controlled,shared_origin_v1:Hmax=720,720,720,1024,controlled,15260,16700,1024,1024,16,16,100,[],merged,2,7,2016,144151.83056032658,,100,,float32,native_horizon,96,,continuous_decoder,105.8131093827505,105.8131093827505,6.583248562282986,0.7578590425196893,0.14884677281313916,0.13347307084098695,5.349539768232294,10.28654992612929,0.14386001600165643,0.09206840488930405,0.0741063839784306,0.7578590425196893,0.7989799974265753,0.9485331860130015,-0.05283850232982959,0.0741063839784306,0.09816146652540124,0.7549437330304565,-0.2811120582977717,Energy,7
ett2/H/short|H=96|L=2048|Hsrc=controlled|Lsrc=controlled|origins=shared_origin_v1:Hmax=720,joint-scaling,release,standard_hl_shared_origin_v1,ett2/H/short,Granite-FlowState-r1.1,flowstate,granite-timeseries-flowstate-r1.1,18.524928,18.524928,96,controlled,shared_origin_v1:Hmax=720,720,720,2048,controlled,15260,16700,2048,2048,16,16,100,[],merged,2,7,2016,144151.83056032658,,100,,float32,native_horizon,96,,continuous_decoder,96.55397639198908,96.55397639198908,6.627395872085813,0.7737459949809005,0.1525574256043603,0.1358085586911156,4.750005124286383,9.82618829414484,0.1374217415345677,0.09268581624104719,0.07270526371797342,0.7737459949809005,0.7989799974265753,0.9684172288080418,-0.032092263072731005,0.07270526371797342,0.09816146652540124,0.7406701049964396,-0.3001999552520321,Energy,7
ett2/H/short|H=96|L=4096|Hsrc=controlled|Lsrc=controlled|origins=shared_origin_v1:Hmax=720,joint-scaling,release,standard_hl_shared_origin_v1,ett2/H/short,Granite-FlowState-r1.1,flowstate,granite-timeseries-flowstate-r1.1,18.524928,18.524928,96,controlled,shared_origin_v1:Hmax=720,720,720,4096,controlled,15260,16700,4006,4006,16,16,100,[],merged,2,7,2016,144151.83056032658,,100,,float32,native_horizon,96,,continuous_decoder,106.73634943886408,106.73634943886408,7.009501018221417,0.7937772248622816,0.1532099332924042,0.13775604490249876,4.822281963829107,10.331328541812233,0.1444862563266382,0.09802965385736521,0.07578742266052868,0.7937772248622816,0.7989799974265753,0.9934882317691917,-0.006533062285190089,0.07578742266052868,0.09816146652540124,0.7720689731231468,-0.25868138952448155,Energy,7
ett2/H/short|H=192|L=128|Hsrc=controlled|Lsrc=controlled|origins=shared_origin_v1:Hmax=720,joint-scaling,release,standard_hl_shared_origin_v1,ett2/H/short,Granite-FlowState-r1.1,flowstate,granite-timeseries-flowstate-r1.1,18.524928,18.524928,192,controlled,shared_origin_v1:Hmax=720,720,720,128,controlled,15260,16700,128,128,16,16,100,[],merged,2,7,4032,286751.6341557503,,100,,float32,native_horizon,192,,continuous_decoder,187.48579915364584,187.48579915364584,8.103028433663505,0.9229587644791667,0.1821792611669731,0.15806844877818274,8.689405725484427,13.69254538621822,0.19253017741215464,0.11393626662572269,0.09194614799109406,0.9229587644791667,0.8715895895186347,1.0589373434220368,0.057265899072905434,0.09194614799109406,0.1268224591465115,0.7249989363861284,-0.32158509118215434,Energy,7
ett2/H/short|H=192|L=256|Hsrc=controlled|Lsrc=controlled|origins=shared_origin_v1:Hmax=720,joint-scaling,release,standard_hl_shared_origin_v1,ett2/H/short,Granite-FlowState-r1.1,flowstate,granite-timeseries-flowstate-r1.1,18.524928,18.524928,192,controlled,shared_origin_v1:Hmax=720,720,720,256,controlled,15260,16700,256,256,16,16,100,[],merged,2,7,4032,286751.6341557503,,100,,float32,native_horizon,192,,continuous_decoder,156.8464549231151,156.8464549231151,7.436491466703869,0.8552541667793052,0.16832215829831462,0.1482628035166907,7.297166740939126,12.523835471736088,0.17609700733078562,0.10456412456733938,0.08351522696353637,0.8552541667793052,0.8715895895186347,0.9812578959916773,-0.01891996304739555,0.08351522696353637,0.1268224591465115,0.6585207977007882,-0.4177591748491224,Energy,7
ett2/H/short|H=192|L=512|Hsrc=controlled|Lsrc=controlled|origins=shared_origin_v1:Hmax=720,joint-scaling,release,standard_hl_shared_origin_v1,ett2/H/short,Granite-FlowState-r1.1,flowstate,granite-timeseries-flowstate-r1.1,18.524928,18.524928,192,controlled,shared_origin_v1:Hmax=720,720,720,512,controlled,15260,16700,512,512,16,16,100,[],merged,2,7,4032,286751.6341557503,,100,,float32,native_horizon,192,,continuous_decoder,153.28824676029265,153.28824676029265,7.313250344897074,0.8310895631805427,0.16072793768586968,0.14407924243382045,6.830138779279382,12.380963078868003,0.17408808595274308,0.102831237483407,0.08253445660548642,0.8310895631805427,0.8715895895186347,0.9535331458462468,-0.04758109225299275,0.08253445660548642,0.1268224591465115,0.6507873854593734,-0.42957228695452965,Energy,7
ett2/H/short|H=192|L=1024|Hsrc=controlled|Lsrc=controlled|origins=shared_origin_v1:Hmax=720,joint-scaling,release,standard_hl_shared_origin_v1,ett2/H/short,Granite-FlowState-r1.1,flowstate,granite-timeseries-flowstate-r1.1,18.524928,18.524928,192,controlled,shared_origin_v1:Hmax=720,720,720,1024,controlled,15260,16700,1024,1024,16,16,100,[],merged,2,7,4032,286751.6341557503,,100,,float32,native_horizon,192,,continuous_decoder,173.9030567956349,173.9030567956349,7.704689752487909,0.8531577350652848,0.15982989118753374,0.1464700698852539,7.635080665676709,13.18723082362764,0.18542497530105323,0.10833524688880415,0.08902093450892624,0.8531577350652848,0.8715895895186347,0.9788525991188931,-0.021374210485087333,0.08902093450892624,0.1268224591465115,0.7019335148365552,-0.353916587651467,Energy,7
ett2/H/short|H=192|L=2048|Hsrc=controlled|Lsrc=controlled|origins=shared_origin_v1:Hmax=720,joint-scaling,release,standard_hl_shared_origin_v1,ett2/H/short,Granite-FlowState-r1.1,flowstate,granite-timeseries-flowstate-r1.1,18.524928,18.524928,192,controlled,shared_origin_v1:Hmax=720,720,720,2048,controlled,15260,16700,2048,2048,16,16,100,[],merged,2,7,4032,286751.6341557503,,100,,float32,native_horizon,192,,continuous_decoder,148.47125728546627,148.47125728546627,7.301827324761285,0.8371752740239696,0.15993756363691625,0.14458329336983816,6.429615962189237,12.18487822202037,0.17133094685173195,0.10267061898397595,0.08267247055015275,0.8371752740239696,0.8715895895186347,0.9605154582976702,-0.040285202891923964,0.08267247055015275,0.1268224591465115,0.651875630755949,-0.42790148562496194,Energy,7
ett2/H/short|H=192|L=4096|Hsrc=controlled|Lsrc=controlled|origins=shared_origin_v1:Hmax=720,joint-scaling,release,standard_hl_shared_origin_v1,ett2/H/short,Granite-FlowState-r1.1,flowstate,granite-timeseries-flowstate-r1.1,18.524928,18.524928,192,controlled,shared_origin_v1:Hmax=720,720,720,4096,controlled,15260,16700,3910,3910,16,16,100,[],merged,2,7,4032,286751.6341557503,,100,,float32,native_horizon,192,,continuous_decoder,149.62838115389386,149.62838115389386,7.33298092796689,0.824386472520072,0.15844996638068565,0.14321935744512648,5.9426859271789345,12.232268029841967,0.17199729250552132,0.1031086681985683,0.08191068244567634,0.824386472520072,0.8715895895186347,0.9458424956353227,-0.055679218892188256,0.08191068244567634,0.1268224591465115,0.6458689020613385,-0.43715873377977865,Energy,7
ett2/H/short|H=336|L=128|Hsrc=controlled|Lsrc=controlled|origins=shared_origin_v1:Hmax=720,joint-scaling,release,standard_hl_shared_origin_v1,ett2/H/short,Granite-FlowState-r1.1,flowstate,granite-timeseries-flowstate-r1.1,18.524928,18.524928,336,controlled,shared_origin_v1:Hmax=720,720,720,128,controlled,15260,16700,128,128,16,16,100,[],merged,2,7,7056,500443.1288883686,,100,,float32,native_horizon,336,,continuous_decoder,205.87657002905328,205.87657002905328,8.526477632068453,0.9700317659568983,0.18327729251915403,0.1649898996158522,9.222675167038332,14.348399563332952,0.2023053199746518,0.12021910722505938,0.0976639855532515,0.9700317659568983,0.935621923693908,1.0367775074435384,0.03611735217100023,0.0976639855532515,0.15550102220996356,0.6280600870995032,-0.4651194369962363,Energy,7
ett2/H/short|H=336|L=256|Hsrc=controlled|Lsrc=controlled|origins=shared_origin_v1:Hmax=720,joint-scaling,release,standard_hl_shared_origin_v1,ett2/H/short,Granite-FlowState-r1.1,flowstate,granite-timeseries-flowstate-r1.1,18.524928,18.524928,336,controlled,shared_origin_v1:Hmax=720,720,720,256,controlled,15260,16700,256,256,16,16,100,[],merged,2,7,7056,500443.1288883686,,100,,float32,native_horizon,336,,continuous_decoder,185.33704692814626,185.33704692814626,8.035769923203656,0.917730271821722,0.17363423710557455,0.15632380271444515,7.86616959063767,13.613854962065163,0.19194860528049987,0.11330037182061675,0.09093956395787237,0.917730271821722,0.935621923693908,0.9808772631133436,-0.019307941297866362,0.09093956395787237,0.15550102220996356,0.5848165025891741,-0.5364571517429885,Energy,7
ett2/H/short|H=336|L=512|Hsrc=controlled|Lsrc=controlled|origins=shared_origin_v1:Hmax=720,joint-scaling,release,standard_hl_shared_origin_v1,ett2/H/short,Granite-FlowState-r1.1,flowstate,granite-timeseries-flowstate-r1.1,18.524928,18.524928,336,controlled,shared_origin_v1:Hmax=720,720,720,512,controlled,15260,16700,512,512,16,16,100,[],merged,2,7,7056,500443.1288883686,,100,,float32,native_horizon,336,,continuous_decoder,188.41526161245747,188.41526161245747,8.19600270935197,0.9196008262890535,0.16923608965581222,0.1566460884076938,7.540225495412285,13.72644388078928,0.19353605321345885,0.11555957466265376,0.09241154417490009,0.9196008262890535,0.935621923693908,0.9828765262985695,-0.01727177577982041,0.09241154417490009,0.15550102220996356,0.5942825510826701,-0.520400397493737,Energy,7
ett2/H/short|H=336|L=1024|Hsrc=controlled|Lsrc=controlled|origins=shared_origin_v1:Hmax=720,joint-scaling,release,standard_hl_shared_origin_v1,ett2/H/short,Granite-FlowState-r1.1,flowstate,granite-timeseries-flowstate-r1.1,18.524928,18.524928,336,controlled,shared_origin_v1:Hmax=720,720,720,1024,controlled,15260,16700,1024,1024,16,16,100,[],merged,2,7,7056,500443.1288883686,,100,,float32,native_horizon,336,,continuous_decoder,218.66377794607428,218.66377794607428,8.715901969511764,0.9536659384129647,0.16998049726630615,0.16150098701182947,8.50388115510714,14.787284333036755,0.20849337763049144,0.12288989646732341,0.10004134412245953,0.9536659384129647,0.935621923693908,1.0192855834842107,0.01910197354684541,0.10004134412245953,0.15550102220996356,0.6433484661430701,-0.4410687635257838,Energy,7
ett2/H/short|H=336|L=2048|Hsrc=controlled|Lsrc=controlled|origins=shared_origin_v1:Hmax=720,joint-scaling,release,standard_hl_shared_origin_v1,ett2/H/short,Granite-FlowState-r1.1,flowstate,granite-timeseries-flowstate-r1.1,18.524928,18.524928,336,controlled,shared_origin_v1:Hmax=720,720,720,2048,controlled,15260,16700,2048,2048,16,16,100,[],merged,2,7,7056,500443.1288883686,,100,,float32,native_horizon,336,,continuous_decoder,188.16995509141157,188.16995509141157,8.368174442628614,0.9459313773676025,0.1713128823625483,0.16009371837520817,7.168923209210047,13.717505425237183,0.1934100254218181,0.11798711073992699,0.09471180791067123,0.9459313773676025,0.935621923693908,1.0110188243911515,0.010958559440809758,0.09471180791067123,0.15550102220996356,0.6090751466751623,-0.4958136253293239,Energy,7
ett2/H/short|H=336|L=4096|Hsrc=controlled|Lsrc=controlled|origins=shared_origin_v1:Hmax=720,joint-scaling,release,standard_hl_shared_origin_v1,ett2/H/short,Granite-FlowState-r1.1,flowstate,granite-timeseries-flowstate-r1.1,18.524928,18.524928,336,controlled,shared_origin_v1:Hmax=720,720,720,4096,controlled,15260,16700,3766,3766,16,16,100,[],merged,2,7,7056,500443.1288883686,,100,,float32,native_horizon,336,,continuous_decoder,179.52437198837868,179.52437198837868,8.162099548478245,0.9138155562730519,0.16948238123816134,0.1570787970441269,6.5658677411497415,13.39867053063022,0.18891461148468608,0.11508155690336037,0.09144847545656105,0.9138155562730519,0.935621923693908,0.9766931846415453,-0.023582714497614683,0.09144847545656105,0.15550102220996356,0.588089223832135,-0.5308766013839292,Energy,7
ett2/H/short|H=720|L=128|Hsrc=controlled|Lsrc=controlled|origins=shared_origin_v1:Hmax=720,joint-scaling,release,standard_hl_shared_origin_v1,ett2/H/short,Granite-FlowState-r1.1,flowstate,granite-timeseries-flowstate-r1.1,18.524928,18.524928,720,controlled,shared_origin_v1:Hmax=720,720,720,128,controlled,15260,16700,128,128,16,16,100,[],merged,2,7,15120,1104114.6179156303,,100,,float32,native_horizon,720,,continuous_decoder,325.3053406084656,325.3053406084656,11.020701316550927,1.193482477486478,0.20949063748174507,0.1940773292824074,11.712638457269533,18.03622301393686,0.24699219405821138,0.15092002334035132,0.12364578024645975,1.193482477486478,1.1284016695734669,1.0576752141262,0.05607330533067561,0.12364578024645975,0.20790633362858252,0.5947186797461816,-0.519666792394326,Energy,7
ett2/H/short|H=720|L=256|Hsrc=controlled|Lsrc=controlled|origins=shared_origin_v1:Hmax=720,joint-scaling,release,standard_hl_shared_origin_v1,ett2/H/short,Granite-FlowState-r1.1,flowstate,granite-timeseries-flowstate-r1.1,18.524928,18.524928,720,controlled,shared_origin_v1:Hmax=720,720,720,256,controlled,15260,16700,256,256,16,16,100,[],merged,2,7,15120,1104114.6179156303,,100,,float32,native_horizon,720,,continuous_decoder,276.50392278439153,276.50392278439153,10.162541077628969,1.1060157271784785,0.19737406728419787,0.18088613035817624,9.765573368804876,16.62840710303881,0.22771323856990985,0.13916817928181038,0.11256555733527067,1.1060157271784785,1.1284016695734669,0.9801613707258602,-0.02003805686716904,0.11256555733527067,0.20790633362858252,0.5414243778468296,-0.613551875392608,Energy,7
ett2/H/short|H=720|L=512|Hsrc=controlled|Lsrc=controlled|origins=shared_origin_v1:Hmax=720,joint-scaling,release,standard_hl_shared_origin_v1,ett2/H/short,Granite-FlowState-r1.1,flowstate,granite-timeseries-flowstate-r1.1,18.524928,18.524928,720,controlled,shared_origin_v1:Hmax=720,720,720,512,controlled,15260,16700,512,512,16,16,100,[],merged,2,7,15120,1104114.6179156303,,100,,float32,native_horizon,720,,continuous_decoder,314.7261078042328,314.7261078042328,10.874121610449736,1.1382889944855077,0.19249178786573784,0.182887284213273,10.020371675816744,17.740521632810935,0.24294279120630058,0.14891272706848965,0.11987776422705529,1.1382889944855077,1.1284016695734669,1.0087622388185389,0.008724073186204682,0.11987776422705529,0.20790633362858252,0.5765950567009314,-0.5506150670006217,Energy,7
ett2/H/short|H=720|L=1024|Hsrc=controlled|Lsrc=controlled|origins=shared_origin_v1:Hmax=720,joint-scaling,release,standard_hl_shared_origin_v1,ett2/H/short,Granite-FlowState-r1.1,flowstate,granite-timeseries-flowstate-r1.1,18.524928,18.524928,720,controlled,shared_origin_v1:Hmax=720,720,720,1024,controlled,15260,16700,1024,1024,16,16,100,[],merged,2,7,15120,1104114.6179156303,,100,,float32,native_horizon,720,,continuous_decoder,325.7927868716931,325.7927868716931,11.11474841889881,1.1542442035849407,0.19097089745007687,0.1851707175925926,10.568069743536881,18.049730936268638,0.24717717465926717,0.15220792603127345,0.12325984207714688,1.1542442035849407,1.1284016695734669,1.0229018927464386,0.022643580852011933,0.12325984207714688,0.20790633362858252,0.5928623718474413,-0.5227929948679663,Energy,7
ett2/H/short|H=720|L=2048|Hsrc=controlled|Lsrc=controlled|origins=shared_origin_v1:Hmax=720,joint-scaling,release,standard_hl_shared_origin_v1,ett2/H/short,Granite-FlowState-r1.1,flowstate,granite-timeseries-flowstate-r1.1,18.524928,18.524928,720,controlled,shared_origin_v1:Hmax=720,720,720,2048,controlled,15260,16700,2048,2048,16,16,100,[],merged,2,7,15120,1104114.6179156303,,100,,float32,native_horizon,720,,continuous_decoder,308.7283688822751,308.7283688822751,10.84965251942791,1.1586919050273339,0.19611273640548163,0.18637541917266037,9.78096038116898,17.570667855328526,0.2406167744378764,0.14857764169759904,0.12018364698068897,1.1586919050273339,1.1284016695734669,1.0268434869166019,0.026489521004088076,0.12018364698068897,0.20790633362858252,0.5780663093958114,-0.5480666947517588,Energy,7
ett2/H/short|H=720|L=4096|Hsrc=controlled|Lsrc=controlled|origins=shared_origin_v1:Hmax=720,joint-scaling,release,standard_hl_shared_origin_v1,ett2/H/short,Granite-FlowState-r1.1,flowstate,granite-timeseries-flowstate-r1.1,18.524928,18.524928,720,controlled,shared_origin_v1:Hmax=720,720,720,4096,controlled,15260,16700,3382,3382,16,16,100,[],merged,2,7,15120,1104114.6179156303,,100,,float32,native_horizon,720,,continuous_decoder,277.3316571593915,277.3316571593915,10.221070886036706,1.097435582918475,0.19114176909955974,0.17958284408327133,8.79715230141462,16.653277670158253,0.2280538218469938,0.1399696999652297,0.11276664759019978,1.097435582918475,1.1284016695734669,0.9725575674957154,-0.02782600987316746,0.11276664759019978,0.20790633362858252,0.5423915934742686,-0.6117670412329377,Energy,7
hierarchical_sales/D/short|H=48|L=128|Hsrc=controlled|Lsrc=controlled|origins=shared_origin_v1:Hmax=720,joint-scaling,release,standard_hl_shared_origin_v1,hierarchical_sales/D/short,Granite-FlowState-r1.1,flowstate,granite-timeseries-flowstate-r1.1,18.524928,18.524928,48,controlled,shared_origin_v1:Hmax=720,720,720,128,controlled,1105,1105,128,128,16,16,100,[],merged,2,118,5664,19987.0,,100,,float32,native_horizon,48,,continuous_decoder,34.010892533986585,34.010892533986585,2.3780593441031073,0.7405232621772588,0.6909306721963882,0.9136155307111106,7.456161096842152,5.831885847132691,1.6526643037053865,0.6739044441386901,0.5543557107929387,0.7405232621772588,0.9146193419591229,0.8096518717732902,-0.21115091163516805,0.5543557107929387,1.867466512192648,0.2968490771714311,-1.2145314270072525,Sales,1
hierarchical_sales/D/short|H=48|L=256|Hsrc=controlled|Lsrc=controlled|origins=shared_origin_v1:Hmax=720,joint-scaling,release,standard_hl_shared_origin_v1,hierarchical_sales/D/short,Granite-FlowState-r1.1,flowstate,granite-timeseries-flowstate-r1.1,18.524928,18.524928,48,controlled,shared_origin_v1:Hmax=720,720,720,256,controlled,1105,1105,256,256,16,16,100,[],merged,2,118,5664,19987.0,,100,,float32,native_horizon,48,,continuous_decoder,33.57185458598164,33.57185458598164,2.469252764168432,0.7543217306547487,0.7549094039396043,0.9166879014188195,7.140210875313914,5.7941224172416,1.6419627443466465,0.6997472185045279,0.5696564106346718,0.7543217306547487,0.9146193419591229,0.824738441501778,-0.19268898351935873,0.5696564106346718,1.867466512192648,0.305042369924921,-1.1873045942362814,Sales,1
hierarchical_sales/D/short|H=48|L=512|Hsrc=controlled|Lsrc=controlled|origins=shared_origin_v1:Hmax=720,joint-scaling,release,standard_hl_shared_origin_v1,hierarchical_sales/D/short,Granite-FlowState-r1.1,flowstate,granite-timeseries-flowstate-r1.1,18.524928,18.524928,48,controlled,shared_origin_v1:Hmax=720,720,720,512,controlled,1105,1105,512,512,16,16,100,[],merged,2,118,5664,19987.0,,100,,float32,native_horizon,48,,continuous_decoder,34.56038963188559,34.56038963188559,2.3817240397135415,0.7293848248986977,0.6945565547435137,0.9220933142121455,7.3023411973460295,5.8788085214510595,1.6659614482162808,0.6749429609715065,0.5513915116034547,0.7293848248986977,0.9146193419591229,0.797473649897179,-0.22630648575027967,0.5513915116034547,1.867466512192648,0.2952617934530186,-1.2198928807463714,Sales,1
hierarchical_sales/D/short|H=48|L=1024|Hsrc=controlled|Lsrc=controlled|origins=shared_origin_v1:Hmax=720,joint-scaling,release,standard_hl_shared_origin_v1,hierarchical_sales/D/short,Granite-FlowState-r1.1,flowstate,granite-timeseries-flowstate-r1.1,18.524928,18.524928,48,controlled,shared_origin_v1:Hmax=720,720,720,1024,controlled,1105,1105,1024,1024,16,16,100,[],merged,2,118,5664,19987.0,,100,,float32,native_horizon,48,,continuous_decoder,33.23289222501766,33.23289222501766,2.3031326552568854,0.716076250836291,0.6552746414568243,0.9189924556245661,7.241830571862077,5.764797674248218,1.6336525755211841,0.652671404381598,0.5332958400234871,0.716076250836291,0.9146193419591229,0.7829227067322337,-0.2447213021266996,0.5332958400234871,1.867466512192648,0.2855718357151843,-1.2532616678220636,Sales,1
hierarchical_sales/D/short|H=48|L=2048|Hsrc=controlled|Lsrc=controlled|origins=shared_origin_v1:Hmax=720,joint-scaling,release,standard_hl_shared_origin_v1,hierarchical_sales/D/short,Granite-FlowState-r1.1,flowstate,granite-timeseries-flowstate-r1.1,18.524928,18.524928,48,controlled,shared_origin_v1:Hmax=720,720,720,2048,controlled,1105,1105,1105,1105,16,16,100,[],merged,2,118,5664,19987.0,,100,,float32,native_horizon,48,,continuous_decoder,32.86508540783898,32.86508540783898,2.296971638997396,0.7149486027162824,0.6554365572189752,0.9177617663552445,7.238282536424406,5.732807811870112,1.6245871539716974,0.6509254697193801,0.5316945837198269,0.7149486027162824,0.9146193419591229,0.7816897914982379,-0.24629730320119056,0.5316945837198269,1.867466512192648,0.284714387245182,-1.2562687512184603,Sales,1
hierarchical_sales/D/short|H=48|L=4096|Hsrc=controlled|Lsrc=controlled|origins=shared_origin_v1:Hmax=720,joint-scaling,release,standard_hl_shared_origin_v1,hierarchical_sales/D/short,Granite-FlowState-r1.1,flowstate,granite-timeseries-flowstate-r1.1,18.524928,18.524928,48,controlled,shared_origin_v1:Hmax=720,720,720,4096,controlled,1105,1105,1105,1105,16,16,100,[],merged,2,118,5664,19987.0,,100,,float32,native_horizon,48,,continuous_decoder,32.86508540783898,32.86508540783898,2.296971638997396,0.7149486027162824,0.6554365572189752,0.9177617663552445,7.238282536424406,5.732807811870112,1.6245871539716974,0.6509254697193801,0.5316945837198269,0.7149486027162824,0.9146193419591229,0.7816897914982379,-0.24629730320119056,0.5316945837198269,1.867466512192648,0.284714387245182,-1.2562687512184603,Sales,1
hierarchical_sales/D/short|H=96|L=128|Hsrc=controlled|Lsrc=controlled|origins=shared_origin_v1:Hmax=720,joint-scaling,release,standard_hl_shared_origin_v1,hierarchical_sales/D/short,Granite-FlowState-r1.1,flowstate,granite-timeseries-flowstate-r1.1,18.524928,18.524928,96,controlled,shared_origin_v1:Hmax=720,720,720,128,controlled,1105,1105,128,128,16,16,100,[],merged,2,118,11210,44867.0,,100,,float32,native_horizon,96,,continuous_decoder,56.0312723015165,56.0312723015165,2.836541905943354,0.8717580176358121,0.7140813417855453,0.9393797416921701,11.037320329361558,7.485403950456949,1.8702248486554127,0.7087087339386409,0.596953397858833,0.8717580176358121,1.0414336391373997,0.8370749559788304,-0.1778416593615278,0.596953397858833,2.251225579502112,0.2651681836303837,-1.3273909990953672,Sales,1
hierarchical_sales/D/short|H=96|L=256|Hsrc=controlled|Lsrc=controlled|origins=shared_origin_v1:Hmax=720,joint-scaling,release,standard_hl_shared_origin_v1,hierarchical_sales/D/short,Granite-FlowState-r1.1,flowstate,granite-timeseries-flowstate-r1.1,18.524928,18.524928,96,controlled,shared_origin_v1:Hmax=720,720,720,256,controlled,1105,1105,256,256,16,16,100,[],merged,2,118,11210,44867.0,,100,,float32,native_horizon,96,,continuous_decoder,55.200468331846565,55.200468331846565,2.8530490354594114,0.8685573462112838,0.7256349057447481,0.9339261178686149,10.48954983424086,7.429701766009627,1.856307682639087,0.7128330329083736,0.5960651356285427,0.8685573462112838,1.0414336391373997,0.8340016238871387,-0.18151992951840495,0.5960651356285427,2.251225579502112,0.26477361533905913,-1.3288800998419101,Sales,1
hierarchical_sales/D/short|H=96|L=512|Hsrc=controlled|Lsrc=controlled|origins=shared_origin_v1:Hmax=720,joint-scaling,release,standard_hl_shared_origin_v1,hierarchical_sales/D/short,Granite-FlowState-r1.1,flowstate,granite-timeseries-flowstate-r1.1,18.524928,18.524928,96,controlled,shared_origin_v1:Hmax=720,720,720,512,controlled,1105,1105,512,512,16,16,100,[],merged,2,118,11210,44867.0,,100,,float32,native_horizon,96,,continuous_decoder,55.657838983050844,55.657838983050844,2.7681866253623992,0.8430520184187277,0.6685876167681265,0.9422240156596657,10.753972488150344,7.4604181506837035,1.8639821576919409,0.6916301974794948,0.5808884289085064,0.8430520184187277,1.0414336391373997,0.8095110305031169,-0.21132487964089564,0.5808884289085064,2.251225579502112,0.2580320844777259,-1.3546713433515913,Sales,1
hierarchical_sales/D/short|H=96|L=1024|Hsrc=controlled|Lsrc=controlled|origins=shared_origin_v1:Hmax=720,joint-scaling,release,standard_hl_shared_origin_v1,hierarchical_sales/D/short,Granite-FlowState-r1.1,flowstate,granite-timeseries-flowstate-r1.1,18.524928,18.524928,96,controlled,shared_origin_v1:Hmax=720,720,720,1024,controlled,1105,1105,1024,1024,16,16,100,[],merged,2,118,11210,44867.0,,100,,float32,native_horizon,96,,continuous_decoder,55.16740075825156,55.16740075825156,2.719048805475022,0.8348609921151325,0.6428390107927591,0.9430061892449249,10.914049493949966,7.427476069180671,1.8557515932760231,0.6793531350296431,0.5718119392895106,0.8348609921151325,1.0414336391373997,0.8016458857682305,-0.22108830756500053,0.5718119392895106,2.251225579502112,0.2540002852206283,-1.3704198890483716,Sales,1
hierarchical_sales/D/short|H=96|L=2048|Hsrc=controlled|Lsrc=controlled|origins=shared_origin_v1:Hmax=720,joint-scaling,release,standard_hl_shared_origin_v1,hierarchical_sales/D/short,Granite-FlowState-r1.1,flowstate,granite-timeseries-flowstate-r1.1,18.524928,18.524928,96,controlled,shared_origin_v1:Hmax=720,720,720,2048,controlled,1105,1105,1099,1099,16,16,100,[],merged,2,118,11210,44867.0,,100,,float32,native_horizon,96,,continuous_decoder,55.055502899197144,55.055502899197144,2.7164741128177967,0.8343214918214813,0.6420547966296409,0.9424395034064273,10.994781196656115,7.419939548217164,1.8538685968643862,0.678709849214066,0.571611691812427,0.8343214918214813,1.0414336391373997,0.8011278495983041,-0.22173473216821757,0.571611691812427,2.251225579502112,0.25391133479340017,-1.3707701485212107,Sales,1
hierarchical_sales/D/short|H=96|L=4096|Hsrc=controlled|Lsrc=controlled|origins=shared_origin_v1:Hmax=720,joint-scaling,release,standard_hl_shared_origin_v1,hierarchical_sales/D/short,Granite-FlowState-r1.1,flowstate,granite-timeseries-flowstate-r1.1,18.524928,18.524928,96,controlled,shared_origin_v1:Hmax=720,720,720,4096,controlled,1105,1105,1099,1099,16,16,100,[],merged,2,118,11210,44867.0,,100,,float32,native_horizon,96,,continuous_decoder,55.055502899197144,55.055502899197144,2.7164741128177967,0.8343214918214813,0.6420547966296409,0.9424395034064273,10.994781196656115,7.419939548217164,1.8538685968643862,0.678709849214066,0.571611691812427,0.8343214918214813,1.0414336391373997,0.8011278495983041,-0.22173473216821757,0.571611691812427,2.251225579502112,0.25391133479340017,-1.3707701485212107,Sales,1
hierarchical_sales/D/short|H=192|L=128|Hsrc=controlled|Lsrc=controlled|origins=shared_origin_v1:Hmax=720,joint-scaling,release,standard_hl_shared_origin_v1,hierarchical_sales/D/short,Granite-FlowState-r1.1,flowstate,granite-timeseries-flowstate-r1.1,18.524928,18.524928,192,controlled,shared_origin_v1:Hmax=720,720,720,128,controlled,1105,1105,128,128,16,16,100,[],merged,2,118,22538,84027.0,,100,,float32,native_horizon,192,,continuous_decoder,50.848641738397376,50.848641738397376,2.724892143962419,0.8650621126992232,0.7475951584708794,0.9792614308651946,10.822418519534917,7.130823356275022,1.9126530377584163,0.7308795879970129,0.613341602441127,0.8650621126992232,1.0187335912678954,0.84915440122337,-0.16351424675185058,0.613341602441127,3.325423783044172,0.18444013228282727,-1.6904303544305557,Sales,1
hierarchical_sales/D/short|H=192|L=256|Hsrc=controlled|Lsrc=controlled|origins=shared_origin_v1:Hmax=720,joint-scaling,release,standard_hl_shared_origin_v1,hierarchical_sales/D/short,Granite-FlowState-r1.1,flowstate,granite-timeseries-flowstate-r1.1,18.524928,18.524928,192,controlled,shared_origin_v1:Hmax=720,720,720,256,controlled,1105,1105,256,256,16,16,100,[],merged,2,118,22538,84027.0,,100,,float32,native_horizon,192,,continuous_decoder,50.124556304907266,50.124556304907266,2.661885360973689,0.8332474762399741,0.7061109233919668,0.9682282383124796,10.412724008677623,7.079869794347016,1.898986104763862,0.7139797001633403,0.5969205375311991,0.8332474762399741,1.0187335912678954,0.8179248072137594,-0.20098486932610785,0.5969205375311991,3.325423783044172,0.179502095514805,-1.7175683969447595,Sales,1
hierarchical_sales/D/short|H=192|L=512|Hsrc=controlled|Lsrc=controlled|origins=shared_origin_v1:Hmax=720,joint-scaling,release,standard_hl_shared_origin_v1,hierarchical_sales/D/short,Granite-FlowState-r1.1,flowstate,granite-timeseries-flowstate-r1.1,18.524928,18.524928,192,controlled,shared_origin_v1:Hmax=720,720,720,512,controlled,1105,1105,512,512,16,16,100,[],merged,2,118,22538,84027.0,,100,,float32,native_horizon,192,,continuous_decoder,50.46895936862188,50.46895936862188,2.5986529174338893,0.8090833797591216,0.6591053768557605,0.9729499959823508,10.505771057274384,7.104150854860972,1.90549885116518,0.6970192849099098,0.5842268968223786,0.8090833797591216,1.0187335912678954,0.7942050666574689,-0.23041358073158955,0.5842268968223786,3.325423783044172,0.17568494572068147,-1.7390629691863178,Sales,1
hierarchical_sales/D/short|H=192|L=1024|Hsrc=controlled|Lsrc=controlled|origins=shared_origin_v1:Hmax=720,joint-scaling,release,standard_hl_shared_origin_v1,hierarchical_sales/D/short,Granite-FlowState-r1.1,flowstate,granite-timeseries-flowstate-r1.1,18.524928,18.524928,192,controlled,shared_origin_v1:Hmax=720,720,720,1024,controlled,1105,1105,1003,1003,16,16,100,[],merged,2,118,22538,84027.0,,100,,float32,native_horizon,192,,continuous_decoder,50.18133818439968,50.18133818439968,2.5658138477238444,0.8015633671948625,0.6398232855104653,0.975315438307933,10.645961940310267,7.083878752802004,1.9000614008670018,0.6882110809620718,0.5772292061909827,0.8015633671948625,1.0187335912678954,0.7868233403369499,-0.23975152801532348,0.5772292061909827,3.325423783044172,0.17358064531028686,-1.751112973119493,Sales,1
hierarchical_sales/D/short|H=192|L=2048|Hsrc=controlled|Lsrc=controlled|origins=shared_origin_v1:Hmax=720,joint-scaling,release,standard_hl_shared_origin_v1,hierarchical_sales/D/short,Granite-FlowState-r1.1,flowstate,granite-timeseries-flowstate-r1.1,18.524928,18.524928,192,controlled,shared_origin_v1:Hmax=720,720,720,2048,controlled,1105,1105,1003,1003,16,16,100,[],merged,2,118,22538,84027.0,,100,,float32,native_horizon,192,,continuous_decoder,50.18133818439968,50.18133818439968,2.5658138477238444,0.8015633671948625,0.6398232855104653,0.975315438307933,10.645961940310267,7.083878752802004,1.9000614008670018,0.6882110809620718,0.5772292061909827,0.8015633671948625,1.0187335912678954,0.7868233403369499,-0.23975152801532348,0.5772292061909827,3.325423783044172,0.17358064531028686,-1.751112973119493,Sales,1
hierarchical_sales/D/short|H=192|L=4096|Hsrc=controlled|Lsrc=controlled|origins=shared_origin_v1:Hmax=720,joint-scaling,release,standard_hl_shared_origin_v1,hierarchical_sales/D/short,Granite-FlowState-r1.1,flowstate,granite-timeseries-flowstate-r1.1,18.524928,18.524928,192,controlled,shared_origin_v1:Hmax=720,720,720,4096,controlled,1105,1105,1003,1003,16,16,100,[],merged,2,118,22538,84027.0,,100,,float32,native_horizon,192,,continuous_decoder,50.18133818439968,50.18133818439968,2.5658138477238444,0.8015633671948625,0.6398232855104653,0.975315438307933,10.645961940310267,7.083878752802004,1.9000614008670018,0.6882110809620718,0.5772292061909827,0.8015633671948625,1.0187335912678954,0.7868233403369499,-0.23975152801532348,0.5772292061909827,3.325423783044172,0.17358064531028686,-1.751112973119493,Sales,1
hierarchical_sales/D/short|H=336|L=128|Hsrc=controlled|Lsrc=controlled|origins=shared_origin_v1:Hmax=720,joint-scaling,release,standard_hl_shared_origin_v1,hierarchical_sales/D/short,Granite-FlowState-r1.1,flowstate,granite-timeseries-flowstate-r1.1,18.524928,18.524928,336,controlled,shared_origin_v1:Hmax=720,720,720,128,controlled,1105,1105,128,128,16,16,100,[],merged,2,118,39530,142438.0,,100,,float32,native_horizon,336,,continuous_decoder,47.29803946369846,47.29803946369846,2.663509913356944,0.8382782868077808,0.7575644780250989,0.9909505981028618,9.70893801268438,6.877357011505107,1.9086333890169538,0.7391886074994033,0.6164900550281733,0.8382782868077808,0.9843623022305182,0.8515952763614393,-0.160643892759033,0.6164900550281733,4.483902756957517,0.13748961305451754,-1.9842069061505987,Sales,1
hierarchical_sales/D/short|H=336|L=256|Hsrc=controlled|Lsrc=controlled|origins=shared_origin_v1:Hmax=720,joint-scaling,release,standard_hl_shared_origin_v1,hierarchical_sales/D/short,Granite-FlowState-r1.1,flowstate,granite-timeseries-flowstate-r1.1,18.524928,18.524928,336,controlled,shared_origin_v1:Hmax=720,720,720,256,controlled,1105,1105,256,256,16,16,100,[],merged,2,118,39530,142438.0,,100,,float32,native_horizon,336,,continuous_decoder,46.40506893498608,46.40506893498608,2.571694954781179,0.7980286337890278,0.6968503249466276,0.977762106684448,9.3192991206657,6.812126608848817,1.890530370040254,0.7137077294156053,0.5936395862171402,0.7980286337890278,0.9843623022305182,0.8107062125202609,-0.20984954386221774,0.5936395862171402,4.483902756957517,0.13239350146387768,-2.0219767192829305,Sales,1
hierarchical_sales/D/short|H=336|L=512|Hsrc=controlled|Lsrc=controlled|origins=shared_origin_v1:Hmax=720,joint-scaling,release,standard_hl_shared_origin_v1,hierarchical_sales/D/short,Granite-FlowState-r1.1,flowstate,granite-timeseries-flowstate-r1.1,18.524928,18.524928,336,controlled,shared_origin_v1:Hmax=720,720,720,512,controlled,1105,1105,512,512,16,16,100,[],merged,2,118,39530,142438.0,,100,,float32,native_horizon,336,,continuous_decoder,46.58784309385277,46.58784309385277,2.5137963848659246,0.7767958764583218,0.6552626796046678,0.9837595381054931,9.338768085498614,6.825528777600514,1.8942497969541015,0.6976394718667069,0.5806208689085558,0.7767958764583218,0.9843623022305182,0.789136149056236,-0.23681641401621947,0.5806208689085558,4.483902756957517,0.12949006710897698,-2.0441511026454644,Sales,1
hierarchical_sales/D/short|H=336|L=1024|Hsrc=controlled|Lsrc=controlled|origins=shared_origin_v1:Hmax=720,joint-scaling,release,standard_hl_shared_origin_v1,hierarchical_sales/D/short,Granite-FlowState-r1.1,flowstate,granite-timeseries-flowstate-r1.1,18.524928,18.524928,336,controlled,shared_origin_v1:Hmax=720,720,720,1024,controlled,1105,1105,859,859,16,16,100,[],merged,2,118,39530,142438.0,,100,,float32,native_horizon,336,,continuous_decoder,46.34447255249178,46.34447255249178,2.4964781495067037,0.7710701504382248,0.6421586568608206,0.986559313734294,9.426709211490017,6.807677471244637,1.889295626436067,0.6928332414805038,0.5763283046380667,0.7710701504382248,0.9843623022305182,0.7833194634648406,-0.24421466688389606,0.5763283046380667,4.483902756957517,0.12853273941853402,-2.0515716256309577,Sales,1
hierarchical_sales/D/short|H=336|L=2048|Hsrc=controlled|Lsrc=controlled|origins=shared_origin_v1:Hmax=720,joint-scaling,release,standard_hl_shared_origin_v1,hierarchical_sales/D/short,Granite-FlowState-r1.1,flowstate,granite-timeseries-flowstate-r1.1,18.524928,18.524928,336,controlled,shared_origin_v1:Hmax=720,720,720,2048,controlled,1105,1105,859,859,16,16,100,[],merged,2,118,39530,142438.0,,100,,float32,native_horizon,336,,continuous_decoder,46.34447255249178,46.34447255249178,2.4964781495067037,0.7710701504382248,0.6421586568608206,0.986559313734294,9.426709211490017,6.807677471244637,1.889295626436067,0.6928332414805038,0.5763283046380667,0.7710701504382248,0.9843623022305182,0.7833194634648406,-0.24421466688389606,0.5763283046380667,4.483902756957517,0.12853273941853402,-2.0515716256309577,Sales,1
hierarchical_sales/D/short|H=336|L=4096|Hsrc=controlled|Lsrc=controlled|origins=shared_origin_v1:Hmax=720,joint-scaling,release,standard_hl_shared_origin_v1,hierarchical_sales/D/short,Granite-FlowState-r1.1,flowstate,granite-timeseries-flowstate-r1.1,18.524928,18.524928,336,controlled,shared_origin_v1:Hmax=720,720,720,4096,controlled,1105,1105,859,859,16,16,100,[],merged,2,118,39530,142438.0,,100,,float32,native_horizon,336,,continuous_decoder,46.34447255249178,46.34447255249178,2.4964781495067037,0.7710701504382248,0.6421586568608206,0.986559313734294,9.426709211490017,6.807677471244637,1.889295626436067,0.6928332414805038,0.5763283046380667,0.7710701504382248,0.9843623022305182,0.7833194634648406,-0.24421466688389606,0.5763283046380667,4.483902756957517,0.12853273941853402,-2.0515716256309577,Sales,1
hierarchical_sales/D/short|H=720|L=128|Hsrc=controlled|Lsrc=controlled|origins=shared_origin_v1:Hmax=720,joint-scaling,release,standard_hl_shared_origin_v1,hierarchical_sales/D/short,Granite-FlowState-r1.1,flowstate,granite-timeseries-flowstate-r1.1,18.524928,18.524928,720,controlled,shared_origin_v1:Hmax=720,720,720,128,controlled,1105,1105,128,128,16,16,100,[],merged,2,118,83544,294968.0,,100,,float32,native_horizon,720,,continuous_decoder,43.43123832950302,43.43123832950302,2.6677558195382076,0.8438502420025109,0.7849337987523983,1.007756764477113,9.108269719510716,6.590238108710718,1.8665579064648647,0.7555904104428278,0.6237939638497648,0.8438502420025109,0.9742282554481628,0.8661730321241036,-0.14367058423036616,0.6237939638497648,6.5888634602276355,0.09467398552347807,-2.3573160206097232,Sales,1
hierarchical_sales/D/short|H=720|L=256|Hsrc=controlled|Lsrc=controlled|origins=shared_origin_v1:Hmax=720,joint-scaling,release,standard_hl_shared_origin_v1,hierarchical_sales/D/short,Granite-FlowState-r1.1,flowstate,granite-timeseries-flowstate-r1.1,18.524928,18.524928,720,controlled,shared_origin_v1:Hmax=720,720,720,256,controlled,1105,1105,256,256,16,16,100,[],merged,2,118,83544,294968.0,,100,,float32,native_horizon,720,,continuous_decoder,42.40906288901657,42.40906288901657,2.563294865579814,0.7990574577539706,0.714635446850174,0.9915521960340711,8.875284586163621,6.512224112314975,1.8444619458356237,0.726003858893168,0.5998172486393135,0.7990574577539706,0.9742282554481628,0.8201953220771548,-0.19821276943332866,0.5998172486393135,6.5888634602276355,0.09103500964316397,-2.3965111250981215,Sales,1
hierarchical_sales/D/short|H=720|L=512|Hsrc=controlled|Lsrc=controlled|origins=shared_origin_v1:Hmax=720,joint-scaling,release,standard_hl_shared_origin_v1,hierarchical_sales/D/short,Granite-FlowState-r1.1,flowstate,granite-timeseries-flowstate-r1.1,18.524928,18.524928,720,controlled,shared_origin_v1:Hmax=720,720,720,512,controlled,1105,1105,475,475,16,16,100,[],merged,2,118,83544,294968.0,,100,,float32,native_horizon,720,,continuous_decoder,42.70715132145935,42.70715132145935,2.5506885780247535,0.7927796014797597,0.6962315352222236,1.0010973100756855,8.99150538429663,6.535070873484032,1.850932850527345,0.7224333709504082,0.5965405964194547,0.7927796014797597,0.9742282554481628,0.8137513945487719,-0.20610037172961682,0.5965405964194547,6.5888634602276355,0.09053770806154254,-2.4019888513930026,Sales,1
hierarchical_sales/D/short|H=720|L=1024|Hsrc=controlled|Lsrc=controlled|origins=shared_origin_v1:Hmax=720,joint-scaling,release,standard_hl_shared_origin_v1,hierarchical_sales/D/short,Granite-FlowState-r1.1,flowstate,granite-timeseries-flowstate-r1.1,18.524928,18.524928,720,controlled,shared_origin_v1:Hmax=720,720,720,1024,controlled,1105,1105,475,475,16,16,100,[],merged,2,118,83544,294968.0,,100,,float32,native_horizon,720,,continuous_decoder,42.70715132145935,42.70715132145935,2.5506885780247535,0.7927796014797597,0.6962315352222236,1.0010973100756855,8.99150538429663,6.535070873484032,1.850932850527345,0.7224333709504082,0.5965405964194547,0.7927796014797597,0.9742282554481628,0.8137513945487719,-0.20610037172961682,0.5965405964194547,6.5888634602276355,0.09053770806154254,-2.4019888513930026,Sales,1
hierarchical_sales/D/short|H=720|L=2048|Hsrc=controlled|Lsrc=controlled|origins=shared_origin_v1:Hmax=720,joint-scaling,release,standard_hl_shared_origin_v1,hierarchical_sales/D/short,Granite-FlowState-r1.1,flowstate,granite-timeseries-flowstate-r1.1,18.524928,18.524928,720,controlled,shared_origin_v1:Hmax=720,720,720,2048,controlled,1105,1105,475,475,16,16,100,[],merged,2,118,83544,294968.0,,100,,float32,native_horizon,720,,continuous_decoder,42.70715132145935,42.70715132145935,2.5506885780247535,0.7927796014797597,0.6962315352222236,1.0010973100756855,8.99150538429663,6.535070873484032,1.850932850527345,0.7224333709504082,0.5965405964194547,0.7927796014797597,0.9742282554481628,0.8137513945487719,-0.20610037172961682,0.5965405964194547,6.5888634602276355,0.09053770806154254,-2.4019888513930026,Sales,1
hierarchical_sales/D/short|H=720|L=4096|Hsrc=controlled|Lsrc=controlled|origins=shared_origin_v1:Hmax=720,joint-scaling,release,standard_hl_shared_origin_v1,hierarchical_sales/D/short,Granite-FlowState-r1.1,flowstate,granite-timeseries-flowstate-r1.1,18.524928,18.524928,720,controlled,shared_origin_v1:Hmax=720,720,720,4096,controlled,1105,1105,475,475,16,16,100,[],merged,2,118,83544,294968.0,,100,,float32,native_horizon,720,,continuous_decoder,42.70715132145935,42.70715132145935,2.5506885780247535,0.7927796014797597,0.6962315352222236,1.0010973100756855,8.99150538429663,6.535070873484032,1.850932850527345,0.7224333709504082,0.5965405964194547,0.7927796014797597,0.9742282554481628,0.8137513945487719,-0.20610037172961682,0.5965405964194547,6.5888634602276355,0.09053770806154254,-2.4019888513930026,Sales,1
jena_weather/10T/short|H=48|L=128|Hsrc=controlled|Lsrc=controlled|origins=shared_origin_v1:Hmax=720,joint-scaling,release,standard_hl_shared_origin_v1,jena_weather/10T/short,Granite-FlowState-r1.1,flowstate,granite-timeseries-flowstate-r1.1,18.524928,18.524928,48,controlled,shared_origin_v1:Hmax=720,720,720,128,controlled,46944,51984,128,128,16,16,100,[],merged,2,21,8064,1266753.2614265718,,100,,float32,native_horizon,48,,continuous_decoder,914.5381518167163,914.5381518167163,4.611613924541171,0.39088551541790156,0.44284954595536025,0.4789379567417227,6.6896902624772006,30.241331845947464,0.19251270743213808,0.029356983573596767,0.02647586316924101,0.39088551541790156,0.7056584768569798,0.5539301634395654,-0.5907166589542759,0.02647586316924101,0.16264350565490623,0.16278463171727847,-1.8153272296406526,Nature,21
jena_weather/10T/short|H=48|L=256|Hsrc=controlled|Lsrc=controlled|origins=shared_origin_v1:Hmax=720,joint-scaling,release,standard_hl_shared_origin_v1,jena_weather/10T/short,Granite-FlowState-r1.1,flowstate,granite-timeseries-flowstate-r1.1,18.524928,18.524928,48,controlled,shared_origin_v1:Hmax=720,720,720,256,controlled,46944,51984,256,256,16,16,100,[],merged,2,21,8064,1266753.2614265718,,100,,float32,native_horizon,48,,continuous_decoder,900.6085708860367,900.6085708860367,4.1328550066266745,0.30876146690732503,0.41115281889698035,0.44923436020219404,5.199809779022755,30.010141134057278,0.1910409749665884,0.026309261470466198,0.024138917354198996,0.30876146690732503,0.7056584768569798,0.4375508507777816,-0.8265623495894765,0.024138917354198996,0.16264350565490623,0.1484161157065593,-1.9077353577396337,Nature,21
jena_weather/10T/short|H=48|L=512|Hsrc=controlled|Lsrc=controlled|origins=shared_origin_v1:Hmax=720,joint-scaling,release,standard_hl_shared_origin_v1,jena_weather/10T/short,Granite-FlowState-r1.1,flowstate,granite-timeseries-flowstate-r1.1,18.524928,18.524928,48,controlled,shared_origin_v1:Hmax=720,720,720,512,controlled,46944,51984,512,512,16,16,100,[],merged,2,21,8064,1266753.2614265718,,100,,float32,native_horizon,48,,continuous_decoder,900.5186070033482,900.5186070033482,4.023175920758929,0.2909166695455132,0.394092962498427,0.44753037359662895,4.826065969063136,30.008642205260607,0.19103143296485495,0.025611057506545507,0.02326008013825826,0.2909166695455132,0.7056584768569798,0.41226270084823924,-0.8860945094099957,0.02326008013825826,0.16264350565490623,0.14301265854174983,-1.9448221313690284,Nature,21
jena_weather/10T/short|H=48|L=1024|Hsrc=controlled|Lsrc=controlled|origins=shared_origin_v1:Hmax=720,joint-scaling,release,standard_hl_shared_origin_v1,jena_weather/10T/short,Granite-FlowState-r1.1,flowstate,granite-timeseries-flowstate-r1.1,18.524928,18.524928,48,controlled,shared_origin_v1:Hmax=720,720,720,1024,controlled,46944,51984,1024,1024,16,16,100,[],merged,2,21,8064,1266753.2614265718,,100,,float32,native_horizon,48,,continuous_decoder,893.7407817537822,893.7407817537822,3.9783712114606584,0.28823900268322183,0.3983564085023095,0.4305794702658287,4.947182212254528,29.895497683661034,0.19031116845087104,0.025325836077255984,0.023072146875386095,0.28823900268322183,0.7056584768569798,0.40846813598420223,-0.8953413702110847,0.023072146875386095,0.16264350565490623,0.1418571665833379,-1.9529345967381473,Nature,21
jena_weather/10T/short|H=48|L=2048|Hsrc=controlled|Lsrc=controlled|origins=shared_origin_v1:Hmax=720,joint-scaling,release,standard_hl_shared_origin_v1,jena_weather/10T/short,Granite-FlowState-r1.1,flowstate,granite-timeseries-flowstate-r1.1,18.524928,18.524928,48,controlled,shared_origin_v1:Hmax=720,720,720,2048,controlled,46944,51984,2048,2048,16,16,100,[],merged,2,21,8064,1266753.2614265718,,100,,float32,native_horizon,48,,continuous_decoder,892.8727324955047,892.8727324955047,3.930057646736266,0.28119988639004245,0.4110907278100006,0.4501924501168853,4.361176611102298,29.880976096766062,0.19021872576271157,0.02501827769331407,0.02233694606136421,0.28119988639004245,0.7056584768569798,0.39849289084220124,-0.9200656207047216,0.02233694606136421,0.16264350565490623,0.13733684582991157,-1.9853186421963969,Nature,21
jena_weather/10T/short|H=48|L=4096|Hsrc=controlled|Lsrc=controlled|origins=shared_origin_v1:Hmax=720,joint-scaling,release,standard_hl_shared_origin_v1,jena_weather/10T/short,Granite-FlowState-r1.1,flowstate,granite-timeseries-flowstate-r1.1,18.524928,18.524928,48,controlled,shared_origin_v1:Hmax=720,720,720,4096,controlled,46944,51984,4096,4096,16,16,100,[],merged,2,21,8064,1266753.2614265718,,100,,float32,native_horizon,48,,continuous_decoder,892.1427583240327,892.1427583240327,3.892025357200986,0.2803245916242522,0.388584574667925,0.44021732198468194,4.335027863138106,29.868758901635545,0.19014095255735858,0.024776168679545192,0.02214741881878655,0.2803245916242522,0.7056584768569798,0.39725249652328254,-0.9231831890708174,0.02214741881878655,0.16264350565490623,0.13617155342051288,-1.993839765961007,Nature,21
jena_weather/10T/short|H=96|L=128|Hsrc=controlled|Lsrc=controlled|origins=shared_origin_v1:Hmax=720,joint-scaling,release,standard_hl_shared_origin_v1,jena_weather/10T/short,Granite-FlowState-r1.1,flowstate,granite-timeseries-flowstate-r1.1,18.524928,18.524928,96,controlled,shared_origin_v1:Hmax=720,720,720,128,controlled,46944,51984,128,128,16,16,100,[],merged,2,21,16128,2666546.043662604,,100,,float32,native_horizon,96,,continuous_decoder,1621.304935515873,1621.304935515873,11.162613641648065,0.5660181190159598,0.6881962549501763,0.4957814365107127,10.414198686985012,40.26543102359483,0.2435363428626795,0.06751454123223051,0.05650530954146079,0.5660181190159598,0.7741562320408423,0.7311419783107789,-0.313147613316201,0.05650530954146079,0.15759631843720967,0.35854460371784586,-1.0257022090586916,Nature,21
jena_weather/10T/short|H=96|L=256|Hsrc=controlled|Lsrc=controlled|origins=shared_origin_v1:Hmax=720,joint-scaling,release,standard_hl_shared_origin_v1,jena_weather/10T/short,Granite-FlowState-r1.1,flowstate,granite-timeseries-flowstate-r1.1,18.524928,18.524928,96,controlled,shared_origin_v1:Hmax=720,720,720,256,controlled,46944,51984,256,256,16,16,100,[],merged,2,21,16128,2666546.043662604,,100,,float32,native_horizon,96,,continuous_decoder,1341.5189732142858,1341.5189732142858,9.98186529250372,0.49339646758683287,0.5987543445003747,0.4495086862800699,8.151015758912065,36.626752152139915,0.22152861755889314,0.06037305218115695,0.0502714458054896,0.49339646758683287,0.7741562320408423,0.637334490334249,-0.4504606586625421,0.0502714458054896,0.15759631843720967,0.3189887067413888,-1.1425995788885723,Nature,21
jena_weather/10T/short|H=96|L=512|Hsrc=controlled|Lsrc=controlled|origins=shared_origin_v1:Hmax=720,joint-scaling,release,standard_hl_shared_origin_v1,jena_weather/10T/short,Granite-FlowState-r1.1,flowstate,granite-timeseries-flowstate-r1.1,18.524928,18.524928,96,controlled,shared_origin_v1:Hmax=720,720,720,512,controlled,46944,51984,512,512,16,16,100,[],merged,2,21,16128,2666546.043662604,,100,,float32,native_horizon,96,,continuous_decoder,1361.2777157738096,1361.2777157738096,9.623773968408978,0.4578332119699211,0.5390896090388183,0.4301864751949633,6.878257789231933,36.89549722898188,0.22315406130834886,0.05820721788449226,0.04809655241377334,0.4578332119699211,0.7741562320408423,0.5913964042671004,-0.5252687516175829,0.04809655241377334,0.15759631843720967,0.30518829938870823,-1.186826317827352,Nature,21
jena_weather/10T/short|H=96|L=1024|Hsrc=controlled|Lsrc=controlled|origins=shared_origin_v1:Hmax=720,joint-scaling,release,standard_hl_shared_origin_v1,jena_weather/10T/short,Granite-FlowState-r1.1,flowstate,granite-timeseries-flowstate-r1.1,18.524928,18.524928,96,controlled,shared_origin_v1:Hmax=720,720,720,1024,controlled,46944,51984,1024,1024,16,16,100,[],merged,2,21,16128,2666546.043662604,,100,,float32,native_horizon,96,,continuous_decoder,1370.3787822420634,1370.3787822420634,9.512300037202381,0.448729685573194,0.664902717263758,0.4421534919038485,6.697415398033125,37.01862750348888,0.22389878689520623,0.057532993050920446,0.0481886326556558,0.448729685573194,0.7741562320408423,0.5796371158703277,-0.54535303354254,0.0481886326556558,0.15759631843720967,0.3057725785317464,-1.1849136607578938,Nature,21
jena_weather/10T/short|H=96|L=2048|Hsrc=controlled|Lsrc=controlled|origins=shared_origin_v1:Hmax=720,joint-scaling,release,standard_hl_shared_origin_v1,jena_weather/10T/short,Granite-FlowState-r1.1,flowstate,granite-timeseries-flowstate-r1.1,18.524928,18.524928,96,controlled,shared_origin_v1:Hmax=720,720,720,2048,controlled,46944,51984,2048,2048,16,16,100,[],merged,2,21,16128,2666546.043662604,,100,,float32,native_horizon,96,,continuous_decoder,1379.424045138889,1379.424045138889,9.491766551184275,0.44938023101982033,0.6625529040429191,0.43492626201834755,5.935743760102897,37.14059834115343,0.22463649989083556,0.05740880090982202,0.04769123514080307,0.44938023101982033,0.7741562320408423,0.5804774442429501,-0.54390433433906,0.04769123514080307,0.15759631843720967,0.30261642920170406,-1.1952891856393784,Nature,21
jena_weather/10T/short|H=96|L=4096|Hsrc=controlled|Lsrc=controlled|origins=shared_origin_v1:Hmax=720,joint-scaling,release,standard_hl_shared_origin_v1,jena_weather/10T/short,Granite-FlowState-r1.1,flowstate,granite-timeseries-flowstate-r1.1,18.524928,18.524928,96,controlled,shared_origin_v1:Hmax=720,720,720,4096,controlled,46944,51984,4096,4096,16,16,100,[],merged,2,21,16128,2666546.043662604,,100,,float32,native_horizon,96,,continuous_decoder,1323.1021205357142,1323.1021205357142,9.146798754495288,0.4448834048962115,0.6586793982540325,0.4289301307151204,5.714223819919499,36.374470725162645,0.2200027504680325,0.05532234129731215,0.04560484361633295,0.4448834048962115,0.7741562320408423,0.574668763853264,-0.5539614670366362,0.04560484361633295,0.15759631843720967,0.28937759503882743,-1.2400228864450797,Nature,21
jena_weather/10T/short|H=192|L=128|Hsrc=controlled|Lsrc=controlled|origins=shared_origin_v1:Hmax=720,joint-scaling,release,standard_hl_shared_origin_v1,jena_weather/10T/short,Granite-FlowState-r1.1,flowstate,granite-timeseries-flowstate-r1.1,18.524928,18.524928,192,controlled,shared_origin_v1:Hmax=720,720,720,128,controlled,46944,51984,128,128,16,16,100,[],merged,2,21,32256,5192373.383527776,,100,,float32,native_horizon,192,,continuous_decoder,1319.3429439484128,1319.3429439484128,9.159468393477182,0.6574218191239721,0.7110077536368384,0.5807046544708242,13.005110129767413,36.322760687321285,0.2256438206942303,0.05690034030242801,0.0492036875392554,0.6574218191239721,0.7854218158507354,0.8370302503144516,-0.1778950677903666,0.0492036875392554,0.17200378014317172,0.28606166386750026,-1.2515478834740108,Nature,21
jena_weather/10T/short|H=192|L=256|Hsrc=controlled|Lsrc=controlled|origins=shared_origin_v1:Hmax=720,joint-scaling,release,standard_hl_shared_origin_v1,jena_weather/10T/short,Granite-FlowState-r1.1,flowstate,granite-timeseries-flowstate-r1.1,18.524928,18.524928,192,controlled,shared_origin_v1:Hmax=720,720,720,256,controlled,46944,51984,256,256,16,16,100,[],merged,2,21,32256,5192373.383527776,,100,,float32,native_horizon,192,,continuous_decoder,1153.510478670635,1153.510478670635,8.344458685980904,0.6055559507585117,0.6134683920624601,0.5213894472964309,10.100966545477002,33.96336966012994,0.2109868398972566,0.051837346718723344,0.04490325763713528,0.6055559507585117,0.7854218158507354,0.7709945643699739,-0.2600739555474548,0.04490325763713528,0.17200378014317172,0.2610597139188389,-1.3430061088665781,Nature,21
jena_weather/10T/short|H=192|L=512|Hsrc=controlled|Lsrc=controlled|origins=shared_origin_v1:Hmax=720,joint-scaling,release,standard_hl_shared_origin_v1,jena_weather/10T/short,Granite-FlowState-r1.1,flowstate,granite-timeseries-flowstate-r1.1,18.524928,18.524928,192,controlled,shared_origin_v1:Hmax=720,720,720,512,controlled,46944,51984,512,512,16,16,100,[],merged,2,21,32256,5192373.383527776,,100,,float32,native_horizon,192,,continuous_decoder,1171.689949156746,1171.689949156746,8.103591434539311,0.566693619974376,0.6186354566398018,0.512380120639126,8.733618196878071,34.229956896799415,0.21264292994911804,0.050341034052313875,0.04320579404243054,0.566693619974376,0.7854218158507354,0.7215149981039902,-0.3264021135913485,0.04320579404243054,0.17200378014317172,0.2511909564223943,-1.3815418465393705,Nature,21
jena_weather/10T/short|H=192|L=1024|Hsrc=controlled|Lsrc=controlled|origins=shared_origin_v1:Hmax=720,joint-scaling,release,standard_hl_shared_origin_v1,jena_weather/10T/short,Granite-FlowState-r1.1,flowstate,granite-timeseries-flowstate-r1.1,18.524928,18.524928,192,controlled,shared_origin_v1:Hmax=720,720,720,1024,controlled,46944,51984,1024,1024,16,16,100,[],merged,2,21,32256,5192373.383527776,,100,,float32,native_horizon,192,,continuous_decoder,1210.7305927579366,1210.7305927579366,8.238123575846354,0.5498865725900483,0.6552950607875113,0.49986402882855013,8.874838472586033,34.795554209667884,0.21615652682983585,0.05117677301588042,0.04442748073057765,0.5498865725900483,0.7854218158507354,0.7001162451725823,-0.35650889319366,0.04442748073057765,0.17200378014317172,0.2582936299050946,-1.3536582407984805,Nature,21
jena_weather/10T/short|H=192|L=2048|Hsrc=controlled|Lsrc=controlled|origins=shared_origin_v1:Hmax=720,joint-scaling,release,standard_hl_shared_origin_v1,jena_weather/10T/short,Granite-FlowState-r1.1,flowstate,granite-timeseries-flowstate-r1.1,18.524928,18.524928,192,controlled,shared_origin_v1:Hmax=720,720,720,2048,controlled,46944,51984,2048,2048,16,16,100,[],merged,2,21,32256,5192373.383527776,,100,,float32,native_horizon,192,,continuous_decoder,1193.5339781746031,1193.5339781746031,8.10339113265749,0.5705095626402542,0.6276769488240787,0.5056004021864516,7.9307134601365386,34.54756110313148,0.21461594701140155,0.05033978973935278,0.04277255372979936,0.5705095626402542,0.7854218158507354,0.7263734608928611,-0.3196909874769303,0.04277255372979936,0.17200378014317172,0.24867217275222983,-1.3916198252563854,Nature,21
jena_weather/10T/short|H=192|L=4096|Hsrc=controlled|Lsrc=controlled|origins=shared_origin_v1:Hmax=720,joint-scaling,release,standard_hl_shared_origin_v1,jena_weather/10T/short,Granite-FlowState-r1.1,flowstate,granite-timeseries-flowstate-r1.1,18.524928,18.524928,192,controlled,shared_origin_v1:Hmax=720,720,720,4096,controlled,46944,51984,4096,4096,16,16,100,[],merged,2,21,32256,5192373.383527776,,100,,float32,native_horizon,192,,continuous_decoder,1152.966827876984,1152.966827876984,7.807857937282986,0.5498347734220541,0.6242365751852589,0.5130236816728803,7.24005057819228,33.95536522962143,0.21093711486952618,0.04850388194808308,0.04097185978539978,0.5498347734220541,0.7854218158507354,0.7000502944096307,-0.35660309736314405,0.04097185978539978,0.17200378014317172,0.23820325199420506,-1.434630969785511,Nature,21
jena_weather/10T/short|H=336|L=128|Hsrc=controlled|Lsrc=controlled|origins=shared_origin_v1:Hmax=720,joint-scaling,release,standard_hl_shared_origin_v1,jena_weather/10T/short,Granite-FlowState-r1.1,flowstate,granite-timeseries-flowstate-r1.1,18.524928,18.524928,336,controlled,shared_origin_v1:Hmax=720,720,720,128,controlled,46944,51984,128,128,16,16,100,[],merged,2,21,56448,9144486.066630237,,100,,float32,native_horizon,336,,continuous_decoder,1418.2315759637188,1418.2315759637188,9.91335775846797,0.7257249949419965,0.8060136702674772,0.5970358677266254,13.599839824661464,37.6594155021519,0.23246781402214242,0.061194168231283645,0.052480577135438806,0.7257249949419965,0.7997915522433136,0.9073926736365622,-0.09717998580232265,0.052480577135438806,0.19237704941727043,0.2728006136615973,-1.2990141035227014,Nature,21
jena_weather/10T/short|H=336|L=256|Hsrc=controlled|Lsrc=controlled|origins=shared_origin_v1:Hmax=720,joint-scaling,release,standard_hl_shared_origin_v1,jena_weather/10T/short,Granite-FlowState-r1.1,flowstate,granite-timeseries-flowstate-r1.1,18.524928,18.524928,336,controlled,shared_origin_v1:Hmax=720,720,720,256,controlled,46944,51984,256,256,16,16,100,[],merged,2,21,56448,9144486.066630237,,100,,float32,native_horizon,336,,continuous_decoder,1309.6313066893424,1309.6313066893424,9.46130454134779,0.6836735832981854,0.7318155567467689,0.5473603205586677,10.635401252408558,36.188828479094795,0.22339002707242514,0.058403688830465525,0.051171647450747794,0.6836735832981854,0.7997915522433136,0.8548147093834236,-0.15687054770272044,0.051171647450747794,0.19237704941727043,0.26599663320417843,-1.324271627407689,Nature,21
jena_weather/10T/short|H=336|L=512|Hsrc=controlled|Lsrc=controlled|origins=shared_origin_v1:Hmax=720,joint-scaling,release,standard_hl_shared_origin_v1,jena_weather/10T/short,Granite-FlowState-r1.1,flowstate,granite-timeseries-flowstate-r1.1,18.524928,18.524928,336,controlled,shared_origin_v1:Hmax=720,720,720,512,controlled,46944,51984,512,512,16,16,100,[],merged,2,21,56448,9144486.066630237,,100,,float32,native_horizon,336,,continuous_decoder,1421.2774589002267,1421.2774589002267,9.510233422796201,0.6546139173957792,0.7565768318627668,0.5569096652662666,9.264513751590608,37.69983367204989,0.2327173113517657,0.05870572193324194,0.050216569635283065,0.6546139173957792,0.7997915522433136,0.8184806598165115,-0.20030551126317087,0.050216569635283065,0.19237704941727043,0.2610320190864458,-1.343112200691705,Nature,21
jena_weather/10T/short|H=336|L=1024|Hsrc=controlled|Lsrc=controlled|origins=shared_origin_v1:Hmax=720,joint-scaling,release,standard_hl_shared_origin_v1,jena_weather/10T/short,Granite-FlowState-r1.1,flowstate,granite-timeseries-flowstate-r1.1,18.524928,18.524928,336,controlled,shared_origin_v1:Hmax=720,720,720,1024,controlled,46944,51984,1024,1024,16,16,100,[],merged,2,21,56448,9144486.066630237,,100,,float32,native_horizon,336,,continuous_decoder,1448.3521825396826,1448.3521825396826,9.622527038159014,0.6281128304829217,0.8052889354809262,0.5460587539526094,9.903521705913066,38.05722247536836,0.23492343677234448,0.05939889921557508,0.0520688132959923,0.6281128304829217,0.7997915522433136,0.7853456675319276,-0.24163131731628631,0.0520688132959923,0.19237704941727043,0.27066021364665904,-1.3068910689796995,Nature,21
jena_weather/10T/short|H=336|L=2048|Hsrc=controlled|Lsrc=controlled|origins=shared_origin_v1:Hmax=720,joint-scaling,release,standard_hl_shared_origin_v1,jena_weather/10T/short,Granite-FlowState-r1.1,flowstate,granite-timeseries-flowstate-r1.1,18.524928,18.524928,336,controlled,shared_origin_v1:Hmax=720,720,720,2048,controlled,46944,51984,2048,2048,16,16,100,[],merged,2,21,56448,9144486.066630237,,100,,float32,native_horizon,336,,continuous_decoder,1384.0048894557824,1384.0048894557824,9.25985115725978,0.6398379292467962,0.7773956393998962,0.5509615501807288,8.306161128798319,37.20221619011134,0.2296455682908877,0.05716013719266524,0.04812724518140863,0.6398379292467962,0.7997915522433136,0.800005860842281,-0.22313622528819393,0.04812724518140863,0.19237704941727043,0.2501714488666446,-1.385608800703565,Nature,21
jena_weather/10T/short|H=336|L=4096|Hsrc=controlled|Lsrc=controlled|origins=shared_origin_v1:Hmax=720,joint-scaling,release,standard_hl_shared_origin_v1,jena_weather/10T/short,Granite-FlowState-r1.1,flowstate,granite-timeseries-flowstate-r1.1,18.524928,18.524928,336,controlled,shared_origin_v1:Hmax=720,720,720,4096,controlled,46944,51984,4096,4096,16,16,100,[],merged,2,21,56448,9144486.066630237,,100,,float32,native_horizon,336,,continuous_decoder,1365.5053854875284,1365.5053854875284,9.130590875673185,0.6195998022044985,0.737346051655741,0.5503447999267329,7.617116691869912,36.95274530380021,0.22810560940332603,0.05636222637276403,0.04686490375064964,0.6195998022044985,0.7997915522433136,0.7747016087711853,-0.25527734470878916,0.04686490375064964,0.19237704941727043,0.24360963998880417,-1.412188170904739,Nature,21
jena_weather/10T/short|H=720|L=128|Hsrc=controlled|Lsrc=controlled|origins=shared_origin_v1:Hmax=720,joint-scaling,release,standard_hl_shared_origin_v1,jena_weather/10T/short,Granite-FlowState-r1.1,flowstate,granite-timeseries-flowstate-r1.1,18.524928,18.524928,720,controlled,shared_origin_v1:Hmax=720,720,720,128,controlled,46944,51984,128,128,16,16,100,[],merged,2,21,120960,19767382.773850746,,100,,float32,native_horizon,720,,continuous_decoder,1550.533134920635,1550.533134920635,10.523367228835978,0.7265111954054779,0.8380625067257931,0.5787840271876895,12.916830412521685,39.37680960820258,0.24095344055910814,0.0643942860095704,0.055745210102776666,0.7265111954054779,0.7614923704178127,0.9540623434045158,-0.047026260188410295,0.055745210102776666,0.23719491326378092,0.2350185732726201,-1.4480907327584565,Nature,21
jena_weather/10T/short|H=720|L=256|Hsrc=controlled|Lsrc=controlled|origins=shared_origin_v1:Hmax=720,joint-scaling,release,standard_hl_shared_origin_v1,jena_weather/10T/short,Granite-FlowState-r1.1,flowstate,granite-timeseries-flowstate-r1.1,18.524928,18.524928,720,controlled,shared_origin_v1:Hmax=720,720,720,256,controlled,46944,51984,256,256,16,16,100,[],merged,2,21,120960,19767382.773850746,,100,,float32,native_horizon,720,,continuous_decoder,1639.1087962962963,1639.1087962962963,10.81922794725529,0.6784640561104119,0.8056687773274891,0.5449162089827864,10.28023405173929,40.48590861393994,0.24774020728836177,0.06620470840637556,0.059264074688541335,0.6784640561104119,0.7614923704178127,0.8909663214854732,-0.11544865078298039,0.059264074688541335,0.23719491326378092,0.24985390231633947,-1.3868789226773528,Nature,21
jena_weather/10T/short|H=720|L=512|Hsrc=controlled|Lsrc=controlled|origins=shared_origin_v1:Hmax=720,joint-scaling,release,standard_hl_shared_origin_v1,jena_weather/10T/short,Granite-FlowState-r1.1,flowstate,granite-timeseries-flowstate-r1.1,18.524928,18.524928,720,controlled,shared_origin_v1:Hmax=720,720,720,512,controlled,46944,51984,512,512,16,16,100,[],merged,2,21,120960,19767382.773850746,,100,,float32,native_horizon,720,,continuous_decoder,1606.1550595238095,1606.1550595238095,10.51808449074074,0.697060703389576,0.9313975774533273,0.5564614340779958,9.090728399994763,40.07686439236245,0.24523719565510374,0.06436196003059227,0.055226169066309456,0.697060703389576,0.7614923704178127,0.9153876394153699,-0.08840765378650062,0.055226169066309456,0.23719491326378092,0.23283032636072284,-1.457445303736456,Nature,21
jena_weather/10T/short|H=720|L=1024|Hsrc=controlled|Lsrc=controlled|origins=shared_origin_v1:Hmax=720,joint-scaling,release,standard_hl_shared_origin_v1,jena_weather/10T/short,Granite-FlowState-r1.1,flowstate,granite-timeseries-flowstate-r1.1,18.524928,18.524928,720,controlled,shared_origin_v1:Hmax=720,720,720,1024,controlled,46944,51984,1024,1024,16,16,100,[],merged,2,21,120960,19767382.773850746,,100,,float32,native_horizon,720,,continuous_decoder,1609.7430886243387,1609.7430886243387,10.96460193452381,0.7254827067175458,0.8924625923464945,0.5545238701558215,11.385406711443082,40.1216037643604,0.2455109635331675,0.06709427672713786,0.05933608701567046,0.7254827067175458,0.7614923704178127,0.9527117209585314,-0.048442917460091724,0.05933608701567046,0.23719491326378092,0.2501575021117071,-1.3856645510450707,Nature,21
jena_weather/10T/short|H=720|L=2048|Hsrc=controlled|Lsrc=controlled|origins=shared_origin_v1:Hmax=720,joint-scaling,release,standard_hl_shared_origin_v1,jena_weather/10T/short,Granite-FlowState-r1.1,flowstate,granite-timeseries-flowstate-r1.1,18.524928,18.524928,720,controlled,shared_origin_v1:Hmax=720,720,720,2048,controlled,46944,51984,2048,2048,16,16,100,[],merged,2,21,120960,19767382.773850746,,100,,float32,native_horizon,720,,continuous_decoder,1491.654265873016,1491.654265873016,10.11410125248016,0.6601394922818293,0.8152416839863527,0.5601981863531913,7.705135615736383,38.62194021373105,0.23633426547660485,0.06188991742085225,0.05178222962097536,0.6601394922818293,0.7614923704178127,0.8669023064796125,-0.142828988504769,0.05178222962097536,0.23719491326378092,0.21831087736434346,-1.5218351890709663,Nature,21
jena_weather/10T/short|H=720|L=4096|Hsrc=controlled|Lsrc=controlled|origins=shared_origin_v1:Hmax=720,joint-scaling,release,standard_hl_shared_origin_v1,jena_weather/10T/short,Granite-FlowState-r1.1,flowstate,granite-timeseries-flowstate-r1.1,18.524928,18.524928,720,controlled,shared_origin_v1:Hmax=720,720,720,4096,controlled,46944,51984,4096,4096,16,16,100,[],merged,2,21,120960,19767382.773850746,,100,,float32,native_horizon,720,,continuous_decoder,1401.5325066137566,1401.5325066137566,9.637864790013227,0.625171906536775,0.7882692517890141,0.5611626294221421,6.719410103701935,37.437047247529506,0.2290837025249259,0.05897574496013563,0.048801116271145625,0.625171906536775,0.7614923704178127,0.8209824954565967,-0.19725349075993187,0.048801116271145625,0.23719491326378092,0.20574267634852114,-1.5811290349623786,Nature,21
jena_weather/H/short|H=48|L=128|Hsrc=controlled|Lsrc=controlled|origins=shared_origin_v1:Hmax=720,joint-scaling,release,standard_hl_shared_origin_v1,jena_weather/H/short,Granite-FlowState-r1.1,flowstate,granite-timeseries-flowstate-r1.1,18.524928,18.524928,48,controlled,shared_origin_v1:Hmax=720,720,720,128,controlled,7344,8064,128,128,16,16,100,[],merged,2,21,2016,331233.4168627397,,100,,float32,native_horizon,48,,continuous_decoder,497.78704737103175,497.78704737103175,7.40184820265997,0.7180367848284719,1.8991596336686574,0.5324453524075623,7.4939882386766055,22.31114177649884,0.13579324890417285,0.045050182792233495,0.04069796407236039,0.7180367848284719,0.8929280908209436,0.8041373008752816,-0.2179852521501513,0.04069796407236039,0.16072236972671894,0.25321903940042917,-1.3735003964347454,Nature,21
jena_weather/H/short|H=48|L=256|Hsrc=controlled|Lsrc=controlled|origins=shared_origin_v1:Hmax=720,joint-scaling,release,standard_hl_shared_origin_v1,jena_weather/H/short,Granite-FlowState-r1.1,flowstate,granite-timeseries-flowstate-r1.1,18.524928,18.524928,48,controlled,shared_origin_v1:Hmax=720,720,720,256,controlled,7344,8064,256,256,16,16,100,[],merged,2,21,2016,331233.4168627397,,100,,float32,native_horizon,48,,continuous_decoder,562.2178509424604,562.2178509424604,7.810202462332589,0.7048817710172082,2.2130853571592732,0.5694051946586246,6.339045136945083,23.711133480760896,0.14431407781849062,0.04753556665023096,0.0399377883228153,0.7048817710172082,0.8929280908209436,0.7894048560720621,-0.23647596417355007,0.0399377883228153,0.16072236972671894,0.2484892948674333,-1.3923555133776733,Nature,21
jena_weather/H/short|H=48|L=512|Hsrc=controlled|Lsrc=controlled|origins=shared_origin_v1:Hmax=720,joint-scaling,release,standard_hl_shared_origin_v1,jena_weather/H/short,Granite-FlowState-r1.1,flowstate,granite-timeseries-flowstate-r1.1,18.524928,18.524928,48,controlled,shared_origin_v1:Hmax=720,720,720,512,controlled,7344,8064,512,512,16,16,100,[],merged,2,21,2016,331233.4168627397,,100,,float32,native_horizon,48,,continuous_decoder,584.7179749503969,584.7179749503969,7.7780294266958085,0.6995504960790887,2.1261479723748336,0.4780723130682537,5.852262914579658,24.18094239169344,0.14717349572810476,0.04733975053826353,0.0381964511892569,0.6995504960790887,0.8929280908209436,0.7834343025718156,-0.24406807191834368,0.0381964511892569,0.16072236972671894,0.237654853236693,-1.436935854347796,Nature,21
jena_weather/H/short|H=48|L=1024|Hsrc=controlled|Lsrc=controlled|origins=shared_origin_v1:Hmax=720,joint-scaling,release,standard_hl_shared_origin_v1,jena_weather/H/short,Granite-FlowState-r1.1,flowstate,granite-timeseries-flowstate-r1.1,18.524928,18.524928,48,controlled,shared_origin_v1:Hmax=720,720,720,1024,controlled,7344,8064,1024,1024,16,16,100,[],merged,2,21,2016,331233.4168627397,,100,,float32,native_horizon,48,,continuous_decoder,637.7055431547619,637.7055431547619,8.121261112273686,0.6899824273711676,2.346987200801542,0.535484257889523,5.865256347166956,25.252832378859246,0.1536973852395961,0.04942877611025689,0.04062980487608342,0.6899824273711676,0.8929280908209436,0.7727189170818995,-0.2578399225486927,0.04062980487608342,0.16072236972671894,0.2527949590661679,-1.3751765573110641,Nature,21
jena_weather/H/short|H=48|L=2048|Hsrc=controlled|Lsrc=controlled|origins=shared_origin_v1:Hmax=720,joint-scaling,release,standard_hl_shared_origin_v1,jena_weather/H/short,Granite-FlowState-r1.1,flowstate,granite-timeseries-flowstate-r1.1,18.524928,18.524928,48,controlled,shared_origin_v1:Hmax=720,720,720,2048,controlled,7344,8064,2048,2048,16,16,100,[],merged,2,21,2016,331233.4168627397,,100,,float32,native_horizon,48,,continuous_decoder,495.5154544890873,495.5154544890873,7.440394568064856,0.6936435169829275,2.0293511846087173,0.4910401816829099,6.412940972815492,22.260176425380983,0.13548305632509447,0.045284789171602675,0.03787626232665944,0.6936435169829275,0.8929280908209436,0.7768190116465066,-0.2525478879912965,0.03787626232665944,0.16072236972671894,0.2356626671885288,-1.4453538728091577,Nature,21
jena_weather/H/short|H=48|L=4096|Hsrc=controlled|Lsrc=controlled|origins=shared_origin_v1:Hmax=720,joint-scaling,release,standard_hl_shared_origin_v1,jena_weather/H/short,Granite-FlowState-r1.1,flowstate,granite-timeseries-flowstate-r1.1,18.524928,18.524928,48,controlled,shared_origin_v1:Hmax=720,720,720,4096,controlled,7344,8064,4054,4054,16,16,100,[],merged,2,21,2016,331233.4168627397,,100,,float32,native_horizon,48,,continuous_decoder,449.5215308779762,449.5215308779762,7.202466692243304,0.6985718893314984,2.1550752662284784,0.5547631432977165,6.223745207100819,21.201922810867323,0.1290421624470966,0.043836678645197004,0.036745506614890046,0.6985718893314984,0.8929280908209436,0.7823383501007821,-0.24546795924954662,0.036745506614890046,0.16072236972671894,0.22862720775813306,-1.4756625156391847,Nature,21
jena_weather/H/short|H=96|L=128|Hsrc=controlled|Lsrc=controlled|origins=shared_origin_v1:Hmax=720,joint-scaling,release,standard_hl_shared_origin_v1,jena_weather/H/short,Granite-FlowState-r1.1,flowstate,granite-timeseries-flowstate-r1.1,18.524928,18.524928,96,controlled,shared_origin_v1:Hmax=720,720,720,128,controlled,7344,8064,128,128,16,16,100,[],merged,2,21,4032,670747.2639028188,,100,,float32,native_horizon,96,,continuous_decoder,892.7491009424604,892.7491009424604,10.36757066514757,1.0389445246738205,1.7068109749747367,0.575612894019027,13.717899864174177,29.878907291640708,0.17960826779809255,0.0623216033393041,0.05616396728055859,1.0389445246738205,1.1124114209687321,0.9339570819661904,-0.06832479259472748,0.05616396728055859,0.19834110075816852,0.28316857709203536,-1.261712879914631,Nature,21
jena_weather/H/short|H=96|L=256|Hsrc=controlled|Lsrc=controlled|origins=shared_origin_v1:Hmax=720,joint-scaling,release,standard_hl_shared_origin_v1,jena_weather/H/short,Granite-FlowState-r1.1,flowstate,granite-timeseries-flowstate-r1.1,18.524928,18.524928,96,controlled,shared_origin_v1:Hmax=720,720,720,256,controlled,7344,8064,256,256,16,16,100,[],merged,2,21,4032,670747.2639028188,,100,,float32,native_horizon,96,,continuous_decoder,806.5939360119048,806.5939360119048,10.317908877418155,1.0062283258160392,2.016058525233207,0.6097076283346727,13.251189339169688,28.40059745871387,0.17072184281041702,0.06202307610125038,0.052941584904155924,1.0062283258160392,1.1124114209687321,0.9045469210840855,-0.10032110033019442,0.052941584904155924,0.19834110075816852,0.2669219072687614,-1.320799145502601,Nature,21
jena_weather/H/short|H=96|L=512|Hsrc=controlled|Lsrc=controlled|origins=shared_origin_v1:Hmax=720,joint-scaling,release,standard_hl_shared_origin_v1,jena_weather/H/short,Granite-FlowState-r1.1,flowstate,granite-timeseries-flowstate-r1.1,18.524928,18.524928,96,controlled,shared_origin_v1:Hmax=720,720,720,512,controlled,7344,8064,512,512,16,16,100,[],merged,2,21,4032,670747.2639028188,,100,,float32,native_horizon,96,,continuous_decoder,1043.9808407738096,1043.9808407738096,10.628084213014633,0.9776228041297882,1.8833219053855006,0.5339231372487111,11.506406151212259,32.310692359864554,0.19422622887336746,0.06388760395015741,0.05178323609296363,0.9776228041297882,1.1124114209687321,0.8788320451424666,-0.12916147447734508,0.05178323609296363,0.19834110075816852,0.26108172181670714,-1.3429218102594382,Nature,21
jena_weather/H/short|H=96|L=1024|Hsrc=controlled|Lsrc=controlled|origins=shared_origin_v1:Hmax=720,joint-scaling,release,standard_hl_shared_origin_v1,jena_weather/H/short,Granite-FlowState-r1.1,flowstate,granite-timeseries-flowstate-r1.1,18.524928,18.524928,96,controlled,shared_origin_v1:Hmax=720,720,720,1024,controlled,7344,8064,1024,1024,16,16,100,[],merged,2,21,4032,670747.2639028188,,100,,float32,native_horizon,96,,continuous_decoder,984.1361917162699,984.1361917162699,10.667028517950149,0.9339306510135156,1.911758208302446,0.5643577167074972,11.260284497238256,31.370945024277958,0.18857721401934022,0.06412170619097214,0.052958592870974604,0.9339306510135156,1.1124114209687321,0.8395550723492318,-0.17488320324726933,0.052958592870974604,0.19834110075816852,0.26700765836499746,-1.3204779379782656,Nature,21
jena_weather/H/short|H=96|L=2048|Hsrc=controlled|Lsrc=controlled|origins=shared_origin_v1:Hmax=720,joint-scaling,release,standard_hl_shared_origin_v1,jena_weather/H/short,Granite-FlowState-r1.1,flowstate,granite-timeseries-flowstate-r1.1,18.524928,18.524928,96,controlled,shared_origin_v1:Hmax=720,720,720,2048,controlled,7344,8064,2048,2048,16,16,100,[],merged,2,21,4032,670747.2639028188,,100,,float32,native_horizon,96,,continuous_decoder,867.1034536210317,867.1034536210317,10.020234849717882,0.904936986876107,1.6812547922763157,0.5469945019225313,10.305170331838585,29.44662041085584,0.1770097022919392,0.06023369618980076,0.05004835868427564,0.904936986876107,1.1124114209687321,0.8134912765351258,-0.2064200757546943,0.05004835868427564,0.19834110075816852,0.25233478332510684,-1.3769985678946708,Nature,21
jena_weather/H/short|H=96|L=4096|Hsrc=controlled|Lsrc=controlled|origins=shared_origin_v1:Hmax=720,joint-scaling,release,standard_hl_shared_origin_v1,jena_weather/H/short,Granite-FlowState-r1.1,flowstate,granite-timeseries-flowstate-r1.1,18.524928,18.524928,96,controlled,shared_origin_v1:Hmax=720,720,720,4096,controlled,7344,8064,4006,4006,16,16,100,[],merged,2,21,4032,670747.2639028188,,100,,float32,native_horizon,96,,continuous_decoder,1023.9559151785714,1023.9559151785714,10.25320531451513,0.911052254486695,1.7328115901761532,0.607843323293945,10.444177407917802,31.999311167251264,0.19235445236948492,0.06163412965351235,0.05140655599338724,0.911052254486695,1.1124114209687321,0.8189885840018745,-0.19968513417386588,0.05140655599338724,0.19834110075816852,0.25918256880133855,-1.3502225667602354,Nature,21
jena_weather/H/short|H=192|L=128|Hsrc=controlled|Lsrc=controlled|origins=shared_origin_v1:Hmax=720,joint-scaling,release,standard_hl_shared_origin_v1,jena_weather/H/short,Granite-FlowState-r1.1,flowstate,granite-timeseries-flowstate-r1.1,18.524928,18.524928,192,controlled,shared_origin_v1:Hmax=720,720,720,128,controlled,7344,8064,128,128,16,16,100,[],merged,2,21,8064,1349853.3219126405,,100,,float32,native_horizon,192,,continuous_decoder,1377.040054563492,1377.040054563492,13.060812813895089,1.2230636550475988,3.6418059699644783,0.6319803995903553,16.459233594225623,37.10849032988936,0.22168546845980508,0.07802506599903469,0.07030400335498393,1.2230636550475988,1.2442303483332282,0.9829881232892412,-0.0171582410145302,0.07030400335498393,0.24899536052535107,0.2823506558782891,-1.2646055199395183,Nature,21
jena_weather/H/short|H=192|L=256|Hsrc=controlled|Lsrc=controlled|origins=shared_origin_v1:Hmax=720,joint-scaling,release,standard_hl_shared_origin_v1,jena_weather/H/short,Granite-FlowState-r1.1,flowstate,granite-timeseries-flowstate-r1.1,18.524928,18.524928,192,controlled,shared_origin_v1:Hmax=720,720,720,256,controlled,7344,8064,256,256,16,16,100,[],merged,2,21,8064,1349853.3219126405,,100,,float32,native_horizon,192,,continuous_decoder,1258.732452876984,1258.732452876984,12.540596613808283,1.1594984034895546,4.058699728566919,0.6378215744951261,15.469424646656744,35.478619658563154,0.21194864974015973,0.07491730357077622,0.0646077946492555,1.1594984034895546,1.2442303483332282,0.9319001140285795,-0.07052964382914453,0.0646077946492555,0.24899536052535107,0.25947388944493033,-1.34909920014792,Nature,21
jena_weather/H/short|H=192|L=512|Hsrc=controlled|Lsrc=controlled|origins=shared_origin_v1:Hmax=720,joint-scaling,release,standard_hl_shared_origin_v1,jena_weather/H/short,Granite-FlowState-r1.1,flowstate,granite-timeseries-flowstate-r1.1,18.524928,18.524928,192,controlled,shared_origin_v1:Hmax=720,720,720,512,controlled,7344,8064,512,512,16,16,100,[],merged,2,21,8064,1349853.3219126405,,100,,float32,native_horizon,192,,continuous_decoder,1379.0638640873017,1379.0638640873017,12.44198947482639,1.0818641123869248,3.4577007959146115,0.576171712454497,13.57780895767977,37.13574913863058,0.22184831210371875,0.0743282262570846,0.06157188863748796,1.0818641123869248,1.2442303483332282,0.8695046812161354,-0.139831561399951,0.06157188863748796,0.24899536052535107,0.24728126864524097,-1.3972288507717239,Nature,21
jena_weather/H/short|H=192|L=1024|Hsrc=controlled|Lsrc=controlled|origins=shared_origin_v1:Hmax=720,joint-scaling,release,standard_hl_shared_origin_v1,jena_weather/H/short,Granite-FlowState-r1.1,flowstate,granite-timeseries-flowstate-r1.1,18.524928,18.524928,192,controlled,shared_origin_v1:Hmax=720,720,720,1024,controlled,7344,8064,1024,1024,16,16,100,[],merged,2,21,8064,1349853.3219126405,,100,,float32,native_horizon,192,,continuous_decoder,1263.9190848214287,1263.9190848214287,12.331013997395834,1.047572167424276,3.4567884902815593,0.593957859806299,13.357810679019257,35.55163969244497,0.21238487013808313,0.07366526070707063,0.06252832534209796,1.047572167424276,1.2442303483332282,0.8419439124175072,-0.17204187928926168,0.06252832534209796,0.24899536052535107,0.2511224514792987,-1.381814604313472,Nature,21
jena_weather/H/short|H=192|L=2048|Hsrc=controlled|Lsrc=controlled|origins=shared_origin_v1:Hmax=720,joint-scaling,release,standard_hl_shared_origin_v1,jena_weather/H/short,Granite-FlowState-r1.1,flowstate,granite-timeseries-flowstate-r1.1,18.524928,18.524928,192,controlled,shared_origin_v1:Hmax=720,720,720,2048,controlled,7344,8064,2048,2048,16,16,100,[],merged,2,21,8064,1349853.3219126405,,100,,float32,native_horizon,192,,continuous_decoder,1251.0204613095239,1251.0204613095239,12.025931706504217,0.9785100529101403,2.8088835359253244,0.5782411504760443,11.340865458609574,35.36976761740913,0.21129836956110865,0.0718427044679497,0.0599271566769538,0.9785100529101403,1.2442303483332282,0.7864380210794191,-0.2402413630480587,0.0599271566769538,0.24899536052535107,0.2406757963301586,-1.4243044945870746,Nature,21
jena_weather/H/short|H=192|L=4096|Hsrc=controlled|Lsrc=controlled|origins=shared_origin_v1:Hmax=720,joint-scaling,release,standard_hl_shared_origin_v1,jena_weather/H/short,Granite-FlowState-r1.1,flowstate,granite-timeseries-flowstate-r1.1,18.524928,18.524928,192,controlled,shared_origin_v1:Hmax=720,720,720,4096,controlled,7344,8064,3910,3910,16,16,100,[],merged,2,21,8064,1349853.3219126405,,100,,float32,native_horizon,192,,continuous_decoder,1543.225818452381,1543.225818452381,12.856544131324405,0.9841465691508686,2.907893837780043,0.6340388434557955,11.802414316263143,39.283912972772725,0.2346814050607944,0.07680476848262305,0.06394389167682357,0.9841465691508686,1.2442303483332282,0.7909681438563462,-0.23449758527914352,0.06394389167682357,0.24899536052535107,0.256807562767071,-1.3594282575724395,Nature,21
jena_weather/H/short|H=336|L=128|Hsrc=controlled|Lsrc=controlled|origins=shared_origin_v1:Hmax=720,joint-scaling,release,standard_hl_shared_origin_v1,jena_weather/H/short,Granite-FlowState-r1.1,flowstate,granite-timeseries-flowstate-r1.1,18.524928,18.524928,336,controlled,shared_origin_v1:Hmax=720,720,720,128,controlled,7344,8064,128,128,16,16,100,[],merged,2,21,14112,2353072.8469861536,,100,,float32,native_horizon,336,,continuous_decoder,1294.0091411564626,1294.0091411564626,12.67773492860686,1.1707952647059487,2.6982626998132218,0.6103887134872215,13.98204155077209,35.97233855556881,0.21573562516195835,0.07603172827464647,0.06829818324442656,1.1707952647059487,1.1513268748449759,1.0169095243812443,0.01676814986534454,0.06829818324442656,0.3039908079990565,0.22467186983048035,-1.493114297523266,Nature,21
jena_weather/H/short|H=336|L=256|Hsrc=controlled|Lsrc=controlled|origins=shared_origin_v1:Hmax=720,joint-scaling,release,standard_hl_shared_origin_v1,jena_weather/H/short,Granite-FlowState-r1.1,flowstate,granite-timeseries-flowstate-r1.1,18.524928,18.524928,336,controlled,shared_origin_v1:Hmax=720,720,720,256,controlled,7344,8064,256,256,16,16,100,[],merged,2,21,14112,2353072.8469861536,,100,,float32,native_horizon,336,,continuous_decoder,1482.8883219954648,1482.8883219954648,12.827276874291384,1.0814786762948467,3.0739809127654913,0.6101555591120874,12.634666796623428,38.508289003738724,0.2309443904878643,0.07692857086080054,0.06601136447752336,1.0814786762948467,1.1513268748449759,0.9393324345359921,-0.06258583203807744,0.06601136447752336,0.3039908079990565,0.2171492122147596,-1.527170547846894,Nature,21
jena_weather/H/short|H=336|L=512|Hsrc=controlled|Lsrc=controlled|origins=shared_origin_v1:Hmax=720,joint-scaling,release,standard_hl_shared_origin_v1,jena_weather/H/short,Granite-FlowState-r1.1,flowstate,granite-timeseries-flowstate-r1.1,18.524928,18.524928,336,controlled,shared_origin_v1:Hmax=720,720,720,512,controlled,7344,8064,512,512,16,16,100,[],merged,2,21,14112,2353072.8469861536,,100,,float32,native_horizon,336,,continuous_decoder,1334.4095096371882,1334.4095096371882,11.765695861678005,0.9696072952853276,2.73510733669692,0.564934414139549,11.06768779446281,36.52957034564174,0.2190774915353607,0.07056198885328306,0.059000972384618856,0.9696072952853276,1.1513268748449759,0.8421650848859786,-0.17177922114766028,0.059000972384618856,0.3039908079990565,0.19408801461129044,-1.6394435392387274,Nature,21
jena_weather/H/short|H=336|L=1024|Hsrc=controlled|Lsrc=controlled|origins=shared_origin_v1:Hmax=720,joint-scaling,release,standard_hl_shared_origin_v1,jena_weather/H/short,Granite-FlowState-r1.1,flowstate,granite-timeseries-flowstate-r1.1,18.524928,18.524928,336,controlled,shared_origin_v1:Hmax=720,720,720,1024,controlled,7344,8064,1024,1024,16,16,100,[],merged,2,21,14112,2353072.8469861536,,100,,float32,native_horizon,336,,continuous_decoder,1321.8988803854875,1321.8988803854875,12.035978909793084,0.9585232685734851,2.6520222648870364,0.5814139572621386,10.851619464432865,36.357927338965396,0.2180481030430669,0.07218294775384805,0.061789339410438425,0.9585232685734851,1.1513268748449759,0.8325379086652074,-0.1832765222300843,0.061789339410438425,0.3039908079990565,0.20326055191323483,-1.5932666159695277,Nature,21
jena_weather/H/short|H=336|L=2048|Hsrc=controlled|Lsrc=controlled|origins=shared_origin_v1:Hmax=720,joint-scaling,release,standard_hl_shared_origin_v1,jena_weather/H/short,Granite-FlowState-r1.1,flowstate,granite-timeseries-flowstate-r1.1,18.524928,18.524928,336,controlled,shared_origin_v1:Hmax=720,720,720,2048,controlled,7344,8064,2048,2048,16,16,100,[],merged,2,21,14112,2353072.8469861536,,100,,float32,native_horizon,336,,continuous_decoder,1282.2120890022675,1282.2120890022675,11.849855730052438,0.8874911962846458,2.18754257310659,0.536257022224443,9.147157366258323,35.80798917842591,0.2147499784943632,0.07106671783522732,0.05885826560680007,0.8874911962846458,1.1513268748449759,0.7708420741973429,-0.2602717588287025,0.05885826560680007,0.3039908079990565,0.19361857022657986,-1.641865188147908,Nature,21
jena_weather/H/short|H=336|L=4096|Hsrc=controlled|Lsrc=controlled|origins=shared_origin_v1:Hmax=720,joint-scaling,release,standard_hl_shared_origin_v1,jena_weather/H/short,Granite-FlowState-r1.1,flowstate,granite-timeseries-flowstate-r1.1,18.524928,18.524928,336,controlled,shared_origin_v1:Hmax=720,720,720,4096,controlled,7344,8064,3766,3766,16,16,100,[],merged,2,21,14112,2353072.8469861536,,100,,float32,native_horizon,336,,continuous_decoder,1463.485827664399,1463.485827664399,12.535539345946711,0.8805859982724754,2.367179958881396,0.6012363055868449,9.455156706260725,38.25553329473266,0.22942854767404658,0.07517894376987852,0.06213017414097755,0.8805859982724754,1.1513268748449759,0.7648444742428555,-0.2680827674675078,0.06213017414097755,0.3039908079990565,0.20438175269158268,-1.5877656971836915,Nature,21
jena_weather/H/short|H=720|L=128|Hsrc=controlled|Lsrc=controlled|origins=shared_origin_v1:Hmax=720,joint-scaling,release,standard_hl_shared_origin_v1,jena_weather/H/short,Granite-FlowState-r1.1,flowstate,granite-timeseries-flowstate-r1.1,18.524928,18.524928,720,controlled,shared_origin_v1:Hmax=720,720,720,128,controlled,7344,8064,128,128,16,16,100,[],merged,2,21,30240,5022331.19659215,,100,,float32,native_horizon,720,,continuous_decoder,1240.8217592592594,1240.8217592592594,12.997084780092592,1.3570157460307777,2.404183925016264,0.6190961721210462,15.259867248362685,35.225299988208185,0.2120953457562107,0.07825685490767467,0.07071372727489379,1.3570157460307777,1.2677178475879953,1.070439884247653,0.06806967076608576,0.07071372727489379,0.4191434094146837,0.16871010180893115,-1.7795734109092098,Nature,21
jena_weather/H/short|H=720|L=256|Hsrc=controlled|Lsrc=controlled|origins=shared_origin_v1:Hmax=720,joint-scaling,release,standard_hl_shared_origin_v1,jena_weather/H/short,Granite-FlowState-r1.1,flowstate,granite-timeseries-flowstate-r1.1,18.524928,18.524928,720,controlled,shared_origin_v1:Hmax=720,720,720,256,controlled,7344,8064,256,256,16,16,100,[],merged,2,21,30240,5022331.19659215,,100,,float32,native_horizon,720,,continuous_decoder,2165.9501984126982,2165.9501984126982,15.078051628637565,1.2299671612687952,2.9395632739869804,0.639152620175406,14.218542630972232,46.53977007262389,0.2802209953718499,0.09078658164945136,0.07712621141242466,1.2299671612687952,1.2677178475879953,0.9702215391295265,-0.03023084270674753,0.07712621141242466,0.4191434094146837,0.1840091235601872,-1.6927699380361907,Nature,21
jena_weather/H/short|H=720|L=512|Hsrc=controlled|Lsrc=controlled|origins=shared_origin_v1:Hmax=720,joint-scaling,release,standard_hl_shared_origin_v1,jena_weather/H/short,Granite-FlowState-r1.1,flowstate,granite-timeseries-flowstate-r1.1,18.524928,18.524928,720,controlled,shared_origin_v1:Hmax=720,720,720,512,controlled,7344,8064,512,512,16,16,100,[],merged,2,21,30240,5022331.19659215,,100,,float32,native_horizon,720,,continuous_decoder,1298.028306878307,1298.028306878307,11.952861483134921,1.1023296204953612,2.1696083021596344,0.5885049052852217,11.897635546816094,36.02815991524278,0.21692945231811964,0.07196947335836018,0.0610468786946236,1.1023296204953612,1.2677178475879953,0.8695386142844738,-0.13979253641600675,0.0610468786946236,0.4191434094146837,0.14564675794347579,-1.9265710550522004,Nature,21
jena_weather/H/short|H=720|L=1024|Hsrc=controlled|Lsrc=controlled|origins=shared_origin_v1:Hmax=720,joint-scaling,release,standard_hl_shared_origin_v1,jena_weather/H/short,Granite-FlowState-r1.1,flowstate,granite-timeseries-flowstate-r1.1,18.524928,18.524928,720,controlled,shared_origin_v1:Hmax=720,720,720,1024,controlled,7344,8064,1024,1024,16,16,100,[],merged,2,21,30240,5022331.19659215,,100,,float32,native_horizon,720,,continuous_decoder,1540.0006613756614,1540.0006613756614,12.804336144179894,1.0709241924954123,2.1843227445881954,0.6133094407474602,11.466311512279503,39.24284216740247,0.23628540227444098,0.07709629449820685,0.06580343605563685,1.0709241924954123,1.2677178475879953,0.8447654141124465,-0.16869630660251372,0.06580343605563685,0.4191434094146837,0.15699503935306677,-1.85154107061029,Nature,21
jena_weather/H/short|H=720|L=2048|Hsrc=controlled|Lsrc=controlled|origins=shared_origin_v1:Hmax=720,joint-scaling,release,standard_hl_shared_origin_v1,jena_weather/H/short,Granite-FlowState-r1.1,flowstate,granite-timeseries-flowstate-r1.1,18.524928,18.524928,720,controlled,shared_origin_v1:Hmax=720,720,720,2048,controlled,7344,8064,2048,2048,16,16,100,[],merged,2,21,30240,5022331.19659215,,100,,float32,native_horizon,720,,continuous_decoder,1437.8671626984126,1437.8671626984126,12.870057767030424,0.9888579843442582,1.659381030779055,0.5371260874989275,9.45129753657489,37.91921890939227,0.22831572330357025,0.07749201150634612,0.06394190056289036,0.9888579843442582,1.2677178475879953,0.7800300249978291,-0.2484228664523983,0.06394190056289036,0.4191434094146837,0.15255375398168028,-1.8802382599171859,Nature,21
jena_weather/H/short|H=720|L=4096|Hsrc=controlled|Lsrc=controlled|origins=shared_origin_v1:Hmax=720,joint-scaling,release,standard_hl_shared_origin_v1,jena_weather/H/short,Granite-FlowState-r1.1,flowstate,granite-timeseries-flowstate-r1.1,18.524928,18.524928,720,controlled,shared_origin_v1:Hmax=720,720,720,4096,controlled,7344,8064,3382,3382,16,16,100,[],merged,2,21,30240,5022331.19659215,,100,,float32,native_horizon,720,,continuous_decoder,1841.4952380952382,1841.4952380952382,13.846734457671957,0.9848210239186099,1.846560897872655,0.6123326550444385,9.98332932717367,42.91264659858721,0.25838169215558765,0.08337268762444851,0.06880515335364622,0.9848210239186099,1.2677178475879953,0.7768455936724131,-0.2525136695044775,0.06880515335364622,0.4191434094146837,0.1641565912958759,-1.8069344817384911,Nature,21
kdd_cup_2018/H/short|H=48|L=128|Hsrc=controlled|Lsrc=controlled|origins=shared_origin_v1:Hmax=720,joint-scaling,release,standard_hl_shared_origin_v1,kdd_cup_2018/H/short,Granite-FlowState-r1.1,flowstate,granite-timeseries-flowstate-r1.1,18.524928,18.524928,48,controlled,shared_origin_v1:Hmax=720,720,720,128,controlled,8064,10200,128,128,16,16,100,[],merged,2,270,23531,1125444.1999045536,,100,,float32,native_horizon,48,,continuous_decoder,1561.5041401502274,1561.5041401502274,22.156785405754643,1.1028913566392318,0.8554612932388697,0.5626354258868288,10.141096339546971,39.51587200290824,0.826205318912561,0.4632582560974847,0.35620030093328375,1.1028913566392318,1.478995375991201,0.7457030458260157,-0.2934278199214649,0.35620030093328375,0.5363321992970804,0.6641411822749438,-0.4092605281989148,Nature,1
kdd_cup_2018/H/short|H=48|L=256|Hsrc=controlled|Lsrc=controlled|origins=shared_origin_v1:Hmax=720,joint-scaling,release,standard_hl_shared_origin_v1,kdd_cup_2018/H/short,Granite-FlowState-r1.1,flowstate,granite-timeseries-flowstate-r1.1,18.524928,18.524928,48,controlled,shared_origin_v1:Hmax=720,720,720,256,controlled,8064,10200,256,256,16,16,100,[],merged,2,270,23531,1125444.1999045536,,100,,float32,native_horizon,48,,continuous_decoder,1944.8758565828057,1944.8758565828057,24.225712536620573,1.1608441639327385,0.8372994999483716,0.5860931998250396,11.448653729661881,44.10074666695345,0.9220667447645023,0.5065157755022984,0.4030366803819035,1.1608441639327385,1.478995375991201,0.7848869460830855,-0.24221558929983097,0.4030366803819035,0.5363321992970804,0.7514683640290949,-0.28572616777555515,Nature,1
kdd_cup_2018/H/short|H=48|L=512|Hsrc=controlled|Lsrc=controlled|origins=shared_origin_v1:Hmax=720,joint-scaling,release,standard_hl_shared_origin_v1,kdd_cup_2018/H/short,Granite-FlowState-r1.1,flowstate,granite-timeseries-flowstate-r1.1,18.524928,18.524928,48,controlled,shared_origin_v1:Hmax=720,720,720,512,controlled,8064,10200,512,512,16,16,100,[],merged,2,270,23531,1125444.1999045536,,100,,float32,native_horizon,48,,continuous_decoder,2082.054918246143,2082.054918246143,25.026293834297043,1.2074908549915566,0.8332310350715365,0.6135356660391976,12.7620360342781,45.62953997407976,0.9540310441167404,0.5232544805551324,0.4179951906245677,1.2074908549915566,1.478995375991201,0.8164263895567043,-0.20281852427109018,0.4179951906245677,0.5363321992970804,0.7793587466357497,-0.24928381712198777,Nature,1
kdd_cup_2018/H/short|H=48|L=1024|Hsrc=controlled|Lsrc=controlled|origins=shared_origin_v1:Hmax=720,joint-scaling,release,standard_hl_shared_origin_v1,kdd_cup_2018/H/short,Granite-FlowState-r1.1,flowstate,granite-timeseries-flowstate-r1.1,18.524928,18.524928,48,controlled,shared_origin_v1:Hmax=720,720,720,1024,controlled,8064,10200,1024,1024,16,16,100,[],merged,2,270,23531,1125444.1999045536,,100,,float32,native_horizon,48,,continuous_decoder,2119.508205266457,2119.508205266457,25.122977153143726,1.2019395363358876,0.809964938365418,0.6048373859093125,12.651331622034325,46.038116873591356,0.9625736471380387,0.5252759536552418,0.42075939310198396,1.2019395363358876,1.478995375991201,0.8126729507388523,-0.20742652498242273,0.42075939310198396,0.5363321992970804,0.7845126465527024,-0.24269258641291347,Nature,1
kdd_cup_2018/H/short|H=48|L=2048|Hsrc=controlled|Lsrc=controlled|origins=shared_origin_v1:Hmax=720,joint-scaling,release,standard_hl_shared_origin_v1,kdd_cup_2018/H/short,Granite-FlowState-r1.1,flowstate,granite-timeseries-flowstate-r1.1,18.524928,18.524928,48,controlled,shared_origin_v1:Hmax=720,720,720,2048,controlled,8064,10200,2048,2048,16,16,100,[],merged,2,270,23531,1125444.1999045536,,100,,float32,native_horizon,48,,continuous_decoder,2142.743584261187,2142.743584261187,25.551448961277146,1.2355226720479988,0.816855044967203,0.626345991718496,13.317013720591335,46.28977839935278,0.9678354338736177,0.5342345231854261,0.4275866244851501,1.2355226720479988,1.478995375991201,0.8353796719749511,-0.1798689604986368,0.4275866244851501,0.5363321992970804,0.7972421291236051,-0.22659684567302724,Nature,1
kdd_cup_2018/H/short|H=48|L=4096|Hsrc=controlled|Lsrc=controlled|origins=shared_origin_v1:Hmax=720,joint-scaling,release,standard_hl_shared_origin_v1,kdd_cup_2018/H/short,Granite-FlowState-r1.1,flowstate,granite-timeseries-flowstate-r1.1,18.524928,18.524928,48,controlled,shared_origin_v1:Hmax=720,720,720,4096,controlled,8064,10200,4054,4054,16,16,100,[],merged,2,270,23531,1125444.1999045536,,100,,float32,native_horizon,48,,continuous_decoder,1984.5356032999023,1984.5356032999023,24.703890695385873,1.1999994540974694,0.8157364267449938,0.5996202340234856,13.195708339137969,44.54812682144898,0.9314206535734216,0.516513614804203,0.4115058062052982,1.1999994540974694,1.478995375991201,0.8113611939410206,-0.2090419554059688,0.4115058062052982,0.5363321992970804,0.7672591851554311,-0.2649306140252027,Nature,1
kdd_cup_2018/H/short|H=96|L=128|Hsrc=controlled|Lsrc=controlled|origins=shared_origin_v1:Hmax=720,joint-scaling,release,standard_hl_shared_origin_v1,kdd_cup_2018/H/short,Granite-FlowState-r1.1,flowstate,granite-timeseries-flowstate-r1.1,18.524928,18.524928,96,controlled,shared_origin_v1:Hmax=720,720,720,128,controlled,8064,10200,128,128,16,16,100,[],merged,2,270,46102,1926428.5999522582,,100,,float32,native_horizon,96,,continuous_decoder,1496.5754956401024,1496.5754956401024,20.64388761519972,0.933939764236845,0.9390182661923079,0.5521851314091071,7.799795891387601,38.68559803906491,0.9257978421007503,0.49403570257393586,0.3828324860807683,0.933939764236845,1.278123908838329,0.7307114418082448,-0.3137366416128234,0.3828324860807683,0.6076938681984665,0.6299758910118527,-0.46207372856396073,Nature,1
kdd_cup_2018/H/short|H=96|L=256|Hsrc=controlled|Lsrc=controlled|origins=shared_origin_v1:Hmax=720,joint-scaling,release,standard_hl_shared_origin_v1,kdd_cup_2018/H/short,Granite-FlowState-r1.1,flowstate,granite-timeseries-flowstate-r1.1,18.524928,18.524928,96,controlled,shared_origin_v1:Hmax=720,720,720,256,controlled,8064,10200,256,256,16,16,100,[],merged,2,270,46102,1926428.5999522582,,100,,float32,native_horizon,96,,continuous_decoder,1819.4473267157607,1819.4473267157607,22.0633992458299,0.9814954433054105,0.9300098222596462,0.577515192566805,8.870186475332899,42.654980092783546,1.0207904369184726,0.528006504916122,0.42169809975095945,0.9814954433054105,1.278123908838329,0.7679188508393365,-0.2640712143868036,0.42169809975095945,0.6076938681984665,0.6939317999062601,-0.36538159433269013,Nature,1
kdd_cup_2018/H/short|H=96|L=512|Hsrc=controlled|Lsrc=controlled|origins=shared_origin_v1:Hmax=720,joint-scaling,release,standard_hl_shared_origin_v1,kdd_cup_2018/H/short,Granite-FlowState-r1.1,flowstate,granite-timeseries-flowstate-r1.1,18.524928,18.524928,96,controlled,shared_origin_v1:Hmax=720,720,720,512,controlled,8064,10200,512,512,16,16,100,[],merged,2,270,46102,1926428.5999522582,,100,,float32,native_horizon,96,,continuous_decoder,1911.3602989024337,1911.3602989024337,22.796285147946403,1.0072569628529096,0.9753821976090834,0.5975990416217454,9.292242485377892,43.71910679442609,1.0462564049799623,0.5455454398448353,0.4348184409433395,1.0072569628529096,1.278123908838329,0.788074580162101,-0.23816254872703896,0.4348184409433395,0.6076938681984665,0.7155221793373968,-0.3347426820909533,Nature,1
kdd_cup_2018/H/short|H=96|L=1024|Hsrc=controlled|Lsrc=controlled|origins=shared_origin_v1:Hmax=720,joint-scaling,release,standard_hl_shared_origin_v1,kdd_cup_2018/H/short,Granite-FlowState-r1.1,flowstate,granite-timeseries-flowstate-r1.1,18.524928,18.524928,96,controlled,shared_origin_v1:Hmax=720,720,720,1024,controlled,8064,10200,1024,1024,16,16,100,[],merged,2,270,46102,1926428.5999522582,,100,,float32,native_horizon,96,,continuous_decoder,1982.5033078825213,1982.5033078825213,23.145062849767907,1.0106697084261065,0.9675555881456473,0.597325399523831,9.406006349380467,44.52531086789312,1.0655499413175653,0.5538921543868502,0.4436934344107956,1.0106697084261065,1.278123908838329,0.7907447012275138,-0.23478011776411786,0.4436934344107956,0.6076938681984665,0.7301265614644806,-0.31453738799771436,Nature,1
kdd_cup_2018/H/short|H=96|L=2048|Hsrc=controlled|Lsrc=controlled|origins=shared_origin_v1:Hmax=720,joint-scaling,release,standard_hl_shared_origin_v1,kdd_cup_2018/H/short,Granite-FlowState-r1.1,flowstate,granite-timeseries-flowstate-r1.1,18.524928,18.524928,96,controlled,shared_origin_v1:Hmax=720,720,720,2048,controlled,8064,10200,2048,2048,16,16,100,[],merged,2,270,46102,1926428.5999522582,,100,,float32,native_horizon,96,,continuous_decoder,1998.013321683441,1998.013321683441,23.452703677104573,1.026781745715937,0.9690434213643658,0.6085507129465472,9.764233806029262,44.69914229248075,1.069709958634863,0.5612544087793705,0.4480871499320551,1.026781745715937,1.278123908838329,0.8033507069351095,-0.21896391450922614,0.4480871499320551,0.6076938681984665,0.737356707679852,-0.30468350431720426,Nature,1
kdd_cup_2018/H/short|H=96|L=4096|Hsrc=controlled|Lsrc=controlled|origins=shared_origin_v1:Hmax=720,joint-scaling,release,standard_hl_shared_origin_v1,kdd_cup_2018/H/short,Granite-FlowState-r1.1,flowstate,granite-timeseries-flowstate-r1.1,18.524928,18.524928,96,controlled,shared_origin_v1:Hmax=720,720,720,4096,controlled,8064,10200,4006,4006,16,16,100,[],merged,2,270,46102,1926428.5999522582,,100,,float32,native_horizon,96,,continuous_decoder,1906.9709441835496,1906.9709441835496,22.96793739120591,1.012221556133566,0.9818012558075807,0.599197392329017,9.686422744129807,43.66887843972581,1.0450543736103854,0.5496533064529963,0.4378448409587034,1.012221556133566,1.278123908838329,0.7919588618395861,-0.23324583063848467,0.4378448409587034,0.6076938681984665,0.7205023184728069,-0.32780664568124646,Nature,1
kdd_cup_2018/H/short|H=192|L=128|Hsrc=controlled|Lsrc=controlled|origins=shared_origin_v1:Hmax=720,joint-scaling,release,standard_hl_shared_origin_v1,kdd_cup_2018/H/short,Granite-FlowState-r1.1,flowstate,granite-timeseries-flowstate-r1.1,18.524928,18.524928,192,controlled,shared_origin_v1:Hmax=720,720,720,128,controlled,8064,10200,128,128,16,16,100,[],merged,2,270,91920,3382365.100021012,,100,,float32,native_horizon,192,,continuous_decoder,1044.3557815219756,1044.3557815219756,18.31949674309182,0.8523965287935856,1.0202388039795083,0.5534140557802897,6.528148310358614,32.31649395466618,0.8782411231402729,0.49785522580473024,0.38976041591538463,0.8523965287935856,1.1902104596437932,0.7161729439419405,-0.3338335993696672,0.38976041591538463,0.713423030713114,0.5463244094121731,-0.6045423232457281,Nature,1
kdd_cup_2018/H/short|H=192|L=256|Hsrc=controlled|Lsrc=controlled|origins=shared_origin_v1:Hmax=720,joint-scaling,release,standard_hl_shared_origin_v1,kdd_cup_2018/H/short,Granite-FlowState-r1.1,flowstate,granite-timeseries-flowstate-r1.1,18.524928,18.524928,192,controlled,shared_origin_v1:Hmax=720,720,720,256,controlled,8064,10200,256,256,16,16,100,[],merged,2,270,91920,3382365.100021012,,100,,float32,native_horizon,192,,continuous_decoder,1181.9649205831158,1181.9649205831158,18.685803636994127,0.8778349550083883,0.9865648038808481,0.5678453211373511,7.152689333882574,34.37971670306659,0.9343117806313249,0.5078100735789375,0.4023725177693764,0.8778349550083883,1.1902104596437932,0.7375459927239315,-0.30442682969715384,0.4023725177693764,0.713423030713114,0.5640027030907289,-0.5726962347815049,Nature,1
kdd_cup_2018/H/short|H=192|L=512|Hsrc=controlled|Lsrc=controlled|origins=shared_origin_v1:Hmax=720,joint-scaling,release,standard_hl_shared_origin_v1,kdd_cup_2018/H/short,Granite-FlowState-r1.1,flowstate,granite-timeseries-flowstate-r1.1,18.524928,18.524928,192,controlled,shared_origin_v1:Hmax=720,720,720,512,controlled,8064,10200,512,512,16,16,100,[],merged,2,270,91920,3382365.100021012,,100,,float32,native_horizon,192,,continuous_decoder,1225.425,1225.425,19.05008371749891,0.8786682189912568,1.0167456017804184,0.5725487406094039,6.977845965724823,35.00607090205926,0.951333739015134,0.5177098401652801,0.4076490065620177,0.8786682189912568,1.1902104596437932,0.7382460907411493,-0.30347805367703634,0.4076490065620177,0.713423030713114,0.5713987199916231,-0.5596680293146394,Nature,1
kdd_cup_2018/H/short|H=192|L=1024|Hsrc=controlled|Lsrc=controlled|origins=shared_origin_v1:Hmax=720,joint-scaling,release,standard_hl_shared_origin_v1,kdd_cup_2018/H/short,Granite-FlowState-r1.1,flowstate,granite-timeseries-flowstate-r1.1,18.524928,18.524928,192,controlled,shared_origin_v1:Hmax=720,720,720,1024,controlled,8064,10200,1024,1024,16,16,100,[],merged,2,270,91920,3382365.100021012,,100,,float32,native_horizon,192,,continuous_decoder,1279.246663538947,1279.246663538947,19.39382179731696,0.8849159254446958,1.0001567345539413,0.5766911399582347,6.991033444503656,35.76655789335825,0.9720009237137252,0.5270513522027236,0.41494741146644154,0.8849159254446958,1.1902104596437932,0.7434953358665104,-0.2963927863140984,0.41494741146644154,0.713423030713114,0.5816288423597341,-0.5419227625898714,Nature,1
kdd_cup_2018/H/short|H=192|L=2048|Hsrc=controlled|Lsrc=controlled|origins=shared_origin_v1:Hmax=720,joint-scaling,release,standard_hl_shared_origin_v1,kdd_cup_2018/H/short,Granite-FlowState-r1.1,flowstate,granite-timeseries-flowstate-r1.1,18.524928,18.524928,192,controlled,shared_origin_v1:Hmax=720,720,720,2048,controlled,8064,10200,2048,2048,16,16,100,[],merged,2,270,91920,3382365.100021012,,100,,float32,native_horizon,192,,continuous_decoder,1291.129589588773,1291.129589588773,19.565383685371792,0.8941833521539886,0.9897093346413214,0.5826662984902803,7.1815957836033055,35.932291738612676,0.9765049481478978,0.531713760985827,0.4178708732157675,0.8941833521539886,1.1902104596437932,0.7512817123297675,-0.28597458127188247,0.4178708732157675,0.713423030713114,0.585726637950106,-0.534902086384317,Nature,1
kdd_cup_2018/H/short|H=192|L=4096|Hsrc=controlled|Lsrc=controlled|origins=shared_origin_v1:Hmax=720,joint-scaling,release,standard_hl_shared_origin_v1,kdd_cup_2018/H/short,Granite-FlowState-r1.1,flowstate,granite-timeseries-flowstate-r1.1,18.524928,18.524928,192,controlled,shared_origin_v1:Hmax=720,720,720,4096,controlled,8064,10200,3910,3910,16,16,100,[],merged,2,270,91920,3382365.100021012,,100,,float32,native_horizon,192,,continuous_decoder,1263.1815960889903,1263.1815960889903,19.424029726936467,0.889622252933898,0.9924908654870396,0.5827705443061052,7.16840175721921,35.54126610137841,0.9658783376219228,0.5278722904540696,0.4140055216024422,0.889622252933898,1.1902104596437932,0.7474495335893322,-0.2910884895893074,0.4140055216024422,0.713423030713114,0.5803086020206216,-0.54419524449268,Nature,1
kdd_cup_2018/H/short|H=336|L=128|Hsrc=controlled|Lsrc=controlled|origins=shared_origin_v1:Hmax=720,joint-scaling,release,standard_hl_shared_origin_v1,kdd_cup_2018/H/short,Granite-FlowState-r1.1,flowstate,granite-timeseries-flowstate-r1.1,18.524928,18.524928,336,controlled,shared_origin_v1:Hmax=720,720,720,128,controlled,8064,10200,128,128,16,16,100,[],merged,2,270,160686,6279566.400042564,,100,,float32,native_horizon,336,,continuous_decoder,1407.4932776501998,1407.4932776501998,20.579064696636607,0.9474587945874584,1.0965644564152999,0.5974048635250776,6.645735060664601,37.516573372980105,0.9600006951068819,0.5265917070040594,0.40729821631241175,0.9474587945874584,1.2954560131853796,0.7313708724526775,-0.31283459843411227,0.40729821631241175,0.783824851835104,0.5196291178556515,-0.6546399567726547,Nature,1
kdd_cup_2018/H/short|H=336|L=256|Hsrc=controlled|Lsrc=controlled|origins=shared_origin_v1:Hmax=720,joint-scaling,release,standard_hl_shared_origin_v1,kdd_cup_2018/H/short,Granite-FlowState-r1.1,flowstate,granite-timeseries-flowstate-r1.1,18.524928,18.524928,336,controlled,shared_origin_v1:Hmax=720,720,720,256,controlled,8064,10200,256,256,16,16,100,[],merged,2,270,160686,6279566.400042564,,100,,float32,native_horizon,336,,continuous_decoder,1549.4196281878944,1549.4196281878944,20.920865363970726,0.9652645747442705,1.0806447407358313,0.6047953417666092,7.342265695288281,39.362667950583514,1.0072398728460918,0.5353379449657885,0.4214672700831526,0.9652645747442705,1.2954560131853796,0.7451156696326525,-0.2942158114024757,0.4214672700831526,0.783824851835104,0.5377059289411484,-0.620443468741991,Nature,1
kdd_cup_2018/H/short|H=336|L=512|Hsrc=controlled|Lsrc=controlled|origins=shared_origin_v1:Hmax=720,joint-scaling,release,standard_hl_shared_origin_v1,kdd_cup_2018/H/short,Granite-FlowState-r1.1,flowstate,granite-timeseries-flowstate-r1.1,18.524928,18.524928,336,controlled,shared_origin_v1:Hmax=720,720,720,512,controlled,8064,10200,512,512,16,16,100,[],merged,2,270,160686,6279566.400042564,,100,,float32,native_horizon,336,,continuous_decoder,1612.2247329418867,1612.2247329418867,21.35096746819107,0.970484094870528,1.0948847925492395,0.614480015778784,7.307159738089371,40.152518388538056,1.0274511262014674,0.546343702738854,0.42840107823313534,0.970484094870528,1.2954560131853796,0.7491447683231,-0.2888230320011836,0.42840107823313534,0.783824851835104,0.546552048241588,-0.604125736666133,Nature,1
kdd_cup_2018/H/short|H=336|L=1024|Hsrc=controlled|Lsrc=controlled|origins=shared_origin_v1:Hmax=720,joint-scaling,release,standard_hl_shared_origin_v1,kdd_cup_2018/H/short,Granite-FlowState-r1.1,flowstate,granite-timeseries-flowstate-r1.1,18.524928,18.524928,336,controlled,shared_origin_v1:Hmax=720,720,720,1024,controlled,8064,10200,1024,1024,16,16,100,[],merged,2,270,160686,6279566.400042564,,100,,float32,native_horizon,336,,continuous_decoder,1716.9760775674297,1716.9760775674297,21.862313913082037,0.987109188536006,1.1014153993106526,0.6251276706905277,7.583247079328752,41.436410046810636,1.0603042567933805,0.5594283983387275,0.4408380332469716,0.987109188536006,1.2954560131853796,0.7619781594195671,-0.2718373858853046,0.4408380332469716,0.783824851835104,0.5624190560108857,-0.5755080556833134,Nature,1
kdd_cup_2018/H/short|H=336|L=2048|Hsrc=controlled|Lsrc=controlled|origins=shared_origin_v1:Hmax=720,joint-scaling,release,standard_hl_shared_origin_v1,kdd_cup_2018/H/short,Granite-FlowState-r1.1,flowstate,granite-timeseries-flowstate-r1.1,18.524928,18.524928,336,controlled,shared_origin_v1:Hmax=720,720,720,2048,controlled,8064,10200,2048,2048,16,16,100,[],merged,2,270,160686,6279566.400042564,,100,,float32,native_horizon,336,,continuous_decoder,1687.731721338511,1687.731721338511,21.731385485998313,0.9842276090265959,1.0715588283317274,0.6250173974847003,7.877655233877415,41.0820121383862,1.0512356716896856,0.5560781088610602,0.43824966531260795,0.9842276090265959,1.2954560131853796,0.759753784774592,-0.2747608655923884,0.43824966531260795,0.783824851835104,0.5591168285702737,-0.5813968320101458,Nature,1
kdd_cup_2018/H/short|H=336|L=4096|Hsrc=controlled|Lsrc=controlled|origins=shared_origin_v1:Hmax=720,joint-scaling,release,standard_hl_shared_origin_v1,kdd_cup_2018/H/short,Granite-FlowState-r1.1,flowstate,granite-timeseries-flowstate-r1.1,18.524928,18.524928,336,controlled,shared_origin_v1:Hmax=720,720,720,4096,controlled,8064,10200,3766,3766,16,16,100,[],merged,2,270,160686,6279566.400042564,,100,,float32,native_horizon,336,,continuous_decoder,1697.6424377357082,1697.6424377357082,21.733635908114273,0.9821031698608332,1.055559675677516,0.6254193491960836,8.00087115117331,41.20245669539267,1.0543176924621724,0.5561356942586958,0.43943155405678025,0.9821031698608332,1.2954560131853796,0.7581138686800741,-0.2769216820889609,0.43943155405678025,0.783824851835104,0.5606246765817334,-0.5787036230580127,Nature,1
kdd_cup_2018/H/short|H=720|L=128|Hsrc=controlled|Lsrc=controlled|origins=shared_origin_v1:Hmax=720,joint-scaling,release,standard_hl_shared_origin_v1,kdd_cup_2018/H/short,Granite-FlowState-r1.1,flowstate,granite-timeseries-flowstate-r1.1,18.524928,18.524928,720,controlled,shared_origin_v1:Hmax=720,720,720,128,controlled,8064,10200,128,128,16,16,100,[],merged,2,270,341362,14548303.999882698,,100,,float32,native_horizon,720,,continuous_decoder,3815.1633002501744,3815.1633002501744,23.327000025815703,1.019561407799247,1.0633555932022831,0.6016684533780305,8.498528131946308,61.76700818600634,1.4493036060121856,0.5473456825535612,0.4387428486951034,1.019561407799247,1.3355336656461645,0.7634112370398074,-0.2699584190520594,0.4387428486951034,0.9362833367919572,0.4686005095406203,-0.7580046655410851,Nature,1
kdd_cup_2018/H/short|H=720|L=256|Hsrc=controlled|Lsrc=controlled|origins=shared_origin_v1:Hmax=720,joint-scaling,release,standard_hl_shared_origin_v1,kdd_cup_2018/H/short,Granite-FlowState-r1.1,flowstate,granite-timeseries-flowstate-r1.1,18.524928,18.524928,720,controlled,shared_origin_v1:Hmax=720,720,720,256,controlled,8064,10200,256,256,16,16,100,[],merged,2,270,341362,14548303.999882698,,100,,float32,native_horizon,720,,continuous_decoder,3932.619881899567,3932.619881899567,23.267767611802135,1.014726335421702,1.030635549196313,0.6004448808879943,9.012918518454528,62.71060422208964,1.4714441819908057,0.5459558507688623,0.439984324248762,1.014726335421702,1.3355336656461645,0.7597909072031906,-0.27471200565585346,0.439984324248762,0.9362833367919572,0.4699264709295225,-0.7551790413476049,Nature,1
kdd_cup_2018/H/short|H=720|L=512|Hsrc=controlled|Lsrc=controlled|origins=shared_origin_v1:Hmax=720,joint-scaling,release,standard_hl_shared_origin_v1,kdd_cup_2018/H/short,Granite-FlowState-r1.1,flowstate,granite-timeseries-flowstate-r1.1,18.524928,18.524928,720,controlled,shared_origin_v1:Hmax=720,720,720,512,controlled,8064,10200,512,512,16,16,100,[],merged,2,270,341362,14548303.999882698,,100,,float32,native_horizon,720,,continuous_decoder,3956.8474969387335,3956.8474969387335,23.5042373455452,1.007574802938117,1.019328679510133,0.6002362211202843,8.452389371400228,62.90347762197837,1.4759697713332711,0.5515043862717395,0.44070049619390544,1.007574802938117,1.3355336656461645,0.7544360946158757,-0.28178470334631794,0.44070049619390544,0.9362833367919572,0.4706913803506357,-0.7535526431484174,Nature,1
kdd_cup_2018/H/short|H=720|L=1024|Hsrc=controlled|Lsrc=controlled|origins=shared_origin_v1:Hmax=720,joint-scaling,release,standard_hl_shared_origin_v1,kdd_cup_2018/H/short,Granite-FlowState-r1.1,flowstate,granite-timeseries-flowstate-r1.1,18.524928,18.524928,720,controlled,shared_origin_v1:Hmax=720,720,720,1024,controlled,8064,10200,1024,1024,16,16,100,[],merged,2,270,341362,14548303.999882698,,100,,float32,native_horizon,720,,continuous_decoder,4099.3187063879395,4099.3187063879395,24.127973589071132,1.028416823834082,1.0326369702473284,0.6138063595359362,8.829320092628583,64.02592214398743,1.5023068554995866,0.5661397589972624,0.45417898333729734,1.028416823834082,1.3355336656461645,0.7700418568905999,-0.26131040601365524,0.45417898333729734,0.9362833367919572,0.48508711571593016,-0.7234267841415548,Nature,1
kdd_cup_2018/H/short|H=720|L=2048|Hsrc=controlled|Lsrc=controlled|origins=shared_origin_v1:Hmax=720,joint-scaling,release,standard_hl_shared_origin_v1,kdd_cup_2018/H/short,Granite-FlowState-r1.1,flowstate,granite-timeseries-flowstate-r1.1,18.524928,18.524928,720,controlled,shared_origin_v1:Hmax=720,720,720,2048,controlled,8064,10200,2048,2048,16,16,100,[],merged,2,270,341362,14548303.999882698,,100,,float32,native_horizon,720,,continuous_decoder,4070.3965416478695,4070.3965416478695,24.040265951174998,1.026660691645058,1.0316138855195414,0.6137218391418054,8.922327285503735,63.799659416393986,1.4969978176064154,0.5640817833949008,0.45260291964159993,1.026660691645058,1.3355336656461645,0.7687269277097062,-0.2630194730471421,0.45260291964159993,0.9362833367919572,0.48340379653917587,-0.726902956918242,Nature,1
kdd_cup_2018/H/short|H=720|L=4096|Hsrc=controlled|Lsrc=controlled|origins=shared_origin_v1:Hmax=720,joint-scaling,release,standard_hl_shared_origin_v1,kdd_cup_2018/H/short,Granite-FlowState-r1.1,flowstate,granite-timeseries-flowstate-r1.1,18.524928,18.524928,720,controlled,shared_origin_v1:Hmax=720,720,720,4096,controlled,8064,10200,3382,3382,16,16,100,[],merged,2,270,341362,14548303.999882698,,100,,float32,native_horizon,720,,continuous_decoder,4053.3435121659704,4053.3435121659704,24.065086101777585,1.031135746405251,1.0344212095175742,0.6159803963207039,8.998375702284253,63.66587399985938,1.4938586711217492,0.5646641644236494,0.45332488819221434,1.031135746405251,1.3355336656461645,0.7720776891882856,-0.258670100357006,0.45332488819221434,0.9362833367919572,0.4841748970407485,-0.7253090800172027,Nature,1
loop_seattle/5T/short|H=48|L=128|Hsrc=controlled|Lsrc=controlled|origins=shared_origin_v1:Hmax=720,joint-scaling,release,standard_hl_shared_origin_v1,loop_seattle/5T/short,Granite-FlowState-r1.1,flowstate,granite-timeseries-flowstate-r1.1,18.524928,18.524928,48,controlled,shared_origin_v1:Hmax=720,720,720,128,controlled,94320,104400,128,128,16,16,100,[],merged,2,323,232560,13486058.610530853,,100,,float32,native_horizon,48,,continuous_decoder,75.51651156556373,75.51651156556373,5.03570327785034,0.79503704677473,0.15994338831788368,0.10612532540535574,7.6152053955988155,8.690023680379918,0.14985489574626748,0.08683805907401264,0.07101136262153313,0.79503704677473,1.0786574227120576,0.7370616750365249,-0.3050837063910841,0.07101136262153313,0.10341127324220856,0.6866887950911428,-0.37587408052497434,Transport,1
loop_seattle/5T/short|H=48|L=256|Hsrc=controlled|Lsrc=controlled|origins=shared_origin_v1:Hmax=720,joint-scaling,release,standard_hl_shared_origin_v1,loop_seattle/5T/short,Granite-FlowState-r1.1,flowstate,granite-timeseries-flowstate-r1.1,18.524928,18.524928,48,controlled,shared_origin_v1:Hmax=720,720,720,256,controlled,94320,104400,256,256,16,16,100,[],merged,2,323,232560,13486058.610530853,,100,,float32,native_horizon,48,,continuous_decoder,58.17476387142028,58.17476387142028,4.5111403962283925,0.7138175091700474,0.12516109858914098,0.09663869223317453,5.953421147045878,7.627238285999742,0.1315277196264742,0.07779224759765291,0.0623195789818073,0.7138175091700474,1.0786574227120576,0.6617647958842235,-0.4128450794029695,0.0623195789818073,0.10341127324220856,0.6026381556664832,-0.5064383358927129,Transport,1
loop_seattle/5T/short|H=48|L=512|Hsrc=controlled|Lsrc=controlled|origins=shared_origin_v1:Hmax=720,joint-scaling,release,standard_hl_shared_origin_v1,loop_seattle/5T/short,Granite-FlowState-r1.1,flowstate,granite-timeseries-flowstate-r1.1,18.524928,18.524928,48,controlled,shared_origin_v1:Hmax=720,720,720,512,controlled,94320,104400,512,512,16,16,100,[],merged,2,323,232560,13486058.610530853,,100,,float32,native_horizon,48,,continuous_decoder,54.837355480843655,54.837355480843655,4.323020684682179,0.6840964464665092,0.11571717900347374,0.09215781681308806,6.000264384154342,7.405224877128557,0.12769921495671357,0.07454822194266834,0.06018866537394285,0.6840964464665092,1.0786574227120576,0.6342110405604889,-0.45537350838784046,0.06018866537394285,0.10341127324220856,0.5820319534502755,-0.5412299299222799,Transport,1
loop_seattle/5T/short|H=48|L=1024|Hsrc=controlled|Lsrc=controlled|origins=shared_origin_v1:Hmax=720,joint-scaling,release,standard_hl_shared_origin_v1,loop_seattle/5T/short,Granite-FlowState-r1.1,flowstate,granite-timeseries-flowstate-r1.1,18.524928,18.524928,48,controlled,shared_origin_v1:Hmax=720,720,720,1024,controlled,94320,104400,1024,1024,16,16,100,[],merged,2,323,232560,13486058.610530853,,100,,float32,native_horizon,48,,continuous_decoder,51.843097077098385,51.843097077098385,4.172881128962687,0.6574331922187967,0.11281705908156935,0.08881683008425581,5.8778342927011655,7.200215071586292,0.12416392849876508,0.0719591441337628,0.058166916310482125,0.6574331922187967,1.0786574227120576,0.6094921134143025,-0.4951292695796326,0.058166916310482125,0.10341127324220856,0.5624813860887712,-0.5753972368488344,Transport,1
loop_seattle/5T/short|H=48|L=2048|Hsrc=controlled|Lsrc=controlled|origins=shared_origin_v1:Hmax=720,joint-scaling,release,standard_hl_shared_origin_v1,loop_seattle/5T/short,Granite-FlowState-r1.1,flowstate,granite-timeseries-flowstate-r1.1,18.524928,18.524928,48,controlled,shared_origin_v1:Hmax=720,720,720,2048,controlled,94320,104400,2048,2048,16,16,100,[],merged,2,323,232560,13486058.610530853,,100,,float32,native_horizon,48,,continuous_decoder,48.9489465756149,48.9489465756149,4.0292153814136675,0.6363955959038418,0.10458890660997515,0.08582797344090974,5.610758716940374,6.996352376461244,0.12064842335768111,0.06948170374773997,0.055878829128560535,0.6363955959038418,1.0786574227120576,0.5899886122359022,-0.5276520435637254,0.055878829128560535,0.10341127324220856,0.5403552956715063,-0.6155284008340423,Transport,1
loop_seattle/5T/short|H=48|L=4096|Hsrc=controlled|Lsrc=controlled|origins=shared_origin_v1:Hmax=720,joint-scaling,release,standard_hl_shared_origin_v1,loop_seattle/5T/short,Granite-FlowState-r1.1,flowstate,granite-timeseries-flowstate-r1.1,18.524928,18.524928,48,controlled,shared_origin_v1:Hmax=720,720,720,4096,controlled,94320,104400,4096,4096,16,16,100,[],merged,2,323,232560,13486058.610530853,,100,,float32,native_horizon,48,,continuous_decoder,43.64653478201862,43.64653478201862,3.8399852499422193,0.6076003180226228,0.098939960782865,0.08181298810016013,4.956333099201967,6.606552412720164,0.11392652764407073,0.06621852948416114,0.052852679357065876,0.6076003180226228,1.0786574227120576,0.5632931320260509,-0.5739551255469719,0.052852679357065876,0.10341127324220856,0.5110920473174623,-0.6712055732634892,Transport,1
loop_seattle/5T/short|H=96|L=128|Hsrc=controlled|Lsrc=controlled|origins=shared_origin_v1:Hmax=720,joint-scaling,release,standard_hl_shared_origin_v1,loop_seattle/5T/short,Granite-FlowState-r1.1,flowstate,granite-timeseries-flowstate-r1.1,18.524928,18.524928,96,controlled,shared_origin_v1:Hmax=720,720,720,128,controlled,94320,104400,128,128,16,16,100,[],merged,2,323,465120,26184961.315769076,,100,,float32,native_horizon,96,,continuous_decoder,139.0613589638158,139.0613589638158,6.975205180585117,1.0995025473826743,0.2904181506324561,0.15568998131425593,10.406897185866102,11.792428035134062,0.2094673374368687,0.1238996458490075,0.10115789804236228,1.0995025473826743,1.184716577264144,0.9280722229123748,-0.07464572281005775,0.10115789804236228,0.11731650359111231,0.8622648557182693,-0.14819279829850535,Transport,1
loop_seattle/5T/short|H=96|L=256|Hsrc=controlled|Lsrc=controlled|origins=shared_origin_v1:Hmax=720,joint-scaling,release,standard_hl_shared_origin_v1,loop_seattle/5T/short,Granite-FlowState-r1.1,flowstate,granite-timeseries-flowstate-r1.1,18.524928,18.524928,96,controlled,shared_origin_v1:Hmax=720,720,720,256,controlled,94320,104400,256,256,16,16,100,[],merged,2,323,465120,26184961.315769076,,100,,float32,native_horizon,96,,continuous_decoder,97.06713432151918,97.06713432151918,5.732099835291161,0.9076879383216713,0.18515126320517755,0.13337429638453518,8.127292079822718,9.852265441081009,0.1750044862275943,0.10181853023342222,0.08177821503497426,0.9076879383216713,1.184716577264144,0.7661646302086761,-0.2663582103905166,0.08177821503497426,0.11731650359111231,0.6970734085291103,-0.3608645530657125,Transport,1
loop_seattle/5T/short|H=96|L=512|Hsrc=controlled|Lsrc=controlled|origins=shared_origin_v1:Hmax=720,joint-scaling,release,standard_hl_shared_origin_v1,loop_seattle/5T/short,Granite-FlowState-r1.1,flowstate,granite-timeseries-flowstate-r1.1,18.524928,18.524928,96,controlled,shared_origin_v1:Hmax=720,720,720,512,controlled,94320,104400,512,512,16,16,100,[],merged,2,323,465120,26184961.315769076,,100,,float32,native_horizon,96,,continuous_decoder,86.23172218997249,86.23172218997249,5.363205706659034,0.8488061256009627,0.17541953363408738,0.12525126572363887,7.429188368527555,9.286103714151189,0.16494783045277694,0.09526591268168094,0.07670070611779796,0.8488061256009627,1.184716577264144,0.7164634494784429,-0.3334280456062444,0.07670070611779796,0.11731650359111231,0.6537929768613447,-0.4249645267788682,Transport,1
loop_seattle/5T/short|H=96|L=1024|Hsrc=controlled|Lsrc=controlled|origins=shared_origin_v1:Hmax=720,joint-scaling,release,standard_hl_shared_origin_v1,loop_seattle/5T/short,Granite-FlowState-r1.1,flowstate,granite-timeseries-flowstate-r1.1,18.524928,18.524928,96,controlled,shared_origin_v1:Hmax=720,720,720,1024,controlled,94320,104400,1024,1024,16,16,100,[],merged,2,323,465120,26184961.315769076,,100,,float32,native_horizon,96,,continuous_decoder,72.71737532115368,72.71737532115368,4.927771369821229,0.7796584385817746,0.15561392403239435,0.11684913458100782,6.913074044015207,8.527448347609834,0.15147193565077804,0.08753135022395322,0.07058590973068841,0.7796584385817746,1.184716577264144,0.6580970111705817,-0.41840292513411215,0.07058590973068841,0.11731650359111231,0.6016707587596045,-0.5080448956438933,Transport,1
loop_seattle/5T/short|H=96|L=2048|Hsrc=controlled|Lsrc=controlled|origins=shared_origin_v1:Hmax=720,joint-scaling,release,standard_hl_shared_origin_v1,loop_seattle/5T/short,Granite-FlowState-r1.1,flowstate,granite-timeseries-flowstate-r1.1,18.524928,18.524928,96,controlled,shared_origin_v1:Hmax=720,720,720,2048,controlled,94320,104400,2048,2048,16,16,100,[],merged,2,323,465120,26184961.315769076,,100,,float32,native_horizon,96,,continuous_decoder,76.34982074518403,76.34982074518403,4.923716498060984,0.773768725460965,0.14908791428215937,0.11580409793702852,6.959704978722457,8.737838448105117,0.15520906714248794,0.08745932407389016,0.07039108067763786,0.773768725460965,1.184716577264144,0.653125600088945,-0.42598582503291244,0.07039108067763786,0.11731650359111231,0.6000100456707658,-0.5108088811215399,Transport,1
loop_seattle/5T/short|H=96|L=4096|Hsrc=controlled|Lsrc=controlled|origins=shared_origin_v1:Hmax=720,joint-scaling,release,standard_hl_shared_origin_v1,loop_seattle/5T/short,Granite-FlowState-r1.1,flowstate,granite-timeseries-flowstate-r1.1,18.524928,18.524928,96,controlled,shared_origin_v1:Hmax=720,720,720,4096,controlled,94320,104400,4096,4096,16,16,100,[],merged,2,323,465120,26184961.315769076,,100,,float32,native_horizon,96,,continuous_decoder,67.3839833839923,67.3839833839923,4.617771014570165,0.7300347130673536,0.13605818832129762,0.10937687946341888,6.1697726889569156,8.208774779709351,0.1458113792682635,0.08202485496907795,0.06564724202768553,0.7300347130673536,1.184716577264144,0.6162104313195453,-0.484166764498808,0.06564724202768553,0.11731650359111231,0.5595738026466281,-0.5805798517136809,Transport,1
loop_seattle/5T/short|H=192|L=128|Hsrc=controlled|Lsrc=controlled|origins=shared_origin_v1:Hmax=720,joint-scaling,release,standard_hl_shared_origin_v1,loop_seattle/5T/short,Granite-FlowState-r1.1,flowstate,granite-timeseries-flowstate-r1.1,18.524928,18.524928,192,controlled,shared_origin_v1:Hmax=720,720,720,128,controlled,94320,104400,128,128,16,16,100,[],merged,2,323,930240,53017427.57837188,,100,,float32,native_horizon,192,,continuous_decoder,129.98496469996988,129.98496469996988,6.934494340842148,1.0977312094297513,0.2547607652830184,0.14802631093416585,10.589435052376581,11.401094890402845,0.2000427971570407,0.12167214273248783,0.09958896785067596,1.0977312094297513,1.0971770242236139,1.0005051009945543,0.0005049734739856068,0.09958896785067596,0.10738030835162748,0.9274416266766714,-0.07532542267877129,Transport,1
loop_seattle/5T/short|H=192|L=256|Hsrc=controlled|Lsrc=controlled|origins=shared_origin_v1:Hmax=720,joint-scaling,release,standard_hl_shared_origin_v1,loop_seattle/5T/short,Granite-FlowState-r1.1,flowstate,granite-timeseries-flowstate-r1.1,18.524928,18.524928,192,controlled,shared_origin_v1:Hmax=720,720,720,256,controlled,94320,104400,256,256,16,16,100,[],merged,2,323,930240,53017427.57837188,,100,,float32,native_horizon,192,,continuous_decoder,93.28331657018619,93.28331657018619,5.653562420719385,0.9001428635493202,0.17768903259235352,0.12471548447216914,9.40575539138275,9.658328870471651,0.1694643489668809,0.09919700269266638,0.0809221762252421,0.9001428635493202,1.0971770242236139,0.8204171648474691,-0.19794233046808324,0.0809221762252421,0.10738030835162748,0.7536035001897592,-0.28288891110529335,Transport,1
loop_seattle/5T/short|H=192|L=512|Hsrc=controlled|Lsrc=controlled|origins=shared_origin_v1:Hmax=720,joint-scaling,release,standard_hl_shared_origin_v1,loop_seattle/5T/short,Granite-FlowState-r1.1,flowstate,granite-timeseries-flowstate-r1.1,18.524928,18.524928,192,controlled,shared_origin_v1:Hmax=720,720,720,512,controlled,94320,104400,512,512,16,16,100,[],merged,2,323,930240,53017427.57837188,,100,,float32,native_horizon,192,,continuous_decoder,84.13989823862659,84.13989823862659,5.31211232282798,0.8413977701292038,0.17141523449782617,0.11859538193457636,7.776271488184629,9.172780289455678,0.1609449482219727,0.09320594364716724,0.0753810378412528,0.8413977701292038,1.0971770242236139,0.7668751273064572,-0.26543129751018474,0.0753810378412528,0.10738030835162748,0.7020005715983801,-0.3538210607139507,Transport,1
loop_seattle/5T/short|H=192|L=1024|Hsrc=controlled|Lsrc=controlled|origins=shared_origin_v1:Hmax=720,joint-scaling,release,standard_hl_shared_origin_v1,loop_seattle/5T/short,Granite-FlowState-r1.1,flowstate,granite-timeseries-flowstate-r1.1,18.524928,18.524928,192,controlled,shared_origin_v1:Hmax=720,720,720,1024,controlled,94320,104400,1024,1024,16,16,100,[],merged,2,323,930240,53017427.57837188,,100,,float32,native_horizon,192,,continuous_decoder,68.7267916747291,68.7267916747291,4.840015345502236,0.7688077078477106,0.1482967720517269,0.10950595565706665,7.215988524705078,8.290162343086479,0.14545859673468506,0.08492256378045614,0.06886517191120693,0.7688077078477106,1.0971770242236139,0.7007143704925243,-0.3556549350496823,0.06886517191120693,0.10738030835162748,0.641320303213333,-0.4442262538659205,Transport,1
loop_seattle/5T/short|H=192|L=2048|Hsrc=controlled|Lsrc=controlled|origins=shared_origin_v1:Hmax=720,joint-scaling,release,standard_hl_shared_origin_v1,loop_seattle/5T/short,Granite-FlowState-r1.1,flowstate,granite-timeseries-flowstate-r1.1,18.524928,18.524928,192,controlled,shared_origin_v1:Hmax=720,720,720,2048,controlled,94320,104400,2048,2048,16,16,100,[],merged,2,323,930240,53017427.57837188,,100,,float32,native_horizon,192,,continuous_decoder,68.93023399875301,68.93023399875301,4.743785012805835,0.748268071766615,0.1429456085530515,0.1074692464014243,7.072757170143606,8.30242338108296,0.14567372803220013,0.08323411323171585,0.06734723998100701,0.748268071766615,1.0971770242236139,0.6819939310122773,-0.3827345199872471,0.06734723998100701,0.10738030835162748,0.6271842669744604,-0.46651489480383246,Transport,1
loop_seattle/5T/short|H=192|L=4096|Hsrc=controlled|Lsrc=controlled|origins=shared_origin_v1:Hmax=720,joint-scaling,release,standard_hl_shared_origin_v1,loop_seattle/5T/short,Granite-FlowState-r1.1,flowstate,granite-timeseries-flowstate-r1.1,18.524928,18.524928,192,controlled,shared_origin_v1:Hmax=720,720,720,4096,controlled,94320,104400,4096,4096,16,16,100,[],merged,2,323,930240,53017427.57837188,,100,,float32,native_horizon,192,,continuous_decoder,68.34735380788828,68.34735380788828,4.7169756847023345,0.7452341164156018,0.13944157251673628,0.10709180894240834,6.8117428303162635,8.267245841747316,0.1450565054379274,0.0827637186744142,0.0667240503744263,0.7452341164156018,1.0971770242236139,0.6792286932393116,-0.3867973992364034,0.0667240503744263,0.10738030835162748,0.6213806925933922,-0.4758113533243848,Transport,1
loop_seattle/5T/short|H=336|L=128|Hsrc=controlled|Lsrc=controlled|origins=shared_origin_v1:Hmax=720,joint-scaling,release,standard_hl_shared_origin_v1,loop_seattle/5T/short,Granite-FlowState-r1.1,flowstate,granite-timeseries-flowstate-r1.1,18.524928,18.524928,336,controlled,shared_origin_v1:Hmax=720,720,720,128,controlled,94320,104400,128,128,16,16,100,[],merged,2,323,1627920,92063261.14741683,,100,,float32,native_horizon,336,,continuous_decoder,128.90247317128606,128.90247317128606,6.930996426805371,1.0965815782189212,0.2505444378529235,0.14945569712088508,10.808876456922606,11.353522500584832,0.20076006562005932,0.12255820142041089,0.10028254537687034,1.0965815782189212,1.1369492698328763,0.9644947292856005,-0.03615091136294839,0.10028254537687034,0.11269141332273826,0.8898863047326417,-0.11666157190777107,Transport,1
loop_seattle/5T/short|H=336|L=256|Hsrc=controlled|Lsrc=controlled|origins=shared_origin_v1:Hmax=720,joint-scaling,release,standard_hl_shared_origin_v1,loop_seattle/5T/short,Granite-FlowState-r1.1,flowstate,granite-timeseries-flowstate-r1.1,18.524928,18.524928,336,controlled,shared_origin_v1:Hmax=720,720,720,256,controlled,94320,104400,256,256,16,16,100,[],merged,2,323,1627920,92063261.14741683,,100,,float32,native_horizon,336,,continuous_decoder,103.60168965612561,103.60168965612561,6.034582631709482,0.9576929746767414,0.19850810090003654,0.13311235676339478,9.873485985174824,10.178491521641387,0.17998243502777952,0.10670725363597597,0.08714141126853445,0.9576929746767414,1.1369492698328763,0.8423357137275929,-0.17157663431322454,0.08714141126853445,0.11269141332273826,0.7732746329036547,-0.2571210115989094,Transport,1
loop_seattle/5T/short|H=336|L=512|Hsrc=controlled|Lsrc=controlled|origins=shared_origin_v1:Hmax=720,joint-scaling,release,standard_hl_shared_origin_v1,loop_seattle/5T/short,Granite-FlowState-r1.1,flowstate,granite-timeseries-flowstate-r1.1,18.524928,18.524928,336,controlled,shared_origin_v1:Hmax=720,720,720,512,controlled,94320,104400,512,512,16,16,100,[],merged,2,323,1627920,92063261.14741683,,100,,float32,native_horizon,336,,continuous_decoder,96.6773804532778,96.6773804532778,5.763064600840337,0.9171712242613214,0.19126180462933529,0.1285854372030816,8.76669778045278,9.832465634482421,0.1738637894877108,0.10190610247856988,0.08279943077166826,0.9171712242613214,1.1369492698328763,0.8066949410998252,-0.21480969816358833,0.08279943077166826,0.11269141332273826,0.734744807348702,-0.30823204094360296,Transport,1
loop_seattle/5T/short|H=336|L=1024|Hsrc=controlled|Lsrc=controlled|origins=shared_origin_v1:Hmax=720,joint-scaling,release,standard_hl_shared_origin_v1,loop_seattle/5T/short,Granite-FlowState-r1.1,flowstate,granite-timeseries-flowstate-r1.1,18.524928,18.524928,336,controlled,shared_origin_v1:Hmax=720,720,720,1024,controlled,94320,104400,1024,1024,16,16,100,[],merged,2,323,1627920,92063261.14741683,,100,,float32,native_horizon,336,,continuous_decoder,82.59776770357266,82.59776770357266,5.329366432702467,0.8484052699844418,0.17007011943346417,0.11987346589369026,8.782823784336959,9.08833140370512,0.1607055439305907,0.0942371809883299,0.07714462268922216,0.8484052699844418,1.1369492698328763,0.7462120716337252,-0.2927454408484139,0.07714462268922216,0.11269141332273826,0.6845652247548514,-0.3789713506196307,Transport,1
loop_seattle/5T/short|H=336|L=2048|Hsrc=controlled|Lsrc=controlled|origins=shared_origin_v1:Hmax=720,joint-scaling,release,standard_hl_shared_origin_v1,loop_seattle/5T/short,Granite-FlowState-r1.1,flowstate,granite-timeseries-flowstate-r1.1,18.524928,18.524928,336,controlled,shared_origin_v1:Hmax=720,720,720,2048,controlled,94320,104400,2048,2048,16,16,100,[],merged,2,323,1627920,92063261.14741683,,100,,float32,native_horizon,336,,continuous_decoder,81.2469292102806,81.2469292102806,5.198774025097978,0.820265360911447,0.1585147034888174,0.11795050551530577,8.419468329376405,9.01370785028451,0.1593860037191055,0.09192796459149727,0.07497705321037937,0.820265360911447,1.1369492698328763,0.7214617069344003,-0.3264759764186944,0.07497705321037937,0.11269141332273826,0.6653306671702813,-0.40747111804596275,Transport,1
loop_seattle/5T/short|H=336|L=4096|Hsrc=controlled|Lsrc=controlled|origins=shared_origin_v1:Hmax=720,joint-scaling,release,standard_hl_shared_origin_v1,loop_seattle/5T/short,Granite-FlowState-r1.1,flowstate,granite-timeseries-flowstate-r1.1,18.524928,18.524928,336,controlled,shared_origin_v1:Hmax=720,720,720,4096,controlled,94320,104400,4096,4096,16,16,100,[],merged,2,323,1627920,92063261.14741683,,100,,float32,native_horizon,336,,continuous_decoder,79.94703048982751,79.94703048982751,5.122543966188449,0.8078444824785282,0.15651017401375297,0.11618156779913172,7.896498635184802,8.941310334052135,0.1581058256854783,0.09058001714803998,0.07350942777256803,0.8078444824785282,1.1369492698328763,0.7105369640610929,-0.34173430737799954,0.07350942777256803,0.11269141332273826,0.6523072664111818,-0.42723956056532464,Transport,1
loop_seattle/5T/short|H=720|L=128|Hsrc=controlled|Lsrc=controlled|origins=shared_origin_v1:Hmax=720,joint-scaling,release,standard_hl_shared_origin_v1,loop_seattle/5T/short,Granite-FlowState-r1.1,flowstate,granite-timeseries-flowstate-r1.1,18.524928,18.524928,720,controlled,shared_origin_v1:Hmax=720,720,720,128,controlled,94320,104400,128,128,16,16,100,[],merged,2,323,3488400,197305397.9755218,,100,,float32,native_horizon,720,,continuous_decoder,150.6085304867561,150.6085304867561,7.682472229388831,1.2176924567785392,0.2816065617699017,0.16337981453374936,11.79521091937528,12.272266721627105,0.21697619867975015,0.1358276884463385,0.11126466471734803,1.2176924567785392,1.2506857542723633,0.9736198342540335,-0.026734365439464867,0.11126466471734803,0.12716656793492073,0.8749521711892805,-0.1335860556164819,Transport,1
loop_seattle/5T/short|H=720|L=256|Hsrc=controlled|Lsrc=controlled|origins=shared_origin_v1:Hmax=720,joint-scaling,release,standard_hl_shared_origin_v1,loop_seattle/5T/short,Granite-FlowState-r1.1,flowstate,granite-timeseries-flowstate-r1.1,18.524928,18.524928,720,controlled,shared_origin_v1:Hmax=720,720,720,256,controlled,94320,104400,256,256,16,16,100,[],merged,2,323,3488400,197305397.9755218,,100,,float32,native_horizon,720,,continuous_decoder,126.22954742862058,126.22954742862058,6.794155289674349,1.0760429806685525,0.2344073965735097,0.14782735629716526,10.650125333494904,11.235192362777799,0.19864051080435435,0.12012206232411529,0.09765116326922388,1.0760429806685525,1.2506857542723633,0.8603623867888252,-0.150401598503192,0.09765116326922388,0.12716656793492073,0.7678996520468983,-0.2640962157686768,Transport,1
loop_seattle/5T/short|H=720|L=512|Hsrc=controlled|Lsrc=controlled|origins=shared_origin_v1:Hmax=720,joint-scaling,release,standard_hl_shared_origin_v1,loop_seattle/5T/short,Granite-FlowState-r1.1,flowstate,granite-timeseries-flowstate-r1.1,18.524928,18.524928,720,controlled,shared_origin_v1:Hmax=720,720,720,512,controlled,94320,104400,512,512,16,16,100,[],merged,2,323,3488400,197305397.9755218,,100,,float32,native_horizon,720,,continuous_decoder,122.21669676642587,122.21669676642587,6.665021652118449,1.0561095061174488,0.22625481870493994,0.14695840421557876,10.055238526901466,11.055166066885919,0.19545760888158412,0.11783895306368904,0.09568147396934926,1.0561095061174488,1.2506857542723633,0.8444243508089552,-0.16910012542170008,0.09568147396934926,0.12716656793492073,0.7524106022765008,-0.28447309037796015,Transport,1
loop_seattle/5T/short|H=720|L=1024|Hsrc=controlled|Lsrc=controlled|origins=shared_origin_v1:Hmax=720,joint-scaling,release,standard_hl_shared_origin_v1,loop_seattle/5T/short,Granite-FlowState-r1.1,flowstate,granite-timeseries-flowstate-r1.1,18.524928,18.524928,720,controlled,shared_origin_v1:Hmax=720,720,720,1024,controlled,94320,104400,1024,1024,16,16,100,[],merged,2,323,3488400,197305397.9755218,,100,,float32,native_horizon,720,,continuous_decoder,108.62040813840156,108.62040813840156,6.193128914760349,0.9816112185353876,0.1908883297813826,0.1386710196259836,10.449428392707187,10.422111500958026,0.18426507400700945,0.10949579245130567,0.09003268633863704,0.9816112185353876,1.2506857542723633,0.7848583988281528,-0.24225196112922154,0.09003268633863704,0.12716656793492073,0.7079902194475558,-0.3453249997234466,Transport,1
loop_seattle/5T/short|H=720|L=2048|Hsrc=controlled|Lsrc=controlled|origins=shared_origin_v1:Hmax=720,joint-scaling,release,standard_hl_shared_origin_v1,loop_seattle/5T/short,Granite-FlowState-r1.1,flowstate,granite-timeseries-flowstate-r1.1,18.524928,18.524928,720,controlled,shared_origin_v1:Hmax=720,720,720,2048,controlled,94320,104400,2048,2048,16,16,100,[],merged,2,323,3488400,197305397.9755218,,100,,float32,native_horizon,720,,continuous_decoder,95.22231141067539,95.22231141067539,5.577510938037496,0.8803945563766191,0.17092431357879867,0.12595805179196587,9.78502132689764,9.758192015464514,0.17252684100903087,0.09861154005864468,0.08127367961242592,0.8803945563766191,1.2506857542723633,0.7039294669897508,-0.35107711677835435,0.08127367961242592,0.12716656793492073,0.6391120003648982,-0.4476755655269112,Transport,1
loop_seattle/5T/short|H=720|L=4096|Hsrc=controlled|Lsrc=controlled|origins=shared_origin_v1:Hmax=720,joint-scaling,release,standard_hl_shared_origin_v1,loop_seattle/5T/short,Granite-FlowState-r1.1,flowstate,granite-timeseries-flowstate-r1.1,18.524928,18.524928,720,controlled,shared_origin_v1:Hmax=720,720,720,4096,controlled,94320,104400,4096,4096,16,16,100,[],merged,2,323,3488400,197305397.9755218,,100,,float32,native_horizon,720,,continuous_decoder,84.90275488046096,84.90275488046096,5.255916147983316,0.8298079917020855,0.15942154782748716,0.11966333312953288,8.4195651376587,9.214269090951325,0.16291017187914114,0.092925678054179,0.07576575222920064,0.8298079917020855,1.2506857542723633,0.6634824046467689,-0.4102529445565829,0.07576575222920064,0.12716656793492073,0.595799300551815,-0.5178514126683724,Transport,1
loop_seattle/H/short|H=48|L=128|Hsrc=controlled|Lsrc=controlled|origins=shared_origin_v1:Hmax=720,joint-scaling,release,standard_hl_shared_origin_v1,loop_seattle/H/short,Granite-FlowState-r1.1,flowstate,granite-timeseries-flowstate-r1.1,18.524928,18.524928,48,controlled,shared_origin_v1:Hmax=720,720,720,128,controlled,7320,8040,128,128,16,16,100,[],merged,2,323,31008,1656976.6854760647,,100,,float32,native_horizon,48,,continuous_decoder,96.04380623548762,96.04380623548762,5.3167581942059305,1.1048950294816695,0.21743446483946682,0.12974224346464017,9.474457239767851,9.800194193764103,0.1833969205625416,0.09949568966842229,0.07918265492739383,1.1048950294816695,1.344619756005659,0.8217155999283261,-0.19636092928139978,0.07918265492739383,0.1135796516928088,0.697155289237493,-0.3607470964266287,Transport,1
loop_seattle/H/short|H=48|L=256|Hsrc=controlled|Lsrc=controlled|origins=shared_origin_v1:Hmax=720,joint-scaling,release,standard_hl_shared_origin_v1,loop_seattle/H/short,Granite-FlowState-r1.1,flowstate,granite-timeseries-flowstate-r1.1,18.524928,18.524928,48,controlled,shared_origin_v1:Hmax=720,720,720,256,controlled,7320,8040,256,256,16,16,100,[],merged,2,323,31008,1656976.6854760647,,100,,float32,native_horizon,48,,continuous_decoder,124.45335881062951,124.45335881062951,5.761857890000162,1.178848626779732,0.23516382349287884,0.13451204211350196,17.628485615991945,11.155866564755492,0.2087664319432183,0.10782510763076505,0.09175047891108977,1.178848626779732,1.344619756005659,0.8767152360468298,-0.13157304167830236,0.09175047891108977,0.1135796516928088,0.8078073628825794,-0.21343166115980128,Transport,1
loop_seattle/H/short|H=48|L=512|Hsrc=controlled|Lsrc=controlled|origins=shared_origin_v1:Hmax=720,joint-scaling,release,standard_hl_shared_origin_v1,loop_seattle/H/short,Granite-FlowState-r1.1,flowstate,granite-timeseries-flowstate-r1.1,18.524928,18.524928,48,controlled,shared_origin_v1:Hmax=720,720,720,512,controlled,7320,8040,512,512,16,16,100,[],merged,2,323,31008,1656976.6854760647,,100,,float32,native_horizon,48,,continuous_decoder,37.95704032023994,37.95704032023994,3.401779977898849,0.7211790282304663,0.11426159668756097,0.08760991111259342,5.458708120360435,6.1609285274412935,0.11529315617619124,0.06365955204999245,0.0502957740359834,0.7211790282304663,1.344619756005659,0.5363442155370437,-0.6229791308629998,0.0502957740359834,0.1135796516928088,0.44282380942684146,-0.8145833094332332,Transport,1
loop_seattle/H/short|H=48|L=1024|Hsrc=controlled|Lsrc=controlled|origins=shared_origin_v1:Hmax=720,joint-scaling,release,standard_hl_shared_origin_v1,loop_seattle/H/short,Granite-FlowState-r1.1,flowstate,granite-timeseries-flowstate-r1.1,18.524928,18.524928,48,controlled,shared_origin_v1:Hmax=720,720,720,1024,controlled,7320,8040,1024,1024,16,16,100,[],merged,2,323,31008,1656976.6854760647,,100,,float32,native_horizon,48,,continuous_decoder,37.77141156112938,37.77141156112938,3.3504541670697883,0.70825434717023,0.11203822262885031,0.08669444774080479,5.300914466135377,6.145845064849047,0.11501089028062372,0.06269906132242965,0.04932394306355928,0.70825434717023,1.344619756005659,0.5267320697965776,-0.6410632661812656,0.04932394306355928,0.1135796516928088,0.4342674266774687,-0.8340947441480678,Transport,1
loop_seattle/H/short|H=48|L=2048|Hsrc=controlled|Lsrc=controlled|origins=shared_origin_v1:Hmax=720,joint-scaling,release,standard_hl_shared_origin_v1,loop_seattle/H/short,Granite-FlowState-r1.1,flowstate,granite-timeseries-flowstate-r1.1,18.524928,18.524928,48,controlled,shared_origin_v1:Hmax=720,720,720,2048,controlled,7320,8040,2048,2048,16,16,100,[],merged,2,323,31008,1656976.6854760647,,100,,float32,native_horizon,48,,continuous_decoder,35.57193178978006,35.57193178978006,3.2460004021139706,0.6863617221531509,0.10592071978054303,0.08419663987292594,5.038924212838106,5.964220970904755,0.11161204951576013,0.06074435527729333,0.047691189377134485,0.6863617221531509,1.344619756005659,0.510450422201191,-0.6724617622517901,0.047691189377134485,0.1135796516928088,0.4198920199730989,-0.8677576960615313,Transport,1
loop_seattle/H/short|H=48|L=4096|Hsrc=controlled|Lsrc=controlled|origins=shared_origin_v1:Hmax=720,joint-scaling,release,standard_hl_shared_origin_v1,loop_seattle/H/short,Granite-FlowState-r1.1,flowstate,granite-timeseries-flowstate-r1.1,18.524928,18.524928,48,controlled,shared_origin_v1:Hmax=720,720,720,4096,controlled,7320,8040,4054,4054,16,16,100,[],merged,2,323,31008,1656976.6854760647,,100,,float32,native_horizon,48,,continuous_decoder,35.51367565426664,35.51367565426664,3.255105978195143,0.6890387813057409,0.10602822712208342,0.0841746025164184,5.008904823293874,5.959335168814273,0.11152061856652011,0.06091475339188351,0.047763713495725,0.6890387813057409,1.344619756005659,0.5124413636109337,-0.6685689869816501,0.047763713495725,0.1135796516928088,0.42053055088519103,-0.8662381484979638,Transport,1
loop_seattle/H/short|H=96|L=128|Hsrc=controlled|Lsrc=controlled|origins=shared_origin_v1:Hmax=720,joint-scaling,release,standard_hl_shared_origin_v1,loop_seattle/H/short,Granite-FlowState-r1.1,flowstate,granite-timeseries-flowstate-r1.1,18.524928,18.524928,96,controlled,shared_origin_v1:Hmax=720,720,720,128,controlled,7320,8040,128,128,16,16,100,[],merged,2,323,62016,3347817.30120945,,100,,float32,native_horizon,96,,continuous_decoder,90.73671109068627,90.73671109068627,5.149391859308485,1.06868766996362,0.20376628249791384,0.12261138144415352,9.809664655770652,9.525581929241188,0.1764548169072453,0.0953889226367003,0.07675459311109388,1.06868766996362,1.493892268216058,0.7153713107035495,-0.3349535554165452,0.07675459311109388,0.1278238151544749,0.6004717745150703,-0.5100396418722505,Transport,1
loop_seattle/H/short|H=96|L=256|Hsrc=controlled|Lsrc=controlled|origins=shared_origin_v1:Hmax=720,joint-scaling,release,standard_hl_shared_origin_v1,loop_seattle/H/short,Granite-FlowState-r1.1,flowstate,granite-timeseries-flowstate-r1.1,18.524928,18.524928,96,controlled,shared_origin_v1:Hmax=720,720,720,256,controlled,7320,8040,256,256,16,16,100,[],merged,2,323,62016,3347817.30120945,,100,,float32,native_horizon,96,,continuous_decoder,105.61683476844685,105.61683476844685,5.367108009424987,1.1015210850115469,0.20941442700239404,0.12395800796209597,15.927250458846123,10.277005145880139,0.19037441227651652,0.09942196373507423,0.08435243015745883,1.1015210850115469,1.493892268216058,0.7373497463287202,-0.30469294531627616,0.08435243015745883,0.1278238151544749,0.6599116921640856,-0.4156492526650365,Transport,1
loop_seattle/H/short|H=96|L=512|Hsrc=controlled|Lsrc=controlled|origins=shared_origin_v1:Hmax=720,joint-scaling,release,standard_hl_shared_origin_v1,loop_seattle/H/short,Granite-FlowState-r1.1,flowstate,granite-timeseries-flowstate-r1.1,18.524928,18.524928,96,controlled,shared_origin_v1:Hmax=720,720,720,512,controlled,7320,8040,512,512,16,16,100,[],merged,2,323,62016,3347817.30120945,,100,,float32,native_horizon,96,,continuous_decoder,41.1851578624871,41.1851578624871,3.485818963301809,0.7367548070637764,0.11579201268214806,0.08678428701079913,6.00087465918565,6.417566350454594,0.11888097795719366,0.06457238534194441,0.05126500893476461,0.7367548070637764,1.493892268216058,0.4931780040227247,-0.7068851071805602,0.05126500893476461,0.1278238151544749,0.40105991886418746,-0.9136444392366972,Transport,1
loop_seattle/H/short|H=96|L=1024|Hsrc=controlled|Lsrc=controlled|origins=shared_origin_v1:Hmax=720,joint-scaling,release,standard_hl_shared_origin_v1,loop_seattle/H/short,Granite-FlowState-r1.1,flowstate,granite-timeseries-flowstate-r1.1,18.524928,18.524928,96,controlled,shared_origin_v1:Hmax=720,720,720,1024,controlled,7320,8040,1024,1024,16,16,100,[],merged,2,323,62016,3347817.30120945,,100,,float32,native_horizon,96,,continuous_decoder,41.39523620920408,41.39523620920408,3.4086712816551374,0.7193046496134959,0.11440337626926671,0.08516058070494786,6.115534028430663,6.433912978056517,0.11918378792743743,0.06314327789833585,0.0501909492683844,0.7193046496134959,1.493892268216058,0.4814970027741416,-0.7308552725314686,0.0501909492683844,0.1278238151544749,0.3926572619329872,-0.9348181546602105,Transport,1
loop_seattle/H/short|H=96|L=2048|Hsrc=controlled|Lsrc=controlled|origins=shared_origin_v1:Hmax=720,joint-scaling,release,standard_hl_shared_origin_v1,loop_seattle/H/short,Granite-FlowState-r1.1,flowstate,granite-timeseries-flowstate-r1.1,18.524928,18.524928,96,controlled,shared_origin_v1:Hmax=720,720,720,2048,controlled,7320,8040,2048,2048,16,16,100,[],merged,2,323,62016,3347817.30120945,,100,,float32,native_horizon,96,,continuous_decoder,40.057063147010446,40.057063147010446,3.3597702483028575,0.7103658147978054,0.11026430179214083,0.08386642694227221,5.884688331254286,6.329064950449667,0.11724155073375385,0.062237420077695685,0.049372889620810254,0.7103658147978054,1.493892268216058,0.47551341546609227,-0.7433601840064755,0.049372889620810254,0.1278238151544749,0.38625736183154274,-0.9512513911937772,Transport,1
loop_seattle/H/short|H=96|L=4096|Hsrc=controlled|Lsrc=controlled|origins=shared_origin_v1:Hmax=720,joint-scaling,release,standard_hl_shared_origin_v1,loop_seattle/H/short,Granite-FlowState-r1.1,flowstate,granite-timeseries-flowstate-r1.1,18.524928,18.524928,96,controlled,shared_origin_v1:Hmax=720,720,720,4096,controlled,7320,8040,4006,4006,16,16,100,[],merged,2,323,62016,3347817.30120945,,100,,float32,native_horizon,96,,continuous_decoder,40.701571469459495,40.701571469459495,3.3891969096180823,0.7171489908448224,0.11130130992216222,0.0842380400658638,5.951617172005605,6.3797783244764465,0.11818098091189068,0.0627825286257236,0.04977384367836047,0.7171489908448224,1.493892268216058,0.48005402136608616,-0.7338566369001794,0.04977384367836047,0.1278238151544749,0.3893941329963344,-0.9431632529363451,Transport,1
loop_seattle/H/short|H=192|L=128|Hsrc=controlled|Lsrc=controlled|origins=shared_origin_v1:Hmax=720,joint-scaling,release,standard_hl_shared_origin_v1,loop_seattle/H/short,Granite-FlowState-r1.1,flowstate,granite-timeseries-flowstate-r1.1,18.524928,18.524928,192,controlled,shared_origin_v1:Hmax=720,720,720,128,controlled,7320,8040,128,128,16,16,100,[],merged,2,323,124032,6757989.810523033,,100,,float32,native_horizon,192,,continuous_decoder,91.14216794859391,91.14216794859391,5.299865344729586,1.1068804742657588,0.20441652599133944,0.1246396449574253,9.66817282603338,9.54684073128875,0.17521685927069516,0.09727047788884197,0.07786987207900622,1.1068804742657588,1.4321323015188605,0.772889818274364,-0.25761877836226116,0.07786987207900622,0.135466303338544,0.5748283533241586,-0.5536837987075294,Transport,1
loop_seattle/H/short|H=192|L=256|Hsrc=controlled|Lsrc=controlled|origins=shared_origin_v1:Hmax=720,joint-scaling,release,standard_hl_shared_origin_v1,loop_seattle/H/short,Granite-FlowState-r1.1,flowstate,granite-timeseries-flowstate-r1.1,18.524928,18.524928,192,controlled,shared_origin_v1:Hmax=720,720,720,256,controlled,7320,8040,256,256,16,16,100,[],merged,2,323,124032,6757989.810523033,,100,,float32,native_horizon,192,,continuous_decoder,81.6416766439306,81.6416766439306,4.801476162653589,0.9993061314113209,0.17591134731737576,0.11253203007212856,12.017776402095226,9.035578379048603,0.1658334636381199,0.08812334852575911,0.07301437603662404,0.9993061314113209,1.4321323015188605,0.6977750102776803,-0.3598585630265374,0.07301437603662404,0.135466303338544,0.5389855206586226,-0.6180665717760391,Transport,1
loop_seattle/H/short|H=192|L=512|Hsrc=controlled|Lsrc=controlled|origins=shared_origin_v1:Hmax=720,joint-scaling,release,standard_hl_shared_origin_v1,loop_seattle/H/short,Granite-FlowState-r1.1,flowstate,granite-timeseries-flowstate-r1.1,18.524928,18.524928,192,controlled,shared_origin_v1:Hmax=720,720,720,512,controlled,7320,8040,512,512,16,16,100,[],merged,2,323,124032,6757989.810523033,,100,,float32,native_horizon,192,,continuous_decoder,45.34386111043924,45.34386111043924,3.7234638792811534,0.7891757467054067,0.12294886995518294,0.0909257875015369,6.329361675915488,6.73378505080458,0.12358776068600688,0.06833817227067658,0.054123658343889054,0.7891757467054067,1.4321323015188605,0.551049470686779,-0.5959306903989373,0.054123658343889054,0.135466303338544,0.3995359510817133,-0.9174515276326588,Transport,1
loop_seattle/H/short|H=192|L=1024|Hsrc=controlled|Lsrc=controlled|origins=shared_origin_v1:Hmax=720,joint-scaling,release,standard_hl_shared_origin_v1,loop_seattle/H/short,Granite-FlowState-r1.1,flowstate,granite-timeseries-flowstate-r1.1,18.524928,18.524928,192,controlled,shared_origin_v1:Hmax=720,720,720,1024,controlled,7320,8040,1024,1024,16,16,100,[],merged,2,323,124032,6757989.810523033,,100,,float32,native_horizon,192,,continuous_decoder,44.321381024654926,44.321381024654926,3.620101157110665,0.7677265492823401,0.11976670382315652,0.08869492970753011,6.541397681630094,6.657430512191241,0.12218639631600695,0.06644111626501537,0.05293725905163423,0.7677265492823401,1.4321323015188605,0.5360723645909815,-0.6234861184589072,0.05293725905163423,0.135466303338544,0.3907780588013734,-0.939615504705491,Transport,1
loop_seattle/H/short|H=192|L=2048|Hsrc=controlled|Lsrc=controlled|origins=shared_origin_v1:Hmax=720,joint-scaling,release,standard_hl_shared_origin_v1,loop_seattle/H/short,Granite-FlowState-r1.1,flowstate,granite-timeseries-flowstate-r1.1,18.524928,18.524928,192,controlled,shared_origin_v1:Hmax=720,720,720,2048,controlled,7320,8040,2048,2048,16,16,100,[],merged,2,323,124032,6757989.810523033,,100,,float32,native_horizon,192,,continuous_decoder,42.229635295730134,42.229635295730134,3.5213805081551537,0.7459822345514294,0.11473609640871409,0.08645717967282385,6.135151866929442,6.498433295474389,0.11926825892060618,0.06462925802394733,0.05127616535572036,0.7459822345514294,1.4321323015188605,0.5208891900282338,-0.6522179469357996,0.05127616535572036,0.135466303338544,0.37851601536343715,-0.9714968942826523,Transport,1
loop_seattle/H/short|H=192|L=4096|Hsrc=controlled|Lsrc=controlled|origins=shared_origin_v1:Hmax=720,joint-scaling,release,standard_hl_shared_origin_v1,loop_seattle/H/short,Granite-FlowState-r1.1,flowstate,granite-timeseries-flowstate-r1.1,18.524928,18.524928,192,controlled,shared_origin_v1:Hmax=720,720,720,4096,controlled,7320,8040,3910,3910,16,16,100,[],merged,2,323,124032,6757989.810523033,,100,,float32,native_horizon,192,,continuous_decoder,43.2779824460623,43.2779824460623,3.5656154384553984,0.7552510140134331,0.11678328282815877,0.08729422621436655,6.24577649324813,6.578600340958729,0.1207395957033327,0.06544111880338455,0.05191462292355177,0.7552510140134331,1.4321323015188605,0.5273612034394064,-0.6398695696963191,0.05191462292355177,0.135466303338544,0.38322905138860897,-0.9591224231583074,Transport,1
loop_seattle/H/short|H=336|L=128|Hsrc=controlled|Lsrc=controlled|origins=shared_origin_v1:Hmax=720,joint-scaling,release,standard_hl_shared_origin_v1,loop_seattle/H/short,Granite-FlowState-r1.1,flowstate,granite-timeseries-flowstate-r1.1,18.524928,18.524928,336,controlled,shared_origin_v1:Hmax=720,720,720,128,controlled,7320,8040,128,128,16,16,100,[],merged,2,323,217056,11889516.385464072,,100,,float32,native_horizon,336,,continuous_decoder,90.6898686283724,90.6898686283724,5.399963459890535,1.126213290541195,0.19973663550535345,0.12428466355960559,9.768240417363062,9.523122840138754,0.17385492262042718,0.09858218204593952,0.0791614242065671,1.126213290541195,1.4759900186073378,0.7630222944216298,-0.2704680286990941,0.0791614242065671,0.15223418257634255,0.5199976960947595,-0.6539308980034799,Transport,1
loop_seattle/H/short|H=336|L=256|Hsrc=controlled|Lsrc=controlled|origins=shared_origin_v1:Hmax=720,joint-scaling,release,standard_hl_shared_origin_v1,loop_seattle/H/short,Granite-FlowState-r1.1,flowstate,granite-timeseries-flowstate-r1.1,18.524928,18.524928,336,controlled,shared_origin_v1:Hmax=720,720,720,256,controlled,7320,8040,256,256,16,16,100,[],merged,2,323,217056,11889516.385464072,,100,,float32,native_horizon,336,,continuous_decoder,81.58868736639393,81.58868736639393,4.856336037704556,1.009147541464805,0.17229664805503822,0.11169538648364362,11.632863858853947,9.032645646010582,0.16490073017077952,0.08865767461229303,0.07329661410301681,1.009147541464805,1.4759900186073378,0.6837089199403805,-0.3802230075768049,0.07329661410301681,0.15223418257634255,0.48147277347687634,-0.7309055945620617,Transport,1
loop_seattle/H/short|H=336|L=512|Hsrc=controlled|Lsrc=controlled|origins=shared_origin_v1:Hmax=720,joint-scaling,release,standard_hl_shared_origin_v1,loop_seattle/H/short,Granite-FlowState-r1.1,flowstate,granite-timeseries-flowstate-r1.1,18.524928,18.524928,336,controlled,shared_origin_v1:Hmax=720,720,720,512,controlled,7320,8040,512,512,16,16,100,[],merged,2,323,217056,11889516.385464072,,100,,float32,native_horizon,336,,continuous_decoder,47.08374451754386,47.08374451754386,3.834046750896082,0.810621495774516,0.12253782577998304,0.09190244307722575,6.718423911087745,6.861759578821154,0.12526885357267376,0.06999467636715127,0.055776698857555713,0.810621495774516,1.4759900186073378,0.549205269382088,-0.5992830104837886,0.055776698857555713,0.15223418257634255,0.36638748219102996,-1.0040638110915674,Transport,1
loop_seattle/H/short|H=336|L=1024|Hsrc=controlled|Lsrc=controlled|origins=shared_origin_v1:Hmax=720,joint-scaling,release,standard_hl_shared_origin_v1,loop_seattle/H/short,Granite-FlowState-r1.1,flowstate,granite-timeseries-flowstate-r1.1,18.524928,18.524928,336,controlled,shared_origin_v1:Hmax=720,720,720,1024,controlled,7320,8040,1024,1024,16,16,100,[],merged,2,323,217056,11889516.385464072,,100,,float32,native_horizon,336,,continuous_decoder,45.37103731295149,45.37103731295149,3.6959976270524657,0.7841123193368345,0.11803076124184254,0.08877598344796389,7.053155012835961,6.735802648010963,0.12296937336779665,0.06747444008053209,0.05415436236008326,0.7841123193368345,1.4759900186073378,0.5312450012884771,-0.6325319681271159,0.05415436236008326,0.15223418257634255,0.3557306344974518,-1.033581479200242,Transport,1
loop_seattle/H/short|H=336|L=2048|Hsrc=controlled|Lsrc=controlled|origins=shared_origin_v1:Hmax=720,joint-scaling,release,standard_hl_shared_origin_v1,loop_seattle/H/short,Granite-FlowState-r1.1,flowstate,granite-timeseries-flowstate-r1.1,18.524928,18.524928,336,controlled,shared_origin_v1:Hmax=720,720,720,2048,controlled,7320,8040,2048,2048,16,16,100,[],merged,2,323,217056,11889516.385464072,,100,,float32,native_horizon,336,,continuous_decoder,43.81689373940365,43.81689373940365,3.6269016189946375,0.770010271683127,0.11380405305111353,0.08707952801674741,6.724458377452305,6.619433037610068,0.12084492008170189,0.06621301761062104,0.05299028478397593,0.770010271683127,1.4759900186073378,0.5216907038501967,-0.6506803880694276,0.05299028478397593,0.15223418257634255,0.3480840103529462,-1.0553114192819508,Transport,1
loop_seattle/H/short|H=336|L=4096|Hsrc=controlled|Lsrc=controlled|origins=shared_origin_v1:Hmax=720,joint-scaling,release,standard_hl_shared_origin_v1,loop_seattle/H/short,Granite-FlowState-r1.1,flowstate,granite-timeseries-flowstate-r1.1,18.524928,18.524928,336,controlled,shared_origin_v1:Hmax=720,720,720,4096,controlled,7320,8040,3766,3766,16,16,100,[],merged,2,323,217056,11889516.385464072,,100,,float32,native_horizon,336,,continuous_decoder,44.81574973739496,44.81574973739496,3.6579336092989827,0.7759016532539138,0.11586644159874064,0.08773699106235833,6.786636710342034,6.694456642431479,0.12221455725113506,0.06677954020658927,0.05340967620418906,0.7759016532539138,1.4759900186073378,0.5256821817711285,-0.6430584660223357,0.05340967620418906,0.15223418257634255,0.3508389200132836,-1.0474280781921346,Transport,1
loop_seattle/H/short|H=720|L=128|Hsrc=controlled|Lsrc=controlled|origins=shared_origin_v1:Hmax=720,joint-scaling,release,standard_hl_shared_origin_v1,loop_seattle/H/short,Granite-FlowState-r1.1,flowstate,granite-timeseries-flowstate-r1.1,18.524928,18.524928,720,controlled,shared_origin_v1:Hmax=720,720,720,128,controlled,7320,8040,128,128,16,16,100,[],merged,2,323,465120,26026034.384654045,,100,,float32,native_horizon,720,,continuous_decoder,91.56272144822842,91.56272144822842,5.577970066864465,1.1594921215042666,0.1902659161295069,0.12359298217899413,9.730387614913518,9.568841175828368,0.17100797385888228,0.09968577614074672,0.08024715944090462,1.1594921215042666,1.546026875629892,0.7499818662802088,-0.2877062510371355,0.08024715944090462,0.1870944876868091,0.4289124732270899,-0.8465024059817531,Transport,1
loop_seattle/H/short|H=720|L=256|Hsrc=controlled|Lsrc=controlled|origins=shared_origin_v1:Hmax=720,joint-scaling,release,standard_hl_shared_origin_v1,loop_seattle/H/short,Granite-FlowState-r1.1,flowstate,granite-timeseries-flowstate-r1.1,18.524928,18.524928,720,controlled,shared_origin_v1:Hmax=720,720,720,256,controlled,7320,8040,256,256,16,16,100,[],merged,2,323,465120,26026034.384654045,,100,,float32,native_horizon,720,,continuous_decoder,80.19153498022015,80.19153498022015,4.871535134750172,1.01030491949816,0.15877927314960386,0.1101467755884906,10.511837576506524,8.954972639836493,0.16003732311583646,0.08706084024890982,0.07152021207243332,1.01030491949816,1.546026875629892,0.6534847067820442,-0.4254361482084567,0.07152021207243332,0.1870944876868091,0.382267874145796,-0.9616336749109423,Transport,1
loop_seattle/H/short|H=720|L=512|Hsrc=controlled|Lsrc=controlled|origins=shared_origin_v1:Hmax=720,joint-scaling,release,standard_hl_shared_origin_v1,loop_seattle/H/short,Granite-FlowState-r1.1,flowstate,granite-timeseries-flowstate-r1.1,18.524928,18.524928,720,controlled,shared_origin_v1:Hmax=720,720,720,512,controlled,7320,8040,512,512,16,16,100,[],merged,2,323,465120,26026034.384654045,,100,,float32,native_horizon,720,,continuous_decoder,58.48625945992432,58.48625945992432,4.219443705387857,0.882999699372642,0.12430040420516479,0.09763851789088031,7.685960628921841,7.647630970432891,0.13667338113812413,0.07540709534323807,0.060509967555818715,0.882999699372642,1.546026875629892,0.5711412351825286,-0.5601187528316376,0.060509967555818715,0.1870944876868091,0.32341929633496574,-1.1288056665351398,Transport,1
loop_seattle/H/short|H=720|L=1024|Hsrc=controlled|Lsrc=controlled|origins=shared_origin_v1:Hmax=720,joint-scaling,release,standard_hl_shared_origin_v1,loop_seattle/H/short,Granite-FlowState-r1.1,flowstate,granite-timeseries-flowstate-r1.1,18.524928,18.524928,720,controlled,shared_origin_v1:Hmax=720,720,720,1024,controlled,7320,8040,1024,1024,16,16,100,[],merged,2,323,465120,26026034.384654045,,100,,float32,native_horizon,720,,continuous_decoder,57.66131482198142,57.66131482198142,4.091425129536463,0.8571799363642723,0.1200611168304013,0.09508284918828071,8.097713157069073,7.593504778557884,0.13570607378761407,0.07311923238571007,0.059145667907032705,0.8571799363642723,1.546026875629892,0.5544405145059556,-0.5897957556633233,0.059145667907032705,0.1870944876868091,0.31612726082043036,-1.15161042235153,Transport,1
loop_seattle/H/short|H=720|L=2048|Hsrc=controlled|Lsrc=controlled|origins=shared_origin_v1:Hmax=720,joint-scaling,release,standard_hl_shared_origin_v1,loop_seattle/H/short,Granite-FlowState-r1.1,flowstate,granite-timeseries-flowstate-r1.1,18.524928,18.524928,720,controlled,shared_origin_v1:Hmax=720,720,720,2048,controlled,7320,8040,2048,2048,16,16,100,[],merged,2,323,465120,26026034.384654045,,100,,float32,native_horizon,720,,continuous_decoder,58.13876795235638,58.13876795235638,4.118798643360853,0.8664349746528207,0.11838360219876054,0.09538171831832376,8.055322934973413,7.624878225411628,0.13626675919150402,0.07360843364325961,0.0594941708385078,0.8664349746528207,1.546026875629892,0.5604268517646643,-0.5790565503126845,0.0594941708385078,0.1870944876868091,0.3179899716666124,-1.1457354323388025,Transport,1
loop_seattle/H/short|H=720|L=4096|Hsrc=controlled|Lsrc=controlled|origins=shared_origin_v1:Hmax=720,joint-scaling,release,standard_hl_shared_origin_v1,loop_seattle/H/short,Granite-FlowState-r1.1,flowstate,granite-timeseries-flowstate-r1.1,18.524928,18.524928,720,controlled,shared_origin_v1:Hmax=720,720,720,4096,controlled,7320,8040,3382,3382,16,16,100,[],merged,2,323,465120,26026034.384654045,,100,,float32,native_horizon,720,,continuous_decoder,58.52162828947368,58.52162828947368,4.13856266259245,0.8704855362387384,0.11965449608434382,0.09572721257585408,8.048431266501236,7.649943025243632,0.13671470064603217,0.07396164306768196,0.059744395096796646,0.8704855362387384,1.546026875629892,0.5630468331180075,-0.5743924693678275,0.059744395096796646,0.1870944876868091,0.3193273935296644,-1.1415383904901744,Transport,1
m_dense/H/short|H=48|L=128|Hsrc=controlled|Lsrc=controlled|origins=shared_origin_v1:Hmax=720,joint-scaling,release,standard_hl_shared_origin_v1,m_dense/H/short,Granite-FlowState-r1.1,flowstate,granite-timeseries-flowstate-r1.1,18.524928,18.524928,48,controlled,shared_origin_v1:Hmax=720,720,720,128,controlled,15360,16800,128,128,16,16,100,[],merged,2,30,4320,2481933.9528036118,,100,,float32,native_horizon,48,,continuous_decoder,59678.73333333333,59678.73333333333,100.52173032407407,0.8395240903489385,0.37969646359684195,0.24054079408998844,8.742422506045838,244.29231124481453,0.4252098583789772,0.17496592707854433,0.14397827253088283,0.8395240903489385,1.1204480776464614,0.7492753185960985,-0.2886487814362471,0.14397827253088283,0.2198618001220286,0.6548580628875567,-0.4233367647108564,Transport,1
m_dense/H/short|H=48|L=256|Hsrc=controlled|Lsrc=controlled|origins=shared_origin_v1:Hmax=720,joint-scaling,release,standard_hl_shared_origin_v1,m_dense/H/short,Granite-FlowState-r1.1,flowstate,granite-timeseries-flowstate-r1.1,18.524928,18.524928,48,controlled,shared_origin_v1:Hmax=720,720,720,256,controlled,15360,16800,256,256,16,16,100,[],merged,2,30,4320,2481933.9528036118,,100,,float32,native_horizon,48,,continuous_decoder,15942.122685185184,15942.122685185184,64.6028392650463,0.5699571571207384,0.2203818575278172,0.1702117778636791,4.183262339346469,126.26211896362734,0.21976908503416173,0.11244629024464743,0.0878570247042577,0.5699571571207384,1.1204480776464614,0.5086868088684238,-0.6759227585522957,0.0878570247042577,0.2198618001220286,0.39960113423748433,-0.917288393779624,Transport,1
m_dense/H/short|H=48|L=512|Hsrc=controlled|Lsrc=controlled|origins=shared_origin_v1:Hmax=720,joint-scaling,release,standard_hl_shared_origin_v1,m_dense/H/short,Granite-FlowState-r1.1,flowstate,granite-timeseries-flowstate-r1.1,18.524928,18.524928,48,controlled,shared_origin_v1:Hmax=720,720,720,512,controlled,15360,16800,512,512,16,16,100,[],merged,2,30,4320,2481933.9528036118,,100,,float32,native_horizon,48,,continuous_decoder,12054.80324074074,12054.80324074074,55.30636393229167,0.48381417984229214,0.18266519576452098,0.1486141558046694,3.630240053076919,109.794367982792,0.19110567755031327,0.09626504843838014,0.07587521008254555,0.48381417984229214,1.1204480776464614,0.43180419467411646,-0.8397830465574231,0.07587521008254555,0.2198618001220286,0.3451041064906818,-1.0639091495265434,Transport,1
m_dense/H/short|H=48|L=1024|Hsrc=controlled|Lsrc=controlled|origins=shared_origin_v1:Hmax=720,joint-scaling,release,standard_hl_shared_origin_v1,m_dense/H/short,Granite-FlowState-r1.1,flowstate,granite-timeseries-flowstate-r1.1,18.524928,18.524928,48,controlled,shared_origin_v1:Hmax=720,720,720,1024,controlled,15360,16800,1024,1024,16,16,100,[],merged,2,30,4320,2481933.9528036118,,100,,float32,native_horizon,48,,continuous_decoder,10811.008333333333,10811.008333333333,52.653483072916664,0.4657177465554711,0.1792777384676914,0.14389608877676505,3.468629185910171,103.97599883306404,0.18097835135840082,0.09164750198854243,0.07224149870601138,0.4657177465554711,1.1204480776464614,0.4156531265007182,-0.8779041970780351,0.07224149870601138,0.2198618001220286,0.32857685448729884,-1.1129845125995617,Transport,1
m_dense/H/short|H=48|L=2048|Hsrc=controlled|Lsrc=controlled|origins=shared_origin_v1:Hmax=720,joint-scaling,release,standard_hl_shared_origin_v1,m_dense/H/short,Granite-FlowState-r1.1,flowstate,granite-timeseries-flowstate-r1.1,18.524928,18.524928,48,controlled,shared_origin_v1:Hmax=720,720,720,2048,controlled,15360,16800,2048,2048,16,16,100,[],merged,2,30,4320,2481933.9528036118,,100,,float32,native_horizon,48,,continuous_decoder,11388.163888888888,11388.163888888888,53.23390480324074,0.4601589024460065,0.17066451786426606,0.14080017231128833,3.399939675414056,106.71534045716618,0.18574638952587644,0.09265777136826046,0.07269926669744585,0.4601589024460065,1.1204480776464614,0.4106918576830313,-0.8899120836774824,0.07269926669744585,0.2198618001220286,0.33065892600304375,-1.1066678699043637,Transport,1
m_dense/H/short|H=48|L=4096|Hsrc=controlled|Lsrc=controlled|origins=shared_origin_v1:Hmax=720,joint-scaling,release,standard_hl_shared_origin_v1,m_dense/H/short,Granite-FlowState-r1.1,flowstate,granite-timeseries-flowstate-r1.1,18.524928,18.524928,48,controlled,shared_origin_v1:Hmax=720,720,720,4096,controlled,15360,16800,4054,4054,16,16,100,[],merged,2,30,4320,2481933.9528036118,,100,,float32,native_horizon,48,,continuous_decoder,10809.622222222222,10809.622222222222,51.944572844328704,0.4523414115394903,0.16984865116765888,0.13983552014386214,3.3979063486810075,103.96933308539698,0.1809667491036796,0.09041358833663378,0.07102626780321722,0.4523414115394903,1.1204480776464614,0.40371474641613786,-0.907046723635467,0.07102626780321722,0.2198618001220286,0.32304960554219025,-1.1299493900213013,Transport,1
m_dense/H/short|H=96|L=128|Hsrc=controlled|Lsrc=controlled|origins=shared_origin_v1:Hmax=720,joint-scaling,release,standard_hl_shared_origin_v1,m_dense/H/short,Granite-FlowState-r1.1,flowstate,granite-timeseries-flowstate-r1.1,18.524928,18.524928,96,controlled,shared_origin_v1:Hmax=720,720,720,128,controlled,15360,16800,128,128,16,16,100,[],merged,2,30,8640,5043646.119029522,,100,,float32,native_horizon,96,,continuous_decoder,37131.2,37131.2,82.83132233796296,0.710285363447446,0.3079662390977323,0.2102099383318866,6.609906470089577,192.69457698648398,0.3300947580127948,0.14189390137817698,0.11510075277334403,0.710285363447446,1.6112164314292674,0.44083795919172114,-0.8190779105322707,0.11510075277334403,0.288525055629236,0.39892810183269556,-0.9189740742375381,Transport,1
m_dense/H/short|H=96|L=256|Hsrc=controlled|Lsrc=controlled|origins=shared_origin_v1:Hmax=720,joint-scaling,release,standard_hl_shared_origin_v1,m_dense/H/short,Granite-FlowState-r1.1,flowstate,granite-timeseries-flowstate-r1.1,18.524928,18.524928,96,controlled,shared_origin_v1:Hmax=720,720,720,256,controlled,15360,16800,256,256,16,16,100,[],merged,2,30,8640,5043646.119029522,,100,,float32,native_horizon,96,,continuous_decoder,14632.076851851853,14632.076851851853,63.46232638888889,0.5666179305477524,0.2121872175252839,0.1672229554918077,4.1183890544135675,120.96312186717013,0.20721544459456406,0.10871391193193079,0.08553513630845139,0.5666179305477524,1.6112164314292674,0.35167089876629465,-1.0450594874059678,0.08553513630845139,0.288525055629236,0.2964565282620265,-1.2158546876105225,Transport,1
m_dense/H/short|H=96|L=512|Hsrc=controlled|Lsrc=controlled|origins=shared_origin_v1:Hmax=720,joint-scaling,release,standard_hl_shared_origin_v1,m_dense/H/short,Granite-FlowState-r1.1,flowstate,granite-timeseries-flowstate-r1.1,18.524928,18.524928,96,controlled,shared_origin_v1:Hmax=720,720,720,512,controlled,15360,16800,512,512,16,16,100,[],merged,2,30,8640,5043646.119029522,,100,,float32,native_horizon,96,,continuous_decoder,14087.503240740742,14087.503240740742,59.00732602719908,0.5196777561574909,0.1833441327147153,0.15312536734121818,4.013118163536647,118.69078835672438,0.20332283177698818,0.10108228944759871,0.07961577184945992,0.5196777561574909,1.6112164314292674,0.3225375225949617,-1.131535800382681,0.07961577184945992,0.288525055629236,0.2759405822687675,-1.287569718076305,Transport,1
m_dense/H/short|H=96|L=1024|Hsrc=controlled|Lsrc=controlled|origins=shared_origin_v1:Hmax=720,joint-scaling,release,standard_hl_shared_origin_v1,m_dense/H/short,Granite-FlowState-r1.1,flowstate,granite-timeseries-flowstate-r1.1,18.524928,18.524928,96,controlled,shared_origin_v1:Hmax=720,720,720,1024,controlled,15360,16800,1024,1024,16,16,100,[],merged,2,30,8640,5043646.119029522,,100,,float32,native_horizon,96,,continuous_decoder,13329.423611111111,13329.423611111111,56.77890986689815,0.5098863645485434,0.18042246503113019,0.14929035328052662,3.932951564202057,115.45312300284957,0.19777656068712413,0.09726490909009164,0.07647910737036931,0.5098863645485434,1.6112164314292674,0.31646050437571366,-1.1505568338869907,0.07647910737036931,0.288525055629236,0.26506920587391697,-1.3277643328495516,Transport,1
m_dense/H/short|H=96|L=2048|Hsrc=controlled|Lsrc=controlled|origins=shared_origin_v1:Hmax=720,joint-scaling,release,standard_hl_shared_origin_v1,m_dense/H/short,Granite-FlowState-r1.1,flowstate,granite-timeseries-flowstate-r1.1,18.524928,18.524928,96,controlled,shared_origin_v1:Hmax=720,720,720,2048,controlled,15360,16800,2048,2048,16,16,100,[],merged,2,30,8640,5043646.119029522,,100,,float32,native_horizon,96,,continuous_decoder,12408.923611111111,12408.923611111111,56.33132414641204,0.5114109187489512,0.17347205329605336,0.14867158819127965,3.9799310628359628,111.39534824718271,0.19082540411079643,0.09649817396757593,0.07613095160749592,0.5114109187489512,1.6112164314292674,0.31740671754153604,-1.1475713068367372,0.07613095160749592,0.288525055629236,0.2638625315970015,-1.3323270251019748,Transport,1
m_dense/H/short|H=96|L=4096|Hsrc=controlled|Lsrc=controlled|origins=shared_origin_v1:Hmax=720,joint-scaling,release,standard_hl_shared_origin_v1,m_dense/H/short,Granite-FlowState-r1.1,flowstate,granite-timeseries-flowstate-r1.1,18.524928,18.524928,96,controlled,shared_origin_v1:Hmax=720,720,720,4096,controlled,15360,16800,4006,4006,16,16,100,[],merged,2,30,8640,5043646.119029522,,100,,float32,native_horizon,96,,continuous_decoder,12515.349074074074,12515.349074074074,56.21287796585648,0.507612422684825,0.17276082949220875,0.14833828254982276,3.9070350063779804,111.87202096178505,0.19164196660486704,0.09629527016032054,0.07576442983719271,0.507612422684825,1.6112164314292674,0.31504918444416274,-1.1550265112526754,0.07576442983719271,0.288525055629236,0.2625922025106632,-1.3371530109638072,Transport,1
m_dense/H/short|H=192|L=128|Hsrc=controlled|Lsrc=controlled|origins=shared_origin_v1:Hmax=720,joint-scaling,release,standard_hl_shared_origin_v1,m_dense/H/short,Granite-FlowState-r1.1,flowstate,granite-timeseries-flowstate-r1.1,18.524928,18.524928,192,controlled,shared_origin_v1:Hmax=720,720,720,128,controlled,15360,16800,128,128,16,16,100,[],merged,2,30,17280,9801028.528793812,,100,,float32,native_horizon,192,,continuous_decoder,55596.542592592596,55596.542592592596,103.02754991319445,0.8755880775117003,0.3510076447246634,0.2400025685628255,9.501012042288558,235.78919100033528,0.415715269934759,0.18164584025745092,0.14920239733309687,0.8755880775117003,1.3606427928826206,0.6435106128454944,-0.4408167597035628,0.14920239733309687,0.29794983608119385,0.5007634818514817,-0.6916213814806491,Transport,1
m_dense/H/short|H=192|L=256|Hsrc=controlled|Lsrc=controlled|origins=shared_origin_v1:Hmax=720,joint-scaling,release,standard_hl_shared_origin_v1,m_dense/H/short,Granite-FlowState-r1.1,flowstate,granite-timeseries-flowstate-r1.1,18.524928,18.524928,192,controlled,shared_origin_v1:Hmax=720,720,720,256,controlled,15360,16800,256,256,16,16,100,[],merged,2,30,17280,9801028.528793812,,100,,float32,native_horizon,192,,continuous_decoder,34006.36481481481,34006.36481481481,81.17996961805555,0.7065562042332261,0.2854252967906512,0.19767323953134042,7.827055541723562,184.40814736560534,0.3251263657804926,0.1431268025471851,0.11782317729004506,0.7065562042332261,1.3606427928826206,0.5192811867516937,-0.6553097568803687,0.11782317729004506,0.29794983608119385,0.39544635714428533,-0.9277401339840736,Transport,1
m_dense/H/short|H=192|L=512|Hsrc=controlled|Lsrc=controlled|origins=shared_origin_v1:Hmax=720,joint-scaling,release,standard_hl_shared_origin_v1,m_dense/H/short,Granite-FlowState-r1.1,flowstate,granite-timeseries-flowstate-r1.1,18.524928,18.524928,192,controlled,shared_origin_v1:Hmax=720,720,720,512,controlled,15360,16800,512,512,16,16,100,[],merged,2,30,17280,9801028.528793812,,100,,float32,native_horizon,192,,continuous_decoder,33544.38333333333,33544.38333333333,77.78543113425926,0.6701300053476458,0.2598692919641881,0.18771059954607927,7.82593875591744,183.15125807193718,0.3229103690684354,0.13714195872924564,0.11310477886656294,0.6701300053476458,1.3606427928826206,0.49250987022679676,-0.708240777501175,0.11310477886656294,0.29794983608119385,0.37961013959323314,-0.9686105013459034,Transport,1
m_dense/H/short|H=192|L=1024|Hsrc=controlled|Lsrc=controlled|origins=shared_origin_v1:Hmax=720,joint-scaling,release,standard_hl_shared_origin_v1,m_dense/H/short,Granite-FlowState-r1.1,flowstate,granite-timeseries-flowstate-r1.1,18.524928,18.524928,192,controlled,shared_origin_v1:Hmax=720,720,720,1024,controlled,15360,16800,1024,1024,16,16,100,[],merged,2,30,17280,9801028.528793812,,100,,float32,native_horizon,192,,continuous_decoder,31331.6,31331.6,75.16788556134259,0.655652799791645,0.2573345713968336,0.18416355980767143,7.762323275624802,177.00734448039154,0.3120781562501574,0.13252701578044,0.10914501153960565,0.655652799791645,1.3606427928826206,0.4818698950387978,-0.7300811286738677,0.10914501153960565,0.29794983608119385,0.36632009258720555,-1.0042477578838052,Transport,1
m_dense/H/short|H=192|L=2048|Hsrc=controlled|Lsrc=controlled|origins=shared_origin_v1:Hmax=720,joint-scaling,release,standard_hl_shared_origin_v1,m_dense/H/short,Granite-FlowState-r1.1,flowstate,granite-timeseries-flowstate-r1.1,18.524928,18.524928,192,controlled,shared_origin_v1:Hmax=720,720,720,2048,controlled,15360,16800,2048,2048,16,16,100,[],merged,2,30,17280,9801028.528793812,,100,,float32,native_horizon,192,,continuous_decoder,31570.15925925926,31570.15925925926,75.05455367476851,0.6521345616449118,0.25097020056458086,0.18231662467673973,7.765236469697689,177.6799348808392,0.3132639871132746,0.1323272025675464,0.10932056167808686,0.6521345616449118,1.3606427928826206,0.47928417734335504,-0.7354615853719856,0.10932056167808686,0.29794983608119385,0.3669092861937205,-1.0026406380646014,Transport,1
m_dense/H/short|H=192|L=4096|Hsrc=controlled|Lsrc=controlled|origins=shared_origin_v1:Hmax=720,joint-scaling,release,standard_hl_shared_origin_v1,m_dense/H/short,Granite-FlowState-r1.1,flowstate,granite-timeseries-flowstate-r1.1,18.524928,18.524928,192,controlled,shared_origin_v1:Hmax=720,720,720,4096,controlled,15360,16800,3910,3910,16,16,100,[],merged,2,30,17280,9801028.528793812,,100,,float32,native_horizon,192,,continuous_decoder,32241.269444444446,32241.269444444446,76.03912398726852,0.6587792221464388,0.25037151035003613,0.18308468571415654,7.700128078981312,179.5585404386114,0.31657611950253706,0.1340630790574492,0.11034408177008016,0.6587792221464388,1.3606427928826206,0.4841676489909355,-0.7253240500292979,0.11034408177008016,0.29794983608119385,0.37034449564191224,-0.9933216372175673,Transport,1
m_dense/H/short|H=336|L=128|Hsrc=controlled|Lsrc=controlled|origins=shared_origin_v1:Hmax=720,joint-scaling,release,standard_hl_shared_origin_v1,m_dense/H/short,Granite-FlowState-r1.1,flowstate,granite-timeseries-flowstate-r1.1,18.524928,18.524928,336,controlled,shared_origin_v1:Hmax=720,720,720,128,controlled,15360,16800,128,128,16,16,100,[],merged,2,30,30240,17556057.090857506,,100,,float32,native_horizon,336,,continuous_decoder,52172.65608465608,52172.65608465608,99.02365244708994,0.8354322509548492,0.3288029455620562,0.23041275266617064,8.58079700461521,228.41334480423004,0.3934379747760629,0.17056650217658514,0.14004083453325403,0.8354322509548492,1.4734938128038875,0.5669737081319118,-0.5674423464672347,0.14004083453325403,0.336977925961787,0.41557865884999995,-0.8780833712920867,Transport,1
m_dense/H/short|H=336|L=256|Hsrc=controlled|Lsrc=controlled|origins=shared_origin_v1:Hmax=720,joint-scaling,release,standard_hl_shared_origin_v1,m_dense/H/short,Granite-FlowState-r1.1,flowstate,granite-timeseries-flowstate-r1.1,18.524928,18.524928,336,controlled,shared_origin_v1:Hmax=720,720,720,256,controlled,15360,16800,256,256,16,16,100,[],merged,2,30,30240,17556057.090857506,,100,,float32,native_horizon,336,,continuous_decoder,27240.45925925926,27240.45925925926,75.12670304232805,0.6574161060027496,0.2609810545677568,0.1865453810918899,6.629286013224627,165.04683959185422,0.284290282460792,0.12940442653168854,0.10575085365966065,0.6574161060027496,1.4734938128038875,0.4461614295833134,-0.8070744427117069,0.10575085365966065,0.336977925961787,0.3138213084961913,-1.1589315362843824,Transport,1
m_dense/H/short|H=336|L=512|Hsrc=controlled|Lsrc=controlled|origins=shared_origin_v1:Hmax=720,joint-scaling,release,standard_hl_shared_origin_v1,m_dense/H/short,Granite-FlowState-r1.1,flowstate,granite-timeseries-flowstate-r1.1,18.524928,18.524928,336,controlled,shared_origin_v1:Hmax=720,720,720,512,controlled,15360,16800,512,512,16,16,100,[],merged,2,30,30240,17556057.090857506,,100,,float32,native_horizon,336,,continuous_decoder,26162.57566137566,26162.57566137566,71.38255621693122,0.6181727670555466,0.23845662202972415,0.1759332888971561,6.567572547070775,161.7484950822593,0.27860894197220976,0.12295519938381365,0.10067910643699614,0.6181727670555466,1.4734938128038875,0.41952858008900334,-0.8686236264587093,0.10067910643699614,0.336977925961787,0.29877062762981416,-1.2080791316603847,Transport,1
m_dense/H/short|H=336|L=1024|Hsrc=controlled|Lsrc=controlled|origins=shared_origin_v1:Hmax=720,joint-scaling,release,standard_hl_shared_origin_v1,m_dense/H/short,Granite-FlowState-r1.1,flowstate,granite-timeseries-flowstate-r1.1,18.524928,18.524928,336,controlled,shared_origin_v1:Hmax=720,720,720,1024,controlled,15360,16800,1024,1024,16,16,100,[],merged,2,30,30240,17556057.090857506,,100,,float32,native_horizon,336,,continuous_decoder,24512.870899470898,24512.870899470898,69.2208912037037,0.6044094840506055,0.23599008144350012,0.1726968835901331,6.523015734436687,156.56586760680278,0.2696819571688042,0.11923176936409462,0.09737140878545004,0.6044094840506055,1.4734938128038875,0.4101880026903435,-0.8911396812353862,0.09737140878545004,0.336977925961787,0.28895485811878335,-1.2414848033512658,Transport,1
m_dense/H/short|H=336|L=2048|Hsrc=controlled|Lsrc=controlled|origins=shared_origin_v1:Hmax=720,joint-scaling,release,standard_hl_shared_origin_v1,m_dense/H/short,Granite-FlowState-r1.1,flowstate,granite-timeseries-flowstate-r1.1,18.524928,18.524928,336,controlled,shared_origin_v1:Hmax=720,720,720,2048,controlled,15360,16800,2048,2048,16,16,100,[],merged,2,30,30240,17556057.090857506,,100,,float32,native_horizon,336,,continuous_decoder,24469.41164021164,24469.41164021164,68.73338293650794,0.5989957820010233,0.22993450565736517,0.1705361179573826,6.542480038170212,156.42701697664518,0.26944278939700694,0.11839204493601234,0.09706211051117632,0.5989957820010233,1.4734938128038875,0.40651394447405514,-0.9001370468334188,0.09706211051117632,0.336977925961787,0.28803699896408963,-1.2446663384722672,Transport,1
m_dense/H/short|H=336|L=4096|Hsrc=controlled|Lsrc=controlled|origins=shared_origin_v1:Hmax=720,joint-scaling,release,standard_hl_shared_origin_v1,m_dense/H/short,Granite-FlowState-r1.1,flowstate,granite-timeseries-flowstate-r1.1,18.524928,18.524928,336,controlled,shared_origin_v1:Hmax=720,720,720,4096,controlled,15360,16800,3766,3766,16,16,100,[],merged,2,30,30240,17556057.090857506,,100,,float32,native_horizon,336,,continuous_decoder,25015.55767195767,25015.55767195767,69.42302414021164,0.6042696341314996,0.2299399724049763,0.17083295388196512,6.50492187636453,158.16307303526216,0.2724331154674272,0.11957993979714608,0.09783957316808777,0.6042696341314996,1.4734938128038875,0.4100930922686704,-0.8913710907428829,0.09783957316808777,0.336977925961787,0.29034416093825294,-1.236688297790773,Transport,1
m_dense/H/short|H=720|L=128|Hsrc=controlled|Lsrc=controlled|origins=shared_origin_v1:Hmax=720,joint-scaling,release,standard_hl_shared_origin_v1,m_dense/H/short,Granite-FlowState-r1.1,flowstate,granite-timeseries-flowstate-r1.1,18.524928,18.524928,720,controlled,shared_origin_v1:Hmax=720,720,720,128,controlled,15360,16800,128,128,16,16,100,[],merged,2,30,64800,37431809.903151035,,100,,float32,native_horizon,720,,continuous_decoder,62455.085432098764,62455.085432098764,109.96394675925926,0.9328471655710707,0.3597670359311288,0.25030759458188656,9.934953500376945,249.9101547198488,0.4326314454937154,0.19036385813126702,0.15655668001093614,0.9328471655710707,1.4779178745268122,0.6311901233820195,-0.4601481569397831,0.15655668001093614,0.41895078948633335,0.37368751638560455,-0.9843353484926,Transport,1
m_dense/H/short|H=720|L=256|Hsrc=controlled|Lsrc=controlled|origins=shared_origin_v1:Hmax=720,joint-scaling,release,standard_hl_shared_origin_v1,m_dense/H/short,Granite-FlowState-r1.1,flowstate,granite-timeseries-flowstate-r1.1,18.524928,18.524928,720,controlled,shared_origin_v1:Hmax=720,720,720,256,controlled,15360,16800,256,256,16,16,100,[],merged,2,30,64800,37431809.903151035,,100,,float32,native_horizon,720,,continuous_decoder,35497.40641975309,35497.40641975309,84.75373842592593,0.7522126921936296,0.2961123704886123,0.20539308901186343,8.18600011999399,188.40755404110814,0.3261613460169892,0.14672125831504815,0.12055017286708572,0.7522126921936296,1.4779178745268122,0.5089678561702672,-0.6753704153682196,0.12055017286708572,0.41895078948633335,0.28774303782764016,-1.2456874268852252,Transport,1
m_dense/H/short|H=720|L=512|Hsrc=controlled|Lsrc=controlled|origins=shared_origin_v1:Hmax=720,joint-scaling,release,standard_hl_shared_origin_v1,m_dense/H/short,Granite-FlowState-r1.1,flowstate,granite-timeseries-flowstate-r1.1,18.524928,18.524928,720,controlled,shared_origin_v1:Hmax=720,720,720,512,controlled,15360,16800,512,512,16,16,100,[],merged,2,30,64800,37431809.903151035,,100,,float32,native_horizon,720,,continuous_decoder,34822.37925925926,34822.37925925926,81.38123456790123,0.7098199344108094,0.27248517104424846,0.19516551830150464,8.204974243301105,186.60755413235356,0.3230452799120083,0.14088295526303346,0.11604172767263594,0.7098199344108094,1.4779178745268122,0.48028374691528364,-0.7333782103274321,0.11604172767263594,0.41895078948633335,0.27698176154510235,-1.2838036177599952,Transport,1
m_dense/H/short|H=720|L=1024|Hsrc=controlled|Lsrc=controlled|origins=shared_origin_v1:Hmax=720,joint-scaling,release,standard_hl_shared_origin_v1,m_dense/H/short,Granite-FlowState-r1.1,flowstate,granite-timeseries-flowstate-r1.1,18.524928,18.524928,720,controlled,shared_origin_v1:Hmax=720,720,720,1024,controlled,15360,16800,1024,1024,16,16,100,[],merged,2,30,64800,37431809.903151035,,100,,float32,native_horizon,720,,continuous_decoder,33750.16197530864,33750.16197530864,79.21636188271604,0.7019343056174495,0.2713438115942194,0.1923445487316744,8.338837068654769,183.71217154916175,0.3180329443643479,0.13713524040866326,0.11304740176998886,0.7019343056174495,1.4779178745268122,0.4749481129607348,-0.7445497167863055,0.11304740176998886,0.41895078948633335,0.26983455958775937,-1.309946250054584,Transport,1
m_dense/H/short|H=720|L=2048|Hsrc=controlled|Lsrc=controlled|origins=shared_origin_v1:Hmax=720,joint-scaling,release,standard_hl_shared_origin_v1,m_dense/H/short,Granite-FlowState-r1.1,flowstate,granite-timeseries-flowstate-r1.1,18.524928,18.524928,720,controlled,shared_origin_v1:Hmax=720,720,720,2048,controlled,15360,16800,2048,2048,16,16,100,[],merged,2,30,64800,37431809.903151035,,100,,float32,native_horizon,720,,continuous_decoder,33440.34469135803,33440.34469135803,78.73403163580247,0.6923879267477883,0.26558107994276353,0.19036257143373841,8.319945979420131,182.8670136775849,0.3165698510696374,0.13630025540310603,0.1126648709523883,0.6923879267477883,1.4779178745268122,0.4684887696953198,-0.7582431483586909,0.1126648709523883,0.41895078948633335,0.26892149097158713,-1.3133357971025046,Transport,1
m_dense/H/short|H=720|L=4096|Hsrc=controlled|Lsrc=controlled|origins=shared_origin_v1:Hmax=720,joint-scaling,release,standard_hl_shared_origin_v1,m_dense/H/short,Granite-FlowState-r1.1,flowstate,granite-timeseries-flowstate-r1.1,18.524928,18.524928,720,controlled,shared_origin_v1:Hmax=720,720,720,4096,controlled,15360,16800,3382,3382,16,16,100,[],merged,2,30,64800,37431809.903151035,,100,,float32,native_horizon,720,,continuous_decoder,33506.664691358026,33506.664691358026,79.46983796296297,0.6991502070166922,0.26468481500258567,0.19067782931857638,8.199560040318925,183.04825782114952,0.3168836114924803,0.1375740449987298,0.11320626505759636,0.6991502070166922,1.4779178745268122,0.4730643150523776,-0.7485239271070526,0.11320626505759636,0.41895078948633335,0.2702137527808365,-1.3085419562286136,Transport,1
saugeen/D/short|H=48|L=128|Hsrc=controlled|Lsrc=controlled|origins=shared_origin_v1:Hmax=720,joint-scaling,release,standard_hl_shared_origin_v1,saugeen/D/short,Granite-FlowState-r1.1,flowstate,granite-timeseries-flowstate-r1.1,18.524928,18.524928,48,controlled,shared_origin_v1:Hmax=720,720,720,128,controlled,20861,23021,128,128,16,16,100,[],merged,2,1,192,6793.600008964539,,100,,float32,native_horizon,48,,continuous_decoder,2217.005859375,2217.005859375,21.41798146565755,4.832980889265616,0.42999692757924396,0.5125601291656494,120.8422196646619,47.08509168914296,1.3307138472071087,0.6053127113724536,0.5533840543135768,4.832980889265616,6.287958974414405,0.7686088457209932,-0.2631730920430518,0.5533840543135768,0.781620444657756,0.7079958797084487,-0.34531700492618655,Nature,1
saugeen/D/short|H=48|L=256|Hsrc=controlled|Lsrc=controlled|origins=shared_origin_v1:Hmax=720,joint-scaling,release,standard_hl_shared_origin_v1,saugeen/D/short,Granite-FlowState-r1.1,flowstate,granite-timeseries-flowstate-r1.1,18.524928,18.524928,48,controlled,shared_origin_v1:Hmax=720,720,720,256,controlled,20861,23021,256,256,16,16,100,[],merged,2,1,192,6793.600008964539,,100,,float32,native_horizon,48,,continuous_decoder,2189.9137369791665,2189.9137369791665,20.228617350260418,4.5672259387562795,0.35594364007314044,0.4577324390411377,115.61006720664538,46.79651415414578,1.322558099643763,0.5716990293989905,0.5275758154169092,4.5672259387562795,6.287958974414405,0.7263447419648,-0.31973052567230553,0.5275758154169092,0.781620444657756,0.674976990459757,-0.39307667689839076,Nature,1
saugeen/D/short|H=48|L=512|Hsrc=controlled|Lsrc=controlled|origins=shared_origin_v1:Hmax=720,joint-scaling,release,standard_hl_shared_origin_v1,saugeen/D/short,Granite-FlowState-r1.1,flowstate,granite-timeseries-flowstate-r1.1,18.524928,18.524928,48,controlled,shared_origin_v1:Hmax=720,720,720,512,controlled,20861,23021,512,512,16,16,100,[],merged,2,1,192,6793.600008964539,,100,,float32,native_horizon,48,,continuous_decoder,2130.4130859375,2130.4130859375,19.780929565429688,4.46890837509404,0.35128116607666016,0.4246187210083008,92.64941710044714,46.15639810402779,1.3044672080015587,0.5590465248985672,0.5000309141309043,4.46890837509404,6.287958974414405,0.7107088950926604,-0.34149236326776855,0.5000309141309043,0.781620444657756,0.6397362268969949,-0.446699333057154,Nature,1
saugeen/D/short|H=48|L=1024|Hsrc=controlled|Lsrc=controlled|origins=shared_origin_v1:Hmax=720,joint-scaling,release,standard_hl_shared_origin_v1,saugeen/D/short,Granite-FlowState-r1.1,flowstate,granite-timeseries-flowstate-r1.1,18.524928,18.524928,48,controlled,shared_origin_v1:Hmax=720,720,720,1024,controlled,20861,23021,1024,1024,16,16,100,[],merged,2,1,192,6793.600008964539,,100,,float32,native_horizon,48,,continuous_decoder,1858.52880859375,1858.52880859375,20.983861287434895,4.728826268417312,0.5276496807734171,0.4728538195292155,44.89361034806327,43.110657714696835,1.2183888174604773,0.5930436531251674,0.4963647324702854,4.728826268417312,6.287958974414405,0.7520447076163861,-0.2849595051819399,0.4963647324702854,0.781620444657756,0.6350457384563757,-0.4540582536182554,Nature,1
saugeen/D/short|H=48|L=2048|Hsrc=controlled|Lsrc=controlled|origins=shared_origin_v1:Hmax=720,joint-scaling,release,standard_hl_shared_origin_v1,saugeen/D/short,Granite-FlowState-r1.1,flowstate,granite-timeseries-flowstate-r1.1,18.524928,18.524928,48,controlled,shared_origin_v1:Hmax=720,720,720,2048,controlled,20861,23021,2048,2048,16,16,100,[],merged,2,1,192,6793.600008964539,,100,,float32,native_horizon,48,,continuous_decoder,1941.4420572916667,1941.4420572916667,19.235247294108074,4.339807157373427,0.39183759689331055,0.4159200191497803,63.20633226246514,44.06179816225918,1.2452698475021333,0.5436245106564129,0.473744628137004,4.339807157373427,6.287958974414405,0.6901773969951182,-0.3708066173402523,0.473744628137004,0.781620444657756,0.6061057273705782,-0.5007008405223109,Nature,1
saugeen/D/short|H=48|L=4096|Hsrc=controlled|Lsrc=controlled|origins=shared_origin_v1:Hmax=720,joint-scaling,release,standard_hl_shared_origin_v1,saugeen/D/short,Granite-FlowState-r1.1,flowstate,granite-timeseries-flowstate-r1.1,18.524928,18.524928,48,controlled,shared_origin_v1:Hmax=720,720,720,4096,controlled,20861,23021,4096,4096,16,16,100,[],merged,2,1,192,6793.600008964539,,100,,float32,native_horizon,48,,continuous_decoder,1927.4109700520833,1927.4109700520833,20.34665807088216,4.595794273583205,0.4515240589777629,0.45770446459452313,54.856952260316795,43.902288893087146,1.2407618135230034,0.5750350836749957,0.48799555767010006,4.595794273583205,6.287958974414405,0.7308880818534935,-0.31349493375338705,0.48799555767010006,0.781620444657756,0.6243382718625996,-0.4710629551531936,Nature,1
saugeen/D/short|H=96|L=128|Hsrc=controlled|Lsrc=controlled|origins=shared_origin_v1:Hmax=720,joint-scaling,release,standard_hl_shared_origin_v1,saugeen/D/short,Granite-FlowState-r1.1,flowstate,granite-timeseries-flowstate-r1.1,18.524928,18.524928,96,controlled,shared_origin_v1:Hmax=720,720,720,128,controlled,20861,23021,128,128,16,16,100,[],merged,2,1,384,22887.600024223328,,100,,float32,native_horizon,96,,continuous_decoder,6666.227213541667,6666.227213541667,45.25938924153646,10.204027578321456,0.560808261235555,0.8094499905904134,289.6950086636586,81.64696695861805,1.3698437266872523,0.7593459100279678,0.714260658822623,10.204027578321456,10.79500131911943,0.9452548709048068,-0.056300683190987084,0.714260658822623,0.7336308511462726,0.9735968133109665,-0.026758010413019208,Nature,1
saugeen/D/short|H=96|L=256|Hsrc=controlled|Lsrc=controlled|origins=shared_origin_v1:Hmax=720,joint-scaling,release,standard_hl_shared_origin_v1,saugeen/D/short,Granite-FlowState-r1.1,flowstate,granite-timeseries-flowstate-r1.1,18.524928,18.524928,96,controlled,shared_origin_v1:Hmax=720,720,720,256,controlled,20861,23021,256,256,16,16,100,[],merged,2,1,384,22887.600024223328,,100,,float32,native_horizon,96,,continuous_decoder,6584.99609375,6584.99609375,44.019755045572914,9.924702861570296,0.5048974752426147,0.7501075267791748,278.08839587540956,81.14798884599666,1.361472049663719,0.7385477690806339,0.6947005711155422,9.924702861570296,10.79500131911943,0.9193794950253765,-0.08405629841975884,0.6947005711155422,0.7336308511462726,0.9469347833860814,-0.05452505470803664,Nature,1
saugeen/D/short|H=96|L=512|Hsrc=controlled|Lsrc=controlled|origins=shared_origin_v1:Hmax=720,joint-scaling,release,standard_hl_shared_origin_v1,saugeen/D/short,Granite-FlowState-r1.1,flowstate,granite-timeseries-flowstate-r1.1,18.524928,18.524928,96,controlled,shared_origin_v1:Hmax=720,720,720,512,controlled,20861,23021,512,512,16,16,100,[],merged,2,1,384,22887.600024223328,,100,,float32,native_horizon,96,,continuous_decoder,6460.693359375,6460.693359375,43.07152303059896,9.710547150883277,0.4864047368367513,0.7032519976298014,232.85599097055092,80.37843839845982,1.3485608063904446,0.722638670120296,0.6635202664697218,9.710547150883277,10.79500131911943,0.8995410805262769,-0.10587055623276838,0.6635202664697218,0.7336308511462726,0.9044334292007957,-0.1004465764122545,Nature,1
saugeen/D/short|H=96|L=1024|Hsrc=controlled|Lsrc=controlled|origins=shared_origin_v1:Hmax=720,joint-scaling,release,standard_hl_shared_origin_v1,saugeen/D/short,Granite-FlowState-r1.1,flowstate,granite-timeseries-flowstate-r1.1,18.524928,18.524928,96,controlled,shared_origin_v1:Hmax=720,720,720,1024,controlled,20861,23021,1024,1024,16,16,100,[],merged,2,1,384,22887.600024223328,,100,,float32,native_horizon,96,,continuous_decoder,5295.742838541667,5295.742838541667,39.44062296549479,8.879168412414318,0.635057250658671,0.5890834331512451,117.98168043609157,72.77185471417963,1.2209402550144943,0.6617207222566334,0.5629220340680585,8.879168412414318,10.79500131911943,0.8225259219457519,-0.19537528079576277,0.5629220340680585,0.7336308511462726,0.7673096533338429,-0.26486483896557134,Nature,1
saugeen/D/short|H=96|L=2048|Hsrc=controlled|Lsrc=controlled|origins=shared_origin_v1:Hmax=720,joint-scaling,release,standard_hl_shared_origin_v1,saugeen/D/short,Granite-FlowState-r1.1,flowstate,granite-timeseries-flowstate-r1.1,18.524928,18.524928,96,controlled,shared_origin_v1:Hmax=720,720,720,2048,controlled,20861,23021,2048,2048,16,16,100,[],merged,2,1,384,22887.600024223328,,100,,float32,native_horizon,96,,continuous_decoder,5253.846028645833,5253.846028645833,36.8931884765625,8.309196766126645,0.49262317021687824,0.5329357782999674,132.7652584952066,72.48341899114467,1.2161009832023253,0.6189807738690918,0.5451979032399907,8.309196766126645,10.79500131911943,0.7697263317059457,-0.2617202406776097,0.5451979032399907,0.7336308511462726,0.7431501856664534,-0.2968571205501474,Nature,1
saugeen/D/short|H=96|L=4096|Hsrc=controlled|Lsrc=controlled|origins=shared_origin_v1:Hmax=720,joint-scaling,release,standard_hl_shared_origin_v1,saugeen/D/short,Granite-FlowState-r1.1,flowstate,granite-timeseries-flowstate-r1.1,18.524928,18.524928,96,controlled,shared_origin_v1:Hmax=720,720,720,4096,controlled,20861,23021,4096,4096,16,16,100,[],merged,2,1,384,22887.600024223328,,100,,float32,native_horizon,96,,continuous_decoder,4883.947916666667,4883.947916666667,36.1707509358724,8.152881857035007,0.5035730202992758,0.5314495166142782,100.26655678252462,69.88524820494428,1.1725097992929145,0.6068599741639504,0.5136729671611995,8.152881857035007,10.79500131911943,0.7552460269361092,-0.2807117193235532,0.5136729671611995,0.7336308511462726,0.7001790701121735,-0.3564191622077064,Nature,1
saugeen/D/short|H=192|L=128|Hsrc=controlled|Lsrc=controlled|origins=shared_origin_v1:Hmax=720,joint-scaling,release,standard_hl_shared_origin_v1,saugeen/D/short,Granite-FlowState-r1.1,flowstate,granite-timeseries-flowstate-r1.1,18.524928,18.524928,192,controlled,shared_origin_v1:Hmax=720,720,720,128,controlled,20861,23021,128,128,16,16,100,[],merged,2,1,768,32805.300033569336,,100,,float32,native_horizon,192,,continuous_decoder,3644.8180338541665,3644.8180338541665,29.679786682128906,6.687504834369604,0.5095318953196207,0.6707278887430826,170.14449031199902,60.37232837860543,1.4133676005804903,0.6948290717826098,0.6422940592795879,6.687504834369604,8.364690063972306,0.7994922445690446,-0.22377844710659078,0.6422940592795879,1.0359365198829344,0.620012951519626,-0.47801491161339954,Nature,1
saugeen/D/short|H=192|L=256|Hsrc=controlled|Lsrc=controlled|origins=shared_origin_v1:Hmax=720,joint-scaling,release,standard_hl_shared_origin_v1,saugeen/D/short,Granite-FlowState-r1.1,flowstate,granite-timeseries-flowstate-r1.1,18.524928,18.524928,192,controlled,shared_origin_v1:Hmax=720,720,720,256,controlled,20861,23021,256,256,16,16,100,[],merged,2,1,768,32805.300033569336,,100,,float32,native_horizon,192,,continuous_decoder,3577.4931640625,3577.4931640625,28.29918924967448,6.375750205449681,0.41695475578308105,0.5899932384490967,159.93058262967054,59.81214896709948,1.4002533236924164,0.6625081106257233,0.6111763824406606,6.375750205449681,8.364690063972306,0.76222193012396,-0.2715175188177934,0.6111763824406606,1.0359365198829344,0.5899747433459788,-0.5276755508868273,Nature,1
saugeen/D/short|H=192|L=512|Hsrc=controlled|Lsrc=controlled|origins=shared_origin_v1:Hmax=720,joint-scaling,release,standard_hl_shared_origin_v1,saugeen/D/short,Granite-FlowState-r1.1,flowstate,granite-timeseries-flowstate-r1.1,18.524928,18.524928,192,controlled,shared_origin_v1:Hmax=720,720,720,512,controlled,20861,23021,512,512,16,16,100,[],merged,2,1,768,32805.300033569336,,100,,float32,native_horizon,192,,continuous_decoder,3524.5924479166665,3524.5924479166665,28.438196818033855,6.406167420596685,0.43306517601013184,0.6127357482910156,135.979589469452,59.368278128278796,1.3898619295010675,0.6657623961341856,0.5971225888583849,6.406167420596685,8.364690063972306,0.7658583129324533,-0.2667580964126889,0.5971225888583849,1.0359365198829344,0.5764084742623635,-0.5509387129135542,Nature,1
saugeen/D/short|H=192|L=1024|Hsrc=controlled|Lsrc=controlled|origins=shared_origin_v1:Hmax=720,joint-scaling,release,standard_hl_shared_origin_v1,saugeen/D/short,Granite-FlowState-r1.1,flowstate,granite-timeseries-flowstate-r1.1,18.524928,18.524928,192,controlled,shared_origin_v1:Hmax=720,720,720,1024,controlled,20861,23021,1024,1024,16,16,100,[],merged,2,1,768,32805.300033569336,,100,,float32,native_horizon,192,,continuous_decoder,2848.4619140625,2848.4619140625,24.41705067952474,5.495785325019786,0.44107945760091144,0.4453516403834025,71.82166176410693,53.370983821384634,1.2494601644514711,0.5716239419449285,0.48349943859750294,5.495785325019786,8.364690063972306,0.657021991608604,-0.4200377882896846,0.48349943859750294,1.0359365198829344,0.4667268981425045,-0.7620109929271592,Nature,1
saugeen/D/short|H=192|L=2048|Hsrc=controlled|Lsrc=controlled|origins=shared_origin_v1:Hmax=720,joint-scaling,release,standard_hl_shared_origin_v1,saugeen/D/short,Granite-FlowState-r1.1,flowstate,granite-timeseries-flowstate-r1.1,18.524928,18.524928,192,controlled,shared_origin_v1:Hmax=720,720,720,2048,controlled,20861,23021,2048,2048,16,16,100,[],merged,2,1,768,32805.300033569336,,100,,float32,native_horizon,192,,continuous_decoder,2807.4973958333335,2807.4973958333335,23.033971150716145,5.1860097658559114,0.3740588029225667,0.4165538152058919,77.44244914865679,52.98582259277791,1.2404432122130442,0.5392448727994533,0.4675859931271292,5.1860097658559114,8.364690063972306,0.6199882752611073,-0.47805471199099425,0.4675859931271292,1.0359365198829344,0.4513654882829775,-0.7954778723664991,Nature,1
saugeen/D/short|H=192|L=4096|Hsrc=controlled|Lsrc=controlled|origins=shared_origin_v1:Hmax=720,joint-scaling,release,standard_hl_shared_origin_v1,saugeen/D/short,Granite-FlowState-r1.1,flowstate,granite-timeseries-flowstate-r1.1,18.524928,18.524928,192,controlled,shared_origin_v1:Hmax=720,720,720,4096,controlled,20861,23021,4096,4096,16,16,100,[],merged,2,1,768,32805.300033569336,,100,,float32,native_horizon,192,,continuous_decoder,2607.6022135416665,2607.6022135416665,22.540598551432293,5.078722317895714,0.37987716992696124,0.41498589515686035,61.8115919200983,51.06468656069149,1.1954677822937148,0.5276946002562282,0.4439955325280775,5.078722317895714,8.364690063972306,0.6071620441467834,-0.4989595644942106,0.4439955325280775,1.0359365198829344,0.4285933780751846,-0.847246646189909,Nature,1
saugeen/D/short|H=336|L=128|Hsrc=controlled|Lsrc=controlled|origins=shared_origin_v1:Hmax=720,joint-scaling,release,standard_hl_shared_origin_v1,saugeen/D/short,Granite-FlowState-r1.1,flowstate,granite-timeseries-flowstate-r1.1,18.524928,18.524928,336,controlled,shared_origin_v1:Hmax=720,720,720,128,controlled,20861,23021,128,128,16,16,100,[],merged,2,1,1344,43361.500032901764,,100,,float32,native_horizon,336,,continuous_decoder,2183.9010416666665,2183.9010416666665,20.706728980654763,4.663134125874804,0.5026716050647554,0.5561164220174154,107.83626761567008,46.732227013771414,1.448476483951232,0.6418099864830165,0.5875766114573622,4.663134125874804,7.385081578500397,0.6314262173420286,-0.45977418116401364,0.5875766114573622,1.5617052718269562,0.3762403969924411,-0.9775269861884456,Nature,1
saugeen/D/short|H=336|L=256|Hsrc=controlled|Lsrc=controlled|origins=shared_origin_v1:Hmax=720,joint-scaling,release,standard_hl_shared_origin_v1,saugeen/D/short,Granite-FlowState-r1.1,flowstate,granite-timeseries-flowstate-r1.1,18.524928,18.524928,336,controlled,shared_origin_v1:Hmax=720,720,720,256,controlled,20861,23021,256,256,16,16,100,[],merged,2,1,1344,43361.500032901764,,100,,float32,native_horizon,336,,continuous_decoder,2153.5319940476193,2153.5319940476193,19.55481683640253,4.406208298778036,0.36757580439249676,0.4997808365594773,103.49508769903343,46.406163319624035,1.4383700622499174,0.6061061957769689,0.5561005674701126,4.406208298778036,7.385081578500397,0.5966363745534621,-0.5164474390090427,0.5561005674701126,1.5617052718269562,0.35608547752391206,-1.0325844715465486,Nature,1
saugeen/D/short|H=336|L=512|Hsrc=controlled|Lsrc=controlled|origins=shared_origin_v1:Hmax=720,joint-scaling,release,standard_hl_shared_origin_v1,saugeen/D/short,Granite-FlowState-r1.1,flowstate,granite-timeseries-flowstate-r1.1,18.524928,18.524928,336,controlled,shared_origin_v1:Hmax=720,720,720,512,controlled,20861,23021,512,512,16,16,100,[],merged,2,1,1344,43361.500032901764,,100,,float32,native_horizon,336,,continuous_decoder,2116.2401413690477,2116.2401413690477,19.530396961030505,4.400082075047497,0.3690619695754278,0.5073294866652716,86.60949737044044,46.002610158218715,1.4258618360926762,0.6053492959355175,0.5363945070272269,4.400082075047497,7.385081578500397,0.5958068341258556,-0.5178387682654586,0.5363945070272269,1.5617052718269562,0.3434671808463113,-1.0686637152720333,Nature,1
saugeen/D/short|H=336|L=1024|Hsrc=controlled|Lsrc=controlled|origins=shared_origin_v1:Hmax=720,joint-scaling,release,standard_hl_shared_origin_v1,saugeen/D/short,Granite-FlowState-r1.1,flowstate,granite-timeseries-flowstate-r1.1,18.524928,18.524928,336,controlled,shared_origin_v1:Hmax=720,720,720,1024,controlled,20861,23021,1024,1024,16,16,100,[],merged,2,1,1344,43361.500032901764,,100,,float32,native_horizon,336,,continuous_decoder,1715.5580357142858,1715.5580357142858,16.818209693545388,3.7863142335131914,0.36361489977155415,0.3849293390909831,49.41723444885815,41.41929545168877,1.2838009073678351,0.5212844069272009,0.44030614163550946,3.7863142335131914,7.385081578500397,0.5126976856336953,-0.6680689142777724,0.44030614163550946,1.5617052718269562,0.28193933233024093,-1.2660633647692776,Nature,1
saugeen/D/short|H=336|L=2048|Hsrc=controlled|Lsrc=controlled|origins=shared_origin_v1:Hmax=720,joint-scaling,release,standard_hl_shared_origin_v1,saugeen/D/short,Granite-FlowState-r1.1,flowstate,granite-timeseries-flowstate-r1.1,18.524928,18.524928,336,controlled,shared_origin_v1:Hmax=720,720,720,2048,controlled,20861,23021,2048,2048,16,16,100,[],merged,2,1,1344,43361.500032901764,,100,,float32,native_horizon,336,,continuous_decoder,1687.4525669642858,1687.4525669642858,15.994198753720237,3.6015040357468355,0.3293476558866955,0.36736772173926946,51.72696582354382,41.07861447230524,1.2732414194362822,0.49574399199034047,0.42697721462333005,3.6015040357468355,7.385081578500397,0.48767288451242147,-0.7181104165150525,0.42697721462333005,1.5617052718269562,0.27340447799336176,-1.2968029759187332,Nature,1
saugeen/D/short|H=336|L=4096|Hsrc=controlled|Lsrc=controlled|origins=shared_origin_v1:Hmax=720,joint-scaling,release,standard_hl_shared_origin_v1,saugeen/D/short,Granite-FlowState-r1.1,flowstate,granite-timeseries-flowstate-r1.1,18.524928,18.524928,336,controlled,shared_origin_v1:Hmax=720,720,720,4096,controlled,20861,23021,4096,4096,16,16,100,[],merged,2,1,1344,43361.500032901764,,100,,float32,native_horizon,336,,continuous_decoder,1568.9252232142858,1568.9252232142858,15.71019781203497,3.539783622661151,0.3386289959862119,0.3656028565906343,41.920277146600995,39.60966073086572,1.2277108490686364,0.48694131529937323,0.4093082639710643,3.539783622661151,7.385081578500397,0.47931543951609723,-0.7353963607000715,0.4093082639710643,1.5617052718269562,0.262090595040533,-1.3390650523926106,Nature,1
saugeen/D/short|H=720|L=128|Hsrc=controlled|Lsrc=controlled|origins=shared_origin_v1:Hmax=720,joint-scaling,release,standard_hl_shared_origin_v1,saugeen/D/short,Granite-FlowState-r1.1,flowstate,granite-timeseries-flowstate-r1.1,18.524928,18.524928,720,controlled,shared_origin_v1:Hmax=720,720,720,128,controlled,20861,23021,128,128,16,16,100,[],merged,2,1,2880,94972.20006084442,,100,,float32,native_horizon,720,,continuous_decoder,2271.403125,2271.403125,21.460262044270834,4.830554988454707,0.5080028957790799,0.5913760715060764,100.09025070816944,47.6592396603219,1.4452504009993625,0.6507752231484999,0.5834636561527391,4.830554988454707,7.510913121627286,0.6431381791043985,-0.44139568031317716,0.5834636561527391,2.036616431144664,0.2864867665949292,-1.2500629337896638,Nature,1
saugeen/D/short|H=720|L=256|Hsrc=controlled|Lsrc=controlled|origins=shared_origin_v1:Hmax=720,joint-scaling,release,standard_hl_shared_origin_v1,saugeen/D/short,Granite-FlowState-r1.1,flowstate,granite-timeseries-flowstate-r1.1,18.524928,18.524928,720,controlled,shared_origin_v1:Hmax=720,720,720,256,controlled,20861,23021,256,256,16,16,100,[],merged,2,1,2880,94972.20006084442,,100,,float32,native_horizon,720,,continuous_decoder,2348.0944444444444,2348.0944444444444,21.691767035590278,4.882254936887952,0.4290355682373047,0.6183509826660156,109.8982304405345,48.457140283393166,1.4694464688273485,0.6577955340876258,0.59581775621871,4.882254936887952,7.510913121627286,0.6500214897746255,-0.4307498554472319,0.59581775621871,2.036616431144664,0.29255275912894185,-1.2291102554850963,Nature,1
saugeen/D/short|H=720|L=512|Hsrc=controlled|Lsrc=controlled|origins=shared_origin_v1:Hmax=720,joint-scaling,release,standard_hl_shared_origin_v1,saugeen/D/short,Granite-FlowState-r1.1,flowstate,granite-timeseries-flowstate-r1.1,18.524928,18.524928,720,controlled,shared_origin_v1:Hmax=720,720,720,512,controlled,20861,23021,512,512,16,16,100,[],merged,2,1,2880,94972.20006084442,,100,,float32,native_horizon,720,,continuous_decoder,2138.0461805555556,2138.0461805555556,19.555082194010417,4.401037169961714,0.37253138224283855,0.5037105984157986,79.3107971584428,46.23901145737823,1.402182458781984,0.5930012854568935,0.5197497527187818,4.401037169961714,7.510913121627286,0.5859523467644905,-0.5345168122262568,0.5197497527187818,2.036616431144664,0.25520257264479623,-1.365697646665777,Nature,1
saugeen/D/short|H=720|L=1024|Hsrc=controlled|Lsrc=controlled|origins=shared_origin_v1:Hmax=720,joint-scaling,release,standard_hl_shared_origin_v1,saugeen/D/short,Granite-FlowState-r1.1,flowstate,granite-timeseries-flowstate-r1.1,18.524928,18.524928,720,controlled,shared_origin_v1:Hmax=720,720,720,1024,controlled,20861,23021,1024,1024,16,16,100,[],merged,2,1,2880,94972.20006084442,,100,,float32,native_horizon,720,,continuous_decoder,1792.6253472222222,1792.6253472222222,17.62688530815972,3.966382823244804,0.3921365525987413,0.43147303263346354,56.08536838782987,42.33940655255128,1.2839282526173748,0.5345293639083528,0.454844161854459,3.966382823244804,7.510913121627286,0.5280826390900208,-0.6385024940947546,0.454844161854459,2.036616431144664,0.22333324768415888,-1.4990902387690748,Nature,1
saugeen/D/short|H=720|L=2048|Hsrc=controlled|Lsrc=controlled|origins=shared_origin_v1:Hmax=720,joint-scaling,release,standard_hl_shared_origin_v1,saugeen/D/short,Granite-FlowState-r1.1,flowstate,granite-timeseries-flowstate-r1.1,18.524928,18.524928,720,controlled,shared_origin_v1:Hmax=720,720,720,2048,controlled,20861,23021,2048,2048,16,16,100,[],merged,2,1,2880,94972.20006084442,,100,,float32,native_horizon,720,,continuous_decoder,1768.5368055555555,1768.5368055555555,17.091532389322918,3.8461119002783017,0.3721895005967882,0.41404605441623266,54.508179823647716,42.05397490791513,1.2752726340676785,0.5182949668399242,0.4415144352302848,3.8461119002783017,7.510913121627286,0.5120698160125992,-0.6692943038391194,0.4415144352302848,2.036616431144664,0.2167882122909787,-1.5288343822463957,Nature,1
saugeen/D/short|H=720|L=4096|Hsrc=controlled|Lsrc=controlled|origins=shared_origin_v1:Hmax=720,joint-scaling,release,standard_hl_shared_origin_v1,saugeen/D/short,Granite-FlowState-r1.1,flowstate,granite-timeseries-flowstate-r1.1,18.524928,18.524928,720,controlled,shared_origin_v1:Hmax=720,720,720,4096,controlled,20861,23021,4096,4096,16,16,100,[],merged,2,1,2880,94972.20006084442,,100,,float32,native_horizon,720,,continuous_decoder,1682.6130208333334,1682.6130208333334,16.61445583767361,3.740124227635161,0.36909400092230904,0.3991160074869792,45.829580024842684,41.019666269160865,1.2439075727370585,0.5038277809911205,0.4222752462881176,3.740124227635161,7.510913121627286,0.49795865922955046,-0.6972382189985835,0.4222752462881176,2.036616431144664,0.20734156900167067,-1.5733877538269503,Nature,1
saugeen/W/short|H=48|L=128|Hsrc=controlled|Lsrc=controlled|origins=shared_origin_v1:Hmax=720,joint-scaling,release,standard_hl_shared_origin_v1,saugeen/W/short,Granite-FlowState-r1.1,flowstate,granite-timeseries-flowstate-r1.1,18.524928,18.524928,48,controlled,shared_origin_v1:Hmax=720,720,720,128,controlled,2671,2671,128,128,16,16,100,[],merged,2,1,48,1301.8571429252625,,100,,float32,native_horizon,48,,continuous_decoder,482.5179850260417,482.5179850260417,12.382737477620443,1.0561685346666794,0.34566060702006024,0.40695786476135254,8.82587228423484,21.96629201813637,0.8099060811705945,0.45655654474517343,0.3665200908990432,1.0561685346666794,2.4447283905978785,0.43201876279122553,-0.8392862592940894,0.3665200908990432,1.3379684481783347,0.2739377684115542,-1.2948543209758758,Nature,1
saugeen/W/short|H=48|L=256|Hsrc=controlled|Lsrc=controlled|origins=shared_origin_v1:Hmax=720,joint-scaling,release,standard_hl_shared_origin_v1,saugeen/W/short,Granite-FlowState-r1.1,flowstate,granite-timeseries-flowstate-r1.1,18.524928,18.524928,48,controlled,shared_origin_v1:Hmax=720,720,720,256,controlled,2671,2671,256,256,16,16,100,[],merged,2,1,48,1301.8571429252625,,100,,float32,native_horizon,48,,continuous_decoder,411.3138020833333,411.3138020833333,11.529005686442057,0.9833506922940262,0.33584169546763104,0.38911016782124835,10.800759492504445,20.280872813647182,0.7477639926510361,0.4250791079163654,0.36210135183727116,0.9833506922940262,2.4447283905978785,0.4022331053526726,-0.9107234943579429,0.36210135183727116,1.3379684481783347,0.2706351949706123,-1.3069835089881174,Nature,1
saugeen/W/short|H=48|L=512|Hsrc=controlled|Lsrc=controlled|origins=shared_origin_v1:Hmax=720,joint-scaling,release,standard_hl_shared_origin_v1,saugeen/W/short,Granite-FlowState-r1.1,flowstate,granite-timeseries-flowstate-r1.1,18.524928,18.524928,48,controlled,shared_origin_v1:Hmax=720,720,720,512,controlled,2671,2671,512,512,16,16,100,[],merged,2,1,48,1301.8571429252625,,100,,float32,native_horizon,48,,continuous_decoder,398.6410319010417,398.6410319010417,10.634091059366861,0.9070201792584047,0.30553462107976276,0.36534277598063153,8.78332097757127,19.965996892242615,0.7361543899311416,0.39208324325252997,0.3336603132213558,0.9070201792584047,2.4447283905978785,0.3710106131816899,-0.9915246098251403,0.3336603132213558,1.3379684481783347,0.2493783120787636,-1.3887842099073562,Nature,1
saugeen/W/short|H=48|L=1024|Hsrc=controlled|Lsrc=controlled|origins=shared_origin_v1:Hmax=720,joint-scaling,release,standard_hl_shared_origin_v1,saugeen/W/short,Granite-FlowState-r1.1,flowstate,granite-timeseries-flowstate-r1.1,18.524928,18.524928,48,controlled,shared_origin_v1:Hmax=720,720,720,1024,controlled,2671,2671,1024,1024,16,16,100,[],merged,2,1,48,1301.8571429252625,,100,,float32,native_horizon,48,,continuous_decoder,355.6107991536458,355.6107991536458,10.388790766398111,0.8860976126888463,0.30021480719248456,0.3282277186711629,6.254564738969172,18.85764564185163,0.6952890305421495,0.38303892212521873,0.31710595540052444,0.8860976126888463,2.4447283905978785,0.36245237552632337,-1.0148621911766527,0.31710595540052444,1.3379684481783347,0.2370055555736529,-1.4396716968827057,Nature,1
saugeen/W/short|H=48|L=2048|Hsrc=controlled|Lsrc=controlled|origins=shared_origin_v1:Hmax=720,joint-scaling,release,standard_hl_shared_origin_v1,saugeen/W/short,Granite-FlowState-r1.1,flowstate,granite-timeseries-flowstate-r1.1,18.524928,18.524928,48,controlled,shared_origin_v1:Hmax=720,720,720,2048,controlled,2671,2671,2048,2048,16,16,100,[],merged,2,1,48,1301.8571429252625,,100,,float32,native_horizon,48,,continuous_decoder,321.6441650390625,321.6441650390625,9.57992426554362,0.817106429189976,0.2884392937024434,0.31680774688720703,6.207573521668355,17.934440750663583,0.6612500923853457,0.3532156867172424,0.29920347105229245,0.817106429189976,2.4447283905978785,0.33423198762384637,-1.095919953386038,0.29920347105229245,1.3379684481783347,0.2236252069020482,-1.4977838119349085,Nature,1
saugeen/W/short|H=48|L=4096|Hsrc=controlled|Lsrc=controlled|origins=shared_origin_v1:Hmax=720,joint-scaling,release,standard_hl_shared_origin_v1,saugeen/W/short,Granite-FlowState-r1.1,flowstate,granite-timeseries-flowstate-r1.1,18.524928,18.524928,48,controlled,shared_origin_v1:Hmax=720,720,720,4096,controlled,2671,2671,2671,2671,16,16,100,[],merged,2,1,48,1301.8571429252625,,100,,float32,native_horizon,48,,continuous_decoder,323.65496826171875,323.65496826171875,9.466384251912435,0.8074222236833083,0.2762180169423421,0.3110109170277913,6.6372003093795024,17.9904132321,0.6633138204399548,0.34902942044070534,0.2973679941962654,0.8074222236833083,2.4447283905978785,0.3302707273284647,-1.1078425750103094,0.2973679941962654,1.3379684481783347,0.22225336823236502,-1.5039372495517125,Nature,1
saugeen/W/short|H=96|L=128|Hsrc=controlled|Lsrc=controlled|origins=shared_origin_v1:Hmax=720,joint-scaling,release,standard_hl_shared_origin_v1,saugeen/W/short,Granite-FlowState-r1.1,flowstate,granite-timeseries-flowstate-r1.1,18.524928,18.524928,96,controlled,shared_origin_v1:Hmax=720,720,720,128,controlled,2671,2671,128,128,16,16,100,[],merged,2,1,96,3321.7142910957336,,100,,float32,native_horizon,96,,continuous_decoder,1125.4175618489583,1125.4175618489583,19.448535919189453,1.6588360942828129,0.4187431335449219,0.570193886756897,20.493820072886958,33.54724372953698,0.9695401578241073,0.5620770736505157,0.47268384141319203,1.6588360942828129,2.322296545884376,0.714308470734557,-0.3364403781003211,0.47268384141319203,1.4049036993226194,0.33645284131652486,-1.0892972843945405,Nature,1
saugeen/W/short|H=96|L=256|Hsrc=controlled|Lsrc=controlled|origins=shared_origin_v1:Hmax=720,joint-scaling,release,standard_hl_shared_origin_v1,saugeen/W/short,Granite-FlowState-r1.1,flowstate,granite-timeseries-flowstate-r1.1,18.524928,18.524928,96,controlled,shared_origin_v1:Hmax=720,720,720,256,controlled,2671,2671,256,256,16,16,100,[],merged,2,1,96,3321.7142910957336,,100,,float32,native_horizon,96,,continuous_decoder,992.3251953125,992.3251953125,18.563065846761067,1.5833111585003543,0.41855116685231525,0.5706923007965088,22.310573980514494,31.501193553776655,0.910407794333508,0.5364863335977088,0.46446588656141674,1.5833111585003543,2.322296545884376,0.6817868119841682,-0.383038262404443,0.46446588656141674,1.4049036993226194,0.3306033621986767,-1.1068359236569796,Nature,1
saugeen/W/short|H=96|L=512|Hsrc=controlled|Lsrc=controlled|origins=shared_origin_v1:Hmax=720,joint-scaling,release,standard_hl_shared_origin_v1,saugeen/W/short,Granite-FlowState-r1.1,flowstate,granite-timeseries-flowstate-r1.1,18.524928,18.524928,96,controlled,shared_origin_v1:Hmax=720,720,720,512,controlled,2671,2671,512,512,16,16,100,[],merged,2,1,96,3321.7142910957336,,100,,float32,native_horizon,96,,continuous_decoder,898.5069173177084,898.5069173177084,17.005330403645832,1.4504463151825078,0.37555893262227374,0.5040159225463867,14.709033972459785,29.975104959244234,0.866302705142714,0.4914666270745048,0.4148692983049608,1.4504463151825078,2.322296545884376,0.624574117268968,-0.47068527388231446,0.4148692983049608,1.4049036993226194,0.2953008797008591,-1.2197605112293857,Nature,1
saugeen/W/short|H=96|L=1024|Hsrc=controlled|Lsrc=controlled|origins=shared_origin_v1:Hmax=720,joint-scaling,release,standard_hl_shared_origin_v1,saugeen/W/short,Granite-FlowState-r1.1,flowstate,granite-timeseries-flowstate-r1.1,18.524928,18.524928,96,controlled,shared_origin_v1:Hmax=720,720,720,1024,controlled,2671,2671,1024,1024,16,16,100,[],merged,2,1,96,3321.7142910957336,,100,,float32,native_horizon,96,,continuous_decoder,828.8369954427084,828.8369954427084,16.892459869384766,1.4408191060839943,0.3898501793543498,0.5019840796788534,16.50679720934375,28.789529267473416,0.8320386907104389,0.4882045851469048,0.42040673318575306,1.4408191060839943,2.322296545884376,0.6204285618206017,-0.4773448109886494,0.42040673318575306,1.4049036993226194,0.2992423846477549,-1.2065013829956668,Nature,1
saugeen/W/short|H=96|L=2048|Hsrc=controlled|Lsrc=controlled|origins=shared_origin_v1:Hmax=720,joint-scaling,release,standard_hl_shared_origin_v1,saugeen/W/short,Granite-FlowState-r1.1,flowstate,granite-timeseries-flowstate-r1.1,18.524928,18.524928,96,controlled,shared_origin_v1:Hmax=720,720,720,2048,controlled,2671,2671,2048,2048,16,16,100,[],merged,2,1,96,3321.7142910957336,,100,,float32,native_horizon,96,,continuous_decoder,835.9359537760416,835.9359537760416,16.582173665364582,1.41435368436468,0.37990673383076984,0.48965489864349365,15.79990611157479,28.912557025902114,0.8355942839295232,0.47923708433993095,0.4070618242065096,1.41435368436468,2.322296545884376,0.6090323334766303,-0.4958839199449423,0.4070618242065096,1.4049036993226194,0.2897435777290474,-1.238758961877472,Nature,1
saugeen/W/short|H=96|L=4096|Hsrc=controlled|Lsrc=controlled|origins=shared_origin_v1:Hmax=720,joint-scaling,release,standard_hl_shared_origin_v1,saugeen/W/short,Granite-FlowState-r1.1,flowstate,granite-timeseries-flowstate-r1.1,18.524928,18.524928,96,controlled,shared_origin_v1:Hmax=720,720,720,4096,controlled,2671,2671,2671,2671,16,16,100,[],merged,2,1,96,3321.7142910957336,,100,,float32,native_horizon,96,,continuous_decoder,854.7527669270834,854.7527669270834,16.872845967610676,1.43914614665098,0.38513676325480145,0.5057666301727295,18.580925400634857,29.236155132422653,0.844946508565232,0.48763772887773077,0.4188194259479901,1.43914614665098,2.322296545884376,0.6197081717240056,-0.4785066025204049,0.4188194259479901,1.4049036993226194,0.29811255116626556,-1.2102841753056706,Nature,1
saugeen/W/short|H=192|L=128|Hsrc=controlled|Lsrc=controlled|origins=shared_origin_v1:Hmax=720,joint-scaling,release,standard_hl_shared_origin_v1,saugeen/W/short,Granite-FlowState-r1.1,flowstate,granite-timeseries-flowstate-r1.1,18.524928,18.524928,192,controlled,shared_origin_v1:Hmax=720,720,720,128,controlled,2671,2671,128,128,16,16,100,[],merged,2,1,192,6644.128565788269,,100,,float32,native_horizon,192,,continuous_decoder,1134.6756998697917,1134.6756998697917,18.50656509399414,1.578492009114923,0.38010621070861816,0.5054470698038737,16.398984678959184,33.684947675034195,0.9734173397710661,0.5347970712582548,0.4422987745127527,1.578492009114923,2.5613281149382647,0.6162787188056026,-0.4840559521867967,0.4422987745127527,1.9253131793188218,0.22972822253740482,-1.4708583098890071,Nature,1
saugeen/W/short|H=192|L=256|Hsrc=controlled|Lsrc=controlled|origins=shared_origin_v1:Hmax=720,joint-scaling,release,standard_hl_shared_origin_v1,saugeen/W/short,Granite-FlowState-r1.1,flowstate,granite-timeseries-flowstate-r1.1,18.524928,18.524928,192,controlled,shared_origin_v1:Hmax=720,720,720,256,controlled,2671,2671,256,256,16,16,100,[],merged,2,1,192,6644.128565788269,,100,,float32,native_horizon,192,,continuous_decoder,1026.4312337239583,1026.4312337239583,18.0778071085612,1.5419217619199277,0.38915594418843585,0.5250282287597656,17.74281824759635,32.03796550538062,0.9258233515689475,0.5224069538202791,0.4353654642040734,1.5419217619199277,2.5613281149382647,0.6020008732684732,-0.5074963830622865,0.4353654642040734,1.9253131793188218,0.22612708876698503,-1.486658098086632,Nature,1
saugeen/W/short|H=192|L=512|Hsrc=controlled|Lsrc=controlled|origins=shared_origin_v1:Hmax=720,joint-scaling,release,standard_hl_shared_origin_v1,saugeen/W/short,Granite-FlowState-r1.1,flowstate,granite-timeseries-flowstate-r1.1,18.524928,18.524928,192,controlled,shared_origin_v1:Hmax=720,720,720,512,controlled,2671,2671,512,512,16,16,100,[],merged,2,1,192,6644.128565788269,,100,,float32,native_horizon,192,,continuous_decoder,902.8701171875,902.8701171875,16.532366434733074,1.4101054150094312,0.353622039159139,0.4544535477956136,11.970229527218132,30.04779721023656,0.8683120754272997,0.4777472807816079,0.39013240090887463,1.4101054150094312,2.5613281149382647,0.5505368120489392,-0.5968614548481409,0.39013240090887463,1.9253131793188218,0.20263321577994078,-1.5963577530243411,Nature,1
saugeen/W/short|H=192|L=1024|Hsrc=controlled|Lsrc=controlled|origins=shared_origin_v1:Hmax=720,joint-scaling,release,standard_hl_shared_origin_v1,saugeen/W/short,Granite-FlowState-r1.1,flowstate,granite-timeseries-flowstate-r1.1,18.524928,18.524928,192,controlled,shared_origin_v1:Hmax=720,720,720,1024,controlled,2671,2671,1024,1024,16,16,100,[],merged,2,1,192,6644.128565788269,,100,,float32,native_horizon,192,,continuous_decoder,865.350341796875,865.350341796875,16.66189193725586,1.4211531930880612,0.3670773108800252,0.468100627263387,14.104745315083582,29.416837725983992,0.8500788007733014,0.48149026923195626,0.3974130863650471,1.4211531930880612,2.5613281149382647,0.5548501126425636,-0.5890572690211422,0.3974130863650471,1.9253131793188218,0.2064147748189478,-1.577867664511566,Nature,1
saugeen/W/short|H=192|L=2048|Hsrc=controlled|Lsrc=controlled|origins=shared_origin_v1:Hmax=720,joint-scaling,release,standard_hl_shared_origin_v1,saugeen/W/short,Granite-FlowState-r1.1,flowstate,granite-timeseries-flowstate-r1.1,18.524928,18.524928,192,controlled,shared_origin_v1:Hmax=720,720,720,2048,controlled,2671,2671,2048,2048,16,16,100,[],merged,2,1,192,6644.128565788269,,100,,float32,native_horizon,192,,continuous_decoder,825.5970865885416,825.5970865885416,15.933667500813803,1.359040195843592,0.35093454519907635,0.4384725093841553,13.562074581745934,28.7332052961124,0.8303233994086722,0.46044626166761937,0.3800350547131191,1.359040195843592,2.5613281149382647,0.5305998040303199,-0.6337472066145631,0.3800350547131191,1.9253131793188218,0.19738869436689566,-1.6225804263336618,Nature,1
saugeen/W/short|H=192|L=4096|Hsrc=controlled|Lsrc=controlled|origins=shared_origin_v1:Hmax=720,joint-scaling,release,standard_hl_shared_origin_v1,saugeen/W/short,Granite-FlowState-r1.1,flowstate,granite-timeseries-flowstate-r1.1,18.524928,18.524928,192,controlled,shared_origin_v1:Hmax=720,720,720,4096,controlled,2671,2671,2671,2671,16,16,100,[],merged,2,1,192,6644.128565788269,,100,,float32,native_horizon,192,,continuous_decoder,851.8385416666666,851.8385416666666,16.347735087076824,1.3943575134189643,0.3613482713699341,0.4610404173533122,15.893309543351009,29.1862731719325,0.8434160166414844,0.47241186043280037,0.3930688407787833,1.3943575134189643,2.5613281149382647,0.5443884777146454,-0.6080921735378377,0.3930688407787833,1.9253131793188218,0.20415839095738778,-1.5888591601391568,Nature,1
saugeen/W/short|H=336|L=128|Hsrc=controlled|Lsrc=controlled|origins=shared_origin_v1:Hmax=720,joint-scaling,release,standard_hl_shared_origin_v1,saugeen/W/short,Granite-FlowState-r1.1,flowstate,granite-timeseries-flowstate-r1.1,18.524928,18.524928,336,controlled,shared_origin_v1:Hmax=720,720,720,128,controlled,2671,2671,128,128,16,16,100,[],merged,2,1,336,10768.314269065857,,100,,float32,native_horizon,336,,continuous_decoder,1147.7659970238096,1147.7659970238096,16.572697230747767,1.4135453142973227,0.3718964940025693,0.4546027864728655,15.775266622879279,33.878695326470435,1.057105257634866,0.5171121616990387,0.42935799899355703,1.4135453142973227,2.6937625935473966,0.5247475474205895,-0.6448379940977681,0.42935799899355703,2.7050943488662202,0.15872200508404183,-1.840601002687403,Nature,1
saugeen/W/short|H=336|L=256|Hsrc=controlled|Lsrc=controlled|origins=shared_origin_v1:Hmax=720,joint-scaling,release,standard_hl_shared_origin_v1,saugeen/W/short,Granite-FlowState-r1.1,flowstate,granite-timeseries-flowstate-r1.1,18.524928,18.524928,336,controlled,shared_origin_v1:Hmax=720,720,720,256,controlled,2671,2671,256,256,16,16,100,[],merged,2,1,336,10768.314269065857,,100,,float32,native_horizon,336,,continuous_decoder,1039.7526041666667,1039.7526041666667,15.882420131138392,1.3546691420418346,0.3521856353396461,0.44856248583112446,15.142868442058917,32.24519505549109,1.0061357114891187,0.49557368318945216,0.4121215107653356,1.3546691420418346,2.6937625935473966,0.5028910659338693,-0.6873817010567311,0.4121215107653356,2.7050943488662202,0.15235014295825472,-1.8815738351967095,Nature,1
saugeen/W/short|H=336|L=512|Hsrc=controlled|Lsrc=controlled|origins=shared_origin_v1:Hmax=720,joint-scaling,release,standard_hl_shared_origin_v1,saugeen/W/short,Granite-FlowState-r1.1,flowstate,granite-timeseries-flowstate-r1.1,18.524928,18.524928,336,controlled,shared_origin_v1:Hmax=720,720,720,512,controlled,2671,2671,512,512,16,16,100,[],merged,2,1,336,10768.314269065857,,100,,float32,native_horizon,336,,continuous_decoder,953.3335193452381,953.3335193452381,15.075390043712797,1.2858348095730057,0.3526255970909482,0.41146119435628253,12.319815935065773,30.876099483989847,0.9634162940826352,0.47039220142735616,0.3883849588703095,1.2858348095730057,2.6937625935473966,0.4773378369174319,-0.7395307852912759,0.3883849588703095,2.7050943488662202,0.14357538362131153,-1.9408950603125776,Nature,1
saugeen/W/short|H=336|L=1024|Hsrc=controlled|Lsrc=controlled|origins=shared_origin_v1:Hmax=720,joint-scaling,release,standard_hl_shared_origin_v1,saugeen/W/short,Granite-FlowState-r1.1,flowstate,granite-timeseries-flowstate-r1.1,18.524928,18.524928,336,controlled,shared_origin_v1:Hmax=720,720,720,1024,controlled,2671,2671,1024,1024,16,16,100,[],merged,2,1,336,10768.314269065857,,100,,float32,native_horizon,336,,continuous_decoder,937.4404761904761,937.4404761904761,15.206311907087054,1.2970015169917235,0.3484796569460914,0.42152890704926993,13.345165447287725,30.61764974962115,0.9553519760679442,0.4744773112221287,0.3924160391736675,1.2970015169917235,2.6937625935473966,0.4814832309642074,-0.7308838750083475,0.3924160391736675,2.7050943488662202,0.1450655646588223,-1.930569468698795,Nature,1
saugeen/W/short|H=336|L=2048|Hsrc=controlled|Lsrc=controlled|origins=shared_origin_v1:Hmax=720,joint-scaling,release,standard_hl_shared_origin_v1,saugeen/W/short,Granite-FlowState-r1.1,flowstate,granite-timeseries-flowstate-r1.1,18.524928,18.524928,336,controlled,shared_origin_v1:Hmax=720,720,720,2048,controlled,2671,2671,2048,2048,16,16,100,[],merged,2,1,336,10768.314269065857,,100,,float32,native_horizon,336,,continuous_decoder,929.5199032738095,929.5199032738095,14.996550060453869,1.279110129144915,0.3534142630440848,0.4087450844900949,13.299299499340385,30.48802885189217,0.9513074598559638,0.46793218459342156,0.38772647754985123,1.279110129144915,2.6937625935473966,0.47484144750130486,-0.7447743254034532,0.38772647754985123,2.7050943488662202,0.14333196093968334,-1.9425919338478963,Nature,1
saugeen/W/short|H=336|L=4096|Hsrc=controlled|Lsrc=controlled|origins=shared_origin_v1:Hmax=720,joint-scaling,release,standard_hl_shared_origin_v1,saugeen/W/short,Granite-FlowState-r1.1,flowstate,granite-timeseries-flowstate-r1.1,18.524928,18.524928,336,controlled,shared_origin_v1:Hmax=720,720,720,4096,controlled,2671,2671,2671,2671,16,16,100,[],merged,2,1,336,10768.314269065857,,100,,float32,native_horizon,336,,continuous_decoder,943.5132998511905,943.5132998511905,15.259655180431547,1.301551285058815,0.35961991264706566,0.4217549278622582,14.835712482317179,30.716661600037046,0.9584414087227201,0.4761417630012933,0.39714448370508704,1.301551285058815,2.6937625935473966,0.4831722320951867,-0.7273821007032302,0.39714448370508704,2.7050943488662202,0.14681354233413013,-1.9185919168240189,Nature,1
saugeen/W/short|H=720|L=128|Hsrc=controlled|Lsrc=controlled|origins=shared_origin_v1:Hmax=720,joint-scaling,release,standard_hl_shared_origin_v1,saugeen/W/short,Granite-FlowState-r1.1,flowstate,granite-timeseries-flowstate-r1.1,18.524928,18.524928,720,controlled,shared_origin_v1:Hmax=720,720,720,128,controlled,2671,2671,128,128,16,16,100,[],merged,2,1,720,23266.02853870392,,100,,float32,native_horizon,720,,continuous_decoder,1255.551736111111,1255.551736111111,16.7749267578125,1.4307943145228526,0.3642525143093533,0.4511426289876302,16.464938421254725,35.43376548027476,1.0965477457124722,0.5191237191827939,0.43022871928773737,1.4307943145228526,2.73253347642006,0.5236145602129498,-0.6469994374396902,0.43022871928773737,3.8595468091044376,0.11147130493996182,-2.1939880760019412,Nature,1
saugeen/W/short|H=720|L=256|Hsrc=controlled|Lsrc=controlled|origins=shared_origin_v1:Hmax=720,joint-scaling,release,standard_hl_shared_origin_v1,saugeen/W/short,Granite-FlowState-r1.1,flowstate,granite-timeseries-flowstate-r1.1,18.524928,18.524928,720,controlled,shared_origin_v1:Hmax=720,720,720,256,controlled,2671,2671,256,256,16,16,100,[],merged,2,1,720,23266.02853870392,,100,,float32,native_horizon,720,,continuous_decoder,1137.168923611111,1137.168923611111,15.877802191840278,1.3542753721826402,0.3386541578504774,0.43289854261610244,14.676532194890402,33.7219353479469,1.0435727528714844,0.4913609367884771,0.4064268295370279,1.3542753721826402,2.73253347642006,0.4956116306969824,-0.70196266159093,0.4064268295370279,3.8595468091044376,0.1053042882076962,-2.2509011369515832,Nature,1
saugeen/W/short|H=720|L=512|Hsrc=controlled|Lsrc=controlled|origins=shared_origin_v1:Hmax=720,joint-scaling,release,standard_hl_shared_origin_v1,saugeen/W/short,Granite-FlowState-r1.1,flowstate,granite-timeseries-flowstate-r1.1,18.524928,18.524928,720,controlled,shared_origin_v1:Hmax=720,720,720,512,controlled,2671,2671,512,512,16,16,100,[],merged,2,1,720,23266.02853870392,,100,,float32,native_horizon,720,,continuous_decoder,1060.1098958333334,1060.1098958333334,15.275416395399306,1.3028956420967202,0.34100541008843316,0.4065664503309462,13.803199781633936,32.55932886030259,1.007594258745966,0.472719260461295,0.3918932890359411,1.3028956420967202,2.73253347642006,0.4768086661480417,-0.7406399877501115,0.3918932890359411,3.8595468091044376,0.10153868016615021,-2.287315467714096,Nature,1
saugeen/W/short|H=720|L=1024|Hsrc=controlled|Lsrc=controlled|origins=shared_origin_v1:Hmax=720,joint-scaling,release,standard_hl_shared_origin_v1,saugeen/W/short,Granite-FlowState-r1.1,flowstate,granite-timeseries-flowstate-r1.1,18.524928,18.524928,720,controlled,shared_origin_v1:Hmax=720,720,720,1024,controlled,2671,2671,1024,1024,16,16,100,[],merged,2,1,720,23266.02853870392,,100,,float32,native_horizon,720,,continuous_decoder,1037.8479166666666,1037.8479166666666,15.36370849609375,1.3104263677869372,0.3407920837402344,0.4197381761338976,14.554107241821923,32.21564707819271,0.9969585422674329,0.47545158378816826,0.3932266375544457,1.3104263677869372,2.73253347642006,0.47956461616849055,-0.7348766363476357,0.3932266375544457,3.8595468091044376,0.1018841478037908,-2.283918917059347,Nature,1
saugeen/W/short|H=720|L=2048|Hsrc=controlled|Lsrc=controlled|origins=shared_origin_v1:Hmax=720,joint-scaling,release,standard_hl_shared_origin_v1,saugeen/W/short,Granite-FlowState-r1.1,flowstate,granite-timeseries-flowstate-r1.1,18.524928,18.524928,720,controlled,shared_origin_v1:Hmax=720,720,720,2048,controlled,2671,2671,2048,2048,16,16,100,[],merged,2,1,720,23266.02853870392,,100,,float32,native_horizon,720,,continuous_decoder,1016.7688368055556,1016.7688368055556,15.126066080729167,1.2901570625664616,0.34531968434651694,0.4079348670111762,13.51751491152559,31.88681289821163,0.9867823057347338,0.4680974047636792,0.38549130363981415,1.2901570625664616,2.73253347642006,0.4721468460312219,-0.750465227309726,0.38549130363981415,3.8595468091044376,0.09987993997908341,-2.3037864145010274,Nature,1
saugeen/W/short|H=720|L=4096|Hsrc=controlled|Lsrc=controlled|origins=shared_origin_v1:Hmax=720,joint-scaling,release,standard_hl_shared_origin_v1,saugeen/W/short,Granite-FlowState-r1.1,flowstate,granite-timeseries-flowstate-r1.1,18.524928,18.524928,720,controlled,shared_origin_v1:Hmax=720,720,720,4096,controlled,2671,2671,2671,2671,16,16,100,[],merged,2,1,720,23266.02853870392,,100,,float32,native_horizon,720,,continuous_decoder,1006.16484375,1006.16484375,15.160468207465279,1.2930914064774863,0.3474845462375217,0.4116254594590929,14.443052870829662,31.720101572189204,0.9816231891052468,0.4691620269964249,0.38865414826415606,1.2930914064774863,2.73253347642006,0.47322070072919586,-0.7481934015769346,0.38865414826415606,3.8595468091044376,0.10069942599150357,-2.295615179457545,Nature,1
solar/10T/short|H=48|L=128|Hsrc=controlled|Lsrc=controlled|origins=shared_origin_v1:Hmax=720,joint-scaling,release,standard_hl_shared_origin_v1,solar/10T/short,Granite-FlowState-r1.1,flowstate,granite-timeseries-flowstate-r1.1,18.524928,18.524928,48,controlled,shared_origin_v1:Hmax=720,720,720,128,controlled,46800,51840,128,128,16,16,100,[],merged,2,137,52608,25625.249984469265,,100,,float32,native_horizon,48,,continuous_decoder,1.2734445957081741,1.2734445957081741,0.23886761932187417,0.09832331904268252,2.0548868557616267,1.5798649142275436,1.6082243945689596,1.1284700242842847,2.316720854373246,0.49038927327152954,0.4759793751973978,0.09832331904268252,0.06312709153425175,1.5575455268572584,0.4431112019792335,0.4759793751973978,2.7053515916525894,0.17593993204655567,-1.7376126373884682,Energy,1
solar/10T/short|H=48|L=256|Hsrc=controlled|Lsrc=controlled|origins=shared_origin_v1:Hmax=720,joint-scaling,release,standard_hl_shared_origin_v1,solar/10T/short,Granite-FlowState-r1.1,flowstate,granite-timeseries-flowstate-r1.1,18.524928,18.524928,48,controlled,shared_origin_v1:Hmax=720,720,720,256,controlled,46800,51840,256,256,16,16,100,[],merged,2,137,52608,25625.249984469265,,100,,float32,native_horizon,48,,continuous_decoder,0.9014548350424663,0.9014548350424663,0.20416746725421173,0.0849953626365063,1.875765971960446,1.665219768929216,1.175578170658117,0.9494497538271661,1.9491966977731734,0.4191507253127009,0.393345444119304,0.0849953626365063,0.06312709153425175,1.3464165791701201,0.297446677521944,0.393345444119304,2.7053515916525894,0.14539531398912378,-1.9282989428124924,Energy,1
solar/10T/short|H=48|L=512|Hsrc=controlled|Lsrc=controlled|origins=shared_origin_v1:Hmax=720,joint-scaling,release,standard_hl_shared_origin_v1,solar/10T/short,Granite-FlowState-r1.1,flowstate,granite-timeseries-flowstate-r1.1,18.524928,18.524928,48,controlled,shared_origin_v1:Hmax=720,720,720,512,controlled,46800,51840,512,512,16,16,100,[],merged,2,137,52608,25625.249984469265,,100,,float32,native_horizon,48,,continuous_decoder,1.08569507877322,1.08569507877322,0.21330576511485153,0.08756439977725312,1.571522126224048,1.7737011670518172,0.7388309025232713,1.0419669278692198,2.139132151864517,0.437911423223703,0.35744688170385025,0.08756439977725312,0.06312709153425175,1.3871128488430688,0.3272244998420848,0.35744688170385025,2.7053515916525894,0.13212585114879669,-2.024000392815916,Energy,1
solar/10T/short|H=48|L=1024|Hsrc=controlled|Lsrc=controlled|origins=shared_origin_v1:Hmax=720,joint-scaling,release,standard_hl_shared_origin_v1,solar/10T/short,Granite-FlowState-r1.1,flowstate,granite-timeseries-flowstate-r1.1,18.524928,18.524928,48,controlled,shared_origin_v1:Hmax=720,720,720,1024,controlled,46800,51840,1024,1024,16,16,100,[],merged,2,137,52608,25625.249984469265,,100,,float32,native_horizon,48,,continuous_decoder,0.8428388918113244,0.8428388918113244,0.18832877082546262,0.07724038853663782,2.282054161073947,1.6831111949864201,0.6481218794558619,0.9180625751065797,1.8847596015835415,0.38663427602035694,0.3130063162835143,0.07724038853663782,0.06312709153425175,1.2235695746370387,0.20177246753681657,0.3130063162835143,2.7053515916525894,0.11569894177499918,-2.156763791107833,Energy,1
solar/10T/short|H=48|L=2048|Hsrc=controlled|Lsrc=controlled|origins=shared_origin_v1:Hmax=720,joint-scaling,release,standard_hl_shared_origin_v1,solar/10T/short,Granite-FlowState-r1.1,flowstate,granite-timeseries-flowstate-r1.1,18.524928,18.524928,48,controlled,shared_origin_v1:Hmax=720,720,720,2048,controlled,46800,51840,2048,2048,16,16,100,[],merged,2,137,52608,25625.249984469265,,100,,float32,native_horizon,48,,continuous_decoder,0.8209603244660835,0.8209603244660835,0.19102065783637573,0.07986022929513568,2.7626554110366923,1.7636321599221942,0.7320994177564714,0.906068609138449,1.8601362881706445,0.3921606530100818,0.3200119852452932,0.07986022929513568,0.06312709153425175,1.2650706274310897,0.23512795258227331,0.3200119852452932,2.7053515916525894,0.1182885012922889,-2.1346287122799765,Energy,1
solar/10T/short|H=48|L=4096|Hsrc=controlled|Lsrc=controlled|origins=shared_origin_v1:Hmax=720,joint-scaling,release,standard_hl_shared_origin_v1,solar/10T/short,Granite-FlowState-r1.1,flowstate,granite-timeseries-flowstate-r1.1,18.524928,18.524928,48,controlled,shared_origin_v1:Hmax=720,720,720,4096,controlled,46800,51840,4096,4096,16,16,100,[],merged,2,137,52608,25625.249984469265,,100,,float32,native_horizon,48,,continuous_decoder,0.80989379836405,0.80989379836405,0.18644586879841601,0.07750614165731291,2.7348755117526844,1.7882073606762792,0.7151874008465637,0.8999409971570635,1.8475564533861215,0.3827687250540678,0.3150121925234298,0.07750614165731291,0.06312709153425175,1.227779385579,0.2052071601480425,0.3150121925234298,2.7053515916525894,0.11644038929927096,-2.150375816763765,Energy,1
solar/10T/short|H=96|L=128|Hsrc=controlled|Lsrc=controlled|origins=shared_origin_v1:Hmax=720,joint-scaling,release,standard_hl_shared_origin_v1,solar/10T/short,Granite-FlowState-r1.1,flowstate,granite-timeseries-flowstate-r1.1,18.524928,18.524928,96,controlled,shared_origin_v1:Hmax=720,720,720,128,controlled,46800,51840,128,128,16,16,100,[],merged,2,137,105216,788758.9999858476,,100,,float32,native_horizon,96,,continuous_decoder,32.29940977815874,32.29940977815874,2.502978076609962,1.097149682464875,1.5822654124657929,0.7867406623283723,15.938355854546694,5.683256969217452,0.7581144117327505,0.3338831522851961,0.2891977440789526,1.097149682464875,1.1131332342854092,0.9856409355787539,-0.014463153401872047,0.2891977440789526,0.37923992534823775,0.7625719887308707,-0.2710583635067286,Energy,1
solar/10T/short|H=96|L=256|Hsrc=controlled|Lsrc=controlled|origins=shared_origin_v1:Hmax=720,joint-scaling,release,standard_hl_shared_origin_v1,solar/10T/short,Granite-FlowState-r1.1,flowstate,granite-timeseries-flowstate-r1.1,18.524928,18.524928,96,controlled,shared_origin_v1:Hmax=720,720,720,256,controlled,46800,51840,256,256,16,16,100,[],merged,2,137,105216,788758.9999858476,,100,,float32,native_horizon,96,,continuous_decoder,29.453432848853787,29.453432848853787,2.4416355541442725,1.07179895088045,1.6582811438432257,0.8219227233077138,12.083164337968226,5.427101698775672,0.7239447440201972,0.3257004059154358,0.2730346240873138,1.07179895088045,1.1131332342854092,0.9628667241873392,-0.03784027324420217,0.2730346240873138,0.37923992534823775,0.7199522145159144,-0.3285704379024342,Energy,1
solar/10T/short|H=96|L=512|Hsrc=controlled|Lsrc=controlled|origins=shared_origin_v1:Hmax=720,joint-scaling,release,standard_hl_shared_origin_v1,solar/10T/short,Granite-FlowState-r1.1,flowstate,granite-timeseries-flowstate-r1.1,18.524928,18.524928,96,controlled,shared_origin_v1:Hmax=720,720,720,512,controlled,46800,51840,512,512,16,16,100,[],merged,2,137,105216,788758.9999858476,,100,,float32,native_horizon,96,,continuous_decoder,28.0246592055272,28.0246592055272,2.560530836564781,1.116934383552337,1.6949132804329576,0.9623941837303682,6.6016817290783765,5.293832185244183,0.7061673428926274,0.3415603657198636,0.26681880263245245,1.116934383552337,1.1131332342854092,1.0034148196728383,0.0034090024156337635,0.26681880263245245,0.37923992534823775,0.7035620059977746,-0.3515992670114139,Energy,1
solar/10T/short|H=96|L=1024|Hsrc=controlled|Lsrc=controlled|origins=shared_origin_v1:Hmax=720,joint-scaling,release,standard_hl_shared_origin_v1,solar/10T/short,Granite-FlowState-r1.1,flowstate,granite-timeseries-flowstate-r1.1,18.524928,18.524928,96,controlled,shared_origin_v1:Hmax=720,720,720,1024,controlled,46800,51840,1024,1024,16,16,100,[],merged,2,137,105216,788758.9999858476,,100,,float32,native_horizon,96,,continuous_decoder,30.384339455560465,30.384339455560465,2.885242527128716,1.259955286177899,3.053528739390245,0.869669934358532,11.129437512894446,5.512199148757278,0.7352962636826357,0.38487507304489954,0.31176041129345045,1.259955286177899,1.1131332342854092,1.1318998008237031,0.1238974606898849,0.31176041129345045,0.37923992534823775,0.8220664293380394,-0.19593407291140183,Energy,1
solar/10T/short|H=96|L=2048|Hsrc=controlled|Lsrc=controlled|origins=shared_origin_v1:Hmax=720,joint-scaling,release,standard_hl_shared_origin_v1,solar/10T/short,Granite-FlowState-r1.1,flowstate,granite-timeseries-flowstate-r1.1,18.524928,18.524928,96,controlled,shared_origin_v1:Hmax=720,720,720,2048,controlled,46800,51840,2048,2048,16,16,100,[],merged,2,137,105216,788758.9999858476,,100,,float32,native_horizon,96,,continuous_decoder,33.51547627321415,33.51547627321415,2.82357984853777,1.2394877269989726,3.2185410278391786,0.9930452438744791,11.957712389065746,5.789255243398252,0.7722539834097863,0.3766496196545212,0.3078896633524247,1.2394877269989726,1.1131332342854092,1.1135124608822575,0.10751939838662324,0.3078896633524247,0.37923992534823775,0.81185983535279,-0.20842757028101566,Energy,1
solar/10T/short|H=96|L=4096|Hsrc=controlled|Lsrc=controlled|origins=shared_origin_v1:Hmax=720,joint-scaling,release,standard_hl_shared_origin_v1,solar/10T/short,Granite-FlowState-r1.1,flowstate,granite-timeseries-flowstate-r1.1,18.524928,18.524928,96,controlled,shared_origin_v1:Hmax=720,720,720,4096,controlled,46800,51840,4096,4096,16,16,100,[],merged,2,137,105216,788758.9999858476,,100,,float32,native_horizon,96,,continuous_decoder,34.19047928784595,34.19047928784595,2.856896597683575,1.2540681498695414,3.3071957331358566,1.0398034224304633,9.86601122803004,5.847262546512338,0.7799918303371257,0.3810938859997393,0.3071376167953974,1.2540681498695414,1.1131332342854092,1.1266110032862393,0.11921401423908914,0.3071376167953974,0.37923992534823775,0.8098767990036063,-0.21087314287957773,Energy,1
solar/10T/short|H=192|L=128|Hsrc=controlled|Lsrc=controlled|origins=shared_origin_v1:Hmax=720,joint-scaling,release,standard_hl_shared_origin_v1,solar/10T/short,Granite-FlowState-r1.1,flowstate,granite-timeseries-flowstate-r1.1,18.524928,18.524928,192,controlled,shared_origin_v1:Hmax=720,720,720,128,controlled,46800,51840,128,128,16,16,100,[],merged,2,137,210432,815527.549981378,,100,,float32,native_horizon,192,,continuous_decoder,16.77096360849348,16.77096360849348,1.3884395613287488,0.6050116214479065,1.9857835320174362,1.3860836741465763,8.807330911212711,4.0952366974930134,1.0567010872244937,0.3582614882553052,0.31456185973534334,0.6050116214479065,0.5851880213648835,1.0338756081110252,0.033314467215977556,0.31456185973534334,0.5695499043319253,0.5522990300636085,-0.5936656582532375,Energy,1
solar/10T/short|H=192|L=256|Hsrc=controlled|Lsrc=controlled|origins=shared_origin_v1:Hmax=720,joint-scaling,release,standard_hl_shared_origin_v1,solar/10T/short,Granite-FlowState-r1.1,flowstate,granite-timeseries-flowstate-r1.1,18.524928,18.524928,192,controlled,shared_origin_v1:Hmax=720,720,720,256,controlled,46800,51840,256,256,16,16,100,[],merged,2,137,210432,815527.549981378,,100,,float32,native_horizon,192,,continuous_decoder,15.443990572815684,15.443990572815684,1.3445276088668192,0.5868599369043183,1.898967158582776,1.3277768000620689,6.945721334081887,3.9298842950926285,1.0140349176478654,0.34693081036382284,0.2956783585235613,0.5868599369043183,0.5851880213648835,1.002857057011412,0.0028529833812465807,0.2956783585235613,0.5695499043319253,0.5191438999017798,-0.6555741704668243,Energy,1
solar/10T/short|H=192|L=512|Hsrc=controlled|Lsrc=controlled|origins=shared_origin_v1:Hmax=720,joint-scaling,release,standard_hl_shared_origin_v1,solar/10T/short,Granite-FlowState-r1.1,flowstate,granite-timeseries-flowstate-r1.1,18.524928,18.524928,192,controlled,shared_origin_v1:Hmax=720,720,720,512,controlled,46800,51840,512,512,16,16,100,[],merged,2,137,210432,815527.549981378,,100,,float32,native_horizon,192,,continuous_decoder,14.687082777928262,14.687082777928262,1.3901374983961565,0.6036981950634885,1.9821071070036045,1.2899986963674805,3.826560451491893,3.8323729956683836,0.988873906519656,0.35869960992633504,0.2824069542747409,0.6036981950634885,0.5851880213648835,1.0316311561802516,0.03114119637225569,0.2824069542747409,0.5695499043319253,0.4958423346695152,-0.7014972764399182,Energy,1
solar/10T/short|H=192|L=1024|Hsrc=controlled|Lsrc=controlled|origins=shared_origin_v1:Hmax=720,joint-scaling,release,standard_hl_shared_origin_v1,solar/10T/short,Granite-FlowState-r1.1,flowstate,granite-timeseries-flowstate-r1.1,18.524928,18.524928,192,controlled,shared_origin_v1:Hmax=720,720,720,1024,controlled,46800,51840,1024,1024,16,16,100,[],merged,2,137,210432,815527.549981378,,100,,float32,native_horizon,192,,continuous_decoder,15.678765122907874,15.678765122907874,1.5325446836559733,0.6667716859161427,3.178615996678885,1.2640775405430094,5.870265346786146,3.9596420447949425,1.0217133618469612,0.3954451849952313,0.3203908542252073,0.6667716859161427,0.5851880213648835,1.1394144472762358,0.1305144877066391,0.3203908542252073,0.5695499043319253,0.5625334176836034,-0.5753047374529244,Energy,1
solar/10T/short|H=192|L=2048|Hsrc=controlled|Lsrc=controlled|origins=shared_origin_v1:Hmax=720,joint-scaling,release,standard_hl_shared_origin_v1,solar/10T/short,Granite-FlowState-r1.1,flowstate,granite-timeseries-flowstate-r1.1,18.524928,18.524928,192,controlled,shared_origin_v1:Hmax=720,720,720,2048,controlled,46800,51840,2048,2048,16,16,100,[],merged,2,137,210432,815527.549981378,,100,,float32,native_horizon,192,,continuous_decoder,17.118089402099017,17.118089402099017,1.4946579527100798,0.6536808457446072,3.313406057289742,1.312984830944829,6.233138012693804,4.1374012860851455,1.0675808897606829,0.3856692055490577,0.31478529066418554,0.6536808457446072,0.5851880213648835,1.1170441326190719,0.11068602926097229,0.31478529066418554,0.5695499043319253,0.5526913239208153,-0.5929556178944709,Energy,1
solar/10T/short|H=192|L=4096|Hsrc=controlled|Lsrc=controlled|origins=shared_origin_v1:Hmax=720,joint-scaling,release,standard_hl_shared_origin_v1,solar/10T/short,Granite-FlowState-r1.1,flowstate,granite-timeseries-flowstate-r1.1,18.524928,18.524928,192,controlled,shared_origin_v1:Hmax=720,720,720,4096,controlled,46800,51840,4096,4096,16,16,100,[],merged,2,137,210432,815527.549981378,,100,,float32,native_horizon,192,,continuous_decoder,17.258436291177198,17.258436291177198,1.4977484631132325,0.6549473300651305,3.3796373928354155,1.2902919831299413,5.230114919942908,4.1543274174259786,1.0719483690327143,0.3864666553533851,0.3115864382819494,0.6549473300651305,0.5851880213648835,1.1192083674876692,0.11262162065254247,0.3115864382819494,0.5695499043319253,0.5470748672101635,-0.6031696171686751,Energy,1
solar/10T/short|H=336|L=128|Hsrc=controlled|Lsrc=controlled|origins=shared_origin_v1:Hmax=720,joint-scaling,release,standard_hl_shared_origin_v1,solar/10T/short,Granite-FlowState-r1.1,flowstate,granite-timeseries-flowstate-r1.1,18.524928,18.524928,336,controlled,shared_origin_v1:Hmax=720,720,720,128,controlled,46800,51840,128,128,16,16,100,[],merged,2,137,368256,1659666.549766235,,100,,float32,native_horizon,336,,continuous_decoder,27.509137834821427,27.509137834821427,1.9700081049256495,0.859999215779672,1.95442415559726,1.3658256064856695,12.174895715297751,5.244915426851174,1.1637708645164624,0.43711630194009904,0.3787217100667673,0.859999215779672,0.8330046030785475,1.032406318766259,0.031892309306841594,0.3787217100667673,0.6140800217385534,0.6167302251497271,-0.4833235870786298,Energy,1
solar/10T/short|H=336|L=256|Hsrc=controlled|Lsrc=controlled|origins=shared_origin_v1:Hmax=720,joint-scaling,release,standard_hl_shared_origin_v1,solar/10T/short,Granite-FlowState-r1.1,flowstate,granite-timeseries-flowstate-r1.1,18.524928,18.524928,336,controlled,shared_origin_v1:Hmax=720,720,720,256,controlled,46800,51840,256,256,16,16,100,[],merged,2,137,368256,1659666.549766235,,100,,float32,native_horizon,336,,continuous_decoder,24.31694226468815,24.31694226468815,1.8974115519545167,0.8290067590120312,1.874854341124047,1.3266363562465,10.340169396877387,4.931221173775128,1.0941666474060778,0.42100817695878695,0.3576212773179943,0.8290067590120312,0.8330046030785475,0.995200693907643,-0.0048108597430007215,0.3576212773179943,0.6140800217385534,0.5823691777262423,-0.5406507063602857,Energy,1
solar/10T/short|H=336|L=512|Hsrc=controlled|Lsrc=controlled|origins=shared_origin_v1:Hmax=720,joint-scaling,release,standard_hl_shared_origin_v1,solar/10T/short,Granite-FlowState-r1.1,flowstate,granite-timeseries-flowstate-r1.1,18.524928,18.524928,336,controlled,shared_origin_v1:Hmax=720,720,720,512,controlled,46800,51840,512,512,16,16,100,[],merged,2,137,368256,1659666.549766235,,100,,float32,native_horizon,336,,continuous_decoder,19.726104025630267,19.726104025630267,1.7998290289015997,0.7846702512150847,2.0158952952470437,1.2498962107104683,7.416468540035798,4.441407887779534,0.9854841644862409,0.39935602664314884,0.3175816398036512,0.7846702512150847,0.8330046030785475,0.9419758886267461,-0.05977560067099245,0.3175816398036512,0.6140800217385534,0.5171665394756363,-0.6593903297000252,Energy,1
solar/10T/short|H=336|L=1024|Hsrc=controlled|Lsrc=controlled|origins=shared_origin_v1:Hmax=720,joint-scaling,release,standard_hl_shared_origin_v1,solar/10T/short,Granite-FlowState-r1.1,flowstate,granite-timeseries-flowstate-r1.1,18.524928,18.524928,336,controlled,shared_origin_v1:Hmax=720,720,720,1024,controlled,46800,51840,1024,1024,16,16,100,[],merged,2,137,368256,1659666.549766235,,100,,float32,native_horizon,336,,continuous_decoder,19.4868648822083,19.4868648822083,1.7502719745231579,0.765694928013095,2.5079487620617447,1.2930819204262463,10.031954197521664,4.414392923405018,0.9794899346681468,0.38836003312881434,0.3260708878223348,0.765694928013095,0.8330046030785475,0.9191965148611483,-0.08425534394613189,0.3260708878223348,0.6140800217385534,0.5309908746081314,-0.6330104431832881,Energy,1
solar/10T/short|H=336|L=2048|Hsrc=controlled|Lsrc=controlled|origins=shared_origin_v1:Hmax=720,joint-scaling,release,standard_hl_shared_origin_v1,solar/10T/short,Granite-FlowState-r1.1,flowstate,granite-timeseries-flowstate-r1.1,18.524928,18.524928,336,controlled,shared_origin_v1:Hmax=720,720,720,2048,controlled,46800,51840,2048,2048,16,16,100,[],merged,2,137,368256,1659666.549766235,,100,,float32,native_horizon,336,,continuous_decoder,18.60772070753769,18.60772070753769,1.653140169156273,0.723815876015108,2.52621040082951,1.3282577520198966,7.480721852008756,4.313666735798871,0.9571402506618544,0.3668078905479895,0.3013067954622855,0.723815876015108,0.8330046030785475,0.8689218202877762,-0.14050212291025405,0.3013067954622855,0.6140800217385534,0.4906637324061454,-0.7119962485298252,Energy,1
solar/10T/short|H=336|L=4096|Hsrc=controlled|Lsrc=controlled|origins=shared_origin_v1:Hmax=720,joint-scaling,release,standard_hl_shared_origin_v1,solar/10T/short,Granite-FlowState-r1.1,flowstate,granite-timeseries-flowstate-r1.1,18.524928,18.524928,336,controlled,shared_origin_v1:Hmax=720,720,720,4096,controlled,46800,51840,4096,4096,16,16,100,[],merged,2,137,368256,1659666.549766235,,100,,float32,native_horizon,336,,continuous_decoder,18.608021979784443,18.608021979784443,1.6483801270591993,0.7209248507202993,2.523403643292152,1.2749478210269691,6.319020730307786,4.313701656325393,0.9571479990215574,0.36575170606156543,0.2982852359097839,0.7209248507202993,0.8330046030785475,0.8654512208647667,-0.14450426544024456,0.2982852359097839,0.6140800217385534,0.4857432669203165,-0.7220750520243266,Energy,1
solar/10T/short|H=720|L=128|Hsrc=controlled|Lsrc=controlled|origins=shared_origin_v1:Hmax=720,joint-scaling,release,standard_hl_shared_origin_v1,solar/10T/short,Granite-FlowState-r1.1,flowstate,granite-timeseries-flowstate-r1.1,18.524928,18.524928,720,controlled,shared_origin_v1:Hmax=720,720,720,128,controlled,46800,51840,128,128,16,16,100,[],merged,2,137,789120,3651068.249705702,,100,,float32,native_horizon,720,,continuous_decoder,26.082388372490875,26.082388372490875,2.0465825064628955,0.8906246549452626,2.5836582536391166,1.3369115907893494,10.953889997632167,5.1070919682820355,1.1038162363400275,0.4423360718140995,0.38573056974060854,0.8906246549452626,0.8709317965851564,1.0226112520375534,0.02235940696480696,0.38573056974060854,0.673849495765364,0.5724283718614236,-0.5578676660337686,Energy,1
solar/10T/short|H=720|L=256|Hsrc=controlled|Lsrc=controlled|origins=shared_origin_v1:Hmax=720,joint-scaling,release,standard_hl_shared_origin_v1,solar/10T/short,Granite-FlowState-r1.1,flowstate,granite-timeseries-flowstate-r1.1,18.524928,18.524928,720,controlled,shared_origin_v1:Hmax=720,720,720,256,controlled,46800,51840,256,256,16,16,100,[],merged,2,137,789120,3651068.249705702,,100,,float32,native_horizon,720,,continuous_decoder,26.230085807608475,26.230085807608475,2.152988415893654,0.9391558111683094,2.992997047994865,1.2805710919611324,12.162340255689392,5.121531588070943,1.1069371291824828,0.46533400707777706,0.40186135131993794,0.9391558111683094,0.8709317965851564,1.078334508914077,0.07541772946722981,0.40186135131993794,0.673849495765364,0.596366627630255,-0.5168996540115367,Energy,1
solar/10T/short|H=720|L=512|Hsrc=controlled|Lsrc=controlled|origins=shared_origin_v1:Hmax=720,joint-scaling,release,standard_hl_shared_origin_v1,solar/10T/short,Granite-FlowState-r1.1,flowstate,granite-timeseries-flowstate-r1.1,18.524928,18.524928,720,controlled,shared_origin_v1:Hmax=720,720,720,512,controlled,46800,51840,512,512,16,16,100,[],merged,2,137,789120,3651068.249705702,,100,,float32,native_horizon,720,,continuous_decoder,30.535813033822485,30.535813033822485,2.385039570383782,1.042069230440924,4.093587338827015,1.276309473616212,12.663634493369596,5.525921917094241,1.1943396302079257,0.5154881522504974,0.4258398359299588,1.042069230440924,0.8709317965851564,1.1964992373992795,0.17939999100652207,0.4258398359299588,0.673849495765364,0.6319509602753153,-0.4589434823469721,Energy,1
solar/10T/short|H=720|L=1024|Hsrc=controlled|Lsrc=controlled|origins=shared_origin_v1:Hmax=720,joint-scaling,release,standard_hl_shared_origin_v1,solar/10T/short,Granite-FlowState-r1.1,flowstate,granite-timeseries-flowstate-r1.1,18.524928,18.524928,720,controlled,shared_origin_v1:Hmax=720,720,720,1024,controlled,46800,51840,1024,1024,16,16,100,[],merged,2,137,789120,3651068.249705702,,100,,float32,native_horizon,720,,continuous_decoder,26.904685559547342,26.904685559547342,2.245899873038955,0.9830278380795896,3.955479678469614,1.3279750596472994,13.273911462373901,5.186972677732874,1.121081173922864,0.4854153323360518,0.4087037527312411,0.9830278380795896,0.8709317965851564,1.1287081743185303,0.12107377019520531,0.4087037527312411,0.673849495765364,0.6065208259405639,-0.5000162132806167,Energy,1
solar/10T/short|H=720|L=2048|Hsrc=controlled|Lsrc=controlled|origins=shared_origin_v1:Hmax=720,joint-scaling,release,standard_hl_shared_origin_v1,solar/10T/short,Granite-FlowState-r1.1,flowstate,granite-timeseries-flowstate-r1.1,18.524928,18.524928,720,controlled,shared_origin_v1:Hmax=720,720,720,2048,controlled,46800,51840,2048,2048,16,16,100,[],merged,2,137,789120,3651068.249705702,,100,,float32,native_horizon,720,,continuous_decoder,21.930629451160787,21.930629451160787,1.9035810162744575,0.8328867479819025,3.7121449128799293,1.3351440160670043,8.999700697818142,4.68301499582916,1.0121587822431373,0.41142858714941377,0.3412828305261062,0.8328867479819025,0.8709317965851564,0.9563168450705037,-0.044665992942812933,0.3412828305261062,0.673849495765364,0.5064674421674445,-0.6802952373842369,Energy,1
solar/10T/short|H=720|L=4096|Hsrc=controlled|Lsrc=controlled|origins=shared_origin_v1:Hmax=720,joint-scaling,release,standard_hl_shared_origin_v1,solar/10T/short,Granite-FlowState-r1.1,flowstate,granite-timeseries-flowstate-r1.1,18.524928,18.524928,720,controlled,shared_origin_v1:Hmax=720,720,720,4096,controlled,46800,51840,4096,4096,16,16,100,[],merged,2,137,789120,3651068.249705702,,100,,float32,native_horizon,720,,continuous_decoder,21.34549933787003,21.34549933787003,1.8687065823718192,0.81688397576736,3.607878249639765,1.283154303928855,7.296470440848795,4.620118974428043,0.9985648132966379,0.4038910361098055,0.3301437867713151,0.81688397576736,0.8709317965851564,0.9379425334685071,-0.06406659681163429,0.3301437867713151,0.673849495765364,0.48993697976479894,-0.7134785088736906,Energy,1
solar/H/short|H=48|L=128|Hsrc=controlled|Lsrc=controlled|origins=shared_origin_v1:Hmax=720,joint-scaling,release,standard_hl_shared_origin_v1,solar/H/short,Granite-FlowState-r1.1,flowstate,granite-timeseries-flowstate-r1.1,18.524928,18.524928,48,controlled,shared_origin_v1:Hmax=720,720,720,128,controlled,7320,8040,128,128,16,16,100,[],merged,2,137,13152,497771.299971804,,100,,float32,native_horizon,48,,continuous_decoder,468.4097855839416,468.4097855839416,9.627579812005779,0.7324011522253739,1.5029193491403845,1.0660663339785343,4.950280069774485,21.642776753086505,0.5718405216868013,0.25437772265028624,0.20352993565006694,0.7324011522253739,0.9985551325387176,0.7334609060226087,-0.30998098067550267,0.20352993565006694,0.42567461696570436,0.478135006265748,-0.737862146482815,Energy,1
solar/H/short|H=48|L=256|Hsrc=controlled|Lsrc=controlled|origins=shared_origin_v1:Hmax=720,joint-scaling,release,standard_hl_shared_origin_v1,solar/H/short,Granite-FlowState-r1.1,flowstate,granite-timeseries-flowstate-r1.1,18.524928,18.524928,48,controlled,shared_origin_v1:Hmax=720,720,720,256,controlled,7320,8040,256,256,16,16,100,[],merged,2,137,13152,497771.299971804,,100,,float32,native_horizon,48,,continuous_decoder,1135.1762089416059,1135.1762089416059,14.805766827288625,1.1385418749830218,1.178283660036502,1.1878362410126675,8.389768928558263,33.69237612489813,0.8902122939184333,0.39119460146362417,0.3112877929153018,1.1385418749830218,0.9985551325387176,1.1401892973985355,0.13119429897116328,0.3112877929153018,0.42567461696570436,0.7312810783368404,-0.3129573810494862,Energy,1
solar/H/short|H=48|L=512|Hsrc=controlled|Lsrc=controlled|origins=shared_origin_v1:Hmax=720,joint-scaling,release,standard_hl_shared_origin_v1,solar/H/short,Granite-FlowState-r1.1,flowstate,granite-timeseries-flowstate-r1.1,18.524928,18.524928,48,controlled,shared_origin_v1:Hmax=720,720,720,512,controlled,7320,8040,512,512,16,16,100,[],merged,2,137,13152,497771.299971804,,100,,float32,native_horizon,48,,continuous_decoder,602.4705558090025,602.4705558090025,10.924622918567518,0.8395662068578169,1.3214269213565557,1.0674361269596688,4.697416083220761,24.545275631147483,0.6485296864627141,0.2886479004175988,0.22504944040279484,0.8395662068578169,0.9985551325387176,0.8407810240014603,-0.17342402865426418,0.22504944040279484,0.42567461696570436,0.5286888891966198,-0.6373551312885487,Energy,1
solar/H/short|H=48|L=1024|Hsrc=controlled|Lsrc=controlled|origins=shared_origin_v1:Hmax=720,joint-scaling,release,standard_hl_shared_origin_v1,solar/H/short,Granite-FlowState-r1.1,flowstate,granite-timeseries-flowstate-r1.1,18.524928,18.524928,48,controlled,shared_origin_v1:Hmax=720,720,720,1024,controlled,7320,8040,1024,1024,16,16,100,[],merged,2,137,13152,497771.299971804,,100,,float32,native_horizon,48,,continuous_decoder,493.46719130170317,493.46719130170317,9.5915218455368,0.7358822545212079,1.3159171702697052,1.110050133171226,4.86413278116093,22.214121438888892,0.5869364609426376,0.2534250072666816,0.2035355856077441,0.7358822545212079,0.9985551325387176,0.7369470453276901,-0.3052392410327483,0.2035355856077441,0.42567461696570436,0.4781482792152075,-0.7378343870319036,Energy,1
solar/H/short|H=48|L=2048|Hsrc=controlled|Lsrc=controlled|origins=shared_origin_v1:Hmax=720,joint-scaling,release,standard_hl_shared_origin_v1,solar/H/short,Granite-FlowState-r1.1,flowstate,granite-timeseries-flowstate-r1.1,18.524928,18.524928,48,controlled,shared_origin_v1:Hmax=720,720,720,2048,controlled,7320,8040,2048,2048,16,16,100,[],merged,2,137,13152,497771.299971804,,100,,float32,native_horizon,48,,continuous_decoder,454.7296228710462,454.7296228710462,9.161980770510189,0.7017986791869368,1.4056354114955951,0.9269887353965233,4.518647615056708,21.324390328237904,0.5634281880310723,0.24207577074165498,0.19407031614262446,0.7017986791869368,0.9985551325387176,0.7028141524871944,-0.3526627855822571,0.19407031614262446,0.42567461696570436,0.45591235278720005,-0.7854546967422296,Energy,1
solar/H/short|H=48|L=4096|Hsrc=controlled|Lsrc=controlled|origins=shared_origin_v1:Hmax=720,joint-scaling,release,standard_hl_shared_origin_v1,solar/H/short,Granite-FlowState-r1.1,flowstate,granite-timeseries-flowstate-r1.1,18.524928,18.524928,48,controlled,shared_origin_v1:Hmax=720,720,720,4096,controlled,7320,8040,4054,4054,16,16,100,[],merged,2,137,13152,497771.299971804,,100,,float32,native_horizon,48,,continuous_decoder,424.99285279805355,424.99285279805355,8.798912772296989,0.6726693487924185,1.4564696043660117,1.0525768575948657,4.597580768394835,20.615354782250378,0.5446942122045106,0.23248287072357343,0.1856104597870273,0.6726693487924185,0.9985551325387176,0.6736426731714151,-0.3950554671529213,0.1856104597870273,0.42567461696570436,0.4360383550940777,-0.8300250691030107,Energy,1
solar/H/short|H=96|L=128|Hsrc=controlled|Lsrc=controlled|origins=shared_origin_v1:Hmax=720,joint-scaling,release,standard_hl_shared_origin_v1,solar/H/short,Granite-FlowState-r1.1,flowstate,granite-timeseries-flowstate-r1.1,18.524928,18.524928,96,controlled,shared_origin_v1:Hmax=720,720,720,128,controlled,7320,8040,128,128,16,16,100,[],merged,2,137,26304,1038078.1998032965,,100,,float32,native_horizon,96,,continuous_decoder,365.0437385948905,365.0437385948905,8.458560544498935,0.6378021567504977,1.2070439217470819,1.1209556539536645,4.434838163425848,19.106117831597565,0.48413243196666006,0.21433257783918397,0.16829264558043963,0.6378021567504977,0.8598259443877844,0.7417805439734984,-0.298701842400162,0.16829264558043963,0.4221167147713504,0.3986874712402691,-0.9195774491159892,Energy,1
solar/H/short|H=96|L=256|Hsrc=controlled|Lsrc=controlled|origins=shared_origin_v1:Hmax=720,joint-scaling,release,standard_hl_shared_origin_v1,solar/H/short,Granite-FlowState-r1.1,flowstate,granite-timeseries-flowstate-r1.1,18.524928,18.524928,96,controlled,shared_origin_v1:Hmax=720,720,720,256,controlled,7320,8040,256,256,16,16,100,[],merged,2,137,26304,1038078.1998032965,,100,,float32,native_horizon,96,,continuous_decoder,656.9801931265207,656.9801931265207,10.50198282580596,0.7987202282915516,0.8859873507406263,1.1478144886427348,5.9659889720648,25.631624863174803,0.6494831126679143,0.2661111237114362,0.21076050777871275,0.7987202282915516,0.8598259443877844,0.9289324583712796,-0.07371924639445424,0.21076050777871275,0.4221167147713504,0.49929439039834334,-0.6945593964709043,Energy,1
solar/H/short|H=96|L=512|Hsrc=controlled|Lsrc=controlled|origins=shared_origin_v1:Hmax=720,joint-scaling,release,standard_hl_shared_origin_v1,solar/H/short,Granite-FlowState-r1.1,flowstate,granite-timeseries-flowstate-r1.1,18.524928,18.524928,96,controlled,shared_origin_v1:Hmax=720,720,720,512,controlled,7320,8040,512,512,16,16,100,[],merged,2,137,26304,1038078.1998032965,,100,,float32,native_horizon,96,,continuous_decoder,419.3834397810219,419.3834397810219,9.434573282580596,0.7221671406304848,1.101681692475907,1.025840691734657,4.119519279665877,20.47885347818627,0.5189163610143093,0.2390638929437346,0.1824454798269734,0.7221671406304848,0.8598259443877844,0.8398992207017948,-0.17447336969740257,0.1824454798269734,0.4221167147713504,0.4322157200664261,-0.8388304633671342,Energy,1
solar/H/short|H=96|L=1024|Hsrc=controlled|Lsrc=controlled|origins=shared_origin_v1:Hmax=720,joint-scaling,release,standard_hl_shared_origin_v1,solar/H/short,Granite-FlowState-r1.1,flowstate,granite-timeseries-flowstate-r1.1,18.524928,18.524928,96,controlled,shared_origin_v1:Hmax=720,720,720,1024,controlled,7320,8040,1024,1024,16,16,100,[],merged,2,137,26304,1038078.1998032965,,100,,float32,native_horizon,96,,continuous_decoder,345.87558926399026,345.87558926399026,8.360579664689782,0.6393166327248723,1.1552310435909374,1.083338451364892,4.114383234062197,18.59773075576669,0.4712503450052064,0.21184982744235611,0.1676561712702972,0.6393166327248723,0.8598259443877844,0.7435419190334857,-0.2963301339940748,0.1676561712702972,0.4221167147713504,0.39717965530247284,-0.9233665684087418,Energy,1
solar/H/short|H=96|L=2048|Hsrc=controlled|Lsrc=controlled|origins=shared_origin_v1:Hmax=720,joint-scaling,release,standard_hl_shared_origin_v1,solar/H/short,Granite-FlowState-r1.1,flowstate,granite-timeseries-flowstate-r1.1,18.524928,18.524928,96,controlled,shared_origin_v1:Hmax=720,720,720,2048,controlled,7320,8040,2048,2048,16,16,100,[],merged,2,137,26304,1038078.1998032965,,100,,float32,native_horizon,96,,continuous_decoder,327.1135568734793,327.1135568734793,8.16661795734489,0.6219497353027503,1.2671593231761733,0.8837196344329455,3.87137491435586,18.086280902205388,0.45829064991612184,0.20693500623624006,0.16348505281204231,0.6219497353027503,0.8598259443877844,0.7233437643540667,-0.32387070045372895,0.16348505281204231,0.4221167147713504,0.3872982213002342,-0.9485602850352756,Energy,1
solar/H/short|H=96|L=4096|Hsrc=controlled|Lsrc=controlled|origins=shared_origin_v1:Hmax=720,joint-scaling,release,standard_hl_shared_origin_v1,solar/H/short,Granite-FlowState-r1.1,flowstate,granite-timeseries-flowstate-r1.1,18.524928,18.524928,96,controlled,shared_origin_v1:Hmax=720,720,720,4096,controlled,7320,8040,4006,4006,16,16,100,[],merged,2,137,26304,1038078.1998032965,,100,,float32,native_horizon,96,,continuous_decoder,300.86103824513384,300.86103824513384,7.713953319837287,0.5853772676965775,1.3187873854931529,1.038729548262603,3.8814055766728632,17.345346299371883,0.43951601059065915,0.19546487746631094,0.15426150291592305,0.5853772676965775,0.8598259443877844,0.6808090306153526,-0.38447343709979576,0.15426150291592305,0.4221167147713504,0.36544751135828035,-1.0066326178797704,Energy,1
solar/H/short|H=192|L=128|Hsrc=controlled|Lsrc=controlled|origins=shared_origin_v1:Hmax=720,joint-scaling,release,standard_hl_shared_origin_v1,solar/H/short,Granite-FlowState-r1.1,flowstate,granite-timeseries-flowstate-r1.1,18.524928,18.524928,192,controlled,shared_origin_v1:Hmax=720,720,720,128,controlled,7320,8040,128,128,16,16,100,[],merged,2,137,52608,1826336.7000688054,,100,,float32,native_horizon,192,,continuous_decoder,540.8393780413626,540.8393780413626,9.646982160507907,0.7287790036701954,2.2248240263830654,1.156714186777027,5.56155052504242,23.25595360421418,0.669892472272176,0.2778832826832424,0.22711635600137028,0.7287790036701954,0.8782273706731201,0.8298295270752272,-0.18653498835270754,0.22711635600137028,0.5637361403600482,0.402877054957511,-0.9091238381272794,Energy,1
solar/H/short|H=192|L=256|Hsrc=controlled|Lsrc=controlled|origins=shared_origin_v1:Hmax=720,joint-scaling,release,standard_hl_shared_origin_v1,solar/H/short,Granite-FlowState-r1.1,flowstate,granite-timeseries-flowstate-r1.1,18.524928,18.524928,192,controlled,shared_origin_v1:Hmax=720,720,720,256,controlled,7320,8040,256,256,16,16,100,[],merged,2,137,52608,1826336.7000688054,,100,,float32,native_horizon,192,,continuous_decoder,754.6665526155717,754.6665526155717,11.35218087078011,0.8630237780392843,2.269543504886797,1.2740029853716772,5.645930397340641,27.471194961551486,0.7913133566679429,0.3270018782558005,0.2581222045469404,0.8630237780392843,0.8782273706731201,0.9826883183768426,-0.017463280957390057,0.2581222045469404,0.5637361403600482,0.45787769501895403,-0.7811531719731991,Energy,1
solar/H/short|H=192|L=512|Hsrc=controlled|Lsrc=controlled|origins=shared_origin_v1:Hmax=720,joint-scaling,release,standard_hl_shared_origin_v1,solar/H/short,Granite-FlowState-r1.1,flowstate,granite-timeseries-flowstate-r1.1,18.524928,18.524928,192,controlled,shared_origin_v1:Hmax=720,720,720,512,controlled,7320,8040,512,512,16,16,100,[],merged,2,137,52608,1826336.7000688054,,100,,float32,native_horizon,192,,continuous_decoder,498.99087591240874,498.99087591240874,9.947799348483121,0.7582596647421916,2.0617588902638055,1.142176913338516,4.080657762643738,22.338103677626908,0.6434536185076516,0.2865483829489294,0.21693114527276638,0.7582596647421916,0.8782273706731201,0.8633978967895537,-0.14687963182671773,0.21693114527276638,0.5637361403600482,0.38480971813199055,-0.9550063054887228,Energy,1
solar/H/short|H=192|L=1024|Hsrc=controlled|Lsrc=controlled|origins=shared_origin_v1:Hmax=720,joint-scaling,release,standard_hl_shared_origin_v1,solar/H/short,Granite-FlowState-r1.1,flowstate,granite-timeseries-flowstate-r1.1,18.524928,18.524928,192,controlled,shared_origin_v1:Hmax=720,720,720,1024,controlled,7320,8040,1024,1024,16,16,100,[],merged,2,137,52608,1826336.7000688054,,100,,float32,native_horizon,192,,continuous_decoder,546.0344054136253,546.0344054136253,9.70279799412637,0.7396917801528081,2.488047898416489,1.1371283788887168,4.570252407266562,23.367379087386443,0.6731021059714306,0.279491069119823,0.22102164771669158,0.7396917801528081,0.8782273706731201,0.8422554395974576,-0.17167193830438887,0.22102164771669158,0.5637361403600482,0.39206577668681847,-0.9363256555976737,Energy,1
solar/H/short|H=192|L=2048|Hsrc=controlled|Lsrc=controlled|origins=shared_origin_v1:Hmax=720,joint-scaling,release,standard_hl_shared_origin_v1,solar/H/short,Granite-FlowState-r1.1,flowstate,granite-timeseries-flowstate-r1.1,18.524928,18.524928,192,controlled,shared_origin_v1:Hmax=720,720,720,2048,controlled,7320,8040,2048,2048,16,16,100,[],merged,2,137,52608,1826336.7000688054,,100,,float32,native_horizon,192,,continuous_decoder,565.7634960462287,565.7634960462287,9.642566838693735,0.7338359076909845,2.6639984694389445,1.0152253969989438,4.9991116322575,23.785783486070596,0.6851543297509487,0.27775609844060456,0.22237551506232178,0.7338359076909845,0.8782273706731201,0.8355876077154527,-0.1796200798124591,0.22237551506232178,0.5637361403600482,0.3944673742582736,-0.9302188436161059,Energy,1
solar/H/short|H=192|L=4096|Hsrc=controlled|Lsrc=controlled|origins=shared_origin_v1:Hmax=720,joint-scaling,release,standard_hl_shared_origin_v1,solar/H/short,Granite-FlowState-r1.1,flowstate,granite-timeseries-flowstate-r1.1,18.524928,18.524928,192,controlled,shared_origin_v1:Hmax=720,720,720,4096,controlled,7320,8040,3910,3910,16,16,100,[],merged,2,137,52608,1826336.7000688054,,100,,float32,native_horizon,192,,continuous_decoder,558.350954227494,558.350954227494,9.381122524140816,0.7132104222396148,2.734544670259739,1.1117531598124917,5.206562714232012,23.629450992934515,0.6806511404986093,0.27022514179965124,0.21693214647448497,0.7132104222396148,0.8782273706731201,0.8121022482970128,-0.2081290251998664,0.21693214647448497,0.5637361403600482,0.3848114941432251,-0.9550016902021216,Energy,1
solar/H/short|H=336|L=128|Hsrc=controlled|Lsrc=controlled|origins=shared_origin_v1:Hmax=720,joint-scaling,release,standard_hl_shared_origin_v1,solar/H/short,Granite-FlowState-r1.1,flowstate,granite-timeseries-flowstate-r1.1,18.524928,18.524928,336,controlled,shared_origin_v1:Hmax=720,720,720,128,controlled,7320,8040,128,128,16,16,100,[],merged,2,137,92064,2863971.200091798,,100,,float32,native_horizon,336,,continuous_decoder,709.4811435523114,709.4811435523114,10.800921437804137,0.8214842998825594,3.9669912321306273,1.168454923399352,6.7379367990751335,26.63608724179119,0.856232330740499,0.34720182633754404,0.28787114142365156,0.8214842998825594,0.9728773315767743,0.8443863097839405,-0.16914517609068128,0.28787114142365156,0.7547623072249494,0.381406356236937,-0.9638899204147366,Energy,1
solar/H/short|H=336|L=256|Hsrc=controlled|Lsrc=controlled|origins=shared_origin_v1:Hmax=720,joint-scaling,release,standard_hl_shared_origin_v1,solar/H/short,Granite-FlowState-r1.1,flowstate,granite-timeseries-flowstate-r1.1,18.524928,18.524928,336,controlled,shared_origin_v1:Hmax=720,720,720,256,controlled,7320,8040,256,256,16,16,100,[],merged,2,137,92064,2863971.200091798,,100,,float32,native_horizon,336,,continuous_decoder,908.1209593326381,908.1209593326381,12.560269214893987,0.9562733873881109,4.299479572841728,1.326039681823034,5.945056600276919,30.13504536802024,0.9687083503746441,0.40375707163638236,0.31902477561189196,0.9562733873881109,0.9728773315767743,0.9829331575012105,-0.01721415961979907,0.31902477561189196,0.7547623072249494,0.4226824426154204,-0.861134108549738,Energy,1
solar/H/short|H=336|L=512|Hsrc=controlled|Lsrc=controlled|origins=shared_origin_v1:Hmax=720,joint-scaling,release,standard_hl_shared_origin_v1,solar/H/short,Granite-FlowState-r1.1,flowstate,granite-timeseries-flowstate-r1.1,18.524928,18.524928,336,controlled,shared_origin_v1:Hmax=720,720,720,512,controlled,7320,8040,512,512,16,16,100,[],merged,2,137,92064,2863971.200091798,,100,,float32,native_horizon,336,,continuous_decoder,655.9153415015642,655.9153415015642,11.065903542644248,0.8424178335414698,3.9228497239369577,1.2427939226088747,4.4922584713703575,25.61084421688524,0.8232753045518572,0.35571982836885574,0.272683282424463,0.8424178335414698,0.9728773315767743,0.8659034455825336,-0.14398187134408966,0.272683282424463,0.7547623072249494,0.36128365157375625,-1.018091890748634,Energy,1
solar/H/short|H=336|L=1024|Hsrc=controlled|Lsrc=controlled|origins=shared_origin_v1:Hmax=720,joint-scaling,release,standard_hl_shared_origin_v1,solar/H/short,Granite-FlowState-r1.1,flowstate,granite-timeseries-flowstate-r1.1,18.524928,18.524928,336,controlled,shared_origin_v1:Hmax=720,720,720,1024,controlled,7320,8040,1024,1024,16,16,100,[],merged,2,137,92064,2863971.200091798,,100,,float32,native_horizon,336,,continuous_decoder,726.566584115398,726.566584115398,10.975272975864616,0.8360713982300586,4.562141682534449,1.176620889082403,5.507942961576561,26.95489907447991,0.8664807203066069,0.3528064567191224,0.28154163181507474,0.8360713982300586,0.9728773315767743,0.8593800791668259,-0.15154398784145112,0.28154163181507474,0.7547623072249494,0.37302025964998814,-0.9861225453978325,Energy,1
solar/H/short|H=336|L=2048|Hsrc=controlled|Lsrc=controlled|origins=shared_origin_v1:Hmax=720,joint-scaling,release,standard_hl_shared_origin_v1,solar/H/short,Granite-FlowState-r1.1,flowstate,granite-timeseries-flowstate-r1.1,18.524928,18.524928,336,controlled,shared_origin_v1:Hmax=720,720,720,2048,controlled,7320,8040,2048,2048,16,16,100,[],merged,2,137,92064,2863971.200091798,,100,,float32,native_horizon,336,,continuous_decoder,710.2538234271811,710.2538234271811,10.783760481838721,0.8205721640980507,4.425041314413549,1.0411775261244136,5.3597202198582385,26.650587675081034,0.8566984555012345,0.3466501775465404,0.2756453951124366,0.8205721640980507,0.9728773315767743,0.8434487447334418,-0.1702561438294088,0.2756453951124366,0.7547623072249494,0.36520821518751756,-1.007287635477319,Energy,1
solar/H/short|H=336|L=4096|Hsrc=controlled|Lsrc=controlled|origins=shared_origin_v1:Hmax=720,joint-scaling,release,standard_hl_shared_origin_v1,solar/H/short,Granite-FlowState-r1.1,flowstate,granite-timeseries-flowstate-r1.1,18.524928,18.524928,336,controlled,shared_origin_v1:Hmax=720,720,720,4096,controlled,7320,8040,3766,3766,16,16,100,[],merged,2,137,92064,2863971.200091798,,100,,float32,native_horizon,336,,continuous_decoder,747.5297619047619,747.5297619047619,10.904586075990615,0.8301183774810681,4.668329109452075,1.1259627110423442,6.557122000065036,27.340990507016418,0.878891851271856,0.35053418570264316,0.2832171960226409,0.8301183774810681,0.9728773315767743,0.85326109524586,-0.1586896877687492,0.2832171960226409,0.7547623072249494,0.37524024889895674,-0.9801887944185713,Energy,1
solar/H/short|H=720|L=128|Hsrc=controlled|Lsrc=controlled|origins=shared_origin_v1:Hmax=720,joint-scaling,release,standard_hl_shared_origin_v1,solar/H/short,Granite-FlowState-r1.1,flowstate,granite-timeseries-flowstate-r1.1,18.524928,18.524928,720,controlled,shared_origin_v1:Hmax=720,720,720,128,controlled,7320,8040,128,128,16,16,100,[],merged,2,137,197280,5689922.250655826,,100,,float32,native_horizon,720,,continuous_decoder,939.8375912408759,939.8375912408759,12.665806214517437,0.9685057665534784,6.08365575186587,1.190998010745317,6.882509540385961,30.656770724276814,1.062926251371578,0.43914664206738435,0.36172786660342404,0.9685057665534784,1.0711966474341135,0.9041344265531308,-0.10077722770569401,0.36172786660342404,1.0779765484284825,0.3355619072889531,-1.0919488171217786,Energy,1
solar/H/short|H=720|L=256|Hsrc=controlled|Lsrc=controlled|origins=shared_origin_v1:Hmax=720,joint-scaling,release,standard_hl_shared_origin_v1,solar/H/short,Granite-FlowState-r1.1,flowstate,granite-timeseries-flowstate-r1.1,18.524928,18.524928,720,controlled,shared_origin_v1:Hmax=720,720,720,256,controlled,7320,8040,256,256,16,16,100,[],merged,2,137,197280,5689922.250655826,,100,,float32,native_horizon,720,,continuous_decoder,1247.31800486618,1247.31800486618,14.807805530210867,1.1314510902515544,6.6388783911446065,1.3688772241030367,7.698498680898448,35.31738955339395,1.2245184211946811,0.5134136718060234,0.4130445271155148,1.1314510902515544,1.0711966474341135,1.0562496558981689,0.054724573912311954,0.4130445271155148,1.0779765484284825,0.3831665240933745,-0.9592855955391864,Energy,1
solar/H/short|H=720|L=512|Hsrc=controlled|Lsrc=controlled|origins=shared_origin_v1:Hmax=720,joint-scaling,release,standard_hl_shared_origin_v1,solar/H/short,Granite-FlowState-r1.1,flowstate,granite-timeseries-flowstate-r1.1,18.524928,18.524928,720,controlled,shared_origin_v1:Hmax=720,720,720,512,controlled,7320,8040,512,512,16,16,100,[],merged,2,137,197280,5689922.250655826,,100,,float32,native_horizon,720,,continuous_decoder,830.5799270072993,830.5799270072993,12.071844586374695,0.9204022331601249,5.661696017457871,1.2917895777940318,5.572154861992422,28.819783604449555,0.9992345517252866,0.4185529072432408,0.33107529890115966,0.9204022331601249,1.0711966474341135,0.8592280748495682,-0.15172088019157623,0.33107529890115966,1.0779765484284825,0.3071266247710254,-1.1804951578950382,Energy,1
solar/H/short|H=720|L=1024|Hsrc=controlled|Lsrc=controlled|origins=shared_origin_v1:Hmax=720,joint-scaling,release,standard_hl_shared_origin_v1,solar/H/short,Granite-FlowState-r1.1,flowstate,granite-timeseries-flowstate-r1.1,18.524928,18.524928,720,controlled,shared_origin_v1:Hmax=720,720,720,1024,controlled,7320,8040,1024,1024,16,16,100,[],merged,2,137,197280,5689922.250655826,,100,,float32,native_horizon,720,,continuous_decoder,898.3942822384428,898.3942822384428,11.982715556569342,0.9141324576508548,6.377712746290327,1.2155767034365055,6.630527198047549,29.97322608993638,1.0392265100531202,0.4154626409398703,0.33958653070441014,0.9141324576508548,1.0711966474341135,0.8533750174074184,-0.15855618284537046,0.33958653070441014,1.0779765484284825,0.3150221878198306,-1.155112205113838,Energy,1
solar/H/short|H=720|L=2048|Hsrc=controlled|Lsrc=controlled|origins=shared_origin_v1:Hmax=720,joint-scaling,release,standard_hl_shared_origin_v1,solar/H/short,Granite-FlowState-r1.1,flowstate,granite-timeseries-flowstate-r1.1,18.524928,18.524928,720,controlled,shared_origin_v1:Hmax=720,720,720,2048,controlled,7320,8040,2048,2048,16,16,100,[],merged,2,137,197280,5689922.250655826,,100,,float32,native_horizon,720,,continuous_decoder,774.098905109489,774.098905109489,11.56336235300081,0.881037079170004,5.442299810436758,1.1085470132124315,5.286741761370673,27.82263296507879,0.9646615172497468,0.4009228992078168,0.31671241145992013,0.881037079170004,1.0711966474341135,0.8224793097330845,-0.19543195199872587,0.31671241145992013,1.0779765484284825,0.29380269164634076,-1.2248468537923565,Energy,1
solar/H/short|H=720|L=4096|Hsrc=controlled|Lsrc=controlled|origins=shared_origin_v1:Hmax=720,joint-scaling,release,standard_hl_shared_origin_v1,solar/H/short,Granite-FlowState-r1.1,flowstate,granite-timeseries-flowstate-r1.1,18.524928,18.524928,720,controlled,shared_origin_v1:Hmax=720,720,720,4096,controlled,7320,8040,3382,3382,16,16,100,[],merged,2,137,197280,5689922.250655826,,100,,float32,native_horizon,720,,continuous_decoder,846.5779399837794,846.5779399837794,11.646765384225466,0.8878626342748291,5.880398682488119,1.1729755085064213,7.133017462588063,29.09601244129132,1.0088119101726472,0.4038146346789128,0.32890043504501554,0.8878626342748291,1.0711966474341135,0.8288512071070865,-0.18771462474858183,0.32890043504501554,1.0779765484284825,0.305109081941068,-1.1870859206062874,Energy,1
sz_taxi/15T/short|H=48|L=128|Hsrc=controlled|Lsrc=controlled|origins=shared_origin_v1:Hmax=720,joint-scaling,release,standard_hl_shared_origin_v1,sz_taxi/15T/short,Granite-FlowState-r1.1,flowstate,granite-timeseries-flowstate-r1.1,18.524928,18.524928,48,controlled,shared_origin_v1:Hmax=720,720,720,128,controlled,2256,2256,128,128,16,16,100,[],merged,2,156,7488,81925.4959676048,,100,,float32,native_horizon,48,,continuous_decoder,12.674559503538996,12.674559503538996,2.449558616703392,0.4616486377221188,1.473979004427918,0.3800801986303085,3.513133079514778,3.560134759182438,0.32539673714394585,0.22388994665504325,0.17741099475494898,0.4616486377221188,0.6215073574928317,0.7427886929358568,-0.29734367183827043,0.17741099475494898,0.27437530071796695,0.6465997277842129,-0.4360278346865426,Transport,1
sz_taxi/15T/short|H=48|L=256|Hsrc=controlled|Lsrc=controlled|origins=shared_origin_v1:Hmax=720,joint-scaling,release,standard_hl_shared_origin_v1,sz_taxi/15T/short,Granite-FlowState-r1.1,flowstate,granite-timeseries-flowstate-r1.1,18.524928,18.524928,48,controlled,shared_origin_v1:Hmax=720,720,720,256,controlled,2256,2256,256,256,16,16,100,[],merged,2,156,7488,81925.4959676048,,100,,float32,native_horizon,48,,continuous_decoder,12.386166303585737,12.386166303585737,2.4109954833984375,0.4540829895410078,1.3764485742291834,0.3694447737473708,3.464985258126744,3.5193985712882445,0.3216734447628739,0.22036527171988407,0.17504919793619003,0.4540829895410078,0.6215073574928317,0.7306156299947665,-0.31386777148164513,0.17504919793619003,0.27437530071796695,0.63799182170601,-0.44942981436212426,Transport,1
sz_taxi/15T/short|H=48|L=512|Hsrc=controlled|Lsrc=controlled|origins=shared_origin_v1:Hmax=720,joint-scaling,release,standard_hl_shared_origin_v1,sz_taxi/15T/short,Granite-FlowState-r1.1,flowstate,granite-timeseries-flowstate-r1.1,18.524928,18.524928,48,controlled,shared_origin_v1:Hmax=720,720,720,512,controlled,2256,2256,512,512,16,16,100,[],merged,2,156,7488,81925.4959676048,,100,,float32,native_horizon,48,,continuous_decoder,12.055948893229166,12.055948893229166,2.379015669863448,0.4488105119481597,1.3559101463383079,0.36456753657414365,3.4666177809655094,3.4721677513088514,0.31735654224274096,0.21744231298864014,0.17282775814774398,0.4488105119481597,0.6215073574928317,0.7221322588338565,-0.32554697288503687,0.17282775814774398,0.27437530071796695,0.6298954668860494,-0.4622013989414297,Transport,1
sz_taxi/15T/short|H=48|L=1024|Hsrc=controlled|Lsrc=controlled|origins=shared_origin_v1:Hmax=720,joint-scaling,release,standard_hl_shared_origin_v1,sz_taxi/15T/short,Granite-FlowState-r1.1,flowstate,granite-timeseries-flowstate-r1.1,18.524928,18.524928,48,controlled,shared_origin_v1:Hmax=720,720,720,1024,controlled,2256,2256,1024,1024,16,16,100,[],merged,2,156,7488,81925.4959676048,,100,,float32,native_horizon,48,,continuous_decoder,11.783493172409187,11.783493172409187,2.342083270733173,0.44056020006439384,1.3777538201747797,0.35813897287743723,3.3801520645550456,3.432709304967315,0.3137500355903765,0.21406668734950024,0.17020733931230006,0.44056020006439384,0.6215073574928317,0.7088575778758582,-0.34410065009564494,0.17020733931230006,0.27437530071796695,0.6203449759031257,-0.4774795429361985,Transport,1
sz_taxi/15T/short|H=48|L=2048|Hsrc=controlled|Lsrc=controlled|origins=shared_origin_v1:Hmax=720,joint-scaling,release,standard_hl_shared_origin_v1,sz_taxi/15T/short,Granite-FlowState-r1.1,flowstate,granite-timeseries-flowstate-r1.1,18.524928,18.524928,48,controlled,shared_origin_v1:Hmax=720,720,720,2048,controlled,2256,2256,2048,2048,16,16,100,[],merged,2,156,7488,81925.4959676048,,100,,float32,native_horizon,48,,continuous_decoder,12.050388955662394,12.050388955662394,2.3911203237680287,0.4493569827066865,1.473896711300581,0.36819823175413996,3.4819616865339853,3.4713670154079637,0.3172833548868998,0.2185486797840678,0.17367951782121177,0.4493569827066865,0.6215073574928317,0.723011525590619,-0.324330115607946,0.17367951782121177,0.27437530071796695,0.6329998267582352,-0.457285130521671,Transport,1
sz_taxi/15T/short|H=48|L=4096|Hsrc=controlled|Lsrc=controlled|origins=shared_origin_v1:Hmax=720,joint-scaling,release,standard_hl_shared_origin_v1,sz_taxi/15T/short,Granite-FlowState-r1.1,flowstate,granite-timeseries-flowstate-r1.1,18.524928,18.524928,48,controlled,shared_origin_v1:Hmax=720,720,720,4096,controlled,2256,2256,2256,2256,16,16,100,[],merged,2,156,7488,81925.4959676048,,100,,float32,native_horizon,48,,continuous_decoder,12.06891599475828,12.06891599475828,2.3927720550797944,0.44968232636079586,1.4577677148020165,0.3680591583251953,3.428760607090811,3.474034541388194,0.3175271670763049,0.21869964822089474,0.17348954620627405,0.44968232636079586,0.6215073574928317,0.7235350007356629,-0.32360635711367314,0.17348954620627405,0.27437530071796695,0.6323074480549021,-0.4583795346813905,Transport,1
sz_taxi/15T/short|H=96|L=128|Hsrc=controlled|Lsrc=controlled|origins=shared_origin_v1:Hmax=720,joint-scaling,release,standard_hl_shared_origin_v1,sz_taxi/15T/short,Granite-FlowState-r1.1,flowstate,granite-timeseries-flowstate-r1.1,18.524928,18.524928,96,controlled,shared_origin_v1:Hmax=720,720,720,128,controlled,2256,2256,128,128,16,16,100,[],merged,2,156,14976,163561.76873346936,,100,,float32,native_horizon,96,,continuous_decoder,14.170023600260416,14.170023600260416,2.602165287376469,0.49361254048788583,11.572804508046207,0.40009725195729834,3.8089178390220733,3.764309179684955,0.34466669510541986,0.2382587792092984,0.18858376873338337,0.49361254048788583,0.6589804808090461,0.7490548731911845,-0.2889430362109463,0.18858376873338337,0.2865356133749313,0.6581512382079427,-0.4183205287663794,Transport,1
sz_taxi/15T/short|H=96|L=256|Hsrc=controlled|Lsrc=controlled|origins=shared_origin_v1:Hmax=720,joint-scaling,release,standard_hl_shared_origin_v1,sz_taxi/15T/short,Granite-FlowState-r1.1,flowstate,granite-timeseries-flowstate-r1.1,18.524928,18.524928,96,controlled,shared_origin_v1:Hmax=720,720,720,256,controlled,2256,2256,256,256,16,16,100,[],merged,2,156,14976,163561.76873346936,,100,,float32,native_horizon,96,,continuous_decoder,13.903986482538729,13.903986482538729,2.563030536358173,0.4852578811397379,10.17850070529514,0.38941032866127473,3.7251302033018296,3.728804967082447,0.3414158676531831,0.23467553334574304,0.18589484284042693,0.4852578811397379,0.6589804808090461,0.7363767141387483,-0.30601345133617336,0.18589484284042693,0.2865356133749313,0.6487669740277063,-0.43268168063975854,Transport,1
sz_taxi/15T/short|H=96|L=512|Hsrc=controlled|Lsrc=controlled|origins=shared_origin_v1:Hmax=720,joint-scaling,release,standard_hl_shared_origin_v1,sz_taxi/15T/short,Granite-FlowState-r1.1,flowstate,granite-timeseries-flowstate-r1.1,18.524928,18.524928,96,controlled,shared_origin_v1:Hmax=720,720,720,512,controlled,2256,2256,512,512,16,16,100,[],merged,2,156,14976,163561.76873346936,,100,,float32,native_horizon,96,,continuous_decoder,13.703983665531517,13.703983665531517,2.530915219559629,0.479914377467989,9.268090142144096,0.3830069354456714,3.7150081439466747,3.7018892022224974,0.33895141341266033,0.23173499908703896,0.18347443025461724,0.479914377467989,0.6589804808090461,0.7282679706670319,-0.3170862069389421,0.18347443025461724,0.2865356133749313,0.6403198125830918,-0.4457875202793841,Transport,1
sz_taxi/15T/short|H=96|L=1024|Hsrc=controlled|Lsrc=controlled|origins=shared_origin_v1:Hmax=720,joint-scaling,release,standard_hl_shared_origin_v1,sz_taxi/15T/short,Granite-FlowState-r1.1,flowstate,granite-timeseries-flowstate-r1.1,18.524928,18.524928,96,controlled,shared_origin_v1:Hmax=720,720,720,1024,controlled,2256,2256,1024,1024,16,16,100,[],merged,2,156,14976,163561.76873346936,,100,,float32,native_horizon,96,,continuous_decoder,13.283424312232906,13.283424312232906,2.48239983452691,0.4704998529456356,10.340895432692308,0.3756841838869274,3.640327421408007,3.644643235247163,0.33370987311836553,0.22729284605900482,0.18055166863201885,0.4704998529456356,0.6589804808090461,0.7139814708441616,-0.336898268177944,0.18055166863201885,0.2865356133749313,0.6301194692883336,-0.4618458437837675,Transport,1
sz_taxi/15T/short|H=96|L=2048|Hsrc=controlled|Lsrc=controlled|origins=shared_origin_v1:Hmax=720,joint-scaling,release,standard_hl_shared_origin_v1,sz_taxi/15T/short,Granite-FlowState-r1.1,flowstate,granite-timeseries-flowstate-r1.1,18.524928,18.524928,96,controlled,shared_origin_v1:Hmax=720,720,720,2048,controlled,2256,2256,2048,2048,16,16,100,[],merged,2,156,14976,163561.76873346936,,100,,float32,native_horizon,96,,continuous_decoder,13.501012035924145,13.501012035924145,2.526763916015625,0.4782877279207098,10.183080950353899,0.38572984679132444,3.7608190879196126,3.674372332239092,0.33643192094163554,0.23135489851490398,0.18374870745555627,0.4782877279207098,0.6589804808090461,0.7257995370872055,-0.3204814220000012,0.18374870745555627,0.2865356133749313,0.6412770311211593,-0.44429372959042385,Transport,1
sz_taxi/15T/short|H=96|L=4096|Hsrc=controlled|Lsrc=controlled|origins=shared_origin_v1:Hmax=720,joint-scaling,release,standard_hl_shared_origin_v1,sz_taxi/15T/short,Granite-FlowState-r1.1,flowstate,granite-timeseries-flowstate-r1.1,18.524928,18.524928,96,controlled,shared_origin_v1:Hmax=720,720,720,4096,controlled,2256,2256,2256,2256,16,16,100,[],merged,2,156,14976,163561.76873346936,,100,,float32,native_horizon,96,,continuous_decoder,13.498577411358173,13.498577411358173,2.524791750133547,0.478053506106487,10.235718295105503,0.3852698660304404,3.710762101340036,3.6740410192808373,0.33640158535098225,0.23117432357689308,0.18334580281069407,0.478053506106487,0.6589804808090461,0.7254441065076301,-0.3209712509660065,0.18334580281069407,0.2865356133749313,0.6398709069744376,-0.4464888308266256,Transport,1
sz_taxi/15T/short|H=192|L=128|Hsrc=controlled|Lsrc=controlled|origins=shared_origin_v1:Hmax=720,joint-scaling,release,standard_hl_shared_origin_v1,sz_taxi/15T/short,Granite-FlowState-r1.1,flowstate,granite-timeseries-flowstate-r1.1,18.524928,18.524928,192,controlled,shared_origin_v1:Hmax=720,720,720,128,controlled,2256,2256,128,128,16,16,100,[],merged,2,156,29952,325698.1201417807,,100,,float32,native_horizon,192,,continuous_decoder,14.638073000133547,14.638073000133547,2.6339366945446048,0.497314047000046,7.447542109041133,0.39577174390483105,3.735189309562734,3.8259734709134547,0.3518459282200181,0.24222329511959545,0.19108774826123848,0.497314047000046,0.6639967647920173,0.7489705874633574,-0.289055565310257,0.19108774826123848,0.31348991628027995,0.609549903641538,-0.49503445705230337,Transport,1
sz_taxi/15T/short|H=192|L=256|Hsrc=controlled|Lsrc=controlled|origins=shared_origin_v1:Hmax=720,joint-scaling,release,standard_hl_shared_origin_v1,sz_taxi/15T/short,Granite-FlowState-r1.1,flowstate,granite-timeseries-flowstate-r1.1,18.524928,18.524928,192,controlled,shared_origin_v1:Hmax=720,720,720,256,controlled,2256,2256,256,256,16,16,100,[],merged,2,156,29952,325698.1201417807,,100,,float32,native_horizon,192,,continuous_decoder,14.181860247228899,14.181860247228899,2.5743645562065973,0.48552546667082697,6.630351009531918,0.3859735798631978,3.6748035945244832,3.765881071838156,0.3463196834375188,0.23674489479378677,0.18702490744811226,0.48552546667082697,0.6639967647920173,0.7312166149226756,-0.31304553628488063,0.18702490744811226,0.31348991628027995,0.5965898669636955,-0.5165253916858644,Transport,1
sz_taxi/15T/short|H=192|L=512|Hsrc=controlled|Lsrc=controlled|origins=shared_origin_v1:Hmax=720,joint-scaling,release,standard_hl_shared_origin_v1,sz_taxi/15T/short,Granite-FlowState-r1.1,flowstate,granite-timeseries-flowstate-r1.1,18.524928,18.524928,192,controlled,shared_origin_v1:Hmax=720,720,720,512,controlled,2256,2256,512,512,16,16,100,[],merged,2,156,29952,325698.1201417807,,100,,float32,native_horizon,192,,continuous_decoder,13.826846391726763,13.826846391726763,2.529865232288328,0.47787174049752007,6.391557220719818,0.3801752400194478,3.66195492928484,3.718446771398881,0.34195750853107876,0.23265262754514623,0.1838935688231037,0.47787174049752007,0.6639967647920173,0.7196898627167304,-0.32893490599660447,0.1838935688231037,0.31348991628027995,0.5866012247063511,-0.5334100346360714,Transport,1
sz_taxi/15T/short|H=192|L=1024|Hsrc=controlled|Lsrc=controlled|origins=shared_origin_v1:Hmax=720,joint-scaling,release,standard_hl_shared_origin_v1,sz_taxi/15T/short,Granite-FlowState-r1.1,flowstate,granite-timeseries-flowstate-r1.1,18.524928,18.524928,192,controlled,shared_origin_v1:Hmax=720,720,720,1024,controlled,2256,2256,1024,1024,16,16,100,[],merged,2,156,29952,325698.1201417807,,100,,float32,native_horizon,192,,continuous_decoder,13.50930447048611,13.50930447048611,2.489101312099359,0.4698008695286516,6.74491947532719,0.37359646854237616,3.5875732714600668,3.6755005741376388,0.3380080706288619,0.22890387720858152,0.18139287633914195,0.4698008695286516,0.6639967647920173,0.7075348773360464,-0.3459683540917298,0.18139287633914195,0.31348991628027995,0.5786242775890921,-0.5471019281273262,Transport,1
sz_taxi/15T/short|H=192|L=2048|Hsrc=controlled|Lsrc=controlled|origins=shared_origin_v1:Hmax=720,joint-scaling,release,standard_hl_shared_origin_v1,sz_taxi/15T/short,Granite-FlowState-r1.1,flowstate,granite-timeseries-flowstate-r1.1,18.524928,18.524928,192,controlled,shared_origin_v1:Hmax=720,720,720,2048,controlled,2256,2256,2048,2048,16,16,100,[],merged,2,156,29952,325698.1201417807,,100,,float32,native_horizon,192,,continuous_decoder,13.756285056089743,13.756285056089743,2.543266361595219,0.47935865521555554,6.832624125684428,0.38389284182817507,3.7090300939427734,3.708946623515866,0.341083851571474,0.23388502834876546,0.18528273474404752,0.47935865521555554,0.6639967647920173,0.7219292030221025,-0.3258282016532795,0.18528273474404752,0.31348991628027995,0.5910325185017848,-0.5258842402440804,Transport,1
sz_taxi/15T/short|H=192|L=4096|Hsrc=controlled|Lsrc=controlled|origins=shared_origin_v1:Hmax=720,joint-scaling,release,standard_hl_shared_origin_v1,sz_taxi/15T/short,Granite-FlowState-r1.1,flowstate,granite-timeseries-flowstate-r1.1,18.524928,18.524928,192,controlled,shared_origin_v1:Hmax=720,720,720,4096,controlled,2256,2256,2256,2256,16,16,100,[],merged,2,156,29952,325698.1201417807,,100,,float32,native_horizon,192,,continuous_decoder,13.766132061298077,13.766132061298077,2.5394786606487045,0.4788403930780383,6.841124184111244,0.3830375671386719,3.6814739550704694,3.7102738526014596,0.34120590682176033,0.23353670205599897,0.18490357275852654,0.4788403930780383,0.6639967647920173,0.7211486839518333,-0.32690994388414046,0.18490357275852654,0.31348991628027995,0.5898230314789805,-0.52793273372116,Transport,1
sz_taxi/15T/short|H=336|L=128|Hsrc=controlled|Lsrc=controlled|origins=shared_origin_v1:Hmax=720,joint-scaling,release,standard_hl_shared_origin_v1,sz_taxi/15T/short,Granite-FlowState-r1.1,flowstate,granite-timeseries-flowstate-r1.1,18.524928,18.524928,336,controlled,shared_origin_v1:Hmax=720,720,720,128,controlled,2256,2256,128,128,16,16,100,[],merged,2,156,52416,570457.3737188877,,100,,float32,native_horizon,336,,continuous_decoder,14.54707770528083,14.54707770528083,2.6364041096707114,0.49646027403160037,5.447157118055555,0.39545560843778615,3.6054897115641906,3.8140631490945234,0.35045201137404336,0.24224379275110872,0.19069025306319617,0.49646027403160037,0.6630630446052542,0.7487376623849719,-0.28936660730429964,0.19069025306319617,0.346640141093298,0.5501101299513722,-0.5976367845250055,Transport,1
sz_taxi/15T/short|H=336|L=256|Hsrc=controlled|Lsrc=controlled|origins=shared_origin_v1:Hmax=720,joint-scaling,release,standard_hl_shared_origin_v1,sz_taxi/15T/short,Granite-FlowState-r1.1,flowstate,granite-timeseries-flowstate-r1.1,18.524928,18.524928,336,controlled,shared_origin_v1:Hmax=720,720,720,256,controlled,2256,2256,256,256,16,16,100,[],merged,2,156,52416,570457.3737188877,,100,,float32,native_horizon,336,,continuous_decoder,13.983414534684066,13.983414534684066,2.5636408133966726,0.4821445825271519,4.944676214085394,0.3856726566077152,3.5327109930186276,3.7394404039487066,0.34359536267466023,0.23555799796045454,0.1855794324471028,0.4821445825271519,0.6630630446052542,0.7271474205204579,-0.3186260427477011,0.1855794324471028,0.346640141093298,0.5353662500303281,-0.6248041868078456,Transport,1
sz_taxi/15T/short|H=336|L=512|Hsrc=controlled|Lsrc=controlled|origins=shared_origin_v1:Hmax=720,joint-scaling,release,standard_hl_shared_origin_v1,sz_taxi/15T/short,Granite-FlowState-r1.1,flowstate,granite-timeseries-flowstate-r1.1,18.524928,18.524928,336,controlled,shared_origin_v1:Hmax=720,720,720,512,controlled,2256,2256,512,512,16,16,100,[],merged,2,156,52416,570457.3737188877,,100,,float32,native_horizon,336,,continuous_decoder,13.582230974320819,13.582230974320819,2.518609835260226,0.47434904716540555,4.785555102449634,0.3813315218039339,3.6800925730705156,3.6854078436885134,0.3386306259404587,0.2314203640920156,0.18326156126794096,0.47434904716540555,0.6630630446052542,0.7153905665905463,-0.3349266384469172,0.18326156126794096,0.346640141093298,0.5286795715289541,-0.6373727555472856,Transport,1
sz_taxi/15T/short|H=336|L=1024|Hsrc=controlled|Lsrc=controlled|origins=shared_origin_v1:Hmax=720,joint-scaling,release,standard_hl_shared_origin_v1,sz_taxi/15T/short,Granite-FlowState-r1.1,flowstate,granite-timeseries-flowstate-r1.1,18.524928,18.524928,336,controlled,shared_origin_v1:Hmax=720,720,720,1024,controlled,2256,2256,1024,1024,16,16,100,[],merged,2,156,52416,570457.3737188877,,100,,float32,native_horizon,336,,continuous_decoder,13.336426377442002,13.336426377442002,2.482248830271291,0.4670616609743958,5.013976529113248,0.3739439017606742,3.510092945590988,3.6519072246487867,0.3355524495008434,0.22807936347513302,0.18031164778818057,0.4670616609743958,0.6630630446052542,0.7044000789584869,-0.35040879026684,0.18031164778818057,0.346640141093298,0.5201695545688397,-0.6536004540762473,Transport,1
sz_taxi/15T/short|H=336|L=2048|Hsrc=controlled|Lsrc=controlled|origins=shared_origin_v1:Hmax=720,joint-scaling,release,standard_hl_shared_origin_v1,sz_taxi/15T/short,Granite-FlowState-r1.1,flowstate,granite-timeseries-flowstate-r1.1,18.524928,18.524928,336,controlled,shared_origin_v1:Hmax=720,720,720,2048,controlled,2256,2256,2048,2048,16,16,100,[],merged,2,156,52416,570457.3737188877,,100,,float32,native_horizon,336,,continuous_decoder,13.719767103556165,13.719767103556165,2.5537698859842415,0.47974387297757537,5.052941551720848,0.38532785268930286,3.634949236791654,3.7040203972921324,0.34034082490471657,0.23465101602790972,0.18569530791707012,0.47974387297757537,0.6630630446052542,0.723526785093542,-0.3236177120429533,0.18569530791707012,0.346640141093298,0.5357005317716229,-0.6241799834288813,Transport,1
sz_taxi/15T/short|H=336|L=4096|Hsrc=controlled|Lsrc=controlled|origins=shared_origin_v1:Hmax=720,joint-scaling,release,standard_hl_shared_origin_v1,sz_taxi/15T/short,Granite-FlowState-r1.1,flowstate,granite-timeseries-flowstate-r1.1,18.524928,18.524928,336,controlled,shared_origin_v1:Hmax=720,720,720,4096,controlled,2256,2256,2256,2256,16,16,100,[],merged,2,156,52416,570457.3737188877,,100,,float32,native_horizon,336,,continuous_decoder,13.713223300137363,13.713223300137363,2.5489886496966574,0.47900694272035454,5.072292155544108,0.3844432714366796,3.613020917361773,3.7031369540076913,0.34025965045535256,0.23421169611936649,0.1852998010340944,0.47900694272035454,0.6630630446052542,0.7224153820931537,-0.3251549840645908,0.1852998010340944,0.346640141093298,0.5345595592295269,-0.6263121249222068,Transport,1
sz_taxi/15T/short|H=720|L=128|Hsrc=controlled|Lsrc=controlled|origins=shared_origin_v1:Hmax=720,joint-scaling,release,standard_hl_shared_origin_v1,sz_taxi/15T/short,Granite-FlowState-r1.1,flowstate,granite-timeseries-flowstate-r1.1,18.524928,18.524928,720,controlled,shared_origin_v1:Hmax=720,720,720,128,controlled,2256,2256,128,128,16,16,100,[],merged,2,156,112320,1213506.5590510867,,100,,float32,native_horizon,720,,continuous_decoder,16.364729122150997,16.364729122150997,2.800186409366097,0.528854589747421,8250134767011.745,0.41428817357772435,3.9710478785251406,4.045334241091952,0.37442891311172527,0.259180253418605,0.20466379648676883,0.528854589747421,0.6909431345378894,0.7654097179808074,-0.26734400946699816,0.20466379648676883,0.4279704057318517,0.47821950711003736,-0.7376854320043922,Transport,1
sz_taxi/15T/short|H=720|L=256|Hsrc=controlled|Lsrc=controlled|origins=shared_origin_v1:Hmax=720,joint-scaling,release,standard_hl_shared_origin_v1,sz_taxi/15T/short,Granite-FlowState-r1.1,flowstate,granite-timeseries-flowstate-r1.1,18.524928,18.524928,720,controlled,shared_origin_v1:Hmax=720,720,720,256,controlled,2256,2256,256,256,16,16,100,[],merged,2,156,112320,1213506.5590510867,,100,,float32,native_horizon,720,,continuous_decoder,15.877836761039886,15.877836761039886,2.7423127003205128,0.517154313703891,7785595509370.98,0.4095713906138711,3.997297755616397,3.9847003351619663,0.3688167470601619,0.25382356626144364,0.2011044132478375,0.517154313703891,0.6909431345378894,0.7484759423071331,-0.28971621684522864,0.2011044132478375,0.4279704057318517,0.4699026160557492,-0.7552298056282786,Transport,1
sz_taxi/15T/short|H=720|L=512|Hsrc=controlled|Lsrc=controlled|origins=shared_origin_v1:Hmax=720,joint-scaling,release,standard_hl_shared_origin_v1,sz_taxi/15T/short,Granite-FlowState-r1.1,flowstate,granite-timeseries-flowstate-r1.1,18.524928,18.524928,720,controlled,shared_origin_v1:Hmax=720,720,720,512,controlled,2256,2256,512,512,16,16,100,[],merged,2,156,112320,1213506.5590510867,,100,,float32,native_horizon,720,,continuous_decoder,15.67685296474359,15.67685296474359,2.7127643117877493,0.5121980004528449,6958331579934.22,0.405575604995771,4.30606475310801,3.9594005814950815,0.3664750470415921,0.25108862018699046,0.2004641016418684,0.5121980004528449,0.6909431345378894,0.741302684475487,-0.29934625601819986,0.2004641016418684,0.4279704057318517,0.4684064574490013,-0.7584188611687159,Transport,1
sz_taxi/15T/short|H=720|L=1024|Hsrc=controlled|Lsrc=controlled|origins=shared_origin_v1:Hmax=720,joint-scaling,release,standard_hl_shared_origin_v1,sz_taxi/15T/short,Granite-FlowState-r1.1,flowstate,granite-timeseries-flowstate-r1.1,18.524928,18.524928,720,controlled,shared_origin_v1:Hmax=720,720,720,1024,controlled,2256,2256,1024,1024,16,16,100,[],merged,2,156,112320,1213506.5590510867,,100,,float32,native_horizon,720,,continuous_decoder,15.274391248219374,15.274391248219374,2.6591745403757123,0.5019384113302722,5878144857715.386,0.3950797839042468,4.026809719511588,3.9082465695269755,0.3617403230457445,0.24612844664684347,0.19574866127118334,0.5019384113302722,0.6909431345378894,0.7264540108151943,-0.3195801003633751,0.19574866127118334,0.4279704057318517,0.45738831155028803,-0.7822225518295264,Transport,1
sz_taxi/15T/short|H=720|L=2048|Hsrc=controlled|Lsrc=controlled|origins=shared_origin_v1:Hmax=720,joint-scaling,release,standard_hl_shared_origin_v1,sz_taxi/15T/short,Granite-FlowState-r1.1,flowstate,granite-timeseries-flowstate-r1.1,18.524928,18.524928,720,controlled,shared_origin_v1:Hmax=720,720,720,2048,controlled,2256,2256,2048,2048,16,16,100,[],merged,2,156,112320,1213506.5590510867,,100,,float32,native_horizon,720,,continuous_decoder,15.961928530092592,15.961928530092592,2.7695914852653134,0.5213692509839629,6166625329886.327,0.40986832404068735,4.0752094314429135,3.995238231957212,0.36979211596873013,0.2563484418809013,0.20385105835708914,0.5213692509839629,0.6909431345378894,0.7545762088404867,-0.2815990001221722,0.20385105835708914,0.4279704057318517,0.4763204549354136,-0.7416644266105469,Transport,1
sz_taxi/15T/short|H=720|L=4096|Hsrc=controlled|Lsrc=controlled|origins=shared_origin_v1:Hmax=720,joint-scaling,release,standard_hl_shared_origin_v1,sz_taxi/15T/short,Granite-FlowState-r1.1,flowstate,granite-timeseries-flowstate-r1.1,18.524928,18.524928,720,controlled,shared_origin_v1:Hmax=720,720,720,4096,controlled,2256,2256,2256,2256,16,16,100,[],merged,2,156,112320,1213506.5590510867,,100,,float32,native_horizon,720,,continuous_decoder,15.96824363425926,15.96824363425926,2.7659907240473647,0.5207498420275647,6180500766254.7,0.4092293155159366,4.007651472788215,3.996028482663663,0.36986526016287274,0.25601516185288375,0.20333678960733623,0.5207498420275647,0.6909431345378894,0.753679740049589,-0.2827877491499826,0.20333678960733623,0.4279704057318517,0.47511880934762235,-0.7441903812811612,Transport,1
us_births/D/short|H=48|L=128|Hsrc=controlled|Lsrc=controlled|origins=shared_origin_v1:Hmax=720,joint-scaling,release,standard_hl_shared_origin_v1,us_births/D/short,Granite-FlowState-r1.1,flowstate,granite-timeseries-flowstate-r1.1,18.524928,18.524928,48,controlled,shared_origin_v1:Hmax=720,720,720,128,controlled,5865,6585,128,128,16,16,100,[],merged,2,1,96,966203.0,,100,,float32,native_horizon,48,,continuous_decoder,107414.82291666667,107414.82291666667,256.18613688151044,0.3917771623447048,0.0249156653881073,0.02506732940673828,3.4983469613158005,327.7420066403858,0.03256379108476897,0.02545414280500578,0.021369162207954748,0.3917771623447048,1.9806011529499583,0.19780719695188595,-1.6204624754610755,0.021369162207954748,0.13560089778328527,0.1575886484328926,-1.8477671318625506,Healthcare,1
us_births/D/short|H=48|L=256|Hsrc=controlled|Lsrc=controlled|origins=shared_origin_v1:Hmax=720,joint-scaling,release,standard_hl_shared_origin_v1,us_births/D/short,Granite-FlowState-r1.1,flowstate,granite-timeseries-flowstate-r1.1,18.524928,18.524928,48,controlled,shared_origin_v1:Hmax=720,720,720,256,controlled,5865,6585,256,256,16,16,100,[],merged,2,1,96,966203.0,,100,,float32,native_horizon,48,,continuous_decoder,76567.38541666667,76567.38541666667,214.5186971028646,0.3273423665732236,0.021040310462315876,0.020953523615996044,3.2840114008794976,276.7081231490443,0.027493166365979253,0.021314149223170493,0.01921703320355916,0.3273423665732236,1.9806011529499583,0.1652742482178562,-1.8001490744471338,0.01921703320355916,0.13560089778328527,0.14171759566276215,-1.9539189645340709,Healthcare,1
us_births/D/short|H=48|L=512|Hsrc=controlled|Lsrc=controlled|origins=shared_origin_v1:Hmax=720,joint-scaling,release,standard_hl_shared_origin_v1,us_births/D/short,Granite-FlowState-r1.1,flowstate,granite-timeseries-flowstate-r1.1,18.524928,18.524928,48,controlled,shared_origin_v1:Hmax=720,720,720,512,controlled,5865,6585,512,512,16,16,100,[],merged,2,1,96,966203.0,,100,,float32,native_horizon,48,,continuous_decoder,84063.34895833333,84063.34895833333,226.76070149739584,0.3460957884785389,0.022298124929269154,0.022287140289942425,2.6479580292767513,289.9368016625922,0.028807541437574555,0.02253049032527326,0.018167515990626167,0.3460957884785389,1.9806011529499583,0.17474279865133618,-1.7444401081517633,0.018167515990626167,0.13560089778328527,0.13397784445100902,-2.0100808326192197,Healthcare,1
us_births/D/short|H=48|L=1024|Hsrc=controlled|Lsrc=controlled|origins=shared_origin_v1:Hmax=720,joint-scaling,release,standard_hl_shared_origin_v1,us_births/D/short,Granite-FlowState-r1.1,flowstate,granite-timeseries-flowstate-r1.1,18.524928,18.524928,48,controlled,shared_origin_v1:Hmax=720,720,720,1024,controlled,5865,6585,1024,1024,16,16,100,[],merged,2,1,96,966203.0,,100,,float32,native_horizon,48,,continuous_decoder,77405.63020833333,77405.63020833333,214.9404296875,0.3280600833658892,0.021187325318654377,0.021276310086250305,2.08820181939611,278.21867336383684,0.02764325161785705,0.02135605173032996,0.01650806697640719,0.3280600833658892,1.9806011529499583,0.16563662142540314,-1.7979589176064723,0.01650806697640719,0.13560089778328527,0.12174010088627925,-2.105866827213899,Healthcare,1
us_births/D/short|H=48|L=2048|Hsrc=controlled|Lsrc=controlled|origins=shared_origin_v1:Hmax=720,joint-scaling,release,standard_hl_shared_origin_v1,us_births/D/short,Granite-FlowState-r1.1,flowstate,granite-timeseries-flowstate-r1.1,18.524928,18.524928,48,controlled,shared_origin_v1:Hmax=720,720,720,2048,controlled,5865,6585,1147,1147,16,16,100,[],merged,2,1,96,966203.0,,100,,float32,native_horizon,48,,continuous_decoder,70846.34375,70846.34375,204.31648763020834,0.3119065115185236,0.02014932284752528,0.0201752707362175,1.988010578229823,266.1697649057834,0.026446096142275693,0.020300478069825906,0.015823721103345026,0.3119065115185236,1.9806011529499583,0.15748072803752639,-1.848452189869748,0.015823721103345026,0.13560089778328527,0.116693335826096,-2.148205846495031,Healthcare,1
us_births/D/short|H=48|L=4096|Hsrc=controlled|Lsrc=controlled|origins=shared_origin_v1:Hmax=720,joint-scaling,release,standard_hl_shared_origin_v1,us_births/D/short,Granite-FlowState-r1.1,flowstate,granite-timeseries-flowstate-r1.1,18.524928,18.524928,48,controlled,shared_origin_v1:Hmax=720,720,720,4096,controlled,5865,6585,1147,1147,16,16,100,[],merged,2,1,96,966203.0,,100,,float32,native_horizon,48,,continuous_decoder,70846.34375,70846.34375,204.31648763020834,0.3119065115185236,0.02014932284752528,0.0201752707362175,1.988010578229823,266.1697649057834,0.026446096142275693,0.020300478069825906,0.015823721103345026,0.3119065115185236,1.9806011529499583,0.15748072803752639,-1.848452189869748,0.015823721103345026,0.13560089778328527,0.116693335826096,-2.148205846495031,Healthcare,1
us_births/D/short|H=96|L=128|Hsrc=controlled|Lsrc=controlled|origins=shared_origin_v1:Hmax=720,joint-scaling,release,standard_hl_shared_origin_v1,us_births/D/short,Granite-FlowState-r1.1,flowstate,granite-timeseries-flowstate-r1.1,18.524928,18.524928,96,controlled,shared_origin_v1:Hmax=720,720,720,128,controlled,5865,6585,128,128,16,16,100,[],merged,2,1,192,1945491.0,,100,,float32,native_horizon,96,,continuous_decoder,103698.66666666667,103698.66666666667,251.4417724609375,0.3848218835698183,0.0243147611618042,0.02452992896238963,3.9508595098025334,322.02277352179095,0.031780343633655395,0.02481472302493304,0.022064924044194086,0.3848218835698183,2.0761689330647766,0.18535191305543527,-1.6854990281252786,0.022064924044194086,0.17051259046311812,0.12940348852987915,-2.044819938006095,Healthcare,1
us_births/D/short|H=96|L=256|Hsrc=controlled|Lsrc=controlled|origins=shared_origin_v1:Hmax=720,joint-scaling,release,standard_hl_shared_origin_v1,us_births/D/short,Granite-FlowState-r1.1,flowstate,granite-timeseries-flowstate-r1.1,18.524928,18.524928,96,controlled,shared_origin_v1:Hmax=720,720,720,256,controlled,5865,6585,256,256,16,16,100,[],merged,2,1,192,1945491.0,,100,,float32,native_horizon,96,,continuous_decoder,75219.13541666667,75219.13541666667,211.20135498046875,0.3229841360786452,0.020685809353987377,0.02063183734814326,3.7940622668922246,274.26107163917135,0.027066753716527548,0.020843406706199104,0.02040488845469758,0.3229841360786452,2.0761689330647766,0.1555673678258281,-1.8606764075748197,0.02040488845469758,0.17051259046311812,0.11966792832879493,-2.1230346360799843,Healthcare,1
us_births/D/short|H=96|L=512|Hsrc=controlled|Lsrc=controlled|origins=shared_origin_v1:Hmax=720,joint-scaling,release,standard_hl_shared_origin_v1,us_births/D/short,Granite-FlowState-r1.1,flowstate,granite-timeseries-flowstate-r1.1,18.524928,18.524928,96,controlled,shared_origin_v1:Hmax=720,720,720,512,controlled,5865,6585,512,512,16,16,100,[],merged,2,1,192,1945491.0,,100,,float32,native_horizon,96,,continuous_decoder,83272.34375,83272.34375,219.99979654947916,0.33657448805459395,0.02147730936606725,0.02154327432314555,2.8628303492024627,288.56947820239066,0.028478846632988282,0.02171172261269777,0.018315970738645725,0.33657448805459395,2.0761689330647766,0.16211324747921793,-1.8194601294636519,0.018315970738645725,0.17051259046311812,0.10741711617247097,-2.2310357411464152,Healthcare,1
us_births/D/short|H=96|L=1024|Hsrc=controlled|Lsrc=controlled|origins=shared_origin_v1:Hmax=720,joint-scaling,release,standard_hl_shared_origin_v1,us_births/D/short,Granite-FlowState-r1.1,flowstate,granite-timeseries-flowstate-r1.1,18.524928,18.524928,96,controlled,shared_origin_v1:Hmax=720,720,720,1024,controlled,5865,6585,1024,1024,16,16,100,[],merged,2,1,192,1945491.0,,100,,float32,native_horizon,96,,continuous_decoder,83781.70833333333,83781.70833333333,223.8650105794271,0.34274857009074006,0.021922998130321503,0.022104789813359577,2.1747540889373487,289.45070104135755,0.028565814285412088,0.02209317957844575,0.017168419042238068,0.34274857009074006,2.0761689330647766,0.16508703344519524,-1.8012824687223925,0.017168419042238068,0.17051259046311812,0.10068710466252401,-2.2957375444335435,Healthcare,1
us_births/D/short|H=96|L=2048|Hsrc=controlled|Lsrc=controlled|origins=shared_origin_v1:Hmax=720,joint-scaling,release,standard_hl_shared_origin_v1,us_births/D/short,Granite-FlowState-r1.1,flowstate,granite-timeseries-flowstate-r1.1,18.524928,18.524928,96,controlled,shared_origin_v1:Hmax=720,720,720,2048,controlled,5865,6585,1099,1099,16,16,100,[],merged,2,1,192,1945491.0,,100,,float32,native_horizon,96,,continuous_decoder,77918.28125,77918.28125,212.277099609375,0.3250860405350651,0.02083274970451991,0.020937566955884297,2.1096496118388663,279.13846250561744,0.02754810215060288,0.02094957166340014,0.016595395250193618,0.3250860405350651,2.0761689330647766,0.15657976350468897,-1.8541897278835775,0.016595395250193618,0.17051259046311812,0.09732650946842077,-2.3296838760408165,Healthcare,1
us_births/D/short|H=96|L=4096|Hsrc=controlled|Lsrc=controlled|origins=shared_origin_v1:Hmax=720,joint-scaling,release,standard_hl_shared_origin_v1,us_births/D/short,Granite-FlowState-r1.1,flowstate,granite-timeseries-flowstate-r1.1,18.524928,18.524928,96,controlled,shared_origin_v1:Hmax=720,720,720,4096,controlled,5865,6585,1099,1099,16,16,100,[],merged,2,1,192,1945491.0,,100,,float32,native_horizon,96,,continuous_decoder,77918.28125,77918.28125,212.277099609375,0.3250860405350651,0.02083274970451991,0.020937566955884297,2.1096496118388663,279.13846250561744,0.02754810215060288,0.02094957166340014,0.016595395250193618,0.3250860405350651,2.0761689330647766,0.15657976350468897,-1.8541897278835775,0.016595395250193618,0.17051259046311812,0.09732650946842077,-2.3296838760408165,Healthcare,1
us_births/D/short|H=192|L=128|Hsrc=controlled|Lsrc=controlled|origins=shared_origin_v1:Hmax=720,joint-scaling,release,standard_hl_shared_origin_v1,us_births/D/short,Granite-FlowState-r1.1,flowstate,granite-timeseries-flowstate-r1.1,18.524928,18.524928,192,controlled,shared_origin_v1:Hmax=720,720,720,128,controlled,5865,6585,128,128,16,16,100,[],merged,2,1,384,3956119.0,,100,,float32,native_horizon,192,,continuous_decoder,268825.7083333333,268825.7083333333,399.9804280598958,0.6134107410836754,0.037621453404426575,0.03846025963624319,4.349324739720509,518.4840482920697,0.05032656362059756,0.03882403041339252,0.030427978255453417,0.6134107410836754,2.2883183061785637,0.26806180741002616,-1.3165377003967835,0.030427978255453417,0.221823182915226,0.1371722191322178,-1.986518068652152,Healthcare,1
us_births/D/short|H=192|L=256|Hsrc=controlled|Lsrc=controlled|origins=shared_origin_v1:Hmax=720,joint-scaling,release,standard_hl_shared_origin_v1,us_births/D/short,Granite-FlowState-r1.1,flowstate,granite-timeseries-flowstate-r1.1,18.524928,18.524928,192,controlled,shared_origin_v1:Hmax=720,720,720,256,controlled,5865,6585,256,256,16,16,100,[],merged,2,1,384,3956119.0,,100,,float32,native_horizon,192,,continuous_decoder,154249.54166666666,154249.54166666666,300.91668701171875,0.4611420780032545,0.02872808774312337,0.028970226645469666,4.085531082821112,392.74615423536187,0.03812183688771217,0.029208425684995827,0.02467904467570434,0.4611420780032545,2.2883183061785637,0.20152007557609006,-1.601866271907632,0.02467904467570434,0.221823182915226,0.11125547993392516,-2.1959261013158793,Healthcare,1
us_births/D/short|H=192|L=512|Hsrc=controlled|Lsrc=controlled|origins=shared_origin_v1:Hmax=720,joint-scaling,release,standard_hl_shared_origin_v1,us_births/D/short,Granite-FlowState-r1.1,flowstate,granite-timeseries-flowstate-r1.1,18.524928,18.524928,192,controlled,shared_origin_v1:Hmax=720,720,720,512,controlled,5865,6585,512,512,16,16,100,[],merged,2,1,384,3956119.0,,100,,float32,native_horizon,192,,continuous_decoder,147721.23958333334,147721.23958333334,293.29931640625,0.45025709196473424,0.028166241943836212,0.02842279275258382,3.2477959227850977,384.3452088726141,0.03730640059287494,0.028469046937162405,0.0224639433536553,0.45025709196473424,2.2883183061785637,0.19676331336817066,-1.6257537275537122,0.0224639433536553,0.221823182915226,0.10126959255760173,-2.2899690849737575,Healthcare,1
us_births/D/short|H=192|L=1024|Hsrc=controlled|Lsrc=controlled|origins=shared_origin_v1:Hmax=720,joint-scaling,release,standard_hl_shared_origin_v1,us_births/D/short,Granite-FlowState-r1.1,flowstate,granite-timeseries-flowstate-r1.1,18.524928,18.524928,192,controlled,shared_origin_v1:Hmax=720,720,720,1024,controlled,5865,6585,1003,1003,16,16,100,[],merged,2,1,384,3956119.0,,100,,float32,native_horizon,192,,continuous_decoder,125160.71875,125160.71875,261.499267578125,0.4010984644495703,0.025391983489195507,0.025531676908334095,2.8540102562971477,353.7806082164482,0.034339652966737376,0.02538238074992183,0.019830267558657588,0.4010984644495703,2.2883183061785637,0.17528088787586332,-1.741365518236148,0.019830267558657588,0.221823182915226,0.08939673165827805,-2.4146711561031884,Healthcare,1
us_births/D/short|H=192|L=2048|Hsrc=controlled|Lsrc=controlled|origins=shared_origin_v1:Hmax=720,joint-scaling,release,standard_hl_shared_origin_v1,us_births/D/short,Granite-FlowState-r1.1,flowstate,granite-timeseries-flowstate-r1.1,18.524928,18.524928,192,controlled,shared_origin_v1:Hmax=720,720,720,2048,controlled,5865,6585,1003,1003,16,16,100,[],merged,2,1,384,3956119.0,,100,,float32,native_horizon,192,,continuous_decoder,125160.71875,125160.71875,261.499267578125,0.4010984644495703,0.025391983489195507,0.025531676908334095,2.8540102562971477,353.7806082164482,0.034339652966737376,0.02538238074992183,0.019830267558657588,0.4010984644495703,2.2883183061785637,0.17528088787586332,-1.741365518236148,0.019830267558657588,0.221823182915226,0.08939673165827805,-2.4146711561031884,Healthcare,1
us_births/D/short|H=192|L=4096|Hsrc=controlled|Lsrc=controlled|origins=shared_origin_v1:Hmax=720,joint-scaling,release,standard_hl_shared_origin_v1,us_births/D/short,Granite-FlowState-r1.1,flowstate,granite-timeseries-flowstate-r1.1,18.524928,18.524928,192,controlled,shared_origin_v1:Hmax=720,720,720,4096,controlled,5865,6585,1003,1003,16,16,100,[],merged,2,1,384,3956119.0,,100,,float32,native_horizon,192,,continuous_decoder,125160.71875,125160.71875,261.499267578125,0.4010984644495703,0.025391983489195507,0.025531676908334095,2.8540102562971477,353.7806082164482,0.034339652966737376,0.02538238074992183,0.019830267558657588,0.4010984644495703,2.2883183061785637,0.17528088787586332,-1.741365518236148,0.019830267558657588,0.221823182915226,0.08939673165827805,-2.4146711561031884,Healthcare,1
us_births/D/short|H=336|L=128|Hsrc=controlled|Lsrc=controlled|origins=shared_origin_v1:Hmax=720,joint-scaling,release,standard_hl_shared_origin_v1,us_births/D/short,Granite-FlowState-r1.1,flowstate,granite-timeseries-flowstate-r1.1,18.524928,18.524928,336,controlled,shared_origin_v1:Hmax=720,720,720,128,controlled,5865,6585,128,128,16,16,100,[],merged,2,1,672,7003570.0,,100,,float32,native_horizon,336,,continuous_decoder,344696.85714285716,344696.85714285716,468.38895089285717,0.7187699465040316,0.043649667785281225,0.044729034105936684,4.5826697364568885,587.1088971756919,0.0563337239296623,0.044942418652201666,0.03402727075399384,0.7187699465040316,2.4486101875872244,0.2935420060521281,-1.225734528823226,0.03402727075399384,0.2803123367673056,0.1213905572134727,-2.1087421858080386,Healthcare,1
us_births/D/short|H=336|L=256|Hsrc=controlled|Lsrc=controlled|origins=shared_origin_v1:Hmax=720,joint-scaling,release,standard_hl_shared_origin_v1,us_births/D/short,Granite-FlowState-r1.1,flowstate,granite-timeseries-flowstate-r1.1,18.524928,18.524928,336,controlled,shared_origin_v1:Hmax=720,720,720,256,controlled,5865,6585,256,256,16,16,100,[],merged,2,1,672,7003570.0,,100,,float32,native_horizon,336,,continuous_decoder,170342.02380952382,170342.02380952382,309.9271530877976,0.47557782933191234,0.029326685837336948,0.02955819879259382,4.290112531076368,412.7251189466469,0.03960141469738244,0.029737840397825677,0.025128864176033616,0.47557782933191234,2.4486101875872244,0.19422357700820084,-1.6387453246845223,0.025128864176033616,0.2803123367673056,0.08964594446977096,-2.411887317324331,Healthcare,1
us_births/D/short|H=336|L=512|Hsrc=controlled|Lsrc=controlled|origins=shared_origin_v1:Hmax=720,joint-scaling,release,standard_hl_shared_origin_v1,us_births/D/short,Granite-FlowState-r1.1,flowstate,granite-timeseries-flowstate-r1.1,18.524928,18.524928,336,controlled,shared_origin_v1:Hmax=720,720,720,512,controlled,5865,6585,512,512,16,16,100,[],merged,2,1,672,7003570.0,,100,,float32,native_horizon,336,,continuous_decoder,169335.7142857143,169335.7142857143,308.00809151785717,0.472941030055581,0.029537518819173176,0.02983269237336658,3.460183461321855,411.5042093171275,0.039484267118213956,0.029553704396472088,0.02341054138251347,0.472941030055581,2.4486101875872244,0.1931467215374125,-1.6443051636747217,0.02341054138251347,0.2803123367673056,0.0835159153267919,-2.4827180625716463,Healthcare,1
us_births/D/short|H=336|L=1024|Hsrc=controlled|Lsrc=controlled|origins=shared_origin_v1:Hmax=720,joint-scaling,release,standard_hl_shared_origin_v1,us_births/D/short,Granite-FlowState-r1.1,flowstate,granite-timeseries-flowstate-r1.1,18.524928,18.524928,336,controlled,shared_origin_v1:Hmax=720,720,720,1024,controlled,5865,6585,859,859,16,16,100,[],merged,2,1,672,7003570.0,,100,,float32,native_horizon,336,,continuous_decoder,132149.39285714287,132149.39285714287,249.1938709077381,0.3820196620489374,0.02417879445212228,0.024034806660243442,3.1416398922830515,363.5235795063958,0.03488047459057281,0.023910417294322753,0.01901751690839061,0.3820196620489374,2.4486101875872244,0.1560148953008181,-1.8578037935932306,0.01901751690839061,0.2803123367673056,0.0678440240187414,-2.6905439729436376,Healthcare,1
us_births/D/short|H=336|L=2048|Hsrc=controlled|Lsrc=controlled|origins=shared_origin_v1:Hmax=720,joint-scaling,release,standard_hl_shared_origin_v1,us_births/D/short,Granite-FlowState-r1.1,flowstate,granite-timeseries-flowstate-r1.1,18.524928,18.524928,336,controlled,shared_origin_v1:Hmax=720,720,720,2048,controlled,5865,6585,859,859,16,16,100,[],merged,2,1,672,7003570.0,,100,,float32,native_horizon,336,,continuous_decoder,132149.39285714287,132149.39285714287,249.1938709077381,0.3820196620489374,0.02417879445212228,0.024034806660243442,3.1416398922830515,363.5235795063958,0.03488047459057281,0.023910417294322753,0.01901751690839061,0.3820196620489374,2.4486101875872244,0.1560148953008181,-1.8578037935932306,0.01901751690839061,0.2803123367673056,0.0678440240187414,-2.6905439729436376,Healthcare,1
us_births/D/short|H=336|L=4096|Hsrc=controlled|Lsrc=controlled|origins=shared_origin_v1:Hmax=720,joint-scaling,release,standard_hl_shared_origin_v1,us_births/D/short,Granite-FlowState-r1.1,flowstate,granite-timeseries-flowstate-r1.1,18.524928,18.524928,336,controlled,shared_origin_v1:Hmax=720,720,720,4096,controlled,5865,6585,859,859,16,16,100,[],merged,2,1,672,7003570.0,,100,,float32,native_horizon,336,,continuous_decoder,132149.39285714287,132149.39285714287,249.1938709077381,0.3820196620489374,0.02417879445212228,0.024034806660243442,3.1416398922830515,363.5235795063958,0.03488047459057281,0.023910417294322753,0.01901751690839061,0.3820196620489374,2.4486101875872244,0.1560148953008181,-1.8578037935932306,0.01901751690839061,0.2803123367673056,0.0678440240187414,-2.6905439729436376,Healthcare,1
us_births/D/short|H=720|L=128|Hsrc=controlled|Lsrc=controlled|origins=shared_origin_v1:Hmax=720,joint-scaling,release,standard_hl_shared_origin_v1,us_births/D/short,Granite-FlowState-r1.1,flowstate,granite-timeseries-flowstate-r1.1,18.524928,18.524928,720,controlled,shared_origin_v1:Hmax=720,720,720,128,controlled,5865,6585,128,128,16,16,100,[],merged,2,1,1440,15049224.0,,100,,float32,native_horizon,720,,continuous_decoder,439492.44444444444,439492.44444444444,512.6792534722222,0.7849943275663344,0.0477620972527398,0.04893190595838759,5.046167791713713,662.9422632812336,0.06343429130465307,0.04905622542398198,0.03808913268164792,0.7849943275663344,2.5540307133162745,0.3073550852280318,-1.1797515703681338,0.03808913268164792,0.3972298484429282,0.09588688471158623,-2.344586066491277,Healthcare,1
us_births/D/short|H=720|L=256|Hsrc=controlled|Lsrc=controlled|origins=shared_origin_v1:Hmax=720,joint-scaling,release,standard_hl_shared_origin_v1,us_births/D/short,Granite-FlowState-r1.1,flowstate,granite-timeseries-flowstate-r1.1,18.524928,18.524928,720,controlled,shared_origin_v1:Hmax=720,720,720,256,controlled,5865,6585,256,256,16,16,100,[],merged,2,1,1440,15049224.0,,100,,float32,native_horizon,720,,continuous_decoder,236654.82222222222,236654.82222222222,350.3833116319444,0.5367226093896282,0.033497291141086155,0.03368589878082275,4.547207106754336,486.4718103058205,0.04654854010016606,0.03352677644707793,0.027655967171474994,0.5367226093896282,2.5540307133162745,0.21014728076340247,-1.5599466571179277,0.027655967171474994,0.3972298484429282,0.06962207719254121,-2.664673560897119,Healthcare,1
us_births/D/short|H=720|L=512|Hsrc=controlled|Lsrc=controlled|origins=shared_origin_v1:Hmax=720,joint-scaling,release,standard_hl_shared_origin_v1,us_births/D/short,Granite-FlowState-r1.1,flowstate,granite-timeseries-flowstate-r1.1,18.524928,18.524928,720,controlled,shared_origin_v1:Hmax=720,720,720,512,controlled,5865,6585,475,475,16,16,100,[],merged,2,1,1440,15049224.0,,100,,float32,native_horizon,720,,continuous_decoder,245898.75555555554,245898.75555555554,359.1429253472222,0.5503556239223504,0.03468657334645589,0.03487642871008979,4.169503097565558,495.8817959509661,0.047448943956804095,0.0343649488172945,0.027158970946318715,0.5503556239223504,2.5540307133162745,0.215485123594204,-1.534863403866613,0.027158970946318715,0.3972298484429282,0.06837092190523232,-2.6828076630866105,Healthcare,1
us_births/D/short|H=720|L=1024|Hsrc=controlled|Lsrc=controlled|origins=shared_origin_v1:Hmax=720,joint-scaling,release,standard_hl_shared_origin_v1,us_births/D/short,Granite-FlowState-r1.1,flowstate,granite-timeseries-flowstate-r1.1,18.524928,18.524928,720,controlled,shared_origin_v1:Hmax=720,720,720,1024,controlled,5865,6585,475,475,16,16,100,[],merged,2,1,1440,15049224.0,,100,,float32,native_horizon,720,,continuous_decoder,245898.75555555554,245898.75555555554,359.1429253472222,0.5503556239223504,0.03468657334645589,0.03487642871008979,4.169503097565558,495.8817959509661,0.047448943956804095,0.0343649488172945,0.027158970946318715,0.5503556239223504,2.5540307133162745,0.215485123594204,-1.534863403866613,0.027158970946318715,0.3972298484429282,0.06837092190523232,-2.6828076630866105,Healthcare,1
us_births/D/short|H=720|L=2048|Hsrc=controlled|Lsrc=controlled|origins=shared_origin_v1:Hmax=720,joint-scaling,release,standard_hl_shared_origin_v1,us_births/D/short,Granite-FlowState-r1.1,flowstate,granite-timeseries-flowstate-r1.1,18.524928,18.524928,720,controlled,shared_origin_v1:Hmax=720,720,720,2048,controlled,5865,6585,475,475,16,16,100,[],merged,2,1,1440,15049224.0,,100,,float32,native_horizon,720,,continuous_decoder,245898.75555555554,245898.75555555554,359.1429253472222,0.5503556239223504,0.03468657334645589,0.03487642871008979,4.169503097565558,495.8817959509661,0.047448943956804095,0.0343649488172945,0.027158970946318715,0.5503556239223504,2.5540307133162745,0.215485123594204,-1.534863403866613,0.027158970946318715,0.3972298484429282,0.06837092190523232,-2.6828076630866105,Healthcare,1
us_births/D/short|H=720|L=4096|Hsrc=controlled|Lsrc=controlled|origins=shared_origin_v1:Hmax=720,joint-scaling,release,standard_hl_shared_origin_v1,us_births/D/short,Granite-FlowState-r1.1,flowstate,granite-timeseries-flowstate-r1.1,18.524928,18.524928,720,controlled,shared_origin_v1:Hmax=720,720,720,4096,controlled,5865,6585,475,475,16,16,100,[],merged,2,1,1440,15049224.0,,100,,float32,native_horizon,720,,continuous_decoder,245898.75555555554,245898.75555555554,359.1429253472222,0.5503556239223504,0.03468657334645589,0.03487642871008979,4.169503097565558,495.8817959509661,0.047448943956804095,0.0343649488172945,0.027158970946318715,0.5503556239223504,2.5540307133162745,0.215485123594204,-1.534863403866613,0.027158970946318715,0.3972298484429282,0.06837092190523232,-2.6828076630866105,Healthcare,1
